timestamp,open,high,low,close,volume
2025-12-20 00:00:00+00:00,0.37662747502326965,0.3766860067844391,0.3756183087825775,0.3757309317588806,0
2025-12-20 01:00:00+00:00,0.37572258710861206,0.3761369287967682,0.37413156032562256,0.37413156032562256,0
2025-12-20 02:00:00+00:00,0.3741203844547272,0.37479814887046814,0.3736470639705658,0.3744497001171112,0
2025-12-20 03:00:00+00:00,0.37444618344306946,0.37556061148643494,0.3741917014122009,0.3745010197162628,0
2025-12-20 04:00:00+00:00,0.37429580092430115,0.3743194043636322,0.37227970361709595,0.37228089570999146,0
2025-12-20 05:00:00+00:00,0.3722992539405823,0.37473759055137634,0.3722991347312927,0.3735843598842621,0
2025-12-20 06:00:00+00:00,0.3735513389110565,0.3735966384410858,0.37313714623451233,0.37327858805656433,0
2025-12-20 07:00:00+00:00,0.3732985556125641,0.3742508590221405,0.37266913056373596,0.3742326498031616,0
2025-12-20 08:00:00+00:00,0.3742363154888153,0.37785908579826355,0.3742363154888153,0.3764495253562927,0
2025-12-20 09:00:00+00:00,0.3764447271823883,0.3799325227737427,0.37639811635017395,0.379646897315979,231072
2025-12-20 10:00:00+00:00,0.37959402799606323,0.37959808111190796,0.3772295117378235,0.3775235712528229,0
2025-12-20 11:00:00+00:00,0.37761354446411133,0.37861067056655884,0.37739160656929016,0.3782055675983429,0
2025-12-20 12:00:00+00:00,0.37821197509765625,0.3783099949359894,0.37654927372932434,0.3768501281738281,0
2025-12-20 13:00:00+00:00,0.37686166167259216,0.3773341178894043,0.37522462010383606,0.3768783211708069,1969536
2025-12-20 14:00:00+00:00,0.376996248960495,0.3790009915828705,0.3753964602947235,0.3790009915828705,0
2025-12-20 15:00:00+00:00,0.3789983093738556,0.3789983093738556,0.3766113221645355,0.37739333510398865,0
2025-12-20 16:00:00+00:00,0.3773878216743469,0.37745150923728943,0.37584009766578674,0.3761957883834839,0
2025-12-20 17:00:00+00:00,0.37618717551231384,0.37644970417022705,0.37567219138145447,0.37586480379104614,0
2025-12-20 18:00:00+00:00,0.3758731186389923,0.37667715549468994,0.37587133049964905,0.37656792998313904,0
2025-12-20 19:00:00+00:00,0.3765571117401123,0.37670326232910156,0.3755207061767578,0.3755207061767578,0
2025-12-20 20:00:00+00:00,0.3755239248275757,0.37552908062934875,0.375238835811615,0.37552082538604736,0
2025-12-20 21:00:00+00:00,0.3755420446395874,0.3759595453739166,0.37478411197662354,0.3747861385345459,0
2025-12-20 22:00:00+00:00,0.37468284368515015,0.375506728887558,0.37353411316871643,0.3754996955394745,0
2025-12-20 23:00:00+00:00,0.37547677755355835,0.37547677755355835,0.37292349338531494,0.3730979859828949,3612992
2025-12-21 00:00:00+00:00,0.3730781674385071,0.37338000535964966,0.372188538312912,0.3723737895488739,297184
2025-12-21 01:00:00+00:00,0.37242528796195984,0.37242528796195984,0.37003129720687866,0.3701164424419403,4151488
2025-12-21 02:00:00+00:00,0.3700912892818451,0.37012913823127747,0.36786842346191406,0.36813437938690186,5469728
2025-12-21 03:00:00+00:00,0.36815473437309265,0.36994829773902893,0.36815473437309265,0.3695281147956848,764736
2025-12-21 04:00:00+00:00,0.36950185894966125,0.36950185894966125,0.3680521547794342,0.3680521547794342,0
2025-12-21 05:00:00+00:00,0.3680492639541626,0.3691041171550751,0.3679591715335846,0.3679658770561218,0
2025-12-21 06:00:00+00:00,0.3679664134979248,0.368675172328949,0.36786866188049316,0.36855340003967285,4223712
2025-12-21 07:00:00+00:00,0.368547648191452,0.368547648191452,0.36740484833717346,0.36758187413215637,259744
2025-12-21 08:00:00+00:00,0.36754849553108215,0.3709760308265686,0.3669773042201996,0.37065115571022034,6037984
2025-12-21 09:00:00+00:00,0.3706448972225189,0.37402889132499695,0.370265394449234,0.3733770549297333,9839392
2025-12-21 10:00:00+00:00,0.3733568489551544,0.3736368715763092,0.37038958072662354,0.370436429977417,5644288
2025-12-21 11:00:00+00:00,0.37043312191963196,0.370505690574646,0.36971423029899597,0.3698982298374176,2025600
2025-12-21 12:00:00+00:00,0.36989834904670715,0.37192365527153015,0.36745816469192505,0.3674759566783905,8899328
2025-12-21 13:00:00+00:00,0.3675820827484131,0.36773747205734253,0.35840335488319397,0.3584755063056946,40024320
2025-12-21 14:00:00+00:00,0.3584677278995514,0.3615416884422302,0.3583458960056305,0.36096858978271484,17040672
2025-12-21 15:00:00+00:00,0.3610124886035919,0.3611038625240326,0.3593127131462097,0.3609178960323334,4539168
2025-12-21 16:00:00+00:00,0.3609206974506378,0.36351460218429565,0.36060330271720886,0.36275631189346313,635872
2025-12-21 17:00:00+00:00,0.3627719283103943,0.3652382493019104,0.3627719283103943,0.36319229006767273,10408672
2025-12-21 18:00:00+00:00,0.3631707727909088,0.36325785517692566,0.36127665638923645,0.36325785517692566,6618912
2025-12-21 19:00:00+00:00,0.363264262676239,0.3649654686450958,0.363264262676239,0.3649654686450958,6739936
2025-12-21 20:00:00+00:00,0.3649754226207733,0.3651038706302643,0.3622177243232727,0.3622177243232727,0
2025-12-21 21:00:00+00:00,0.36221861839294434,0.3630441725254059,0.3603833317756653,0.36061394214630127,1306880
2025-12-21 22:00:00+00:00,0.3603892922401428,0.3642294406890869,0.3598712086677551,0.3642294406890869,11543520
2025-12-21 23:00:00+00:00,0.3642300069332123,0.367097407579422,0.3642300069332123,0.3659015893936157,11003040
2025-12-22 00:00:00+00:00,0.3659103214740753,0.3717239201068878,0.3659103214740753,0.3689608573913574,49664224
2025-12-22 01:00:00+00:00,0.36873942613601685,0.37134960293769836,0.36746951937675476,0.36746951937675476,12053024
2025-12-22 02:00:00+00:00,0.36746376752853394,0.36746376752853394,0.3633711040019989,0.3653680682182312,12554912
2025-12-22 03:00:00+00:00,0.36535096168518066,0.367826908826828,0.3644249439239502,0.3671179711818695,2682208
2025-12-22 04:00:00+00:00,0.3671107292175293,0.3676099479198456,0.36604970693588257,0.36696094274520874,4426848
2025-12-22 05:00:00+00:00,0.36698877811431885,0.36731281876564026,0.3658326268196106,0.3666017949581146,1932512
2025-12-22 06:00:00+00:00,0.36660605669021606,0.3671264350414276,0.36526450514793396,0.3666931390762329,6050080
2025-12-22 07:00:00+00:00,0.36664867401123047,0.3688339591026306,0.36628565192222595,0.3678845465183258,5015744
2025-12-22 08:00:00+00:00,0.36791855096817017,0.3705703616142273,0.3674522340297699,0.3682252764701843,0
2025-12-22 09:00:00+00:00,0.36822181940078735,0.36980751156806946,0.3679005801677704,0.369023859500885,0
2025-12-22 10:00:00+00:00,0.3690410554409027,0.36984556913375854,0.3684002757072449,0.3696447014808655,0
2025-12-22 11:00:00+00:00,0.36963874101638794,0.3710671663284302,0.3688299059867859,0.3709617555141449,3239328
2025-12-22 12:00:00+00:00,0.3709227442741394,0.37528717517852783,0.37091508507728577,0.3732501268386841,13611008
2025-12-22 13:00:00+00:00,0.3732547163963318,0.3743828535079956,0.3726564645767212,0.37356820702552795,0
2025-12-22 14:00:00+00:00,0.3735797107219696,0.37674498558044434,0.3731270134449005,0.37674498558044434,5516032
2025-12-22 15:00:00+00:00,0.3768295645713806,0.3795565962791443,0.37552934885025024,0.3789985775947571,40648320
2025-12-22 16:00:00+00:00,0.3789585828781128,0.38029271364212036,0.37788960337638855,0.37866732478141785,13440384
2025-12-22 17:00:00+00:00,0.378675252199173,0.37938010692596436,0.376997709274292,0.3780806362628937,1136128
2025-12-22 18:00:00+00:00,0.37807565927505493,0.37951111793518066,0.3772391974925995,0.37821316719055176,1037504
2025-12-22 19:00:00+00:00,0.3781124949455261,0.3781124949455261,0.36832258105278015,0.3683912754058838,20850944
2025-12-22 20:00:00+00:00,0.3684057593345642,0.3699381947517395,0.3663311004638672,0.36827588081359863,16326016
2025-12-22 21:00:00+00:00,0.36817553639411926,0.37220343947410583,0.36811527609825134,0.3707180917263031,6489792
2025-12-22 22:00:00+00:00,0.37072843313217163,0.37238261103630066,0.3692449629306793,0.3721795678138733,0
2025-12-22 23:00:00+00:00,0.3722537159919739,0.372344970703125,0.37027883529663086,0.37080690264701843,0
2025-12-23 00:00:00+00:00,0.37077465653419495,0.37332332134246826,0.37044546008110046,0.37269648909568787,0
2025-12-23 01:00:00+00:00,0.37267881631851196,0.37267881631851196,0.36933383345603943,0.3702287971973419,0
2025-12-23 02:00:00+00:00,0.3702336549758911,0.3714718818664551,0.36807727813720703,0.36818328499794006,0
2025-12-23 03:00:00+00:00,0.3680485486984253,0.3686513900756836,0.36653777956962585,0.3686513900756836,1758272
2025-12-23 04:00:00+00:00,0.36863499879837036,0.3686489462852478,0.3668298125267029,0.36684101819992065,0
2025-12-23 05:00:00+00:00,0.3668307363986969,0.3668307363986969,0.36439236998558044,0.36599501967430115,8141056
2025-12-23 06:00:00+00:00,0.36597999930381775,0.36604735255241394,0.3637916147708893,0.3650156855583191,0
2025-12-23 07:00:00+00:00,0.3650059700012207,0.36514121294021606,0.3643527626991272,0.36455389857292175,0
2025-12-23 08:00:00+00:00,0.36451324820518494,0.3651290535926819,0.3637266755104065,0.3637603223323822,0
2025-12-23 09:00:00+00:00,0.36378052830696106,0.3642669916152954,0.3629751205444336,0.3642299473285675,0
2025-12-23 10:00:00+00:00,0.3642224669456482,0.3664052486419678,0.3636917769908905,0.36614030599594116,1528864
2025-12-23 11:00:00+00:00,0.36613887548446655,0.3679870367050171,0.3660219609737396,0.3671582043170929,0
2025-12-23 12:00:00+00:00,0.3671465814113617,0.3671465814113617,0.3643663823604584,0.3651490807533264,0
2025-12-23 13:00:00+00:00,0.3650468587875366,0.3650468587875366,0.36162808537483215,0.36166781187057495,8739712
2025-12-23 14:00:00+00:00,0.36158859729766846,0.36262622475624084,0.3563430905342102,0.3563430905342102,13300288
2025-12-23 15:00:00+00:00,0.35683539509773254,0.3621351718902588,0.35683539509773254,0.3606419265270233,0
2025-12-23 16:00:00+00:00,0.3606679439544678,0.3645074665546417,0.36053895950317383,0.3642786741256714,0
2025-12-23 17:00:00+00:00,0.3642825782299042,0.3645595610141754,0.36113178730010986,0.36113178730010986,0
2025-12-23 18:00:00+00:00,0.36076441407203674,0.3640018105506897,0.3602478504180908,0.3636881709098816,4408864
2025-12-23 19:00:00+00:00,0.36366474628448486,0.3638196885585785,0.36089959740638733,0.36103689670562744,0
2025-12-23 20:00:00+00:00,0.3610742390155792,0.36504697799682617,0.3607632517814636,0.36333155632019043,0
2025-12-23 21:00:00+00:00,0.3632813096046448,0.36385035514831543,0.3619411885738373,0.3634246587753296,0
2025-12-23 22:00:00+00:00,0.3634338974952698,0.3639381229877472,0.3612866699695587,0.3616584241390228,0
2025-12-23 23:00:00+00:00,0.3616955876350403,0.3633235991001129,0.36132118105888367,0.3628409802913666,33248
2025-12-24 00:00:00+00:00,0.3628228008747101,0.36296388506889343,0.362287312746048,0.36289742588996887,3038752
2025-12-24 01:00:00+00:00,0.36291036009788513,0.36428025364875793,0.36191365122795105,0.36197713017463684,0
2025-12-24 02:00:00+00:00,0.36195501685142517,0.36195501685142517,0.3582095205783844,0.3589284121990204,19932832
2025-12-24 03:00:00+00:00,0.35892271995544434,0.35991910099983215,0.35718026757240295,0.35982945561408997,3549728
2025-12-24 04:00:00+00:00,0.3598344326019287,0.3611043095588684,0.35793307423591614,0.3579331040382385,1257280
2025-12-24 05:00:00+00:00,0.35792651772499084,0.35819685459136963,0.35597166419029236,0.35597166419029236,15280064
2025-12-24 06:00:00+00:00,0.3558962047100067,0.3569623529911041,0.3547433018684387,0.35660451650619507,6126272
2025-12-24 07:00:00+00:00,0.356610506772995,0.35746365785598755,0.3565167784690857,0.3567431569099426,0
2025-12-24 08:00:00+00:00,0.3567047119140625,0.3567047119140625,0.35508015751838684,0.35535719990730286,1165408
2025-12-24 09:00:00+00:00,0.35535693168640137,0.3564881980419159,0.35535693168640137,0.3557400107383728,0
2025-12-24 10:00:00+00:00,0.3557378351688385,0.3572158217430115,0.3555174469947815,0.35684317350387573,0
2025-12-24 11:00:00+00:00,0.3567483723163605,0.3590863347053528,0.3566003739833832,0.35853034257888794,0
2025-12-24 12:00:00+00:00,0.3585282862186432,0.35876551270484924,0.35808494687080383,0.3587598502635956,0
2025-12-24 13:00:00+00:00,0.35873720049858093,0.35873720049858093,0.3566947281360626,0.35693657398223877,0
2025-12-24 14:00:00+00:00,0.35693424940109253,0.35798701643943787,0.3541606366634369,0.3541606366634369,0
2025-12-24 15:00:00+00:00,0.35383275151252747,0.3559715151786804,0.35314682126045227,0.3550459146499634,0
2025-12-24 16:00:00+00:00,0.3551423251628876,0.35699743032455444,0.354440301656723,0.35584181547164917,0
2025-12-24 17:00:00+00:00,0.3558809459209442,0.35671281814575195,0.3551618754863739,0.35516557097435,0
2025-12-24 18:00:00+00:00,0.3549130856990814,0.35585910081863403,0.3546077013015747,0.3554938733577728,0
2025-12-24 19:00:00+00:00,0.35548901557922363,0.3559160828590393,0.35472017526626587,0.3558354079723358,502496
2025-12-24 20:00:00+00:00,0.3558345139026642,0.3569219410419464,0.35486531257629395,0.35486531257629395,0
2025-12-24 21:00:00+00:00,0.3549743592739105,0.3564838171005249,0.3549743592739105,0.3559585213661194,558400
2025-12-24 22:00:00+00:00,0.35601285099983215,0.3581836223602295,0.3558606207370758,0.3581652343273163,5472064
2025-12-24 23:00:00+00:00,0.3581596910953522,0.3582208752632141,0.3561316430568695,0.35641252994537354,0
2025-12-25 00:00:00+00:00,0.35641148686408997,0.3565009534358978,0.3549949526786804,0.3549949526786804,0
2025-12-25 01:00:00+00:00,0.3549865186214447,0.3576316237449646,0.3549363315105438,0.35713982582092285,0
2025-12-25 02:00:00+00:00,0.3571301996707916,0.35993248224258423,0.35668399930000305,0.35983210802078247,0
2025-12-25 03:00:00+00:00,0.36002710461616516,0.36028531193733215,0.3590207099914551,0.36023178696632385,0
2025-12-25 04:00:00+00:00,0.36024314165115356,0.3608246445655823,0.3598494529724121,0.36043107509613037,539520
2025-12-25 05:00:00+00:00,0.360422283411026,0.360422283411026,0.3594804108142853,0.35950636863708496,0
2025-12-25 06:00:00+00:00,0.35950127243995667,0.36056891083717346,0.3592112064361572,0.3605399429798126,0
2025-12-25 07:00:00+00:00,0.36052417755126953,0.36052417755126953,0.35872408747673035,0.3589983582496643,0
2025-12-25 08:00:00+00:00,0.3589971363544464,0.36004745960235596,0.3573119342327118,0.3577704131603241,4025376
2025-12-25 09:00:00+00:00,0.3577617108821869,0.3577617108821869,0.35647881031036377,0.3565380871295929,0
2025-12-25 10:00:00+00:00,0.35653290152549744,0.35653290152549744,0.3504146635532379,0.35046184062957764,19489376
2025-12-25 11:00:00+00:00,0.350484699010849,0.35113558173179626,0.3501201868057251,0.3510451316833496,10889088
2025-12-25 12:00:00+00:00,0.35104480385780334,0.3510975241661072,0.3502967357635498,0.3510975241661072,5986272
2025-12-25 13:00:00+00:00,0.35111626982688904,0.3518265187740326,0.3501816391944885,0.35141438245773315,11156928
2025-12-25 14:00:00+00:00,0.35141515731811523,0.35160425305366516,0.35054436326026917,0.35105976462364197,0
2025-12-25 15:00:00+00:00,0.3509896397590637,0.35828304290771484,0.3507489562034607,0.35749566555023193,21247168
2025-12-25 16:00:00+00:00,0.3574248254299164,0.35787421464920044,0.3541657328605652,0.35419583320617676,6543616
2025-12-25 17:00:00+00:00,0.35411328077316284,0.35458454489707947,0.35327544808387756,0.35458454489707947,5747840
2025-12-25 18:00:00+00:00,0.35458168387413025,0.35804736614227295,0.35458168387413025,0.3579378128051758,11312288
2025-12-25 19:00:00+00:00,0.35790079832077026,0.3592957854270935,0.3573441207408905,0.35926783084869385,4220800
2025-12-25 20:00:00+00:00,0.35924607515335083,0.35931745171546936,0.3570592701435089,0.3570592701435089,2226560
2025-12-25 21:00:00+00:00,0.35710880160331726,0.3584272563457489,0.3569483160972595,0.3580724895000458,89920
2025-12-25 22:00:00+00:00,0.3580799996852875,0.3580799996852875,0.3452746570110321,0.34631434082984924,39835392
2025-12-25 23:00:00+00:00,0.346362829208374,0.346362829208374,0.34261101484298706,0.3432210683822632,39200256
2025-12-26 00:00:00+00:00,0.34322333335876465,0.3441234529018402,0.3420625925064087,0.3423539996147156,23242336
2025-12-26 01:00:00+00:00,0.3424725830554962,0.34587323665618896,0.3424725830554962,0.3458511233329773,22180864
2025-12-26 02:00:00+00:00,0.34579893946647644,0.35691332817077637,0.34544169902801514,0.354691743850708,51360384
2025-12-26 03:00:00+00:00,0.35470056533813477,0.35495030879974365,0.35146716237068176,0.3528812825679779,11085376
2025-12-26 04:00:00+00:00,0.3528697192668915,0.35394206643104553,0.35135069489479065,0.35354939103126526,2309376
2025-12-26 05:00:00+00:00,0.3535483479499817,0.3535556197166443,0.352488249540329,0.35323238372802734,7049856
2025-12-26 06:00:00+00:00,0.3532734215259552,0.3567946255207062,0.3532734215259552,0.3548678755760193,35865088
2025-12-26 07:00:00+00:00,0.3548809885978699,0.35581594705581665,0.351788729429245,0.35181012749671936,11491712
2025-12-26 08:00:00+00:00,0.35183897614479065,0.3533092737197876,0.35183897614479065,0.3531034290790558,0
2025-12-26 09:00:00+00:00,0.3531314432621002,0.3549050986766815,0.3531314432621002,0.3548988401889801,4878336
2025-12-26 10:00:00+00:00,0.3548876643180847,0.35574281215667725,0.3544861376285553,0.35550805926322937,0
2025-12-26 11:00:00+00:00,0.35549068450927734,0.35549959540367126,0.35477977991104126,0.35501334071159363,0
2025-12-26 12:00:00+00:00,0.3550233542919159,0.3563448190689087,0.35500437021255493,0.356274276971817,9887104
2025-12-26 13:00:00+00:00,0.3562764525413513,0.3571719527244568,0.35607099533081055,0.3570707440376282,0
2025-12-26 14:00:00+00:00,0.35707464814186096,0.35707464814186096,0.34987446665763855,0.34987446665763855,4453120
2025-12-26 15:00:00+00:00,0.34978801012039185,0.34978801012039185,0.34657207131385803,0.3467790484428406,0
2025-12-26 16:00:00+00:00,0.3468155562877655,0.3475472331047058,0.34524479508399963,0.34524479508399963,0
2025-12-26 17:00:00+00:00,0.34518343210220337,0.3487149477005005,0.34493565559387207,0.3479152321815491,3348800
2025-12-26 18:00:00+00:00,0.3478996455669403,0.3498265743255615,0.3478996455669403,0.3490038812160492,0
2025-12-26 19:00:00+00:00,0.34901145100593567,0.35024842619895935,0.34899815917015076,0.34969180822372437,0
2025-12-26 20:00:00+00:00,0.3498214781284332,0.3505896329879761,0.34931525588035583,0.34996122121810913,0
2025-12-26 21:00:00+00:00,0.3499218821525574,0.3502529263496399,0.34949469566345215,0.3501264452934265,0
2025-12-26 22:00:00+00:00,0.3499562442302704,0.3499562442302704,0.34907546639442444,0.34971746802330017,0
2025-12-26 23:00:00+00:00,0.3498073220252991,0.35036027431488037,0.349576860666275,0.349576860666275,0
2025-12-27 00:00:00+00:00,0.3494485020637512,0.35059478878974915,0.3490142524242401,0.35058829188346863,0
2025-12-27 01:00:00+00:00,0.3505846858024597,0.3518229126930237,0.3505846858024597,0.3515510559082031,0
2025-12-27 02:00:00+00:00,0.35156968235969543,0.35288649797439575,0.35092732310295105,0.35281065106391907,0
2025-12-27 03:00:00+00:00,0.3528038561344147,0.3547936677932739,0.351934015750885,0.35435950756073,0
2025-12-27 04:00:00+00:00,0.3543607294559479,0.35450971126556396,0.3528052270412445,0.3528052270412445,0
2025-12-27 05:00:00+00:00,0.3528594672679901,0.3534563481807709,0.35234564542770386,0.35345005989074707,0
2025-12-27 06:00:00+00:00,0.3535637855529785,0.35380828380584717,0.3527035117149353,0.35279738903045654,0
2025-12-27 07:00:00+00:00,0.35281991958618164,0.35372471809387207,0.35208234190940857,0.35208234190940857,0
2025-12-27 08:00:00+00:00,0.35207369923591614,0.35341140627861023,0.35207369923591614,0.35317331552505493,0
2025-12-27 09:00:00+00:00,0.353167861700058,0.3539784252643585,0.3531428575515747,0.3538670539855957,0
2025-12-27 10:00:00+00:00,0.3538626432418823,0.354494571685791,0.35296493768692017,0.3535209894180298,5327520
2025-12-27 11:00:00+00:00,0.35390448570251465,0.3548462688922882,0.35390448570251465,0.3548462688922882,1543552
2025-12-27 12:00:00+00:00,0.35652515292167664,0.3582194447517395,0.356412798166275,0.35729101300239563,1508064
2025-12-27 13:00:00+00:00,0.35736656188964844,0.3573726713657379,0.35576972365379333,0.3557809591293335,0
2025-12-27 14:00:00+00:00,0.3557741045951843,0.3565199375152588,0.35556760430336,0.35648876428604126,0
2025-12-27 15:00:00+00:00,0.3564709424972534,0.3568439483642578,0.35577842593193054,0.35678040981292725,0
2025-12-27 16:00:00+00:00,0.35676702857017517,0.3571797311306,0.35616064071655273,0.35616064071655273,0
2025-12-27 17:00:00+00:00,0.3561287224292755,0.35738682746887207,0.3558802902698517,0.35738682746887207,0
2025-12-27 18:00:00+00:00,0.3573637008666992,0.3575733006000519,0.35629698634147644,0.35645154118537903,0
2025-12-27 19:00:00+00:00,0.35645192861557007,0.35761627554893494,0.3563483953475952,0.35739487409591675,0
2025-12-27 20:00:00+00:00,0.3574049472808838,0.36394062638282776,0.3574049472808838,0.36165404319763184,43059552
2025-12-27 21:00:00+00:00,0.3616555333137512,0.36478641629219055,0.3616555333137512,0.36341750621795654,11657984
2025-12-27 22:00:00+00:00,0.3636862635612488,0.36550024151802063,0.3634718954563141,0.36477914452552795,4743680
2025-12-27 23:00:00+00:00,0.3647089898586273,0.36955270171165466,0.3647089898586273,0.36955270171165466,22177792
2025-12-28 00:00:00+00:00,0.369536817073822,0.36985862255096436,0.36810237169265747,0.3688298761844635,13966432
2025-12-28 01:00:00+00:00,0.36885157227516174,0.3698151111602783,0.36792850494384766,0.3688291609287262,6389888
2025-12-28 02:00:00+00:00,0.3688323199748993,0.370303750038147,0.36874911189079285,0.36912888288497925,4328672
2025-12-28 03:00:00+00:00,0.3691231906414032,0.36948758363723755,0.3686830997467041,0.36948758363723755,0
2025-12-28 04:00:00+00:00,0.369489461183548,0.3700631558895111,0.3693024814128876,0.3697776794433594,0
2025-12-28 05:00:00+00:00,0.36977872252464294,0.3714549243450165,0.3695462942123413,0.3708241879940033,9084960
2025-12-28 06:00:00+00:00,0.3708244860172272,0.3743157982826233,0.37044060230255127,0.3742280602455139,27805792
2025-12-28 07:00:00+00:00,0.3741758465766907,0.3747107982635498,0.37360385060310364,0.37384116649627686,11041088
2025-12-28 08:00:00+00:00,0.3738324046134949,0.37471526861190796,0.37346944212913513,0.37370070815086365,2328896
2025-12-28 09:00:00+00:00,0.3736574351787567,0.3736574351787567,0.37002331018447876,0.37002331018447876,10032512
2025-12-28 10:00:00+00:00,0.3700578510761261,0.37116530537605286,0.3700578510761261,0.370124876499176,0
2025-12-28 11:00:00+00:00,0.37011244893074036,0.37170204520225525,0.37011244893074036,0.3710044324398041,3401728
2025-12-28 12:00:00+00:00,0.37100380659103394,0.37113744020462036,0.36967867612838745,0.36967867612838745,0
2025-12-28 13:00:00+00:00,0.369589626789093,0.3696964383125305,0.36895155906677246,0.369136780500412,2286176
2025-12-28 14:00:00+00:00,0.3691348135471344,0.37110716104507446,0.3690853416919708,0.3707338571548462,7697728
2025-12-28 15:00:00+00:00,0.3707493841648102,0.3715522885322571,0.3693810701370239,0.3693810701370239,1297472
2025-12-28 16:00:00+00:00,0.3693687617778778,0.37060844898223877,0.3693687617778778,0.36961525678634644,669120
2025-12-28 17:00:00+00:00,0.36961838603019714,0.37075626850128174,0.3693528473377228,0.3693528473377228,0
2025-12-28 18:00:00+00:00,0.3693300783634186,0.3693754971027374,0.3635208308696747,0.3635208308696747,32738240
2025-12-28 19:00:00+00:00,0.36349448561668396,0.36374127864837646,0.36262479424476624,0.362985759973526,11073760
2025-12-28 20:00:00+00:00,0.36287471652030945,0.3635011613368988,0.36189737915992737,0.3629721999168396,0
2025-12-28 21:00:00+00:00,0.3629443347454071,0.3636186122894287,0.3623075485229492,0.3633483648300171,0
2025-12-28 22:00:00+00:00,0.36333614587783813,0.3657083511352539,0.36300235986709595,0.3657083511352539,0
2025-12-28 23:00:00+00:00,0.3656148910522461,0.3685270845890045,0.3640191853046417,0.368493914604187,8347776
2025-12-29 00:00:00+00:00,0.3685711622238159,0.3728022873401642,0.367678701877594,0.3720391094684601,41269952
2025-12-29 01:00:00+00:00,0.3720075786113739,0.37399208545684814,0.36899515986442566,0.3735673427581787,14478592
2025-12-29 02:00:00+00:00,0.37363314628601074,0.3776344954967499,0.37363314628601074,0.37665432691574097,23440064
2025-12-29 03:00:00+00:00,0.3766084611415863,0.3808741271495819,0.376225084066391,0.3808741271495819,39732928
2025-12-29 04:00:00+00:00,0.38079002499580383,0.38258975744247437,0.38050466775894165,0.38145264983177185,20296768
2025-12-29 05:00:00+00:00,0.38142555952072144,0.3819376230239868,0.3796292543411255,0.3799610435962677,16399296
2025-12-29 06:00:00+00:00,0.37959057092666626,0.37959057092666626,0.3762717843055725,0.37630167603492737,0
2025-12-29 07:00:00+00:00,0.37635689973831177,0.37657156586647034,0.3745298385620117,0.3758102059364319,8090432
2025-12-29 08:00:00+00:00,0.37573736906051636,0.37666261196136475,0.37449944019317627,0.3745262324810028,6775104
2025-12-29 09:00:00+00:00,0.37458398938179016,0.3753330707550049,0.3677452802658081,0.3688569962978363,13606336
2025-12-29 10:00:00+00:00,0.36889180541038513,0.3709019720554352,0.36889180541038513,0.3702649474143982,10057856
2025-12-29 11:00:00+00:00,0.3699609339237213,0.37042537331581116,0.36923471093177795,0.3692980110645294,0
2025-12-29 12:00:00+00:00,0.36925384402275085,0.36925384402275085,0.36284199357032776,0.3651866018772125,31570624
2025-12-29 13:00:00+00:00,0.36519381403923035,0.3656058609485626,0.3635062575340271,0.36364397406578064,2278784
2025-12-29 14:00:00+00:00,0.36367267370224,0.36837828159332275,0.36364927887916565,0.36551401019096375,23918656
2025-12-29 15:00:00+00:00,0.365425705909729,0.3668181598186493,0.3644990026950836,0.36503100395202637,15876032
2025-12-29 16:00:00+00:00,0.3650263845920563,0.3650803864002228,0.3596879839897156,0.3597886562347412,22135168
2025-12-29 17:00:00+00:00,0.3597544729709625,0.36038774251937866,0.35842034220695496,0.35959523916244507,26455936
2025-12-29 18:00:00+00:00,0.35957273840904236,0.35957273840904236,0.3549724519252777,0.3549838960170746,0
2025-12-29 19:00:00+00:00,0.3549812138080597,0.35648399591445923,0.3531038165092468,0.3531038165092468,11737728
2025-12-29 20:00:00+00:00,0.35304489731788635,0.3532573878765106,0.3506004512310028,0.35132649540901184,14942208
2025-12-29 21:00:00+00:00,0.35135188698768616,0.3528434634208679,0.35135188698768616,0.35249218344688416,6785792
2025-12-29 22:00:00+00:00,0.3524847626686096,0.35462048649787903,0.3520525097846985,0.3542296290397644,4378624
2025-12-29 23:00:00+00:00,0.3542056083679199,0.3542056083679199,0.3527608811855316,0.35291481018066406,0
2025-12-30 00:00:00+00:00,0.35291600227355957,0.3536764681339264,0.35257217288017273,0.3536764681339264,0
2025-12-30 01:00:00+00:00,0.35369518399238586,0.35454893112182617,0.3525412082672119,0.3525412082672119,0
2025-12-30 02:00:00+00:00,0.35250934958457947,0.35250934958457947,0.3493271768093109,0.35008054971694946,0
2025-12-30 03:00:00+00:00,0.3500962555408478,0.352389395236969,0.3500962555408478,0.3523530066013336,0
2025-12-30 04:00:00+00:00,0.3523193895816803,0.3528425395488739,0.35162127017974854,0.35232603549957275,0
2025-12-30 05:00:00+00:00,0.35218825936317444,0.35218825936317444,0.35080471634864807,0.3510393500328064,0
2025-12-30 06:00:00+00:00,0.35101670026779175,0.3522363305091858,0.35072094202041626,0.351260244846344,0
2025-12-30 07:00:00+00:00,0.3512513041496277,0.35249200463294983,0.35098719596862793,0.3514323830604553,0
2025-12-30 08:00:00+00:00,0.3514508306980133,0.3559171259403229,0.3514508306980133,0.3547135591506958,8358848
2025-12-30 09:00:00+00:00,0.3547271192073822,0.355672150850296,0.35442715883255005,0.3554297089576721,0
2025-12-30 10:00:00+00:00,0.35541781783103943,0.355458527803421,0.35376453399658203,0.35376453399658203,0
2025-12-30 11:00:00+00:00,0.35376983880996704,0.35376983880996704,0.35194528102874756,0.3519726097583771,0
2025-12-30 12:00:00+00:00,0.35196825861930847,0.35331615805625916,0.35195818543434143,0.3526977598667145,0
2025-12-30 13:00:00+00:00,0.3527093231678009,0.3530886173248291,0.35234594345092773,0.35290494561195374,0
2025-12-30 14:00:00+00:00,0.35292041301727295,0.3550419509410858,0.3510894775390625,0.3550419509410858,0
2025-12-30 15:00:00+00:00,0.35501712560653687,0.3551771640777588,0.35184821486473083,0.3538496494293213,5269440
2025-12-30 16:00:00+00:00,0.3538508713245392,0.3546111583709717,0.3521154522895813,0.3530197739601135,0
2025-12-30 17:00:00+00:00,0.3530184030532837,0.35365116596221924,0.3522740602493286,0.3526986539363861,0
2025-12-30 18:00:00+00:00,0.35264864563941956,0.3527180850505829,0.35154321789741516,0.3517867922782898,0
2025-12-30 19:00:00+00:00,0.35177505016326904,0.35177505016326904,0.35064697265625,0.35097700357437134,0
2025-12-30 20:00:00+00:00,0.3509719967842102,0.3509719967842102,0.34936434030532837,0.34936434030532837,0
2025-12-30 21:00:00+00:00,0.3492263853549957,0.3499770164489746,0.3490850627422333,0.3499770164489746,0
2025-12-30 22:00:00+00:00,0.3499826192855835,0.3506285846233368,0.34944576025009155,0.35041874647140503,0
2025-12-30 23:00:00+00:00,0.3504219055175781,0.35132408142089844,0.350290983915329,0.35111725330352783,0
2025-12-31 00:00:00+00:00,0.35110199451446533,0.35110199451446533,0.3494030833244324,0.3502941429615021,0
2025-12-31 01:00:00+00:00,0.35040175914764404,0.35289204120635986,0.35040175914764404,0.35172802209854126,0
2025-12-31 02:00:00+00:00,0.3514358699321747,0.352691113948822,0.3511433005332947,0.35264483094215393,0
2025-12-31 03:00:00+00:00,0.3526517450809479,0.3526981770992279,0.350789338350296,0.3510882556438446,0
2025-12-31 04:00:00+00:00,0.3510916531085968,0.35210591554641724,0.3510916531085968,0.35197335481643677,3465472
2025-12-31 05:00:00+00:00,0.35197073221206665,0.3529110550880432,0.3519400358200073,0.35271966457366943,3351296
2025-12-31 06:00:00+00:00,0.3527250587940216,0.3527543544769287,0.3510265648365021,0.3516211211681366,15421952
2025-12-31 07:00:00+00:00,0.35161468386650085,0.35161468386650085,0.35038214921951294,0.35067281126976013,0
2025-12-31 08:00:00+00:00,0.35067513585090637,0.35101914405822754,0.348805695772171,0.3488289415836334,0
2025-12-31 09:00:00+00:00,0.3488384485244751,0.349405437707901,0.3487856388092041,0.34940269589424133,0
2025-12-31 10:00:00+00:00,0.34940317273139954,0.3498782515525818,0.3491963744163513,0.3495357036590576,0
2025-12-31 11:00:00+00:00,0.34953734278678894,0.3518369495868683,0.34953734278678894,0.3515488803386688,3138240
2025-12-31 12:00:00+00:00,0.3515630066394806,0.3515630066394806,0.34922224283218384,0.34934496879577637,0
2025-12-31 13:00:00+00:00,0.3493678867816925,0.3500004708766937,0.34772393107414246,0.34835201501846313,11552064
2025-12-31 14:00:00+00:00,0.34835925698280334,0.3501175343990326,0.34744730591773987,0.34772560000419617,0
2025-12-31 15:00:00+00:00,0.34770694375038147,0.34770694375038147,0.34160393476486206,0.34193581342697144,24622592
2025-12-31 16:00:00+00:00,0.3419208824634552,0.3419208824634552,0.3335435688495636,0.3338112533092499,60350912
2025-12-31 17:00:00+00:00,0.33381012082099915,0.3346167206764221,0.3329605162143707,0.33332154154777527,12492992
2025-12-31 18:00:00+00:00,0.333324134349823,0.33494457602500916,0.3329869508743286,0.3329869508743286,9906240
2025-12-31 19:00:00+00:00,0.33298027515411377,0.33353546261787415,0.332145631313324,0.332145631313324,544512
2025-12-31 20:00:00+00:00,0.3320313096046448,0.3335428535938263,0.3303895890712738,0.3335428535938263,16592768
2025-12-31 21:00:00+00:00,0.33348000049591064,0.33375120162963867,0.332349956035614,0.3333427309989929,10041856
2025-12-31 22:00:00+00:00,0.33333754539489746,0.33333754539489746,0.33240050077438354,0.33278384804725647,10899584
2025-12-31 23:00:00+00:00,0.3327825665473938,0.3330434262752533,0.33227217197418213,0.3328360617160797,13623104
2026-01-01 00:00:00+00:00,0.33283838629722595,0.3341834247112274,0.33283838629722595,0.33364707231521606,11010880
2026-01-01 01:00:00+00:00,0.3336540758609772,0.3345595598220825,0.33272629976272583,0.33283692598342896,0
2026-01-01 02:00:00+00:00,0.3327813744544983,0.33305972814559937,0.3323327302932739,0.3323623538017273,0
2026-01-01 03:00:00+00:00,0.33222970366477966,0.33303987979888916,0.3321567177772522,0.3322683572769165,5995968
2026-01-01 04:00:00+00:00,0.3322332799434662,0.3323805630207062,0.33178240060806274,0.3320043981075287,696128
2026-01-01 05:00:00+00:00,0.332001656293869,0.3365534245967865,0.33198922872543335,0.3359571397304535,16689856
2026-01-01 06:00:00+00:00,0.33596885204315186,0.3360932767391205,0.3356488347053528,0.3357944190502167,0
2026-01-01 07:00:00+00:00,0.33579325675964355,0.33714064955711365,0.33579325675964355,0.3360832631587982,0
2026-01-01 08:00:00+00:00,0.33605265617370605,0.33695459365844727,0.3359453082084656,0.33695459365844727,0
2026-01-01 09:00:00+00:00,0.3370722234249115,0.3398839235305786,0.3370722234249115,0.3384501338005066,6343616
2026-01-01 10:00:00+00:00,0.3384617567062378,0.33865225315093994,0.33821383118629456,0.3383328318595886,0
2026-01-01 11:00:00+00:00,0.33831557631492615,0.33975377678871155,0.3382781147956848,0.33975377678871155,0
2026-01-01 12:00:00+00:00,0.3397989869117737,0.3401651382446289,0.339074969291687,0.3392960727214813,0
2026-01-01 13:00:00+00:00,0.33928921818733215,0.34193480014801025,0.33923178911209106,0.3418457508087158,0
2026-01-01 14:00:00+00:00,0.34185269474983215,0.3435799479484558,0.34185269474983215,0.34323209524154663,2041728
2026-01-01 15:00:00+00:00,0.3432212173938751,0.34663864970207214,0.3429480195045471,0.3466200828552246,0
2026-01-01 16:00:00+00:00,0.34661588072776794,0.34802570939064026,0.3457787036895752,0.34759795665740967,0
2026-01-01 17:00:00+00:00,0.34766167402267456,0.3521787226200104,0.34766167402267456,0.3509178161621094,595200
2026-01-01 18:00:00+00:00,0.3509441316127777,0.35154637694358826,0.3496720492839813,0.35112711787223816,0
2026-01-01 19:00:00+00:00,0.3511090874671936,0.3566270172595978,0.3511090874671936,0.35662564635276794,12753152
2026-01-01 20:00:00+00:00,0.35663822293281555,0.3588603138923645,0.35557639598846436,0.3564831614494324,7766528
2026-01-01 21:00:00+00:00,0.3564794957637787,0.35660481452941895,0.3556702733039856,0.35605907440185547,1839360
2026-01-01 22:00:00+00:00,0.3560517728328705,0.3572953939437866,0.35561129450798035,0.35704371333122253,0
2026-01-01 23:00:00+00:00,0.35701072216033936,0.35739666223526,0.35619768500328064,0.35621216893196106,64384
2026-01-02 00:00:00+00:00,0.35619282722473145,0.3566405475139618,0.3547731041908264,0.35532626509666443,589568
2026-01-02 01:00:00+00:00,0.3553657531738281,0.3567076325416565,0.35518401861190796,0.3558788299560547,0
2026-01-02 02:00:00+00:00,0.3558495044708252,0.35797855257987976,0.35550838708877563,0.35797855257987976,0
2026-01-02 03:00:00+00:00,0.35794347524642944,0.36201438307762146,0.3578997552394867,0.36130714416503906,11355168
2026-01-02 04:00:00+00:00,0.3614027202129364,0.3625833988189697,0.3591128885746002,0.3598427176475525,12891200
2026-01-02 05:00:00+00:00,0.3598172664642334,0.3598172664642334,0.35703906416893005,0.3578987121582031,0
2026-01-02 06:00:00+00:00,0.3578653335571289,0.35818225145339966,0.35724496841430664,0.3578246235847473,0
2026-01-02 07:00:00+00:00,0.3578365445137024,0.3579130172729492,0.3551732897758484,0.35531941056251526,0
2026-01-02 08:00:00+00:00,0.35530585050582886,0.3568785488605499,0.35523954033851624,0.35676127672195435,3868160
2026-01-02 09:00:00+00:00,0.3567849397659302,0.36445698142051697,0.3567849397659302,0.36411359906196594,27400160
2026-01-02 10:00:00+00:00,0.3642200827598572,0.3655405044555664,0.36372110247612,0.364092081785202,34469568
2026-01-02 11:00:00+00:00,0.3640872538089752,0.3641335368156433,0.35992753505706787,0.36044663190841675,13441280
2026-01-02 12:00:00+00:00,0.36043456196784973,0.3639224171638489,0.3590553104877472,0.36388304829597473,12750528
2026-01-02 13:00:00+00:00,0.3637888431549072,0.36541232466697693,0.3633865714073181,0.3644808232784271,12210368
2026-01-02 14:00:00+00:00,0.3644110858440399,0.36880531907081604,0.36192789673805237,0.36731579899787903,50355776
2026-01-02 15:00:00+00:00,0.36750495433807373,0.3735877573490143,0.36602723598480225,0.3712669610977173,39801920
2026-01-02 16:00:00+00:00,0.3711921274662018,0.38739410042762756,0.3711921274662018,0.38739410042762756,83492352
2026-01-02 17:00:00+00:00,0.38748833537101746,0.39070436358451843,0.38730257749557495,0.38835230469703674,73552320
2026-01-02 18:00:00+00:00,0.3883552849292755,0.38839659094810486,0.3811767101287842,0.38164108991622925,28066240
2026-01-02 19:00:00+00:00,0.3816016912460327,0.38840657472610474,0.3815292418003082,0.38837236166000366,15924608
2026-01-02 20:00:00+00:00,0.3883679509162903,0.38846611976623535,0.38552990555763245,0.3856770396232605,0
2026-01-02 21:00:00+00:00,0.3856334686279297,0.39031895995140076,0.3856334686279297,0.39029186964035034,12367680
2026-01-02 22:00:00+00:00,0.39029133319854736,0.39469295740127563,0.39029133319854736,0.39448025822639465,29294080
2026-01-02 23:00:00+00:00,0.39445197582244873,0.395630806684494,0.39321932196617126,0.39376088976860046,11152064
2026-01-03 00:00:00+00:00,0.3939078152179718,0.39745327830314636,0.3939078152179718,0.39557769894599915,19206720
2026-01-03 01:00:00+00:00,0.3955017924308777,0.3955017924308777,0.3931027948856354,0.39363667368888855,6142336
2026-01-03 02:00:00+00:00,0.39361363649368286,0.3963492214679718,0.3918638229370117,0.3963492214679718,13165952
2026-01-03 03:00:00+00:00,0.3963482975959778,0.39824339747428894,0.39438220858573914,0.39822763204574585,0
2026-01-03 04:00:00+00:00,0.3981668949127197,0.3983343839645386,0.3964475095272064,0.3967387080192566,0
2026-01-03 05:00:00+00:00,0.39697983860969543,0.39783287048339844,0.3925118148326874,0.39288052916526794,5164544
2026-01-03 06:00:00+00:00,0.3928585648536682,0.39457058906555176,0.3902602195739746,0.3907506763935089,18675584
2026-01-03 07:00:00+00:00,0.3907487988471985,0.3913060426712036,0.3842346966266632,0.3842346966266632,44871680
2026-01-03 08:00:00+00:00,0.38403549790382385,0.3870105743408203,0.38371479511260986,0.3867044150829315,17308928
2026-01-03 09:00:00+00:00,0.386741578578949,0.38851243257522583,0.3861311674118042,0.3879527747631073,0
2026-01-03 10:00:00+00:00,0.387776643037796,0.387776643037796,0.3851991891860962,0.38537275791168213,0
2026-01-03 11:00:00+00:00,0.3853134214878082,0.3853134214878082,0.3837800920009613,0.3843526840209961,0
2026-01-03 12:00:00+00:00,0.3844100534915924,0.3863886594772339,0.38390132784843445,0.3863828778266907,0
2026-01-03 13:00:00+00:00,0.38642317056655884,0.3869597315788269,0.3856297433376312,0.3869273066520691,0
2026-01-03 14:00:00+00:00,0.3869280517101288,0.39013418555259705,0.38677942752838135,0.3867999017238617,0
2026-01-03 15:00:00+00:00,0.38683420419692993,0.38738104701042175,0.3860822021961212,0.38661709427833557,0
2026-01-03 16:00:00+00:00,0.38656193017959595,0.3880905508995056,0.38601285219192505,0.387922465801239,0
2026-01-03 17:00:00+00:00,0.3878844082355499,0.3882431387901306,0.38693952560424805,0.38798168301582336,0
2026-01-03 18:00:00+00:00,0.38793689012527466,0.38934090733528137,0.3872080445289612,0.3890224099159241,0
2026-01-03 19:00:00+00:00,0.3890436589717865,0.3890545666217804,0.38800764083862305,0.3882656991481781,0
2026-01-03 20:00:00+00:00,0.388268381357193,0.3882890045642853,0.3860264718532562,0.38801109790802,0
2026-01-03 21:00:00+00:00,0.38802191615104675,0.3894997835159302,0.38743963837623596,0.38862448930740356,0
2026-01-03 22:00:00+00:00,0.38862261176109314,0.38982048630714417,0.38832253217697144,0.38932186365127563,0
2026-01-03 23:00:00+00:00,0.3893184959888458,0.3897162079811096,0.389011412858963,0.38937968015670776,0
2026-01-04 00:00:00+00:00,0.38927406072616577,0.39506837725639343,0.3892020285129547,0.39506062865257263,0
2026-01-04 01:00:00+00:00,0.3950328826904297,0.3950328826904297,0.39215511083602905,0.3937537372112274,0
2026-01-04 02:00:00+00:00,0.39373546838760376,0.3952346742153168,0.39306217432022095,0.3930950164794922,0
2026-01-04 03:00:00+00:00,0.393125057220459,0.3993551731109619,0.393125057220459,0.3993551731109619,14068576
2026-01-04 04:00:00+00:00,0.39935797452926636,0.4007996618747711,0.39761489629745483,0.39761489629745483,9870528
2026-01-04 05:00:00+00:00,0.39760035276412964,0.3987407684326172,0.39641258120536804,0.3987348973751068,0
2026-01-04 06:00:00+00:00,0.3983410596847534,0.39846694469451904,0.39459386467933655,0.3946823477745056,0
2026-01-04 07:00:00+00:00,0.39466992020606995,0.39686623215675354,0.3943728506565094,0.396609902381897,0
2026-01-04 08:00:00+00:00,0.3965512216091156,0.39805081486701965,0.39356333017349243,0.39805081486701965,0
2026-01-04 09:00:00+00:00,0.3980640470981598,0.40257394313812256,0.396946519613266,0.40257394313812256,12751840
2026-01-04 10:00:00+00:00,0.40259233117103577,0.4043016731739044,0.40259233117103577,0.4030739367008209,23504384
2026-01-04 11:00:00+00:00,0.4030902087688446,0.4030902087688446,0.39965903759002686,0.40064311027526855,7912192
2026-01-04 12:00:00+00:00,0.4006843864917755,0.4038713574409485,0.4006843864917755,0.40141046047210693,7718080
2026-01-04 13:00:00+00:00,0.40100541710853577,0.40100541710853577,0.39822617173194885,0.39982983469963074,4731840
2026-01-04 14:00:00+00:00,0.39981991052627563,0.40013134479522705,0.39672592282295227,0.3983538746833801,0
2026-01-04 15:00:00+00:00,0.3983939588069916,0.3987714946269989,0.39722469449043274,0.3987714946269989,5646976
2026-01-04 16:00:00+00:00,0.3987564444541931,0.4020010232925415,0.39870068430900574,0.4020010232925415,12048960
2026-01-04 17:00:00+00:00,0.4020209014415741,0.40358448028564453,0.40108582377433777,0.40354835987091064,16163392
2026-01-04 18:00:00+00:00,0.40343981981277466,0.40343981981277466,0.3991357982158661,0.4004092812538147,9687104
2026-01-04 19:00:00+00:00,0.4004717767238617,0.4004717767238617,0.39629992842674255,0.39816316962242126,19529024
2026-01-04 20:00:00+00:00,0.3981441557407379,0.40089285373687744,0.3981441557407379,0.39958086609840393,544512
2026-01-04 21:00:00+00:00,0.39958345890045166,0.40107202529907227,0.39743852615356445,0.39853739738464355,8020864
2026-01-04 22:00:00+00:00,0.3985459804534912,0.40101590752601624,0.3980460464954376,0.3980460464954376,7319296
2026-01-04 23:00:00+00:00,0.3981568515300751,0.40117108821868896,0.3981568515300751,0.4000917673110962,10762816
2026-01-05 00:00:00+00:00,0.4001378118991852,0.40196776390075684,0.3986731767654419,0.4011671841144562,0
2026-01-05 01:00:00+00:00,0.4012441039085388,0.4066467881202698,0.4012441039085388,0.40595272183418274,34592064
2026-01-05 02:00:00+00:00,0.4059596359729767,0.40656065940856934,0.4015612006187439,0.40396931767463684,19933952
2026-01-05 03:00:00+00:00,0.4039897620677948,0.4048658013343811,0.4024336636066437,0.40337052941322327,0
2026-01-05 04:00:00+00:00,0.4033527672290802,0.4033527672290802,0.3956608474254608,0.39766520261764526,2541696
2026-01-05 05:00:00+00:00,0.39761704206466675,0.4002489149570465,0.3967341184616089,0.39895039796829224,4334592
2026-01-05 06:00:00+00:00,0.3989371657371521,0.39952602982521057,0.3968717157840729,0.39952602982521057,0
2026-01-05 07:00:00+00:00,0.39949941635131836,0.4018673598766327,0.39920350909233093,0.40069520473480225,0
2026-01-05 08:00:00+00:00,0.4007156491279602,0.4030161201953888,0.39923760294914246,0.3993443548679352,0
2026-01-05 09:00:00+00:00,0.398852676153183,0.398852676153183,0.3966349959373474,0.3973225951194763,0
2026-01-05 10:00:00+00:00,0.3971448242664337,0.39962127804756165,0.3969596326351166,0.39819806814193726,0
2026-01-05 11:00:00+00:00,0.39780232310295105,0.399416446685791,0.3968552350997925,0.399416446685791,0
2026-01-05 12:00:00+00:00,0.39952757954597473,0.40050533413887024,0.3987697958946228,0.4004601836204529,0
2026-01-05 13:00:00+00:00,0.4004451632499695,0.40146172046661377,0.3974544405937195,0.397932767868042,146816
2026-01-05 14:00:00+00:00,0.3981183171272278,0.40541186928749084,0.3978772461414337,0.40430745482444763,23189760
2026-01-05 15:00:00+00:00,0.4040389955043793,0.4119889438152313,0.4022074341773987,0.4119889438152313,51571776
2026-01-05 16:00:00+00:00,0.41225820779800415,0.41516849398612976,0.41225820779800415,0.41322240233421326,37908544
2026-01-05 17:00:00+00:00,0.4131411612033844,0.4131411612033844,0.4075520634651184,0.4122730493545532,32927744
2026-01-05 18:00:00+00:00,0.41233503818511963,0.4184717535972595,0.41233503818511963,0.4184717535972595,23251648
2026-01-05 19:00:00+00:00,0.4183509647846222,0.4190177321434021,0.4159139394760132,0.4169185161590576,15225088
2026-01-05 20:00:00+00:00,0.41693201661109924,0.42248326539993286,0.41693201661109924,0.4180978834629059,35228800
2026-01-05 21:00:00+00:00,0.41824623942375183,0.42154431343078613,0.41824623942375183,0.42109575867652893,12808256
2026-01-05 22:00:00+00:00,0.4212109446525574,0.424557626247406,0.4198105037212372,0.42369991540908813,13486912
2026-01-05 23:00:00+00:00,0.42358845472335815,0.4236604571342468,0.4218735098838806,0.4218735098838806,5190400
2026-01-06 00:00:00+00:00,0.4218452572822571,0.42345696687698364,0.41853058338165283,0.42345696687698364,9431616
2026-01-06 01:00:00+00:00,0.4235192835330963,0.430095374584198,0.4235192835330963,0.42361730337142944,0
2026-01-06 02:00:00+00:00,0.42366665601730347,0.4279380142688751,0.42366665601730347,0.42576342821121216,0
2026-01-06 03:00:00+00:00,0.425744891166687,0.42701706290245056,0.4250989258289337,0.42565494775772095,0
2026-01-06 04:00:00+00:00,0.42565685510635376,0.42630505561828613,0.4245445132255554,0.4260265529155731,0
2026-01-06 05:00:00+00:00,0.42524418234825134,0.42539113759994507,0.4225418269634247,0.42259711027145386,0
2026-01-06 06:00:00+00:00,0.4227387011051178,0.42473211884498596,0.42063653469085693,0.4236685335636139,12765632
2026-01-06 07:00:00+00:00,0.4235798418521881,0.4235798418521881,0.4148394465446472,0.4148394465446472,21048320
2026-01-06 08:00:00+00:00,0.4148029386997223,0.4172995090484619,0.414785772562027,0.41623225808143616,0
2026-01-06 09:00:00+00:00,0.4159233868122101,0.4177083671092987,0.4159233868122101,0.41769513487815857,0
2026-01-06 10:00:00+00:00,0.4176788032054901,0.4197961091995239,0.4173445701599121,0.41929593682289124,0
2026-01-06 11:00:00+00:00,0.4190845489501953,0.4219088852405548,0.41903185844421387,0.42147257924079895,219136
2026-01-06 12:00:00+00:00,0.421562522649765,0.4234713613986969,0.421562522649765,0.4225724935531616,5418368
2026-01-06 13:00:00+00:00,0.42253196239471436,0.4241698384284973,0.42133089900016785,0.42232775688171387,10127296
2026-01-06 14:00:00+00:00,0.42231103777885437,0.43567270040512085,0.42231103777885437,0.42653629183769226,56309056
2026-01-06 15:00:00+00:00,0.42658159136772156,0.4292815029621124,0.41851237416267395,0.4185653626918793,12656704
2026-01-06 16:00:00+00:00,0.4194640517234802,0.4199031591415405,0.40728560090065,0.4095629155635834,16978176
2026-01-06 17:00:00+00:00,0.40945518016815186,0.4104481041431427,0.4025952219963074,0.40269532799720764,3163456
2026-01-06 18:00:00+00:00,0.4024564325809479,0.4081000089645386,0.401939332485199,0.407793253660202,0
2026-01-06 19:00:00+00:00,0.4078315794467926,0.4087095856666565,0.4071280360221863,0.4072783589363098,0
2026-01-06 20:00:00+00:00,0.4072836935520172,0.41279861330986023,0.4072836935520172,0.41213369369506836,0
2026-01-06 21:00:00+00:00,0.412092924118042,0.4200597107410431,0.4110611379146576,0.4177742302417755,13556288
2026-01-06 22:00:00+00:00,0.4177756905555725,0.41833993792533875,0.41521409153938293,0.41723743081092834,0
2026-01-06 23:00:00+00:00,0.4172400236129761,0.42047667503356934,0.4172400236129761,0.41961875557899475,0
2026-01-07 00:00:00+00:00,0.4193921387195587,0.4193921387195587,0.41412776708602905,0.41412776708602905,0
2026-01-07 01:00:00+00:00,0.4133830964565277,0.4142746329307556,0.41023924946784973,0.4103206694126129,0
2026-01-07 02:00:00+00:00,0.41018369793891907,0.4139886796474457,0.4098108112812042,0.4139886796474457,0
2026-01-07 03:00:00+00:00,0.4139564037322998,0.41483157873153687,0.4118317663669586,0.4118317663669586,0
2026-01-07 04:00:00+00:00,0.41183924674987793,0.41244709491729736,0.4111819863319397,0.4117533266544342,0
2026-01-07 05:00:00+00:00,0.41176313161849976,0.4117904305458069,0.4098643362522125,0.4098643362522125,0
2026-01-07 06:00:00+00:00,0.4098568856716156,0.4119834005832672,0.4098568856716156,0.4107391834259033,0
2026-01-07 07:00:00+00:00,0.4109034836292267,0.41724592447280884,0.4109034836292267,0.41724592447280884,0
2026-01-07 08:00:00+00:00,0.4173525273799896,0.42151346802711487,0.4173525273799896,0.4214884638786316,5680576
2026-01-07 09:00:00+00:00,0.42145437002182007,0.42145437002182007,0.4101647138595581,0.4106540381908417,10448000
2026-01-07 10:00:00+00:00,0.4106613099575043,0.41299378871917725,0.40988901257514954,0.41270509362220764,3317760
2026-01-07 11:00:00+00:00,0.41283220052719116,0.41561201214790344,0.41283220052719116,0.4148719310760498,2384512
2026-01-07 12:00:00+00:00,0.41476431488990784,0.41488176584243774,0.41156187653541565,0.41156187653541565,0
2026-01-07 13:00:00+00:00,0.41152626276016235,0.41213253140449524,0.40954798460006714,0.40955403447151184,0
2026-01-07 14:00:00+00:00,0.40964487195014954,0.40964487195014954,0.4025602638721466,0.4069083333015442,0
2026-01-07 15:00:00+00:00,0.4071284532546997,0.4071284532546997,0.40129610896110535,0.40272143483161926,0
2026-01-07 16:00:00+00:00,0.40265339612960815,0.4048450291156769,0.40262436866760254,0.4037369191646576,0
2026-01-07 17:00:00+00:00,0.4037476181983948,0.40709495544433594,0.4035012423992157,0.4038400948047638,0
2026-01-07 18:00:00+00:00,0.40384310483932495,0.4050239026546478,0.40276193618774414,0.40291595458984375,0
2026-01-07 19:00:00+00:00,0.4032796323299408,0.4036438763141632,0.4008302092552185,0.4030682146549225,8755008
2026-01-07 20:00:00+00:00,0.4030054211616516,0.40322670340538025,0.39964649081230164,0.400601863861084,0
2026-01-07 21:00:00+00:00,0.40063074231147766,0.4020557105541229,0.40061527490615845,0.40083399415016174,0
2026-01-07 22:00:00+00:00,0.40085840225219727,0.4025489091873169,0.4000009298324585,0.4000709056854248,0
2026-01-07 23:00:00+00:00,0.3999727964401245,0.40347036719322205,0.39872169494628906,0.4018973708152771,6235264
2026-01-08 00:00:00+00:00,0.40189939737319946,0.4027790129184723,0.3998037576675415,0.4027790129184723,4979904
2026-01-08 01:00:00+00:00,0.4027366042137146,0.403696745634079,0.4021705389022827,0.40339717268943787,0
2026-01-08 02:00:00+00:00,0.4033876061439514,0.4037466049194336,0.3997458517551422,0.39985960721969604,1075072
2026-01-08 03:00:00+00:00,0.39989379048347473,0.40163275599479675,0.3969055414199829,0.39740338921546936,11173632
2026-01-08 04:00:00+00:00,0.3974650204181671,0.4009788930416107,0.3971995711326599,0.40048670768737793,11203392
2026-01-08 05:00:00+00:00,0.4006081819534302,0.4010300636291504,0.39815905690193176,0.39818131923675537,0
2026-01-08 06:00:00+00:00,0.3981918394565582,0.39841094613075256,0.39259928464889526,0.39259928464889526,21683776
2026-01-08 07:00:00+00:00,0.39233407378196716,0.39477062225341797,0.3908580243587494,0.39470669627189636,29812352
2026-01-08 08:00:00+00:00,0.39469775557518005,0.39613232016563416,0.3923020660877228,0.3923020660877228,0
2026-01-08 09:00:00+00:00,0.3923265337944031,0.39341869950294495,0.3903571665287018,0.3904547095298767,0
2026-01-08 10:00:00+00:00,0.39046409726142883,0.392044335603714,0.38802313804626465,0.3919515609741211,8275712
2026-01-08 11:00:00+00:00,0.39193522930145264,0.3920063078403473,0.3884461224079132,0.3898763656616211,4476224
2026-01-08 12:00:00+00:00,0.38991597294807434,0.3899536728858948,0.3874201774597168,0.38788309693336487,0
2026-01-08 13:00:00+00:00,0.3878995180130005,0.389507919549942,0.3878995180130005,0.3884243071079254,0
2026-01-08 14:00:00+00:00,0.3884431719779968,0.3891908526420593,0.3858872056007385,0.3883128762245178,0
2026-01-08 15:00:00+00:00,0.3883588910102844,0.3932626247406006,0.387281596660614,0.3931501805782318,0
2026-01-08 16:00:00+00:00,0.393298864364624,0.3947822153568268,0.391736775636673,0.39340588450431824,12582848
2026-01-08 17:00:00+00:00,0.39358487725257874,0.39673060178756714,0.39279210567474365,0.39668259024620056,5474816
2026-01-08 18:00:00+00:00,0.39667585492134094,0.396692156791687,0.39383935928344727,0.3938629627227783,1301632
2026-01-08 19:00:00+00:00,0.39390331506729126,0.39554619789123535,0.393226683139801,0.3932412266731262,0
2026-01-08 20:00:00+00:00,0.3932659327983856,0.3932659327983856,0.39006176590919495,0.39268118143081665,0
2026-01-08 21:00:00+00:00,0.3925989270210266,0.3970472514629364,0.3925989270210266,0.3970472514629364,15497408
2026-01-08 22:00:00+00:00,0.39706528186798096,0.3977481424808502,0.3951391279697418,0.3961910605430603,843008
2026-01-08 23:00:00+00:00,0.39619675278663635,0.39726853370666504,0.3956453800201416,0.3956453800201416,0
2026-01-09 00:00:00+00:00,0.3956358730792999,0.39766761660575867,0.39553937315940857,0.39722326397895813,0
2026-01-09 01:00:00+00:00,0.3972246050834656,0.39890676736831665,0.3954983353614807,0.3955584764480591,11572096
2026-01-09 02:00:00+00:00,0.39555320143699646,0.39893972873687744,0.3952406942844391,0.3954046964645386,0
2026-01-09 03:00:00+00:00,0.39541730284690857,0.39772462844848633,0.3948957026004791,0.397712379693985,0
2026-01-09 04:00:00+00:00,0.3977566063404083,0.39788156747817993,0.39579904079437256,0.39584168791770935,0
2026-01-09 05:00:00+00:00,0.39583638310432434,0.3961680829524994,0.3942149877548218,0.39611729979515076,0
2026-01-09 06:00:00+00:00,0.3961288332939148,0.3990093171596527,0.3956894278526306,0.3989757001399994,0
2026-01-09 07:00:00+00:00,0.3989934027194977,0.3989934027194977,0.397646963596344,0.397646963596344,0
2026-01-09 08:00:00+00:00,0.3976035714149475,0.3976035714149475,0.390636682510376,0.39090490341186523,2198848
2026-01-09 09:00:00+00:00,0.39100706577301025,0.3936960697174072,0.39100706577301025,0.3922228217124939,0
2026-01-09 10:00:00+00:00,0.3921475410461426,0.3921475410461426,0.3908034861087799,0.3913368284702301,0
2026-01-09 11:00:00+00:00,0.3913220763206482,0.3929755389690399,0.391315758228302,0.391315758228302,0
2026-01-09 12:00:00+00:00,0.39131781458854675,0.3916410207748413,0.3897448778152466,0.3909783959388733,0
2026-01-09 13:00:00+00:00,0.39098668098449707,0.39566799998283386,0.39098668098449707,0.3953498601913452,20018528
2026-01-09 14:00:00+00:00,0.39533665776252747,0.39533665776252747,0.3890611529350281,0.3894050419330597,0
2026-01-09 15:00:00+00:00,0.3895895481109619,0.4032047390937805,0.38931480050086975,0.39598432183265686,25491328
2026-01-09 16:00:00+00:00,0.3959730565547943,0.4027780592441559,0.3959730565547943,0.40129950642585754,0
2026-01-09 17:00:00+00:00,0.4012344181537628,0.4012344181537628,0.39362862706184387,0.3965296745300293,0
2026-01-09 18:00:00+00:00,0.39650923013687134,0.39657703042030334,0.3909723460674286,0.3929767310619354,0
2026-01-09 19:00:00+00:00,0.3926357626914978,0.3926357626914978,0.38912156224250793,0.3903259038925171,0
2026-01-09 20:00:00+00:00,0.38994720578193665,0.3919767439365387,0.38994720578193665,0.39073917269706726,0
2026-01-09 21:00:00+00:00,0.39073705673217773,0.3927198648452759,0.3901826739311218,0.39201417565345764,0
2026-01-09 22:00:00+00:00,0.3920126259326935,0.3929254412651062,0.3909459114074707,0.3928923010826111,0
2026-01-09 23:00:00+00:00,0.392864853143692,0.392864853143692,0.39068084955215454,0.3907383382320404,3737120
2026-01-10 00:00:00+00:00,0.39076292514801025,0.39082252979278564,0.3889329731464386,0.3889523446559906,2285152
2026-01-10 01:00:00+00:00,0.3891277313232422,0.390065461397171,0.3890409767627716,0.38968852162361145,0
2026-01-10 02:00:00+00:00,0.38971611857414246,0.39054402709007263,0.3889918029308319,0.38904058933258057,0
2026-01-10 03:00:00+00:00,0.3890480697154999,0.3890480697154999,0.386807918548584,0.3886624276638031,0
2026-01-10 04:00:00+00:00,0.38866326212882996,0.38866326212882996,0.3871685862541199,0.38760074973106384,0
2026-01-10 05:00:00+00:00,0.38756951689720154,0.3878515958786011,0.3871909976005554,0.38745787739753723,0
2026-01-10 06:00:00+00:00,0.38743045926094055,0.38743045926094055,0.38496336340904236,0.38599807024002075,1444352
2026-01-10 07:00:00+00:00,0.38594794273376465,0.3876112401485443,0.38577333092689514,0.3875176012516022,0
2026-01-10 08:00:00+00:00,0.38750749826431274,0.3877274990081787,0.3870219588279724,0.38721010088920593,0
2026-01-10 09:00:00+00:00,0.38726434111595154,0.38971278071403503,0.38726434111595154,0.3896546959877014,0
2026-01-10 10:00:00+00:00,0.3896840810775757,0.39062875509262085,0.3893360197544098,0.3903682827949524,581216
2026-01-10 11:00:00+00:00,0.39040255546569824,0.3905410170555115,0.3898189067840576,0.39030921459198,0
2026-01-10 12:00:00+00:00,0.3903370499610901,0.3914330005645752,0.3903370499610901,0.3914330005645752,0
2026-01-10 13:00:00+00:00,0.391460120677948,0.39170169830322266,0.3903493881225586,0.3903493881225586,0
2026-01-10 14:00:00+00:00,0.39035600423812866,0.39035600423812866,0.38859397172927856,0.3886064291000366,0
2026-01-10 15:00:00+00:00,0.38861680030822754,0.38995274901390076,0.38861680030822754,0.389237642288208,0
2026-01-10 16:00:00+00:00,0.3892245292663574,0.39005047082901,0.38853707909584045,0.38949140906333923,0
2026-01-10 17:00:00+00:00,0.38951078057289124,0.3911583721637726,0.38908904790878296,0.38908904790878296,0
2026-01-10 18:00:00+00:00,0.3890860676765442,0.39007672667503357,0.38862356543540955,0.38936933875083923,0
2026-01-10 19:00:00+00:00,0.3893502354621887,0.3905198276042938,0.38895174860954285,0.3905198276042938,0
2026-01-10 20:00:00+00:00,0.3905555307865143,0.3907550275325775,0.390028178691864,0.390028178691864,0
2026-01-10 21:00:00+00:00,0.3900347948074341,0.3900347948074341,0.38883715867996216,0.38890427350997925,0
2026-01-10 22:00:00+00:00,0.38888710737228394,0.38888710737228394,0.38573527336120605,0.38573527336120605,3564064
2026-01-10 23:00:00+00:00,0.38571760058403015,0.388171911239624,0.3856186866760254,0.3879576027393341,18224
2026-01-11 00:00:00+00:00,0.3879522681236267,0.3888118267059326,0.3875487744808197,0.3888072669506073,0
2026-01-11 01:00:00+00:00,0.38879653811454773,0.3895701766014099,0.38838648796081543,0.3895701766014099,0
2026-01-11 02:00:00+00:00,0.38958293199539185,0.3912692964076996,0.38958293199539185,0.39001113176345825,787072
2026-01-11 03:00:00+00:00,0.38999122381210327,0.3903130888938904,0.38952285051345825,0.39017191529273987,0
2026-01-11 04:00:00+00:00,0.3901732563972473,0.39050883054733276,0.3893888294696808,0.39050883054733276,0
2026-01-11 05:00:00+00:00,0.39050155878067017,0.3911135196685791,0.3901503384113312,0.3910890817642212,0
2026-01-11 06:00:00+00:00,0.3910948932170868,0.3910948932170868,0.3890654742717743,0.390345960855484,0
2026-01-11 07:00:00+00:00,0.390309602022171,0.3908372223377228,0.39013078808784485,0.3906802833080292,0
2026-01-11 08:00:00+00:00,0.3906838297843933,0.39129042625427246,0.3905104100704193,0.39126959443092346,3096128
2026-01-11 09:00:00+00:00,0.3912605345249176,0.3923718333244324,0.3907929062843323,0.3910360038280487,0
2026-01-11 10:00:00+00:00,0.39103901386260986,0.39103901386260986,0.3900874853134155,0.39048323035240173,0
2026-01-11 11:00:00+00:00,0.39049232006073,0.39144688844680786,0.39049232006073,0.39127683639526367,0
2026-01-11 12:00:00+00:00,0.3912736773490906,0.3944535553455353,0.3912736773490906,0.3944535553455353,5861024
2026-01-11 13:00:00+00:00,0.39445939660072327,0.3957497477531433,0.3936462104320526,0.3937776982784271,20719536
2026-01-11 14:00:00+00:00,0.3937734365463257,0.3942931592464447,0.3931654989719391,0.3942931592464447,2961856
2026-01-11 15:00:00+00:00,0.3943878710269928,0.39490383863449097,0.38934317231178284,0.3899567723274231,23036608
2026-01-11 16:00:00+00:00,0.3899385333061218,0.39456906914711,0.3899385333061218,0.3932257294654846,26755136
2026-01-11 17:00:00+00:00,0.39328503608703613,0.3943997919559479,0.39245641231536865,0.39423006772994995,7054400
2026-01-11 18:00:00+00:00,0.39424899220466614,0.3942981958389282,0.39202097058296204,0.3938257098197937,90528
2026-01-11 19:00:00+00:00,0.393835186958313,0.3939790427684784,0.3922923803329468,0.3923383355140686,2721056
2026-01-11 20:00:00+00:00,0.3923242688179016,0.3923242688179016,0.38689860701560974,0.3890736699104309,23233056
2026-01-11 21:00:00+00:00,0.3891022205352783,0.39187291264533997,0.38753771781921387,0.3917883336544037,15857632
2026-01-11 22:00:00+00:00,0.39176374673843384,0.39176374673843384,0.38810548186302185,0.3881826102733612,6772352
2026-01-11 23:00:00+00:00,0.38815227150917053,0.39051225781440735,0.3854396343231201,0.3902782201766968,20923616
2026-01-12 00:00:00+00:00,0.3903086185455322,0.390534371137619,0.38632893562316895,0.3883788287639618,22487264
2026-01-12 01:00:00+00:00,0.38854339718818665,0.3947400152683258,0.38854339718818665,0.3940524160861969,29187424
2026-01-12 02:00:00+00:00,0.3940473198890686,0.40205103158950806,0.3940473198890686,0.4019549489021301,25550688
2026-01-12 03:00:00+00:00,0.4018746316432953,0.4027547836303711,0.3976292908191681,0.3976292908191681,21608864
2026-01-12 04:00:00+00:00,0.39759576320648193,0.39998820424079895,0.3967766761779785,0.39997291564941406,11765856
2026-01-12 05:00:00+00:00,0.39997202157974243,0.4001784920692444,0.3978818953037262,0.3980516493320465,4338048
2026-01-12 06:00:00+00:00,0.398021936416626,0.3985564112663269,0.39445239305496216,0.39450180530548096,4052416
2026-01-12 07:00:00+00:00,0.3944893777370453,0.39574816823005676,0.3897865116596222,0.3900619447231293,7617312
2026-01-12 08:00:00+00:00,0.39002886414527893,0.39186280965805054,0.38584184646606445,0.38764360547065735,23005472
2026-01-12 09:00:00+00:00,0.38761577010154724,0.38790053129196167,0.38630732893943787,0.38630732893943787,7018432
2026-01-12 10:00:00+00:00,0.3863627314567566,0.3871968686580658,0.3850939869880676,0.3850939869880676,5710720
2026-01-12 11:00:00+00:00,0.385098397731781,0.387430876493454,0.38486528396606445,0.38722872734069824,7515392
2026-01-12 12:00:00+00:00,0.38721972703933716,0.38740289211273193,0.38573044538497925,0.386089950799942,1370880
2026-01-12 13:00:00+00:00,0.38608890771865845,0.38612616062164307,0.38227009773254395,0.38227009773254395,2744128
2026-01-12 14:00:00+00:00,0.38215699791908264,0.3883620798587799,0.3821352422237396,0.3883620798587799,32494592
2026-01-12 15:00:00+00:00,0.3884221017360687,0.3940050005912781,0.3884221017360687,0.3940050005912781,7428096
2026-01-12 16:00:00+00:00,0.39399150013923645,0.39832600951194763,0.39399150013923645,0.3975517451763153,9235904
2026-01-12 17:00:00+00:00,0.39750656485557556,0.39818456768989563,0.3923439681529999,0.39338168501853943,14268416
2026-01-12 18:00:00+00:00,0.3934095501899719,0.395837664604187,0.39250800013542175,0.39292842149734497,10750016
2026-01-12 19:00:00+00:00,0.3928883969783783,0.39304831624031067,0.3916988670825958,0.39293065667152405,5812736
2026-01-12 20:00:00+00:00,0.39293184876441956,0.39411675930023193,0.3891289532184601,0.38913044333457947,0
2026-01-12 21:00:00+00:00,0.3891294598579407,0.3891294598579407,0.38420647382736206,0.3842451572418213,0
2026-01-12 22:00:00+00:00,0.3844667971134186,0.38711652159690857,0.3844667971134186,0.38685864210128784,6687616
2026-01-12 23:00:00+00:00,0.3868650496006012,0.38802146911621094,0.38585856556892395,0.3859054446220398,57600
2026-01-13 00:00:00+00:00,0.3858984410762787,0.3864957094192505,0.3856433928012848,0.38631606101989746,0
2026-01-13 01:00:00+00:00,0.38630321621894836,0.3871733248233795,0.3849160671234131,0.385638028383255,0
2026-01-13 02:00:00+00:00,0.38564354181289673,0.38763415813446045,0.38564354181289673,0.38621944189071655,0
2026-01-13 03:00:00+00:00,0.38613319396972656,0.38738447427749634,0.38562965393066406,0.38615095615386963,0
2026-01-13 04:00:00+00:00,0.38613560795783997,0.38769644498825073,0.38613560795783997,0.38769644498825073,0
2026-01-13 05:00:00+00:00,0.3878096044063568,0.3941372036933899,0.3878096044063568,0.3916316032409668,14296384
2026-01-13 06:00:00+00:00,0.39147573709487915,0.3922533392906189,0.3907284438610077,0.39191001653671265,6488704
2026-01-13 07:00:00+00:00,0.3918948173522949,0.3918948173522949,0.38978898525238037,0.38982290029525757,0
2026-01-13 08:00:00+00:00,0.38967517018318176,0.39284467697143555,0.38967517018318176,0.39281803369522095,0
2026-01-13 09:00:00+00:00,0.3927557170391083,0.3941004276275635,0.392378568649292,0.3926425576210022,2225664
2026-01-13 10:00:00+00:00,0.3926435708999634,0.39363861083984375,0.39093130826950073,0.39118334650993347,0
2026-01-13 11:00:00+00:00,0.39118871092796326,0.3928268253803253,0.39041823148727417,0.392191082239151,1828096
2026-01-13 12:00:00+00:00,0.3920922875404358,0.39282193779945374,0.3912838399410248,0.3928086757659912,0
2026-01-13 13:00:00+00:00,0.3928144872188568,0.39566847681999207,0.39255428314208984,0.39386865496635437,5156416
2026-01-13 14:00:00+00:00,0.393779456615448,0.4012369215488434,0.39306050539016724,0.39781075716018677,13094848
2026-01-13 15:00:00+00:00,0.39795568585395813,0.40445584058761597,0.3965902328491211,0.40445584058761597,12580288
2026-01-13 16:00:00+00:00,0.40598049759864807,0.40974220633506775,0.40598049759864807,0.40974220633506775,32255936
2026-01-13 17:00:00+00:00,0.409602552652359,0.40961480140686035,0.40554147958755493,0.4060130715370178,19733504
2026-01-13 18:00:00+00:00,0.4059174358844757,0.40779542922973633,0.40561455488204956,0.40573641657829285,4348608
2026-01-13 19:00:00+00:00,0.40576601028442383,0.409948468208313,0.4054361879825592,0.4099451005458832,10092224
2026-01-13 20:00:00+00:00,0.4101526439189911,0.4105517566204071,0.4069049060344696,0.4078187346458435,11418880
2026-01-13 21:00:00+00:00,0.4078409671783447,0.40993398427963257,0.4078409671783447,0.40993398427963257,0
2026-01-13 22:00:00+00:00,0.40993794798851013,0.42236411571502686,0.4099116325378418,0.421690434217453,104754368
2026-01-13 23:00:00+00:00,0.4217348098754883,0.4255225360393524,0.4195497930049896,0.42141926288604736,34707712
2026-01-14 00:00:00+00:00,0.4213827848434448,0.4223673343658447,0.4202350378036499,0.42231616377830505,29293696
2026-01-14 01:00:00+00:00,0.42206770181655884,0.4234457314014435,0.4203643798828125,0.4212879538536072,24532800
2026-01-14 02:00:00+00:00,0.42126622796058655,0.422942191362381,0.42057839035987854,0.4212285578250885,17401600
2026-01-14 03:00:00+00:00,0.4212186634540558,0.4249366819858551,0.4212186634540558,0.4249366819858551,10756032
2026-01-14 04:00:00+00:00,0.4252370595932007,0.42553016543388367,0.4229243993759155,0.42390176653862,21989952
2026-01-14 05:00:00+00:00,0.4238281846046448,0.4238281846046448,0.42169344425201416,0.42189502716064453,751680
2026-01-14 06:00:00+00:00,0.4218781590461731,0.4247712790966034,0.4188692569732666,0.4247712790966034,33137216
2026-01-14 07:00:00+00:00,0.424801766872406,0.4266339838504791,0.42314544320106506,0.42343154549598694,20655360
2026-01-14 08:00:00+00:00,0.42346706986427307,0.4247703552246094,0.42125818133354187,0.42125818133354187,0
2026-01-14 09:00:00+00:00,0.4211973547935486,0.4214189946651459,0.42011573910713196,0.4201916754245758,0
2026-01-14 10:00:00+00:00,0.4202148914337158,0.4205099046230316,0.41815605759620667,0.4186449646949768,2484480
2026-01-14 11:00:00+00:00,0.41827696561813354,0.41827696561813354,0.4138976037502289,0.4138976037502289,7171200
2026-01-14 12:00:00+00:00,0.41390424966812134,0.4158326983451843,0.4137445092201233,0.41528820991516113,5026944
2026-01-14 13:00:00+00:00,0.41527462005615234,0.41527462005615234,0.41153430938720703,0.41162556409835815,0
2026-01-14 14:00:00+00:00,0.41162109375,0.4217536449432373,0.41162109375,0.420184463262558,1121088
2026-01-14 15:00:00+00:00,0.4200805127620697,0.4223008453845978,0.417764812707901,0.4196432828903198,8331776
2026-01-14 16:00:00+00:00,0.4196627140045166,0.42295166850090027,0.4196627140045166,0.42079272866249084,0
2026-01-14 17:00:00+00:00,0.4208482801914215,0.42182984948158264,0.41656556725502014,0.41656556725502014,0
2026-01-14 18:00:00+00:00,0.41661107540130615,0.4167824983596802,0.41063931584358215,0.4144103527069092,12594048
2026-01-14 19:00:00+00:00,0.41422778367996216,0.4184359312057495,0.41333910822868347,0.41501715779304504,11970368
2026-01-14 20:00:00+00:00,0.4150615334510803,0.41651636362075806,0.41238951683044434,0.4127194583415985,0
2026-01-14 21:00:00+00:00,0.41278690099716187,0.41503870487213135,0.41266095638275146,0.41328805685043335,1961856
2026-01-14 22:00:00+00:00,0.41344407200813293,0.4141233563423157,0.41199809312820435,0.4123394191265106,0
2026-01-14 23:00:00+00:00,0.4123304486274719,0.41461867094039917,0.4123304486274719,0.4145399034023285,0
2026-01-15 00:00:00+00:00,0.41456830501556396,0.41456830501556396,0.41132429242134094,0.41135573387145996,0
2026-01-15 01:00:00+00:00,0.4113917946815491,0.41362085938453674,0.4084630310535431,0.4084630310535431,0
2026-01-15 02:00:00+00:00,0.40840861201286316,0.4089612662792206,0.4053956866264343,0.4053956866264343,3062912
2026-01-15 03:00:00+00:00,0.40541598200798035,0.4057028293609619,0.3997723460197449,0.4002538025379181,14250752
2026-01-15 04:00:00+00:00,0.4002460241317749,0.40242117643356323,0.400011271238327,0.40229547023773193,0
2026-01-15 05:00:00+00:00,0.402328759431839,0.40323585271835327,0.40201476216316223,0.4025150239467621,0
2026-01-15 06:00:00+00:00,0.40245431661605835,0.4028322398662567,0.40085792541503906,0.4011862576007843,0
2026-01-15 07:00:00+00:00,0.40118101239204407,0.4047662317752838,0.4009769558906555,0.4042607247829437,0
2026-01-15 08:00:00+00:00,0.40427035093307495,0.4047660827636719,0.40252381563186646,0.4033840000629425,0
2026-01-15 09:00:00+00:00,0.4033817648887634,0.40587732195854187,0.401652455329895,0.405632346868515,17811136
2026-01-15 10:00:00+00:00,0.4055926501750946,0.4055926501750946,0.40392184257507324,0.4047129452228546,3702784
2026-01-15 11:00:00+00:00,0.4047340452671051,0.4056912362575531,0.40418481826782227,0.40421852469444275,0
2026-01-15 12:00:00+00:00,0.4042608141899109,0.40726426243782043,0.4042608141899109,0.40726426243782043,0
2026-01-15 13:00:00+00:00,0.4072934091091156,0.40849462151527405,0.4060019254684448,0.40843454003334045,21609984
2026-01-15 14:00:00+00:00,0.40844130516052246,0.4092470407485962,0.40188607573509216,0.40364187955856323,0
2026-01-15 15:00:00+00:00,0.40367698669433594,0.40367698669433594,0.39462825655937195,0.3962448537349701,5253120
2026-01-15 16:00:00+00:00,0.3964986503124237,0.3990013897418976,0.3960111141204834,0.3990013897418976,0
2026-01-15 17:00:00+00:00,0.398951917886734,0.40028250217437744,0.3964900076389313,0.3964900076389313,0
2026-01-15 18:00:00+00:00,0.3963203430175781,0.396460622549057,0.3918943405151367,0.3922194540500641,0
2026-01-15 19:00:00+00:00,0.39219677448272705,0.39228519797325134,0.39068588614463806,0.3920743465423584,0
2026-01-15 20:00:00+00:00,0.39219364523887634,0.39322972297668457,0.38995420932769775,0.3904918432235718,0
2026-01-15 21:00:00+00:00,0.3904830515384674,0.39303696155548096,0.39042067527770996,0.3924846947193146,427008
2026-01-15 22:00:00+00:00,0.3925262987613678,0.3939919173717499,0.3925262987613678,0.3934459984302521,0
2026-01-15 23:00:00+00:00,0.3935012221336365,0.3940452039241791,0.39301031827926636,0.3934824466705322,7360
2026-01-16 00:00:00+00:00,0.39349237084388733,0.3939181864261627,0.39308610558509827,0.3934558629989624,0
2026-01-16 01:00:00+00:00,0.39345231652259827,0.39345231652259827,0.391921728849411,0.3922291100025177,0
2026-01-16 02:00:00+00:00,0.3922159969806671,0.3926222324371338,0.3899715840816498,0.3926222324371338,0
2026-01-16 03:00:00+00:00,0.3926321268081665,0.39277639985084534,0.3912041187286377,0.39121001958847046,0
2026-01-16 04:00:00+00:00,0.3912290930747986,0.39205631613731384,0.38883912563323975,0.38883912563323975,0
2026-01-16 05:00:00+00:00,0.3890087902545929,0.3931318521499634,0.3890087902545929,0.3929542005062103,897792
2026-01-16 06:00:00+00:00,0.39295336604118347,0.3940292298793793,0.39224082231521606,0.3938780426979065,0
2026-01-16 07:00:00+00:00,0.39387670159339905,0.3938854932785034,0.39241281151771545,0.3925487995147705,0
2026-01-16 08:00:00+00:00,0.39254850149154663,0.39326173067092896,0.3925311863422394,0.39288029074668884,0
2026-01-16 09:00:00+00:00,0.39272770285606384,0.39283010363578796,0.3918831944465637,0.3918831944465637,0
2026-01-16 10:00:00+00:00,0.3918794095516205,0.3918794095516205,0.39079928398132324,0.39091309905052185,0
2026-01-16 11:00:00+00:00,0.39091169834136963,0.3921504020690918,0.39078840613365173,0.3921264111995697,0
2026-01-16 12:00:00+00:00,0.39215773344039917,0.39234188199043274,0.39085644483566284,0.3910827934741974,0
2026-01-16 13:00:00+00:00,0.391089528799057,0.39122435450553894,0.38926586508750916,0.38966605067253113,0
2026-01-16 14:00:00+00:00,0.3896666169166565,0.3911468982696533,0.3894462287425995,0.38945019245147705,0
2026-01-16 15:00:00+00:00,0.38943466544151306,0.39054757356643677,0.38083118200302124,0.38161367177963257,15042624
2026-01-16 16:00:00+00:00,0.3816038966178894,0.3847067356109619,0.3808809816837311,0.38385725021362305,0
2026-01-16 17:00:00+00:00,0.38387438654899597,0.3860931396484375,0.3824556767940521,0.38581177592277527,0
2026-01-16 18:00:00+00:00,0.3860073387622833,0.38737109303474426,0.3860073387622833,0.38650184869766235,0
2026-01-16 19:00:00+00:00,0.3864589035511017,0.3869127035140991,0.38459649682044983,0.38667330145835876,0
2026-01-16 20:00:00+00:00,0.38668739795684814,0.394119530916214,0.38514333963394165,0.394119530916214,9036896
2026-01-16 21:00:00+00:00,0.3945201635360718,0.3975670337677002,0.394310861825943,0.3961804211139679,28838496
2026-01-16 22:00:00+00:00,0.3961845636367798,0.39772215485572815,0.3953896462917328,0.3959468603134155,7763072
2026-01-16 23:00:00+00:00,0.3963283896446228,0.3964020311832428,0.39534616470336914,0.3955335021018982,8221312
2026-01-17 00:00:00+00:00,0.39551234245300293,0.39686012268066406,0.39535102248191833,0.3957865238189697,10038400
2026-01-17 01:00:00+00:00,0.3957516551017761,0.3963773250579834,0.39525964856147766,0.3957541286945343,0
2026-01-17 02:00:00+00:00,0.39576342701911926,0.39582979679107666,0.3936804533004761,0.39459341764450073,0
2026-01-17 03:00:00+00:00,0.3945639729499817,0.3952966034412384,0.3938872814178467,0.39431899785995483,0
2026-01-17 04:00:00+00:00,0.39433449506759644,0.395940899848938,0.3940332531929016,0.395940899848938,0
2026-01-17 05:00:00+00:00,0.39593350887298584,0.3964775800704956,0.39569684863090515,0.39615941047668457,0
2026-01-17 06:00:00+00:00,0.3961438238620758,0.3961438238620758,0.3950776755809784,0.39509278535842896,0
2026-01-17 07:00:00+00:00,0.39509233832359314,0.3955475389957428,0.3939048647880554,0.39543551206588745,0
2026-01-17 08:00:00+00:00,0.3954389989376068,0.39645102620124817,0.39538657665252686,0.3958321213722229,0
2026-01-17 09:00:00+00:00,0.3958376944065094,0.39626720547676086,0.3954845368862152,0.3954845368862152,0
2026-01-17 10:00:00+00:00,0.39544278383255005,0.39651772379875183,0.39504605531692505,0.39595887064933777,0
2026-01-17 11:00:00+00:00,0.39595484733581543,0.39630013704299927,0.39496049284935,0.39496049284935,0
2026-01-17 12:00:00+00:00,0.39495110511779785,0.3962079882621765,0.39468419551849365,0.39572685956954956,0
2026-01-17 13:00:00+00:00,0.3957401514053345,0.39783650636672974,0.39548259973526,0.39764460921287537,0
2026-01-17 14:00:00+00:00,0.39764630794525146,0.4012247622013092,0.39693358540534973,0.4006771147251129,0
2026-01-17 15:00:00+00:00,0.4007096290588379,0.4018037021160126,0.4000450074672699,0.4018037021160126,0
2026-01-17 16:00:00+00:00,0.4023146629333496,0.4032447934150696,0.3994500935077667,0.40023794770240784,0
2026-01-17 17:00:00+00:00,0.40023550391197205,0.4015595316886902,0.3998468220233917,0.3998546004295349,0
2026-01-17 18:00:00+00:00,0.39991018176078796,0.4001781940460205,0.39926066994667053,0.39979684352874756,0
2026-01-17 19:00:00+00:00,0.39988747239112854,0.40088462829589844,0.39974382519721985,0.39976635575294495,0
2026-01-17 20:00:00+00:00,0.40013957023620605,0.4017304480075836,0.3989364206790924,0.39899757504463196,0
2026-01-17 21:00:00+00:00,0.39899200201034546,0.3990327715873718,0.3980520963668823,0.3984105587005615,0
2026-01-17 22:00:00+00:00,0.3984081447124481,0.39867156744003296,0.39557480812072754,0.396463543176651,0
2026-01-17 23:00:00+00:00,0.39642155170440674,0.3966769576072693,0.39606642723083496,0.3966769576072693,256
2026-01-18 00:00:00+00:00,0.3967321217060089,0.39818325638771057,0.3961980640888214,0.3963281214237213,0
2026-01-18 01:00:00+00:00,0.3963260352611542,0.39635157585144043,0.3936321437358856,0.3936578035354614,6110240
2026-01-18 02:00:00+00:00,0.393696129322052,0.3954271674156189,0.393696129322052,0.39405038952827454,0
2026-01-18 03:00:00+00:00,0.39406827092170715,0.39621463418006897,0.39406073093414307,0.39545199275016785,0
2026-01-18 04:00:00+00:00,0.3954065144062042,0.3954065144062042,0.39423274993896484,0.3952406048774719,0
2026-01-18 05:00:00+00:00,0.39523929357528687,0.39548879861831665,0.39465075731277466,0.39505112171173096,0
2026-01-18 06:00:00+00:00,0.395154744386673,0.39570263028144836,0.39451029896736145,0.3949465751647949,0
2026-01-18 07:00:00+00:00,0.3949572741985321,0.39498183131217957,0.39397600293159485,0.39443668723106384,0
2026-01-18 08:00:00+00:00,0.39443740248680115,0.39443740248680115,0.392337441444397,0.3939071297645569,11817312
2026-01-18 09:00:00+00:00,0.39389634132385254,0.3943777084350586,0.3934532403945923,0.3940722644329071,405536
2026-01-18 10:00:00+00:00,0.3940640687942505,0.394120454788208,0.39309099316596985,0.39380502700805664,1297728
2026-01-18 11:00:00+00:00,0.39377185702323914,0.39377185702323914,0.3929176330566406,0.3931383788585663,0
2026-01-18 12:00:00+00:00,0.3931407034397125,0.39346757531166077,0.39245113730430603,0.3924633860588074,1794976
2026-01-18 13:00:00+00:00,0.3924877941608429,0.393574059009552,0.3916410803794861,0.39279717206954956,3084512
2026-01-18 14:00:00+00:00,0.39278241991996765,0.3940522074699402,0.39141392707824707,0.39141392707824707,0
2026-01-18 15:00:00+00:00,0.39136189222335815,0.39203938841819763,0.3904571235179901,0.39192771911621094,0
2026-01-18 16:00:00+00:00,0.3919386565685272,0.3934110105037689,0.39183127880096436,0.39240726828575134,0
2026-01-18 17:00:00+00:00,0.39230361580848694,0.39230361580848694,0.390733927488327,0.39125460386276245,0
2026-01-18 18:00:00+00:00,0.3914443254470825,0.395292729139328,0.3912694454193115,0.39520755410194397,6862240
2026-01-18 19:00:00+00:00,0.39513203501701355,0.39513203501701355,0.3922554850578308,0.39225706458091736,1825664
2026-01-18 20:00:00+00:00,0.3922892212867737,0.39485520124435425,0.39169731736183167,0.39338991045951843,0
2026-01-18 21:00:00+00:00,0.3934065103530884,0.3941798508167267,0.3931530714035034,0.3941264748573303,0
2026-01-18 22:00:00+00:00,0.3941229283809662,0.39623504877090454,0.3941229283809662,0.39576318860054016,0
2026-01-18 23:00:00+00:00,0.3955782353878021,0.3955782353878021,0.3755377233028412,0.37566909193992615,76664864
2026-01-19 00:00:00+00:00,0.37567922472953796,0.37567922472953796,0.3567117154598236,0.363064706325531,270821664
2026-01-19 01:00:00+00:00,0.36304911971092224,0.36529213190078735,0.3624153137207031,0.36310282349586487,52016000
2026-01-19 02:00:00+00:00,0.3631473779678345,0.36501041054725647,0.3630726933479309,0.36493462324142456,16289152
2026-01-19 03:00:00+00:00,0.36494180560112,0.3656671941280365,0.36441299319267273,0.36563748121261597,12345728
2026-01-19 04:00:00+00:00,0.3656240403652191,0.3656240403652191,0.3637099266052246,0.3638908267021179,16608384
2026-01-19 05:00:00+00:00,0.36382442712783813,0.3657470643520355,0.3634164333343506,0.36389046907424927,50119296
2026-01-19 06:00:00+00:00,0.36389246582984924,0.36401867866516113,0.3611791133880615,0.3617524802684784,28191232
2026-01-19 07:00:00+00:00,0.36177054047584534,0.36471065878868103,0.36177054047584534,0.36407843232154846,23238976
2026-01-19 08:00:00+00:00,0.36407652497291565,0.3687565326690674,0.36383292078971863,0.3687565326690674,40507584
2026-01-19 09:00:00+00:00,0.3688352108001709,0.3699919879436493,0.36856383085250854,0.3691803812980652,39829632
2026-01-19 10:00:00+00:00,0.3692910969257355,0.3707558512687683,0.36893898248672485,0.3707174062728882,26824064
2026-01-19 11:00:00+00:00,0.3707248866558075,0.3720661401748657,0.36908066272735596,0.36908066272735596,31113472
2026-01-19 12:00:00+00:00,0.36903560161590576,0.36903560161590576,0.36659538745880127,0.3665978014469147,12249216
2026-01-19 13:00:00+00:00,0.36661162972450256,0.3668521046638489,0.3658549189567566,0.36603212356567383,2467392
2026-01-19 14:00:00+00:00,0.3660043179988861,0.3697127103805542,0.36594709753990173,0.36782944202423096,3237632
2026-01-19 15:00:00+00:00,0.3679808974266052,0.36832454800605774,0.3662264049053192,0.3667144477367401,0
2026-01-19 16:00:00+00:00,0.3667127192020416,0.37101471424102783,0.3666016459465027,0.37097564339637756,4856704
2026-01-19 17:00:00+00:00,0.3709711730480194,0.3709711730480194,0.36896052956581116,0.36896052956581116,1958528
2026-01-19 18:00:00+00:00,0.36892879009246826,0.36951711773872375,0.3685198724269867,0.36891862750053406,0
2026-01-19 19:00:00+00:00,0.3689284026622772,0.3721119463443756,0.3689284026622772,0.37058165669441223,1978496
2026-01-19 20:00:00+00:00,0.37058061361312866,0.37200409173965454,0.37058061361312866,0.3711561858654022,1910848
2026-01-19 21:00:00+00:00,0.3711407780647278,0.3716452121734619,0.3700111508369446,0.3703082203865051,3743872
2026-01-19 22:00:00+00:00,0.3702535331249237,0.37043076753616333,0.3673155903816223,0.36781632900238037,4146240
2026-01-19 23:00:00+00:00,0.36767956614494324,0.370808869600296,0.3675837516784668,0.3701266050338745,0
2026-01-20 00:00:00+00:00,0.3701261281967163,0.3701261281967163,0.36824920773506165,0.36824920773506165,0
2026-01-20 01:00:00+00:00,0.368252694606781,0.36998581886291504,0.36771148443222046,0.3690696358680725,0
2026-01-20 02:00:00+00:00,0.3689778745174408,0.3689778745174408,0.3662773370742798,0.36801764369010925,0
2026-01-20 03:00:00+00:00,0.3678012490272522,0.3678012490272522,0.36577391624450684,0.36650580167770386,0
2026-01-20 04:00:00+00:00,0.3664945960044861,0.36689212918281555,0.36597946286201477,0.36598092317581177,0
2026-01-20 05:00:00+00:00,0.36594659090042114,0.3679286539554596,0.3654913902282715,0.3675878942012787,0
2026-01-20 06:00:00+00:00,0.3675679862499237,0.3675679862499237,0.3645513653755188,0.36624372005462646,4278208
2026-01-20 07:00:00+00:00,0.3662870228290558,0.36740660667419434,0.36605435609817505,0.36605435609817505,0
2026-01-20 08:00:00+00:00,0.366041362285614,0.3661084473133087,0.35807839035987854,0.3595849573612213,18699264
2026-01-20 09:00:00+00:00,0.3597180247306824,0.3599169850349426,0.3578503727912903,0.3583217263221741,0
2026-01-20 10:00:00+00:00,0.35832080245018005,0.36091920733451843,0.35832080245018005,0.3599011301994324,0
2026-01-20 11:00:00+00:00,0.3598942756652832,0.36027413606643677,0.3577413558959961,0.357756108045578,0
2026-01-20 12:00:00+00:00,0.35772424936294556,0.35938435792922974,0.3575409948825836,0.35887739062309265,1258048
2026-01-20 13:00:00+00:00,0.35887041687965393,0.3591087758541107,0.3561723828315735,0.35703712701797485,24879296
2026-01-20 14:00:00+00:00,0.35699284076690674,0.36166319251060486,0.35699284076690674,0.360767126083374,36533504
2026-01-20 15:00:00+00:00,0.3606439530849457,0.3606439530849457,0.35783058404922485,0.3579130172729492,27387648
2026-01-20 16:00:00+00:00,0.358151912689209,0.35932493209838867,0.3529755473136902,0.3544585108757019,14287744
2026-01-20 17:00:00+00:00,0.35433530807495117,0.35560569167137146,0.35053861141204834,0.35159075260162354,23260160
2026-01-20 18:00:00+00:00,0.35154610872268677,0.35225486755371094,0.35060444474220276,0.3509920835494995,13211776
2026-01-20 19:00:00+00:00,0.3510086238384247,0.35240256786346436,0.3503666818141937,0.35181862115859985,9821312
2026-01-20 20:00:00+00:00,0.3518381118774414,0.3534074127674103,0.35091885924339294,0.35319194197654724,8173568
2026-01-20 21:00:00+00:00,0.35317423939704895,0.3532451391220093,0.3513045907020569,0.351584255695343,4486400
2026-01-20 22:00:00+00:00,0.35159581899642944,0.352132111787796,0.3501414656639099,0.3506183624267578,15766272
2026-01-20 23:00:00+00:00,0.3505995273590088,0.3513394594192505,0.3499291241168976,0.3504203259944916,2728384
2026-01-21 00:00:00+00:00,0.35039034485816956,0.3564721643924713,0.35039034485816956,0.3564721643924713,14096512
2026-01-21 01:00:00+00:00,0.3565104305744171,0.3590959906578064,0.3565104305744171,0.35765108466148376,16920192
2026-01-21 02:00:00+00:00,0.35765066742897034,0.3602372109889984,0.35765066742897034,0.3578847646713257,0
2026-01-21 03:00:00+00:00,0.3578707277774811,0.3594066798686981,0.3577567934989929,0.3580147325992584,0
2026-01-21 04:00:00+00:00,0.3580147325992584,0.35872170329093933,0.3575936257839203,0.35846173763275146,0
2026-01-21 05:00:00+00:00,0.35845860838890076,0.3613351285457611,0.35845860838890076,0.36085274815559387,0
2026-01-21 06:00:00+00:00,0.3608647882938385,0.3608647882938385,0.3585662543773651,0.3585662543773651,0
2026-01-21 07:00:00+00:00,0.35858577489852905,0.36121538281440735,0.3584606945514679,0.3589228093624115,0
2026-01-21 08:00:00+00:00,0.358964204788208,0.35911825299263,0.3567770719528198,0.357931911945343,0
2026-01-21 09:00:00+00:00,0.357933908700943,0.35852357745170593,0.35747408866882324,0.35775619745254517,0
2026-01-21 10:00:00+00:00,0.35779523849487305,0.35861921310424805,0.35732030868530273,0.35732030868530273,0
2026-01-21 11:00:00+00:00,0.3572836220264435,0.3573872447013855,0.3556227684020996,0.3556227684020996,0
2026-01-21 12:00:00+00:00,0.3555584251880646,0.3555584251880646,0.3504980206489563,0.35431286692619324,6499712
2026-01-21 13:00:00+00:00,0.3543241024017334,0.35662591457366943,0.3524090051651001,0.3532361090183258,0
2026-01-21 14:00:00+00:00,0.3530973792076111,0.36130303144454956,0.35249054431915283,0.36130303144454956,19654912
2026-01-21 15:00:00+00:00,0.3612669110298157,0.3621712625026703,0.35932961106300354,0.3620571196079254,0
2026-01-21 16:00:00+00:00,0.3620704412460327,0.362145334482193,0.3491497039794922,0.3491497039794922,2331136
2026-01-21 17:00:00+00:00,0.3490745723247528,0.3508601784706116,0.3480762839317322,0.3501553237438202,481792
2026-01-21 18:00:00+00:00,0.3502412736415863,0.3534964919090271,0.34967875480651855,0.3533859848976135,0
2026-01-21 19:00:00+00:00,0.35352498292922974,0.36660268902778625,0.3521285355091095,0.36660268902778625,46072512
2026-01-21 20:00:00+00:00,0.36664721369743347,0.36720144748687744,0.36292317509651184,0.36590683460235596,17665408
2026-01-21 21:00:00+00:00,0.3660416007041931,0.3687484860420227,0.3660416007041931,0.3687484860420227,13298240
2026-01-21 22:00:00+00:00,0.368687242269516,0.3725849688053131,0.36807090044021606,0.3687260150909424,6671744
2026-01-21 23:00:00+00:00,0.3687210977077484,0.3688131272792816,0.36511799693107605,0.365695983171463,0
2026-01-22 00:00:00+00:00,0.3656957447528839,0.36799323558807373,0.3656957447528839,0.36777517199516296,0
2026-01-22 01:00:00+00:00,0.3677266538143158,0.36823156476020813,0.36647817492485046,0.3671315014362335,0
2026-01-22 02:00:00+00:00,0.36713749170303345,0.36767420172691345,0.3652534484863281,0.3652534484863281,1907328
2026-01-22 03:00:00+00:00,0.3652481138706207,0.36633795499801636,0.36367979645729065,0.3637182116508484,5861888
2026-01-22 04:00:00+00:00,0.3636223077774048,0.36570310592651367,0.3636223077774048,0.36563414335250854,17504768
2026-01-22 05:00:00+00:00,0.3656327426433563,0.3667777180671692,0.3650550842285156,0.3650550842285156,1553216
2026-01-22 06:00:00+00:00,0.36503151059150696,0.36565932631492615,0.36457961797714233,0.36553627252578735,225088
2026-01-22 07:00:00+00:00,0.36550387740135193,0.36550387740135193,0.3635800778865814,0.3635800778865814,0
2026-01-22 08:00:00+00:00,0.36357972025871277,0.36457452178001404,0.3627886176109314,0.3641476333141327,3070016
2026-01-22 09:00:00+00:00,0.3642355799674988,0.3657284677028656,0.36398524045944214,0.36539825797080994,2285760
2026-01-22 10:00:00+00:00,0.36540618538856506,0.3655976951122284,0.3648514747619629,0.3655976951122284,1935360
2026-01-22 11:00:00+00:00,0.3655771315097809,0.3655771315097809,0.3634870648384094,0.3635301887989044,0
2026-01-22 12:00:00+00:00,0.3635261654853821,0.36372804641723633,0.36324575543403625,0.36332374811172485,0
2026-01-22 13:00:00+00:00,0.36320313811302185,0.3650522530078888,0.36152446269989014,0.3618733882904053,0
2026-01-22 14:00:00+00:00,0.36190539598464966,0.36222678422927856,0.35801804065704346,0.3582379221916199,0
2026-01-22 15:00:00+00:00,0.35820168256759644,0.3591473698616028,0.35578933358192444,0.3580128848552704,0
2026-01-22 16:00:00+00:00,0.3580685257911682,0.3618994653224945,0.3580685257911682,0.36146169900894165,0
2026-01-22 17:00:00+00:00,0.36145952343940735,0.36242255568504333,0.36015036702156067,0.3619774580001831,0
2026-01-22 18:00:00+00:00,0.3620220720767975,0.36210861802101135,0.35954490303993225,0.35954490303993225,0
2026-01-22 19:00:00+00:00,0.3595399856567383,0.3615633547306061,0.3590608537197113,0.361310750246048,0
2026-01-22 20:00:00+00:00,0.36130189895629883,0.36130189895629883,0.3591698706150055,0.3597052991390228,0
2026-01-22 21:00:00+00:00,0.3599204123020172,0.36056607961654663,0.35933157801628113,0.3593537211418152,0
2026-01-22 22:00:00+00:00,0.35936155915260315,0.3595784306526184,0.35860762000083923,0.3593962490558624,0
2026-01-22 23:00:00+00:00,0.3593107759952545,0.3593107759952545,0.3580777049064636,0.358896940946579,0
2026-01-23 00:00:00+00:00,0.3589041829109192,0.35953056812286377,0.35865461826324463,0.3593239486217499,0
2026-01-23 01:00:00+00:00,0.35930711030960083,0.3606571853160858,0.3591092526912689,0.3606536090373993,0
2026-01-23 02:00:00+00:00,0.3608705401420593,0.3608705401420593,0.35922127962112427,0.35922127962112427,0
2026-01-23 03:00:00+00:00,0.3592289090156555,0.3624441623687744,0.35916393995285034,0.3615425229072571,0
2026-01-23 04:00:00+00:00,0.3615398705005646,0.3642736077308655,0.3614453971385956,0.3642446994781494,0
2026-01-23 05:00:00+00:00,0.3642154633998871,0.3642154633998871,0.35997721552848816,0.35999467968940735,0
2026-01-23 06:00:00+00:00,0.360026478767395,0.36196064949035645,0.35967472195625305,0.3600144386291504,6575488
2026-01-23 07:00:00+00:00,0.3600170910358429,0.36087650060653687,0.3594284951686859,0.3608550429344177,0
2026-01-23 08:00:00+00:00,0.36087319254875183,0.36091676354408264,0.358488529920578,0.3586178123950958,0
2026-01-23 09:00:00+00:00,0.35864508152008057,0.3600615859031677,0.3580363690853119,0.35829776525497437,8193824
2026-01-23 10:00:00+00:00,0.35830241441726685,0.35915055871009827,0.35819917917251587,0.35874462127685547,222848
2026-01-23 11:00:00+00:00,0.35874244570732117,0.36018291115760803,0.3585808575153351,0.35966727137565613,0
2026-01-23 12:00:00+00:00,0.3596937656402588,0.3597114086151123,0.3584429621696472,0.3597114086151123,959744
2026-01-23 13:00:00+00:00,0.35968664288520813,0.35977673530578613,0.3588505685329437,0.3588505685329437,0
2026-01-23 14:00:00+00:00,0.35882750153541565,0.35882750153541565,0.35337281227111816,0.35422012209892273,4965600
2026-01-23 15:00:00+00:00,0.3541977107524872,0.3593875467777252,0.3540864884853363,0.3593875467777252,0
2026-01-23 16:00:00+00:00,0.3594817519187927,0.36553463339805603,0.3594817519187927,0.36332815885543823,5894592
2026-01-23 17:00:00+00:00,0.3633068799972534,0.3688493072986603,0.3618895709514618,0.36586105823516846,28105856
2026-01-23 18:00:00+00:00,0.36585161089897156,0.36765363812446594,0.36538442969322205,0.3658086657524109,3456224
2026-01-23 19:00:00+00:00,0.36577922105789185,0.36577922105789185,0.3604905605316162,0.3610467314720154,11259872
2026-01-23 20:00:00+00:00,0.361033171415329,0.36192068457603455,0.3575699031352997,0.35871678590774536,7552192
2026-01-23 21:00:00+00:00,0.3586215078830719,0.36033526062965393,0.3585013449192047,0.35971730947494507,1232384
2026-01-23 22:00:00+00:00,0.3596881031990051,0.36182349920272827,0.359539657831192,0.3618095815181732,1232704
2026-01-23 23:00:00+00:00,0.361833781003952,0.361833781003952,0.36008235812187195,0.3600994646549225,11424
2026-01-24 00:00:00+00:00,0.36008408665657043,0.36058324575424194,0.35927683115005493,0.35927683115005493,809472
2026-01-24 01:00:00+00:00,0.35923826694488525,0.35923826694488525,0.35840168595314026,0.3589305579662323,0
2026-01-24 02:00:00+00:00,0.35893118381500244,0.359756737947464,0.35893118381500244,0.35942378640174866,0
2026-01-24 03:00:00+00:00,0.35941988229751587,0.3614532947540283,0.35941988229751587,0.36111825704574585,0
2026-01-24 04:00:00+00:00,0.3611404597759247,0.36187857389450073,0.3606414496898651,0.3607332408428192,0
2026-01-24 05:00:00+00:00,0.3606821894645691,0.36073726415634155,0.3600289523601532,0.36003631353378296,0
2026-01-24 06:00:00+00:00,0.36007630825042725,0.3601245880126953,0.3595679998397827,0.3595679998397827,0
2026-01-24 07:00:00+00:00,0.35955116152763367,0.3599359393119812,0.3592980206012726,0.35944345593452454,0
2026-01-24 08:00:00+00:00,0.35941633582115173,0.35941633582115173,0.35838422179222107,0.35924628376960754,0
2026-01-24 09:00:00+00:00,0.35925039649009705,0.3600304424762726,0.35893699526786804,0.3591326177120209,0
2026-01-24 10:00:00+00:00,0.35911887884140015,0.35911887884140015,0.3586670756340027,0.35882723331451416,0
2026-01-24 11:00:00+00:00,0.35881784558296204,0.35946735739707947,0.3587510287761688,0.35918790102005005,0
2026-01-24 12:00:00+00:00,0.35919514298439026,0.35971498489379883,0.3591720163822174,0.3596155345439911,0
2026-01-24 13:00:00+00:00,0.3596138656139374,0.3596964180469513,0.3589188754558563,0.3595457375049591,0
2026-01-24 14:00:00+00:00,0.3594898581504822,0.35959696769714355,0.358333021402359,0.3590201139450073,0
2026-01-24 15:00:00+00:00,0.3590036630630493,0.35942986607551575,0.3573983609676361,0.3574889302253723,0
2026-01-24 16:00:00+00:00,0.357488751411438,0.3582701086997986,0.3568430542945862,0.3581846058368683,0
2026-01-24 17:00:00+00:00,0.358173668384552,0.3584587275981903,0.35786622762680054,0.35804757475852966,0
2026-01-24 18:00:00+00:00,0.3581087589263916,0.3589593172073364,0.35790225863456726,0.35854393243789673,0
2026-01-24 19:00:00+00:00,0.3585319221019745,0.3585319221019745,0.3576851785182953,0.35789385437965393,0
2026-01-24 20:00:00+00:00,0.3578803539276123,0.35879257321357727,0.3578241467475891,0.3586462438106537,0
2026-01-24 21:00:00+00:00,0.35865354537963867,0.35865354537963867,0.35807526111602783,0.3584977388381958,0
2026-01-24 22:00:00+00:00,0.3584892153739929,0.3592517375946045,0.35832467675209045,0.35924187302589417,0
2026-01-24 23:00:00+00:00,0.3592635989189148,0.3593202531337738,0.3578092157840729,0.35815685987472534,875328
2026-01-25 00:00:00+00:00,0.3581099510192871,0.358159601688385,0.35714149475097656,0.358159601688385,639296
2026-01-25 01:00:00+00:00,0.35816770792007446,0.3586327135562897,0.3569413125514984,0.35710760951042175,0
2026-01-25 02:00:00+00:00,0.35710400342941284,0.35761162638664246,0.3562237322330475,0.3562237322330475,0
2026-01-25 03:00:00+00:00,0.356221079826355,0.35656607151031494,0.35441893339157104,0.35532262921333313,2973552
2026-01-25 04:00:00+00:00,0.3553118109703064,0.3570109009742737,0.35525116324424744,0.3568744361400604,854784
2026-01-25 05:00:00+00:00,0.3568561375141144,0.3568561375141144,0.35551515221595764,0.35619646310806274,0
2026-01-25 06:00:00+00:00,0.3562639057636261,0.3562878668308258,0.3553648293018341,0.3555103540420532,1124144
2026-01-25 07:00:00+00:00,0.3555070161819458,0.3555624186992645,0.3541640341281891,0.35518380999565125,3673520
2026-01-25 08:00:00+00:00,0.35519057512283325,0.3560122847557068,0.35413482785224915,0.3543754518032074,3580832
2026-01-25 09:00:00+00:00,0.3543742597103119,0.3569583594799042,0.3538415729999542,0.35631442070007324,6472272
2026-01-25 10:00:00+00:00,0.3563103973865509,0.3591207265853882,0.3563103973865509,0.35816314816474915,7275376
2026-01-25 11:00:00+00:00,0.3581254482269287,0.3581254482269287,0.3560229539871216,0.35605254769325256,1270928
2026-01-25 12:00:00+00:00,0.3560517728328705,0.3560517728328705,0.3545428216457367,0.3553490936756134,2177712
2026-01-25 13:00:00+00:00,0.35536882281303406,0.3563539683818817,0.3550128638744354,0.35633957386016846,3305472
2026-01-25 14:00:00+00:00,0.35634902119636536,0.35634949803352356,0.351032555103302,0.35194769501686096,6459856
2026-01-25 15:00:00+00:00,0.3519517779350281,0.35326269268989563,0.35187914967536926,0.3518853783607483,756832
2026-01-25 16:00:00+00:00,0.3518999516963959,0.3518999516963959,0.3426758646965027,0.3438379168510437,89145888
2026-01-25 17:00:00+00:00,0.34387242794036865,0.34442460536956787,0.34210696816444397,0.34211796522140503,17737472
2026-01-25 18:00:00+00:00,0.34209394454956055,0.34209394454956055,0.33870139718055725,0.33990582823753357,41979840
2026-01-25 19:00:00+00:00,0.33987244963645935,0.33987244963645935,0.3341819643974304,0.3341819643974304,49616992
2026-01-25 20:00:00+00:00,0.33418726921081543,0.3358210325241089,0.3333922028541565,0.335273802280426,40586816
2026-01-25 21:00:00+00:00,0.33524540066719055,0.33861494064331055,0.33524540066719055,0.3385910093784332,26201472
2026-01-25 22:00:00+00:00,0.33860236406326294,0.3387623131275177,0.336819052696228,0.33760517835617065,12747456
2026-01-25 23:00:00+00:00,0.33766883611679077,0.3391358256340027,0.33766883611679077,0.33869126439094543,12975008
2026-01-26 00:00:00+00:00,0.3387158215045929,0.34339654445648193,0.3386857509613037,0.34338894486427307,20731712
2026-01-26 01:00:00+00:00,0.34341567754745483,0.3486904203891754,0.34341567754745483,0.3485814332962036,26242560
2026-01-26 02:00:00+00:00,0.34861645102500916,0.34861645102500916,0.3457331359386444,0.34586334228515625,11711872
2026-01-26 03:00:00+00:00,0.3458866477012634,0.34716084599494934,0.34399867057800293,0.34402376413345337,301888
2026-01-26 04:00:00+00:00,0.3440890908241272,0.3488801121711731,0.3440890908241272,0.3471757471561432,9088384
2026-01-26 05:00:00+00:00,0.34718456864356995,0.34741654992103577,0.3466584086418152,0.34741654992103577,6654848
2026-01-26 06:00:00+00:00,0.34740009903907776,0.3480333983898163,0.34631800651550293,0.347820907831192,3973440
2026-01-26 07:00:00+00:00,0.34766510128974915,0.3483404517173767,0.34718814492225647,0.3478783071041107,8013504
2026-01-26 08:00:00+00:00,0.3478648364543915,0.3497682213783264,0.3474891185760498,0.34823110699653625,12335488
2026-01-26 09:00:00+00:00,0.34825024008750916,0.34825024008750916,0.34491166472435,0.3449394702911377,2385664
2026-01-26 10:00:00+00:00,0.34496060013771057,0.3473343253135681,0.34496060013771057,0.34681788086891174,0
2026-01-26 11:00:00+00:00,0.34680822491645813,0.3478488326072693,0.34651854634284973,0.3469754457473755,3343552
2026-01-26 12:00:00+00:00,0.3469442129135132,0.34771445393562317,0.3465680480003357,0.3471248149871826,2944768
2026-01-26 13:00:00+00:00,0.34715721011161804,0.3488749861717224,0.34715721011161804,0.3488749861717224,5304192
2026-01-26 14:00:00+00:00,0.34890109300613403,0.35307466983795166,0.3481881320476532,0.3527939021587372,27864832
2026-01-26 15:00:00+00:00,0.3532227873802185,0.35721030831336975,0.35107529163360596,0.3517836630344391,34961856
2026-01-26 16:00:00+00:00,0.35182201862335205,0.35360652208328247,0.3511516749858856,0.3531372547149658,0
2026-01-26 17:00:00+00:00,0.3531130850315094,0.3535403311252594,0.34999924898147583,0.3526252210140228,0
2026-01-26 18:00:00+00:00,0.3526255190372467,0.3548918664455414,0.35227954387664795,0.352951318025589,0
2026-01-26 19:00:00+00:00,0.35305270552635193,0.3539845049381256,0.3518868088722229,0.3518868088722229,0
2026-01-26 20:00:00+00:00,0.35188475251197815,0.35222306847572327,0.34944647550582886,0.34946680068969727,0
2026-01-26 21:00:00+00:00,0.349498450756073,0.35342270135879517,0.3491089940071106,0.353288859128952,0
2026-01-26 22:00:00+00:00,0.35328924655914307,0.35328924655914307,0.35155531764030457,0.35214120149612427,0
2026-01-26 23:00:00+00:00,0.3519759774208069,0.3535751402378082,0.35144108533859253,0.3519900143146515,0
2026-01-27 00:00:00+00:00,0.3518713712692261,0.35191598534584045,0.3511084318161011,0.35184767842292786,0
2026-01-27 01:00:00+00:00,0.3518572151660919,0.3539659380912781,0.3512308597564697,0.3535209894180298,0
2026-01-27 02:00:00+00:00,0.3535693883895874,0.3544291853904724,0.35338523983955383,0.35391801595687866,0
2026-01-27 03:00:00+00:00,0.353991836309433,0.3540894389152527,0.35229596495628357,0.3523039221763611,3435648
2026-01-27 04:00:00+00:00,0.35229015350341797,0.35351094603538513,0.3522258996963501,0.3525680899620056,0
2026-01-27 05:00:00+00:00,0.35257625579833984,0.3526396155357361,0.35160309076309204,0.3518443703651428,0
2026-01-27 06:00:00+00:00,0.35188716650009155,0.352217435836792,0.35075846314430237,0.35075846314430237,0
2026-01-27 07:00:00+00:00,0.35075655579566956,0.3517310619354248,0.35074904561042786,0.35124334692955017,0
2026-01-27 08:00:00+00:00,0.3512735366821289,0.3520987331867218,0.3508685827255249,0.351309210062027,0
2026-01-27 09:00:00+00:00,0.35130420327186584,0.35130420327186584,0.3487367331981659,0.3487367331981659,0
2026-01-27 10:00:00+00:00,0.34876760840415955,0.3494901657104492,0.34876760840415955,0.3492793142795563,2236864
2026-01-27 11:00:00+00:00,0.3492896556854248,0.35078829526901245,0.3491438925266266,0.3507081866264343,7744288
2026-01-27 12:00:00+00:00,0.35045942664146423,0.35045942664146423,0.34909284114837646,0.3492795526981354,2293280
2026-01-27 13:00:00+00:00,0.3493066430091858,0.34957918524742126,0.3478938639163971,0.3478938639163971,0
2026-01-27 14:00:00+00:00,0.347900927066803,0.3514879047870636,0.3478851914405823,0.348881334066391,0
2026-01-27 15:00:00+00:00,0.34872981905937195,0.350911021232605,0.3486703634262085,0.35090774297714233,0
2026-01-27 16:00:00+00:00,0.3509047329425812,0.35696467757225037,0.3509047329425812,0.3564296066761017,27574176
2026-01-27 17:00:00+00:00,0.3567544221878052,0.3567544221878052,0.3493979275226593,0.34967049956321716,27629248
2026-01-27 18:00:00+00:00,0.34976568818092346,0.35456645488739014,0.34976568818092346,0.35456645488739014,0
2026-01-27 19:00:00+00:00,0.35449209809303284,0.35534316301345825,0.3540612459182739,0.35516566038131714,6169344
2026-01-27 20:00:00+00:00,0.35516196489334106,0.3613390326499939,0.35516196489334106,0.361105740070343,33363616
2026-01-27 21:00:00+00:00,0.3611983358860016,0.36212295293807983,0.35960710048675537,0.35960710048675537,6439552
2026-01-27 22:00:00+00:00,0.3597663640975952,0.36168304085731506,0.3597663640975952,0.3607654571533203,5912000
2026-01-27 23:00:00+00:00,0.3607087731361389,0.36153876781463623,0.36029747128486633,0.36029747128486633,626560
2026-01-28 00:00:00+00:00,0.36057958006858826,0.36057958006858826,0.3577183783054352,0.35885974764823914,8204704
2026-01-28 01:00:00+00:00,0.3588773310184479,0.3588773310184479,0.3562697768211365,0.3572871685028076,4272352
2026-01-28 02:00:00+00:00,0.35700178146362305,0.3575565218925476,0.3567216694355011,0.3572504222393036,0
2026-01-28 03:00:00+00:00,0.3572675585746765,0.3573322296142578,0.3562021255493164,0.35658034682273865,0
2026-01-28 04:00:00+00:00,0.35655635595321655,0.35655635595321655,0.35491982102394104,0.35506942868232727,1966816
2026-01-28 05:00:00+00:00,0.3553290069103241,0.356705904006958,0.35498785972595215,0.3566618859767914,1402432
2026-01-28 06:00:00+00:00,0.35693368315696716,0.35835808515548706,0.3568440079689026,0.35835808515548706,5804896
2026-01-28 07:00:00+00:00,0.3583239018917084,0.3583340644836426,0.3566824495792389,0.3567960262298584,2339104
2026-01-28 08:00:00+00:00,0.356810986995697,0.35782429575920105,0.356692910194397,0.3567090630531311,2774080
2026-01-28 09:00:00+00:00,0.356636643409729,0.36029040813446045,0.3563796579837799,0.3600620925426483,4978336
2026-01-28 10:00:00+00:00,0.3604171872138977,0.3610306680202484,0.3596433699131012,0.3596433699131012,4687872
2026-01-28 11:00:00+00:00,0.359635591506958,0.363461434841156,0.3594239354133606,0.363461434841156,5198208
2026-01-28 12:00:00+00:00,0.3634951710700989,0.363831490278244,0.36022061109542847,0.3607643246650696,15467584
2026-01-28 13:00:00+00:00,0.3605855405330658,0.36248064041137695,0.3605855405330658,0.36153411865234375,8146304
2026-01-28 14:00:00+00:00,0.36154770851135254,0.36154770851135254,0.3583448827266693,0.3583448827266693,12411968
2026-01-28 15:00:00+00:00,0.3582737445831299,0.35893163084983826,0.35558825731277466,0.35726138949394226,16550464
2026-01-28 16:00:00+00:00,0.3570263385772705,0.35810038447380066,0.35611462593078613,0.35682347416877747,0
2026-01-28 17:00:00+00:00,0.3567362427711487,0.3601289987564087,0.35570940375328064,0.3597591519355774,0
2026-01-28 18:00:00+00:00,0.3591651916503906,0.3591651916503906,0.3557831943035126,0.3558696508407593,0
2026-01-28 19:00:00+00:00,0.3565880060195923,0.35859474539756775,0.35585418343544006,0.35859474539756775,4753184
2026-01-28 20:00:00+00:00,0.35814008116722107,0.3596036732196808,0.35691192746162415,0.3575074076652527,0
2026-01-28 21:00:00+00:00,0.3571147322654724,0.3583042323589325,0.3558545410633087,0.35816699266433716,0
2026-01-28 22:00:00+00:00,0.35805273056030273,0.3597325384616852,0.3568228781223297,0.3597323000431061,0
2026-01-28 23:00:00+00:00,0.3598458766937256,0.3600510358810425,0.3577286899089813,0.3578788936138153,2034592
2026-01-29 00:00:00+00:00,0.35798484086990356,0.35800132155418396,0.35523998737335205,0.35562214255332947,1105504
2026-01-29 01:00:00+00:00,0.3559657335281372,0.3564750552177429,0.3538628816604614,0.3538628816604614,878112
2026-01-29 02:00:00+00:00,0.3538360893726349,0.35463640093803406,0.34959614276885986,0.3499373495578766,17384480
2026-01-29 03:00:00+00:00,0.349837064743042,0.3521200716495514,0.349837064743042,0.3507707118988037,5685664
2026-01-29 04:00:00+00:00,0.35070928931236267,0.35070928931236267,0.34789642691612244,0.3497517704963684,10965696
2026-01-29 05:00:00+00:00,0.34965837001800537,0.3502020537853241,0.34964096546173096,0.3499195873737335,520160
2026-01-29 06:00:00+00:00,0.34995347261428833,0.3510949909687042,0.34995347261428833,0.3510259687900543,0
2026-01-29 07:00:00+00:00,0.35115259885787964,0.3515990078449249,0.3508477807044983,0.35125312209129333,762304
2026-01-29 08:00:00+00:00,0.3511956036090851,0.3511956036090851,0.34903818368911743,0.3492501378059387,4280192
2026-01-29 09:00:00+00:00,0.34924793243408203,0.34947073459625244,0.3489293158054352,0.3489293158054352,0
2026-01-29 10:00:00+00:00,0.34888389706611633,0.34888389706611633,0.3473566770553589,0.34771573543548584,0
2026-01-29 11:00:00+00:00,0.34771728515625,0.34771728515625,0.3459359109401703,0.3462505042552948,0
2026-01-29 12:00:00+00:00,0.34622904658317566,0.34622904658317566,0.34453603625297546,0.34453603625297546,0
2026-01-29 13:00:00+00:00,0.34461668133735657,0.3459632694721222,0.34461668133735657,0.3454676568508148,0
2026-01-29 14:00:00+00:00,0.34551841020584106,0.34645307064056396,0.33989423513412476,0.33989423513412476,0
2026-01-29 15:00:00+00:00,0.3383547067642212,0.3383547067642212,0.33028796315193176,0.3333074152469635,81523968
2026-01-29 16:00:00+00:00,0.3331938087940216,0.33503207564353943,0.330829381942749,0.33503207564353943,31410880
2026-01-29 17:00:00+00:00,0.3351842164993286,0.3395470976829529,0.33380892872810364,0.33380892872810364,19759808
2026-01-29 18:00:00+00:00,0.3338422179222107,0.3345900774002075,0.32850438356399536,0.32850438356399536,34142144
2026-01-29 19:00:00+00:00,0.32832762598991394,0.33088207244873047,0.32744473218917847,0.3307594954967499,18510656
2026-01-29 20:00:00+00:00,0.3307114541530609,0.3331148028373718,0.329849511384964,0.33289849758148193,4389888
2026-01-29 21:00:00+00:00,0.332975298166275,0.33487045764923096,0.332975298166275,0.3345251679420471,9656384
2026-01-29 22:00:00+00:00,0.3345346450805664,0.33554771542549133,0.3345346450805664,0.3347978889942169,5873536
2026-01-29 23:00:00+00:00,0.33477258682250977,0.33477258682250977,0.33315014839172363,0.33401715755462646,0
2026-01-30 00:00:00+00:00,0.3340422511100769,0.3350946009159088,0.333212286233902,0.3335300385951996,167872
2026-01-30 01:00:00+00:00,0.3335212767124176,0.3338751792907715,0.323490172624588,0.3260229229927063,76710592
2026-01-30 02:00:00+00:00,0.32604166865348816,0.3261365592479706,0.3217141926288605,0.32446739077568054,15253760
2026-01-30 03:00:00+00:00,0.3245161175727844,0.32572564482688904,0.3244556188583374,0.32479745149612427,3780224
2026-01-30 04:00:00+00:00,0.3247743248939514,0.3287142813205719,0.3247361183166504,0.32844114303588867,0
2026-01-30 05:00:00+00:00,0.3280510902404785,0.32814687490463257,0.3266552984714508,0.32673224806785583,3596096
2026-01-30 06:00:00+00:00,0.32650241255760193,0.32650241255760193,0.3207646906375885,0.3214200437068939,20355264
2026-01-30 07:00:00+00:00,0.32146093249320984,0.32557588815689087,0.32146093249320984,0.32516783475875854,16505792
2026-01-30 08:00:00+00:00,0.32498419284820557,0.32498419284820557,0.32177770137786865,0.3222602307796478,7237632
2026-01-30 09:00:00+00:00,0.3223840594291687,0.32278165221214294,0.3211245536804199,0.3218219578266144,13554560
2026-01-30 10:00:00+00:00,0.3218092620372772,0.3231052756309509,0.32136476039886475,0.3229934573173523,5809280
2026-01-30 11:00:00+00:00,0.3230237066745758,0.3272985517978668,0.3230237066745758,0.3272196054458618,963008
2026-01-30 12:00:00+00:00,0.32721978425979614,0.32740500569343567,0.3244759440422058,0.3244759440422058,0
2026-01-30 13:00:00+00:00,0.32483184337615967,0.3248564302921295,0.32258862257003784,0.3227226734161377,13848960
2026-01-30 14:00:00+00:00,0.3228053152561188,0.3268243670463562,0.3228053152561188,0.3246331512928009,19705216
2026-01-30 15:00:00+00:00,0.32463428378105164,0.32679247856140137,0.3217773139476776,0.32484641671180725,0
2026-01-30 16:00:00+00:00,0.3250844180583954,0.3271665573120117,0.3244934380054474,0.3253949284553528,0
2026-01-30 17:00:00+00:00,0.32539933919906616,0.32734552025794983,0.32377901673316956,0.3251734673976898,0
2026-01-30 18:00:00+00:00,0.32490095496177673,0.3274278938770294,0.31688958406448364,0.3274278938770294,3321856
2026-01-30 19:00:00+00:00,0.32786116003990173,0.33085817098617554,0.32786116003990173,0.32946500182151794,8236544
2026-01-30 20:00:00+00:00,0.3293423056602478,0.3293423056602478,0.32393625378608704,0.32393625378608704,16709952
2026-01-30 21:00:00+00:00,0.32364746928215027,0.32572731375694275,0.3232457637786865,0.3242943286895752,6018752
2026-01-30 22:00:00+00:00,0.3242850601673126,0.3242850601673126,0.3217625916004181,0.3229447901248932,1746624
2026-01-30 23:00:00+00:00,0.3229661285877228,0.32296985387802124,0.3199269771575928,0.3203553557395935,11986688
2026-01-31 00:00:00+00:00,0.3203408122062683,0.32049253582954407,0.3194136917591095,0.3198406398296356,3879552
2026-01-31 01:00:00+00:00,0.31972751021385193,0.3214201033115387,0.31972751021385193,0.32110318541526794,0
2026-01-31 02:00:00+00:00,0.3210577964782715,0.3210577964782715,0.3181288242340088,0.3196835219860077,0
2026-01-31 03:00:00+00:00,0.3194526731967926,0.3197740912437439,0.31821757555007935,0.3182264268398285,0
2026-01-31 04:00:00+00:00,0.3181990087032318,0.31831130385398865,0.31489914655685425,0.3149716258049011,31112832
2026-01-31 05:00:00+00:00,0.3150169551372528,0.3153262436389923,0.31310343742370605,0.3153262436389923,47127808
2026-01-31 06:00:00+00:00,0.3153713345527649,0.315509170293808,0.31134292483329773,0.3113628029823303,34985600
2026-01-31 07:00:00+00:00,0.3113402724266052,0.31231674551963806,0.31088003516197205,0.3117072880268097,5062528
2026-01-31 08:00:00+00:00,0.31184643507003784,0.311979740858078,0.30784738063812256,0.3099086582660675,36485120
2026-01-31 09:00:00+00:00,0.30983859300613403,0.31143900752067566,0.30983859300613403,0.31088390946388245,1455424
2026-01-31 10:00:00+00:00,0.3108324110507965,0.31228697299957275,0.3101454973220825,0.31134745478630066,0
2026-01-31 11:00:00+00:00,0.3110635578632355,0.3110635578632355,0.3091147840023041,0.3098353445529938,4205376
2026-01-31 12:00:00+00:00,0.30982038378715515,0.31017112731933594,0.3093990087509155,0.30976903438568115,710720
2026-01-31 13:00:00+00:00,0.30971571803092957,0.30971571803092957,0.30725300312042236,0.307600736618042,0
2026-01-31 14:00:00+00:00,0.30782294273376465,0.30782294273376465,0.2953501045703888,0.29775696992874146,107348864
2026-01-31 15:00:00+00:00,0.29818955063819885,0.2995027005672455,0.296827107667923,0.2970115542411804,27315200
2026-01-31 16:00:00+00:00,0.2969505786895752,0.2989007830619812,0.29235392808914185,0.2923589050769806,39890304
2026-01-31 17:00:00+00:00,0.29243215918540955,0.29256877303123474,0.28325188159942627,0.28402161598205566,164236544
2026-01-31 18:00:00+00:00,0.2840833365917206,0.2860056459903717,0.2799803614616394,0.2836175560951233,100245248
2026-01-31 19:00:00+00:00,0.2835688292980194,0.2861456871032715,0.2835688292980194,0.2856194078922272,74278400
2026-01-31 20:00:00+00:00,0.28554195165634155,0.2855488359928131,0.28255537152290344,0.28512969613075256,3307776
2026-01-31 21:00:00+00:00,0.2856146991252899,0.29073983430862427,0.28497999906539917,0.2904987037181854,27106560
2026-01-31 22:00:00+00:00,0.290490061044693,0.29066529870033264,0.287454754114151,0.2882390022277832,13773312
2026-01-31 23:00:00+00:00,0.2884799838066101,0.2942478358745575,0.2883656919002533,0.2934928238391876,19024640
2026-02-01 00:00:00+00:00,0.29351726174354553,0.2957085371017456,0.29349371790885925,0.29564782977104187,14448768
2026-02-01 01:00:00+00:00,0.29561758041381836,0.29561758041381836,0.2919573485851288,0.2949131429195404,4982528
2026-02-01 02:00:00+00:00,0.29491350054740906,0.2966693937778473,0.2944778501987457,0.29639917612075806,6140032
2026-02-01 03:00:00+00:00,0.29613402485847473,0.2961757779121399,0.2952173054218292,0.29544737935066223,0
2026-02-01 04:00:00+00:00,0.2954482436180115,0.29694294929504395,0.2954482436180115,0.29694294929504395,0
2026-02-01 05:00:00+00:00,0.2968587577342987,0.2968587577342987,0.29499897360801697,0.29499897360801697,0
2026-02-01 06:00:00+00:00,0.29487645626068115,0.29581770300865173,0.293906033039093,0.29435744881629944,0
2026-02-01 07:00:00+00:00,0.29433968663215637,0.2982522249221802,0.293367862701416,0.29618847370147705,11963776
2026-02-01 08:00:00+00:00,0.2962217926979065,0.29695481061935425,0.2949991524219513,0.2965138554573059,0
2026-02-01 09:00:00+00:00,0.2963065803050995,0.2967824935913086,0.29529666900634766,0.29654935002326965,0
2026-02-01 10:00:00+00:00,0.29679423570632935,0.2972851097583771,0.292446106672287,0.292446106672287,2171776
2026-02-01 11:00:00+00:00,0.29234862327575684,0.29571160674095154,0.2922874391078949,0.29509395360946655,1857536
2026-02-01 12:00:00+00:00,0.29509925842285156,0.29509925842285156,0.29329612851142883,0.2933264374732971,4098304
2026-02-01 13:00:00+00:00,0.29330846667289734,0.2959251403808594,0.2932247221469879,0.2932562828063965,15308928
2026-02-01 14:00:00+00:00,0.293273389339447,0.29353246092796326,0.2897895276546478,0.29323720932006836,0
2026-02-01 15:00:00+00:00,0.2930963337421417,0.2930963337421417,0.2856760323047638,0.2894930839538574,0
2026-02-01 16:00:00+00:00,0.2893710136413574,0.2899969816207886,0.2869119346141815,0.28756940364837646,0
2026-02-01 17:00:00+00:00,0.28766119480133057,0.28769516944885254,0.28525450825691223,0.2859826683998108,0
2026-02-01 18:00:00+00:00,0.2867971360683441,0.29163858294487,0.2867971360683441,0.289532333612442,0
2026-02-01 19:00:00+00:00,0.28999611735343933,0.28999611735343933,0.28602585196495056,0.28604722023010254,0
2026-02-01 20:00:00+00:00,0.28621673583984375,0.2892085313796997,0.2853579521179199,0.28757545351982117,0
2026-02-01 21:00:00+00:00,0.287532240152359,0.287532240152359,0.285625159740448,0.28574255108833313,0
2026-02-01 22:00:00+00:00,0.28578120470046997,0.28940948843955994,0.28578120470046997,0.2881898581981659,0
2026-02-01 23:00:00+00:00,0.2881438136100769,0.28850802779197693,0.28155314922332764,0.28602880239486694,28674880
2026-02-02 00:00:00+00:00,0.2859800159931183,0.29097476601600647,0.2850736677646637,0.2892201244831085,13005056
2026-02-02 01:00:00+00:00,0.2891310751438141,0.2922554612159729,0.2866378724575043,0.29091188311576843,13295360
2026-02-02 02:00:00+00:00,0.29090645909309387,0.29090645909309387,0.28740251064300537,0.28740251064300537,0
2026-02-02 03:00:00+00:00,0.28737199306488037,0.2874029874801636,0.27711227536201477,0.28586041927337646,64690368
2026-02-02 04:00:00+00:00,0.2859959006309509,0.2885856628417969,0.28250619769096375,0.285114586353302,18145920
2026-02-02 05:00:00+00:00,0.28490814566612244,0.28491854667663574,0.2776554226875305,0.2790912985801697,25953280
2026-02-02 06:00:00+00:00,0.279250830411911,0.28393858671188354,0.27649441361427307,0.2832772433757782,64369152
2026-02-02 07:00:00+00:00,0.28331395983695984,0.28585419058799744,0.28331395983695984,0.2847420573234558,0
2026-02-02 08:00:00+00:00,0.28441837430000305,0.28876689076423645,0.2844104766845703,0.28876689076423645,13165696
2026-02-02 09:00:00+00:00,0.2886923849582672,0.2918553948402405,0.2878475785255432,0.2918553948402405,37720320
2026-02-02 10:00:00+00:00,0.29182523488998413,0.2929333448410034,0.2913661301136017,0.29170578718185425,2999488
2026-02-02 11:00:00+00:00,0.29175323247909546,0.2943124771118164,0.29175323247909546,0.2930007576942444,5370560
2026-02-02 12:00:00+00:00,0.2926854193210602,0.29588353633880615,0.2926854193210602,0.29584938287734985,6946752
2026-02-02 13:00:00+00:00,0.2957732677459717,0.29631415009498596,0.2947140038013458,0.29631415009498596,0
2026-02-02 14:00:00+00:00,0.29633939266204834,0.3013276159763336,0.2960078716278076,0.2992577850818634,12219904
2026-02-02 15:00:00+00:00,0.2991153299808502,0.3015621602535248,0.2983940839767456,0.3005962371826172,321280
2026-02-02 16:00:00+00:00,0.3006797432899475,0.30211904644966125,0.30003824830055237,0.30008193850517273,0
2026-02-02 17:00:00+00:00,0.3000916540622711,0.30143123865127563,0.2996601462364197,0.3003055155277252,0
2026-02-02 18:00:00+00:00,0.3003513216972351,0.3022216558456421,0.29977869987487793,0.3022216558456421,0
2026-02-02 19:00:00+00:00,0.30225589871406555,0.3027152717113495,0.30015406012535095,0.30046725273132324,0
2026-02-02 20:00:00+00:00,0.30041414499282837,0.30071690678596497,0.2983033061027527,0.29910826683044434,2110784
2026-02-02 21:00:00+00:00,0.2990395426750183,0.3009398877620697,0.2990395426750183,0.3008391857147217,132480
2026-02-02 22:00:00+00:00,0.30080845952033997,0.3008227050304413,0.29972177743911743,0.30006611347198486,0
2026-02-02 23:00:00+00:00,0.30009570717811584,0.30009570717811584,0.2988974153995514,0.2988998591899872,0
2026-02-03 00:00:00+00:00,0.298912912607193,0.299858033657074,0.29791349172592163,0.2995934784412384,0
2026-02-03 01:00:00+00:00,0.2996269762516022,0.2997586727142334,0.29831621050834656,0.2994699478149414,0
2026-02-03 02:00:00+00:00,0.29948824644088745,0.2996551990509033,0.2947178781032562,0.2947178781032562,0
2026-02-03 03:00:00+00:00,0.2943391799926758,0.29866111278533936,0.2939770817756653,0.29866111278533936,0
2026-02-03 04:00:00+00:00,0.2986336946487427,0.30140936374664307,0.29815253615379333,0.3011747896671295,0
2026-02-03 05:00:00+00:00,0.30117708444595337,0.30120280385017395,0.29824134707450867,0.29824134707450867,0
2026-02-03 06:00:00+00:00,0.29807886481285095,0.29807886481285095,0.29609742760658264,0.2977990508079529,0
2026-02-03 07:00:00+00:00,0.2978001534938812,0.29976698756217957,0.2973508834838867,0.29942426085472107,0
2026-02-03 08:00:00+00:00,0.2993693947792053,0.3001493513584137,0.29802748560905457,0.29802748560905457,0
2026-02-03 09:00:00+00:00,0.2980649769306183,0.2986116409301758,0.294343501329422,0.29610738158226013,0
2026-02-03 10:00:00+00:00,0.29614630341529846,0.29668477177619934,0.29493939876556396,0.29515910148620605,0
2026-02-03 11:00:00+00:00,0.2955213487148285,0.29738175868988037,0.2955213487148285,0.2973071038722992,0
2026-02-03 12:00:00+00:00,0.29729050397872925,0.2993013262748718,0.29652437567710876,0.2992655634880066,0
2026-02-03 13:00:00+00:00,0.29920533299446106,0.2993042767047882,0.29854318499565125,0.2990899384021759,0
2026-02-03 14:00:00+00:00,0.2990820109844208,0.2996068298816681,0.29480695724487305,0.29480695724487305,0
2026-02-03 15:00:00+00:00,0.2947392761707306,0.30355188250541687,0.2941718101501465,0.30355188250541687,20102336
2026-02-03 16:00:00+00:00,0.3034842312335968,0.30357882380485535,0.2951810657978058,0.2953874170780182,12333056
2026-02-03 17:00:00+00:00,0.29539555311203003,0.295443594455719,0.28780990839004517,0.28780990839004517,13803456
2026-02-03 18:00:00+00:00,0.2875523269176483,0.2880839705467224,0.2824583649635315,0.28249478340148926,42934080
2026-02-03 19:00:00+00:00,0.28256550431251526,0.2945968806743622,0.2823038101196289,0.2942166030406952,58835136
2026-02-03 20:00:00+00:00,0.29429328441619873,0.3013824224472046,0.29113781452178955,0.30077365040779114,51654720
2026-02-03 21:00:00+00:00,0.3008262515068054,0.3021852374076843,0.29660314321517944,0.29660704731941223,9028864
2026-02-03 22:00:00+00:00,0.2964473068714142,0.2964473068714142,0.2923128604888916,0.29233959317207336,6802368
2026-02-03 23:00:00+00:00,0.2923429608345032,0.2924601435661316,0.2903597354888916,0.2907964885234833,7405760
2026-02-04 00:00:00+00:00,0.2908637523651123,0.2948005795478821,0.2907460629940033,0.29418230056762695,2532992
2026-02-04 01:00:00+00:00,0.29418817162513733,0.29850929975509644,0.29418817162513733,0.2969805598258972,4605376
2026-02-04 02:00:00+00:00,0.2969834804534912,0.29700538516044617,0.2944062054157257,0.2945789098739624,0
2026-02-04 03:00:00+00:00,0.2946147918701172,0.30078941583633423,0.2946063280105591,0.3007810115814209,16143168
2026-02-04 04:00:00+00:00,0.30075696110725403,0.30167141556739807,0.299541175365448,0.299541175365448,0
2026-02-04 05:00:00+00:00,0.29953110218048096,0.29953110218048096,0.2968518137931824,0.2968771457672119,0
2026-02-04 06:00:00+00:00,0.2969680428504944,0.29947778582572937,0.2969680428504944,0.29920339584350586,2944448
2026-02-04 07:00:00+00:00,0.29920005798339844,0.30021488666534424,0.297778844833374,0.2997039556503296,0
2026-02-04 08:00:00+00:00,0.2997038960456848,0.3017902076244354,0.29892498254776,0.3017001152038574,3509888
2026-02-04 09:00:00+00:00,0.3017764985561371,0.301790326833725,0.2986961603164673,0.29960283637046814,0
2026-02-04 10:00:00+00:00,0.2995966374874115,0.3002302050590515,0.2992708086967468,0.2994011342525482,3648192
2026-02-04 11:00:00+00:00,0.29937753081321716,0.29937753081321716,0.2952258884906769,0.29694679379463196,34628096
2026-02-04 12:00:00+00:00,0.2969280481338501,0.29707831144332886,0.2957289218902588,0.2959252893924713,0
2026-02-04 13:00:00+00:00,0.2959009110927582,0.29595211148262024,0.29181811213493347,0.29181811213493347,8850560
2026-02-04 14:00:00+00:00,0.2918015122413635,0.2920728921890259,0.28831589221954346,0.28831589221954346,6331072
2026-02-04 15:00:00+00:00,0.28813931345939636,0.28957700729370117,0.2849201560020447,0.28573811054229736,0
2026-02-04 16:00:00+00:00,0.2857508063316345,0.2865449786186218,0.2828347384929657,0.2855774462223053,8368960
2026-02-04 17:00:00+00:00,0.2856088876724243,0.2858578562736511,0.28290870785713196,0.28416067361831665,11905664
2026-02-04 18:00:00+00:00,0.28425878286361694,0.2900960147380829,0.2816779613494873,0.2880074381828308,0
2026-02-04 19:00:00+00:00,0.2878872752189636,0.2918878495693207,0.28711530566215515,0.2918878495693207,0
2026-02-04 20:00:00+00:00,0.2918831706047058,0.2918831706047058,0.2888743281364441,0.28901979327201843,0
2026-02-04 21:00:00+00:00,0.2889918088912964,0.2890544533729553,0.28339338302612305,0.28396621346473694,0
2026-02-04 22:00:00+00:00,0.28460508584976196,0.2882910668849945,0.28084537386894226,0.2837255895137787,8151680
2026-02-04 23:00:00+00:00,0.28374919295310974,0.2870061695575714,0.28290021419525146,0.28630682826042175,10546176
2026-02-05 00:00:00+00:00,0.2861773371696472,0.2867458164691925,0.28510382771492004,0.2863521873950958,3265088
2026-02-05 01:00:00+00:00,0.2861102521419525,0.2882000505924225,0.2845333516597748,0.2857232689857483,15410432
2026-02-05 02:00:00+00:00,0.2856966257095337,0.2875901758670807,0.2845016419887543,0.2849348485469818,16561152
2026-02-05 03:00:00+00:00,0.28459474444389343,0.28537145256996155,0.28244486451148987,0.28244486451148987,1107520
2026-02-05 04:00:00+00:00,0.28244954347610474,0.2842414975166321,0.2818170189857483,0.2825334668159485,16598464
2026-02-05 05:00:00+00:00,0.28257521986961365,0.2852422893047333,0.2804344892501831,0.2835003435611725,33195520
2026-02-05 06:00:00+00:00,0.28344911336898804,0.28344911336898804,0.2786891460418701,0.27928468585014343,21830592
2026-02-05 07:00:00+00:00,0.2792915105819702,0.28215959668159485,0.27917587757110596,0.27932238578796387,19752384
2026-02-05 08:00:00+00:00,0.2793212831020355,0.2818313241004944,0.2792401909828186,0.2809275984764099,6243648
2026-02-05 09:00:00+00:00,0.2808959186077118,0.28264158964157104,0.27938535809516907,0.2799491882324219,1227392
2026-02-05 10:00:00+00:00,0.2799628973007202,0.2799628973007202,0.27206334471702576,0.27206334471702576,22350528
2026-02-05 11:00:00+00:00,0.27218112349510193,0.2733365595340729,0.2681479752063751,0.27138325572013855,25590080
2026-02-05 12:00:00+00:00,0.2714216709136963,0.27202850580215454,0.26942914724349976,0.2717151939868927,40037184
2026-02-05 13:00:00+00:00,0.2717033326625824,0.2728365659713745,0.26982581615448,0.26995137333869934,7523904
2026-02-05 14:00:00+00:00,0.26988813281059265,0.2759438157081604,0.26988813281059265,0.27259546518325806,15134464
2026-02-05 15:00:00+00:00,0.2719956934452057,0.2719956934452057,0.25891417264938354,0.26260098814964294,100190656
2026-02-05 16:00:00+00:00,0.2625691294670105,0.2656795382499695,0.2605135142803192,0.26495203375816345,44358016
2026-02-05 17:00:00+00:00,0.26501545310020447,0.2652060389518738,0.25668567419052124,0.25826409459114075,14497664
2026-02-05 18:00:00+00:00,0.2580248713493347,0.2585028409957886,0.2543003261089325,0.2572977840900421,8707072
2026-02-05 19:00:00+00:00,0.25812843441963196,0.25812843441963196,0.25335532426834106,0.25335532426834106,17850112
2026-02-05 20:00:00+00:00,0.253248929977417,0.25465378165245056,0.24588793516159058,0.2469164878129959,119418752
2026-02-05 21:00:00+00:00,0.24671417474746704,0.2516597807407379,0.24586734175682068,0.24591726064682007,71860224
2026-02-05 22:00:00+00:00,0.24602623283863068,0.25010746717453003,0.24499192833900452,0.24976901710033417,42524928
2026-02-05 23:00:00+00:00,0.2496405392885208,0.25351184606552124,0.24488180875778198,0.24488180875778198,17148032
2026-02-06 00:00:00+00:00,0.244947612285614,0.24560649693012238,0.2266612946987152,0.24373115599155426,337876480
2026-02-06 01:00:00+00:00,0.24395234882831573,0.2516072392463684,0.24376751482486725,0.251548707485199,68983808
2026-02-06 02:00:00+00:00,0.25165456533432007,0.2518930733203888,0.24505287408828735,0.24508842825889587,4463104
2026-02-06 03:00:00+00:00,0.2451704442501068,0.24874377250671387,0.2451704442501068,0.24813006818294525,11172096
2026-02-06 04:00:00+00:00,0.24819587171077728,0.2516647279262543,0.24819587171077728,0.2508867681026459,14304256
2026-02-06 05:00:00+00:00,0.250868558883667,0.25724226236343384,0.250868558883667,0.2572133541107178,36097920
2026-02-06 06:00:00+00:00,0.25728416442871094,0.2584095895290375,0.2545206844806671,0.25452205538749695,19968256
2026-02-06 07:00:00+00:00,0.2541780173778534,0.2541780173778534,0.25141847133636475,0.25141847133636475,16455808
2026-02-06 08:00:00+00:00,0.2512986660003662,0.25213828682899475,0.2495499551296234,0.25084322690963745,44514304
2026-02-06 09:00:00+00:00,0.2507525682449341,0.2568424642086029,0.2501157820224762,0.25667497515678406,49270272
2026-02-06 10:00:00+00:00,0.2566741108894348,0.26179200410842896,0.2565927803516388,0.2614176571369171,30206080
2026-02-06 11:00:00+00:00,0.261426717042923,0.26269665360450745,0.26069632172584534,0.26191654801368713,0
2026-02-06 12:00:00+00:00,0.26145467162132263,0.26185622811317444,0.26006296277046204,0.2618289589881897,0
2026-02-06 13:00:00+00:00,0.26188865303993225,0.2652163803577423,0.26188865303993225,0.26478132605552673,62946944
2026-02-06 14:00:00+00:00,0.2647853195667267,0.2696312665939331,0.2627595365047455,0.2696312665939331,45193856
2026-02-06 15:00:00+00:00,0.2698996663093567,0.2739139199256897,0.26969394087791443,0.27345898747444153,0
2026-02-06 16:00:00+00:00,0.2734511196613312,0.27996301651000977,0.2734511196613312,0.2787575125694275,0
2026-02-06 17:00:00+00:00,0.27863040566444397,0.2835391163825989,0.2776036858558655,0.2808804214000702,15452800
2026-02-06 18:00:00+00:00,0.2807617485523224,0.2807617485523224,0.2755659818649292,0.27751824259757996,0
2026-02-06 19:00:00+00:00,0.2775006592273712,0.27800989151000977,0.2764899730682373,0.2779800295829773,0
2026-02-06 20:00:00+00:00,0.277967244386673,0.2781486511230469,0.2756059169769287,0.27577078342437744,0
2026-02-06 21:00:00+00:00,0.2757892310619354,0.2764376401901245,0.27491602301597595,0.27623116970062256,0
2026-02-06 22:00:00+00:00,0.27617472410202026,0.27912259101867676,0.2761451303958893,0.2787911891937256,0
2026-02-06 23:00:00+00:00,0.27881351113319397,0.2798318862915039,0.2762324810028076,0.2762324810028076,0
2026-02-07 00:00:00+00:00,0.2762182354927063,0.2762182354927063,0.2725788652896881,0.273215115070343,0
2026-02-07 01:00:00+00:00,0.27320989966392517,0.2746860086917877,0.271480917930603,0.2746860086917877,0
2026-02-07 02:00:00+00:00,0.2746928036212921,0.2746928036212921,0.2724701166152954,0.27254223823547363,0
2026-02-07 03:00:00+00:00,0.27253982424736023,0.2758651375770569,0.27253982424736023,0.2756728231906891,10104576
2026-02-07 04:00:00+00:00,0.2756959795951843,0.2773381471633911,0.2736745774745941,0.2736852467060089,5657088
2026-02-07 05:00:00+00:00,0.27388545870780945,0.27618804574012756,0.2734316885471344,0.27350232005119324,0
2026-02-07 06:00:00+00:00,0.2737176716327667,0.27478915452957153,0.271883100271225,0.271883100271225,0
2026-02-07 07:00:00+00:00,0.2712431252002716,0.2712431252002716,0.26673266291618347,0.2684652805328369,19063040
2026-02-07 08:00:00+00:00,0.268465518951416,0.2700786292552948,0.2680617570877075,0.2698446810245514,0
2026-02-07 09:00:00+00:00,0.26983487606048584,0.26983487606048584,0.26718106865882874,0.267444372177124,0
2026-02-07 10:00:00+00:00,0.2674397826194763,0.2679491937160492,0.2665410041809082,0.2669123411178589,0
2026-02-07 11:00:00+00:00,0.266926109790802,0.2672165334224701,0.26657333970069885,0.26681652665138245,0
2026-02-07 12:00:00+00:00,0.2668427526950836,0.2733445167541504,0.2668427526950836,0.2717195749282837,22140160
2026-02-07 13:00:00+00:00,0.27192962169647217,0.2721187174320221,0.2700541317462921,0.27062010765075684,0
2026-02-07 14:00:00+00:00,0.2706588804721832,0.27122217416763306,0.26898717880249023,0.26903510093688965,0
2026-02-07 15:00:00+00:00,0.2690107524394989,0.2730529010295868,0.2690107524394989,0.27250492572784424,0
2026-02-07 16:00:00+00:00,0.2725464105606079,0.27634397149086,0.27253347635269165,0.2734157145023346,169208320
2026-02-07 17:00:00+00:00,0.27341991662979126,0.27411943674087524,0.2718672454357147,0.2736535370349884,0
2026-02-07 18:00:00+00:00,0.2736556828022003,0.2779403328895569,0.2736556828022003,0.2772175669670105,0
2026-02-07 19:00:00+00:00,0.2772119641304016,0.2772119641304016,0.27443891763687134,0.27443891763687134,0
2026-02-07 20:00:00+00:00,0.27443498373031616,0.2755073308944702,0.27443498373031616,0.27507373690605164,0
2026-02-07 21:00:00+00:00,0.27511662244796753,0.27542418241500854,0.27313193678855896,0.2731475830078125,0
2026-02-07 22:00:00+00:00,0.27310943603515625,0.2736007869243622,0.27248460054397583,0.27255216240882874,0
2026-02-07 23:00:00+00:00,0.2725672125816345,0.2725672125816345,0.2709801495075226,0.2723599672317505,7680
2026-02-08 00:00:00+00:00,0.2723504900932312,0.2723504900932312,0.2708486020565033,0.27111148834228516,0
2026-02-08 01:00:00+00:00,0.2711738049983978,0.2730552852153778,0.2711738049983978,0.27206185460090637,0
2026-02-08 02:00:00+00:00,0.272085040807724,0.27239343523979187,0.27018502354621887,0.27022480964660645,0
2026-02-08 03:00:00+00:00,0.2705129384994507,0.27085402607917786,0.26960572600364685,0.26960572600364685,0
2026-02-08 04:00:00+00:00,0.2697104811668396,0.2702540159225464,0.26937779784202576,0.27003803849220276,0
2026-02-08 05:00:00+00:00,0.27017587423324585,0.2709085941314697,0.2699016034603119,0.27002763748168945,0
2026-02-08 06:00:00+00:00,0.2700289189815521,0.270772248506546,0.26988476514816284,0.26988476514816284,0
2026-02-08 07:00:00+00:00,0.2700434923171997,0.2708238363265991,0.26985082030296326,0.27079689502716064,0
2026-02-08 08:00:00+00:00,0.27081298828125,0.2755100131034851,0.27081298828125,0.2752109467983246,0
2026-02-08 09:00:00+00:00,0.2751602828502655,0.2752220630645752,0.2723318636417389,0.2726019322872162,0
2026-02-08 10:00:00+00:00,0.2726048231124878,0.27286797761917114,0.27035579085350037,0.27087119221687317,0
2026-02-08 11:00:00+00:00,0.2708594799041748,0.2742093801498413,0.2708594799041748,0.2742093801498413,8896576
2026-02-08 12:00:00+00:00,0.27420711517333984,0.27447012066841125,0.2733907997608185,0.27436161041259766,0
2026-02-08 13:00:00+00:00,0.27464935183525085,0.2749094069004059,0.2735651731491089,0.27376148104667664,7310528
2026-02-08 14:00:00+00:00,0.2737799286842346,0.2745322287082672,0.27367889881134033,0.27428799867630005,0
2026-02-08 15:00:00+00:00,0.274308443069458,0.27487248182296753,0.27136462926864624,0.27254518866539,0
2026-02-08 16:00:00+00:00,0.2725333571434021,0.2730148732662201,0.26795199513435364,0.2681722044944763,0
2026-02-08 17:00:00+00:00,0.26825541257858276,0.27066877484321594,0.26825541257858276,0.27056771516799927,0
2026-02-08 18:00:00+00:00,0.2706269323825836,0.27367374300956726,0.2706269323825836,0.2731904685497284,0
2026-02-08 19:00:00+00:00,0.27316126227378845,0.274184912443161,0.2728075385093689,0.27411481738090515,0
2026-02-08 20:00:00+00:00,0.27413275837898254,0.27416378259658813,0.27090704441070557,0.27090704441070557,0
2026-02-08 21:00:00+00:00,0.2709190845489502,0.2715173661708832,0.2694304585456848,0.2695806920528412,0
2026-02-08 22:00:00+00:00,0.270033597946167,0.2708643674850464,0.27001726627349854,0.2708643674850464,1019072
2026-02-08 23:00:00+00:00,0.27082106471061707,0.274808406829834,0.26923611760139465,0.27026060223579407,24684928
2026-02-09 00:00:00+00:00,0.27027714252471924,0.270426481962204,0.26890215277671814,0.26995235681533813,5878848
2026-02-09 01:00:00+00:00,0.27000942826271057,0.2718155086040497,0.2688386142253876,0.26958712935447693,6212416
2026-02-09 02:00:00+00:00,0.2694382667541504,0.27276453375816345,0.2690820097923279,0.2720696032047272,6246080
2026-02-09 03:00:00+00:00,0.2720531225204468,0.27329233288764954,0.2718203067779541,0.273201584815979,0
2026-02-09 04:00:00+00:00,0.27324551343917847,0.27324551343917847,0.2719362676143646,0.27197831869125366,0
2026-02-09 05:00:00+00:00,0.2719815671443939,0.27264365553855896,0.2718932032585144,0.27237072587013245,0
2026-02-09 06:00:00+00:00,0.27235621213912964,0.27235621213912964,0.2696128189563751,0.27107349038124084,1866048
2026-02-09 07:00:00+00:00,0.2710612416267395,0.2711709439754486,0.2692694365978241,0.26928868889808655,0
2026-02-09 08:00:00+00:00,0.2692596912384033,0.26951515674591064,0.26584160327911377,0.2668883204460144,0
2026-02-09 09:00:00+00:00,0.2668529748916626,0.2668529748916626,0.26375409960746765,0.26382920145988464,0
2026-02-09 10:00:00+00:00,0.2638542354106903,0.26422935724258423,0.2597350478172302,0.2602681517601013,142656
2026-02-09 11:00:00+00:00,0.26028886437416077,0.26197654008865356,0.26028886437416077,0.2614009976387024,0
2026-02-09 12:00:00+00:00,0.26142674684524536,0.26457712054252625,0.26142674684524536,0.26427483558654785,0
2026-02-09 13:00:00+00:00,0.26429495215415955,0.2651427686214447,0.26279428601264954,0.26279428601264954,0
2026-02-09 14:00:00+00:00,0.26276546716690063,0.2659914791584015,0.262330561876297,0.26571235060691833,16340736
2026-02-09 15:00:00+00:00,0.2660977840423584,0.2673831582069397,0.2641887068748474,0.26737159490585327,0
2026-02-09 16:00:00+00:00,0.26748713850975037,0.27090713381767273,0.26583611965179443,0.2699567377567291,0
2026-02-09 17:00:00+00:00,0.2699127793312073,0.2726828455924988,0.2683219611644745,0.27200940251350403,1670976
2026-02-09 18:00:00+00:00,0.27193716168403625,0.27239683270454407,0.2695471942424774,0.2702248990535736,0
2026-02-09 19:00:00+00:00,0.27022436261177063,0.27122095227241516,0.26987579464912415,0.27106913924217224,0
2026-02-09 20:00:00+00:00,0.27101433277130127,0.27136504650115967,0.2697116434574127,0.27087071537971497,0
2026-02-09 21:00:00+00:00,0.27091556787490845,0.2710743844509125,0.2682555317878723,0.2702387273311615,0
2026-02-09 22:00:00+00:00,0.27026239037513733,0.2712174952030182,0.27026239037513733,0.27038848400115967,0
2026-02-09 23:00:00+00:00,0.2704208195209503,0.27106377482414246,0.26968830823898315,0.2697100341320038,0
2026-02-10 00:00:00+00:00,0.26971006393432617,0.27010539174079895,0.26865509152412415,0.2686612904071808,0
2026-02-10 01:00:00+00:00,0.2685900330543518,0.2701886296272278,0.2685900330543518,0.27002373337745667,0
2026-02-10 02:00:00+00:00,0.26999008655548096,0.2700381278991699,0.2689261734485626,0.26914554834365845,0
2026-02-10 03:00:00+00:00,0.2691473662853241,0.26929500699043274,0.26528283953666687,0.26604294776916504,0
2026-02-10 04:00:00+00:00,0.2660263776779175,0.26779621839523315,0.2660263776779175,0.267785906791687,0
2026-02-10 05:00:00+00:00,0.26777443289756775,0.26777443289756775,0.265464723110199,0.2654716968536377,0
2026-02-10 06:00:00+00:00,0.2655194401741028,0.2658829092979431,0.26182183623313904,0.2619631886482239,0
2026-02-10 07:00:00+00:00,0.26204797625541687,0.26315122842788696,0.2616618275642395,0.2627623379230499,1266720
2026-02-10 08:00:00+00:00,0.2627602219581604,0.26413843035697937,0.2627255320549011,0.2641375660896301,0
2026-02-10 09:00:00+00:00,0.26414093375205994,0.2654375433921814,0.26407042145729065,0.26447445154190063,0
2026-02-10 10:00:00+00:00,0.2644646167755127,0.26473721861839294,0.2634674906730652,0.26363107562065125,0
2026-02-10 11:00:00+00:00,0.2636359930038452,0.26420047879219055,0.2629772126674652,0.2629772126674652,0
2026-02-10 12:00:00+00:00,0.2629677355289459,0.2636248767375946,0.2621997892856598,0.2624272108078003,0
2026-02-10 13:00:00+00:00,0.26241838932037354,0.26335132122039795,0.26230114698410034,0.26301130652427673,0
2026-02-10 14:00:00+00:00,0.26301878690719604,0.26538747549057007,0.2621687948703766,0.26305466890335083,0
2026-02-10 15:00:00+00:00,0.2630573511123657,0.26450520753860474,0.26248615980148315,0.2634029984474182,0
2026-02-10 16:00:00+00:00,0.2633785009384155,0.2634481191635132,0.2617869973182678,0.26279017329216003,6876416
2026-02-10 17:00:00+00:00,0.2628001272678375,0.2647431492805481,0.26221799850463867,0.26407185196876526,0
2026-02-10 18:00:00+00:00,0.2641455829143524,0.2642277777194977,0.2605355679988861,0.26110008358955383,0
2026-02-10 19:00:00+00:00,0.2610519230365753,0.26304391026496887,0.2608394920825958,0.2625087797641754,1028768
2026-02-10 20:00:00+00:00,0.2625175714492798,0.2625175714492798,0.2617356479167938,0.261973112821579,0
2026-02-10 21:00:00+00:00,0.2619571387767792,0.26232460141181946,0.260868638753891,0.26137930154800415,0
2026-02-10 22:00:00+00:00,0.2613910734653473,0.26261112093925476,0.2612961530685425,0.2619836926460266,0
2026-02-10 23:00:00+00:00,0.2619573175907135,0.2619573175907135,0.2611452639102936,0.2616838812828064,0
2026-02-11 00:00:00+00:00,0.2616647481918335,0.2625673711299896,0.2616647481918335,0.2625673711299896,7989280
2026-02-11 01:00:00+00:00,0.26255565881729126,0.26309576630592346,0.2623220682144165,0.2630438804626465,0
2026-02-11 02:00:00+00:00,0.2630501687526703,0.26437586545944214,0.2629626393318176,0.2629626393318176,0
2026-02-11 03:00:00+00:00,0.2629355490207672,0.263154000043869,0.26088279485702515,0.26248884201049805,0
2026-02-11 04:00:00+00:00,0.262482225894928,0.26261019706726074,0.2587117552757263,0.25876757502555847,7371744
2026-02-11 05:00:00+00:00,0.2587730288505554,0.2595337927341461,0.2580069601535797,0.2580069601535797,2101344
2026-02-11 06:00:00+00:00,0.25798165798187256,0.25798165798187256,0.2551875114440918,0.2552928924560547,1764224
2026-02-11 07:00:00+00:00,0.2553402781486511,0.25645530223846436,0.25529372692108154,0.255990207195282,0
2026-02-11 08:00:00+00:00,0.25594207644462585,0.25594207644462585,0.25510916113853455,0.25510916113853455,0
2026-02-11 09:00:00+00:00,0.25512635707855225,0.2551831901073456,0.25388798117637634,0.25388798117637634,0
2026-02-11 10:00:00+00:00,0.25388455390930176,0.25388455390930176,0.25252076983451843,0.2526291012763977,2492032
2026-02-11 11:00:00+00:00,0.2525949776172638,0.25511467456817627,0.2525949776172638,0.25511467456817627,1358368
2026-02-11 12:00:00+00:00,0.25510531663894653,0.25555622577667236,0.25427722930908203,0.25442367792129517,360896
2026-02-11 13:00:00+00:00,0.25441741943359375,0.25574544072151184,0.25369036197662354,0.2555621862411499,11159264
2026-02-11 14:00:00+00:00,0.2555900812149048,0.26268744468688965,0.2542809545993805,0.2542809545993805,20848832
2026-02-11 15:00:00+00:00,0.25429362058639526,0.254302442073822,0.25145846605300903,0.252902090549469,18319424
2026-02-11 16:00:00+00:00,0.25291770696640015,0.25685152411460876,0.25192275643348694,0.25192275643348694,0
2026-02-11 17:00:00+00:00,0.25188180804252625,0.2565242648124695,0.25163498520851135,0.25549712777137756,10052544
2026-02-11 18:00:00+00:00,0.2554855942726135,0.2582135498523712,0.25453832745552063,0.25796470046043396,1761632
2026-02-11 19:00:00+00:00,0.25797784328460693,0.2587614059448242,0.2569884955883026,0.2572377026081085,2223424
2026-02-11 20:00:00+00:00,0.2572334110736847,0.2577679455280304,0.2558480501174927,0.2576740086078644,2087488
2026-02-11 21:00:00+00:00,0.25763818621635437,0.25957146286964417,0.25741028785705566,0.2587055265903473,8764288
2026-02-11 22:00:00+00:00,0.2586704194545746,0.2586704194545746,0.25659990310668945,0.25659990310668945,950496
2026-02-11 23:00:00+00:00,0.25660064816474915,0.25660064816474915,0.25463616847991943,0.2555503249168396,8350592
2026-02-12 00:00:00+00:00,0.2555546760559082,0.258025199174881,0.2555546760559082,0.2578553855419159,6767552
2026-02-12 01:00:00+00:00,0.2578286826610565,0.2588026523590088,0.2576436400413513,0.2577321231365204,4134048
2026-02-12 02:00:00+00:00,0.2577258050441742,0.25874435901641846,0.2572586238384247,0.2581479549407959,0
2026-02-12 03:00:00+00:00,0.258139967918396,0.2590368688106537,0.2581004202365875,0.2590324878692627,0
2026-02-12 04:00:00+00:00,0.25900042057037354,0.25900042057037354,0.2579798400402069,0.25808703899383545,0
2026-02-12 05:00:00+00:00,0.2580767273902893,0.2590697109699249,0.25745299458503723,0.2590676248073578,0
2026-02-12 06:00:00+00:00,0.2590702176094055,0.26180410385131836,0.2590702176094055,0.26093780994415283,0
2026-02-12 07:00:00+00:00,0.26089954376220703,0.26245298981666565,0.26064369082450867,0.26222464442253113,0
2026-02-12 08:00:00+00:00,0.2622418999671936,0.26309114694595337,0.2615682780742645,0.2623823583126068,0
2026-02-12 09:00:00+00:00,0.26233991980552673,0.265443354845047,0.2621694505214691,0.2654411792755127,11247424
2026-02-12 10:00:00+00:00,0.26543936133384705,0.26851311326026917,0.26495566964149475,0.26851311326026917,9460384
2026-02-12 11:00:00+00:00,0.26857081055641174,0.26895904541015625,0.2671842873096466,0.2672366499900818,10984544
2026-02-12 12:00:00+00:00,0.2672571837902069,0.2674930691719055,0.2643619477748871,0.26449188590049744,0
2026-02-12 13:00:00+00:00,0.26451539993286133,0.26667627692222595,0.2641948163509369,0.2664889693260193,0
2026-02-12 14:00:00+00:00,0.2664889991283417,0.26684844493865967,0.2653667628765106,0.2660011351108551,0
2026-02-12 15:00:00+00:00,0.2659495770931244,0.266907662153244,0.2630433738231659,0.2630433738231659,0
2026-02-12 16:00:00+00:00,0.26299139857292175,0.26299139857292175,0.2580758035182953,0.2584732472896576,18363456
2026-02-12 17:00:00+00:00,0.2584491968154907,0.26071545481681824,0.2584491968154907,0.2593008875846863,3709312
2026-02-12 18:00:00+00:00,0.25926339626312256,0.26041939854621887,0.2583500146865845,0.26014474034309387,3250464
2026-02-12 19:00:00+00:00,0.2600291967391968,0.2636027932167053,0.259503573179245,0.26189562678337097,6822304
2026-02-12 20:00:00+00:00,0.26187068223953247,0.26187068223953247,0.2587190568447113,0.2587223947048187,156224
2026-02-12 21:00:00+00:00,0.25867941975593567,0.2597959637641907,0.25867941975593567,0.25955381989479065,0
2026-02-12 22:00:00+00:00,0.25955697894096375,0.26157405972480774,0.2589223086833954,0.26157405972480774,1519392
2026-02-12 23:00:00+00:00,0.26158827543258667,0.26424336433410645,0.26158827543258667,0.2642183303833008,5713568
2026-02-13 00:00:00+00:00,0.26417577266693115,0.2648916244506836,0.2617112100124359,0.26244282722473145,4660032
2026-02-13 01:00:00+00:00,0.26238545775413513,0.2633124589920044,0.2619641423225403,0.26262232661247253,2149184
2026-02-13 02:00:00+00:00,0.26261794567108154,0.2635898292064667,0.2618299722671509,0.2635898292064667,6116032
2026-02-13 03:00:00+00:00,0.26356783509254456,0.26356783509254456,0.2623462677001953,0.2628314197063446,4225728
2026-02-13 04:00:00+00:00,0.26282936334609985,0.263008177280426,0.26175037026405334,0.26182931661605835,0
2026-02-13 05:00:00+00:00,0.26178082823753357,0.26178082823753357,0.26006466150283813,0.26006466150283813,758848
2026-02-13 06:00:00+00:00,0.2600529193878174,0.2610876262187958,0.2584463059902191,0.2610876262187958,0
2026-02-13 07:00:00+00:00,0.2611205279827118,0.2627788484096527,0.2611205279827118,0.26186996698379517,3005408
2026-02-13 08:00:00+00:00,0.2619052529335022,0.26366907358169556,0.2618545889854431,0.2636328637599945,0
2026-02-13 09:00:00+00:00,0.2636200785636902,0.26367273926734924,0.2622813582420349,0.2632578909397125,0
2026-02-13 10:00:00+00:00,0.2632562220096588,0.2637224793434143,0.2629862129688263,0.2635745108127594,0
2026-02-13 11:00:00+00:00,0.26356783509254456,0.2637529671192169,0.2627483904361725,0.2637074887752533,0
2026-02-13 12:00:00+00:00,0.2637028098106384,0.2637028098106384,0.2625380754470825,0.26293349266052246,0
2026-02-13 13:00:00+00:00,0.26291126012802124,0.26585283875465393,0.2626013159751892,0.2657390534877777,3273664
2026-02-13 14:00:00+00:00,0.2656990885734558,0.2665604054927826,0.2635531425476074,0.26530739665031433,10208832
2026-02-13 15:00:00+00:00,0.26532289385795593,0.2726600170135498,0.26532289385795593,0.26884499192237854,25920320
2026-02-13 16:00:00+00:00,0.2688388228416443,0.27388420701026917,0.26875078678131104,0.27372482419013977,0
2026-02-13 17:00:00+00:00,0.2736585736274719,0.2736585736274719,0.2717810869216919,0.2721085250377655,0
2026-02-13 18:00:00+00:00,0.2720904052257538,0.27263757586479187,0.2711893618106842,0.27238091826438904,453280
2026-02-13 19:00:00+00:00,0.27237173914909363,0.2738833725452423,0.2722627520561218,0.2727374732494354,0
2026-02-13 20:00:00+00:00,0.27269572019577026,0.273046612739563,0.27180618047714233,0.27302560210227966,0
2026-02-13 21:00:00+00:00,0.273039847612381,0.27403223514556885,0.273039847612381,0.27363479137420654,0
2026-02-13 22:00:00+00:00,0.2736244201660156,0.27398189902305603,0.2722151577472687,0.2722557485103607,1075136
2026-02-13 23:00:00+00:00,0.2723100185394287,0.2727023661136627,0.2720213532447815,0.27269208431243896,0
2026-02-14 00:00:00+00:00,0.2727246582508087,0.2742460072040558,0.2727073132991791,0.2742449641227722,0
2026-02-14 01:00:00+00:00,0.27426019310951233,0.27633270621299744,0.2740861475467682,0.27598515152931213,0
2026-02-14 02:00:00+00:00,0.27597686648368835,0.27597686648368835,0.2754088044166565,0.27572518587112427,0
2026-02-14 03:00:00+00:00,0.27573156356811523,0.27712395787239075,0.27573156356811523,0.2770576477050781,0
2026-02-14 04:00:00+00:00,0.2770610451698303,0.277213990688324,0.27590301632881165,0.2760271728038788,1837440
2026-02-14 05:00:00+00:00,0.27600130438804626,0.2767969071865082,0.27543699741363525,0.2756885290145874,0
2026-02-14 06:00:00+00:00,0.2756459712982178,0.2756459712982178,0.2742452919483185,0.27436548471450806,0
2026-02-14 07:00:00+00:00,0.27438217401504517,0.27587512135505676,0.27438217401504517,0.2756151258945465,0
2026-02-14 08:00:00+00:00,0.27562427520751953,0.2789066433906555,0.27562427520751953,0.27879729866981506,12637600
2026-02-14 09:00:00+00:00,0.2788083255290985,0.278820276260376,0.2781710922718048,0.2783379852771759,0
2026-02-14 10:00:00+00:00,0.278338760137558,0.278683066368103,0.2776452600955963,0.27818578481674194,0
2026-02-14 11:00:00+00:00,0.2781863510608673,0.28308188915252686,0.2781863510608673,0.28298625349998474,19771136
2026-02-14 12:00:00+00:00,0.28297159075737,0.2834981679916382,0.28172266483306885,0.28182390332221985,12092960
2026-02-14 13:00:00+00:00,0.28175967931747437,0.2825479805469513,0.2808883786201477,0.2814287543296814,0
2026-02-14 14:00:00+00:00,0.28139838576316833,0.28617119789123535,0.2813243865966797,0.28617119789123535,0
2026-02-14 15:00:00+00:00,0.2862451672554016,0.2862451672554016,0.28464341163635254,0.2856007218360901,0
2026-02-14 16:00:00+00:00,0.2856474816799164,0.2898849844932556,0.2856474816799164,0.2898849844932556,0
2026-02-14 17:00:00+00:00,0.2898391783237457,0.2920280992984772,0.2895946204662323,0.28991231322288513,6132896
2026-02-14 18:00:00+00:00,0.28989237546920776,0.29343611001968384,0.2895650565624237,0.293159157037735,14068544
2026-02-14 19:00:00+00:00,0.29320335388183594,0.2990211248397827,0.29320335388183594,0.2983188033103943,31517216
2026-02-14 20:00:00+00:00,0.29832932353019714,0.2993183135986328,0.2965248227119446,0.2972373068332672,20335552
2026-02-14 21:00:00+00:00,0.29725518822669983,0.2997983694076538,0.2955023944377899,0.29589059948921204,23188224
2026-02-14 22:00:00+00:00,0.29590076208114624,0.2979401648044586,0.2958063781261444,0.2976590394973755,9268416
2026-02-14 23:00:00+00:00,0.29763323068618774,0.29763323068618774,0.2950167953968048,0.29526641964912415,3239232
2026-02-15 00:00:00+00:00,0.2951403260231018,0.2972009479999542,0.2951083481311798,0.2971082031726837,9250176
2026-02-15 01:00:00+00:00,0.2970822751522064,0.2977026402950287,0.2948846220970154,0.2961546778678894,6646336
2026-02-15 02:00:00+00:00,0.29625287652015686,0.2971563935279846,0.29338812828063965,0.2954525351524353,21299968
2026-02-15 03:00:00+00:00,0.29544612765312195,0.29707106947898865,0.29403960704803467,0.29707106947898865,30138624
2026-02-15 04:00:00+00:00,0.2970808148384094,0.3001546561717987,0.2967391610145569,0.29753434658050537,23765696
2026-02-15 05:00:00+00:00,0.2975411117076874,0.2987838089466095,0.2975411117076874,0.2981836199760437,12741440
2026-02-15 06:00:00+00:00,0.2981798052787781,0.29847246408462524,0.2971998155117035,0.29720765352249146,7355392
2026-02-15 07:00:00+00:00,0.2971940040588379,0.3002530038356781,0.29703500866889954,0.3002530038356781,18191936
2026-02-15 08:00:00+00:00,0.3002490699291229,0.30070677399635315,0.2957924008369446,0.296205997467041,15502912
2026-02-15 09:00:00+00:00,0.2962002754211426,0.2972954511642456,0.2955363392829895,0.2956470251083374,3045440
2026-02-15 10:00:00+00:00,0.29565486311912537,0.29565486311912537,0.29135796427726746,0.29272228479385376,17782720
2026-02-15 11:00:00+00:00,0.292695015668869,0.2930750250816345,0.29020822048187256,0.29024600982666016,0
2026-02-15 12:00:00+00:00,0.29027411341667175,0.29041168093681335,0.28482383489608765,0.28482383489608765,10375360
2026-02-15 13:00:00+00:00,0.2845604419708252,0.2856671214103699,0.28177547454833984,0.2821744382381439,25613376
2026-02-15 14:00:00+00:00,0.28218215703964233,0.2851143181324005,0.2821323275566101,0.2848350405693054,2879424
2026-02-15 15:00:00+00:00,0.28482410311698914,0.285984069108963,0.28403228521347046,0.2842974066734314,0
2026-02-15 16:00:00+00:00,0.28427940607070923,0.28427940607070923,0.282699853181839,0.28358930349349976,0
2026-02-15 17:00:00+00:00,0.2836002707481384,0.28400641679763794,0.2793656289577484,0.2802674174308777,2822912
2026-02-15 18:00:00+00:00,0.28029724955558777,0.28095176815986633,0.27856114506721497,0.27861785888671875,0
2026-02-15 19:00:00+00:00,0.2786407470703125,0.2800314128398895,0.27779677510261536,0.27908194065093994,0
2026-02-15 20:00:00+00:00,0.2790713310241699,0.2802579998970032,0.27842095494270325,0.27925655245780945,0
2026-02-15 21:00:00+00:00,0.2792344093322754,0.2808740437030792,0.27922049164772034,0.2803366184234619,0
2026-02-15 22:00:00+00:00,0.2803260087966919,0.28222471475601196,0.2801254391670227,0.28222471475601196,0
2026-02-15 23:00:00+00:00,0.28221550583839417,0.28221550583839417,0.2798043191432953,0.2817853093147278,0
2026-02-16 00:00:00+00:00,0.2817769944667816,0.2828674018383026,0.2811151444911957,0.28203660249710083,0
2026-02-16 01:00:00+00:00,0.2820335030555725,0.28257137537002563,0.28056278824806213,0.2807016670703888,0
2026-02-16 02:00:00+00:00,0.28070029616355896,0.2817983627319336,0.2800137996673584,0.28004735708236694,0
2026-02-16 03:00:00+00:00,0.2800285518169403,0.28017640113830566,0.2797236740589142,0.2800849676132202,0
2026-02-16 04:00:00+00:00,0.2800798714160919,0.2818838357925415,0.2800579071044922,0.2818838357925415,0
2026-02-16 05:00:00+00:00,0.28190183639526367,0.2821841239929199,0.2779242694377899,0.27813252806663513,0
2026-02-16 06:00:00+00:00,0.27812761068344116,0.2802494168281555,0.27808400988578796,0.27995529770851135,0
2026-02-16 07:00:00+00:00,0.2799566984176636,0.2806374132633209,0.2794983685016632,0.2800855040550232,0
2026-02-16 08:00:00+00:00,0.28007104992866516,0.2822819948196411,0.28007104992866516,0.28170695900917053,0
2026-02-16 09:00:00+00:00,0.28170686960220337,0.2852575480937958,0.28162625432014465,0.28468844294548035,7161664
2026-02-16 10:00:00+00:00,0.2847305238246918,0.2847305238246918,0.2826859652996063,0.2826859652996063,0
2026-02-16 11:00:00+00:00,0.2826671004295349,0.2831156253814697,0.2796947956085205,0.283061146736145,0
2026-02-16 12:00:00+00:00,0.28306061029434204,0.2871149480342865,0.2824588716030121,0.2871149480342865,0
2026-02-16 13:00:00+00:00,0.287108451128006,0.2881745994091034,0.2808472812175751,0.2808525264263153,0
2026-02-16 14:00:00+00:00,0.2808857858181,0.28467196226119995,0.2800394594669342,0.2841363847255707,5115328
2026-02-16 15:00:00+00:00,0.2841182351112366,0.2849173843860626,0.27789536118507385,0.2789951264858246,16955584
2026-02-16 16:00:00+00:00,0.2789524793624878,0.28148889541625977,0.2788501977920532,0.2808029353618622,647520
2026-02-16 17:00:00+00:00,0.2808198034763336,0.28281617164611816,0.28008347749710083,0.2822622060775757,0
2026-02-16 18:00:00+00:00,0.28226932883262634,0.2833150029182434,0.28173118829727173,0.28173118829727173,0
2026-02-16 19:00:00+00:00,0.2817043364048004,0.28309547901153564,0.281493604183197,0.2826331853866577,0
2026-02-16 20:00:00+00:00,0.28255996108055115,0.28533726930618286,0.281572163105011,0.28527650237083435,325824
2026-02-16 21:00:00+00:00,0.2852741777896881,0.2861499786376953,0.28473567962646484,0.2861499786376953,772800
2026-02-16 22:00:00+00:00,0.2861548960208893,0.28712016344070435,0.2849714457988739,0.2850921154022217,5993184
2026-02-16 23:00:00+00:00,0.2850739061832428,0.2857348620891571,0.2849564254283905,0.2854974567890167,0
2026-02-17 00:00:00+00:00,0.28552743792533875,0.28599831461906433,0.28517478704452515,0.28518426418304443,3861760
2026-02-17 01:00:00+00:00,0.2851558327674866,0.28553804755210876,0.28452613949775696,0.28452613949775696,0
2026-02-17 02:00:00+00:00,0.28451091051101685,0.28874850273132324,0.2837197184562683,0.2887347638607025,7921632
2026-02-17 03:00:00+00:00,0.28862661123275757,0.28862661123275757,0.28656551241874695,0.2865721881389618,0
2026-02-17 04:00:00+00:00,0.2865685820579529,0.2873791754245758,0.28618332743644714,0.2863801419734955,0
2026-02-17 05:00:00+00:00,0.28640016913414,0.28669118881225586,0.28411945700645447,0.2853478789329529,0
2026-02-17 06:00:00+00:00,0.2853454053401947,0.2872835099697113,0.2853454053401947,0.2872348725795746,675968
2026-02-17 07:00:00+00:00,0.28723403811454773,0.2893085181713104,0.28596630692481995,0.2871101200580597,17771360
2026-02-17 08:00:00+00:00,0.2870067059993744,0.2870067059993744,0.2835118770599365,0.2835118770599365,4094688
2026-02-17 09:00:00+00:00,0.2835172712802887,0.2835172712802887,0.281220406293869,0.28218743205070496,0
2026-02-17 10:00:00+00:00,0.2821882963180542,0.2821882963180542,0.279695063829422,0.2797946035861969,315968
2026-02-17 11:00:00+00:00,0.2798164188861847,0.2805127799510956,0.2798164188861847,0.280396968126297,0
2026-02-17 12:00:00+00:00,0.2803589105606079,0.28278014063835144,0.28018811345100403,0.28190183639526367,0
2026-02-17 13:00:00+00:00,0.28189602494239807,0.2837134301662445,0.2816583812236786,0.28366345167160034,0
2026-02-17 14:00:00+00:00,0.28336259722709656,0.28364211320877075,0.2778937518596649,0.2785050570964813,0
2026-02-17 15:00:00+00:00,0.27843573689460754,0.28091922402381897,0.27821534872055054,0.2809053361415863,0
2026-02-17 16:00:00+00:00,0.28116586804389954,0.2856753170490265,0.28116586804389954,0.28390201926231384,7819008
2026-02-17 17:00:00+00:00,0.2838488519191742,0.2838488519191742,0.27909421920776367,0.2803608775138855,6648256
2026-02-17 18:00:00+00:00,0.2804340720176697,0.2856331169605255,0.2804340720176697,0.28525105118751526,9827488
2026-02-17 19:00:00+00:00,0.28516486287117004,0.28516486287117004,0.28302958607673645,0.2832019329071045,2721952
2026-02-17 20:00:00+00:00,0.28318658471107483,0.2832452952861786,0.2817477881908417,0.28258460760116577,0
2026-02-17 21:00:00+00:00,0.2826063930988312,0.28313004970550537,0.2816920280456543,0.2820051908493042,0
2026-02-17 22:00:00+00:00,0.2820347249507904,0.28228870034217834,0.28107285499572754,0.2810811698436737,0
2026-02-17 23:00:00+00:00,0.2810737192630768,0.2812194228172302,0.28044524788856506,0.28096622228622437,2091104
2026-02-18 00:00:00+00:00,0.2809580862522125,0.2814124822616577,0.28007596731185913,0.28007596731185913,0
2026-02-18 01:00:00+00:00,0.28007182478904724,0.28013238310813904,0.2794356644153595,0.2797781229019165,2011584
2026-02-18 02:00:00+00:00,0.2797870635986328,0.2825685739517212,0.2797870635986328,0.2823629379272461,0
2026-02-18 03:00:00+00:00,0.2823709547519684,0.283519446849823,0.28231045603752136,0.2832200527191162,0
2026-02-18 04:00:00+00:00,0.2831796109676361,0.2831796109676361,0.2823132574558258,0.2823159694671631,0
2026-02-18 05:00:00+00:00,0.2822871506214142,0.2825157046318054,0.2819037139415741,0.28236696124076843,0
2026-02-18 06:00:00+00:00,0.28233569860458374,0.28317925333976746,0.28233569860458374,0.2824873626232147,0
2026-02-18 07:00:00+00:00,0.28246942162513733,0.28457772731781006,0.2820951044559479,0.28457772731781006,0
2026-02-18 08:00:00+00:00,0.2845345139503479,0.2858630418777466,0.284321665763855,0.28514736890792847,0
2026-02-18 09:00:00+00:00,0.28513655066490173,0.28595155477523804,0.28497084975242615,0.28499913215637207,0
2026-02-18 10:00:00+00:00,0.285007119178772,0.2858286201953888,0.2830312252044678,0.28306272625923157,0
2026-02-18 11:00:00+00:00,0.2830677330493927,0.28353723883628845,0.281262069940567,0.2814641296863556,13397888
2026-02-18 12:00:00+00:00,0.2814682126045227,0.2829053997993469,0.2810420095920563,0.2824670374393463,600000
2026-02-18 13:00:00+00:00,0.28247320652008057,0.2825455665588379,0.28017473220825195,0.2804555892944336,0
2026-02-18 14:00:00+00:00,0.2804924547672272,0.2814384698867798,0.27957355976104736,0.2814384698867798,0
2026-02-18 15:00:00+00:00,0.2814065217971802,0.2867293655872345,0.28123024106025696,0.28465554118156433,0
2026-02-18 16:00:00+00:00,0.2842631936073303,0.2842631936073303,0.2799493074417114,0.2799493074417114,0
2026-02-18 17:00:00+00:00,0.28000786900520325,0.28206542134284973,0.2797546684741974,0.2797546684741974,0
2026-02-18 18:00:00+00:00,0.27975374460220337,0.28009843826293945,0.2755625545978546,0.2758359909057617,8347136
2026-02-18 19:00:00+00:00,0.27579817175865173,0.27627280354499817,0.2725607752799988,0.273041695356369,13809920
2026-02-18 20:00:00+00:00,0.2731669843196869,0.275411456823349,0.27285584807395935,0.2741234302520752,7955488
2026-02-18 21:00:00+00:00,0.2741169035434723,0.2745117247104645,0.2732834219932556,0.2736596465110779,5337056
2026-02-18 22:00:00+00:00,0.27366429567337036,0.27385130524635315,0.2729456126689911,0.27353814244270325,3750976
2026-02-18 23:00:00+00:00,0.27347999811172485,0.2736886739730835,0.27266040444374084,0.27358490228652954,71200
2026-02-19 00:00:00+00:00,0.2736159563064575,0.2736159563064575,0.2724480628967285,0.2725609540939331,6120960
2026-02-19 01:00:00+00:00,0.2725524306297302,0.2748175263404846,0.2725524306297302,0.2748175263404846,6275872
2026-02-19 02:00:00+00:00,0.2748285233974457,0.2756004333496094,0.27396684885025024,0.2742041349411011,0
2026-02-19 03:00:00+00:00,0.27428463101387024,0.2750190496444702,0.2740843892097473,0.2750190496444702,2160128
2026-02-19 04:00:00+00:00,0.27502089738845825,0.2753135561943054,0.2745390236377716,0.27480196952819824,465792
2026-02-19 05:00:00+00:00,0.27477478981018066,0.2749345302581787,0.27371329069137573,0.27459248900413513,3291488
2026-02-19 06:00:00+00:00,0.2745988368988037,0.2764571011066437,0.2745988368988037,0.2761719822883606,1372992
2026-02-19 07:00:00+00:00,0.276178240776062,0.276741087436676,0.27572935819625854,0.27602216601371765,1004640
2026-02-19 08:00:00+00:00,0.27603450417518616,0.27614137530326843,0.2734840512275696,0.27387484908103943,3380192
2026-02-19 09:00:00+00:00,0.27382057905197144,0.2749466001987457,0.2733863890171051,0.2736802101135254,11221312
2026-02-19 10:00:00+00:00,0.2736288905143738,0.2740098536014557,0.2728504538536072,0.2734164297580719,2165280
2026-02-19 11:00:00+00:00,0.2734088599681854,0.2740195393562317,0.27228498458862305,0.27228498458862305,0
2026-02-19 12:00:00+00:00,0.27228090167045593,0.2724775969982147,0.2714459002017975,0.27201297879219055,493472
2026-02-19 13:00:00+00:00,0.2720222771167755,0.2720990777015686,0.26918309926986694,0.2696782648563385,8437984
2026-02-19 14:00:00+00:00,0.26967886090278625,0.2730160057544708,0.26967886090278625,0.2729251980781555,6378944
2026-02-19 15:00:00+00:00,0.27286621928215027,0.27315929532051086,0.26968151330947876,0.2699473202228546,0
2026-02-19 16:00:00+00:00,0.27000150084495544,0.27023422718048096,0.2683109641075134,0.2692088484764099,4304832
2026-02-19 17:00:00+00:00,0.2692505717277527,0.2723155915737152,0.2689782381057739,0.2690071761608124,8402976
2026-02-19 18:00:00+00:00,0.2692330479621887,0.2729189991950989,0.26922139525413513,0.27270787954330444,0
2026-02-19 19:00:00+00:00,0.2727549374103546,0.2733548879623413,0.2716527581214905,0.27275902032852173,0
2026-02-19 20:00:00+00:00,0.27278050780296326,0.27284330129623413,0.27213916182518005,0.2726188898086548,0
2026-02-19 21:00:00+00:00,0.2726258635520935,0.27305668592453003,0.27240386605262756,0.27240386605262756,0
2026-02-19 22:00:00+00:00,0.2723686099052429,0.27242234349250793,0.27094876766204834,0.27186617255210876,0
2026-02-19 23:00:00+00:00,0.2719305753707886,0.27275511622428894,0.2719305753707886,0.27253028750419617,0
2026-02-20 00:00:00+00:00,0.2725662589073181,0.2747855484485626,0.27243977785110474,0.27409788966178894,0
2026-02-20 01:00:00+00:00,0.27411043643951416,0.27423208951950073,0.2736181914806366,0.2737555503845215,0
2026-02-20 02:00:00+00:00,0.27376043796539307,0.27448996901512146,0.27376043796539307,0.27395033836364746,0
2026-02-20 03:00:00+00:00,0.27393433451652527,0.27444806694984436,0.27353784441947937,0.27379029989242554,0
2026-02-20 04:00:00+00:00,0.27376216650009155,0.27376216650009155,0.27164962887763977,0.27229344844818115,0
2026-02-20 05:00:00+00:00,0.27229586243629456,0.2755993604660034,0.2720162570476532,0.27488240599632263,3565696
2026-02-20 06:00:00+00:00,0.2748925983905792,0.274905264377594,0.27393004298210144,0.27455365657806396,2731008
2026-02-20 07:00:00+00:00,0.27454832196235657,0.274566113948822,0.27376240491867065,0.2737666070461273,0
2026-02-20 08:00:00+00:00,0.2737447917461395,0.2746642231941223,0.2735697627067566,0.27463167905807495,0
2026-02-20 09:00:00+00:00,0.27463504672050476,0.2771236300468445,0.27459967136383057,0.2771236300468445,0
2026-02-20 10:00:00+00:00,0.2771386206150055,0.27941635251045227,0.2771386206150055,0.27830636501312256,5873408
2026-02-20 11:00:00+00:00,0.27829408645629883,0.2784118056297302,0.2771034240722656,0.2771034240722656,5204928
2026-02-20 12:00:00+00:00,0.27705636620521545,0.277317613363266,0.2764197587966919,0.27679628133773804,814304
2026-02-20 13:00:00+00:00,0.27679458260536194,0.2768368721008301,0.27052533626556396,0.27185097336769104,3066240
2026-02-20 14:00:00+00:00,0.2717747688293457,0.277953565120697,0.2717747688293457,0.27732139825820923,7192544
2026-02-20 15:00:00+00:00,0.27738475799560547,0.28728610277175903,0.27738475799560547,0.28728610277175903,41572096
2026-02-20 16:00:00+00:00,0.2878091037273407,0.2928597331047058,0.2860887348651886,0.2873595654964447,43401408
2026-02-20 17:00:00+00:00,0.2875154912471771,0.28808462619781494,0.2807469666004181,0.2853156626224518,23659552
2026-02-20 18:00:00+00:00,0.285343736410141,0.2853538990020752,0.2823476493358612,0.28291067481040955,29923328
2026-02-20 19:00:00+00:00,0.28288206458091736,0.2834899425506592,0.28240010142326355,0.2825827896595001,4673280
2026-02-20 20:00:00+00:00,0.2826174795627594,0.2845328152179718,0.2826174795627594,0.28399190306663513,10396064
2026-02-20 21:00:00+00:00,0.2840154767036438,0.28457292914390564,0.2833773195743561,0.2845664620399475,425824
2026-02-20 22:00:00+00:00,0.28454431891441345,0.2851719558238983,0.2836562395095825,0.28510618209838867,1302240
2026-02-20 23:00:00+00:00,0.2852843403816223,0.2857745885848999,0.28455445170402527,0.28490686416625977,430368
2026-02-21 00:00:00+00:00,0.28489166498184204,0.28505781292915344,0.2827497720718384,0.28275617957115173,0
2026-02-21 01:00:00+00:00,0.2827841639518738,0.28351300954818726,0.28233635425567627,0.28335389494895935,2315744
2026-02-21 02:00:00+00:00,0.28335514664649963,0.28435438871383667,0.282823771238327,0.2836546301841736,1789760
2026-02-21 03:00:00+00:00,0.2836490273475647,0.28376102447509766,0.28249701857566833,0.2828260362148285,2219232
2026-02-21 04:00:00+00:00,0.2828415632247925,0.283032089471817,0.28241217136383057,0.283032089471817,0
2026-02-21 05:00:00+00:00,0.2830279767513275,0.28405216336250305,0.2830279767513275,0.283497154712677,0
2026-02-21 06:00:00+00:00,0.2835020422935486,0.2835020422935486,0.2815127372741699,0.28159695863723755,0
2026-02-21 07:00:00+00:00,0.2815367877483368,0.28182411193847656,0.2812167704105377,0.2813539206981659,0
2026-02-21 08:00:00+00:00,0.2813555598258972,0.28333714604377747,0.28126731514930725,0.28333714604377747,0
2026-02-21 09:00:00+00:00,0.28330087661743164,0.2859629988670349,0.28330087661743164,0.2843659818172455,2004320
2026-02-21 10:00:00+00:00,0.28435471653938293,0.2848396301269531,0.2837271988391876,0.28378087282180786,0
2026-02-21 11:00:00+00:00,0.28376898169517517,0.28451675176620483,0.28335291147232056,0.2834881544113159,0
2026-02-21 12:00:00+00:00,0.2834787368774414,0.28348419070243835,0.28202563524246216,0.28259751200675964,0
2026-02-21 13:00:00+00:00,0.28259730339050293,0.28286120295524597,0.2822374403476715,0.28286120295524597,0
2026-02-21 14:00:00+00:00,0.2829053997993469,0.2843189537525177,0.2829053997993469,0.28314316272735596,0
2026-02-21 15:00:00+00:00,0.28312042355537415,0.28339046239852905,0.28266289830207825,0.28282517194747925,0
2026-02-21 16:00:00+00:00,0.2827863097190857,0.2827863097190857,0.28019455075263977,0.2807779610157013,0
2026-02-21 17:00:00+00:00,0.2807609736919403,0.28092095255851746,0.2798963189125061,0.2809007465839386,0
2026-02-21 18:00:00+00:00,0.28088247776031494,0.2820065915584564,0.28088247776031494,0.2820065915584564,0
2026-02-21 19:00:00+00:00,0.28190377354621887,0.28190377354621887,0.28028735518455505,0.2802893817424774,0
2026-02-21 20:00:00+00:00,0.28027278184890747,0.28110888600349426,0.27987053990364075,0.2798866629600525,0
2026-02-21 21:00:00+00:00,0.2796895503997803,0.2809697389602661,0.27950429916381836,0.2809635102748871,2622992
2026-02-21 22:00:00+00:00,0.2809630334377289,0.28116029500961304,0.28016865253448486,0.2801869511604309,0
2026-02-21 23:00:00+00:00,0.28017643094062805,0.2804303467273712,0.27983272075653076,0.28002288937568665,768
2026-02-22 00:00:00+00:00,0.2798856496810913,0.27990400791168213,0.2776452898979187,0.27831417322158813,705040
2026-02-22 01:00:00+00:00,0.2783542275428772,0.2792452573776245,0.2783542275428772,0.27915865182876587,0
2026-02-22 02:00:00+00:00,0.27916595339775085,0.2795756161212921,0.27720382809638977,0.27720969915390015,489792
2026-02-22 03:00:00+00:00,0.2772079408168793,0.27741363644599915,0.27605023980140686,0.277117520570755,1899424
2026-02-22 04:00:00+00:00,0.2771228849887848,0.27744996547698975,0.2763989567756653,0.27641794085502625,302816
2026-02-22 05:00:00+00:00,0.27641475200653076,0.2764969766139984,0.27550622820854187,0.2755311131477356,3504336
2026-02-22 06:00:00+00:00,0.2756030857563019,0.27659934759140015,0.2751893401145935,0.2765577435493469,1267584
2026-02-22 07:00:00+00:00,0.27655425667762756,0.27661648392677307,0.27600371837615967,0.27600371837615967,0
2026-02-22 08:00:00+00:00,0.2759284973144531,0.2760560214519501,0.2753215432167053,0.2753582000732422,0
2026-02-22 09:00:00+00:00,0.27537065744400024,0.2763318121433258,0.2753515839576721,0.2763318121433258,0
2026-02-22 10:00:00+00:00,0.27633488178253174,0.2772466540336609,0.276179701089859,0.27619409561157227,1790176
2026-02-22 11:00:00+00:00,0.27618932723999023,0.27633240818977356,0.27603134512901306,0.27603134512901306,0
2026-02-22 12:00:00+00:00,0.2760239243507385,0.2760239243507385,0.27321183681488037,0.2732238173484802,5028928
2026-02-22 13:00:00+00:00,0.27323341369628906,0.27353155612945557,0.27247166633605957,0.27254965901374817,2956896
2026-02-22 14:00:00+00:00,0.272556334733963,0.27289310097694397,0.27163130044937134,0.27183711528778076,0
2026-02-22 15:00:00+00:00,0.2718382477760315,0.2720513939857483,0.27063068747520447,0.27205121517181396,0
2026-02-22 16:00:00+00:00,0.27202314138412476,0.27202314138412476,0.2700895667076111,0.27116140723228455,0
2026-02-22 17:00:00+00:00,0.27116528153419495,0.27116766571998596,0.270058810710907,0.27035126090049744,323744
2026-02-22 18:00:00+00:00,0.2703455090522766,0.2703455090522766,0.2692904472351074,0.2700430750846863,0
2026-02-22 19:00:00+00:00,0.2700444459915161,0.2702910006046295,0.269686758518219,0.269959419965744,0
2026-02-22 20:00:00+00:00,0.2699469029903412,0.2699469029903412,0.2693202495574951,0.26932162046432495,0
2026-02-22 21:00:00+00:00,0.2693636119365692,0.2702890932559967,0.2693408131599426,0.2702851891517639,0
2026-02-22 22:00:00+00:00,0.27028265595436096,0.2717125713825226,0.27028265595436096,0.27163752913475037,2426384
2026-02-22 23:00:00+00:00,0.27164995670318604,0.2716957926750183,0.27041393518447876,0.2713834345340729,1428160
2026-02-23 00:00:00+00:00,0.27137497067451477,0.2715238332748413,0.2694428563117981,0.2694428563117981,881232
2026-02-23 01:00:00+00:00,0.26935213804244995,0.26935213804244995,0.2587220370769501,0.25959765911102295,86034208
2026-02-23 02:00:00+00:00,0.25860950350761414,0.2602853775024414,0.25860950350761414,0.2600061297416687,19027392
2026-02-23 03:00:00+00:00,0.2600296437740326,0.26163700222969055,0.2600296437740326,0.2613709568977356,4129760
2026-02-23 04:00:00+00:00,0.26133161783218384,0.26133161783218384,0.25993645191192627,0.2605392336845398,3909888
2026-02-23 05:00:00+00:00,0.26059040427207947,0.2624414563179016,0.26059040427207947,0.26172059774398804,4455424
2026-02-23 06:00:00+00:00,0.2617514729499817,0.2660432755947113,0.2617514729499817,0.2660432755947113,7444768
2026-02-23 07:00:00+00:00,0.2660462260246277,0.26707762479782104,0.26600268483161926,0.26679739356040955,3683040
2026-02-23 08:00:00+00:00,0.26678192615509033,0.26678192615509033,0.26505497097969055,0.26505497097969055,3104512
2026-02-23 09:00:00+00:00,0.26506105065345764,0.2711211144924164,0.26506105065345764,0.2711211144924164,13885120
2026-02-23 10:00:00+00:00,0.27110153436660767,0.27129417657852173,0.27021524310112,0.2706088423728943,1428928
2026-02-23 11:00:00+00:00,0.2705998420715332,0.2718276083469391,0.27025294303894043,0.27098849415779114,4392096
2026-02-23 12:00:00+00:00,0.27111485600471497,0.27431079745292664,0.2710918188095093,0.2735898494720459,9495232
2026-02-23 13:00:00+00:00,0.27359887957572937,0.27397021651268005,0.2726229429244995,0.2726229429244995,5590688
2026-02-23 14:00:00+00:00,0.27242380380630493,0.2726442217826843,0.26956242322921753,0.27072829008102417,10631904
2026-02-23 15:00:00+00:00,0.27072572708129883,0.27072572708129883,0.2671051621437073,0.26711153984069824,10232224
2026-02-23 16:00:00+00:00,0.2670835852622986,0.26804855465888977,0.26603150367736816,0.2661011219024658,2004704
2026-02-23 17:00:00+00:00,0.2661883533000946,0.2665427029132843,0.2618072032928467,0.26245373487472534,13067840
2026-02-23 18:00:00+00:00,0.26278892159461975,0.26505401730537415,0.26278892159461975,0.2636120021343231,8674304
2026-02-23 19:00:00+00:00,0.2636360824108124,0.2636360824108124,0.2616228759288788,0.26199871301651,5882304
2026-02-23 20:00:00+00:00,0.261993944644928,0.2631627023220062,0.2610047161579132,0.2631627023220062,7265856
2026-02-23 21:00:00+00:00,0.26311394572257996,0.2635827660560608,0.26297369599342346,0.2634137272834778,3054080
2026-02-23 22:00:00+00:00,0.2634034752845764,0.26465994119644165,0.2634034752845764,0.2636503279209137,3337120
2026-02-23 23:00:00+00:00,0.2636392414569855,0.26392874121665955,0.26224276423454285,0.2622547447681427,400608
2026-02-24 00:00:00+00:00,0.26225972175598145,0.2642706632614136,0.26225972175598145,0.26404672861099243,0
2026-02-24 01:00:00+00:00,0.26406779885292053,0.2640988528728485,0.25924479961395264,0.26117193698883057,0
2026-02-24 02:00:00+00:00,0.26114124059677124,0.26180747151374817,0.2601633667945862,0.260246217250824,0
2026-02-24 03:00:00+00:00,0.2601490318775177,0.2601538300514221,0.2582809329032898,0.2585752010345459,2035744
2026-02-24 04:00:00+00:00,0.25855356454849243,0.2587093412876129,0.25698980689048767,0.25750139355659485,6147200
2026-02-24 05:00:00+00:00,0.2575068771839142,0.25891733169555664,0.25662314891815186,0.25725826621055603,4989248
2026-02-24 06:00:00+00:00,0.25724974274635315,0.257343053817749,0.2565714120864868,0.25657692551612854,0
2026-02-24 07:00:00+00:00,0.2565864622592926,0.2576739192008972,0.25637510418891907,0.2574024200439453,0
2026-02-24 08:00:00+00:00,0.25747355818748474,0.2583286762237549,0.257062166929245,0.2581530213356018,2934080
2026-02-24 09:00:00+00:00,0.2581479549407959,0.2581479549407959,0.2564011514186859,0.2570110857486725,0
2026-02-24 10:00:00+00:00,0.25697681307792664,0.25752952694892883,0.2569373548030853,0.25745150446891785,4512704
2026-02-24 11:00:00+00:00,0.25744619965553284,0.257453590631485,0.25700902938842773,0.25715067982673645,0
2026-02-24 12:00:00+00:00,0.2572021484375,0.25757071375846863,0.2563939690589905,0.2565280795097351,0
2026-02-24 13:00:00+00:00,0.2565208375453949,0.2566063702106476,0.2555869519710541,0.2564815580844879,5257600
2026-02-24 14:00:00+00:00,0.2562437951564789,0.2584110200405121,0.25458306074142456,0.25808197259902954,7400160
2026-02-24 15:00:00+00:00,0.2579770088195801,0.26095446944236755,0.2578592598438263,0.25948745012283325,0
2026-02-24 16:00:00+00:00,0.2596213221549988,0.2616523206233978,0.2596213221549988,0.26044732332229614,640992
2026-02-24 17:00:00+00:00,0.2606663703918457,0.2622435688972473,0.2606663703918457,0.26129060983657837,0
2026-02-24 18:00:00+00:00,0.2613765299320221,0.26199713349342346,0.260438472032547,0.261256605386734,0
2026-02-24 19:00:00+00:00,0.2612549066543579,0.26151856780052185,0.2601645290851593,0.2606494724750519,0
2026-02-24 20:00:00+00:00,0.2605697810649872,0.2608823776245117,0.26015815138816833,0.2606213688850403,0
2026-02-24 21:00:00+00:00,0.26063472032546997,0.26063472032546997,0.2594239115715027,0.25957736372947693,0
2026-02-24 22:00:00+00:00,0.2595685124397278,0.2604677379131317,0.2593073546886444,0.25954172015190125,0
2026-02-24 23:00:00+00:00,0.25954729318618774,0.2595818042755127,0.25815925002098083,0.2587600350379944,578176
2026-02-25 00:00:00+00:00,0.2587336599826813,0.2593073546886444,0.258210688829422,0.2592932879924774,1031552
2026-02-25 01:00:00+00:00,0.2592582702636719,0.26815253496170044,0.2591741681098938,0.26740145683288574,20152256
2026-02-25 02:00:00+00:00,0.2676892876625061,0.2709255516529083,0.2676892876625061,0.2690294086933136,18191744
2026-02-25 03:00:00+00:00,0.2690003216266632,0.269060879945755,0.2661823034286499,0.2661823034286499,1146176
2026-02-25 04:00:00+00:00,0.26613759994506836,0.2665748596191406,0.2648661732673645,0.26616913080215454,1122208
2026-02-25 05:00:00+00:00,0.2660515606403351,0.2660515606403351,0.2628161907196045,0.263969361782074,0
2026-02-25 06:00:00+00:00,0.2639668583869934,0.2652934491634369,0.2639668583869934,0.2644701898097992,0
2026-02-25 07:00:00+00:00,0.2644535303115845,0.26596230268478394,0.2644535303115845,0.26571476459503174,0
2026-02-25 08:00:00+00:00,0.2657470405101776,0.26834046840667725,0.2657470405101776,0.26834046840667725,2825248
2026-02-25 09:00:00+00:00,0.2683407664299011,0.2700037360191345,0.2683407664299011,0.2700037360191345,712672
2026-02-25 10:00:00+00:00,0.2700023949146271,0.2702940106391907,0.26954343914985657,0.2698131501674652,0
2026-02-25 11:00:00+00:00,0.26981455087661743,0.2708120048046112,0.269192099571228,0.27078744769096375,6440896
2026-02-25 12:00:00+00:00,0.2708514928817749,0.2775592505931854,0.2708514928817749,0.2769503593444824,32032576
2026-02-25 13:00:00+00:00,0.2768373489379883,0.2794622480869293,0.2768373489379883,0.2784523665904999,17212352
2026-02-25 14:00:00+00:00,0.27845096588134766,0.28653690218925476,0.27845096588134766,0.2865354120731354,31980160
2026-02-25 15:00:00+00:00,0.286620557308197,0.2920806109905243,0.286620557308197,0.29120707511901855,62426272
2026-02-25 16:00:00+00:00,0.29115810990333557,0.2951963543891907,0.29115810990333557,0.29519063234329224,51392640
2026-02-25 17:00:00+00:00,0.29518282413482666,0.2975828945636749,0.2951436936855316,0.29597246646881104,48702464
2026-02-25 18:00:00+00:00,0.2963906526565552,0.29904329776763916,0.2946043908596039,0.2988985776901245,41489920
2026-02-25 19:00:00+00:00,0.2989750802516937,0.30096346139907837,0.29657062888145447,0.30096346139907837,43007552
2026-02-25 20:00:00+00:00,0.3009473383426666,0.3112873136997223,0.3009473383426666,0.3080892860889435,174950464
2026-02-25 21:00:00+00:00,0.3081792891025543,0.3123830556869507,0.3070030212402344,0.3099091351032257,72510208
2026-02-25 22:00:00+00:00,0.3101177513599396,0.31077077984809875,0.30030739307403564,0.30048972368240356,48432704
2026-02-25 23:00:00+00:00,0.3005366027355194,0.30292797088623047,0.2955109179019928,0.29669320583343506,40460032
2026-02-26 00:00:00+00:00,0.29673925042152405,0.300382137298584,0.29492878913879395,0.29589366912841797,26609152
2026-02-26 01:00:00+00:00,0.29589444398880005,0.2982289791107178,0.2956623136997223,0.2968258261680603,0
2026-02-26 02:00:00+00:00,0.29657992720603943,0.2971031963825226,0.2947905361652374,0.2969699800014496,0
2026-02-26 03:00:00+00:00,0.2969471514225006,0.2969471514225006,0.295367956161499,0.29544341564178467,0
2026-02-26 04:00:00+00:00,0.29532697796821594,0.29923972487449646,0.2953159213066101,0.29777035117149353,16155648
2026-02-26 05:00:00+00:00,0.297722727060318,0.297722727060318,0.29357457160949707,0.2952871024608612,4558080
2026-02-26 06:00:00+00:00,0.29525038599967957,0.2962665557861328,0.2938544452190399,0.2943039834499359,42545920
2026-02-26 07:00:00+00:00,0.29423660039901733,0.29532790184020996,0.29337018728256226,0.29337018728256226,5298176
2026-02-26 08:00:00+00:00,0.2933942377567291,0.2944363057613373,0.2930713891983032,0.2930713891983032,8019072
2026-02-26 09:00:00+00:00,0.2930627167224884,0.29510459303855896,0.2915802299976349,0.2947796881198883,23430016
2026-02-26 10:00:00+00:00,0.294828325510025,0.29486119747161865,0.2918608784675598,0.2918716073036194,11577088
2026-02-26 11:00:00+00:00,0.2918696403503418,0.2921476662158966,0.28932419419288635,0.28932419419288635,11135616
2026-02-26 12:00:00+00:00,0.2894386947154999,0.29273104667663574,0.2894386947154999,0.2927021086215973,0
2026-02-26 13:00:00+00:00,0.2926863431930542,0.2932911217212677,0.29214775562286377,0.2922338545322418,0
2026-02-26 14:00:00+00:00,0.2922421395778656,0.29361626505851746,0.290067195892334,0.29185038805007935,0
2026-02-26 15:00:00+00:00,0.29186922311782837,0.29296156764030457,0.290408194065094,0.2913344204425812,0
2026-02-26 16:00:00+00:00,0.2913949191570282,0.2914416790008545,0.2841668426990509,0.2841894030570984,0
2026-02-26 17:00:00+00:00,0.2842213809490204,0.28572842478752136,0.2835210859775543,0.28355979919433594,0
2026-02-26 18:00:00+00:00,0.283610999584198,0.28609588742256165,0.28304892778396606,0.28609588742256165,0
2026-02-26 19:00:00+00:00,0.2863806188106537,0.28887221217155457,0.2863806188106537,0.2883191704750061,0
2026-02-26 20:00:00+00:00,0.28837063908576965,0.289151132106781,0.2848372459411621,0.2849166691303253,0
2026-02-26 21:00:00+00:00,0.28491973876953125,0.285963773727417,0.2847125828266144,0.28562989830970764,0
2026-02-26 22:00:00+00:00,0.2855345606803894,0.2871982753276825,0.2855345606803894,0.2870790958404541,0
2026-02-26 23:00:00+00:00,0.28710097074508667,0.28741922974586487,0.28663399815559387,0.28697168827056885,0
2026-02-27 00:00:00+00:00,0.2869766056537628,0.28701087832450867,0.2852369546890259,0.2860632836818695,0
2026-02-27 01:00:00+00:00,0.28622710704803467,0.28779733180999756,0.28575193881988525,0.28760844469070435,0
2026-02-27 02:00:00+00:00,0.28773388266563416,0.28796350955963135,0.28720003366470337,0.2874711751937866,0
2026-02-27 03:00:00+00:00,0.2874237596988678,0.2900620400905609,0.28709128499031067,0.2900620400905609,0
2026-02-27 04:00:00+00:00,0.29006442427635193,0.2937290072441101,0.29006442427635193,0.29356881976127625,5211776
2026-02-27 05:00:00+00:00,0.2935490608215332,0.2955795228481293,0.2935452163219452,0.2948797643184662,4356928
2026-02-27 06:00:00+00:00,0.29489219188690186,0.2949814796447754,0.2915573716163635,0.29264792799949646,6117184
2026-02-27 07:00:00+00:00,0.2925410270690918,0.2925410270690918,0.28980016708374023,0.29033127427101135,3263808
2026-02-27 08:00:00+00:00,0.29032668471336365,0.2920970916748047,0.29032668471336365,0.29208460450172424,0
2026-02-27 09:00:00+00:00,0.2921457886695862,0.2932620644569397,0.2907218337059021,0.29083675146102905,0
2026-02-27 10:00:00+00:00,0.2906481623649597,0.2907238304615021,0.28600800037384033,0.28600800037384033,0
2026-02-27 11:00:00+00:00,0.28617435693740845,0.28672391176223755,0.28213727474212646,0.28213727474212646,0
2026-02-27 12:00:00+00:00,0.28186798095703125,0.2834870219230652,0.28179630637168884,0.28291207551956177,7200768
2026-02-27 13:00:00+00:00,0.2829563319683075,0.2843713164329529,0.2817004323005676,0.2836122214794159,16619136
2026-02-27 14:00:00+00:00,0.2837865650653839,0.2838275730609894,0.28166502714157104,0.28166502714157104,0
2026-02-27 15:00:00+00:00,0.28178685903549194,0.2825924754142761,0.28051841259002686,0.28070932626724243,0
2026-02-27 16:00:00+00:00,0.28071731328964233,0.28071731328964233,0.2777215540409088,0.27800479531288147,0
2026-02-27 17:00:00+00:00,0.2778433561325073,0.2778433561325073,0.2754809856414795,0.27738186717033386,0
2026-02-27 18:00:00+00:00,0.2775232493877411,0.27855807542800903,0.27711257338523865,0.27711257338523865,0
2026-02-27 19:00:00+00:00,0.2770894765853882,0.2770894765853882,0.2754071354866028,0.27578645944595337,0
2026-02-27 20:00:00+00:00,0.2756339907646179,0.2779689133167267,0.2756339907646179,0.2778814136981964,0
2026-02-27 21:00:00+00:00,0.2776162922382355,0.27794304490089417,0.2757766544818878,0.2758989930152893,0
2026-02-27 22:00:00+00:00,0.2759149372577667,0.27642565965652466,0.2746874988079071,0.2764054536819458,6707200
2026-02-27 23:00:00+00:00,0.27642911672592163,0.27768146991729736,0.27642911672592163,0.27762073278427124,895296
2026-02-28 00:00:00+00:00,0.27761828899383545,0.2781051993370056,0.2773369252681732,0.27793967723846436,847456
2026-02-28 01:00:00+00:00,0.2778826951980591,0.27824637293815613,0.27746447920799255,0.2778085768222809,0
2026-02-28 02:00:00+00:00,0.2777934670448303,0.2794368267059326,0.2774588465690613,0.27919477224349976,0
2026-02-28 03:00:00+00:00,0.2791319191455841,0.2791319191455841,0.2768985629081726,0.276899129152298,0
2026-02-28 04:00:00+00:00,0.2768886685371399,0.27723270654678345,0.2764124274253845,0.276720255613327,0
2026-02-28 05:00:00+00:00,0.27671435475349426,0.2768191993236542,0.27504462003707886,0.2751001715660095,0
2026-02-28 06:00:00+00:00,0.2751571238040924,0.2754337191581726,0.26365968585014343,0.26365968585014343,68166400
2026-02-28 07:00:00+00:00,0.263711154460907,0.2687516212463379,0.26311418414115906,0.26550424098968506,63915040
2026-02-28 08:00:00+00:00,0.2654933035373688,0.2654933035373688,0.2613738179206848,0.2613738179206848,11790080
2026-02-28 09:00:00+00:00,0.2613789737224579,0.26198136806488037,0.26067087054252625,0.26107028126716614,11035840
2026-02-28 10:00:00+00:00,0.26110509037971497,0.264615535736084,0.2601436376571655,0.26341137290000916,17243840
2026-02-28 11:00:00+00:00,0.2633969783782959,0.26470696926116943,0.2633535861968994,0.2633535861968994,0
2026-02-28 12:00:00+00:00,0.26329296827316284,0.2637513279914856,0.26304733753204346,0.2633083462715149,0
2026-02-28 13:00:00+00:00,0.26353153586387634,0.2690052390098572,0.2633330523967743,0.26856371760368347,9582592
2026-02-28 14:00:00+00:00,0.26874810457229614,0.2697598338127136,0.2665300667285919,0.2666061222553253,23894912
2026-02-28 15:00:00+00:00,0.2665991187095642,0.2682894170284271,0.26610442996025085,0.2678350806236267,0
2026-02-28 16:00:00+00:00,0.2678350508213043,0.26899591088294983,0.2675528824329376,0.26897740364074707,0
2026-02-28 17:00:00+00:00,0.2689845860004425,0.2689845860004425,0.26716598868370056,0.26813948154449463,0
2026-02-28 18:00:00+00:00,0.26821693778038025,0.2741316556930542,0.26821693778038025,0.2741316556930542,14747328
2026-02-28 19:00:00+00:00,0.27415260672569275,0.27729561924934387,0.272365540266037,0.2757013738155365,29114112
2026-02-28 20:00:00+00:00,0.2757035791873932,0.2807465195655823,0.2750629484653473,0.2806583344936371,28358400
2026-02-28 21:00:00+00:00,0.28067851066589355,0.28067851066589355,0.27702727913856506,0.2784039080142975,15682688
2026-02-28 22:00:00+00:00,0.2783171534538269,0.2827221155166626,0.2783171534538269,0.2811777591705322,14420928
2026-02-28 23:00:00+00:00,0.2810068428516388,0.28190433979034424,0.2810068428516388,0.28161484003067017,4632512
2026-03-01 00:00:00+00:00,0.2818858325481415,0.2822915017604828,0.2794826030731201,0.2797670364379883,6297600
2026-03-01 01:00:00+00:00,0.27977994084358215,0.286146879196167,0.27798396348953247,0.2856238782405853,28396032
2026-03-01 02:00:00+00:00,0.2866162955760956,0.2909451127052307,0.2866162955760956,0.29020270705223083,52477696
2026-03-01 03:00:00+00:00,0.2901929020881653,0.2901929020881653,0.2867754101753235,0.2868272364139557,10136448
2026-03-01 04:00:00+00:00,0.28684476017951965,0.28738853335380554,0.28478461503982544,0.28584128618240356,11982016
2026-03-01 05:00:00+00:00,0.2859191298484802,0.28639423847198486,0.28577232360839844,0.28590744733810425,3194880
2026-03-01 06:00:00+00:00,0.2859094738960266,0.2859465479850769,0.2822214365005493,0.2827322781085968,0
2026-03-01 07:00:00+00:00,0.28273889422416687,0.28329819440841675,0.28206753730773926,0.2829352915287018,0
2026-03-01 08:00:00+00:00,0.28293299674987793,0.2832539677619934,0.279188334941864,0.279188334941864,0
2026-03-01 09:00:00+00:00,0.27921736240386963,0.28073638677597046,0.2789134383201599,0.2789134383201599,0
2026-03-01 10:00:00+00:00,0.27893707156181335,0.2792856693267822,0.2781526446342468,0.27863430976867676,0
2026-03-01 11:00:00+00:00,0.2786343991756439,0.2788437604904175,0.27795711159706116,0.2780921459197998,0
2026-03-01 12:00:00+00:00,0.27810555696487427,0.27892717719078064,0.2763126790523529,0.2763126790523529,0
2026-03-01 13:00:00+00:00,0.27631640434265137,0.2810162305831909,0.27579569816589355,0.2810162305831909,0
2026-03-01 14:00:00+00:00,0.2809504270553589,0.2825329601764679,0.2790335714817047,0.27905964851379395,0
2026-03-01 15:00:00+00:00,0.2791800796985626,0.28207099437713623,0.27911266684532166,0.2812999486923218,0
2026-03-01 16:00:00+00:00,0.2812117636203766,0.2818017601966858,0.2766335606575012,0.2771915793418884,11199552
2026-03-01 17:00:00+00:00,0.27721646428108215,0.27721646428108215,0.274469256401062,0.2756074070930481,10054784
2026-03-01 18:00:00+00:00,0.27553778886795044,0.2785220742225647,0.2753148376941681,0.276531457901001,0
2026-03-01 19:00:00+00:00,0.27654534578323364,0.27654534578323364,0.2734321057796478,0.2737584710121155,0
2026-03-01 20:00:00+00:00,0.2737109661102295,0.2737109661102295,0.2696572244167328,0.269961416721344,0
2026-03-01 21:00:00+00:00,0.27000555396080017,0.272946298122406,0.26996326446533203,0.272946298122406,0
2026-03-01 22:00:00+00:00,0.2729683816432953,0.2751101553440094,0.27185583114624023,0.2719244956970215,944192
2026-03-01 23:00:00+00:00,0.27184316515922546,0.2747669219970703,0.27175936102867126,0.2735807001590729,7433344
2026-03-02 00:00:00+00:00,0.27358970046043396,0.2763920724391937,0.2728118896484375,0.2763771116733551,8834752
2026-03-02 01:00:00+00:00,0.2763804495334625,0.27931177616119385,0.2763804495334625,0.2771158814430237,0
2026-03-02 02:00:00+00:00,0.2771071195602417,0.2772245705127716,0.2751229703426361,0.27621936798095703,0
2026-03-02 03:00:00+00:00,0.2761453688144684,0.2775266468524933,0.27498605847358704,0.277172714471817,0
2026-03-02 04:00:00+00:00,0.2771589756011963,0.2775819003582001,0.2761198580265045,0.2761198580265045,0
2026-03-02 05:00:00+00:00,0.2760986089706421,0.2760986089706421,0.27472105622291565,0.2757280468940735,488576
2026-03-02 06:00:00+00:00,0.27531594038009644,0.27531594038009644,0.2716185450553894,0.2719533145427704,0
2026-03-02 07:00:00+00:00,0.2719540297985077,0.2719540297985077,0.2695560157299042,0.2708752155303955,4469440
2026-03-02 08:00:00+00:00,0.27085959911346436,0.27204111218452454,0.2692085802555084,0.27204111218452454,0
2026-03-02 09:00:00+00:00,0.27208760380744934,0.27357321977615356,0.27207815647125244,0.27222058176994324,0
2026-03-02 10:00:00+00:00,0.27218011021614075,0.27218011021614075,0.2715684473514557,0.2716459631919861,0
2026-03-02 11:00:00+00:00,0.2716831862926483,0.2722163498401642,0.2709307372570038,0.2720227837562561,5017312
2026-03-02 12:00:00+00:00,0.27203822135925293,0.27216464281082153,0.27095934748649597,0.27097204327583313,0
2026-03-02 13:00:00+00:00,0.27096036076545715,0.2715916037559509,0.26999062299728394,0.270020991563797,0
2026-03-02 14:00:00+00:00,0.27002885937690735,0.2772638499736786,0.27001163363456726,0.27636411786079407,8645600
2026-03-02 15:00:00+00:00,0.2765480577945709,0.28611403703689575,0.2765480577945709,0.28386998176574707,67849728
2026-03-02 16:00:00+00:00,0.28394845128059387,0.2875915765762329,0.28367313742637634,0.28529736399650574,36960256
2026-03-02 17:00:00+00:00,0.28519636392593384,0.28519636392593384,0.27929285168647766,0.281405508518219,7794048
2026-03-02 18:00:00+00:00,0.28182458877563477,0.28195127844810486,0.280499130487442,0.28087472915649414,2928512
2026-03-02 19:00:00+00:00,0.280880868434906,0.280880868434906,0.27933740615844727,0.28022655844688416,12456832
2026-03-02 20:00:00+00:00,0.28047677874565125,0.2813066840171814,0.27957242727279663,0.2803029417991638,0
2026-03-02 21:00:00+00:00,0.2802577614784241,0.2802577614784241,0.27854084968566895,0.2794998288154602,0
2026-03-02 22:00:00+00:00,0.2794928252696991,0.2811945080757141,0.2794928252696991,0.2805205285549164,0
2026-03-02 23:00:00+00:00,0.28048816323280334,0.28049764037132263,0.2764815092086792,0.2768436670303345,471168
2026-03-03 00:00:00+00:00,0.2768547236919403,0.2769757807254791,0.27470168471336365,0.27563807368278503,3084224
2026-03-03 01:00:00+00:00,0.27576807141304016,0.2761208713054657,0.2748381197452545,0.2750485837459564,0
2026-03-03 02:00:00+00:00,0.275003045797348,0.275003045797348,0.27299416065216064,0.27380672097206116,3277760
2026-03-03 03:00:00+00:00,0.27382686734199524,0.2742083966732025,0.27195557951927185,0.27354636788368225,0
2026-03-03 04:00:00+00:00,0.27347686886787415,0.27347686886787415,0.27136313915252686,0.2713698148727417,0
2026-03-03 05:00:00+00:00,0.2714487612247467,0.27334335446357727,0.2700652480125427,0.2701111435890198,12937920
2026-03-03 06:00:00+00:00,0.27017858624458313,0.27062660455703735,0.2690543830394745,0.2691648304462433,3130560
2026-03-03 07:00:00+00:00,0.2691645920276642,0.2698785662651062,0.2684255838394165,0.26860761642456055,9147840
2026-03-03 08:00:00+00:00,0.2686102092266083,0.26940736174583435,0.266185998916626,0.266185998916626,5341440
2026-03-03 09:00:00+00:00,0.26616960763931274,0.26670026779174805,0.2644510567188263,0.2647380232810974,11615360
2026-03-03 10:00:00+00:00,0.26473817229270935,0.2651160657405853,0.2639458477497101,0.2647545337677002,11702912
2026-03-03 11:00:00+00:00,0.26503223180770874,0.26515138149261475,0.26334866881370544,0.264716774225235,9898496
2026-03-03 12:00:00+00:00,0.2647326588630676,0.2658870220184326,0.26441633701324463,0.2650008201599121,17120704
2026-03-03 13:00:00+00:00,0.2650207281112671,0.2650207281112671,0.2633514702320099,0.26356881856918335,3963392
2026-03-03 14:00:00+00:00,0.26358747482299805,0.26485052704811096,0.2625899314880371,0.26329174637794495,13348928
2026-03-03 15:00:00+00:00,0.26327791810035706,0.26564252376556396,0.26207253336906433,0.26449498534202576,0
2026-03-03 16:00:00+00:00,0.2648610472679138,0.270627498626709,0.2645929753780365,0.2688378393650055,493120
2026-03-03 17:00:00+00:00,0.26870468258857727,0.26870468258857727,0.2653045058250427,0.26758354902267456,0
2026-03-03 18:00:00+00:00,0.26778534054756165,0.26896724104881287,0.266508549451828,0.26714950799942017,3340992
2026-03-03 19:00:00+00:00,0.2671281397342682,0.26716113090515137,0.2637525498867035,0.2637993097305298,0
2026-03-03 20:00:00+00:00,0.26368650794029236,0.26369738578796387,0.26148536801338196,0.26151612401008606,3701888
2026-03-03 21:00:00+00:00,0.2615402936935425,0.2620317339897156,0.2608320116996765,0.2620317339897156,7326848
2026-03-03 22:00:00+00:00,0.2620165944099426,0.2642800509929657,0.2620165944099426,0.26363405585289,14941056
2026-03-03 23:00:00+00:00,0.2634866535663605,0.2636234760284424,0.26248377561569214,0.26288825273513794,4892224
2026-03-04 00:00:00+00:00,0.262814998626709,0.2631467580795288,0.2618260681629181,0.26281222701072693,0
2026-03-04 01:00:00+00:00,0.26275306940078735,0.26548561453819275,0.26206904649734497,0.2641877233982086,10329152
2026-03-04 02:00:00+00:00,0.2641587257385254,0.2642279267311096,0.2626141905784607,0.26413315534591675,0
2026-03-04 03:00:00+00:00,0.26413843035697937,0.2645342946052551,0.26157835125923157,0.2621157169342041,9479872
2026-03-04 04:00:00+00:00,0.2622114419937134,0.2631534934043884,0.2599150240421295,0.26102709770202637,20182272
2026-03-04 05:00:00+00:00,0.26103582978248596,0.2616924047470093,0.25914466381073,0.2611769139766693,1813888
2026-03-04 06:00:00+00:00,0.2611476182937622,0.26163962483406067,0.2596806585788727,0.2610228955745697,0
2026-03-04 07:00:00+00:00,0.261051744222641,0.2647874653339386,0.2607186436653137,0.2647874653339386,0
2026-03-04 08:00:00+00:00,0.2648147940635681,0.270582914352417,0.2642894983291626,0.270582914352417,21363712
2026-03-04 09:00:00+00:00,0.27199992537498474,0.27356818318367004,0.2708589434623718,0.27209803462028503,56347328
2026-03-04 10:00:00+00:00,0.27209803462028503,0.27342113852500916,0.2699558734893799,0.2699558734893799,18137472
2026-03-04 11:00:00+00:00,0.26993393898010254,0.27078428864479065,0.2682350277900696,0.2686682343482971,5791680
2026-03-04 12:00:00+00:00,0.26871755719184875,0.2688754200935364,0.26653599739074707,0.2686688005924225,5767808
2026-03-04 13:00:00+00:00,0.26894932985305786,0.27175092697143555,0.26894932985305786,0.27175092697143555,6081280
2026-03-04 14:00:00+00:00,0.27194249629974365,0.2761687636375427,0.27194249629974365,0.2734421193599701,27964288
2026-03-04 15:00:00+00:00,0.27378952503204346,0.2801680564880371,0.2737838327884674,0.2801680564880371,33429184
2026-03-04 16:00:00+00:00,0.2808413803577423,0.28248131275177,0.27805978059768677,0.2804635167121887,20143808
2026-03-04 17:00:00+00:00,0.2805216908454895,0.28196486830711365,0.27863356471061707,0.28106868267059326,24729536
2026-03-04 18:00:00+00:00,0.2810715436935425,0.28128674626350403,0.2792761027812958,0.28128674626350403,13445824
2026-03-04 19:00:00+00:00,0.2812905013561249,0.284542977809906,0.28114965558052063,0.28292831778526306,26075840
2026-03-04 20:00:00+00:00,0.28292104601860046,0.28292104601860046,0.28126534819602966,0.28127145767211914,0
2026-03-04 21:00:00+00:00,0.2812640964984894,0.28126537799835205,0.27893492579460144,0.2798548638820648,5833472
2026-03-04 22:00:00+00:00,0.28018468618392944,0.2816289961338043,0.27611681818962097,0.2761353850364685,0
2026-03-04 23:00:00+00:00,0.2761295735836029,0.276488333940506,0.27443936467170715,0.2760995626449585,0
2026-03-05 00:00:00+00:00,0.2762278914451599,0.27629634737968445,0.273465633392334,0.27466657757759094,12601408
2026-03-05 01:00:00+00:00,0.27467620372772217,0.2760019600391388,0.27332353591918945,0.27332353591918945,0
2026-03-05 02:00:00+00:00,0.2733103930950165,0.2754266560077667,0.27312201261520386,0.2733767330646515,1084096
2026-03-05 03:00:00+00:00,0.2737608551979065,0.2745386064052582,0.2736479341983795,0.2742999792098999,0
2026-03-05 04:00:00+00:00,0.27421659231185913,0.2755398452281952,0.2742062509059906,0.2754799425601959,0
2026-03-05 05:00:00+00:00,0.27548888325691223,0.27597060799598694,0.2732449173927307,0.2732449173927307,0
2026-03-05 06:00:00+00:00,0.27324050664901733,0.2742275595664978,0.2717287540435791,0.2742275595664978,0
2026-03-05 07:00:00+00:00,0.274217814207077,0.2746281325817108,0.2715100646018982,0.27162307500839233,0
2026-03-05 08:00:00+00:00,0.27200424671173096,0.2722269296646118,0.27078214287757874,0.27165067195892334,0
2026-03-05 09:00:00+00:00,0.27166077494621277,0.2734723687171936,0.27166077494621277,0.2731448709964752,0
2026-03-05 10:00:00+00:00,0.2731928527355194,0.2770126163959503,0.27290961146354675,0.27697116136550903,0
2026-03-05 11:00:00+00:00,0.27689817547798157,0.27690863609313965,0.27356117963790894,0.2739030718803406,0
2026-03-05 12:00:00+00:00,0.27412158250808716,0.27735915780067444,0.2736448645591736,0.27735915780067444,0
2026-03-05 13:00:00+00:00,0.27736324071884155,0.27751824259757996,0.27367839217185974,0.2748076915740967,4107008
2026-03-05 14:00:00+00:00,0.2748930752277374,0.2756774425506592,0.27380111813545227,0.2748073637485504,0
2026-03-05 15:00:00+00:00,0.2748629152774811,0.2753825783729553,0.27067309617996216,0.2710874080657959,0
2026-03-05 16:00:00+00:00,0.27111712098121643,0.27111712098121643,0.2660098075866699,0.2688133716583252,0
2026-03-05 17:00:00+00:00,0.26883625984191895,0.26983383297920227,0.2664916515350342,0.26686012744903564,0
2026-03-05 18:00:00+00:00,0.2667008638381958,0.2684429883956909,0.2666844129562378,0.2684429883956909,0
2026-03-05 19:00:00+00:00,0.2684389352798462,0.2711898386478424,0.2684389352798462,0.26947730779647827,0
2026-03-05 20:00:00+00:00,0.26947709918022156,0.27162793278694153,0.2693736255168915,0.27108851075172424,0
2026-03-05 21:00:00+00:00,0.27109619975090027,0.27151593565940857,0.26899588108062744,0.2690158486366272,0
2026-03-05 22:00:00+00:00,0.26910123229026794,0.26970040798187256,0.2682867646217346,0.2696113884449005,0
2026-03-05 23:00:00+00:00,0.26956266164779663,0.26961931586265564,0.2689228057861328,0.26898500323295593,0
2026-03-06 00:00:00+00:00,0.269015371799469,0.2692244350910187,0.2684585452079773,0.2684585452079773,0
2026-03-06 01:00:00+00:00,0.26846468448638916,0.2707808315753937,0.26789766550064087,0.27066880464553833,0
2026-03-06 02:00:00+00:00,0.2706758975982666,0.2712324857711792,0.26997673511505127,0.26997673511505127,0
2026-03-06 03:00:00+00:00,0.2699802815914154,0.2704278230667114,0.26963886618614197,0.2702663838863373,0
2026-03-06 04:00:00+00:00,0.27046823501586914,0.27050015330314636,0.2682328522205353,0.2683596909046173,0
2026-03-06 05:00:00+00:00,0.26861390471458435,0.2691630721092224,0.26745593547821045,0.2684667110443115,0
2026-03-06 06:00:00+00:00,0.2685341536998749,0.2691360414028168,0.26833587884902954,0.26905590295791626,0
2026-03-06 07:00:00+00:00,0.26880618929862976,0.27173328399658203,0.26868724822998047,0.2715894877910614,0
2026-03-06 08:00:00+00:00,0.27156051993370056,0.27156051993370056,0.26874232292175293,0.2688389718532562,0
2026-03-06 09:00:00+00:00,0.2688271701335907,0.26891615986824036,0.2660784423351288,0.2668742835521698,0
2026-03-06 10:00:00+00:00,0.26694852113723755,0.26868218183517456,0.26694852113723755,0.2678843140602112,0
2026-03-06 11:00:00+00:00,0.26779425144195557,0.26779425144195557,0.2662849426269531,0.2662922441959381,0
2026-03-06 12:00:00+00:00,0.2663060128688812,0.26668164134025574,0.2651490569114685,0.2665546238422394,236576
2026-03-06 13:00:00+00:00,0.26651614904403687,0.2681495249271393,0.2642929255962372,0.2642929255962372,10610720
2026-03-06 14:00:00+00:00,0.26426881551742554,0.26426881551742554,0.2590131163597107,0.2590131163597107,30912960
2026-03-06 15:00:00+00:00,0.2590765655040741,0.2592484652996063,0.25637203454971313,0.25695040822029114,11585216
2026-03-06 16:00:00+00:00,0.2567598819732666,0.25867754220962524,0.25634241104125977,0.25755172967910767,0
2026-03-06 17:00:00+00:00,0.2575565278530121,0.2581208348274231,0.255898654460907,0.25698480010032654,4253120
2026-03-06 18:00:00+00:00,0.25703227519989014,0.258960485458374,0.25703227519989014,0.2588197886943817,1378912
2026-03-06 19:00:00+00:00,0.25882241129875183,0.2601810693740845,0.25870323181152344,0.25870323181152344,768064
2026-03-06 20:00:00+00:00,0.25856468081474304,0.25859305262565613,0.25751158595085144,0.2584487795829773,0
2026-03-06 21:00:00+00:00,0.25830575823783875,0.25914067029953003,0.25817805528640747,0.25910958647727966,0
2026-03-06 22:00:00+00:00,0.25916725397109985,0.2599712908267975,0.25916725397109985,0.2599712908267975,0
2026-03-06 23:00:00+00:00,0.25983819365501404,0.25983819365501404,0.2590370774269104,0.2590373456478119,0
2026-03-07 00:00:00+00:00,0.2591165006160736,0.2597259283065796,0.2590831220149994,0.25961318612098694,32480
2026-03-07 01:00:00+00:00,0.2596065402030945,0.2599526047706604,0.25942695140838623,0.25944018363952637,0
2026-03-07 02:00:00+00:00,0.25943779945373535,0.25943779945373535,0.25875145196914673,0.25919994711875916,0
2026-03-07 03:00:00+00:00,0.2592293620109558,0.26048630475997925,0.258865088224411,0.25888556241989136,3864000
2026-03-07 04:00:00+00:00,0.2588875889778137,0.2588875889778137,0.25780460238456726,0.2586216330528259,1403264
2026-03-07 05:00:00+00:00,0.25864967703819275,0.25910672545433044,0.25864458084106445,0.25906985998153687,0
2026-03-07 06:00:00+00:00,0.2590574026107788,0.2590574026107788,0.25806257128715515,0.2580745816230774,0
2026-03-07 07:00:00+00:00,0.25808289647102356,0.2583412230014801,0.257529079914093,0.25827786326408386,0
2026-03-07 08:00:00+00:00,0.25827473402023315,0.2588258385658264,0.2582727074623108,0.25827646255493164,0
2026-03-07 09:00:00+00:00,0.25827983021736145,0.2584553062915802,0.2577956020832062,0.2584385871887207,0
2026-03-07 10:00:00+00:00,0.2584449052810669,0.2584449052810669,0.2578147053718567,0.2579308748245239,0
2026-03-07 11:00:00+00:00,0.2578546702861786,0.25912371277809143,0.2577086389064789,0.25902023911476135,0
2026-03-07 12:00:00+00:00,0.2590177357196808,0.2590177357196808,0.2574394941329956,0.257439523935318,0
2026-03-07 13:00:00+00:00,0.2574383318424225,0.2583417594432831,0.2574383318424225,0.25788289308547974,0
2026-03-07 14:00:00+00:00,0.25788557529449463,0.25788557529449463,0.2525057792663574,0.2557063698768616,21402016
2026-03-07 15:00:00+00:00,0.2556515038013458,0.2558383047580719,0.25446802377700806,0.2549366354942322,0
2026-03-07 16:00:00+00:00,0.25492721796035767,0.2556300163269043,0.2549101412296295,0.25537213683128357,0
2026-03-07 17:00:00+00:00,0.2554183304309845,0.257174551486969,0.2554183304309845,0.25712984800338745,0
2026-03-07 18:00:00+00:00,0.25712621212005615,0.25712621212005615,0.2554144561290741,0.2556493580341339,0
2026-03-07 19:00:00+00:00,0.25564685463905334,0.25564685463905334,0.25407445430755615,0.25407445430755615,13062944
2026-03-07 20:00:00+00:00,0.2542104423046112,0.2552505135536194,0.2542104423046112,0.25517022609710693,0
2026-03-07 21:00:00+00:00,0.25516045093536377,0.25550293922424316,0.25490057468414307,0.2551082968711853,0
2026-03-07 22:00:00+00:00,0.25513067841529846,0.25546157360076904,0.25360527634620667,0.25360745191574097,2710624
2026-03-07 23:00:00+00:00,0.25362247228622437,0.25474220514297485,0.25362247228622437,0.254673033952713,196480
2026-03-08 00:00:00+00:00,0.25454697012901306,0.25465402007102966,0.25362569093704224,0.2537633180618286,0
2026-03-08 01:00:00+00:00,0.2537717819213867,0.25452888011932373,0.2536591589450836,0.25450599193573,367648
2026-03-08 02:00:00+00:00,0.2544988989830017,0.2544988989830017,0.2520415782928467,0.2520415782928467,7748192
2026-03-08 03:00:00+00:00,0.25196313858032227,0.2528044283390045,0.25189995765686035,0.2522997260093689,104864
2026-03-08 04:00:00+00:00,0.2523000240325928,0.25248080492019653,0.25034183263778687,0.25034183263778687,7546368
2026-03-08 05:00:00+00:00,0.25035175681114197,0.25262776017189026,0.25035175681114197,0.2523037791252136,7135616
2026-03-08 06:00:00+00:00,0.2522783577442169,0.2522783577442169,0.25103560090065,0.2518424391746521,0
2026-03-08 07:00:00+00:00,0.251871258020401,0.25326427817344666,0.25184890627861023,0.25255149602890015,2127840
2026-03-08 08:00:00+00:00,0.2525009512901306,0.25256505608558655,0.25128746032714844,0.25247088074684143,2281984
2026-03-08 09:00:00+00:00,0.25246545672416687,0.25397229194641113,0.25232455134391785,0.25397229194641113,8775904
2026-03-08 10:00:00+00:00,0.25399309396743774,0.25701597332954407,0.25399309396743774,0.25630322098731995,12105632
2026-03-08 11:00:00+00:00,0.25633320212364197,0.25633320212364197,0.25428348779678345,0.254877507686615,7192416
2026-03-08 12:00:00+00:00,0.254869669675827,0.254869669675827,0.25318655371665955,0.25431862473487854,7947456
2026-03-08 13:00:00+00:00,0.25430503487586975,0.25430503487586975,0.25148671865463257,0.25211355090141296,10153824
2026-03-08 14:00:00+00:00,0.2521083950996399,0.2522863447666168,0.2510044276714325,0.2514011561870575,0
2026-03-08 15:00:00+00:00,0.2514100968837738,0.2514100968837738,0.24899360537528992,0.24944213032722473,7190016
2026-03-08 16:00:00+00:00,0.24946443736553192,0.2497604489326477,0.24903960525989532,0.2495536059141159,2005440
2026-03-08 17:00:00+00:00,0.24956700205802917,0.2511323094367981,0.24956700205802917,0.250276654958725,2504608
2026-03-08 18:00:00+00:00,0.2504306137561798,0.2504306137561798,0.24955953657627106,0.25014805793762207,0
2026-03-08 19:00:00+00:00,0.2501438856124878,0.2538527548313141,0.2501438856124878,0.25320854783058167,6327648
2026-03-08 20:00:00+00:00,0.25321632623672485,0.2541171610355377,0.2524626851081848,0.2532154321670532,7015680
2026-03-08 21:00:00+00:00,0.2531984746456146,0.2531984746456146,0.2515285015106201,0.252221941947937,4024352
2026-03-08 22:00:00+00:00,0.2521931231021881,0.2521931231021881,0.24699731171131134,0.25065430998802185,39839168
2026-03-08 23:00:00+00:00,0.25065189599990845,0.2511442303657532,0.2490994930267334,0.24924984574317932,10776672
2026-03-09 00:00:00+00:00,0.2492750883102417,0.2524413466453552,0.24926091730594635,0.2515673041343689,12654944
2026-03-09 01:00:00+00:00,0.25155216455459595,0.25202420353889465,0.25052323937416077,0.2507687211036682,7807040
2026-03-09 02:00:00+00:00,0.25075334310531616,0.25230059027671814,0.24931836128234863,0.25209948420524597,733952
2026-03-09 03:00:00+00:00,0.2520769536495209,0.2560868561267853,0.25176119804382324,0.2534056305885315,22035872
2026-03-09 04:00:00+00:00,0.2536884546279907,0.2551397383213043,0.2534968852996826,0.2536601424217224,0
2026-03-09 05:00:00+00:00,0.2533726692199707,0.25852757692337036,0.2531120181083679,0.2575807571411133,21490272
2026-03-09 06:00:00+00:00,0.25759726762771606,0.25775307416915894,0.25537213683128357,0.2554873824119568,7571936
2026-03-09 07:00:00+00:00,0.25544291734695435,0.25544291734695435,0.25324440002441406,0.2547685503959656,11554592
2026-03-09 08:00:00+00:00,0.2547726631164551,0.2570848762989044,0.2547726631164551,0.25644445419311523,7996704
2026-03-09 09:00:00+00:00,0.2564225494861603,0.2582530975341797,0.25522100925445557,0.25666141510009766,8005984
2026-03-09 10:00:00+00:00,0.25666141510009766,0.25666141510009766,0.2550559639930725,0.25510653853416443,0
2026-03-09 11:00:00+00:00,0.25510919094085693,0.2553856074810028,0.2537453770637512,0.25526976585388184,0
2026-03-09 12:00:00+00:00,0.2552430331707001,0.2564140558242798,0.2545737624168396,0.2555978298187256,0
2026-03-09 13:00:00+00:00,0.25568917393684387,0.25904709100723267,0.25568917393684387,0.2585061490535736,18043808
2026-03-09 14:00:00+00:00,0.2584872841835022,0.2591727077960968,0.2570044994354248,0.25783973932266235,27651104
2026-03-09 15:00:00+00:00,0.2579176425933838,0.2579990029335022,0.25511232018470764,0.2561231851577759,955648
2026-03-09 16:00:00+00:00,0.2560657858848572,0.2569909691810608,0.25590649247169495,0.25673869252204895,8591968
2026-03-09 17:00:00+00:00,0.2567650079727173,0.2576991617679596,0.25612005591392517,0.25665926933288574,3227328
2026-03-09 18:00:00+00:00,0.25663822889328003,0.2569931149482727,0.25542888045310974,0.25618690252304077,4672256
2026-03-09 19:00:00+00:00,0.2561468482017517,0.26146233081817627,0.2556535601615906,0.2590031623840332,21514112
2026-03-09 20:00:00+00:00,0.2590283155441284,0.2594824731349945,0.2574785053730011,0.2581862211227417,1144384
2026-03-09 21:00:00+00:00,0.2581804096698761,0.25931474566459656,0.2581804096698761,0.2584258019924164,0
2026-03-09 22:00:00+00:00,0.25844234228134155,0.2585870027542114,0.25508424639701843,0.2551112174987793,0
2026-03-09 23:00:00+00:00,0.2551368772983551,0.2558418810367584,0.25491654872894287,0.25499626994132996,0
2026-03-10 00:00:00+00:00,0.2550419867038727,0.25844264030456543,0.2550419867038727,0.2578313946723938,0
2026-03-10 01:00:00+00:00,0.25783392786979675,0.25838568806648254,0.25690758228302,0.25838568806648254,0
2026-03-10 02:00:00+00:00,0.2583535313606262,0.2629002630710602,0.2577340006828308,0.26181545853614807,15828288
2026-03-10 03:00:00+00:00,0.26182669401168823,0.2622602880001068,0.2585376799106598,0.25884491205215454,0
2026-03-10 04:00:00+00:00,0.258843332529068,0.2612329125404358,0.258843332529068,0.26066362857818604,0
2026-03-10 05:00:00+00:00,0.26051387190818787,0.2613283693790436,0.25976163148880005,0.25976163148880005,0
2026-03-10 06:00:00+00:00,0.2597632110118866,0.2598491609096527,0.2584773898124695,0.25939062237739563,0
2026-03-10 07:00:00+00:00,0.25940829515457153,0.26050060987472534,0.2591235637664795,0.2601539194583893,0
2026-03-10 08:00:00+00:00,0.26049137115478516,0.2622135281562805,0.2604888081550598,0.2614850699901581,92864
2026-03-10 09:00:00+00:00,0.26167169213294983,0.2672354280948639,0.26167169213294983,0.26706239581108093,13845696
2026-03-10 10:00:00+00:00,0.26709285378456116,0.26776954531669617,0.26576530933380127,0.26749929785728455,18959008
2026-03-10 11:00:00+00:00,0.26745739579200745,0.26745739579200745,0.2644638419151306,0.26446807384490967,11746912
2026-03-10 12:00:00+00:00,0.2644568681716919,0.2645415961742401,0.2629234194755554,0.26380860805511475,8281120
2026-03-10 13:00:00+00:00,0.2640075385570526,0.26643070578575134,0.2623123824596405,0.26437756419181824,2887040
2026-03-10 14:00:00+00:00,0.2640834152698517,0.2710094451904297,0.2619645297527313,0.2710094451904297,13319680
2026-03-10 15:00:00+00:00,0.2711597979068756,0.2723349332809448,0.26960477232933044,0.270652711391449,34266816
2026-03-10 16:00:00+00:00,0.27066338062286377,0.2731333076953888,0.26990899443626404,0.2720593512058258,21493632
2026-03-10 17:00:00+00:00,0.2720485031604767,0.2723149061203003,0.2684468626976013,0.26907622814178467,24154944
2026-03-10 18:00:00+00:00,0.26904723048210144,0.26904723048210144,0.2637935280799866,0.2638884484767914,23540032
2026-03-10 19:00:00+00:00,0.26388633251190186,0.2644495964050293,0.26239296793937683,0.262544184923172,0
2026-03-10 20:00:00+00:00,0.26251694560050964,0.2636590301990509,0.26251694560050964,0.26357129216194153,0
2026-03-10 21:00:00+00:00,0.2635452449321747,0.26414692401885986,0.2612171769142151,0.2614031136035919,11036224
2026-03-10 22:00:00+00:00,0.26140096783638,0.2619042694568634,0.2606944739818573,0.2612268924713135,75072
2026-03-10 23:00:00+00:00,0.2612796425819397,0.26219117641448975,0.2612796425819397,0.2620149552822113,9076672
2026-03-11 00:00:00+00:00,0.2619116008281708,0.26225876808166504,0.2607502043247223,0.26225876808166504,11213056
2026-03-11 01:00:00+00:00,0.2622619867324829,0.2622619867324829,0.26040560007095337,0.2608696222305298,723328
2026-03-11 02:00:00+00:00,0.2608875632286072,0.26095786690711975,0.25907328724861145,0.2595897316932678,0
2026-03-11 03:00:00+00:00,0.25994327664375305,0.26048722863197327,0.2593618929386139,0.25983092188835144,4604096
2026-03-11 04:00:00+00:00,0.25983497500419617,0.26189908385276794,0.25947391986846924,0.26189908385276794,3226944
2026-03-11 05:00:00+00:00,0.26205015182495117,0.26205015182495117,0.2583065330982208,0.2584676742553711,1403712
2026-03-11 06:00:00+00:00,0.25847363471984863,0.2594815790653229,0.25833261013031006,0.25897297263145447,4003328
2026-03-11 07:00:00+00:00,0.2587124705314636,0.25928452610969543,0.2572423815727234,0.25765737891197205,0
2026-03-11 08:00:00+00:00,0.2576363980770111,0.2580994665622711,0.25739187002182007,0.25777342915534973,0
2026-03-11 09:00:00+00:00,0.2580139636993408,0.2582330107688904,0.25746747851371765,0.25746747851371765,0
2026-03-11 10:00:00+00:00,0.2574871778488159,0.25969332456588745,0.2574493885040283,0.25951725244522095,0
2026-03-11 11:00:00+00:00,0.2595110535621643,0.2597392797470093,0.25878283381462097,0.2588135302066803,0
2026-03-11 12:00:00+00:00,0.2588082551956177,0.2618427574634552,0.25835293531417847,0.2611483931541443,13355904
2026-03-11 13:00:00+00:00,0.2611437141895294,0.2669661343097687,0.2611437141895294,0.26245996356010437,30833792
2026-03-11 14:00:00+00:00,0.2625219523906708,0.26521775126457214,0.2625219523906708,0.26431453227996826,0
2026-03-11 15:00:00+00:00,0.2642688453197479,0.2642688453197479,0.2608955502510071,0.2624495327472687,0
2026-03-11 16:00:00+00:00,0.2624228000640869,0.263928085565567,0.2623252868652344,0.26362746953964233,0
2026-03-11 17:00:00+00:00,0.26360881328582764,0.2658250331878662,0.26360881328582764,0.2644643485546112,0
2026-03-11 18:00:00+00:00,0.2645035684108734,0.2662162780761719,0.2645035684108734,0.2662157714366913,0
2026-03-11 19:00:00+00:00,0.2662162482738495,0.26640233397483826,0.26531973481178284,0.26533961296081543,0
2026-03-11 20:00:00+00:00,0.2653403878211975,0.2653403878211975,0.26351025700569153,0.2636358439922333,0
2026-03-11 21:00:00+00:00,0.26376646757125854,0.26482802629470825,0.26376646757125854,0.26468586921691895,0
2026-03-11 22:00:00+00:00,0.2646810710430145,0.2654053568840027,0.26337307691574097,0.26354551315307617,0
2026-03-11 23:00:00+00:00,0.2635720670223236,0.26418423652648926,0.26239004731178284,0.2625381052494049,2176
2026-03-12 00:00:00+00:00,0.26253968477249146,0.2627107799053192,0.26202040910720825,0.2622379660606384,0
2026-03-12 01:00:00+00:00,0.2622527778148651,0.2622527778148651,0.2606872022151947,0.2606872022151947,0
2026-03-12 02:00:00+00:00,0.26069533824920654,0.26110124588012695,0.25918471813201904,0.25918471813201904,0
2026-03-12 03:00:00+00:00,0.2591645121574402,0.26010745763778687,0.2589593827724457,0.2591908276081085,0
2026-03-12 04:00:00+00:00,0.25918301939964294,0.2597467005252838,0.25880253314971924,0.25880253314971924,0
2026-03-12 05:00:00+00:00,0.2587997317314148,0.25903889536857605,0.25817611813545227,0.25894176959991455,0
2026-03-12 06:00:00+00:00,0.2589438855648041,0.25939497351646423,0.25881364941596985,0.25938305258750916,0
2026-03-12 07:00:00+00:00,0.2593781650066376,0.26084601879119873,0.2590600252151489,0.26076722145080566,0
2026-03-12 08:00:00+00:00,0.26073309779167175,0.2618350088596344,0.2604352831840515,0.2608881890773773,1055008
2026-03-12 09:00:00+00:00,0.26091161370277405,0.2626907229423523,0.2602664828300476,0.2616369426250458,384384
2026-03-12 10:00:00+00:00,0.2616460919380188,0.2634595036506653,0.2616460919380188,0.2632801830768585,6827104
2026-03-12 11:00:00+00:00,0.26326891779899597,0.26326891779899597,0.2618289291858673,0.2618289291858673,0
2026-03-12 12:00:00+00:00,0.2618648111820221,0.2637051045894623,0.26163798570632935,0.2630445063114166,0
2026-03-12 13:00:00+00:00,0.2630598843097687,0.2633720934391022,0.261189728975296,0.2612155079841614,0
2026-03-12 14:00:00+00:00,0.2613208293914795,0.2628527581691742,0.25867322087287903,0.25949379801750183,0
2026-03-12 15:00:00+00:00,0.2595120072364807,0.26233184337615967,0.2595120072364807,0.262032687664032,0
2026-03-12 16:00:00+00:00,0.2620713710784912,0.2633203864097595,0.2605878412723541,0.26331624388694763,0
2026-03-12 17:00:00+00:00,0.26331499218940735,0.26331499218940735,0.26244497299194336,0.26244497299194336,0
2026-03-12 18:00:00+00:00,0.2624223232269287,0.2624865472316742,0.26109567284584045,0.26109567284584045,0
2026-03-12 19:00:00+00:00,0.26109227538108826,0.2630675733089447,0.2605668008327484,0.2630675733089447,1818336
2026-03-12 20:00:00+00:00,0.263049840927124,0.26322141289711,0.26187586784362793,0.26187586784362793,0
2026-03-12 21:00:00+00:00,0.2618635892868042,0.2630828619003296,0.2618635892868042,0.2630828619003296,0
2026-03-12 22:00:00+00:00,0.263105183839798,0.26338815689086914,0.26275473833084106,0.2628999352455139,0
2026-03-12 23:00:00+00:00,0.26296430826187134,0.26506754755973816,0.26296430826187134,0.2631970942020416,12554944
2026-03-13 00:00:00+00:00,0.2633076012134552,0.27241986989974976,0.26330333948135376,0.26903486251831055,63142912
2026-03-13 01:00:00+00:00,0.2690736651420593,0.2719617784023285,0.2690736651420593,0.2719617784023285,19442272
2026-03-13 02:00:00+00:00,0.2719564735889435,0.2719564735889435,0.26962122321128845,0.26983585953712463,5959392
2026-03-13 03:00:00+00:00,0.26983642578125,0.2714434564113617,0.2695384621620178,0.271443247795105,5753920
2026-03-13 04:00:00+00:00,0.27146196365356445,0.2727287709712982,0.27056410908699036,0.2713257074356079,11118176
2026-03-13 05:00:00+00:00,0.2713693380355835,0.2751106917858124,0.27106016874313354,0.27417218685150146,32175968
2026-03-13 06:00:00+00:00,0.2741466462612152,0.27417755126953125,0.27203866839408875,0.2721807360649109,13013984
2026-03-13 07:00:00+00:00,0.272189199924469,0.2730873227119446,0.27150046825408936,0.2715573310852051,4396608
2026-03-13 08:00:00+00:00,0.27153754234313965,0.27404865622520447,0.2712886929512024,0.272421270608902,9873728
2026-03-13 09:00:00+00:00,0.27243301272392273,0.27444642782211304,0.2720315754413605,0.27444642782211304,7224128
2026-03-13 10:00:00+00:00,0.2744462192058563,0.27540338039398193,0.2743665277957916,0.27504709362983704,4524928
2026-03-13 11:00:00+00:00,0.27504825592041016,0.27504825592041016,0.27352550625801086,0.27399542927742004,2838464
2026-03-13 12:00:00+00:00,0.2740210294723511,0.27918779850006104,0.2740210294723511,0.278693825006485,25131968
2026-03-13 13:00:00+00:00,0.2786144018173218,0.28075993061065674,0.278321772813797,0.2790432572364807,32660736
2026-03-13 14:00:00+00:00,0.27903133630752563,0.2793588638305664,0.2731618881225586,0.2731618881225586,24209856
2026-03-13 15:00:00+00:00,0.2732555866241455,0.27476873993873596,0.2712186276912689,0.2712433338165283,19328640
2026-03-13 16:00:00+00:00,0.27132487297058105,0.27270451188087463,0.2712115943431854,0.2722606658935547,12682560
2026-03-13 17:00:00+00:00,0.27222633361816406,0.27222633361816406,0.26710155606269836,0.2672571837902069,13567744
2026-03-13 18:00:00+00:00,0.2672674059867859,0.26771754026412964,0.26648545265197754,0.2665989100933075,8183040
2026-03-13 19:00:00+00:00,0.2665972113609314,0.26747363805770874,0.26649340987205505,0.26740217208862305,655104
2026-03-13 20:00:00+00:00,0.26742351055145264,0.26776689291000366,0.2667686641216278,0.26767125725746155,4267648
2026-03-13 21:00:00+00:00,0.2676590085029602,0.26870766282081604,0.26703840494155884,0.2672611474990845,3199104
2026-03-13 22:00:00+00:00,0.26722458004951477,0.26722458004951477,0.26429441571235657,0.2649366557598114,11404032
2026-03-13 23:00:00+00:00,0.2649323642253876,0.26583990454673767,0.26487573981285095,0.2656954228878021,0
2026-03-14 00:00:00+00:00,0.26569992303848267,0.26569992303848267,0.2638195753097534,0.2640190124511719,0
2026-03-14 01:00:00+00:00,0.2640349268913269,0.265127569437027,0.2640027403831482,0.2647823989391327,0
2026-03-14 02:00:00+00:00,0.2647836208343506,0.2653072476387024,0.26427072286605835,0.2649642825126648,664512
2026-03-14 03:00:00+00:00,0.26496458053588867,0.2658214867115021,0.26478415727615356,0.26533180475234985,0
2026-03-14 04:00:00+00:00,0.2653428912162781,0.26642391085624695,0.2651233375072479,0.2651729881763458,0
2026-03-14 05:00:00+00:00,0.2651759386062622,0.2652057111263275,0.26376861333847046,0.26406675577163696,0
2026-03-14 06:00:00+00:00,0.26407089829444885,0.26407089829444885,0.26193666458129883,0.26261743903160095,0
2026-03-14 07:00:00+00:00,0.26261553168296814,0.26269450783729553,0.26159682869911194,0.2620563507080078,257152
2026-03-14 08:00:00+00:00,0.262037992477417,0.262037992477417,0.2607406973838806,0.26122432947158813,4397952
2026-03-14 09:00:00+00:00,0.26123183965682983,0.26157084107398987,0.26034584641456604,0.2603561580181122,0
2026-03-14 10:00:00+00:00,0.2603592872619629,0.2603592872619629,0.25970837473869324,0.2600037455558777,0
2026-03-14 11:00:00+00:00,0.25999727845191956,0.26106947660446167,0.25999727845191956,0.2609255313873291,0
2026-03-14 12:00:00+00:00,0.26094624400138855,0.2610008418560028,0.26030659675598145,0.26081010699272156,0
2026-03-14 13:00:00+00:00,0.2608254849910736,0.26189252734184265,0.2608254849910736,0.26130568981170654,0
2026-03-14 14:00:00+00:00,0.2613072693347931,0.26142340898513794,0.26051169633865356,0.2606638967990875,0
2026-03-14 15:00:00+00:00,0.2604689300060272,0.2608339488506317,0.26029837131500244,0.2608312666416168,0
2026-03-14 16:00:00+00:00,0.26082199811935425,0.26155176758766174,0.26058846712112427,0.2613721787929535,0
2026-03-14 17:00:00+00:00,0.2613731622695923,0.2613731622695923,0.2599686086177826,0.25997552275657654,0
2026-03-14 18:00:00+00:00,0.2599745988845825,0.2599745988845825,0.25896865129470825,0.259176105260849,0
2026-03-14 19:00:00+00:00,0.25916382670402527,0.25963646173477173,0.25896868109703064,0.25935500860214233,0
2026-03-14 20:00:00+00:00,0.259351909160614,0.25969550013542175,0.25912225246429443,0.25969550013542175,0
2026-03-14 21:00:00+00:00,0.25969362258911133,0.26025307178497314,0.2592088282108307,0.26025307178497314,475776
2026-03-14 22:00:00+00:00,0.2602356970310211,0.26068195700645447,0.26015594601631165,0.260468453168869,0
2026-03-14 23:00:00+00:00,0.260465532541275,0.26346564292907715,0.260465532541275,0.26344403624534607,11008448
2026-03-15 00:00:00+00:00,0.26355865597724915,0.26355865597724915,0.2623264789581299,0.2623319625854492,0
2026-03-15 01:00:00+00:00,0.26234015822410583,0.26237693428993225,0.26163268089294434,0.2617296576499939,0
2026-03-15 02:00:00+00:00,0.261737585067749,0.26549264788627625,0.261737585067749,0.2654287815093994,0
2026-03-15 03:00:00+00:00,0.2654348313808441,0.2656153738498688,0.263967901468277,0.26442134380340576,1935744
2026-03-15 04:00:00+00:00,0.26451075077056885,0.2663944661617279,0.26451075077056885,0.26511499285697937,7119776
2026-03-15 05:00:00+00:00,0.26515212655067444,0.2665892243385315,0.26515212655067444,0.26550382375717163,0
2026-03-15 06:00:00+00:00,0.26550349593162537,0.2655816972255707,0.2635291814804077,0.26400670409202576,0
2026-03-15 07:00:00+00:00,0.2640022039413452,0.26539403200149536,0.2640022039413452,0.2647595703601837,0
2026-03-15 08:00:00+00:00,0.2647339403629303,0.2656857967376709,0.2647339403629303,0.26548659801483154,0
2026-03-15 09:00:00+00:00,0.26552528142929077,0.26627227663993835,0.2650521397590637,0.26505395770072937,790080
2026-03-15 10:00:00+00:00,0.2650362551212311,0.26560303568840027,0.2649080157279968,0.2655610740184784,0
2026-03-15 11:00:00+00:00,0.2655662000179291,0.2659030258655548,0.26545053720474243,0.26577073335647583,0
2026-03-15 12:00:00+00:00,0.2657611668109894,0.2659052312374115,0.2651439905166626,0.2656846344470978,0
2026-03-15 13:00:00+00:00,0.2656925320625305,0.26600515842437744,0.2630770802497864,0.26377516984939575,7001536
2026-03-15 14:00:00+00:00,0.26384827494621277,0.26457875967025757,0.2631734609603882,0.263762891292572,0
2026-03-15 15:00:00+00:00,0.26380664110183716,0.2645321488380432,0.2637394666671753,0.26398658752441406,0
2026-03-15 16:00:00+00:00,0.26399314403533936,0.26437199115753174,0.26299235224723816,0.26299235224723816,85024
2026-03-15 17:00:00+00:00,0.2629878520965576,0.2649582028388977,0.26293596625328064,0.2646667957305908,0
2026-03-15 18:00:00+00:00,0.26467064023017883,0.26486289501190186,0.26253870129585266,0.26254719495773315,0
2026-03-15 19:00:00+00:00,0.2625587284564972,0.2639658451080322,0.2625587284564972,0.2636295557022095,0
2026-03-15 20:00:00+00:00,0.26366356015205383,0.26479095220565796,0.26287445425987244,0.26445472240448,1130400
2026-03-15 21:00:00+00:00,0.2644551694393158,0.2667810916900635,0.2640347182750702,0.2666794955730438,4082400
2026-03-15 22:00:00+00:00,0.26666259765625,0.27080675959587097,0.26553401350975037,0.2705233097076416,35975456
2026-03-15 23:00:00+00:00,0.2704448997974396,0.27158302068710327,0.26869651675224304,0.2698499262332916,15780128
2026-03-16 00:00:00+00:00,0.26989316940307617,0.2722104787826538,0.26989316940307617,0.270913302898407,18025920
2026-03-16 01:00:00+00:00,0.2708893120288849,0.271819144487381,0.26946839690208435,0.27179086208343506,14350240
2026-03-16 02:00:00+00:00,0.2717602849006653,0.2718067169189453,0.2689920663833618,0.2712102234363556,0
2026-03-16 03:00:00+00:00,0.27117347717285156,0.2792489528656006,0.270740807056427,0.2770935297012329,75602784
2026-03-16 04:00:00+00:00,0.27711546421051025,0.28295081853866577,0.27711546421051025,0.28285372257232666,75506752
2026-03-16 05:00:00+00:00,0.2828468084335327,0.2883921265602112,0.2824113368988037,0.2883921265602112,72735872
2026-03-16 06:00:00+00:00,0.28828588128089905,0.29074519872665405,0.2866832911968231,0.2902814447879791,69968768
2026-03-16 07:00:00+00:00,0.2902185916900635,0.2921100854873657,0.2895132303237915,0.29035595059394836,53831616
2026-03-16 08:00:00+00:00,0.2902509868144989,0.2924550175666809,0.28512006998062134,0.28512006998062134,59372928
2026-03-16 09:00:00+00:00,0.2851099371910095,0.28920289874076843,0.2849249243736267,0.2890170216560364,32467328
2026-03-16 10:00:00+00:00,0.2889781892299652,0.2889781892299652,0.28578981757164,0.28639742732048035,32035648
2026-03-16 11:00:00+00:00,0.2864229083061218,0.2877952456474304,0.28469064831733704,0.285460501909256,21680128
2026-03-16 12:00:00+00:00,0.285457581281662,0.2864633798599243,0.28502947092056274,0.28505727648735046,29273152
2026-03-16 13:00:00+00:00,0.2850506901741028,0.28850120306015015,0.2848280370235443,0.28507673740386963,23455168
2026-03-16 14:00:00+00:00,0.28502970933914185,0.28702500462532043,0.2831457257270813,0.2850710153579712,32472192
2026-03-16 15:00:00+00:00,0.2851419746875763,0.28672125935554504,0.2838445007801056,0.2838445007801056,24551232
2026-03-16 16:00:00+00:00,0.2838393747806549,0.28718817234039307,0.2837243974208832,0.28718817234039307,27294144
2026-03-16 17:00:00+00:00,0.287194162607193,0.28721532225608826,0.2852034270763397,0.28647580742836,22747584
2026-03-16 18:00:00+00:00,0.2864977717399597,0.2880934476852417,0.2864677608013153,0.28698989748954773,22499712
2026-03-16 19:00:00+00:00,0.28695204854011536,0.2889304459095001,0.28682273626327515,0.2876259982585907,14562176
2026-03-16 20:00:00+00:00,0.28774216771125793,0.2888205349445343,0.2876559793949127,0.28789082169532776,28091904
2026-03-16 21:00:00+00:00,0.28789588809013367,0.2886072099208832,0.28725960850715637,0.2878861129283905,16782720
2026-03-16 22:00:00+00:00,0.2878638803958893,0.2911248505115509,0.28771016001701355,0.29112210869789124,0
2026-03-16 23:00:00+00:00,0.29118067026138306,0.29130202531814575,0.28886741399765015,0.2903781533241272,3840
2026-03-17 00:00:00+00:00,0.29037508368492126,0.2918687164783478,0.28949201107025146,0.2898764908313751,185216
2026-03-17 01:00:00+00:00,0.28985100984573364,0.2918117940425873,0.2896789014339447,0.2906760573387146,15221248
2026-03-17 02:00:00+00:00,0.29068201780319214,0.292540043592453,0.28970199823379517,0.29195332527160645,5552000
2026-03-17 03:00:00+00:00,0.29191112518310547,0.29191112518310547,0.28487470746040344,0.28499844670295715,0
2026-03-17 04:00:00+00:00,0.2851208746433258,0.2860216796398163,0.2829691767692566,0.28415125608444214,0
2026-03-17 05:00:00+00:00,0.28418371081352234,0.2848283648490906,0.2822616994380951,0.2832673490047455,0
2026-03-17 06:00:00+00:00,0.283270925283432,0.2847472131252289,0.28293535113334656,0.2841903865337372,0
2026-03-17 07:00:00+00:00,0.28418678045272827,0.2880885899066925,0.28418678045272827,0.28676149249076843,0
2026-03-17 08:00:00+00:00,0.2867395281791687,0.28769317269325256,0.2864108681678772,0.287105530500412,0
2026-03-17 09:00:00+00:00,0.287067174911499,0.2872546911239624,0.2855084538459778,0.2862679362297058,0
2026-03-17 10:00:00+00:00,0.28626546263694763,0.2865019738674164,0.2859000265598297,0.28646355867385864,0
2026-03-17 11:00:00+00:00,0.286469042301178,0.28828924894332886,0.286469042301178,0.2870871126651764,0
2026-03-17 12:00:00+00:00,0.2870970368385315,0.28712084889411926,0.2842276990413666,0.2842530608177185,0
2026-03-17 13:00:00+00:00,0.28427526354789734,0.28654834628105164,0.28427526354789734,0.28517475724220276,0
2026-03-17 14:00:00+00:00,0.28521397709846497,0.2878878116607666,0.28490984439849854,0.28700968623161316,0
2026-03-17 15:00:00+00:00,0.28723493218421936,0.2887282967567444,0.28541794419288635,0.28638267517089844,0
2026-03-17 16:00:00+00:00,0.28642356395721436,0.28795552253723145,0.2862333655357361,0.28667888045310974,0
2026-03-17 17:00:00+00:00,0.28669723868370056,0.289350301027298,0.28669723868370056,0.2892638146877289,0
2026-03-17 18:00:00+00:00,0.2892773449420929,0.2910936772823334,0.2892773449420929,0.2902213931083679,0
2026-03-17 19:00:00+00:00,0.2902454435825348,0.2902555465698242,0.2888476550579071,0.2888476550579071,0
2026-03-17 20:00:00+00:00,0.2888262867927551,0.2893761098384857,0.288323312997818,0.2893761098384857,0
2026-03-17 21:00:00+00:00,0.28937646746635437,0.2915591597557068,0.28937646746635437,0.2904331684112549,0
2026-03-17 22:00:00+00:00,0.29045793414115906,0.2916378974914551,0.2899797856807709,0.2912331819534302,0
2026-03-17 23:00:00+00:00,0.291253924369812,0.2915821671485901,0.28899481892585754,0.2890642583370209,0
2026-03-18 00:00:00+00:00,0.28906622529029846,0.2893871068954468,0.2869260907173157,0.2884151339530945,0
2026-03-18 01:00:00+00:00,0.288424551486969,0.2894846498966217,0.288424551486969,0.2887395918369293,0
2026-03-18 02:00:00+00:00,0.2887493968009949,0.29097190499305725,0.28865641355514526,0.2907838225364685,0
2026-03-18 03:00:00+00:00,0.2907576262950897,0.2925478219985962,0.29033079743385315,0.29161953926086426,0
2026-03-18 04:00:00+00:00,0.2916224002838135,0.29186248779296875,0.2906079888343811,0.29067569971084595,0
2026-03-18 05:00:00+00:00,0.2906986176967621,0.29404309391975403,0.29017016291618347,0.29020798206329346,0
2026-03-18 06:00:00+00:00,0.290188729763031,0.2910515367984772,0.28896039724349976,0.28896039724349976,0
2026-03-18 07:00:00+00:00,0.2889576256275177,0.2889576256275177,0.2876633405685425,0.28845280408859253,4249248
2026-03-18 08:00:00+00:00,0.28845834732055664,0.29000091552734375,0.28845834732055664,0.2891058325767517,689632
2026-03-18 09:00:00+00:00,0.28911155462265015,0.29058125615119934,0.289074569940567,0.2904926538467407,0
2026-03-18 10:00:00+00:00,0.29053303599357605,0.2911028563976288,0.2885356545448303,0.2886883020401001,0
2026-03-18 11:00:00+00:00,0.288714736700058,0.288714736700058,0.27948540449142456,0.27977579832077026,50764608
2026-03-18 12:00:00+00:00,0.27982988953590393,0.27982988953590393,0.2760648727416992,0.27652034163475037,29918464
2026-03-18 13:00:00+00:00,0.27631545066833496,0.27721551060676575,0.27619776129722595,0.27620619535446167,2643584
2026-03-18 14:00:00+00:00,0.2762482464313507,0.27632319927215576,0.2712935507297516,0.2715352475643158,18136960
2026-03-18 15:00:00+00:00,0.2714671790599823,0.2720593214035034,0.27106747031211853,0.2720593214035034,14470400
2026-03-18 16:00:00+00:00,0.2720240652561188,0.2720240652561188,0.2704032361507416,0.27104026079177856,4201664
2026-03-18 17:00:00+00:00,0.27103063464164734,0.27287471294403076,0.270372211933136,0.27230751514434814,4374720
2026-03-18 18:00:00+00:00,0.27267301082611084,0.2747787535190582,0.27172136306762695,0.27172136306762695,5849728
2026-03-18 19:00:00+00:00,0.271772176027298,0.2732909023761749,0.271772176027298,0.27243906259536743,0
2026-03-18 20:00:00+00:00,0.2724359333515167,0.27348166704177856,0.2709060609340668,0.27348166704177856,5379264
2026-03-18 21:00:00+00:00,0.27337315678596497,0.2744154632091522,0.27337315678596497,0.27431800961494446,0
2026-03-18 22:00:00+00:00,0.2743149697780609,0.2743149697780609,0.2733123302459717,0.2736304700374603,0
2026-03-18 23:00:00+00:00,0.2736395597457886,0.2744869887828827,0.27343103289604187,0.2741904556751251,21696
2026-03-19 00:00:00+00:00,0.2741871476173401,0.27428320050239563,0.2730829417705536,0.2730829417705536,0
2026-03-19 01:00:00+00:00,0.27310529351234436,0.2737511098384857,0.272784948348999,0.273537814617157,0
2026-03-19 02:00:00+00:00,0.27351245284080505,0.27351245284080505,0.2721782922744751,0.2721782922744751,0
2026-03-19 03:00:00+00:00,0.2721714377403259,0.2760901153087616,0.2721714377403259,0.27485039830207825,0
2026-03-19 04:00:00+00:00,0.27484723925590515,0.27484723925590515,0.27279746532440186,0.27293166518211365,0
2026-03-19 05:00:00+00:00,0.27291426062583923,0.27291426062583923,0.27132317423820496,0.2713262140750885,0
2026-03-19 06:00:00+00:00,0.27131861448287964,0.27187690138816833,0.2706916630268097,0.2714160680770874,0
2026-03-19 07:00:00+00:00,0.2714134752750397,0.2714134752750397,0.2672753632068634,0.26896220445632935,13739648
2026-03-19 08:00:00+00:00,0.2689119577407837,0.2689451277256012,0.26774683594703674,0.2687291204929352,5651840
2026-03-19 09:00:00+00:00,0.26872196793556213,0.2715264558792114,0.26854217052459717,0.2714942395687103,14836800
2026-03-19 10:00:00+00:00,0.27150216698646545,0.2716473340988159,0.2699090540409088,0.2699090540409088,0
2026-03-19 11:00:00+00:00,0.2698792815208435,0.2698792815208435,0.2687280774116516,0.2687413990497589,0
2026-03-19 12:00:00+00:00,0.2687474191188812,0.2687474191188812,0.26554402709007263,0.2657108008861542,0
2026-03-19 13:00:00+00:00,0.2655855417251587,0.26656872034072876,0.2638663947582245,0.2665408253669739,13379168
2026-03-19 14:00:00+00:00,0.26654404401779175,0.26662707328796387,0.26450225710868835,0.26606371998786926,0
2026-03-19 15:00:00+00:00,0.2660888135433197,0.2665904760360718,0.26371440291404724,0.2657625079154968,0
2026-03-19 16:00:00+00:00,0.26576822996139526,0.26576822996139526,0.26399022340774536,0.2644563317298889,0
2026-03-19 17:00:00+00:00,0.26445630192756653,0.2656099498271942,0.2630136013031006,0.26559534668922424,0
2026-03-19 18:00:00+00:00,0.265593558549881,0.2655985355377197,0.26467886567115784,0.26519644260406494,0
2026-03-19 19:00:00+00:00,0.26529937982559204,0.2687299847602844,0.26529937982559204,0.2672933042049408,7717632
2026-03-19 20:00:00+00:00,0.2673211991786957,0.26836028695106506,0.26728200912475586,0.26799601316452026,0
2026-03-19 21:00:00+00:00,0.2680061459541321,0.2683674097061157,0.2673245370388031,0.2676372230052948,1512096
2026-03-19 22:00:00+00:00,0.267620325088501,0.2676905691623688,0.26598286628723145,0.26642972230911255,173600
2026-03-19 23:00:00+00:00,0.26645344495773315,0.26769742369651794,0.26645344495773315,0.2673536241054535,2131392
2026-03-20 00:00:00+00:00,0.26735323667526245,0.2694627642631531,0.26735323667526245,0.2694627642631531,7033184
2026-03-20 01:00:00+00:00,0.26947739720344543,0.27069780230522156,0.26947739720344543,0.2704034447669983,6329824
2026-03-20 02:00:00+00:00,0.2703973054885864,0.2703973054885864,0.26842859387397766,0.2696026861667633,2249856
2026-03-20 03:00:00+00:00,0.2695869207382202,0.27042356133461,0.2693048417568207,0.27010196447372437,0
2026-03-20 04:00:00+00:00,0.27007827162742615,0.27085286378860474,0.26915237307548523,0.2708524465560913,2365248
2026-03-20 05:00:00+00:00,0.2708658277988434,0.27275460958480835,0.27086004614830017,0.271856427192688,6687552
2026-03-20 06:00:00+00:00,0.27185603976249695,0.27185603976249695,0.2703898549079895,0.27039799094200134,0
2026-03-20 07:00:00+00:00,0.27040839195251465,0.27040839195251465,0.26846539974212646,0.269917756319046,0
2026-03-20 08:00:00+00:00,0.2699275016784668,0.27191397547721863,0.2697957754135132,0.2708422839641571,1607648
2026-03-20 09:00:00+00:00,0.27082309126853943,0.27082309126853943,0.2685857117176056,0.2686089277267456,0
2026-03-20 10:00:00+00:00,0.26860472559928894,0.2692776918411255,0.268045574426651,0.2691895067691803,75872
2026-03-20 11:00:00+00:00,0.26918888092041016,0.2698540985584259,0.2675577700138092,0.267821729183197,0
2026-03-20 12:00:00+00:00,0.2678261697292328,0.268775075674057,0.26719892024993896,0.26719892024993896,0
2026-03-20 13:00:00+00:00,0.26720476150512695,0.26795831322669983,0.2662050724029541,0.2662050724029541,0
2026-03-20 14:00:00+00:00,0.266200453042984,0.2673245072364807,0.2651928961277008,0.2657286822795868,0
2026-03-20 15:00:00+00:00,0.26570260524749756,0.26649340987205505,0.2648712396621704,0.2664255201816559,0
2026-03-20 16:00:00+00:00,0.2664615511894226,0.2666587233543396,0.2649621069431305,0.2659527361392975,0
2026-03-20 17:00:00+00:00,0.2659471929073334,0.2659471929073334,0.26465970277786255,0.2654511630535126,0
2026-03-20 18:00:00+00:00,0.2654893100261688,0.2659073770046234,0.26369041204452515,0.26369041204452515,5770976
2026-03-20 19:00:00+00:00,0.26384779810905457,0.2639756202697754,0.2623501420021057,0.2639315724372864,122496
2026-03-20 20:00:00+00:00,0.2639455199241638,0.26398319005966187,0.2626511752605438,0.263720840215683,1171776
2026-03-20 21:00:00+00:00,0.26370400190353394,0.2660824954509735,0.2636395990848541,0.2656022310256958,5171488
2026-03-20 22:00:00+00:00,0.26561978459358215,0.2674611806869507,0.26561978459358215,0.2670486867427826,959104
2026-03-20 23:00:00+00:00,0.26703497767448425,0.26703497767448425,0.2655199468135834,0.2661191523075104,0
2026-03-21 00:00:00+00:00,0.2661213278770447,0.2664426565170288,0.2660318911075592,0.266296923160553,0
2026-03-21 01:00:00+00:00,0.2662951946258545,0.2668142020702362,0.26594820618629456,0.26595595479011536,0
2026-03-21 02:00:00+00:00,0.2659408748149872,0.26701438426971436,0.265766978263855,0.2668515741825104,0
2026-03-21 03:00:00+00:00,0.266857385635376,0.266859233379364,0.2660101652145386,0.26607510447502136,0
2026-03-21 04:00:00+00:00,0.2660866975784302,0.26641005277633667,0.26604461669921875,0.26608508825302124,0
2026-03-21 05:00:00+00:00,0.26607775688171387,0.26670438051223755,0.26607775688171387,0.26615139842033386,0
2026-03-21 06:00:00+00:00,0.266140878200531,0.26679447293281555,0.2660670876502991,0.26661550998687744,0
2026-03-21 07:00:00+00:00,0.2666170597076416,0.2666170597076416,0.26498791575431824,0.26499274373054504,0
2026-03-21 08:00:00+00:00,0.2649817168712616,0.26514971256256104,0.26474979519844055,0.26514092087745667,0
2026-03-21 09:00:00+00:00,0.26514187455177307,0.2655577063560486,0.2642427384853363,0.2643526792526245,0
2026-03-21 10:00:00+00:00,0.26435407996177673,0.26465949416160583,0.2641517221927643,0.2642429769039154,0
2026-03-21 11:00:00+00:00,0.2642609775066376,0.2645232081413269,0.2642609775066376,0.2645232081413269,0
2026-03-21 12:00:00+00:00,0.26452675461769104,0.2650037705898285,0.26452675461769104,0.2647760808467865,0
2026-03-21 13:00:00+00:00,0.2647664546966553,0.26488685607910156,0.2640935480594635,0.26423096656799316,0
2026-03-21 14:00:00+00:00,0.2642397880554199,0.2651151716709137,0.263438880443573,0.263438880443573,0
2026-03-21 15:00:00+00:00,0.2634316682815552,0.2643420994281769,0.2633019983768463,0.2643420994281769,0
2026-03-21 16:00:00+00:00,0.2643750011920929,0.2648323178291321,0.264070600271225,0.26412779092788696,0
2026-03-21 17:00:00+00:00,0.2641358971595764,0.26423704624176025,0.26384976506233215,0.2641579806804657,0
2026-03-21 18:00:00+00:00,0.2641628086566925,0.2647276818752289,0.26407936215400696,0.2644183933734894,0
2026-03-21 19:00:00+00:00,0.2644207179546356,0.26480987668037415,0.26427319645881653,0.26480987668037415,0
2026-03-21 20:00:00+00:00,0.2648071050643921,0.2661450207233429,0.2648071050643921,0.2661425471305847,0
2026-03-21 21:00:00+00:00,0.2661457657814026,0.2661841809749603,0.2654885947704315,0.26550328731536865,0
2026-03-21 22:00:00+00:00,0.26550573110580444,0.2655538320541382,0.26488685607910156,0.2649119794368744,0
2026-03-21 23:00:00+00:00,0.2649174630641937,0.2649174630641937,0.25768592953681946,0.2577891945838928,32932944
2026-03-22 00:00:00+00:00,0.25716134905815125,0.2580837607383728,0.254940390586853,0.25714409351348877,74907232
2026-03-22 01:00:00+00:00,0.2571307420730591,0.25776082277297974,0.2560422122478485,0.2566680610179901,11435840
2026-03-22 02:00:00+00:00,0.2566574811935425,0.2584301233291626,0.2566574811935425,0.2580573260784149,8923424
2026-03-22 03:00:00+00:00,0.25802791118621826,0.2596014142036438,0.25740423798561096,0.25849464535713196,10524704
2026-03-22 04:00:00+00:00,0.25850939750671387,0.2589149475097656,0.25804996490478516,0.25868335366249084,6977408
2026-03-22 05:00:00+00:00,0.25866320729255676,0.25866320729255676,0.25763416290283203,0.25763440132141113,4247136
2026-03-22 06:00:00+00:00,0.25759029388427734,0.2576145529747009,0.2572651207447052,0.25753071904182434,0
2026-03-22 07:00:00+00:00,0.25755634903907776,0.25850561261177063,0.2573796510696411,0.25739800930023193,0
2026-03-22 08:00:00+00:00,0.2573601305484772,0.2573601305484772,0.2555631399154663,0.25657394528388977,5570624
2026-03-22 09:00:00+00:00,0.25655215978622437,0.25717225670814514,0.2561663091182709,0.25625306367874146,1805920
2026-03-22 10:00:00+00:00,0.25621098279953003,0.2562175393104553,0.2553185820579529,0.25550660490989685,1698272
2026-03-22 11:00:00+00:00,0.2555069625377655,0.2557906210422516,0.2552374601364136,0.2552374601364136,6109312
2026-03-22 12:00:00+00:00,0.2552332580089569,0.25640854239463806,0.25518420338630676,0.2558799088001251,6601856
2026-03-22 13:00:00+00:00,0.2558791935443878,0.25661978125572205,0.2557753920555115,0.25614652037620544,14978976
2026-03-22 14:00:00+00:00,0.256142258644104,0.2565392553806305,0.25575533509254456,0.25575533509254456,0
2026-03-22 15:00:00+00:00,0.2557547986507416,0.2563663721084595,0.2554963231086731,0.2555244266986847,120384
2026-03-22 16:00:00+00:00,0.2555372416973114,0.2557664215564728,0.25424665212631226,0.2547701895236969,13998496
2026-03-22 17:00:00+00:00,0.2547653913497925,0.2547907829284668,0.2542257308959961,0.25424808263778687,7842944
2026-03-22 18:00:00+00:00,0.25422582030296326,0.2544063627719879,0.2529231011867523,0.25316572189331055,7290400
2026-03-22 19:00:00+00:00,0.25319141149520874,0.2533244490623474,0.2509343922138214,0.25157931447029114,11163424
2026-03-22 20:00:00+00:00,0.25159090757369995,0.2522493898868561,0.25128284096717834,0.25140002369880676,1396192
2026-03-22 21:00:00+00:00,0.2513696551322937,0.25137630105018616,0.24848665297031403,0.25021642446517944,32487968
2026-03-22 22:00:00+00:00,0.25024911761283875,0.25196582078933716,0.24953942000865936,0.25196582078933716,16336512
2026-03-22 23:00:00+00:00,0.25197967886924744,0.2522697448730469,0.2505890130996704,0.25059548020362854,0
2026-03-23 00:00:00+00:00,0.25061172246932983,0.25149428844451904,0.25026869773864746,0.25132834911346436,0
2026-03-23 01:00:00+00:00,0.2513114809989929,0.25239482522010803,0.25116175413131714,0.2517276406288147,0
2026-03-23 02:00:00+00:00,0.25171926617622375,0.2534233033657074,0.25085917115211487,0.25260743498802185,0
2026-03-23 03:00:00+00:00,0.2525772452354431,0.2532665431499481,0.2513057589530945,0.2513064742088318,0
2026-03-23 04:00:00+00:00,0.251302570104599,0.2523553669452667,0.251270055770874,0.2523553669452667,0
2026-03-23 05:00:00+00:00,0.2523741126060486,0.25268682837486267,0.25183233618736267,0.2523755133152008,9644864
2026-03-23 06:00:00+00:00,0.25239405035972595,0.25239405035972595,0.24913574755191803,0.24927480518817902,14853792
2026-03-23 07:00:00+00:00,0.24927623569965363,0.25041380524635315,0.2483355700969696,0.25015053153038025,13219296
2026-03-23 08:00:00+00:00,0.25014594197273254,0.25080856680870056,0.2494402974843979,0.2494402974843979,248384
2026-03-23 09:00:00+00:00,0.24943025410175323,0.24976617097854614,0.24837340414524078,0.2497650533914566,3391424
2026-03-23 10:00:00+00:00,0.24977393448352814,0.2514849007129669,0.24977393448352814,0.2503439486026764,3032992
2026-03-23 11:00:00+00:00,0.2503349483013153,0.2625751197338104,0.2503349483013153,0.2590692341327667,184656480
2026-03-23 12:00:00+00:00,0.2590292692184448,0.2609841823577881,0.25807827711105347,0.2600500285625458,36725760
2026-03-23 13:00:00+00:00,0.26055675745010376,0.2631785571575165,0.25977927446365356,0.26285162568092346,14794560
2026-03-23 14:00:00+00:00,0.2628699541091919,0.2646224796772003,0.2628699541091919,0.26357126235961914,15582656
2026-03-23 15:00:00+00:00,0.26360177993774414,0.26612088084220886,0.2614396810531616,0.2614396810531616,29238784
2026-03-23 16:00:00+00:00,0.26140081882476807,0.2617635726928711,0.25895586609840393,0.26098930835723877,0
2026-03-23 17:00:00+00:00,0.26101621985435486,0.2628588378429413,0.26039063930511475,0.2619783580303192,6317696
2026-03-23 18:00:00+00:00,0.2619776725769043,0.2622644007205963,0.2609316408634186,0.26179447770118713,0
2026-03-23 19:00:00+00:00,0.2617877125740051,0.26278480887413025,0.26088768243789673,0.26088768243789673,0
2026-03-23 20:00:00+00:00,0.2608860433101654,0.2628277838230133,0.2605288326740265,0.26279979944229126,3402176
2026-03-23 21:00:00+00:00,0.26278942823410034,0.26408034563064575,0.26278942823410034,0.26317501068115234,0
2026-03-23 22:00:00+00:00,0.26310616731643677,0.26310616731643677,0.26148033142089844,0.26151028275489807,0
2026-03-23 23:00:00+00:00,0.26152998208999634,0.2615945041179657,0.26050859689712524,0.2615945041179657,0
2026-03-24 00:00:00+00:00,0.26160749793052673,0.26182204484939575,0.2599276900291443,0.26040980219841003,1259456
2026-03-24 01:00:00+00:00,0.26036903262138367,0.26036903262138367,0.25850191712379456,0.2591974139213562,1143104
2026-03-24 02:00:00+00:00,0.2591820955276489,0.2599015533924103,0.2588988244533539,0.2588988244533539,0
2026-03-24 03:00:00+00:00,0.2587982416152954,0.2613651752471924,0.2587665915489197,0.2613651752471924,188672
2026-03-24 04:00:00+00:00,0.26136547327041626,0.26191091537475586,0.26019105315208435,0.2607199251651764,1024064
2026-03-24 05:00:00+00:00,0.26072072982788086,0.26116591691970825,0.25978705286979675,0.2607646882534027,0
2026-03-24 06:00:00+00:00,0.26076093316078186,0.2610182762145996,0.26030468940734863,0.2610166072845459,0
2026-03-24 07:00:00+00:00,0.2610166072845459,0.2646056115627289,0.2610166072845459,0.2646056115627289,6326144
2026-03-24 08:00:00+00:00,0.26482656598091125,0.2675561308860779,0.26482656598091125,0.2667083144187927,26017088
2026-03-24 09:00:00+00:00,0.26672330498695374,0.26674121618270874,0.264603853225708,0.265086829662323,6089856
2026-03-24 10:00:00+00:00,0.2651292681694031,0.2652338743209839,0.2633732855319977,0.26350855827331543,2856768
2026-03-24 11:00:00+00:00,0.263519287109375,0.2639670670032501,0.26249203085899353,0.263456791639328,0
2026-03-24 12:00:00+00:00,0.2634908854961395,0.2636016607284546,0.26316308975219727,0.2632196843624115,0
2026-03-24 13:00:00+00:00,0.26322051882743835,0.26353785395622253,0.26117271184921265,0.26128387451171875,0
2026-03-24 14:00:00+00:00,0.261308878660202,0.26190125942230225,0.25952064990997314,0.26156508922576904,0
2026-03-24 15:00:00+00:00,0.2614598274230957,0.2623468041419983,0.26124802231788635,0.26124802231788635,0
2026-03-24 16:00:00+00:00,0.26122575998306274,0.26122575998306274,0.2595234811306,0.2598506510257721,0
2026-03-24 17:00:00+00:00,0.2598428726196289,0.2598428726196289,0.2584427297115326,0.2588438093662262,0
2026-03-24 18:00:00+00:00,0.2588497996330261,0.2612346112728119,0.2588497996330261,0.26036208868026733,1197376
2026-03-24 19:00:00+00:00,0.2603679895401001,0.2610659599304199,0.25988686084747314,0.25997820496559143,0
2026-03-24 20:00:00+00:00,0.2599862813949585,0.264718621969223,0.25997546315193176,0.2646148204803467,13056512
2026-03-24 21:00:00+00:00,0.26460686326026917,0.2653596103191376,0.26377642154693604,0.2649343013763428,0
2026-03-24 22:00:00+00:00,0.2649541199207306,0.2664734125137329,0.2649541199207306,0.2651958465576172,1675520
2026-03-24 23:00:00+00:00,0.2651861608028412,0.26639923453330994,0.2651861608028412,0.26619255542755127,5088992
2026-03-25 00:00:00+00:00,0.26619309186935425,0.26824653148651123,0.26619309186935425,0.2678815722465515,4398048
2026-03-25 01:00:00+00:00,0.2678580582141876,0.26842001080513,0.2670834958553314,0.2682467997074127,5001440
2026-03-25 02:00:00+00:00,0.26822978258132935,0.26822978258132935,0.26643338799476624,0.26643338799476624,2231456
2026-03-25 03:00:00+00:00,0.2664196193218231,0.2678464353084564,0.26597529649734497,0.2678464353084564,2100576
2026-03-25 04:00:00+00:00,0.26781943440437317,0.26824331283569336,0.26694339513778687,0.2673299312591553,1487040
2026-03-25 05:00:00+00:00,0.2673894166946411,0.268664687871933,0.2673894166946411,0.26811647415161133,6307232
2026-03-25 06:00:00+00:00,0.2680973410606384,0.26991188526153564,0.2680973410606384,0.2697788178920746,13583200
2026-03-25 07:00:00+00:00,0.2697450518608093,0.2710486054420471,0.269207239151001,0.2692982852458954,0
2026-03-25 08:00:00+00:00,0.2692851126194,0.27197203040122986,0.2692851126194,0.27164918184280396,0
2026-03-25 09:00:00+00:00,0.2716531455516815,0.27180346846580505,0.2712215483188629,0.27180346846580505,0
2026-03-25 10:00:00+00:00,0.2718205749988556,0.272902250289917,0.2718205749988556,0.2724626958370209,5387456
2026-03-25 11:00:00+00:00,0.2724440395832062,0.27364295721054077,0.27145370841026306,0.27274757623672485,15969632
2026-03-25 12:00:00+00:00,0.27278411388397217,0.2745223343372345,0.2724120318889618,0.27446916699409485,29991520
2026-03-25 13:00:00+00:00,0.2745089828968048,0.2760911285877228,0.27303963899612427,0.2732592821121216,2762272
2026-03-25 14:00:00+00:00,0.27319881319999695,0.27329567074775696,0.2717689573764801,0.2718028128147125,0
2026-03-25 15:00:00+00:00,0.27178531885147095,0.27184686064720154,0.269136518239975,0.27001020312309265,7498304
2026-03-25 16:00:00+00:00,0.2700223922729492,0.27201223373413086,0.27000221610069275,0.2715819776058197,9680160
2026-03-25 17:00:00+00:00,0.27158403396606445,0.27172717452049255,0.270428866147995,0.270428866147995,0
2026-03-25 18:00:00+00:00,0.27043208479881287,0.27090704441070557,0.269959956407547,0.2699722349643707,0
2026-03-25 19:00:00+00:00,0.2699737548828125,0.27097153663635254,0.2698513865470886,0.27027058601379395,536640
2026-03-25 20:00:00+00:00,0.2703242301940918,0.27039778232574463,0.26855218410491943,0.26961055397987366,0
2026-03-25 21:00:00+00:00,0.2696070671081543,0.2697227895259857,0.2690442204475403,0.26930147409439087,0
2026-03-25 22:00:00+00:00,0.2692953944206238,0.27053290605545044,0.2688744068145752,0.27047550678253174,0
2026-03-25 23:00:00+00:00,0.27049148082733154,0.27052435278892517,0.2696748375892639,0.2703074812889099,0
2026-03-26 00:00:00+00:00,0.27030497789382935,0.2704264521598816,0.2692520022392273,0.26926764845848083,0
2026-03-26 01:00:00+00:00,0.2692689001560211,0.26995062828063965,0.2687608599662781,0.2691837549209595,0
2026-03-26 02:00:00+00:00,0.2691648006439209,0.2691648006439209,0.26693305373191833,0.26741302013397217,2584032
2026-03-26 03:00:00+00:00,0.2674240469932556,0.2674240469932556,0.26605233550071716,0.2664482295513153,4541952
2026-03-26 04:00:00+00:00,0.26642906665802,0.26642906665802,0.2656573951244354,0.2656573951244354,0
2026-03-26 05:00:00+00:00,0.26565706729888916,0.26565706729888916,0.2624613046646118,0.2624613046646118,3278240
2026-03-26 06:00:00+00:00,0.2624489963054657,0.2624489963054657,0.2613772749900818,0.2616252899169922,0
2026-03-26 07:00:00+00:00,0.2616156339645386,0.26211535930633545,0.26107701659202576,0.26211145520210266,0
2026-03-26 08:00:00+00:00,0.2621053457260132,0.2621053457260132,0.2599707543849945,0.26028791069984436,0
2026-03-26 09:00:00+00:00,0.2602842450141907,0.26037442684173584,0.257469117641449,0.25756940245628357,9375232
2026-03-26 10:00:00+00:00,0.25756457448005676,0.25825050473213196,0.25704309344291687,0.25825050473213196,0
2026-03-26 11:00:00+00:00,0.25825875997543335,0.2586071491241455,0.2574694752693176,0.2575162947177887,0
2026-03-26 12:00:00+00:00,0.2574943006038666,0.2578125,0.257033109664917,0.2577919363975525,0
2026-03-26 13:00:00+00:00,0.2577938437461853,0.2593946158885956,0.2574671804904938,0.2586557865142822,0
2026-03-26 14:00:00+00:00,0.2586477994918823,0.2587949335575104,0.25715652108192444,0.2573511302471161,452448
2026-03-26 15:00:00+00:00,0.2573412358760834,0.2573412358760834,0.2553160488605499,0.2559809684753418,8860768
2026-03-26 16:00:00+00:00,0.255984365940094,0.2563646137714386,0.2555510401725769,0.2555510401725769,0
2026-03-26 17:00:00+00:00,0.2555369436740875,0.2560482919216156,0.25439003109931946,0.25439003109931946,0
2026-03-26 18:00:00+00:00,0.25437527894973755,0.25453639030456543,0.2532159388065338,0.2537354528903961,8298944
2026-03-26 19:00:00+00:00,0.25374168157577515,0.25379684567451477,0.2533423900604248,0.25378090143203735,4873408
2026-03-26 20:00:00+00:00,0.2537699043750763,0.2560763657093048,0.2528141736984253,0.2549542188644409,40580416
2026-03-26 21:00:00+00:00,0.2549898326396942,0.25703370571136475,0.25484699010849,0.2560768127441406,18197472
2026-03-26 22:00:00+00:00,0.25606444478034973,0.25606444478034973,0.2545482814311981,0.25496140122413635,3611776
2026-03-26 23:00:00+00:00,0.25496819615364075,0.2551497519016266,0.2539612054824829,0.25477135181427,5096064
2026-03-27 00:00:00+00:00,0.2547614574432373,0.25481879711151123,0.25366342067718506,0.2541770339012146,6918336
2026-03-27 01:00:00+00:00,0.25418105721473694,0.25561416149139404,0.25415894389152527,0.2556004524230957,0
2026-03-27 02:00:00+00:00,0.25560393929481506,0.25582563877105713,0.25516706705093384,0.25528910756111145,0
2026-03-27 03:00:00+00:00,0.25526949763298035,0.25526949763298035,0.25417834520339966,0.25442811846733093,0
2026-03-27 04:00:00+00:00,0.2544282078742981,0.2544282078742981,0.2528427243232727,0.25403955578804016,1459840
2026-03-27 05:00:00+00:00,0.25403448939323425,0.25517264008522034,0.25352784991264343,0.25364190340042114,0
2026-03-27 06:00:00+00:00,0.2536441683769226,0.2538951635360718,0.25334474444389343,0.2538655996322632,0
2026-03-27 07:00:00+00:00,0.2538660168647766,0.2548777759075165,0.25368449091911316,0.2546791434288025,0
2026-03-27 08:00:00+00:00,0.2546837031841278,0.2547870874404907,0.2510805130004883,0.2521052062511444,3610592
2026-03-27 09:00:00+00:00,0.25210148096084595,0.25210148096084595,0.25074303150177,0.2508263885974884,0
2026-03-27 10:00:00+00:00,0.2508387565612793,0.2512575387954712,0.2464940845966339,0.24654041230678558,38812768
2026-03-27 11:00:00+00:00,0.2465258091688156,0.24763517081737518,0.2461143583059311,0.24736686050891876,31419232
2026-03-27 12:00:00+00:00,0.24737103283405304,0.24737103283405304,0.24612537026405334,0.2465636134147644,13059776
2026-03-27 13:00:00+00:00,0.24658124148845673,0.24820183217525482,0.24658124148845673,0.24692606925964355,8089472
2026-03-27 14:00:00+00:00,0.2470107227563858,0.2482578605413437,0.24617567658424377,0.24730993807315826,6133568
2026-03-27 15:00:00+00:00,0.24731287360191345,0.24910034239292145,0.24708247184753418,0.2478422075510025,0
2026-03-27 16:00:00+00:00,0.24784842133522034,0.24784842133522034,0.24657374620437622,0.2472911924123764,0
2026-03-27 17:00:00+00:00,0.2472926378250122,0.2480418086051941,0.24657729268074036,0.24659264087677002,0
2026-03-27 18:00:00+00:00,0.24658845365047455,0.2466365396976471,0.2455875128507614,0.2461647391319275,0
2026-03-27 19:00:00+00:00,0.24615179002285004,0.24685385823249817,0.24562449753284454,0.24636210501194,1872000
2026-03-27 20:00:00+00:00,0.24636532366275787,0.2467871904373169,0.245248943567276,0.24615122377872467,0
2026-03-27 21:00:00+00:00,0.24615640938282013,0.24649448692798615,0.24607259035110474,0.2462194412946701,0
2026-03-27 22:00:00+00:00,0.24617677927017212,0.24617677927017212,0.2452715039253235,0.24571925401687622,0
2026-03-27 23:00:00+00:00,0.2457173615694046,0.24606961011886597,0.2454143911600113,0.2460244745016098,0
2026-03-28 00:00:00+00:00,0.24602483212947845,0.24678146839141846,0.24600329995155334,0.24667081236839294,0
2026-03-28 01:00:00+00:00,0.24656453728675842,0.24656453728675842,0.2451789826154709,0.24579255282878876,1598944
2026-03-28 02:00:00+00:00,0.2458050698041916,0.24695761501789093,0.2450004369020462,0.24508100748062134,0
2026-03-28 03:00:00+00:00,0.24507656693458557,0.24524293839931488,0.2447783499956131,0.2447798252105713,3117440
2026-03-28 04:00:00+00:00,0.24478159844875336,0.24516451358795166,0.24432936310768127,0.24504026770591736,0
2026-03-28 05:00:00+00:00,0.24504126608371735,0.2456580549478531,0.24473349750041962,0.24564330279827118,0
2026-03-28 06:00:00+00:00,0.24564151465892792,0.2468658983707428,0.24564151465892792,0.2465028464794159,0
2026-03-28 07:00:00+00:00,0.24650418758392334,0.24784424901008606,0.2464224398136139,0.24784424901008606,518240
2026-03-28 08:00:00+00:00,0.2478763312101364,0.2485741376876831,0.2478763312101364,0.2480713427066803,0
2026-03-28 09:00:00+00:00,0.24804267287254333,0.24804267287254333,0.24728211760520935,0.24733808636665344,0
2026-03-28 10:00:00+00:00,0.24733713269233704,0.24888482689857483,0.24733713269233704,0.24831359088420868,0
2026-03-28 11:00:00+00:00,0.2483145296573639,0.2486501783132553,0.248256653547287,0.24861332774162292,0
2026-03-28 12:00:00+00:00,0.24860532581806183,0.2486329823732376,0.24745158851146698,0.24763689935207367,0
2026-03-28 13:00:00+00:00,0.24763387441635132,0.25123679637908936,0.24758310616016388,0.24997618794441223,0
2026-03-28 14:00:00+00:00,0.25000447034835815,0.2508256137371063,0.2491896152496338,0.25008222460746765,0
2026-03-28 15:00:00+00:00,0.25008273124694824,0.25212791562080383,0.24997620284557343,0.2511608302593231,0
2026-03-28 16:00:00+00:00,0.25121280550956726,0.2514461278915405,0.250749409198761,0.2507890462875366,0
2026-03-28 17:00:00+00:00,0.2507813572883606,0.25125524401664734,0.24987578392028809,0.25026044249534607,0
2026-03-28 18:00:00+00:00,0.25023937225341797,0.25078532099723816,0.25014445185661316,0.25055983662605286,0
2026-03-28 19:00:00+00:00,0.25053924322128296,0.25053924322128296,0.24944499135017395,0.24961590766906738,0
2026-03-28 20:00:00+00:00,0.2496250569820404,0.2504342198371887,0.2496250569820404,0.2500036656856537,0
2026-03-28 21:00:00+00:00,0.25000783801078796,0.2500205636024475,0.24888592958450317,0.24888592958450317,0
2026-03-28 22:00:00+00:00,0.24892166256904602,0.24892166256904602,0.24834011495113373,0.2483971267938614,0
2026-03-28 23:00:00+00:00,0.24840013682842255,0.24842117726802826,0.24555858969688416,0.24566975235939026,5894496
2026-03-29 00:00:00+00:00,0.2456682175397873,0.24594976007938385,0.24537967145442963,0.2455240935087204,1564096
2026-03-29 01:00:00+00:00,0.24555790424346924,0.2465546727180481,0.24555790424346924,0.24593906104564667,23394336
2026-03-29 02:00:00+00:00,0.2459440678358078,0.2462197095155716,0.2458658367395401,0.24603603780269623,0
2026-03-29 03:00:00+00:00,0.24603699147701263,0.2468605488538742,0.24597235023975372,0.24651850759983063,0
2026-03-29 04:00:00+00:00,0.24651141464710236,0.24651141464710236,0.24584612250328064,0.24584612250328064,1327456
2026-03-29 05:00:00+00:00,0.24577127397060394,0.24577127397060394,0.2442919909954071,0.2453708052635193,18089792
2026-03-29 06:00:00+00:00,0.24536991119384766,0.245870441198349,0.2450409233570099,0.24584169685840607,0
2026-03-29 07:00:00+00:00,0.2458454817533493,0.2458454817533493,0.24492356181144714,0.24516113102436066,0
2026-03-29 08:00:00+00:00,0.24515031278133392,0.24515031278133392,0.24478790163993835,0.24490457773208618,0
2026-03-29 09:00:00+00:00,0.24489779770374298,0.24490520358085632,0.2439330816268921,0.24407672882080078,2578272
2026-03-29 10:00:00+00:00,0.24407801032066345,0.24407801032066345,0.24243678152561188,0.24261474609375,12879296
2026-03-29 11:00:00+00:00,0.2426200658082962,0.24411727488040924,0.24261491000652313,0.24367085099220276,6202048
2026-03-29 12:00:00+00:00,0.2435944378376007,0.2435944378376007,0.24238543212413788,0.24273793399333954,0
2026-03-29 13:00:00+00:00,0.24273505806922913,0.2427709847688675,0.2408377230167389,0.2408377230167389,674400
2026-03-29 14:00:00+00:00,0.24082867801189423,0.24178706109523773,0.24073143303394318,0.24169951677322388,0
2026-03-29 15:00:00+00:00,0.24196819961071014,0.24196819961071014,0.24095328152179718,0.24127717316150665,0
2026-03-29 16:00:00+00:00,0.2412758767604828,0.24183958768844604,0.2409685254096985,0.2409685254096985,0
2026-03-29 17:00:00+00:00,0.24098554253578186,0.24109859764575958,0.24030016362667084,0.24109859764575958,4581504
2026-03-29 18:00:00+00:00,0.24109840393066406,0.24138516187667847,0.24085041880607605,0.24130383133888245,3171232
2026-03-29 19:00:00+00:00,0.24130336940288544,0.24130336940288544,0.23972004652023315,0.23979252576828003,10315200
2026-03-29 20:00:00+00:00,0.23978525400161743,0.2414923757314682,0.23978525400161743,0.2403763085603714,10284256
2026-03-29 21:00:00+00:00,0.240401029586792,0.24154715240001678,0.240401029586792,0.24153316020965576,2494144
2026-03-29 22:00:00+00:00,0.24153293669223785,0.24153293669223785,0.23483870923519135,0.23817691206932068,39320608
2026-03-29 23:00:00+00:00,0.23840844631195068,0.23981642723083496,0.23835459351539612,0.23956668376922607,11734592
2026-03-30 00:00:00+00:00,0.2395777553319931,0.24314814805984497,0.2395777553319931,0.24172644317150116,16321856
2026-03-30 01:00:00+00:00,0.2417028546333313,0.24386827647686005,0.2417028546333313,0.243838831782341,0
2026-03-30 02:00:00+00:00,0.24383410811424255,0.2462681233882904,0.24383410811424255,0.24577036499977112,14678848
2026-03-30 03:00:00+00:00,0.2457631528377533,0.24591808021068573,0.24445469677448273,0.24575453996658325,4493120
2026-03-30 04:00:00+00:00,0.24575471878051758,0.24745602905750275,0.24575471878051758,0.24617360532283783,7687968
2026-03-30 05:00:00+00:00,0.24614712595939636,0.24685542285442352,0.24614712595939636,0.24660931527614594,0
2026-03-30 06:00:00+00:00,0.2466038167476654,0.24718160927295685,0.2458498775959015,0.24649116396903992,2897984
2026-03-30 07:00:00+00:00,0.2464848905801773,0.24831004440784454,0.24646036326885223,0.24831004440784454,5176032
2026-03-30 08:00:00+00:00,0.24837709963321686,0.2510198950767517,0.24835926294326782,0.2506856322288513,28545920
2026-03-30 09:00:00+00:00,0.25067776441574097,0.25067776441574097,0.24815131723880768,0.24816305935382843,5245088
2026-03-30 10:00:00+00:00,0.2481617033481598,0.24853645265102386,0.24756930768489838,0.24853645265102386,0
2026-03-30 11:00:00+00:00,0.24852938950061798,0.25096505880355835,0.24852938950061798,0.25029057264328003,15458240
2026-03-30 12:00:00+00:00,0.25029128789901733,0.25096920132637024,0.2501065731048584,0.25062131881713867,1292576
2026-03-30 13:00:00+00:00,0.25060102343559265,0.2508831024169922,0.2493356168270111,0.2493356168270111,0
2026-03-30 14:00:00+00:00,0.2493385225534439,0.24950596690177917,0.24736855924129486,0.2486313432455063,5403328
2026-03-30 15:00:00+00:00,0.24864579737186432,0.24939604103565216,0.24765346944332123,0.24866949021816254,2044032
2026-03-30 16:00:00+00:00,0.2486589550971985,0.2486589550971985,0.24762749671936035,0.24765528738498688,415968
2026-03-30 17:00:00+00:00,0.2477112114429474,0.24814079701900482,0.24563296139240265,0.24609751999378204,2927712
2026-03-30 18:00:00+00:00,0.24612505733966827,0.24645042419433594,0.2439144104719162,0.24397313594818115,3695296
2026-03-30 19:00:00+00:00,0.24405501782894135,0.24417725205421448,0.24258147180080414,0.24349510669708252,0
2026-03-30 20:00:00+00:00,0.2434861809015274,0.2439994066953659,0.24308492243289948,0.24370840191841125,0
2026-03-30 21:00:00+00:00,0.24371232092380524,0.2456701397895813,0.24345925450325012,0.2450961470603943,3535552
2026-03-30 22:00:00+00:00,0.2448827177286148,0.24488821625709534,0.24421142041683197,0.24431927502155304,0
2026-03-30 23:00:00+00:00,0.24430851638317108,0.24430851638317108,0.2427324801683426,0.24319221079349518,0
2026-03-31 00:00:00+00:00,0.24320757389068604,0.2451113611459732,0.24320757389068604,0.24481813609600067,0
2026-03-31 01:00:00+00:00,0.24482551217079163,0.24821633100509644,0.2443992793560028,0.24782194197177887,6055904
2026-03-31 02:00:00+00:00,0.2478211373090744,0.24856369197368622,0.247298002243042,0.24819768965244293,0
2026-03-31 03:00:00+00:00,0.24818597733974457,0.24818597733974457,0.24570633471012115,0.24589765071868896,0
2026-03-31 04:00:00+00:00,0.2459033578634262,0.24608401954174042,0.24458152055740356,0.24458152055740356,0
2026-03-31 05:00:00+00:00,0.24457427859306335,0.24457427859306335,0.24383273720741272,0.24420768022537231,0
2026-03-31 06:00:00+00:00,0.24420061707496643,0.24568167328834534,0.24371498823165894,0.2456633597612381,8257376
2026-03-31 07:00:00+00:00,0.24569949507713318,0.24569949507713318,0.2434712052345276,0.24351143836975098,2283552
2026-03-31 08:00:00+00:00,0.24350842833518982,0.243661031126976,0.2419523298740387,0.2419552057981491,0
2026-03-31 09:00:00+00:00,0.24195416271686554,0.24205349385738373,0.24013164639472961,0.24015913903713226,2830528
2026-03-31 10:00:00+00:00,0.24016298353672028,0.24101442098617554,0.24001598358154297,0.2408858835697174,9441664
2026-03-31 11:00:00+00:00,0.2408795952796936,0.24119174480438232,0.24043594300746918,0.24073579907417297,0
2026-03-31 12:00:00+00:00,0.240756094455719,0.24112336337566376,0.24047617614269257,0.24051563441753387,1144000
2026-03-31 13:00:00+00:00,0.2405199110507965,0.2434757649898529,0.24050883948802948,0.2433205097913742,0
2026-03-31 14:00:00+00:00,0.24304357171058655,0.2444819062948227,0.23953577876091003,0.23957008123397827,5524960
2026-03-31 15:00:00+00:00,0.23957641422748566,0.24072186648845673,0.23896430432796478,0.23896430432796478,8920448
2026-03-31 16:00:00+00:00,0.23869846761226654,0.23921406269073486,0.23617802560329437,0.23910781741142273,45206848
2026-03-31 17:00:00+00:00,0.2391299307346344,0.24118775129318237,0.23847559094429016,0.23847559094429016,17972352
2026-03-31 18:00:00+00:00,0.23855175077915192,0.24089263379573822,0.23855175077915192,0.24087820947170258,5966560
2026-03-31 19:00:00+00:00,0.24095921218395233,0.24175956845283508,0.24012194573879242,0.24069516360759735,0
2026-03-31 20:00:00+00:00,0.24069860577583313,0.2415594458580017,0.24056945741176605,0.2415594458580017,9994080
2026-03-31 21:00:00+00:00,0.2415916621685028,0.24195420742034912,0.240940123796463,0.24191464483737946,4440128
2026-03-31 22:00:00+00:00,0.24177329242229462,0.24177329242229462,0.23885585367679596,0.23993957042694092,10864832
2026-03-31 23:00:00+00:00,0.23993876576423645,0.24180291593074799,0.23983944952487946,0.2415628731250763,5351392
2026-04-01 00:00:00+00:00,0.24170996248722076,0.24425572156906128,0.24156738817691803,0.24425572156906128,11327200
2026-04-01 01:00:00+00:00,0.24426566064357758,0.244578555226326,0.2427421659231186,0.2427421659231186,0
2026-04-01 02:00:00+00:00,0.24259434640407562,0.24280111491680145,0.24202339351177216,0.24206091463565826,326112
2026-04-01 03:00:00+00:00,0.24205519258975983,0.2455485612154007,0.24204978346824646,0.24519672989845276,7047968
2026-04-01 04:00:00+00:00,0.2451765388250351,0.24560841917991638,0.24442800879478455,0.24454930424690247,1343232
2026-04-01 05:00:00+00:00,0.2445196956396103,0.24914492666721344,0.2442866861820221,0.24887163937091827,19863424
2026-04-01 06:00:00+00:00,0.24886301159858704,0.25296810269355774,0.24886301159858704,0.2517884373664856,41305408
2026-04-01 07:00:00+00:00,0.25181901454925537,0.2523782253265381,0.2502109110355377,0.2502109110355377,4862016
2026-04-01 08:00:00+00:00,0.2501969039440155,0.2501969039440155,0.24729640781879425,0.24732649326324463,4946368
2026-04-01 09:00:00+00:00,0.2471703439950943,0.24809496104717255,0.24675820767879486,0.24769024550914764,11128512
2026-04-01 10:00:00+00:00,0.24768532812595367,0.24880650639533997,0.2474747896194458,0.248460054397583,0
2026-04-01 11:00:00+00:00,0.2484816610813141,0.24876828491687775,0.24761834740638733,0.24807265400886536,0
2026-04-01 12:00:00+00:00,0.24808304011821747,0.24958142638206482,0.2478664666414261,0.24866345524787903,24163904
2026-04-01 13:00:00+00:00,0.24865569174289703,0.2489537000656128,0.24605941772460938,0.24698345363140106,6371520
2026-04-01 14:00:00+00:00,0.24695871770381927,0.24863505363464355,0.24694395065307617,0.2482304871082306,0
2026-04-01 15:00:00+00:00,0.24827973544597626,0.2490052580833435,0.24814936518669128,0.2490052580833435,0
2026-04-01 16:00:00+00:00,0.2490149438381195,0.25026822090148926,0.248429536819458,0.25004830956459045,0
2026-04-01 17:00:00+00:00,0.2500619888305664,0.2513558864593506,0.2491481602191925,0.24914920330047607,0
2026-04-01 18:00:00+00:00,0.24914877116680145,0.24982616305351257,0.24842867255210876,0.24842867255210876,0
2026-04-01 19:00:00+00:00,0.2484472095966339,0.24951396882534027,0.2484472095966339,0.2492697536945343,0
2026-04-01 20:00:00+00:00,0.24930712580680847,0.2494877427816391,0.247674360871315,0.24855737388134003,0
2026-04-01 21:00:00+00:00,0.24853232502937317,0.2501223385334015,0.24843744933605194,0.24941770732402802,0
2026-04-01 22:00:00+00:00,0.24947044253349304,0.24953888356685638,0.24758808314800262,0.24758808314800262,0
2026-04-01 23:00:00+00:00,0.24756751954555511,0.24802660942077637,0.24744576215744019,0.24802660942077637,0
2026-04-02 00:00:00+00:00,0.24809704720973969,0.2500295042991638,0.24770477414131165,0.24985115230083466,17554144
2026-04-02 01:00:00+00:00,0.24986262619495392,0.24986262619495392,0.24187394976615906,0.24297639727592468,55163776
2026-04-02 02:00:00+00:00,0.24297526478767395,0.24297526478767395,0.2399294227361679,0.24049235880374908,25239488
2026-04-02 03:00:00+00:00,0.24048568308353424,0.24117983877658844,0.238544300198555,0.238544300198555,13486464
2026-04-02 04:00:00+00:00,0.23865503072738647,0.2390027940273285,0.23711398243904114,0.23711615800857544,10761024
2026-04-02 05:00:00+00:00,0.23711669445037842,0.2379542589187622,0.23633301258087158,0.23795227706432343,0
2026-04-02 06:00:00+00:00,0.23795229196548462,0.23834700882434845,0.23752760887145996,0.23792891204357147,0
2026-04-02 07:00:00+00:00,0.23794406652450562,0.2388831079006195,0.23739363253116608,0.2388831079006195,5242944
2026-04-02 08:00:00+00:00,0.23892201483249664,0.23912473022937775,0.2382357120513916,0.23826321959495544,0
2026-04-02 09:00:00+00:00,0.23824776709079742,0.23846730589866638,0.23764115571975708,0.2383061945438385,0
2026-04-02 10:00:00+00:00,0.23831257224082947,0.23831257224082947,0.23723678290843964,0.23749591410160065,0
2026-04-02 11:00:00+00:00,0.23749130964279175,0.2375892847776413,0.23675720393657684,0.236920565366745,4610816
2026-04-02 12:00:00+00:00,0.236909881234169,0.23693621158599854,0.2362402379512787,0.23624104261398315,0
2026-04-02 13:00:00+00:00,0.23623520135879517,0.23644959926605225,0.23535136878490448,0.23644959926605225,0
2026-04-02 14:00:00+00:00,0.2364671230316162,0.24200570583343506,0.2364671230316162,0.2419007122516632,28960768
2026-04-02 15:00:00+00:00,0.24190416932106018,0.24190416932106018,0.23949049413204193,0.23950178921222687,6475712
2026-04-02 16:00:00+00:00,0.23951463401317596,0.2415977269411087,0.23914970457553864,0.24096113443374634,9888384
2026-04-02 17:00:00+00:00,0.2409546971321106,0.24235759675502777,0.23855777084827423,0.23855777084827423,1126272
2026-04-02 18:00:00+00:00,0.23854905366897583,0.24017228186130524,0.23825407028198242,0.24009554088115692,827520
2026-04-02 19:00:00+00:00,0.24009135365486145,0.24011942744255066,0.23927363753318787,0.23983298242092133,0
2026-04-02 20:00:00+00:00,0.23977243900299072,0.2406304031610489,0.23938167095184326,0.2403286099433899,4455296
2026-04-02 21:00:00+00:00,0.2403201460838318,0.2403201460838318,0.23917414247989655,0.23986874520778656,0
2026-04-02 22:00:00+00:00,0.2398742288351059,0.24004623293876648,0.23965193331241608,0.23969857394695282,0
2026-04-02 23:00:00+00:00,0.2395339161157608,0.2396116852760315,0.23898549377918243,0.23935818672180176,0
2026-04-03 00:00:00+00:00,0.23935729265213013,0.2397046685218811,0.2392001450061798,0.23945185542106628,0
2026-04-03 01:00:00+00:00,0.23946070671081543,0.240203395485878,0.23922687768936157,0.2396884560585022,0
2026-04-03 02:00:00+00:00,0.23969288170337677,0.24059191346168518,0.23921294510364532,0.23983176052570343,0
2026-04-03 03:00:00+00:00,0.24004876613616943,0.2411223202943802,0.23993152379989624,0.24109840393066406,0
2026-04-03 04:00:00+00:00,0.241097092628479,0.24292060732841492,0.241097092628479,0.24292060732841492,0
2026-04-03 05:00:00+00:00,0.24290259182453156,0.24461425840854645,0.2422095239162445,0.24440088868141174,0
2026-04-03 06:00:00+00:00,0.24437390267848969,0.2445654422044754,0.24356111884117126,0.24430695176124573,0
2026-04-03 07:00:00+00:00,0.24430371820926666,0.24448707699775696,0.2436790019273758,0.24368345737457275,0
2026-04-03 08:00:00+00:00,0.24366720020771027,0.2447255551815033,0.2432766556739807,0.24447758495807648,0
2026-04-03 09:00:00+00:00,0.24440425634384155,0.2450607866048813,0.24381864070892334,0.2448340803384781,0
2026-04-03 10:00:00+00:00,0.24497297406196594,0.2456347495317459,0.24449299275875092,0.2449560910463333,0
2026-04-03 11:00:00+00:00,0.2449840009212494,0.2458990514278412,0.24487900733947754,0.24566076695919037,0
2026-04-03 12:00:00+00:00,0.24565421044826508,0.2468467354774475,0.24542097747325897,0.24566416442394257,5681152
2026-04-03 13:00:00+00:00,0.2456485629081726,0.2456485629081726,0.24503695964813232,0.24562765657901764,0
2026-04-03 14:00:00+00:00,0.24566149711608887,0.24793128669261932,0.24553874135017395,0.24788768589496613,0
2026-04-03 15:00:00+00:00,0.2478490024805069,0.2502388060092926,0.24633222818374634,0.24633222818374634,26624256
2026-04-03 16:00:00+00:00,0.24633842706680298,0.24813006818294525,0.24619388580322266,0.2481221705675125,0
2026-04-03 17:00:00+00:00,0.2481255978345871,0.2496129721403122,0.2481255978345871,0.24875907599925995,0
2026-04-03 18:00:00+00:00,0.2487998753786087,0.24922150373458862,0.24764610826969147,0.24764610826969147,0
2026-04-03 19:00:00+00:00,0.24756519496440887,0.2476647049188614,0.24616262316703796,0.24755050241947174,5183232
2026-04-03 20:00:00+00:00,0.24755193293094635,0.2481423169374466,0.24719715118408203,0.24736976623535156,0
2026-04-03 21:00:00+00:00,0.24735011160373688,0.24841786921024323,0.247332364320755,0.24830037355422974,393504
2026-04-03 22:00:00+00:00,0.24829985201358795,0.24829985201358795,0.24647638201713562,0.2465682476758957,1775872
2026-04-03 23:00:00+00:00,0.24656105041503906,0.24656105041503906,0.2452961802482605,0.24616912007331848,0
2026-04-04 00:00:00+00:00,0.2461654245853424,0.24637073278427124,0.2454378753900528,0.2454378753900528,575200
2026-04-04 01:00:00+00:00,0.24544376134872437,0.24544376134872437,0.24464565515518188,0.24483872950077057,0
2026-04-04 02:00:00+00:00,0.24487964808940887,0.24516291916370392,0.2447122484445572,0.2449105829000473,0
2026-04-04 03:00:00+00:00,0.24493615329265594,0.2466379702091217,0.24493615329265594,0.2466379702091217,0
2026-04-04 04:00:00+00:00,0.2466466873884201,0.24685491621494293,0.24551524221897125,0.24579042196273804,7889760
2026-04-04 05:00:00+00:00,0.24578815698623657,0.24578815698623657,0.24456438422203064,0.24456438422203064,0
2026-04-04 06:00:00+00:00,0.24456404149532318,0.246130108833313,0.24426086246967316,0.246130108833313,0
2026-04-04 07:00:00+00:00,0.2461310774087906,0.24616461992263794,0.2451551854610443,0.24523231387138367,0
2026-04-04 08:00:00+00:00,0.24522307515144348,0.2456696331501007,0.24396544694900513,0.24396945536136627,0
2026-04-04 09:00:00+00:00,0.24396000802516937,0.2441374510526657,0.2435930371284485,0.243687704205513,0
2026-04-04 10:00:00+00:00,0.2436729371547699,0.24455200135707855,0.24345222115516663,0.24455200135707855,0
2026-04-04 11:00:00+00:00,0.2445567399263382,0.24503163993358612,0.2444739192724228,0.24483256042003632,0
2026-04-04 12:00:00+00:00,0.2448311448097229,0.2449083775281906,0.24422290921211243,0.24433161318302155,0
2026-04-04 13:00:00+00:00,0.2443298101425171,0.2443298101425171,0.24384814500808716,0.24407696723937988,0
2026-04-04 14:00:00+00:00,0.24407289922237396,0.24489523470401764,0.24396510422229767,0.2447156310081482,0
2026-04-04 15:00:00+00:00,0.24472405016422272,0.24657230079174042,0.24472405016422272,0.245080828666687,0
2026-04-04 16:00:00+00:00,0.2450932264328003,0.24658939242362976,0.2450932264328003,0.24596917629241943,0
2026-04-04 17:00:00+00:00,0.24589000642299652,0.24758952856063843,0.24547095596790314,0.2473437488079071,0
2026-04-04 18:00:00+00:00,0.24736502766609192,0.24764011800289154,0.24698692560195923,0.2470807433128357,0
2026-04-04 19:00:00+00:00,0.24707482755184174,0.24911627173423767,0.24702493846416473,0.24803048372268677,2797632
2026-04-04 20:00:00+00:00,0.24800533056259155,0.24839279055595398,0.2475995570421219,0.2475995570421219,203648
2026-04-04 21:00:00+00:00,0.24759767949581146,0.248069167137146,0.24723021686077118,0.24732790887355804,0
2026-04-04 22:00:00+00:00,0.24735905230045319,0.24800734221935272,0.24696879088878632,0.24794697761535645,6368224
2026-04-04 23:00:00+00:00,0.24794234335422516,0.2479781210422516,0.2476269155740738,0.24794915318489075,0
2026-04-05 00:00:00+00:00,0.2479083389043808,0.24834991991519928,0.24775300920009613,0.24820394814014435,0
2026-04-05 01:00:00+00:00,0.2482071816921234,0.2482071816921234,0.2468947470188141,0.24715812504291534,5034992
2026-04-05 02:00:00+00:00,0.24715565145015717,0.2478545606136322,0.24693143367767334,0.24715133011341095,2512112
2026-04-05 03:00:00+00:00,0.24714569747447968,0.24722431600093842,0.24681739509105682,0.24681739509105682,0
2026-04-05 04:00:00+00:00,0.24680836498737335,0.24680836498737335,0.24613015353679657,0.24615520238876343,0
2026-04-05 05:00:00+00:00,0.24614658951759338,0.24614658951759338,0.24405477941036224,0.2440558820962906,726560
2026-04-05 06:00:00+00:00,0.24397890269756317,0.24400804936885834,0.24235065281391144,0.2431245744228363,6161872
2026-04-05 07:00:00+00:00,0.24312104284763336,0.24312104284763336,0.2416522353887558,0.24192287027835846,1775824
2026-04-05 08:00:00+00:00,0.24192027747631073,0.2425147294998169,0.24186885356903076,0.24232545495033264,0
2026-04-05 09:00:00+00:00,0.24232268333435059,0.2425120621919632,0.24213732779026031,0.24236635863780975,0
2026-04-05 10:00:00+00:00,0.24237114191055298,0.24272796511650085,0.24126407504081726,0.24126407504081726,1971216
2026-04-05 11:00:00+00:00,0.24121986329555511,0.2424030303955078,0.2409941554069519,0.24237343668937683,10905056
2026-04-05 12:00:00+00:00,0.24237750470638275,0.2423836588859558,0.2408275604248047,0.2412594109773636,7205520
2026-04-05 13:00:00+00:00,0.24124328792095184,0.24174652993679047,0.24095647037029266,0.24166691303253174,1871136
2026-04-05 14:00:00+00:00,0.24166510999202728,0.24240680038928986,0.24166510999202728,0.24220995604991913,541824
2026-04-05 15:00:00+00:00,0.24218899011611938,0.24432121217250824,0.24163560569286346,0.2436528354883194,6152800
2026-04-05 16:00:00+00:00,0.24364419281482697,0.24364419281482697,0.2431800365447998,0.24324746429920197,558112
2026-04-05 17:00:00+00:00,0.2432442456483841,0.243761345744133,0.24299372732639313,0.243761345744133,0
2026-04-05 18:00:00+00:00,0.24376815557479858,0.2438243180513382,0.2429870069026947,0.24365714192390442,0
2026-04-05 19:00:00+00:00,0.24366198480129242,0.24410735070705414,0.24299290776252747,0.2433900684118271,0
2026-04-05 20:00:00+00:00,0.24341346323490143,0.2442084699869156,0.2433345764875412,0.24407784640789032,102656
2026-04-05 21:00:00+00:00,0.2440958023071289,0.24475136399269104,0.24223560094833374,0.2446964979171753,4218016
2026-04-05 22:00:00+00:00,0.24472007155418396,0.24600595235824585,0.24323368072509766,0.24600595235824585,9530448
2026-04-05 23:00:00+00:00,0.24600130319595337,0.25056734681129456,0.24594973027706146,0.25042879581451416,25606448
2026-04-06 00:00:00+00:00,0.25043633580207825,0.25542885065078735,0.25043633580207825,0.2542717754840851,52380320
2026-04-06 01:00:00+00:00,0.2543780207633972,0.2545965313911438,0.25340625643730164,0.2544451951980591,16227776
2026-04-06 02:00:00+00:00,0.25444307923316956,0.257891446352005,0.25444307923316956,0.2570403516292572,31525504
2026-04-06 03:00:00+00:00,0.2570289969444275,0.2574266791343689,0.25658145546913147,0.25680503249168396,19979104
2026-04-06 04:00:00+00:00,0.2568089962005615,0.25798895955085754,0.2567127048969269,0.25745654106140137,14138304
2026-04-06 05:00:00+00:00,0.2574380040168762,0.25755202770233154,0.25681066513061523,0.25699523091316223,10792640
2026-04-06 06:00:00+00:00,0.25698691606521606,0.25785401463508606,0.2561154067516327,0.2563821077346802,12829888
2026-04-06 07:00:00+00:00,0.25636523962020874,0.25636523962020874,0.2545229494571686,0.25521111488342285,11873952
2026-04-06 08:00:00+00:00,0.2552071809768677,0.2560490369796753,0.2551911771297455,0.2551911771297455,9857408
2026-04-06 09:00:00+00:00,0.25516217947006226,0.2579245865345001,0.25504058599472046,0.2574349343776703,18933728
2026-04-06 10:00:00+00:00,0.257463663816452,0.2595309913158417,0.25667572021484375,0.25667572021484375,29958144
2026-04-06 11:00:00+00:00,0.2566967010498047,0.25669997930526733,0.25562041997909546,0.25562041997909546,0
2026-04-06 12:00:00+00:00,0.2556132674217224,0.25605201721191406,0.2547213137149811,0.2547213137149811,488896
2026-04-06 13:00:00+00:00,0.254720002412796,0.255348801612854,0.25463631749153137,0.25501617789268494,3554080
2026-04-06 14:00:00+00:00,0.25501033663749695,0.256186306476593,0.25402334332466125,0.2546803653240204,12560800
2026-04-06 15:00:00+00:00,0.25466644763946533,0.25482895970344543,0.25414392352104187,0.25436264276504517,0
2026-04-06 16:00:00+00:00,0.25435128808021545,0.2543784976005554,0.25281766057014465,0.25281766057014465,7355328
2026-04-06 17:00:00+00:00,0.2528629004955292,0.2528629004955292,0.2515728175640106,0.25211793184280396,9082944
2026-04-06 18:00:00+00:00,0.2521170377731323,0.25312960147857666,0.2521170377731323,0.2530175447463989,2878592
2026-04-06 19:00:00+00:00,0.25302040576934814,0.25302040576934814,0.2517336308956146,0.2518855333328247,0
2026-04-06 20:00:00+00:00,0.2519395649433136,0.25272148847579956,0.2519395649433136,0.2523837685585022,341312
2026-04-06 21:00:00+00:00,0.25238683819770813,0.25238683819770813,0.25092071294784546,0.2509225606918335,0
2026-04-06 22:00:00+00:00,0.2509230077266693,0.2509348392486572,0.24875958263874054,0.24875958263874054,0
2026-04-06 23:00:00+00:00,0.24840739369392395,0.24840739369392395,0.24532468616962433,0.24608750641345978,0
2026-04-07 00:00:00+00:00,0.24606549739837646,0.24606549739837646,0.24495576322078705,0.2458287477493286,0
2026-04-07 01:00:00+00:00,0.24550312757492065,0.24575752019882202,0.24439309537410736,0.24439309537410736,0
2026-04-07 02:00:00+00:00,0.24440079927444458,0.245478555560112,0.24405142664909363,0.24471209943294525,0
2026-04-07 03:00:00+00:00,0.2447090744972229,0.24524283409118652,0.2447090744972229,0.2451838254928589,0
2026-04-07 04:00:00+00:00,0.24517616629600525,0.24563679099082947,0.2447032928466797,0.24557441473007202,0
2026-04-07 05:00:00+00:00,0.24549409747123718,0.24549409747123718,0.24372445046901703,0.24372445046901703,0
2026-04-07 06:00:00+00:00,0.24373489618301392,0.2437950074672699,0.24259011447429657,0.24375441670417786,0
2026-04-07 07:00:00+00:00,0.24375511705875397,0.24392352998256683,0.2433508187532425,0.24367620050907135,0
2026-04-07 08:00:00+00:00,0.24365775287151337,0.244410902261734,0.2433401644229889,0.244410902261734,2639136
2026-04-07 09:00:00+00:00,0.24439822137355804,0.24518615007400513,0.24433426558971405,0.24454925954341888,0
2026-04-07 10:00:00+00:00,0.24455586075782776,0.2446586936712265,0.24227142333984375,0.2423306554555893,0
2026-04-07 11:00:00+00:00,0.24229001998901367,0.24258196353912354,0.24167971312999725,0.2421909123659134,4663904
2026-04-07 12:00:00+00:00,0.24217519164085388,0.24236294627189636,0.24034160375595093,0.24235141277313232,13568032
2026-04-07 13:00:00+00:00,0.24233031272888184,0.24336907267570496,0.24230197072029114,0.24241891503334045,5814720
2026-04-07 14:00:00+00:00,0.242404043674469,0.242404043674469,0.24113447964191437,0.2417445033788681,0
2026-04-07 15:00:00+00:00,0.24169132113456726,0.24304307997226715,0.24125882983207703,0.2422519475221634,1257248
2026-04-07 16:00:00+00:00,0.24225753545761108,0.2429964542388916,0.24215829372406006,0.24215829372406006,0
2026-04-07 17:00:00+00:00,0.24216140806674957,0.24357697367668152,0.2419484704732895,0.24346297979354858,0
2026-04-07 18:00:00+00:00,0.24348075687885284,0.2437840849161148,0.2427215874195099,0.24276424944400787,40256
2026-04-07 19:00:00+00:00,0.24276812374591827,0.24654892086982727,0.24273701012134552,0.24653907120227814,13898048
2026-04-07 20:00:00+00:00,0.24656713008880615,0.2476368248462677,0.24612462520599365,0.24612513184547424,16611552
2026-04-07 21:00:00+00:00,0.24613283574581146,0.25328734517097473,0.24613283574581146,0.25325697660446167,34418304
2026-04-07 22:00:00+00:00,0.25325945019721985,0.26051032543182373,0.25325945019721985,0.26051032543182373,73030528
2026-04-07 23:00:00+00:00,0.2609565258026123,0.26556065678596497,0.2609565258026123,0.2637839615345001,62323584
2026-04-08 00:00:00+00:00,0.2637108564376831,0.26402419805526733,0.260200560092926,0.2603069841861725,26920768
2026-04-08 01:00:00+00:00,0.2602958679199219,0.2619856297969818,0.2600898742675781,0.26185858249664307,10150528
2026-04-08 02:00:00+00:00,0.26189184188842773,0.2639140188694,0.2609420418739319,0.26113903522491455,9019520
2026-04-08 03:00:00+00:00,0.26114657521247864,0.2613331377506256,0.26055026054382324,0.26067307591438293,41617664
2026-04-08 04:00:00+00:00,0.2606756389141083,0.2627621293067932,0.2606756389141083,0.2627128064632416,13428352
2026-04-08 05:00:00+00:00,0.26269811391830444,0.26269811391830444,0.2620146870613098,0.2624627947807312,4843392
2026-04-08 06:00:00+00:00,0.2624666094779968,0.26321327686309814,0.26175016164779663,0.26175016164779663,0
2026-04-08 07:00:00+00:00,0.26171332597732544,0.26171332597732544,0.26050692796707153,0.2610305845737457,458240
2026-04-08 08:00:00+00:00,0.2610355615615845,0.26124921441078186,0.26013657450675964,0.26051488518714905,1406848
2026-04-08 09:00:00+00:00,0.260539174079895,0.2607828974723816,0.25903284549713135,0.25904759764671326,0
2026-04-08 10:00:00+00:00,0.25906941294670105,0.2597323954105377,0.2590242922306061,0.2591226398944855,0
2026-04-08 11:00:00+00:00,0.2591182291507721,0.2591182291507721,0.2565799057483673,0.25791969895362854,1449664
2026-04-08 12:00:00+00:00,0.25792396068573,0.25792396068573,0.2566429376602173,0.2574498951435089,0
2026-04-08 13:00:00+00:00,0.25748535990715027,0.2593744099140167,0.2573760747909546,0.257774293422699,10944064
2026-04-08 14:00:00+00:00,0.2577914595603943,0.2577914595603943,0.25253474712371826,0.2525539994239807,14849664
2026-04-08 15:00:00+00:00,0.2525562644004822,0.25459831953048706,0.25245773792266846,0.2543996572494507,5209472
2026-04-08 16:00:00+00:00,0.2543869912624359,0.2543869912624359,0.2538413405418396,0.2543497085571289,1086976
2026-04-08 17:00:00+00:00,0.2543448209762573,0.2559681832790375,0.2543298006057739,0.25563955307006836,5911168
2026-04-08 18:00:00+00:00,0.2556605339050293,0.2556605339050293,0.25303080677986145,0.2530478835105896,1107584
2026-04-08 19:00:00+00:00,0.2530215084552765,0.2531183063983917,0.25222015380859375,0.25257056951522827,0
2026-04-08 20:00:00+00:00,0.25259432196617126,0.25303107500076294,0.25180304050445557,0.25223734974861145,0
2026-04-08 21:00:00+00:00,0.25226864218711853,0.25431719422340393,0.25226864218711853,0.25414571166038513,0
2026-04-08 22:00:00+00:00,0.254154235124588,0.254154235124588,0.2521590292453766,0.2522510886192322,0
2026-04-08 23:00:00+00:00,0.25222980976104736,0.25222980976104736,0.250326544046402,0.25071093440055847,0
2026-04-09 00:00:00+00:00,0.25070932507514954,0.25070932507514954,0.24925249814987183,0.2499111443758011,0
2026-04-09 01:00:00+00:00,0.24990512430667877,0.24990512430667877,0.2480795681476593,0.24921353161334991,0
2026-04-09 02:00:00+00:00,0.24921700358390808,0.25001201033592224,0.24916891753673553,0.24961061775684357,0
2026-04-09 03:00:00+00:00,0.24960169196128845,0.24960169196128845,0.24919024109840393,0.24928376078605652,0
2026-04-09 04:00:00+00:00,0.24928109347820282,0.24928109347820282,0.24862587451934814,0.2488783448934555,0
2026-04-09 05:00:00+00:00,0.24881714582443237,0.24981319904327393,0.24871674180030823,0.2493734061717987,0
2026-04-09 06:00:00+00:00,0.24939343333244324,0.25008895993232727,0.24939343333244324,0.25008153915405273,0
2026-04-09 07:00:00+00:00,0.25010988116264343,0.25143492221832275,0.25010988116264343,0.25083357095718384,16832
2026-04-09 08:00:00+00:00,0.25081154704093933,0.25103145837783813,0.2498689442873001,0.25070327520370483,0
2026-04-09 09:00:00+00:00,0.25068169832229614,0.2518290579319,0.2496955394744873,0.2517927587032318,0
2026-04-09 10:00:00+00:00,0.2517753839492798,0.25177690386772156,0.2510075867176056,0.2510075867176056,0
2026-04-09 11:00:00+00:00,0.2510053217411041,0.2510807514190674,0.2506009042263031,0.25068309903144836,0
2026-04-09 12:00:00+00:00,0.2506881654262543,0.25101354718208313,0.2502455711364746,0.25082114338874817,0
2026-04-09 13:00:00+00:00,0.2508304715156555,0.2511258125305176,0.2499566674232483,0.25011134147644043,0
2026-04-09 14:00:00+00:00,0.25014960765838623,0.2509371042251587,0.24923571944236755,0.25060462951660156,0
2026-04-09 15:00:00+00:00,0.2505921721458435,0.25521889328956604,0.24989156424999237,0.2550453543663025,11644256
2026-04-09 16:00:00+00:00,0.2550075054168701,0.25597068667411804,0.25360503792762756,0.25464963912963867,8437760
2026-04-09 17:00:00+00:00,0.25468820333480835,0.25662916898727417,0.25468820333480835,0.2563673257827759,1571392
2026-04-09 18:00:00+00:00,0.2563553750514984,0.2563638985157013,0.2542499899864197,0.25437653064727783,0
2026-04-09 19:00:00+00:00,0.25437071919441223,0.2558910846710205,0.25426775217056274,0.2557426393032074,0
2026-04-09 20:00:00+00:00,0.2557756304740906,0.25690412521362305,0.25574812293052673,0.25655239820480347,33024
2026-04-09 21:00:00+00:00,0.25655949115753174,0.25705960392951965,0.25618281960487366,0.2564490735530853,2287104
2026-04-09 22:00:00+00:00,0.2564276456832886,0.259284108877182,0.25629281997680664,0.2565367519855499,8289120
2026-04-09 23:00:00+00:00,0.2565212547779083,0.2565212547779083,0.25380343198776245,0.2538219094276428,2368
2026-04-10 00:00:00+00:00,0.2538582384586334,0.2541317343711853,0.25299957394599915,0.25329312682151794,0
2026-04-10 01:00:00+00:00,0.2532395124435425,0.25434252619743347,0.2525278925895691,0.25338512659072876,0
2026-04-10 02:00:00+00:00,0.2533774673938751,0.2533774673938751,0.2520584762096405,0.2520584762096405,1778208
2026-04-10 03:00:00+00:00,0.2520718276500702,0.25267544388771057,0.25172099471092224,0.25189822912216187,1600448
2026-04-10 04:00:00+00:00,0.2518968880176544,0.2527724504470825,0.2518162131309509,0.2526961863040924,3681824
2026-04-10 05:00:00+00:00,0.25271156430244446,0.25369107723236084,0.25231802463531494,0.25291529297828674,7148832
2026-04-10 06:00:00+00:00,0.25291725993156433,0.25291725993156433,0.25102102756500244,0.25102224946022034,6832320
2026-04-10 07:00:00+00:00,0.2510386109352112,0.2511330544948578,0.25042831897735596,0.2504464089870453,0
2026-04-10 08:00:00+00:00,0.25049373507499695,0.2509022355079651,0.25008824467658997,0.2501523196697235,52576
2026-04-10 09:00:00+00:00,0.2501490116119385,0.25146010518074036,0.2501490116119385,0.25115785002708435,1962688
2026-04-10 10:00:00+00:00,0.2511574625968933,0.2511574625968933,0.25013697147369385,0.25024062395095825,3105824
2026-04-10 11:00:00+00:00,0.2502303421497345,0.2516503632068634,0.250175803899765,0.25121793150901794,4223808
2026-04-10 12:00:00+00:00,0.2512367367744446,0.25296634435653687,0.2512367367744446,0.25251197814941406,14642208
2026-04-10 13:00:00+00:00,0.2525334656238556,0.253078818321228,0.25129979848861694,0.2523685395717621,6399584
2026-04-10 14:00:00+00:00,0.25236910581588745,0.2554773688316345,0.25215739011764526,0.2552553117275238,19261120
2026-04-10 15:00:00+00:00,0.25522860884666443,0.256152868270874,0.2538387179374695,0.2538404166698456,0
2026-04-10 16:00:00+00:00,0.25383755564689636,0.25561726093292236,0.25383755564689636,0.25502800941467285,0
2026-04-10 17:00:00+00:00,0.2550308108329773,0.2550899088382721,0.25386419892311096,0.2545674443244934,0
2026-04-10 18:00:00+00:00,0.2545612156391144,0.2557840347290039,0.25449690222740173,0.2557827830314636,2672864
2026-04-10 19:00:00+00:00,0.2557976245880127,0.2577323317527771,0.2557976245880127,0.2576318085193634,9959744
2026-04-10 20:00:00+00:00,0.25776058435440063,0.25852933526039124,0.25664621591567993,0.2574601471424103,9852832
2026-04-10 21:00:00+00:00,0.25735294818878174,0.25735294818878174,0.2554009258747101,0.25587183237075806,127936
2026-04-10 22:00:00+00:00,0.2558498680591583,0.25602442026138306,0.2543884217739105,0.2543952167034149,0
2026-04-10 23:00:00+00:00,0.25439754128456116,0.2545504868030548,0.2540864646434784,0.2542603015899658,0
2026-04-11 00:00:00+00:00,0.25426021218299866,0.25426021218299866,0.2536677122116089,0.25377413630485535,0
2026-04-11 01:00:00+00:00,0.25375908613204956,0.253767192363739,0.2525767385959625,0.25373390316963196,0
2026-04-11 02:00:00+00:00,0.25369885563850403,0.25388726592063904,0.2532453238964081,0.2532894015312195,0
2026-04-11 03:00:00+00:00,0.25328609347343445,0.25493094325065613,0.25328609347343445,0.25331106781959534,8319136
2026-04-11 04:00:00+00:00,0.2533332109451294,0.2540530860424042,0.25290125608444214,0.25293317437171936,1915488
2026-04-11 05:00:00+00:00,0.2529356777667999,0.2529367208480835,0.2517733871936798,0.2517733871936798,583424
2026-04-11 06:00:00+00:00,0.25177109241485596,0.25177109241485596,0.25036296248435974,0.2507631480693817,3610400
2026-04-11 07:00:00+00:00,0.2507719099521637,0.2507719099521637,0.25053244829177856,0.25069332122802734,0
2026-04-11 08:00:00+00:00,0.2507036626338959,0.2507036626338959,0.2504030466079712,0.2504156231880188,0
2026-04-11 09:00:00+00:00,0.2504122257232666,0.25069659948349,0.24972160160541534,0.25042295455932617,11286080
2026-04-11 10:00:00+00:00,0.25043997168540955,0.25061196088790894,0.24986042082309723,0.24989497661590576,0
2026-04-11 11:00:00+00:00,0.24990138411521912,0.25000470876693726,0.24966783821582794,0.24998460710048676,0
2026-04-11 12:00:00+00:00,0.249979630112648,0.2503501772880554,0.24990969896316528,0.25027480721473694,0
2026-04-11 13:00:00+00:00,0.2502731382846832,0.2502731382846832,0.24860109388828278,0.24907048046588898,7381696
2026-04-11 14:00:00+00:00,0.249058797955513,0.24914348125457764,0.2473854422569275,0.24745596945285797,0
2026-04-11 15:00:00+00:00,0.24746766686439514,0.24823328852653503,0.24746766686439514,0.24822716414928436,0
2026-04-11 16:00:00+00:00,0.24822856485843658,0.2505040466785431,0.2482144683599472,0.2505040466785431,5917376
2026-04-11 17:00:00+00:00,0.25048691034317017,0.25048691034317017,0.2489829659461975,0.2494514137506485,6288768
2026-04-11 18:00:00+00:00,0.2494335174560547,0.25283387303352356,0.24881872534751892,0.25237560272216797,18972160
2026-04-11 19:00:00+00:00,0.25242385268211365,0.25505197048187256,0.25242385268211365,0.2540039122104645,8448128
2026-04-11 20:00:00+00:00,0.25414106249809265,0.25448498129844666,0.2514249086380005,0.25240468978881836,6140896
2026-04-11 21:00:00+00:00,0.2523978054523468,0.2530546188354492,0.2516170144081116,0.25261664390563965,1968992
2026-04-11 22:00:00+00:00,0.25258132815361023,0.2530975043773651,0.25088435411453247,0.2509920299053192,6284992
2026-04-11 23:00:00+00:00,0.2510083317756653,0.2510083317756653,0.24912479519844055,0.24966198205947876,7661664
2026-04-12 00:00:00+00:00,0.24965976178646088,0.24983742833137512,0.24903099238872528,0.24983742833137512,706656
2026-04-12 01:00:00+00:00,0.2498704046010971,0.2504020631313324,0.2439473420381546,0.24397319555282593,39335104
2026-04-12 02:00:00+00:00,0.2440129667520523,0.24487332999706268,0.24375423789024353,0.24455223977565765,19535968
2026-04-12 03:00:00+00:00,0.24454884231090546,0.24464167654514313,0.2441352754831314,0.24433240294456482,0
2026-04-12 04:00:00+00:00,0.2443247139453888,0.2443247139453888,0.24351781606674194,0.24365955591201782,0
2026-04-12 05:00:00+00:00,0.24366456270217896,0.2436811327934265,0.24280031025409698,0.2432241290807724,7165120
2026-04-12 06:00:00+00:00,0.24323177337646484,0.24336612224578857,0.2423771321773529,0.2423771321773529,0
2026-04-12 07:00:00+00:00,0.24237211048603058,0.24237211048603058,0.24180550873279572,0.2420397847890854,12992512
2026-04-12 08:00:00+00:00,0.2419915795326233,0.2419915795326233,0.24083882570266724,0.24088025093078613,18502592
2026-04-12 09:00:00+00:00,0.24089501798152924,0.24097351729869843,0.23960283398628235,0.2398422509431839,16143104
2026-04-12 10:00:00+00:00,0.23986876010894775,0.24041597545146942,0.23985415697097778,0.23986831307411194,10002816
2026-04-12 11:00:00+00:00,0.23987911641597748,0.24075070023536682,0.23971566557884216,0.24075070023536682,1917888
2026-04-12 12:00:00+00:00,0.2407563328742981,0.24098099768161774,0.23999670147895813,0.23999670147895813,6645760
2026-04-12 13:00:00+00:00,0.23999372124671936,0.24004366993904114,0.23822347819805145,0.23822347819805145,2202432
2026-04-12 14:00:00+00:00,0.23822806775569916,0.23913951218128204,0.23816244304180145,0.23884481191635132,0
2026-04-12 15:00:00+00:00,0.23882220685482025,0.23882220685482025,0.23816150426864624,0.2386343628168106,3757056
2026-04-12 16:00:00+00:00,0.23860545456409454,0.23869751393795013,0.2380909025669098,0.23853489756584167,0
2026-04-12 17:00:00+00:00,0.23857204616069794,0.23984141647815704,0.23857204616069794,0.23979997634887695,0
2026-04-12 18:00:00+00:00,0.23979009687900543,0.2398272156715393,0.23875832557678223,0.23876643180847168,0
2026-04-12 19:00:00+00:00,0.2387681007385254,0.2389989197254181,0.23807105422019958,0.2381094992160797,0
2026-04-12 20:00:00+00:00,0.23811423778533936,0.23936210572719574,0.23800653219223022,0.2391628473997116,0
2026-04-12 21:00:00+00:00,0.23916873335838318,0.23965439200401306,0.23916873335838318,0.23941129446029663,0
2026-04-12 22:00:00+00:00,0.23943325877189636,0.23943325877189636,0.23710118234157562,0.23775336146354675,16440896
2026-04-12 23:00:00+00:00,0.23777268826961517,0.23777268826961517,0.23577022552490234,0.23627178370952606,8292672
2026-04-13 00:00:00+00:00,0.23627454042434692,0.23813468217849731,0.23616188764572144,0.23813468217849731,8764032
2026-04-13 01:00:00+00:00,0.23814424872398376,0.23853105306625366,0.23812395334243774,0.23848150670528412,0
2026-04-13 02:00:00+00:00,0.23849250376224518,0.2385786920785904,0.23700760304927826,0.23700760304927826,0
2026-04-13 03:00:00+00:00,0.237003892660141,0.23826557397842407,0.23690703511238098,0.23826557397842407,0
2026-04-13 04:00:00+00:00,0.2382829487323761,0.238981232047081,0.23781418800354004,0.23800189793109894,0
2026-04-13 05:00:00+00:00,0.23795512318611145,0.23807168006896973,0.23746351897716522,0.23804646730422974,0
2026-04-13 06:00:00+00:00,0.23805518448352814,0.23950231075286865,0.23805518448352814,0.23935827612876892,0
2026-04-13 07:00:00+00:00,0.23934176564216614,0.23934176564216614,0.23797695338726044,0.23830948770046234,0
2026-04-13 08:00:00+00:00,0.2382993847131729,0.23834070563316345,0.23769724369049072,0.2380538135766983,0
2026-04-13 09:00:00+00:00,0.238150492310524,0.23928925395011902,0.2381477802991867,0.23850788176059723,0
2026-04-13 10:00:00+00:00,0.23850636184215546,0.23854482173919678,0.23787599802017212,0.23787599802017212,0
2026-04-13 11:00:00+00:00,0.23784372210502625,0.23846150934696198,0.23784372210502625,0.2383498251438141,0
2026-04-13 12:00:00+00:00,0.23830999433994293,0.2413153499364853,0.23820354044437408,0.24109458923339844,2354976
2026-04-13 13:00:00+00:00,0.24110309779644012,0.24209348857402802,0.23963072896003723,0.24209348857402802,0
2026-04-13 14:00:00+00:00,0.24212178587913513,0.24251744151115417,0.24108284711837769,0.2423221617937088,6154432
2026-04-13 15:00:00+00:00,0.24236100912094116,0.24271641671657562,0.23930466175079346,0.23955713212490082,7182912
2026-04-13 16:00:00+00:00,0.2395353764295578,0.24031874537467957,0.23881322145462036,0.23953977227210999,7683776
2026-04-13 17:00:00+00:00,0.23955488204956055,0.2402764856815338,0.23867042362689972,0.23867042362689972,0
2026-04-13 18:00:00+00:00,0.2386779636144638,0.23874104022979736,0.23789674043655396,0.23865856230258942,6305536
2026-04-13 19:00:00+00:00,0.23867963254451752,0.2415919154882431,0.23867963254451752,0.2415919154882431,15664608
2026-04-13 20:00:00+00:00,0.24156558513641357,0.24156558513641357,0.23959092795848846,0.23959574103355408,4930496
2026-04-13 21:00:00+00:00,0.2396049201488495,0.24065276980400085,0.23934762179851532,0.24051432311534882,4866176
2026-04-13 22:00:00+00:00,0.2404778152704239,0.24765315651893616,0.24039317667484283,0.24765315651893616,36273760
2026-04-13 23:00:00+00:00,0.2476179301738739,0.24863675236701965,0.24682950973510742,0.2485915869474411,17088992
2026-04-14 00:00:00+00:00,0.2486020028591156,0.24878853559494019,0.2452341616153717,0.2452341616153717,11398976
2026-04-14 01:00:00+00:00,0.24520960450172424,0.24579955637454987,0.244545578956604,0.24547964334487915,8635392
2026-04-14 02:00:00+00:00,0.24548132717609406,0.24606363475322723,0.24457629024982452,0.2445845901966095,0
2026-04-14 03:00:00+00:00,0.2445833534002304,0.24526141583919525,0.24451479315757751,0.24472357332706451,0
2026-04-14 04:00:00+00:00,0.24472570419311523,0.24536114931106567,0.24443013966083527,0.24443013966083527,1996224
2026-04-14 05:00:00+00:00,0.24443699419498444,0.24443699419498444,0.2417072057723999,0.2417072057723999,9349568
2026-04-14 06:00:00+00:00,0.24172013998031616,0.24360227584838867,0.24172013998031616,0.24360227584838867,1862016
2026-04-14 07:00:00+00:00,0.24359877407550812,0.24493801593780518,0.24336372315883636,0.2433992624282837,6280320
2026-04-14 08:00:00+00:00,0.2434045523405075,0.24475246667861938,0.24275529384613037,0.2445715069770813,13164224
2026-04-14 09:00:00+00:00,0.24456560611724854,0.24472875893115997,0.2434832751750946,0.24447670578956604,3698624
2026-04-14 10:00:00+00:00,0.24447695910930634,0.2447894662618637,0.243905171751976,0.24401868879795074,5212544
2026-04-14 11:00:00+00:00,0.24400819838047028,0.24422484636306763,0.24324509501457214,0.24349112808704376,2754304
2026-04-14 12:00:00+00:00,0.24346362054347992,0.24377600848674774,0.2431154102087021,0.24347713589668274,0
2026-04-14 13:00:00+00:00,0.2434859722852707,0.24781455099582672,0.2434859722852707,0.24781455099582672,6882752
2026-04-14 14:00:00+00:00,0.24789178371429443,0.24859924614429474,0.24571751058101654,0.24611513316631317,18360448
2026-04-14 15:00:00+00:00,0.2460183948278427,0.2460183948278427,0.244022399187088,0.24505192041397095,0
2026-04-14 16:00:00+00:00,0.24498330056667328,0.2458784431219101,0.24389062821865082,0.24391061067581177,0
2026-04-14 17:00:00+00:00,0.24389375746250153,0.2452908456325531,0.2430788278579712,0.2438698261976242,0
2026-04-14 18:00:00+00:00,0.24387215077877045,0.24459709227085114,0.24045559763908386,0.24045559763908386,3867584
2026-04-14 19:00:00+00:00,0.24048788845539093,0.24124060571193695,0.2398664802312851,0.24044249951839447,0
2026-04-14 20:00:00+00:00,0.24045856297016144,0.24078544974327087,0.2403050810098648,0.24034667015075684,0
2026-04-14 21:00:00+00:00,0.240357905626297,0.24150000512599945,0.240357905626297,0.2409999966621399,0
2026-04-14 22:00:00+00:00,0.24070000648498535,0.24140000343322754,0.2393999993801117,0.23989999294281006,0
2026-04-14 23:00:00+00:00,0.23989999294281006,0.2401999980211258,0.23880000412464142,0.23970000445842743,0
2026-04-15 00:00:00+00:00,0.23970000445842743,0.24089999496936798,0.23970000445842743,0.24050000309944153,0
2026-04-15 01:00:00+00:00,0.24040000140666962,0.24120000004768372,0.24009999632835388,0.24089999496936798,0
2026-04-15 02:00:00+00:00,0.24089999496936798,0.24140000343322754,0.23919999599456787,0.23970000445842743,0
2026-04-15 03:00:00+00:00,0.23980000615119934,0.2401999980211258,0.23909999430179596,0.23989999294281006,0
2026-04-15 04:00:00+00:00,0.23980000615119934,0.2410999983549118,0.23970000445842743,0.2409999966621399,125824
2026-04-15 05:00:00+00:00,0.24140000343322754,0.24199999868869781,0.2395000010728836,0.24009999632835388,0
2026-04-15 06:00:00+00:00,0.24009999632835388,0.24009999632835388,0.23849999904632568,0.23880000412464142,0
2026-04-15 07:00:00+00:00,0.23890000581741333,0.23980000615119934,0.23829999566078186,0.23849999904632568,4050016
2026-04-15 08:00:00+00:00,0.23839999735355377,0.24070000648498535,0.23839999735355377,0.24009999632835388,0
2026-04-15 09:00:00+00:00,0.2402999997138977,0.24040000140666962,0.23960000276565552,0.23999999463558197,0
2026-04-15 10:00:00+00:00,0.23999999463558197,0.2410999983549118,0.23899999260902405,0.23980000615119934,353792
2026-04-15 11:00:00+00:00,0.23999999463558197,0.24240000545978546,0.23999999463558197,0.24169999361038208,1790784
2026-04-15 12:00:00+00:00,0.24169999361038208,0.2425999939441681,0.2410999983549118,0.24199999868869781,543264
2026-04-15 13:00:00+00:00,0.24210000038146973,0.24279999732971191,0.24050000309944153,0.24120000004768372,0
2026-04-15 14:00:00+00:00,0.2410999983549118,0.24390000104904175,0.2401999980211258,0.2434999942779541,0
2026-04-15 15:00:00+00:00,0.24369999766349792,0.24400000274181366,0.24150000512599945,0.24269999563694,0
2026-04-15 16:00:00+00:00,0.24269999563694,0.24609999358654022,0.24250000715255737,0.2451999932527542,10516768
2026-04-15 17:00:00+00:00,0.24549999833106995,0.2467000037431717,0.24469999969005585,0.24549999833106995,9536416
2026-04-15 18:00:00+00:00,0.24539999663829803,0.24660000205039978,0.24500000476837158,0.24629999697208405,0
2026-04-15 19:00:00+00:00,0.24609999358654022,0.25049999356269836,0.24609999358654022,0.24899999797344208,21566336
2026-04-15 20:00:00+00:00,0.249099999666214,0.249099999666214,0.24719999730587006,0.2476000040769577,10900384
2026-04-15 21:00:00+00:00,0.2476000040769577,0.24860000610351562,0.2467000037431717,0.2483000010251999,4790912
2026-04-15 22:00:00+00:00,0.2483000010251999,0.2498999983072281,0.24729999899864197,0.24729999899864197,4726432
2026-04-15 23:00:00+00:00,0.24709999561309814,0.24719999730587006,0.2451000064611435,0.24580000340938568,5033248
2026-04-16 00:00:00+00:00,0.24609999358654022,0.24660000205039978,0.24480000138282776,0.24570000171661377,0
2026-04-16 01:00:00+00:00,0.24539999663829803,0.24609999358654022,0.24390000104904175,0.24560000002384186,0
2026-04-16 02:00:00+00:00,0.24580000340938568,0.2493000030517578,0.24570000171661377,0.24860000610351562,13011040
2026-04-16 03:00:00+00:00,0.24819999933242798,0.25,0.24799999594688416,0.24940000474452972,14055328
2026-04-16 04:00:00+00:00,0.2492000013589859,0.25119999051094055,0.24889999628067017,0.2500999867916107,20862624
2026-04-16 05:00:00+00:00,0.25,0.25040000677108765,0.249099999666214,0.25,4115936
2026-04-16 06:00:00+00:00,0.2502000033855438,0.2506999969482422,0.24860000610351562,0.25049999356269836,3857920
2026-04-16 07:00:00+00:00,0.25060001015663147,0.2517000138759613,0.24940000474452972,0.2500999867916107,6739360
2026-04-16 08:00:00+00:00,0.25049999356269836,0.25049999356269836,0.2485000044107437,0.24860000610351562,10103968
2026-04-16 09:00:00+00:00,0.2484000027179718,0.2506999969482422,0.24819999933242798,0.24879999458789825,9019968
2026-04-16 10:00:00+00:00,0.24869999289512634,0.249099999666214,0.24719999730587006,0.24799999594688416,5985600
2026-04-16 11:00:00+00:00,0.24789999425411224,0.24899999797344208,0.24699999392032623,0.2484000027179718,2311296
2026-04-16 12:00:00+00:00,0.2484000027179718,0.2506999969482422,0.2484000027179718,0.25060001015663147,7911616
2026-04-16 13:00:00+00:00,0.25040000677108765,0.25450000166893005,0.24729999899864197,0.2493000030517578,34818880
2026-04-16 14:00:00+00:00,0.249099999666214,0.24950000643730164,0.24529999494552612,0.24799999594688416,22975424
2026-04-16 15:00:00+00:00,0.24789999425411224,0.25360000133514404,0.24770000576972961,0.2533000111579895,22747328
2026-04-16 16:00:00+00:00,0.2533999979496002,0.25529998540878296,0.2506999969482422,0.2517000138759613,14200384
2026-04-16 17:00:00+00:00,0.2517000138759613,0.25360000133514404,0.2508000135421753,0.2533000111579895,0
2026-04-16 18:00:00+00:00,0.2531999945640564,0.25999999046325684,0.2531999945640564,0.2590000033378601,49971008
2026-04-16 19:00:00+00:00,0.25929999351501465,0.260699987411499,0.2581000030040741,0.2603999972343445,6722560
2026-04-16 20:00:00+00:00,0.2603999972343445,0.2612000107765198,0.2567000091075897,0.2578999996185303,9623936
2026-04-16 21:00:00+00:00,0.2581000030040741,0.25949999690055847,0.25699999928474426,0.25839999318122864,11175424
2026-04-16 22:00:00+00:00,0.25859999656677246,0.259799987077713,0.2581000030040741,0.25850000977516174,1123904
2026-04-16 23:00:00+00:00,0.2583000063896179,0.2603999972343445,0.2581999897956848,0.25929999351501465,228416
2026-04-17 00:00:00+00:00,0.25920000672340393,0.259799987077713,0.2578999996185303,0.2581999897956848,2916672
2026-04-17 01:00:00+00:00,0.2581999897956848,0.2590999901294708,0.25529998540878296,0.25609999895095825,15078272
2026-04-17 02:00:00+00:00,0.25600001215934753,0.2563999891281128,0.2540999948978424,0.25519999861717224,0
2026-04-17 03:00:00+00:00,0.2551000118255615,0.25589999556541443,0.25429999828338623,0.2551000118255615,0
2026-04-17 04:00:00+00:00,0.2549999952316284,0.25529998540878296,0.2540000081062317,0.2542000114917755,0
2026-04-17 05:00:00+00:00,0.2540999948978424,0.2542000114917755,0.25220000743865967,0.25220000743865967,0
2026-04-17 06:00:00+00:00,0.25209999084472656,0.2551000118255615,0.25209999084472656,0.2551000118255615,0
2026-04-17 07:00:00+00:00,0.2551000118255615,0.2565000057220459,0.2549999952316284,0.2563000023365021,0
2026-04-17 08:00:00+00:00,0.2563000023365021,0.2583000063896179,0.25600001215934753,0.2572999894618988,8021888
2026-04-17 09:00:00+00:00,0.2574000060558319,0.2599000036716461,0.25619998574256897,0.25850000977516174,15966912
2026-04-17 10:00:00+00:00,0.25839999318122864,0.25859999656677246,0.25450000166893005,0.2551000118255615,7150592
2026-04-17 11:00:00+00:00,0.25519999861717224,0.25839999318122864,0.2551000118255615,0.2574999928474426,6091328
2026-04-17 12:00:00+00:00,0.25769999623298645,0.26089999079704285,0.25690001249313354,0.2606000006198883,10056384
2026-04-17 13:00:00+00:00,0.26030001044273376,0.26589998602867126,0.259799987077713,0.2653999924659729,38709760
2026-04-17 14:00:00+00:00,0.2653000056743622,0.2678999900817871,0.26460000872612,0.266400009393692,17377088
2026-04-17 15:00:00+00:00,0.266400009393692,0.266400009393692,0.26260000467300415,0.2635999917984009,7030208
2026-04-17 16:00:00+00:00,0.2635999917984009,0.2662000060081482,0.2635999917984009,0.2662000060081482,0
2026-04-17 17:00:00+00:00,0.2662000060081482,0.2662999927997589,0.2619999945163727,0.263700008392334,10008064
2026-04-17 18:00:00+00:00,0.2639999985694885,0.26420000195503235,0.26100000739097595,0.2612999975681305,0
2026-04-17 19:00:00+00:00,0.2614000141620636,0.262800008058548,0.2605000138282776,0.2612999975681305,0
2026-04-17 20:00:00+00:00,0.2612999975681305,0.26170000433921814,0.25929999351501465,0.260699987411499,0
2026-04-17 21:00:00+00:00,0.2606000006198883,0.26159998774528503,0.25940001010894775,0.2605000138282776,0
2026-04-17 22:00:00+00:00,0.2603999972343445,0.2621000111103058,0.25999999046325684,0.26080000400543213,0
2026-04-17 23:00:00+00:00,0.260699987411499,0.260699987411499,0.2574999928474426,0.2587999999523163,2292224
2026-04-18 00:00:00+00:00,0.25859999656677246,0.2596000134944916,0.2572000026702881,0.2583000063896179,0
2026-04-18 01:00:00+00:00,0.25839999318122864,0.2596000134944916,0.25690001249313354,0.2574999928474426,0
2026-04-18 02:00:00+00:00,0.2574999928474426,0.2590999901294708,0.2565000057220459,0.2581000030040741,0
2026-04-18 03:00:00+00:00,0.2578999996185303,0.2583000063896179,0.2565999925136566,0.25699999928474426,0
2026-04-18 04:00:00+00:00,0.257099986076355,0.2578999996185303,0.25609999895095825,0.2574000060558319,0
2026-04-18 05:00:00+00:00,0.25760000944137573,0.25859999656677246,0.25690001249313354,0.257999986410141,0
2026-04-18 06:00:00+00:00,0.2578999996185303,0.25859999656677246,0.2572999894618988,0.25769999623298645,0
2026-04-18 07:00:00+00:00,0.25760000944137573,0.2590000033378601,0.2574999928474426,0.25870001316070557,0
2026-04-18 08:00:00+00:00,0.2587999999523163,0.2587999999523163,0.2540000081062317,0.2558000087738037,0
2026-04-18 09:00:00+00:00,0.2554999887943268,0.2556000053882599,0.25369998812675476,0.25450000166893005,0
2026-04-18 10:00:00+00:00,0.25429999828338623,0.25429999828338623,0.25200000405311584,0.2526000142097473,0
2026-04-18 11:00:00+00:00,0.25270000100135803,0.25270000100135803,0.24959999322891235,0.25119999051094055,4227200
2026-04-18 12:00:00+00:00,0.25110000371932983,0.25200000405311584,0.25049999356269836,0.251800000667572,0
2026-04-18 13:00:00+00:00,0.2515999972820282,0.25189998745918274,0.24979999661445618,0.25130000710487366,0
2026-04-18 14:00:00+00:00,0.25130000710487366,0.25200000405311584,0.25049999356269836,0.2517000138759613,0
2026-04-18 15:00:00+00:00,0.2515999972820282,0.25220000743865967,0.2506999969482422,0.25110000371932983,0
2026-04-18 16:00:00+00:00,0.2508000135421753,0.25110000371932983,0.24899999797344208,0.24940000474452972,0
2026-04-18 17:00:00+00:00,0.24950000643730164,0.2498999983072281,0.24770000576972961,0.24969999492168427,0
2026-04-18 18:00:00+00:00,0.24969999492168427,0.2498999983072281,0.2475000023841858,0.24789999425411224,0
2026-04-18 19:00:00+00:00,0.24789999425411224,0.249099999666214,0.24789999425411224,0.24899999797344208,0
2026-04-18 20:00:00+00:00,0.24879999458789825,0.24940000474452972,0.24809999763965607,0.2492000013589859,0
2026-04-18 21:00:00+00:00,0.249099999666214,0.25040000677108765,0.249099999666214,0.2502000033855438,0
2026-04-18 22:00:00+00:00,0.2500999867916107,0.2502000033855438,0.24899999797344208,0.25,0
2026-04-18 23:00:00+00:00,0.25,0.25099998712539673,0.249099999666214,0.249099999666214,0
2026-04-19 00:00:00+00:00,0.2492000013589859,0.24959999322891235,0.24809999763965607,0.249099999666214,0
2026-04-19 01:00:00+00:00,0.2493000030517578,0.2498999983072281,0.24809999763965607,0.2485000044107437,0
2026-04-19 02:00:00+00:00,0.2484000027179718,0.24899999797344208,0.24709999561309814,0.24799999594688416,966272
2026-04-19 03:00:00+00:00,0.24809999763965607,0.249099999666214,0.24709999561309814,0.24819999933242798,0
2026-04-19 04:00:00+00:00,0.24819999933242798,0.24899999797344208,0.24639999866485596,0.24789999425411224,1670496
2026-04-19 05:00:00+00:00,0.24789999425411224,0.249099999666214,0.24729999899864197,0.24740000069141388,0
2026-04-19 06:00:00+00:00,0.24729999899864197,0.24799999594688416,0.24619999527931213,0.24729999899864197,6208736
2026-04-19 07:00:00+00:00,0.24729999899864197,0.24729999899864197,0.24469999969005585,0.24619999527931213,20653088
2026-04-19 08:00:00+00:00,0.24580000340938568,0.24619999527931213,0.2451999932527542,0.24549999833106995,0
2026-04-19 09:00:00+00:00,0.24560000002384186,0.24619999527931213,0.24480000138282776,0.24529999494552612,0
2026-04-19 10:00:00+00:00,0.24500000476837158,0.24629999697208405,0.24469999969005585,0.2460000067949295,0
2026-04-19 11:00:00+00:00,0.24580000340938568,0.2484000027179718,0.24570000171661377,0.2475000023841858,0
2026-04-19 12:00:00+00:00,0.2475000023841858,0.24899999797344208,0.24729999899864197,0.24809999763965607,0
2026-04-19 13:00:00+00:00,0.24809999763965607,0.25099998712539673,0.24809999763965607,0.2493000030517578,15448896
2026-04-19 14:00:00+00:00,0.24940000474452972,0.25110000371932983,0.24809999763965607,0.24959999322891235,16202912
2026-04-19 15:00:00+00:00,0.24950000643730164,0.24950000643730164,0.24650000035762787,0.24889999628067017,17480512
2026-04-19 16:00:00+00:00,0.24899999797344208,0.24959999322891235,0.24650000035762787,0.24699999392032623,0
2026-04-19 17:00:00+00:00,0.2467000037431717,0.24709999561309814,0.24490000307559967,0.2451999932527542,6617344
2026-04-19 18:00:00+00:00,0.2451999932527542,0.2459000051021576,0.24459999799728394,0.24580000340938568,8603072
2026-04-19 19:00:00+00:00,0.2459000051021576,0.24740000069141388,0.2459000051021576,0.2468000054359436,6875232
2026-04-19 20:00:00+00:00,0.24660000205039978,0.24660000205039978,0.24449999630451202,0.24500000476837158,17384576
2026-04-19 21:00:00+00:00,0.24490000307559967,0.24609999358654022,0.24390000104904175,0.24420000612735748,11765088
2026-04-19 22:00:00+00:00,0.24410000443458557,0.24420000612735748,0.2410999983549118,0.24250000715255737,49782336
2026-04-19 23:00:00+00:00,0.24240000545978546,0.24279999732971191,0.24120000004768372,0.24250000715255737,16782464
2026-04-20 00:00:00+00:00,0.2425999939441681,0.24469999969005585,0.24210000038146973,0.2442999929189682,15716032
2026-04-20 01:00:00+00:00,0.24449999630451202,0.24549999833106995,0.243599995970726,0.24490000307559967,12937344
2026-04-20 02:00:00+00:00,0.24490000307559967,0.2459000051021576,0.2442999929189682,0.24549999833106995,690624
2026-04-20 03:00:00+00:00,0.24560000002384186,0.24639999866485596,0.24469999969005585,0.24609999358654022,3100672
2026-04-20 04:00:00+00:00,0.2460000067949295,0.24650000035762787,0.24469999969005585,0.2459000051021576,0
2026-04-20 05:00:00+00:00,0.24580000340938568,0.2459000051021576,0.24369999766349792,0.24420000612735748,3120896
2026-04-20 06:00:00+00:00,0.24410000443458557,0.24709999561309814,0.24390000104904175,0.24580000340938568,0
2026-04-20 07:00:00+00:00,0.2459000051021576,0.2493000030517578,0.24549999833106995,0.2468000054359436,0
2026-04-20 08:00:00+00:00,0.2468000054359436,0.24699999392032623,0.24539999663829803,0.24570000171661377,301120
2026-04-20 09:00:00+00:00,0.24549999833106995,0.24779999256134033,0.24490000307559967,0.24699999392032623,10226304
2026-04-20 10:00:00+00:00,0.24699999392032623,0.24869999289512634,0.24660000205039978,0.2467000037431717,4187136
2026-04-20 11:00:00+00:00,0.2467000037431717,0.24719999730587006,0.24619999527931213,0.2467000037431717,0
2026-04-20 12:00:00+00:00,0.24650000035762787,0.2476000040769577,0.24580000340938568,0.24740000069141388,3639680
2026-04-20 13:00:00+00:00,0.24740000069141388,0.2484000027179718,0.24639999866485596,0.24789999425411224,0
2026-04-20 14:00:00+00:00,0.24799999594688416,0.2493000030517578,0.24539999663829803,0.24609999358654022,0
2026-04-20 15:00:00+00:00,0.24619999527931213,0.2492000013589859,0.24480000138282776,0.24789999425411224,0
2026-04-20 16:00:00+00:00,0.24779999256134033,0.24779999256134033,0.24570000171661377,0.2459000051021576,0
2026-04-20 17:00:00+00:00,0.2459000051021576,0.2484000027179718,0.24580000340938568,0.2483000010251999,0
2026-04-20 18:00:00+00:00,0.2484000027179718,0.25029999017715454,0.2484000027179718,0.24979999661445618,3630400
2026-04-20 19:00:00+00:00,0.24979999661445618,0.2498999983072281,0.2485000044107437,0.24899999797344208,0
2026-04-20 20:00:00+00:00,0.24879999458789825,0.25060001015663147,0.24799999594688416,0.2502000033855438,0
2026-04-20 21:00:00+00:00,0.2502000033855438,0.2515999972820282,0.249099999666214,0.24969999492168427,9850688
2026-04-20 22:00:00+00:00,0.24979999661445618,0.25029999017715454,0.24869999289512634,0.24889999628067017,0
2026-04-20 23:00:00+00:00,0.24869999289512634,0.24869999289512634,0.24770000576972961,0.24799999594688416,571712
2026-04-21 00:00:00+00:00,0.24799999594688416,0.2492000013589859,0.24799999594688416,0.2492000013589859,0
2026-04-21 01:00:00+00:00,0.24889999628067017,0.24979999661445618,0.24819999933242798,0.2484000027179718,0
2026-04-21 02:00:00+00:00,0.2484000027179718,0.2484000027179718,0.24709999561309814,0.2475000023841858,0
2026-04-21 03:00:00+00:00,0.2475000023841858,0.24789999425411224,0.24660000205039978,0.24709999561309814,0
2026-04-21 04:00:00+00:00,0.24709999561309814,0.24860000610351562,0.24699999392032623,0.24860000610351562,0
2026-04-21 05:00:00+00:00,0.24860000610351562,0.2500999867916107,0.24860000610351562,0.2492000013589859,0
2026-04-21 06:00:00+00:00,0.2492000013589859,0.25040000677108765,0.24819999933242798,0.24899999797344208,0
2026-04-21 07:00:00+00:00,0.24899999797344208,0.25,0.24809999763965607,0.24959999322891235,26477416320
2026-04-21 08:00:00+00:00,0.24950000643730164,0.25220000743865967,0.24950000643730164,0.25029999017715454,63021056
2026-04-21 09:00:00+00:00,0.2502000033855438,0.25099998712539673,0.24950000643730164,0.25060001015663147,0
2026-04-21 10:00:00+00:00,0.2508000135421753,0.251800000667572,0.25029999017715454,0.25130000710487366,0
2026-04-21 11:00:00+00:00,0.2513999938964844,0.2515000104904175,0.2498999983072281,0.25,0
2026-04-21 12:00:00+00:00,0.2502000033855438,0.2508000135421753,0.24799999594688416,0.24889999628067017,5070432
2026-04-21 13:00:00+00:00,0.24889999628067017,0.2493000030517578,0.24770000576972961,0.24889999628067017,7873970272
2026-04-21 14:00:00+00:00,0.24889999628067017,0.25049999356269836,0.24799999594688416,0.2484000027179718,0
2026-04-21 15:00:00+00:00,0.2483000010251999,0.24950000643730164,0.24779999256134033,0.24879999458789825,0
2026-04-21 16:00:00+00:00,0.249099999666214,0.24940000474452972,0.2468000054359436,0.24699999392032623,311968
2026-04-21 17:00:00+00:00,0.24699999392032623,0.24740000069141388,0.24449999630451202,0.24650000035762787,18689376
2026-04-21 18:00:00+00:00,0.24650000035762787,0.24690000712871552,0.24570000171661377,0.24690000712871552,0
2026-04-21 19:00:00+00:00,0.24699999392032623,0.24799999594688416,0.24420000612735748,0.24480000138282776,2559296
2026-04-21 20:00:00+00:00,0.24480000138282776,0.2484000027179718,0.24469999969005585,0.24799999594688416,6358720
2026-04-21 21:00:00+00:00,0.24779999256134033,0.24819999933242798,0.24690000712871552,0.24779999256134033,0
2026-04-21 22:00:00+00:00,0.24740000069141388,0.249099999666214,0.24709999561309814,0.249099999666214,0
2026-04-21 23:00:00+00:00,0.2492000013589859,0.2502000033855438,0.24789999425411224,0.2498999983072281,4182624
2026-04-22 00:00:00+00:00,0.2500999867916107,0.2508000135421753,0.24959999322891235,0.24979999661445618,4805184
2026-04-22 01:00:00+00:00,0.25,0.2500999867916107,0.24889999628067017,0.2493000030517578,0
2026-04-22 02:00:00+00:00,0.2493000030517578,0.2547000050544739,0.249099999666214,0.25440001487731934,29453824
2026-04-22 03:00:00+00:00,0.25440001487731934,0.2554999887943268,0.2535000145435333,0.2542000114917755,17861728
2026-04-22 04:00:00+00:00,0.25440001487731934,0.25519999861717224,0.2533000111579895,0.2542000114917755,9450784
2026-04-22 05:00:00+00:00,0.25429999828338623,0.2574999928474426,0.2538999915122986,0.2558000087738037,29822976
2026-04-22 06:00:00+00:00,0.2556000053882599,0.25600001215934753,0.2551000118255615,0.2558000087738037,5817152
2026-04-22 07:00:00+00:00,0.2558000087738037,0.2558000087738037,0.2542000114917755,0.2549000084400177,3477888
2026-04-22 08:00:00+00:00,0.2549000084400177,0.25540000200271606,0.25429999828338623,0.2547999918460846,0
2026-04-22 09:00:00+00:00,0.2547000050544739,0.2556999921798706,0.25459998846054077,0.2551000118255615,0
2026-04-22 10:00:00+00:00,0.2549999952316284,0.25619998574256897,0.2547000050544739,0.2556000053882599,918496
2026-04-22 11:00:00+00:00,0.2554999887943268,0.2563999891281128,0.2551000118255615,0.2558000087738037,465536
2026-04-22 12:00:00+00:00,0.2558000087738037,0.25600001215934753,0.25450000166893005,0.2547999918460846,0
2026-04-22 13:00:00+00:00,0.2547999918460846,0.25619998574256897,0.2540999948978424,0.2551000118255615,8515776
2026-04-22 14:00:00+00:00,0.2551000118255615,0.2563000023365021,0.25440001487731934,0.2556000053882599,7869984
2026-04-22 15:00:00+00:00,0.2556999921798706,0.25600001215934753,0.25459998846054077,0.2551000118255615,6396992
2026-04-22 16:00:00+00:00,0.25519999861717224,0.2556999921798706,0.25270000100135803,0.25270000100135803,1085728
2026-04-22 17:00:00+00:00,0.25279998779296875,0.2538999915122986,0.2524000108242035,0.2533000111579895,0
2026-04-22 18:00:00+00:00,0.2533999979496002,0.25429999828338623,0.2533000111579895,0.2535000145435333,0
2026-04-22 19:00:00+00:00,0.2535000145435333,0.2535000145435333,0.2513999938964844,0.2526000142097473,0
2026-04-22 20:00:00+00:00,0.2524000108242035,0.25270000100135803,0.25110000371932983,0.25119999051094055,0
2026-04-22 21:00:00+00:00,0.25119999051094055,0.2524999976158142,0.25119999051094055,0.25209999084472656,3004288
2026-04-22 22:00:00+00:00,0.25209999084472656,0.2522999942302704,0.2502000033855438,0.25049999356269836,1564832
2026-04-22 23:00:00+00:00,0.25040000677108765,0.2508000135421753,0.2483000010251999,0.2485000044107437,35264
2026-04-23 00:00:00+00:00,0.2485000044107437,0.24959999322891235,0.24619999527931213,0.24879999458789825,17743968
2026-04-23 01:00:00+00:00,0.24869999289512634,0.24879999458789825,0.24719999730587006,0.2483000010251999,1732928
2026-04-23 02:00:00+00:00,0.2483000010251999,0.2483000010251999,0.2459000051021576,0.2467000037431717,0
2026-04-23 03:00:00+00:00,0.24660000205039978,0.24699999392032623,0.24549999833106995,0.24639999866485596,0
2026-04-23 04:00:00+00:00,0.24629999697208405,0.24740000069141388,0.24619999527931213,0.24699999392032623,0
2026-04-23 05:00:00+00:00,0.24699999392032623,0.24770000576972961,0.24650000035762787,0.24740000069141388,0
2026-04-23 06:00:00+00:00,0.24740000069141388,0.2485000044107437,0.24729999899864197,0.24789999425411224,0
2026-04-23 07:00:00+00:00,0.24799999594688416,0.24799999594688416,0.2468000054359436,0.24699999392032623,0
2026-04-23 08:00:00+00:00,0.24699999392032623,0.24740000069141388,0.24639999866485596,0.24709999561309814,0
2026-04-23 09:00:00+00:00,0.24699999392032623,0.24699999392032623,0.24549999833106995,0.24619999527931213,8963616
2026-04-23 10:00:00+00:00,0.24609999358654022,0.24639999866485596,0.24500000476837158,0.2459000051021576,6147712
2026-04-23 11:00:00+00:00,0.24609999358654022,0.24809999763965607,0.24580000340938568,0.24770000576972961,4391008
2026-04-23 12:00:00+00:00,0.2476000040769577,0.2484000027179718,0.24719999730587006,0.24789999425411224,4085920
2026-04-23 13:00:00+00:00,0.24789999425411224,0.24809999763965607,0.24709999561309814,0.24740000069141388,0
2026-04-23 14:00:00+00:00,0.24740000069141388,0.24950000643730164,0.24709999561309814,0.2493000030517578,0
2026-04-23 15:00:00+00:00,0.2492000013589859,0.250900000333786,0.2485000044107437,0.25040000677108765,5237216
2026-04-23 16:00:00+00:00,0.25060001015663147,0.250900000333786,0.24899999797344208,0.249099999666214,0
2026-04-23 17:00:00+00:00,0.2492000013589859,0.24940000474452972,0.24480000138282776,0.24690000712871552,26677952
2026-04-23 18:00:00+00:00,0.2468000054359436,0.2476000040769577,0.24609999358654022,0.24629999697208405,10899232
2026-04-23 19:00:00+00:00,0.24619999527931213,0.24719999730587006,0.24570000171661377,0.2468000054359436,3590464
2026-04-23 20:00:00+00:00,0.2468000054359436,0.2492000013589859,0.2467000037431717,0.2484000027179718,5314144
2026-04-23 21:00:00+00:00,0.2484000027179718,0.24959999322891235,0.24809999763965607,0.24889999628067017,1369216
2026-04-23 22:00:00+00:00,0.24869999289512634,0.25029999017715454,0.24869999289512634,0.2493000030517578,179168
2026-04-23 23:00:00+00:00,0.2492000013589859,0.25049999356269836,0.24869999289512634,0.2498999983072281,0
2026-04-24 00:00:00+00:00,0.25,0.25189998745918274,0.25,0.251800000667572,0
2026-04-24 01:00:00+00:00,0.2515999972820282,0.25189998745918274,0.2500999867916107,0.2517000138759613,0
2026-04-24 02:00:00+00:00,0.2515999972820282,0.2517000138759613,0.24979999661445618,0.2502000033855438,0
2026-04-24 03:00:00+00:00,0.2502000033855438,0.2502000033855438,0.2483000010251999,0.24860000610351562,613216
2026-04-24 04:00:00+00:00,0.24860000610351562,0.24869999289512634,0.24770000576972961,0.2483000010251999,3076896
2026-04-24 05:00:00+00:00,0.24799999594688416,0.249099999666214,0.24729999899864197,0.24860000610351562,0
2026-04-24 06:00:00+00:00,0.24860000610351562,0.24969999492168427,0.2484000027179718,0.24879999458789825,0
2026-04-24 07:00:00+00:00,0.24889999628067017,0.24950000643730164,0.2485000044107437,0.24899999797344208,0
2026-04-24 08:00:00+00:00,0.249099999666214,0.2500999867916107,0.2485000044107437,0.24950000643730164,2098208
2026-04-24 09:00:00+00:00,0.24950000643730164,0.24979999661445618,0.24819999933242798,0.24879999458789825,0
2026-04-24 10:00:00+00:00,0.24860000610351562,0.2506999969482422,0.2483000010251999,0.25029999017715454,0
2026-04-24 11:00:00+00:00,0.25029999017715454,0.25200000405311584,0.25029999017715454,0.25119999051094055,3665056
2026-04-24 12:00:00+00:00,0.25119999051094055,0.2517000138759613,0.2500999867916107,0.2506999969482422,0
2026-04-24 13:00:00+00:00,0.25060001015663147,0.251800000667572,0.2498999983072281,0.25049999356269836,0
2026-04-24 14:00:00+00:00,0.25029999017715454,0.25130000710487366,0.24959999322891235,0.25049999356269836,0
2026-04-24 15:00:00+00:00,0.25060001015663147,0.2522999942302704,0.24899999797344208,0.2522999942302704,0
2026-04-24 16:00:00+00:00,0.2524999976158142,0.2524999976158142,0.25119999051094055,0.251800000667572,0
2026-04-24 17:00:00+00:00,0.251800000667572,0.2522999942302704,0.25110000371932983,0.25200000405311584,0
2026-04-24 18:00:00+00:00,0.25200000405311584,0.25200000405311584,0.2506999969482422,0.251800000667572,0
2026-04-24 19:00:00+00:00,0.25200000405311584,0.2524000108242035,0.25110000371932983,0.251800000667572,0
2026-04-24 20:00:00+00:00,0.251800000667572,0.25270000100135803,0.2506999969482422,0.2524000108242035,0
2026-04-24 21:00:00+00:00,0.2524000108242035,0.2529999911785126,0.2513999938964844,0.251800000667572,218720
2026-04-24 22:00:00+00:00,0.2515000104904175,0.2517000138759613,0.2502000033855438,0.25029999017715454,0
2026-04-24 23:00:00+00:00,0.25040000677108765,0.2506999969482422,0.25,0.25029999017715454,0
2026-04-25 00:00:00+00:00,0.25029999017715454,0.25040000677108765,0.24959999322891235,0.2502000033855438,0
2026-04-25 01:00:00+00:00,0.2500999867916107,0.25189998745918274,0.2498999983072281,0.2515999972820282,27264
2026-04-25 02:00:00+00:00,0.2515000104904175,0.25209999084472656,0.2506999969482422,0.25119999051094055,5183840
2026-04-25 03:00:00+00:00,0.25119999051094055,0.25200000405311584,0.2508000135421753,0.2517000138759613,0
2026-04-25 04:00:00+00:00,0.251800000667572,0.25220000743865967,0.25119999051094055,0.25130000710487366,0
2026-04-25 05:00:00+00:00,0.25110000371932983,0.25209999084472656,0.25040000677108765,0.25189998745918274,9606272
2026-04-25 06:00:00+00:00,0.25200000405311584,0.25290000438690186,0.2513999938964844,0.2513999938964844,11242016
2026-04-25 07:00:00+00:00,0.25130000710487366,0.25200000405311584,0.250900000333786,0.2515999972820282,1607872
2026-04-25 08:00:00+00:00,0.2515000104904175,0.2524000108242035,0.2513999938964844,0.25220000743865967,0
2026-04-25 09:00:00+00:00,0.2522999942302704,0.2538999915122986,0.25209999084472656,0.25360000133514404,2836736
2026-04-25 10:00:00+00:00,0.2535000145435333,0.2538999915122986,0.2529999911785126,0.25360000133514404,1613024
2026-04-25 11:00:00+00:00,0.25360000133514404,0.25360000133514404,0.25130000710487366,0.251800000667572,0
2026-04-25 12:00:00+00:00,0.251800000667572,0.2522999942302704,0.25119999051094055,0.251800000667572,0
2026-04-25 13:00:00+00:00,0.251800000667572,0.25380000472068787,0.251800000667572,0.25209999084472656,12336640
2026-04-25 14:00:00+00:00,0.25209999084472656,0.2522999942302704,0.250900000333786,0.25099998712539673,524224
2026-04-25 15:00:00+00:00,0.250900000333786,0.25110000371932983,0.25,0.25029999017715454,0
2026-04-25 16:00:00+00:00,0.2500999867916107,0.25060001015663147,0.24889999628067017,0.24950000643730164,0
2026-04-25 17:00:00+00:00,0.24940000474452972,0.24969999492168427,0.2484000027179718,0.24860000610351562,0
2026-04-25 18:00:00+00:00,0.2485000044107437,0.2493000030517578,0.24819999933242798,0.24889999628067017,0
2026-04-25 19:00:00+00:00,0.24889999628067017,0.2493000030517578,0.24860000610351562,0.2492000013589859,0
2026-04-25 20:00:00+00:00,0.249099999666214,0.25,0.24899999797344208,0.24979999661445618,0
2026-04-25 21:00:00+00:00,0.25,0.2502000033855438,0.249099999666214,0.24940000474452972,0
2026-04-25 22:00:00+00:00,0.24940000474452972,0.25060001015663147,0.24940000474452972,0.2498999983072281,0
2026-04-25 23:00:00+00:00,0.2498999983072281,0.25049999356269836,0.24969999492168427,0.25040000677108765,79680
2026-04-26 00:00:00+00:00,0.25029999017715454,0.25040000677108765,0.24889999628067017,0.24940000474452972,0
2026-04-26 01:00:00+00:00,0.2493000030517578,0.24940000474452972,0.24860000610351562,0.24879999458789825,0
2026-04-26 02:00:00+00:00,0.24889999628067017,0.2500999867916107,0.24889999628067017,0.24950000643730164,0
2026-04-26 03:00:00+00:00,0.24940000474452972,0.25029999017715454,0.24889999628067017,0.24950000643730164,0
2026-04-26 04:00:00+00:00,0.24950000643730164,0.250900000333786,0.24889999628067017,0.25029999017715454,0
2026-04-26 05:00:00+00:00,0.25029999017715454,0.2515999972820282,0.2498999983072281,0.2506999969482422,0
2026-04-26 06:00:00+00:00,0.2508000135421753,0.25209999084472656,0.2508000135421753,0.2515000104904175,0
2026-04-26 07:00:00+00:00,0.2515000104904175,0.25209999084472656,0.25119999051094055,0.2515999972820282,0
2026-04-26 08:00:00+00:00,0.2515999972820282,0.25200000405311584,0.2502000033855438,0.2515999972820282,9499840
2026-04-26 09:00:00+00:00,0.2515000104904175,0.2531999945640564,0.2513999938964844,0.2524000108242035,11708992
2026-04-26 10:00:00+00:00,0.2522999942302704,0.25290000438690186,0.25189998745918274,0.2524999976158142,0
2026-04-26 11:00:00+00:00,0.2524999976158142,0.25429999828338623,0.2524999976158142,0.25360000133514404,0
2026-04-26 12:00:00+00:00,0.2535000145435333,0.25380000472068787,0.25200000405311584,0.25270000100135803,0
2026-04-26 13:00:00+00:00,0.25270000100135803,0.2529999911785126,0.251800000667572,0.25200000405311584,0
2026-04-26 14:00:00+00:00,0.25209999084472656,0.2531999945640564,0.2515000104904175,0.2524999976158142,0
2026-04-26 15:00:00+00:00,0.2524999976158142,0.2529999911785126,0.25200000405311584,0.25290000438690186,0
2026-04-26 16:00:00+00:00,0.2531000077724457,0.2531000077724457,0.2515999972820282,0.2517000138759613,0
2026-04-26 17:00:00+00:00,0.2517000138759613,0.2522999942302704,0.25099998712539673,0.25200000405311584,0
2026-04-26 18:00:00+00:00,0.25200000405311584,0.2531000077724457,0.2515000104904175,0.25270000100135803,962896
2026-04-26 19:00:00+00:00,0.2526000142097473,0.25360000133514404,0.2522999942302704,0.2524999976158142,1938848
2026-04-26 20:00:00+00:00,0.2526000142097473,0.2529999911785126,0.25209999084472656,0.25209999084472656,2030080
2026-04-26 21:00:00+00:00,0.25209999084472656,0.2529999911785126,0.2508000135421753,0.25279998779296875,8384192
2026-04-26 22:00:00+00:00,0.2526000142097473,0.2533999979496002,0.25119999051094055,0.25189998745918274,7679904
2026-04-26 23:00:00+00:00,0.2517000138759613,0.2531000077724457,0.25119999051094055,0.25220000743865967,3282752
2026-04-27 00:00:00+00:00,0.25209999084472656,0.2549000084400177,0.2515999972820282,0.2547000050544739,4335488
2026-04-27 01:00:00+00:00,0.2547999918460846,0.25600001215934753,0.25360000133514404,0.25600001215934753,14944416
2026-04-27 02:00:00+00:00,0.25609999895095825,0.25609999895095825,0.25450000166893005,0.25529998540878296,6848512
2026-04-27 03:00:00+00:00,0.25519999861717224,0.2558000087738037,0.2540999948978424,0.2540999948978424,6209760
2026-04-27 04:00:00+00:00,0.2540000081062317,0.25450000166893005,0.25279998779296875,0.2531000077724457,13258080
2026-04-27 05:00:00+00:00,0.2531000077724457,0.2531999945640564,0.24799999594688416,0.24860000610351562,28441632
2026-04-27 06:00:00+00:00,0.2485000044107437,0.249099999666214,0.24650000035762787,0.24799999594688416,12587584
2026-04-27 07:00:00+00:00,0.24779999256134033,0.24799999594688416,0.24709999561309814,0.24709999561309814,5005408
2026-04-27 08:00:00+00:00,0.24699999392032623,0.24779999256134033,0.2468000054359436,0.24779999256134033,2493344
2026-04-27 09:00:00+00:00,0.24779999256134033,0.24819999933242798,0.2475000023841858,0.2476000040769577,0
2026-04-27 10:00:00+00:00,0.2475000023841858,0.24819999933242798,0.2475000023841858,0.24779999256134033,0
2026-04-27 11:00:00+00:00,0.24779999256134033,0.24799999594688416,0.24699999392032623,0.24789999425411224,0
2026-04-27 12:00:00+00:00,0.24779999256134033,0.24819999933242798,0.24699999392032623,0.24779999256134033,3906272
2026-04-27 13:00:00+00:00,0.24779999256134033,0.2483000010251999,0.24609999358654022,0.24699999392032623,8113760
2026-04-27 14:00:00+00:00,0.24699999392032623,0.24869999289512634,0.24660000205039978,0.24770000576972961,8584544
2026-04-27 15:00:00+00:00,0.24779999256134033,0.24779999256134033,0.2433999925851822,0.24459999799728394,36792800
2026-04-27 16:00:00+00:00,0.24449999630451202,0.24539999663829803,0.24410000443458557,0.24490000307559967,9738048
2026-04-27 17:00:00+00:00,0.2451000064611435,0.24609999358654022,0.24500000476837158,0.24500000476837158,4161536
2026-04-27 18:00:00+00:00,0.24490000307559967,0.24609999358654022,0.24480000138282776,0.24570000171661377,0
2026-04-27 19:00:00+00:00,0.24560000002384186,0.2460000067949295,0.2443999946117401,0.24529999494552612,0
2026-04-27 20:00:00+00:00,0.24539999663829803,0.24629999697208405,0.24539999663829803,0.24570000171661377,1281792
2026-04-27 21:00:00+00:00,0.24570000171661377,0.24619999527931213,0.2451000064611435,0.24529999494552612,0
2026-04-27 22:00:00+00:00,0.2451999932527542,0.24699999392032623,0.24500000476837158,0.24690000712871552,0
2026-04-27 23:00:00+00:00,0.24709999561309814,0.2485000044107437,0.24690000712871552,0.24809999763965607,685952
2026-04-28 00:00:00+00:00,0.24819999933242798,0.2484000027179718,0.24740000069141388,0.24770000576972961,0
2026-04-28 01:00:00+00:00,0.24770000576972961,0.24819999933242798,0.2475000023841858,0.24770000576972961,0
2026-04-28 02:00:00+00:00,0.24770000576972961,0.24860000610351562,0.24660000205039978,0.2475000023841858,0
2026-04-28 03:00:00+00:00,0.24740000069141388,0.2476000040769577,0.2468000054359436,0.24740000069141388,0
2026-04-28 04:00:00+00:00,0.24729999899864197,0.2483000010251999,0.24699999392032623,0.24740000069141388,0
2026-04-28 05:00:00+00:00,0.24740000069141388,0.24879999458789825,0.24740000069141388,0.24779999256134033,0
2026-04-28 06:00:00+00:00,0.24770000576972961,0.2483000010251999,0.24580000340938568,0.24639999866485596,0
2026-04-28 07:00:00+00:00,0.24639999866485596,0.24779999256134033,0.2451999932527542,0.24699999392032623,5457344
2026-04-28 08:00:00+00:00,0.24709999561309814,0.24719999730587006,0.2460000067949295,0.2467000037431717,863328
2026-04-28 09:00:00+00:00,0.2467000037431717,0.24699999392032623,0.24549999833106995,0.2460000067949295,0
2026-04-28 10:00:00+00:00,0.2460000067949295,0.24660000205039978,0.2460000067949295,0.24650000035762787,0
2026-04-28 11:00:00+00:00,0.24660000205039978,0.24660000205039978,0.2451000064611435,0.24560000002384186,819424
2026-04-28 12:00:00+00:00,0.24570000171661377,0.24650000035762787,0.24469999969005585,0.24629999697208405,1333568
2026-04-28 13:00:00+00:00,0.24629999697208405,0.24729999899864197,0.24500000476837158,0.24629999697208405,0
2026-04-28 14:00:00+00:00,0.2460000067949295,0.24609999358654022,0.2442999929189682,0.24609999358654022,0
2026-04-28 15:00:00+00:00,0.24619999527931213,0.2467000037431717,0.2451000064611435,0.24650000035762787,0
2026-04-28 16:00:00+00:00,0.24629999697208405,0.24690000712871552,0.24570000171661377,0.2460000067949295,0
2026-04-28 17:00:00+00:00,0.2460000067949295,0.2467000037431717,0.2451999932527542,0.2460000067949295,0
2026-04-28 18:00:00+00:00,0.2460000067949295,0.24709999561309814,0.2459000051021576,0.24709999561309814,0
2026-04-28 19:00:00+00:00,0.24719999730587006,0.2476000040769577,0.24639999866485596,0.24729999899864197,0
2026-04-28 20:00:00+00:00,0.24740000069141388,0.24779999256134033,0.24709999561309814,0.24770000576972961,0
2026-04-28 21:00:00+00:00,0.2476000040769577,0.24809999763965607,0.24729999899864197,0.2475000023841858,0
2026-04-28 22:00:00+00:00,0.2476000040769577,0.24789999425411224,0.24660000205039978,0.2467000037431717,0
2026-04-28 23:00:00+00:00,0.2467000037431717,0.24699999392032623,0.24629999697208405,0.24690000712871552,0
2026-04-29 00:00:00+00:00,0.2468000054359436,0.24729999899864197,0.24650000035762787,0.24709999561309814,0
2026-04-29 01:00:00+00:00,0.24709999561309814,0.2476000040769577,0.24619999527931213,0.24729999899864197,1767264
2026-04-29 02:00:00+00:00,0.24740000069141388,0.24779999256134033,0.2468000054359436,0.24740000069141388,0
2026-04-29 03:00:00+00:00,0.24740000069141388,0.24940000474452972,0.24740000069141388,0.24899999797344208,11462848
2026-04-29 04:00:00+00:00,0.249099999666214,0.25040000677108765,0.24860000610351562,0.24940000474452972,13961696
2026-04-29 05:00:00+00:00,0.24940000474452972,0.24969999492168427,0.24869999289512634,0.24950000643730164,2101408
2026-04-29 06:00:00+00:00,0.24950000643730164,0.25,0.2484000027179718,0.24879999458789825,1682432
2026-04-29 07:00:00+00:00,0.24879999458789825,0.25040000677108765,0.24869999289512634,0.24950000643730164,21728
2026-04-29 08:00:00+00:00,0.24959999322891235,0.25,0.2492000013589859,0.24940000474452972,0
2026-04-29 09:00:00+00:00,0.2493000030517578,0.2531999945640564,0.2492000013589859,0.25270000100135803,17427808
2026-04-29 10:00:00+00:00,0.2531999945640564,0.2538999915122986,0.2515999972820282,0.2524999976158142,26207904
2026-04-29 11:00:00+00:00,0.2524000108242035,0.2526000142097473,0.25110000371932983,0.25130000710487366,6590432
2026-04-29 12:00:00+00:00,0.25130000710487366,0.25130000710487366,0.2483000010251999,0.2492000013589859,12152576
2026-04-29 13:00:00+00:00,0.249099999666214,0.2493000030517578,0.24639999866485596,0.24770000576972961,3333312
2026-04-29 14:00:00+00:00,0.24740000069141388,0.2476000040769577,0.2460000067949295,0.24619999527931213,3772288
2026-04-29 15:00:00+00:00,0.24619999527931213,0.24639999866485596,0.2433999925851822,0.24410000443458557,26462080
2026-04-29 16:00:00+00:00,0.24400000274181366,0.24480000138282776,0.2425999939441681,0.2433999925851822,23656576
2026-04-29 17:00:00+00:00,0.2434999942779541,0.24500000476837158,0.2433999925851822,0.24500000476837158,13707776
2026-04-29 18:00:00+00:00,0.2451000064611435,0.2451000064611435,0.2386000007390976,0.24169999361038208,59593472
2026-04-29 19:00:00+00:00,0.241799995303154,0.24210000038146973,0.2409999966621399,0.24150000512599945,22626752
2026-04-29 20:00:00+00:00,0.24169999361038208,0.24369999766349792,0.24150000512599945,0.24310000240802765,13945856
2026-04-29 21:00:00+00:00,0.24310000240802765,0.24490000307559967,0.24279999732971191,0.2442999929189682,8023168
2026-04-29 22:00:00+00:00,0.24420000612735748,0.24469999969005585,0.24390000104904175,0.2442999929189682,0
2026-04-29 23:00:00+00:00,0.2442999929189682,0.24469999969005585,0.2434999942779541,0.24449999630451202,7159680
2026-04-30 00:00:00+00:00,0.24459999799728394,0.2468000054359436,0.2443999946117401,0.24660000205039978,11901952
2026-04-30 01:00:00+00:00,0.24660000205039978,0.24770000576972961,0.2459000051021576,0.2468000054359436,2511040
2026-04-30 02:00:00+00:00,0.24690000712871552,0.2476000040769577,0.24480000138282776,0.24650000035762787,17007936
2026-04-30 03:00:00+00:00,0.24639999866485596,0.24729999899864197,0.2460000067949295,0.24660000205039978,0
2026-04-30 04:00:00+00:00,0.2467000037431717,0.2467000037431717,0.24469999969005585,0.24480000138282776,0
2026-04-30 05:00:00+00:00,0.24480000138282776,0.24609999358654022,0.24449999630451202,0.2451999932527542,0
2026-04-30 06:00:00+00:00,0.2451999932527542,0.24629999697208405,0.24490000307559967,0.24570000171661377,0
2026-04-30 07:00:00+00:00,0.24560000002384186,0.24690000712871552,0.24549999833106995,0.2467000037431717,0
2026-04-30 08:00:00+00:00,0.2467000037431717,0.24709999561309814,0.2459000051021576,0.24660000205039978,0
2026-04-30 09:00:00+00:00,0.24660000205039978,0.2483000010251999,0.24639999866485596,0.24699999392032623,0
2026-04-30 10:00:00+00:00,0.24699999392032623,0.24719999730587006,0.24549999833106995,0.24580000340938568,0
2026-04-30 11:00:00+00:00,0.2459000051021576,0.24709999561309814,0.24539999663829803,0.24609999358654022,0
2026-04-30 12:00:00+00:00,0.24609999358654022,0.24699999392032623,0.24570000171661377,0.24570000171661377,0
2026-04-30 13:00:00+00:00,0.24580000340938568,0.24639999866485596,0.24490000307559967,0.2460000067949295,0
2026-04-30 14:00:00+00:00,0.2460000067949295,0.2467000037431717,0.24490000307559967,0.2460000067949295,0
2026-04-30 15:00:00+00:00,0.24609999358654022,0.24809999763965607,0.24549999833106995,0.24740000069141388,0
2026-04-30 16:00:00+00:00,0.24740000069141388,0.24740000069141388,0.2460000067949295,0.24609999358654022,0
2026-04-30 17:00:00+00:00,0.24609999358654022,0.24629999697208405,0.2451999932527542,0.24609999358654022,0
2026-04-30 18:00:00+00:00,0.24609999358654022,0.24660000205039978,0.24549999833106995,0.2460000067949295,0
2026-04-30 19:00:00+00:00,0.24580000340938568,0.24650000035762787,0.24570000171661377,0.24629999697208405,0
2026-04-30 20:00:00+00:00,0.24619999527931213,0.24699999392032623,0.2459000051021576,0.24650000035762787,0
2026-04-30 21:00:00+00:00,0.24650000035762787,0.24729999899864197,0.24629999697208405,0.24629999697208405,0
2026-04-30 22:00:00+00:00,0.24639999866485596,0.24690000712871552,0.24560000002384186,0.24580000340938568,0
2026-04-30 23:00:00+00:00,0.2459000051021576,0.24639999866485596,0.24539999663829803,0.2460000067949295,0
2026-05-01 00:00:00+00:00,0.24609999358654022,0.24719999730587006,0.24580000340938568,0.24629999697208405,0
2026-05-01 01:00:00+00:00,0.24629999697208405,0.2476000040769577,0.24629999697208405,0.24719999730587006,0
2026-05-01 02:00:00+00:00,0.24740000069141388,0.2476000040769577,0.24639999866485596,0.24719999730587006,0
2026-05-01 03:00:00+00:00,0.24719999730587006,0.2502000033855438,0.24660000205039978,0.24860000610351562,10779648
2026-05-01 04:00:00+00:00,0.24860000610351562,0.24969999492168427,0.24819999933242798,0.24869999289512634,2778944
2026-05-01 05:00:00+00:00,0.24869999289512634,0.24969999492168427,0.2484000027179718,0.24869999289512634,0
2026-05-01 06:00:00+00:00,0.24869999289512634,0.249099999666214,0.24789999425411224,0.2484000027179718,0
2026-05-01 07:00:00+00:00,0.2483000010251999,0.24889999628067017,0.24799999594688416,0.24860000610351562,1065888
2026-05-01 08:00:00+00:00,0.24860000610351562,0.24959999322891235,0.2483000010251999,0.2493000030517578,0
2026-05-01 09:00:00+00:00,0.2493000030517578,0.2493000030517578,0.24740000069141388,0.24799999594688416,0
2026-05-01 10:00:00+00:00,0.24799999594688416,0.24809999763965607,0.24690000712871552,0.24799999594688416,0
2026-05-01 11:00:00+00:00,0.24809999763965607,0.2485000044107437,0.24729999899864197,0.24779999256134033,0
2026-05-01 12:00:00+00:00,0.24789999425411224,0.2493000030517578,0.24770000576972961,0.24860000610351562,7528704
2026-05-01 13:00:00+00:00,0.24869999289512634,0.25099998712539673,0.24869999289512634,0.25049999356269836,13267424
2026-05-01 14:00:00+00:00,0.25049999356269836,0.2506999969482422,0.2492000013589859,0.2502000033855438,8782880
2026-05-01 15:00:00+00:00,0.2502000033855438,0.250900000333786,0.24899999797344208,0.25029999017715454,3550240
2026-05-01 16:00:00+00:00,0.2502000033855438,0.2508000135421753,0.24899999797344208,0.24940000474452972,4576992
2026-05-01 17:00:00+00:00,0.2493000030517578,0.2502000033855438,0.24889999628067017,0.25,2207648
2026-05-01 18:00:00+00:00,0.25,0.25029999017715454,0.24950000643730164,0.24979999661445618,2624832
2026-05-01 19:00:00+00:00,0.24979999661445618,0.25040000677108765,0.24950000643730164,0.24969999492168427,1026784
2026-05-01 20:00:00+00:00,0.24979999661445618,0.2500999867916107,0.24809999763965607,0.2484000027179718,0
2026-05-01 21:00:00+00:00,0.2483000010251999,0.2492000013589859,0.2483000010251999,0.24879999458789825,1089696
2026-05-01 22:00:00+00:00,0.24869999289512634,0.249099999666214,0.24770000576972961,0.24809999763965607,873760
2026-05-01 23:00:00+00:00,0.24799999594688416,0.2484000027179718,0.2475000023841858,0.2483000010251999,0
2026-05-02 00:00:00+00:00,0.24819999933242798,0.24860000610351562,0.2476000040769577,0.2483000010251999,0
2026-05-02 01:00:00+00:00,0.2483000010251999,0.24879999458789825,0.24799999594688416,0.24819999933242798,0
2026-05-02 02:00:00+00:00,0.24809999763965607,0.24860000610351562,0.24789999425411224,0.24819999933242798,1144000
2026-05-02 03:00:00+00:00,0.24809999763965607,0.2485000044107437,0.2476000040769577,0.24809999763965607,0
2026-05-02 04:00:00+00:00,0.24809999763965607,0.2484000027179718,0.2475000023841858,0.24789999425411224,0
2026-05-02 05:00:00+00:00,0.24789999425411224,0.24819999933242798,0.24699999392032623,0.24719999730587006,1580672
2026-05-02 06:00:00+00:00,0.24709999561309814,0.24789999425411224,0.24699999392032623,0.24789999425411224,207264
2026-05-02 07:00:00+00:00,0.24789999425411224,0.24789999425411224,0.2476000040769577,0.24770000576972961,0
2026-05-02 08:00:00+00:00,0.2475000023841858,0.24819999933242798,0.24740000069141388,0.24799999594688416,0
2026-05-02 09:00:00+00:00,0.24799999594688416,0.24889999628067017,0.24799999594688416,0.24879999458789825,0
2026-05-02 10:00:00+00:00,0.24879999458789825,0.249099999666214,0.24869999289512634,0.24889999628067017,0
2026-05-02 11:00:00+00:00,0.24860000610351562,0.24879999458789825,0.24819999933242798,0.2483000010251999,0
2026-05-02 12:00:00+00:00,0.2483000010251999,0.2485000044107437,0.2476000040769577,0.24779999256134033,0
2026-05-02 13:00:00+00:00,0.24779999256134033,0.249099999666214,0.24779999256134033,0.24889999628067017,0
2026-05-02 14:00:00+00:00,0.24889999628067017,0.25,0.24869999289512634,0.24979999661445618,0
2026-05-02 15:00:00+00:00,0.2498999983072281,0.2500999867916107,0.24940000474452972,0.2500999867916107,0
2026-05-02 16:00:00+00:00,0.25,0.2508000135421753,0.25,0.2506999969482422,0
2026-05-02 17:00:00+00:00,0.2506999969482422,0.2506999969482422,0.24959999322891235,0.24969999492168427,0
2026-05-02 18:00:00+00:00,0.24979999661445618,0.25049999356269836,0.2492000013589859,0.25029999017715454,0
2026-05-02 19:00:00+00:00,0.25029999017715454,0.25130000710487366,0.2502000033855438,0.25110000371932983,2882512
2026-05-02 20:00:00+00:00,0.25119999051094055,0.2515000104904175,0.2506999969482422,0.25110000371932983,0
2026-05-02 21:00:00+00:00,0.25119999051094055,0.2526000142097473,0.25060001015663147,0.25110000371932983,4721216
2026-05-02 22:00:00+00:00,0.25119999051094055,0.2515000104904175,0.25029999017715454,0.2508000135421753,3384448
2026-05-02 23:00:00+00:00,0.2508000135421753,0.2508000135421753,0.25,0.2500999867916107,3996496
2026-05-03 00:00:00+00:00,0.2500999867916107,0.25040000677108765,0.2493000030517578,0.24969999492168427,2456976
2026-05-03 01:00:00+00:00,0.24950000643730164,0.24950000643730164,0.24809999763965607,0.2483000010251999,2224480
2026-05-03 02:00:00+00:00,0.2483000010251999,0.24860000610351562,0.2475000023841858,0.24789999425411224,3860000
2026-05-03 03:00:00+00:00,0.24779999256134033,0.24819999933242798,0.24740000069141388,0.24809999763965607,3614240
2026-05-03 04:00:00+00:00,0.24809999763965607,0.24869999289512634,0.2475000023841858,0.2483000010251999,3204240
2026-05-03 05:00:00+00:00,0.2483000010251999,0.24869999289512634,0.24779999256134033,0.2484000027179718,0
2026-05-03 06:00:00+00:00,0.2483000010251999,0.24879999458789825,0.2475000023841858,0.2485000044107437,0
2026-05-03 07:00:00+00:00,0.2485000044107437,0.24950000643730164,0.2485000044107437,0.24879999458789825,3510656
2026-05-03 08:00:00+00:00,0.24869999289512634,0.2493000030517578,0.2484000027179718,0.2484000027179718,3149520
2026-05-03 09:00:00+00:00,0.2484000027179718,0.24950000643730164,0.24819999933242798,0.2493000030517578,1555984
2026-05-03 10:00:00+00:00,0.2493000030517578,0.24940000474452972,0.24860000610351562,0.24860000610351562,0
2026-05-03 11:00:00+00:00,0.2485000044107437,0.25040000677108765,0.24819999933242798,0.24959999322891235,4039728
2026-05-03 12:00:00+00:00,0.24969999492168427,0.2508000135421753,0.24969999492168427,0.2502000033855438,3918928
2026-05-03 13:00:00+00:00,0.2500999867916107,0.25029999017715454,0.24950000643730164,0.24979999661445618,3080352
2026-05-03 14:00:00+00:00,0.2498999983072281,0.25040000677108765,0.24950000643730164,0.2502000033855438,0
2026-05-03 15:00:00+00:00,0.2500999867916107,0.25110000371932983,0.2500999867916107,0.25060001015663147,2248416
2026-05-03 16:00:00+00:00,0.2506999969482422,0.25130000710487366,0.25040000677108765,0.25099998712539673,172048
2026-05-03 17:00:00+00:00,0.250900000333786,0.25130000710487366,0.25049999356269836,0.2506999969482422,0
2026-05-03 18:00:00+00:00,0.2508000135421753,0.25099998712539673,0.25040000677108765,0.25049999356269836,0
2026-05-03 19:00:00+00:00,0.25060001015663147,0.25119999051094055,0.25040000677108765,0.2508000135421753,0
2026-05-03 20:00:00+00:00,0.2508000135421753,0.2515999972820282,0.2500999867916107,0.2502000033855438,2362688
2026-05-03 21:00:00+00:00,0.25029999017715454,0.250900000333786,0.2484000027179718,0.2493000030517578,31312
2026-05-03 22:00:00+00:00,0.24950000643730164,0.251800000667572,0.24950000643730164,0.25110000371932983,7644224
2026-05-03 23:00:00+00:00,0.25110000371932983,0.2515000104904175,0.2492000013589859,0.24950000643730164,6946160
2026-05-04 00:00:00+00:00,0.24940000474452972,0.24959999322891235,0.2475000023841858,0.24889999628067017,10466272
2026-05-04 01:00:00+00:00,0.24899999797344208,0.2524999976158142,0.24770000576972961,0.251800000667572,12365088
2026-05-04 02:00:00+00:00,0.25220000743865967,0.2540999948978424,0.25189998745918274,0.2533999979496002,20821664
2026-05-04 03:00:00+00:00,0.2533000111579895,0.25429999828338623,0.25279998779296875,0.25360000133514404,11587360
2026-05-04 04:00:00+00:00,0.25369998812675476,0.2549000084400177,0.2531999945640564,0.2533000111579895,12764448
2026-05-04 05:00:00+00:00,0.2533000111579895,0.25360000133514404,0.2524000108242035,0.2529999911785126,9705472
2026-05-04 06:00:00+00:00,0.2529999911785126,0.2533000111579895,0.250900000333786,0.2529999911785126,13595360
2026-05-04 07:00:00+00:00,0.25290000438690186,0.2531999945640564,0.2515999972820282,0.251800000667572,1454016
2026-05-04 08:00:00+00:00,0.2515000104904175,0.25200000405311584,0.25110000371932983,0.2515999972820282,3583424
2026-05-04 09:00:00+00:00,0.2515999972820282,0.2533999979496002,0.25130000710487366,0.2529999911785126,3915872
2026-05-04 10:00:00+00:00,0.2529999911785126,0.2529999911785126,0.24699999392032623,0.2484000027179718,48776448
2026-05-04 11:00:00+00:00,0.2484000027179718,0.24879999458789825,0.24799999594688416,0.2485000044107437,11222080
2026-05-04 12:00:00+00:00,0.2484000027179718,0.24969999492168427,0.2483000010251999,0.24899999797344208,3423904
2026-05-04 13:00:00+00:00,0.24879999458789825,0.25060001015663147,0.2483000010251999,0.25,11208864
2026-05-04 14:00:00+00:00,0.2498999983072281,0.2533000111579895,0.24899999797344208,0.2524000108242035,20958208
2026-05-04 15:00:00+00:00,0.2522999942302704,0.25270000100135803,0.24940000474452972,0.25060001015663147,27489312
2026-05-04 16:00:00+00:00,0.2506999969482422,0.2515000104904175,0.24950000643730164,0.25049999356269836,11568320
2026-05-04 17:00:00+00:00,0.25049999356269836,0.25270000100135803,0.25040000677108765,0.25200000405311584,9421472
2026-05-04 18:00:00+00:00,0.25200000405311584,0.25270000100135803,0.25119999051094055,0.25200000405311584,7903552
2026-05-04 19:00:00+00:00,0.25209999084472656,0.25209999084472656,0.25049999356269836,0.250900000333786,4170144
2026-05-04 20:00:00+00:00,0.250900000333786,0.250900000333786,0.24940000474452972,0.24959999322891235,0
2026-05-04 21:00:00+00:00,0.24969999492168427,0.2515999972820282,0.24959999322891235,0.25099998712539673,0
2026-05-04 22:00:00+00:00,0.25099998712539673,0.2513999938964844,0.24979999661445618,0.2502000033855438,0
2026-05-04 23:00:00+00:00,0.2500999867916107,0.25049999356269836,0.24969999492168427,0.24979999661445618,0
2026-05-05 00:00:00+00:00,0.2498999983072281,0.2508000135421753,0.24969999492168427,0.25060001015663147,0
2026-05-05 01:00:00+00:00,0.25060001015663147,0.25119999051094055,0.2502000033855438,0.250900000333786,0
2026-05-05 02:00:00+00:00,0.25099998712539673,0.2522999942302704,0.2508000135421753,0.2517000138759613,0
2026-05-05 03:00:00+00:00,0.251800000667572,0.25290000438690186,0.25119999051094055,0.2526000142097473,0
2026-05-05 04:00:00+00:00,0.25270000100135803,0.2531000077724457,0.25200000405311584,0.25220000743865967,0
2026-05-05 05:00:00+00:00,0.25220000743865967,0.2533999979496002,0.25209999084472656,0.25290000438690186,0
2026-05-05 06:00:00+00:00,0.2529999911785126,0.2547999918460846,0.2524999976158142,0.2547000050544739,0
2026-05-05 07:00:00+00:00,0.25459998846054077,0.2581000030040741,0.25440001487731934,0.2567000091075897,41006656
2026-05-05 08:00:00+00:00,0.25679999589920044,0.257999986410141,0.2563999891281128,0.25679999589920044,14922528
2026-05-05 09:00:00+00:00,0.25679999589920044,0.2590999901294708,0.25679999589920044,0.2574000060558319,21514368
2026-05-05 10:00:00+00:00,0.2572999894618988,0.259799987077713,0.257099986076355,0.2590000033378601,0
2026-05-05 11:00:00+00:00,0.2590000033378601,0.2590000033378601,0.2574999928474426,0.25859999656677246,0
2026-05-05 12:00:00+00:00,0.25859999656677246,0.25920000672340393,0.2581000030040741,0.258899986743927,2520544
2026-05-05 13:00:00+00:00,0.2587999999523163,0.2596000134944916,0.25760000944137573,0.25859999656677246,4066816
2026-05-05 14:00:00+00:00,0.2583000063896179,0.2587999999523163,0.2556999921798706,0.25690001249313354,6648256
2026-05-05 15:00:00+00:00,0.25699999928474426,0.25780001282691956,0.2565000057220459,0.25679999589920044,0
2026-05-05 16:00:00+00:00,0.25690001249313354,0.2578999996185303,0.25609999895095825,0.2574999928474426,0
2026-05-05 17:00:00+00:00,0.2574999928474426,0.25870001316070557,0.25679999589920044,0.2581999897956848,0
2026-05-05 18:00:00+00:00,0.2581999897956848,0.2587999999523163,0.25769999623298645,0.2578999996185303,0
2026-05-05 19:00:00+00:00,0.2578999996185303,0.25859999656677246,0.25760000944137573,0.25859999656677246,0
2026-05-05 20:00:00+00:00,0.25859999656677246,0.2614000141620636,0.2583000063896179,0.2612000107765198,14772224
2026-05-05 21:00:00+00:00,0.2612000107765198,0.2644999921321869,0.26109999418258667,0.26409998536109924,41580320
2026-05-05 22:00:00+00:00,0.2644999921321869,0.26570001244544983,0.26170000433921814,0.26249998807907104,36030688
2026-05-05 23:00:00+00:00,0.2623000144958496,0.26330000162124634,0.2612000107765198,0.2619999945163727,13331904
2026-05-06 00:00:00+00:00,0.26190000772476196,0.2628999948501587,0.2599000036716461,0.260699987411499,13083328
2026-05-06 01:00:00+00:00,0.26080000400543213,0.26339998841285706,0.260699987411499,0.2630000114440918,5231872
2026-05-06 02:00:00+00:00,0.2630999982357025,0.2630999982357025,0.26100000739097595,0.26179999113082886,29504
2026-05-06 03:00:00+00:00,0.2619999945163727,0.26420000195503235,0.2615000009536743,0.2639000117778778,1699520
2026-05-06 04:00:00+00:00,0.2639000117778778,0.26440000534057617,0.2623000144958496,0.2624000012874603,8123264
2026-05-06 05:00:00+00:00,0.2624000012874603,0.26409998536109924,0.2619999945163727,0.2639999985694885,4587136
2026-05-06 06:00:00+00:00,0.2639999985694885,0.26440000534057617,0.2630000114440918,0.263700008392334,0
2026-05-06 07:00:00+00:00,0.263700008392334,0.26510000228881836,0.26339998841285706,0.2648000121116638,0
2026-05-06 08:00:00+00:00,0.2646999955177307,0.27219998836517334,0.2646999955177307,0.2718999981880188,41166976
2026-05-06 09:00:00+00:00,0.2718999981880188,0.2736999988555908,0.27000001072883606,0.27300000190734863,39597376
2026-05-06 10:00:00+00:00,0.27300000190734863,0.27320000529289246,0.2705000042915344,0.2709999978542328,2515648
2026-05-06 11:00:00+00:00,0.27079999446868896,0.271699994802475,0.2700999975204468,0.271699994802475,9468992
2026-05-06 12:00:00+00:00,0.2718000113964081,0.27230000495910645,0.27070000767707825,0.2718000113964081,11254848
2026-05-06 13:00:00+00:00,0.2718000113964081,0.2718000113964081,0.26409998536109924,0.2651999890804291,34640832
2026-05-06 14:00:00+00:00,0.26510000228881836,0.2669999897480011,0.2630000114440918,0.26579999923706055,5857536
2026-05-06 15:00:00+00:00,0.26570001244544983,0.2678999900817871,0.26570001244544983,0.26759999990463257,7847552
2026-05-06 16:00:00+00:00,0.26750001311302185,0.2680000066757202,0.2655999958515167,0.26669999957084656,0
2026-05-06 17:00:00+00:00,0.2667999863624573,0.2671999931335449,0.2653999924659729,0.2655999958515167,0
2026-05-06 18:00:00+00:00,0.26579999923706055,0.26660001277923584,0.26499998569488525,0.26600000262260437,4924032
2026-05-06 19:00:00+00:00,0.26589998602867126,0.26660001277923584,0.265500009059906,0.2662999927997589,0
2026-05-06 20:00:00+00:00,0.26649999618530273,0.2676999866962433,0.2653000056743622,0.2662000060081482,0
2026-05-06 21:00:00+00:00,0.2662999927997589,0.2687999904155731,0.2651999890804291,0.2685000002384186,0
2026-05-06 22:00:00+00:00,0.2685999870300293,0.2685999870300293,0.2655999958515167,0.26589998602867126,0
2026-05-06 23:00:00+00:00,0.26579999923706055,0.2669999897480011,0.26429998874664307,0.2669000029563904,0
2026-05-07 00:00:00+00:00,0.2669000029563904,0.2671999931335449,0.26499998569488525,0.265500009059906,0
2026-05-07 01:00:00+00:00,0.2653999924659729,0.26589998602867126,0.26409998536109924,0.2651999890804291,3855360
2026-05-07 02:00:00+00:00,0.2651999890804291,0.2655999958515167,0.2632000148296356,0.2646999955177307,6322432
2026-05-07 03:00:00+00:00,0.2646999955177307,0.2653000056743622,0.2635999917984009,0.2635999917984009,0
2026-05-07 04:00:00+00:00,0.263700008392334,0.266400009393692,0.26339998841285706,0.26510000228881836,13425664
2026-05-07 05:00:00+00:00,0.26510000228881836,0.2671999931335449,0.26510000228881836,0.2660999894142151,0
2026-05-07 06:00:00+00:00,0.26600000262260437,0.26759999990463257,0.26460000872612,0.26759999990463257,15804928
2026-05-07 07:00:00+00:00,0.2676999866962433,0.2685999870300293,0.2671000063419342,0.26840001344680786,1887040
2026-05-07 08:00:00+00:00,0.26829999685287476,0.2687000036239624,0.2671000063419342,0.2678999900817871,0
2026-05-07 09:00:00+00:00,0.2678999900817871,0.2680000066757202,0.26649999618530273,0.2669000029563904,0
2026-05-07 10:00:00+00:00,0.2667999863624573,0.2676999866962433,0.2655999958515167,0.2671000063419342,0
2026-05-07 11:00:00+00:00,0.2671999931335449,0.2685000002384186,0.2669999897480011,0.2678000032901764,0
2026-05-07 12:00:00+00:00,0.2678000032901764,0.2703000009059906,0.2676999866962433,0.26919999718666077,0
2026-05-07 13:00:00+00:00,0.26910001039505005,0.26910001039505005,0.26499998569488525,0.2660999894142151,0
2026-05-07 14:00:00+00:00,0.2660999894142151,0.26669999957084656,0.2623000144958496,0.2637999951839447,0
2026-05-07 15:00:00+00:00,0.263700008392334,0.26440000534057617,0.2612999975681305,0.26179999113082886,7656896
2026-05-07 16:00:00+00:00,0.26179999113082886,0.26339998841285706,0.2612000107765198,0.26190000772476196,2777728
2026-05-07 17:00:00+00:00,0.26190000772476196,0.2628999948501587,0.259799987077713,0.26269999146461487,10537056
2026-05-07 18:00:00+00:00,0.262800008058548,0.26429998874664307,0.2624000012874603,0.26339998841285706,5016192
2026-05-07 19:00:00+00:00,0.26350000500679016,0.26420000195503235,0.2624000012874603,0.2630000114440918,2225248
2026-05-07 20:00:00+00:00,0.2630999982357025,0.26440000534057617,0.26170000433921814,0.26170000433921814,1797536
2026-05-07 21:00:00+00:00,0.26159998774528503,0.262800008058548,0.26080000400543213,0.26159998774528503,0
2026-05-07 22:00:00+00:00,0.2614000141620636,0.2624000012874603,0.26080000400543213,0.26179999113082886,1480960
2026-05-07 23:00:00+00:00,0.26179999113082886,0.2630000114440918,0.26170000433921814,0.26269999146461487,0
2026-05-08 00:00:00+00:00,0.26269999146461487,0.26330000162124634,0.2615000009536743,0.2619999945163727,0
2026-05-08 01:00:00+00:00,0.2619999945163727,0.2621999979019165,0.26100000739097595,0.26109999418258667,0
2026-05-08 03:00:00+00:00,0.2608772814273834,0.26220977306365967,0.26063960790634155,0.26204347610473633,49895808
2026-05-08 04:00:00+00:00,0.2620297074317932,0.26239803433418274,0.2618875503540039,0.2622228264808655,0
2026-05-08 05:00:00+00:00,0.2622055411338806,0.26225531101226807,0.2616298198699951,0.26164984703063965,0
2026-05-08 06:00:00+00:00,0.2616298198699951,0.2617889642715454,0.26082128286361694,0.2610788345336914,8181440
2026-05-08 07:00:00+00:00,0.26129016280174255,0.26184791326522827,0.2609070837497711,0.2617965042591095,0
2026-05-08 08:00:00+00:00,0.2617965042591095,0.26380300521850586,0.2617965042591095,0.2636975049972534,0
2026-05-08 09:00:00+00:00,0.2636631429195404,0.26428720355033875,0.2629851996898651,0.26312190294265747,0
2026-05-08 10:00:00+00:00,0.2631957232952118,0.2644364535808563,0.2631957232952118,0.26427069306373596,0
2026-05-08 11:00:00+00:00,0.26425111293792725,0.26458296179771423,0.2640414535999298,0.2644135653972626,0
2026-05-08 12:00:00+00:00,0.2644102871417999,0.2651999890804291,0.2637999951839447,0.2639000117778778,0
2026-05-08 13:00:00+00:00,0.2639000117778778,0.26440000534057617,0.26269999146461487,0.2637999951839447,0
2026-05-08 14:00:00+00:00,0.2637999951839447,0.26759999990463257,0.2637999951839447,0.26739999651908875,0
2026-05-08 15:00:00+00:00,0.267300009727478,0.2696000039577484,0.2655999958515167,0.2696000039577484,0
2026-05-08 16:00:00+00:00,0.2696000039577484,0.2696000039577484,0.2676999866962433,0.2689000070095062,0
2026-05-08 17:00:00+00:00,0.26899999380111694,0.27230000495910645,0.2689000070095062,0.27079999446868896,3963744
2026-05-08 18:00:00+00:00,0.2711000144481659,0.2728999853134155,0.27079999446868896,0.2718999981880188,8848064
2026-05-08 19:00:00+00:00,0.27149999141693115,0.2734000086784363,0.2709999978542328,0.27149999141693115,8009760
2026-05-08 20:00:00+00:00,0.27160000801086426,0.2721000015735626,0.27090001106262207,0.27149999141693115,189344
2026-05-08 21:00:00+00:00,0.27149999141693115,0.27790001034736633,0.27129998803138733,0.2759000062942505,34066208
2026-05-08 22:00:00+00:00,0.2757999897003174,0.2773999869823456,0.27459999918937683,0.27489998936653137,11050368
2026-05-08 23:00:00+00:00,0.2750000059604645,0.2752000093460083,0.27239999175071716,0.273499995470047,6379680
2026-05-09 00:00:00+00:00,0.273499995470047,0.2757999897003174,0.27320000529289246,0.27570000290870667,12113280
2026-05-09 01:00:00+00:00,0.27559998631477356,0.2784000039100647,0.2750999927520752,0.2775999903678894,13399136
2026-05-09 02:00:00+00:00,0.2777000069618225,0.27799999713897705,0.27639999985694885,0.27730000019073486,3168512
2026-05-09 03:00:00+00:00,0.27709999680519104,0.2775999903678894,0.27570000290870667,0.27630001306533813,868416
2026-05-09 04:00:00+00:00,0.27630001306533813,0.27790001034736633,0.2750000059604645,0.275299996137619,7370784
2026-05-09 05:00:00+00:00,0.2750999927520752,0.2768999934196472,0.27469998598098755,0.2759999930858612,4072736
2026-05-09 06:00:00+00:00,0.2759000062942505,0.27639999985694885,0.2741999924182892,0.27480000257492065,0
2026-05-09 07:00:00+00:00,0.2750000059604645,0.2752000093460083,0.27410000562667847,0.2750999927520752,0
2026-05-09 08:00:00+00:00,0.2750999927520752,0.27649998664855957,0.2750999927520752,0.2757999897003174,0
2026-05-09 09:00:00+00:00,0.2757999897003174,0.2757999897003174,0.2727999985218048,0.27300000190734863,0
2026-05-09 10:00:00+00:00,0.27300000190734863,0.2736999988555908,0.27219998836517334,0.27309998869895935,0
2026-05-09 11:00:00+00:00,0.27300000190734863,0.27410000562667847,0.27300000190734863,0.2736000120639801,0
2026-05-09 12:00:00+00:00,0.2736000120639801,0.27410000562667847,0.2727000117301941,0.27320000529289246,0
2026-05-09 13:00:00+00:00,0.27320000529289246,0.273499995470047,0.271699994802475,0.27239999175071716,0
2026-05-09 14:00:00+00:00,0.27239999175071716,0.27250000834465027,0.2709999978542328,0.2711000144481659,0
2026-05-09 15:00:00+00:00,0.2709999978542328,0.27140000462532043,0.27000001072883606,0.2703999876976013,0
2026-05-09 16:00:00+00:00,0.2705000042915344,0.27129998803138733,0.2694999873638153,0.27059999108314514,0
2026-05-09 17:00:00+00:00,0.27079999446868896,0.272599995136261,0.27070000767707825,0.271699994802475,0
2026-05-09 18:00:00+00:00,0.2718000113964081,0.27309998869895935,0.2718000113964081,0.2720000147819519,0
2026-05-09 19:00:00+00:00,0.2721000015735626,0.272599995136261,0.2718000113964081,0.272599995136261,0
2026-05-09 20:00:00+00:00,0.2727999985218048,0.2727999985218048,0.271699994802475,0.27230000495910645,0
2026-05-09 21:00:00+00:00,0.27239999175071716,0.2728999853134155,0.2718999981880188,0.2721000015735626,0
2026-05-09 22:00:00+00:00,0.2721000015735626,0.2727999985218048,0.2718000113964081,0.27219998836517334,0
2026-05-09 23:00:00+00:00,0.27230000495910645,0.27250000834465027,0.2703000009059906,0.2709999978542328,0
2026-05-10 00:00:00+00:00,0.2709999978542328,0.2718999981880188,0.2700999975204468,0.2703000009059906,0
2026-05-10 01:00:00+00:00,0.2703000009059906,0.2703000009059906,0.2687999904155731,0.2696000039577484,0
2026-05-10 02:00:00+00:00,0.26969999074935913,0.27070000767707825,0.26919999718666077,0.2703000009059906,0
2026-05-10 03:00:00+00:00,0.2703000009059906,0.27079999446868896,0.2696000039577484,0.27000001072883606,0
2026-05-10 04:00:00+00:00,0.27000001072883606,0.27070000767707825,0.26980000734329224,0.27000001072883606,0
2026-05-10 05:00:00+00:00,0.26989999413490295,0.27059999108314514,0.26919999718666077,0.26969999074935913,0
2026-05-10 06:00:00+00:00,0.26969999074935913,0.27000001072883606,0.26840001344680786,0.26969999074935913,1415360
2026-05-10 07:00:00+00:00,0.26969999074935913,0.2712000012397766,0.2696000039577484,0.27070000767707825,1078080
2026-05-10 08:00:00+00:00,0.2705000042915344,0.2732999920845032,0.2705000042915344,0.27300000190734863,7166080
2026-05-10 09:00:00+00:00,0.27309998869895935,0.2736000120639801,0.2718999981880188,0.2720000147819519,566112
2026-05-10 10:00:00+00:00,0.2720000147819519,0.27300000190734863,0.2712000012397766,0.2727999985218048,7547456
2026-05-10 11:00:00+00:00,0.2727000117301941,0.27300000190734863,0.27149999141693115,0.2727999985218048,4647872
2026-05-10 12:00:00+00:00,0.2727999985218048,0.27309998869895935,0.2720000147819519,0.2728999853134155,15168
2026-05-10 13:00:00+00:00,0.2728999853134155,0.27469998598098755,0.272599995136261,0.274399995803833,0
2026-05-10 14:00:00+00:00,0.2745000123977661,0.2759000062942505,0.27410000562667847,0.2754000127315521,10462464
2026-05-10 15:00:00+00:00,0.2754000127315521,0.2818000018596649,0.2754000127315521,0.28139999508857727,34801440
2026-05-10 16:00:00+00:00,0.2815999984741211,0.2854999899864197,0.28029999136924744,0.28450000286102295,54626144
2026-05-10 17:00:00+00:00,0.2847000062465668,0.2881999909877777,0.28380000591278076,0.2867000102996826,49057280
2026-05-10 18:00:00+00:00,0.2867000102996826,0.2881999909877777,0.2858000099658966,0.28679999709129333,21598752
2026-05-10 19:00:00+00:00,0.2867000102996826,0.28859999775886536,0.2849000096321106,0.28700000047683716,19410368
2026-05-10 20:00:00+00:00,0.28700000047683716,0.288100004196167,0.27549999952316284,0.2777999937534332,46695904
2026-05-10 21:00:00+00:00,0.2777000069618225,0.2815000116825104,0.2766000032424927,0.2793999910354614,34538752
2026-05-10 22:00:00+00:00,0.2791000008583069,0.28369998931884766,0.27869999408721924,0.2831999957561493,31428992
2026-05-10 23:00:00+00:00,0.2831999957561493,0.28380000591278076,0.2818000018596649,0.2822999954223633,15980672
2026-05-11 00:00:00+00:00,0.2824000120162964,0.28290000557899475,0.2784999907016754,0.27970001101493835,15070016
2026-05-11 01:00:00+00:00,0.27970001101493835,0.2815000116825104,0.2784999907016754,0.28029999136924744,4221888
2026-05-11 02:00:00+00:00,0.28040000796318054,0.28049999475479126,0.2768000066280365,0.2775999903678894,13498176
2026-05-11 03:00:00+00:00,0.2777000069618225,0.27790001034736633,0.27410000562667847,0.27649998664855957,16838912
2026-05-11 04:00:00+00:00,0.27649998664855957,0.2775000035762787,0.275299996137619,0.2770000100135803,11621888
2026-05-11 05:00:00+00:00,0.2770000100135803,0.2791999876499176,0.2770000100135803,0.2784999907016754,9400000
2026-05-11 06:00:00+00:00,0.2786000072956085,0.27970001101493835,0.2775999903678894,0.2782999873161316,374528
2026-05-11 07:00:00+00:00,0.2782999873161316,0.2782999873161316,0.2770000100135803,0.2775999903678894,2326144
2026-05-11 08:00:00+00:00,0.2777000069618225,0.27810001373291016,0.2757999897003174,0.27649998664855957,815168
2026-05-11 09:00:00+00:00,0.27649998664855957,0.27869999408721924,0.2759999930858612,0.2782999873161316,1103936
2026-05-11 10:00:00+00:00,0.2782000005245209,0.28119999170303345,0.2782000005245209,0.27889999747276306,3048000
2026-05-11 11:00:00+00:00,0.27880001068115234,0.2800000011920929,0.2784000039100647,0.2793000042438507,3651200
2026-05-11 12:00:00+00:00,0.2793999910354614,0.2802000045776367,0.27790001034736633,0.2786000072956085,4915072
2026-05-11 13:00:00+00:00,0.27869999408721924,0.28110000491142273,0.2782000005245209,0.28060001134872437,16146752
2026-05-11 14:00:00+00:00,0.28060001134872437,0.2818000018596649,0.2777999937534332,0.28029999136924744,20006400
2026-05-11 15:00:00+00:00,0.28040000796318054,0.2833000123500824,0.2797999978065491,0.2824000120162964,0
2026-05-11 16:00:00+00:00,0.2822999954223633,0.28290000557899475,0.28029999136924744,0.2815000116825104,0
2026-05-11 17:00:00+00:00,0.2816999852657318,0.2824000120162964,0.28040000796318054,0.2816999852657318,0
2026-05-11 18:00:00+00:00,0.2815999984741211,0.28200000524520874,0.2800000011920929,0.2800999879837036,0
2026-05-11 19:00:00+00:00,0.2802000045776367,0.28119999170303345,0.27950000762939453,0.28119999170303345,0
2026-05-11 20:00:00+00:00,0.28119999170303345,0.2818000018596649,0.2791999876499176,0.2809000015258789,0
2026-05-11 21:00:00+00:00,0.2809000015258789,0.2818000018596649,0.28040000796318054,0.28040000796318054,0
2026-05-11 22:00:00+00:00,0.28049999475479126,0.2816999852657318,0.2800000011920929,0.28060001134872437,0
2026-05-11 23:00:00+00:00,0.28060001134872437,0.2809999883174896,0.27959999442100525,0.28040000796318054,0
2026-05-12 00:00:00+00:00,0.28029999136924744,0.2818000018596649,0.27970001101493835,0.28130000829696655,0
2026-05-12 01:00:00+00:00,0.28130000829696655,0.2815000116825104,0.27630001306533813,0.2775999903678894,5240032
2026-05-12 02:00:00+00:00,0.2775999903678894,0.27880001068115234,0.27730000019073486,0.2784000039100647,0
2026-05-12 03:00:00+00:00,0.2784000039100647,0.27869999408721924,0.2768000066280365,0.27709999680519104,0
2026-05-12 04:00:00+00:00,0.2770000100135803,0.2782000005245209,0.2768000066280365,0.2775000035762787,0
2026-05-12 05:00:00+00:00,0.2773999869823456,0.2782999873161316,0.27730000019073486,0.2775999903678894,0
2026-05-12 06:00:00+00:00,0.2775000035762787,0.2782999873161316,0.27649998664855957,0.2768999934196472,0
2026-05-12 07:00:00+00:00,0.2766999900341034,0.27730000019073486,0.2750999927520752,0.2766999900341034,7437024
2026-05-12 08:00:00+00:00,0.2768000066280365,0.2775999903678894,0.2752000093460083,0.2761000096797943,2629952
2026-05-12 09:00:00+00:00,0.2759999930858612,0.27619999647140503,0.274399995803833,0.2757999897003174,3280384
2026-05-12 10:00:00+00:00,0.27570000290870667,0.2759000062942505,0.273499995470047,0.274399995803833,5825504
2026-05-12 11:00:00+00:00,0.2745000123977661,0.27480000257492065,0.2734000086784363,0.2743000090122223,0
2026-05-12 12:00:00+00:00,0.2741999924182892,0.275299996137619,0.2728999853134155,0.2741999924182892,3708832
2026-05-12 13:00:00+00:00,0.2741999924182892,0.27469998598098755,0.27129998803138733,0.2718000113964081,0
2026-05-12 14:00:00+00:00,0.2718000113964081,0.2727000117301941,0.2687999904155731,0.26930001378059387,0
2026-05-12 15:00:00+00:00,0.26910001039505005,0.2705000042915344,0.2678999900817871,0.26910001039505005,0
2026-05-12 16:00:00+00:00,0.26910001039505005,0.2702000141143799,0.2671999931335449,0.26759999990463257,2340448
2026-05-12 17:00:00+00:00,0.2678000032901764,0.27079999446868896,0.26759999990463257,0.2703999876976013,13301056
2026-05-12 18:00:00+00:00,0.2703999876976013,0.2709999978542328,0.27000001072883606,0.2703000009059906,2076384
2026-05-12 19:00:00+00:00,0.2703000009059906,0.27250000834465027,0.2703000009059906,0.2721000015735626,3457568
2026-05-12 20:00:00+00:00,0.2721000015735626,0.27219998836517334,0.27140000462532043,0.2720000147819519,0
2026-05-12 21:00:00+00:00,0.2720000147819519,0.27239999175071716,0.27149999141693115,0.2718000113964081,0
2026-05-12 22:00:00+00:00,0.2718999981880188,0.2728999853134155,0.27129998803138733,0.271699994802475,0
2026-05-12 23:00:00+00:00,0.27160000801086426,0.27239999175071716,0.27079999446868896,0.2709999978542328,0
2026-05-13 00:00:00+00:00,0.2711000144481659,0.2734000086784363,0.2709999978542328,0.27160000801086426,19572960
2026-05-13 01:00:00+00:00,0.27160000801086426,0.2741999924182892,0.27160000801086426,0.2732999920845032,0
2026-05-13 02:00:00+00:00,0.2732999920845032,0.2743000090122223,0.27300000190734863,0.273499995470047,0
2026-05-13 03:00:00+00:00,0.273499995470047,0.274399995803833,0.27320000529289246,0.27410000562667847,0
2026-05-13 04:00:00+00:00,0.27410000562667847,0.27480000257492065,0.273499995470047,0.2743000090122223,246816
2026-05-13 05:00:00+00:00,0.2743000090122223,0.2745000123977661,0.27250000834465027,0.27309998869895935,1892064
2026-05-13 06:00:00+00:00,0.27309998869895935,0.27399998903274536,0.27250000834465027,0.272599995136261,0
2026-05-13 07:00:00+00:00,0.27250000834465027,0.2736999988555908,0.27250000834465027,0.2732999920845032,0
2026-05-13 08:00:00+00:00,0.2734000086784363,0.2745000123977661,0.27300000190734863,0.27390000224113464,0
2026-05-13 09:00:00+00:00,0.27390000224113464,0.2775999903678894,0.27390000224113464,0.27720001339912415,2345216
2026-05-13 10:00:00+00:00,0.27709999680519104,0.27720001339912415,0.2732999920845032,0.27379998564720154,0
2026-05-13 11:00:00+00:00,0.27390000224113464,0.27410000562667847,0.2702000141143799,0.27059999108314514,6619424
2026-05-13 12:00:00+00:00,0.2705000042915344,0.27149999141693115,0.266400009393692,0.26809999346733093,28428992
2026-05-13 13:00:00+00:00,0.2680000066757202,0.2689000070095062,0.2648000121116638,0.2655999958515167,15320352
2026-05-13 14:00:00+00:00,0.2653999924659729,0.26669999957084656,0.2639000117778778,0.26579999923706055,0
2026-05-13 15:00:00+00:00,0.26600000262260437,0.26660001277923584,0.2612999975681305,0.2621000111103058,4020096
2026-05-13 16:00:00+00:00,0.2619999945163727,0.2646999955177307,0.26190000772476196,0.26429998874664307,11253376
2026-05-13 17:00:00+00:00,0.2644999921321869,0.26489999890327454,0.2639000117778778,0.26409998536109924,0
2026-05-13 18:00:00+00:00,0.26409998536109924,0.26579999923706055,0.2639999985694885,0.26460000872612,3603648
2026-05-13 19:00:00+00:00,0.2646999955177307,0.2648000121116638,0.26330000162124634,0.263700008392334,0
2026-05-13 20:00:00+00:00,0.2637999951839447,0.26510000228881836,0.2635999917984009,0.2646999955177307,0
2026-05-13 21:00:00+00:00,0.2648000121116638,0.26489999890327454,0.2632000148296356,0.2639000117778778,0
2026-05-13 22:00:00+00:00,0.26409998536109924,0.26499998569488525,0.2630000114440918,0.2648000121116638,9892864
2026-05-13 23:00:00+00:00,0.26489999890327454,0.26600000262260437,0.26429998874664307,0.2644999921321869,9888704
2026-05-14 00:00:00+00:00,0.26460000872612,0.26600000262260437,0.26460000872612,0.2655999958515167,0
2026-05-14 01:00:00+00:00,0.2653999924659729,0.26589998602867126,0.26499998569488525,0.2653999924659729,0
2026-05-14 02:00:00+00:00,0.265500009059906,0.2660999894142151,0.26429998874664307,0.26460000872612,131328
2026-05-14 03:00:00+00:00,0.26460000872612,0.26499998569488525,0.2623000144958496,0.262800008058548,5116576
2026-05-14 04:00:00+00:00,0.2628999948501587,0.2648000121116638,0.26249998807907104,0.2644999921321869,1728288
2026-05-14 05:00:00+00:00,0.2644999921321869,0.26649999618530273,0.2644999921321869,0.26600000262260437,588736
2026-05-14 06:00:00+00:00,0.26600000262260437,0.2662999927997589,0.2651999890804291,0.2651999890804291,571680
2026-05-14 07:00:00+00:00,0.2651999890804291,0.2655999958515167,0.26440000534057617,0.26440000534057617,710624
2026-05-14 08:00:00+00:00,0.26440000534057617,0.2655999958515167,0.263700008392334,0.26510000228881836,0
2026-05-14 09:00:00+00:00,0.26510000228881836,0.26510000228881836,0.2635999917984009,0.2646999955177307,0
2026-05-14 10:00:00+00:00,0.2644999921321869,0.2653000056743622,0.263700008392334,0.2646999955177307,0
2026-05-14 11:00:00+00:00,0.2646999955177307,0.26499998569488525,0.2635999917984009,0.2639000117778778,0
2026-05-14 12:00:00+00:00,0.2637999951839447,0.2667999863624573,0.263700008392334,0.26649999618530273,0
2026-05-14 13:00:00+00:00,0.26649999618530273,0.2678999900817871,0.2662000060081482,0.2667999863624573,0
2026-05-14 14:00:00+00:00,0.26669999957084656,0.2703999876976013,0.2646999955177307,0.2702000141143799,0
2026-05-14 15:00:00+00:00,0.2703000009059906,0.27070000767707825,0.2689000070095062,0.2702000141143799,0
2026-05-14 16:00:00+00:00,0.2703999876976013,0.27230000495910645,0.2694999873638153,0.27219998836517334,0
2026-05-14 17:00:00+00:00,0.27219998836517334,0.2734000086784363,0.2703000009059906,0.27239999175071716,14041600
2026-05-14 18:00:00+00:00,0.27230000495910645,0.2793000042438507,0.27149999141693115,0.27880001068115234,32092352
2026-05-14 19:00:00+00:00,0.27869999408721924,0.28049999475479126,0.2732999920845032,0.27379998564720154,43898336
2026-05-14 20:00:00+00:00,0.27390000224113464,0.2741999924182892,0.27160000801086426,0.27309998869895935,20594400
2026-05-14 21:00:00+00:00,0.2736000120639801,0.2741999924182892,0.271699994802475,0.2736000120639801,6068416
2026-05-14 22:00:00+00:00,0.2734000086784363,0.2736000120639801,0.2712000012397766,0.2721000015735626,1798400
2026-05-14 23:00:00+00:00,0.2721000015735626,0.2727999985218048,0.27000001072883606,0.2705000042915344,5912960
2026-05-15 00:00:00+00:00,0.2705000042915344,0.2727999985218048,0.2705000042915344,0.27230000495910645,5621728
2026-05-15 01:00:00+00:00,0.27239999175071716,0.2727999985218048,0.2703000009059906,0.2703999876976013,1234464
2026-05-15 02:00:00+00:00,0.2703000009059906,0.27129998803138733,0.26840001344680786,0.27070000767707825,5501920
2026-05-15 03:00:00+00:00,0.27070000767707825,0.2711000144481659,0.2694000005722046,0.26969999074935913,0
2026-05-15 04:00:00+00:00,0.26969999074935913,0.27000001072883606,0.2676999866962433,0.2676999866962433,0
2026-05-15 05:00:00+00:00,0.26759999990463257,0.26820001006126404,0.26489999890327454,0.265500009059906,7013056
2026-05-15 06:00:00+00:00,0.2653999924659729,0.26750001311302185,0.2651999890804291,0.2671999931335449,5588416
2026-05-15 07:00:00+00:00,0.2671999931335449,0.26899999380111694,0.2669999897480011,0.26840001344680786,4617216
2026-05-15 08:00:00+00:00,0.26820001006126404,0.26840001344680786,0.26649999618530273,0.2676999866962433,4446592
2026-05-15 09:00:00+00:00,0.2676999866962433,0.2678999900817871,0.2660999894142151,0.26669999957084656,627904
2026-05-15 10:00:00+00:00,0.26660001277923584,0.2685999870300293,0.266400009393692,0.26829999685287476,2157056
2026-05-15 11:00:00+00:00,0.26829999685287476,0.2685000002384186,0.2669999897480011,0.2671000063419342,0
2026-05-15 12:00:00+00:00,0.2671999931335449,0.2671999931335449,0.2651999890804291,0.2653999924659729,0
2026-05-15 13:00:00+00:00,0.2653000056743622,0.2653000056743622,0.25760000944137573,0.257999986410141,26958976
2026-05-15 14:00:00+00:00,0.2578999996185303,0.2599000036716461,0.25699999928474426,0.2590999901294708,23444544
2026-05-15 15:00:00+00:00,0.25929999351501465,0.25940001010894775,0.257099986076355,0.2581000030040741,4988928
2026-05-15 16:00:00+00:00,0.257999986410141,0.2615000009536743,0.25780001282691956,0.260699987411499,872768
2026-05-15 17:00:00+00:00,0.26080000400543213,0.26249998807907104,0.26080000400543213,0.2619999945163727,0
2026-05-15 18:00:00+00:00,0.2619999945163727,0.26260000467300415,0.26100000739097595,0.2621000111103058,0
2026-05-15 19:00:00+00:00,0.2621000111103058,0.2621999979019165,0.26080000400543213,0.26089999079704285,0
2026-05-15 20:00:00+00:00,0.26089999079704285,0.2615000009536743,0.26010000705718994,0.260699987411499,0
2026-05-15 21:00:00+00:00,0.2606000006198883,0.2612999975681305,0.2605000138282776,0.260699987411499,0
2026-05-15 22:00:00+00:00,0.26089999079704285,0.26170000433921814,0.260699987411499,0.2614000141620636,0
2026-05-15 23:00:00+00:00,0.2614000141620636,0.26190000772476196,0.26100000739097595,0.2615000009536743,0
2026-05-16 00:00:00+00:00,0.2614000141620636,0.2621999979019165,0.26100000739097595,0.2615000009536743,0
2026-05-16 01:00:00+00:00,0.26170000433921814,0.2619999945163727,0.2606000006198883,0.26170000433921814,0
2026-05-16 02:00:00+00:00,0.26170000433921814,0.2619999945163727,0.26080000400543213,0.2612000107765198,0
2026-05-16 03:00:00+00:00,0.2612000107765198,0.26179999113082886,0.26089999079704285,0.2612000107765198,0
2026-05-16 04:00:00+00:00,0.26109999418258667,0.2612000107765198,0.25850000977516174,0.2590999901294708,3591104
2026-05-16 05:00:00+00:00,0.2590999901294708,0.25940001010894775,0.25850000977516174,0.25870001316070557,0
2026-05-16 06:00:00+00:00,0.25870001316070557,0.2587999999523163,0.2554999887943268,0.25619998574256897,3247456
2026-05-16 07:00:00+00:00,0.2563000023365021,0.2563000023365021,0.2533999979496002,0.25540000200271606,20587008
2026-05-16 08:00:00+00:00,0.25540000200271606,0.25600001215934753,0.2549999952316284,0.25519999861717224,2394912
2026-05-16 09:00:00+00:00,0.25519999861717224,0.2554999887943268,0.2522999942302704,0.2533000111579895,15616736
2026-05-16 10:00:00+00:00,0.2531000077724457,0.2540999948978424,0.2522999942302704,0.25380000472068787,8481792
2026-05-16 11:00:00+00:00,0.2540000081062317,0.25459998846054077,0.2538999915122986,0.2540000081062317,0
2026-05-16 12:00:00+00:00,0.2538999915122986,0.2551000118255615,0.25369998812675476,0.25459998846054077,0
2026-05-16 13:00:00+00:00,0.25459998846054077,0.2547999918460846,0.2540999948978424,0.25429999828338623,0
2026-05-16 14:00:00+00:00,0.25429999828338623,0.2556000053882599,0.2538999915122986,0.2547999918460846,0
2026-05-16 15:00:00+00:00,0.2547000050544739,0.25609999895095825,0.2547000050544739,0.2556000053882599,0
2026-05-16 16:00:00+00:00,0.2554999887943268,0.2563999891281128,0.2551000118255615,0.25529998540878296,0
2026-05-16 17:00:00+00:00,0.25529998540878296,0.25619998574256897,0.25529998540878296,0.25609999895095825,0
2026-05-16 18:00:00+00:00,0.25609999895095825,0.25619998574256897,0.2549999952316284,0.25540000200271606,0
2026-05-16 19:00:00+00:00,0.25540000200271606,0.2554999887943268,0.2549000084400177,0.2551000118255615,0
2026-05-16 20:00:00+00:00,0.25519999861717224,0.2558000087738037,0.2549999952316284,0.2551000118255615,0
2026-05-16 21:00:00+00:00,0.25519999861717224,0.2556000053882599,0.2540999948978424,0.2554999887943268,7337920
2026-05-16 22:00:00+00:00,0.2554999887943268,0.2554999887943268,0.2547000050544739,0.2547000050544739,0
2026-05-16 23:00:00+00:00,0.2547000050544739,0.25529998540878296,0.25450000166893005,0.2549999952316284,49536
2026-05-17 00:00:00+00:00,0.2549999952316284,0.25540000200271606,0.2540000081062317,0.25429999828338623,0
2026-05-17 01:00:00+00:00,0.25450000166893005,0.2547000050544739,0.2526000142097473,0.2526000142097473,4861760
2026-05-17 02:00:00+00:00,0.2526000142097473,0.25380000472068787,0.2526000142097473,0.2533000111579895,3198272
2026-05-17 03:00:00+00:00,0.2533000111579895,0.25459998846054077,0.2533000111579895,0.2542000114917755,4287936
2026-05-17 04:00:00+00:00,0.2542000114917755,0.2556999921798706,0.2542000114917755,0.2551000118255615,0
2026-05-17 05:00:00+00:00,0.2551000118255615,0.2563999891281128,0.2549999952316284,0.25529998540878296,1182720
2026-05-17 06:00:00+00:00,0.25529998540878296,0.2556000053882599,0.2549000084400177,0.2554999887943268,0
2026-05-17 07:00:00+00:00,0.2556000053882599,0.2567000091075897,0.25540000200271606,0.25609999895095825,0
2026-05-17 08:00:00+00:00,0.25619998574256897,0.2563000023365021,0.2554999887943268,0.2556000053882599,0
2026-05-17 09:00:00+00:00,0.2556000053882599,0.2567000091075897,0.2554999887943268,0.2565000057220459,0
2026-05-17 10:00:00+00:00,0.2565999925136566,0.2581000030040741,0.2565999925136566,0.2572000026702881,0
2026-05-17 11:00:00+00:00,0.257099986076355,0.2572000026702881,0.25600001215934753,0.2565999925136566,0
2026-05-17 12:00:00+00:00,0.2565999925136566,0.2572000026702881,0.25589999556541443,0.25600001215934753,0
2026-05-17 13:00:00+00:00,0.25600001215934753,0.25600001215934753,0.25459998846054077,0.25540000200271606,1623232
2026-05-17 14:00:00+00:00,0.25540000200271606,0.25540000200271606,0.25369998812675476,0.25519999861717224,2059904
2026-05-17 15:00:00+00:00,0.2551000118255615,0.25540000200271606,0.25450000166893005,0.2551000118255615,0
2026-05-17 16:00:00+00:00,0.2551000118255615,0.25540000200271606,0.25429999828338623,0.25440001487731934,0
2026-05-17 17:00:00+00:00,0.25440001487731934,0.25440001487731934,0.2533000111579895,0.25429999828338623,686992
2026-05-17 18:00:00+00:00,0.2540999948978424,0.2547999918460846,0.2529999911785126,0.25429999828338623,0
2026-05-17 19:00:00+00:00,0.25440001487731934,0.25540000200271606,0.2542000114917755,0.2551000118255615,65408
2026-05-17 20:00:00+00:00,0.2551000118255615,0.2554999887943268,0.25440001487731934,0.2547999918460846,72864
2026-05-17 21:00:00+00:00,0.2547000050544739,0.25589999556541443,0.25440001487731934,0.25540000200271606,0
2026-05-17 22:00:00+00:00,0.25529998540878296,0.25529998540878296,0.2531999945640564,0.25380000472068787,5451616
2026-05-17 23:00:00+00:00,0.25369998812675476,0.25380000472068787,0.24570000171661377,0.25209999084472656,73797888
2026-05-18 00:00:00+00:00,0.25209999084472656,0.25209999084472656,0.2498999983072281,0.25119999051094055,30764896
2026-05-18 01:00:00+00:00,0.25119999051094055,0.2522999942302704,0.24879999458789825,0.25130000710487366,8361376
2026-05-18 02:00:00+00:00,0.25110000371932983,0.25290000438690186,0.2508000135421753,0.2517000138759613,9775776
2026-05-18 03:00:00+00:00,0.2517000138759613,0.2522999942302704,0.24979999661445618,0.25,2045152
2026-05-18 04:00:00+00:00,0.2502000033855438,0.25130000710487366,0.2492000013589859,0.25119999051094055,3223616
2026-05-18 05:00:00+00:00,0.25119999051094055,0.251800000667572,0.24969999492168427,0.24979999661445618,4731712
2026-05-18 06:00:00+00:00,0.2498999983072281,0.2502000033855438,0.2475000023841858,0.24940000474452972,30982240
2026-05-18 07:00:00+00:00,0.24959999322891235,0.2498999983072281,0.24819999933242798,0.2493000030517578,10141696
2026-05-18 08:00:00+00:00,0.2493000030517578,0.25040000677108765,0.249099999666214,0.2498999983072281,4151104
2026-05-18 09:00:00+00:00,0.2498999983072281,0.25,0.24860000610351562,0.249099999666214,4070208
2026-05-18 10:00:00+00:00,0.2492000013589859,0.2492000013589859,0.24779999256134033,0.24799999594688416,0
2026-05-18 11:00:00+00:00,0.24819999933242798,0.25200000405311584,0.24789999425411224,0.25049999356269836,11421504
2026-05-18 12:00:00+00:00,0.25049999356269836,0.2524000108242035,0.25040000677108765,0.2513999938964844,11537472
2026-05-18 13:00:00+00:00,0.25130000710487366,0.2515000104904175,0.2476000040769577,0.249099999666214,18128768
2026-05-18 14:00:00+00:00,0.249099999666214,0.249099999666214,0.24690000712871552,0.24770000576972961,12346848
2026-05-18 15:00:00+00:00,0.24770000576972961,0.24889999628067017,0.24619999527931213,0.24809999763965607,16362624
2026-05-18 16:00:00+00:00,0.24789999425411224,0.2492000013589859,0.24729999899864197,0.24869999289512634,15090176
2026-05-18 17:00:00+00:00,0.24860000610351562,0.24959999322891235,0.24819999933242798,0.24860000610351562,4769056
2026-05-18 18:00:00+00:00,0.24860000610351562,0.24869999289512634,0.24650000035762787,0.2468000054359436,2740384
2026-05-18 19:00:00+00:00,0.2468000054359436,0.25110000371932983,0.2468000054359436,0.25060001015663147,17785344
2026-05-18 20:00:00+00:00,0.2506999969482422,0.25130000710487366,0.24959999322891235,0.25,4473248
2026-05-18 21:00:00+00:00,0.25,0.2526000142097473,0.2498999983072281,0.2524000108242035,5206656
2026-05-18 22:00:00+00:00,0.2526000142097473,0.25279998779296875,0.2508000135421753,0.2515000104904175,0
2026-05-18 23:00:00+00:00,0.2515999972820282,0.25220000743865967,0.250900000333786,0.2515000104904175,0
2026-05-19 00:00:00+00:00,0.2515000104904175,0.2533000111579895,0.2513999938964844,0.2524000108242035,0
2026-05-19 01:00:00+00:00,0.2522999942302704,0.2522999942302704,0.250900000333786,0.25110000371932983,0
2026-05-19 02:00:00+00:00,0.25119999051094055,0.25200000405311584,0.25040000677108765,0.2506999969482422,0
2026-05-19 03:00:00+00:00,0.2506999969482422,0.25220000743865967,0.25040000677108765,0.25119999051094055,1744352
2026-05-19 04:00:00+00:00,0.25119999051094055,0.25209999084472656,0.250900000333786,0.25189998745918274,0
2026-05-19 05:00:00+00:00,0.25200000405311584,0.25209999084472656,0.25040000677108765,0.2515000104904175,0
2026-05-19 06:00:00+00:00,0.2513999938964844,0.2522999942302704,0.25119999051094055,0.2517000138759613,0
2026-05-19 07:00:00+00:00,0.2515999972820282,0.25290000438690186,0.25130000710487366,0.2524000108242035,0
2026-05-19 08:00:00+00:00,0.2524000108242035,0.2524000108242035,0.25060001015663147,0.25130000710487366,1195136
2026-05-19 09:00:00+00:00,0.25119999051094055,0.2517000138759613,0.24950000643730164,0.25040000677108765,3035104
2026-05-19 10:00:00+00:00,0.25029999017715454,0.25060001015663147,0.24860000610351562,0.24979999661445618,7931936
2026-05-19 11:00:00+00:00,0.24979999661445618,0.2498999983072281,0.24799999594688416,0.2484000027179718,0
2026-05-19 12:00:00+00:00,0.2484000027179718,0.24959999322891235,0.24799999594688416,0.24959999322891235,0
2026-05-19 13:00:00+00:00,0.24959999322891235,0.25099998712539673,0.249099999666214,0.2498999983072281,0
2026-05-19 14:00:00+00:00,0.24979999661445618,0.25029999017715454,0.24699999392032623,0.24799999594688416,0
2026-05-19 15:00:00+00:00,0.24799999594688416,0.2492000013589859,0.24770000576972961,0.24819999933242798,0
2026-05-19 16:00:00+00:00,0.2483000010251999,0.24979999661445618,0.24770000576972961,0.24969999492168427,0
2026-05-19 17:00:00+00:00,0.24959999322891235,0.24979999661445618,0.2483000010251999,0.24889999628067017,0
2026-05-19 18:00:00+00:00,0.24889999628067017,0.249099999666214,0.24809999763965607,0.2483000010251999,0
2026-05-19 19:00:00+00:00,0.2484000027179718,0.2492000013589859,0.24799999594688416,0.2483000010251999,0
2026-05-19 20:00:00+00:00,0.2483000010251999,0.2492000013589859,0.24819999933242798,0.249099999666214,0
2026-05-19 21:00:00+00:00,0.249099999666214,0.24950000643730164,0.24879999458789825,0.24889999628067017,0
2026-05-19 22:00:00+00:00,0.24869999289512634,0.24869999289512634,0.24729999899864197,0.24789999425411224,0
2026-05-19 23:00:00+00:00,0.24770000576972961,0.2493000030517578,0.24770000576972961,0.24799999594688416,0
2026-05-20 00:00:00+00:00,0.24789999425411224,0.2485000044107437,0.24709999561309814,0.24789999425411224,0
2026-05-20 01:00:00+00:00,0.24809999763965607,0.2483000010251999,0.2468000054359436,0.24779999256134033,2324928
2026-05-20 02:00:00+00:00,0.24779999256134033,0.2483000010251999,0.24690000712871552,0.24729999899864197,0
2026-05-20 03:00:00+00:00,0.24709999561309814,0.2485000044107437,0.2467000037431717,0.24809999763965607,504096
2026-05-20 04:00:00+00:00,0.24809999763965607,0.2485000044107437,0.2476000040769577,0.2485000044107437,0
2026-05-20 05:00:00+00:00,0.24860000610351562,0.2506999969482422,0.24860000610351562,0.2498999983072281,10949216
2026-05-20 06:00:00+00:00,0.25,0.25029999017715454,0.24950000643730164,0.2498999983072281,1950432
2026-05-20 07:00:00+00:00,0.2498999983072281,0.2498999983072281,0.24869999289512634,0.24889999628067017,0
2026-05-20 08:00:00+00:00,0.24899999797344208,0.2502000033855438,0.24869999289512634,0.24969999492168427,0
2026-05-20 09:00:00+00:00,0.24969999492168427,0.25,0.24889999628067017,0.24889999628067017,0
2026-05-20 10:00:00+00:00,0.24889999628067017,0.2500999867916107,0.24889999628067017,0.24969999492168427,0
2026-05-20 11:00:00+00:00,0.24969999492168427,0.2498999983072281,0.24809999763965607,0.24860000610351562,0
2026-05-20 12:00:00+00:00,0.2485000044107437,0.25,0.24819999933242798,0.24950000643730164,0
2026-05-20 13:00:00+00:00,0.24950000643730164,0.24959999322891235,0.24709999561309814,0.2484000027179718,0
2026-05-20 14:00:00+00:00,0.2483000010251999,0.25060001015663147,0.24770000576972961,0.25029999017715454,8397344
2026-05-20 15:00:00+00:00,0.2502000033855438,0.25119999051094055,0.24889999628067017,0.2500999867916107,1120992
2026-05-20 16:00:00+00:00,0.25,0.25049999356269836,0.24779999256134033,0.24979999661445618,13451264
2026-05-20 17:00:00+00:00,0.2498999983072281,0.25110000371932983,0.24950000643730164,0.25,13279680
2026-05-20 18:00:00+00:00,0.24969999492168427,0.2502000033855438,0.24879999458789825,0.24899999797344208,2721632
2026-05-20 19:00:00+00:00,0.24899999797344208,0.25029999017715454,0.2484000027179718,0.25,5196704
2026-05-20 20:00:00+00:00,0.2498999983072281,0.25049999356269836,0.24889999628067017,0.2502000033855438,2557920
2026-05-20 21:00:00+00:00,0.25029999017715454,0.25049999356269836,0.24940000474452972,0.24940000474452972,3145504
2026-05-20 22:00:00+00:00,0.2493000030517578,0.24940000474452972,0.24799999594688416,0.249099999666214,1789536
2026-05-20 23:00:00+00:00,0.24889999628067017,0.2492000013589859,0.24809999763965607,0.24899999797344208,5247296
2026-05-21 00:00:00+00:00,0.249099999666214,0.25060001015663147,0.24879999458789825,0.25040000677108765,3867328
2026-05-21 01:00:00+00:00,0.25040000677108765,0.251800000667572,0.2502000033855438,0.250900000333786,2932544
2026-05-21 02:00:00+00:00,0.2506999969482422,0.25209999084472656,0.25049999356269836,0.25119999051094055,505568
2026-05-21 03:00:00+00:00,0.25119999051094055,0.25200000405311584,0.25060001015663147,0.25200000405311584,0
2026-05-21 04:00:00+00:00,0.25200000405311584,0.2524999976158142,0.250900000333786,0.25130000710487366,3816256
2026-05-21 05:00:00+00:00,0.25130000710487366,0.2515000104904175,0.2483000010251999,0.249099999666214,3864448
2026-05-21 06:00:00+00:00,0.249099999666214,0.2493000030517578,0.24740000069141388,0.24770000576972961,10994816
2026-05-21 07:00:00+00:00,0.24770000576972961,0.249099999666214,0.2476000040769577,0.24889999628067017,8151968
2026-05-21 08:00:00+00:00,0.24899999797344208,0.2502000033855438,0.24899999797344208,0.24959999322891235,4618528
2026-05-21 09:00:00+00:00,0.24959999322891235,0.24979999661445618,0.2484000027179718,0.2485000044107437,0
2026-05-21 10:00:00+00:00,0.2485000044107437,0.249099999666214,0.2459000051021576,0.24629999697208405,16824672
2026-05-21 11:00:00+00:00,0.24629999697208405,0.24770000576972961,0.2459000051021576,0.24639999866485596,7518464
2026-05-21 12:00:00+00:00,0.24650000035762787,0.2476000040769577,0.24609999358654022,0.24719999730587006,4063616
2026-05-21 13:00:00+00:00,0.24719999730587006,0.24770000576972961,0.24609999358654022,0.24699999392032623,0
2026-05-21 14:00:00+00:00,0.24699999392032623,0.24779999256134033,0.2459000051021576,0.24699999392032623,0
2026-05-21 15:00:00+00:00,0.24699999392032623,0.2493000030517578,0.24660000205039978,0.2483000010251999,0
2026-05-21 16:00:00+00:00,0.2483000010251999,0.24889999628067017,0.2476000040769577,0.24819999933242798,0
2026-05-21 17:00:00+00:00,0.2483000010251999,0.2526000142097473,0.24799999594688416,0.25189998745918274,19126688
2026-05-21 18:00:00+00:00,0.25189998745918274,0.2533000111579895,0.25040000677108765,0.25130000710487366,19111264
2026-05-21 19:00:00+00:00,0.2513999938964844,0.25270000100135803,0.25119999051094055,0.2522999942302704,5635232
2026-05-21 20:00:00+00:00,0.25220000743865967,0.25279998779296875,0.2515999972820282,0.251800000667572,1819296
2026-05-21 21:00:00+00:00,0.25189998745918274,0.25290000438690186,0.2515999972820282,0.2515999972820282,0
2026-05-21 22:00:00+00:00,0.251800000667572,0.25189998745918274,0.25040000677108765,0.25060001015663147,0
2026-05-21 23:00:00+00:00,0.25049999356269836,0.2513999938964844,0.24969999492168427,0.25040000677108765,8192000
2026-05-22 00:00:00+00:00,0.25049999356269836,0.25060001015663147,0.249099999666214,0.2492000013589859,0
2026-05-22 01:00:00+00:00,0.24889999628067017,0.25029999017715454,0.24889999628067017,0.25029999017715454,0
2026-05-22 02:00:00+00:00,0.25029999017715454,0.25110000371932983,0.25,0.25040000677108765,0
2026-05-22 03:00:00+00:00,0.25060001015663147,0.251800000667572,0.2500999867916107,0.2515999972820282,4383968
2026-05-22 04:00:00+00:00,0.2515000104904175,0.2526000142097473,0.25099998712539673,0.2515000104904175,192800
2026-05-22 05:00:00+00:00,0.2515000104904175,0.25270000100135803,0.25119999051094055,0.2517000138759613,0
2026-05-22 06:00:00+00:00,0.2515999972820282,0.25189998745918274,0.25,0.2500999867916107,0
2026-05-22 07:00:00+00:00,0.25,0.2517000138759613,0.2492000013589859,0.25130000710487366,0
2026-05-22 08:00:00+00:00,0.2513999938964844,0.2524000108242035,0.25040000677108765,0.25130000710487366,1283360
2026-05-22 09:00:00+00:00,0.25119999051094055,0.25209999084472656,0.2508000135421753,0.25099998712539673,2302496
2026-05-22 10:00:00+00:00,0.2508000135421753,0.2515000104904175,0.25049999356269836,0.25110000371932983,0
2026-05-22 11:00:00+00:00,0.25130000710487366,0.2524000108242035,0.25060001015663147,0.2524000108242035,0
2026-05-22 12:00:00+00:00,0.2524000108242035,0.2540000081062317,0.251800000667572,0.2538999915122986,6293696
2026-05-22 13:00:00+00:00,0.2540000081062317,0.2542000114917755,0.25130000710487366,0.25200000405311584,12502048
2026-05-22 14:00:00+00:00,0.2515000104904175,0.2517000138759613,0.24889999628067017,0.2492000013589859,15235392
2026-05-22 15:00:00+00:00,0.249099999666214,0.25,0.24779999256134033,0.24950000643730164,12420480
2026-05-22 16:00:00+00:00,0.24940000474452972,0.2498999983072281,0.2483000010251999,0.24899999797344208,5696736
2026-05-22 17:00:00+00:00,0.249099999666214,0.2498999983072281,0.24819999933242798,0.24860000610351562,0
2026-05-22 18:00:00+00:00,0.24860000610351562,0.24889999628067017,0.243599995970726,0.24539999663829803,20061280
2026-05-22 19:00:00+00:00,0.24539999663829803,0.24580000340938568,0.24230000376701355,0.24400000274181366,39769280
2026-05-22 20:00:00+00:00,0.24410000443458557,0.24549999833106995,0.24410000443458557,0.24539999663829803,12842272
2026-05-22 21:00:00+00:00,0.2451999932527542,0.24650000035762787,0.2451000064611435,0.24580000340938568,3034368
2026-05-22 22:00:00+00:00,0.24570000171661377,0.2459000051021576,0.2443999946117401,0.24500000476837158,981536
2026-05-22 23:00:00+00:00,0.2451000064611435,0.24560000002384186,0.2410999983549118,0.24220000207424164,723936
2026-05-23 00:00:00+00:00,0.24230000376701355,0.24330000579357147,0.24140000343322754,0.24310000240802765,22661984
2026-05-23 01:00:00+00:00,0.24310000240802765,0.24369999766349792,0.24240000545978546,0.243599995970726,2587936
2026-05-23 02:00:00+00:00,0.243599995970726,0.24390000104904175,0.24310000240802765,0.243599995970726,1073344
2026-05-23 03:00:00+00:00,0.2434999942779541,0.24379999935626984,0.24330000579357147,0.2433999925851822,0
2026-05-23 04:00:00+00:00,0.2434999942779541,0.2434999942779541,0.24199999868869781,0.24210000038146973,2151680
2026-05-23 05:00:00+00:00,0.24210000038146973,0.24210000038146973,0.2410999983549118,0.241799995303154,0
2026-05-23 06:00:00+00:00,0.24169999361038208,0.24210000038146973,0.24130000174045563,0.241799995303154,0
2026-05-23 07:00:00+00:00,0.241799995303154,0.24210000038146973,0.23649999499320984,0.23770000040531158,36617472
2026-05-23 08:00:00+00:00,0.23759999871253967,0.2387000024318695,0.23690000176429749,0.23829999566078186,28897536
2026-05-23 09:00:00+00:00,0.23810000717639923,0.23839999735355377,0.23729999363422394,0.23810000717639923,5485760
2026-05-23 10:00:00+00:00,0.23819999396800995,0.23919999599456787,0.23819999396800995,0.23880000412464142,5684736
2026-05-23 11:00:00+00:00,0.23880000412464142,0.23909999430179596,0.23800000548362732,0.23810000717639923,1280000
2026-05-23 12:00:00+00:00,0.2379000037908554,0.23829999566078186,0.23770000040531158,0.23800000548362732,0
2026-05-23 13:00:00+00:00,0.23810000717639923,0.24089999496936798,0.23810000717639923,0.24060000479221344,0
2026-05-23 14:00:00+00:00,0.24070000648498535,0.2425999939441681,0.23999999463558197,0.24240000545978546,0
2026-05-23 15:00:00+00:00,0.24240000545978546,0.2433999925851822,0.24130000174045563,0.24210000038146973,0
2026-05-23 16:00:00+00:00,0.24210000038146973,0.24289999902248383,0.24160000681877136,0.24230000376701355,0
2026-05-23 17:00:00+00:00,0.24220000207424164,0.2425999939441681,0.24160000681877136,0.24220000207424164,0
2026-05-23 18:00:00+00:00,0.24230000376701355,0.2451000064611435,0.24210000038146973,0.24390000104904175,0
2026-05-23 19:00:00+00:00,0.24390000104904175,0.2443999946117401,0.24320000410079956,0.24390000104904175,0
2026-05-23 20:00:00+00:00,0.24400000274181366,0.24969999492168427,0.243599995970726,0.24969999492168427,13704032
2026-05-23 21:00:00+00:00,0.25,0.25040000677108765,0.24660000205039978,0.2475000023841858,20457024
2026-05-23 22:00:00+00:00,0.2476000040769577,0.2484000027179718,0.24529999494552612,0.24629999697208405,16026080
2026-05-23 23:00:00+00:00,0.24609999358654022,0.24639999866485596,0.24549999833106995,0.24580000340938568,0
2026-05-24 00:00:00+00:00,0.24580000340938568,0.24660000205039978,0.24529999494552612,0.2460000067949295,0
2026-05-24 01:00:00+00:00,0.2460000067949295,0.24639999866485596,0.24549999833106995,0.24609999358654022,0
2026-05-24 02:00:00+00:00,0.24609999358654022,0.24629999697208405,0.24459999799728394,0.24549999833106995,4700320
2026-05-24 03:00:00+00:00,0.24529999494552612,0.24570000171661377,0.24459999799728394,0.2451000064611435,341184
2026-05-24 04:00:00+00:00,0.2451000064611435,0.24580000340938568,0.24500000476837158,0.24549999833106995,0
2026-05-24 05:00:00+00:00,0.24549999833106995,0.2459000051021576,0.24480000138282776,0.2459000051021576,0
2026-05-24 06:00:00+00:00,0.2459000051021576,0.24609999358654022,0.2451000064611435,0.2460000067949295,0
2026-05-24 07:00:00+00:00,0.2460000067949295,0.2460000067949295,0.24480000138282776,0.24490000307559967,0
2026-05-24 08:00:00+00:00,0.2451999932527542,0.24570000171661377,0.24480000138282776,0.24560000002384186,0
2026-05-24 09:00:00+00:00,0.24560000002384186,0.2459000051021576,0.2451999932527542,0.24560000002384186,0
2026-05-24 10:00:00+00:00,0.24560000002384186,0.24639999866485596,0.24480000138282776,0.24500000476837158,0
2026-05-24 11:00:00+00:00,0.24500000476837158,0.24580000340938568,0.24500000476837158,0.24529999494552612,0
2026-05-24 12:00:00+00:00,0.24529999494552612,0.24529999494552612,0.24410000443458557,0.24469999969005585,0
2026-05-24 13:00:00+00:00,0.24469999969005585,0.24500000476837158,0.24300000071525574,0.243599995970726,0
2026-05-24 14:00:00+00:00,0.243599995970726,0.24390000104904175,0.24079999327659607,0.2425999939441681,341504
2026-05-24 15:00:00+00:00,0.2425999939441681,0.24289999902248383,0.24220000207424164,0.24269999563694,0
2026-05-24 16:00:00+00:00,0.2425999939441681,0.24330000579357147,0.24220000207424164,0.24279999732971191,0
2026-05-24 17:00:00+00:00,0.24279999732971191,0.24310000240802765,0.24250000715255737,0.24289999902248383,0
2026-05-24 18:00:00+00:00,0.24289999902248383,0.24300000071525574,0.241799995303154,0.24199999868869781,0
2026-05-24 19:00:00+00:00,0.24199999868869781,0.24269999563694,0.2418999969959259,0.24220000207424164,0
2026-05-24 20:00:00+00:00,0.24220000207424164,0.24240000545978546,0.24130000174045563,0.24160000681877136,0
2026-05-24 21:00:00+00:00,0.24160000681877136,0.24199999868869781,0.23829999566078186,0.23909999430179596,0
2026-05-24 22:00:00+00:00,0.23899999260902405,0.241799995303154,0.23899999260902405,0.24079999327659607,0
2026-05-24 23:00:00+00:00,0.24079999327659607,0.24250000715255737,0.24079999327659607,0.24199999868869781,522240
2026-05-25 00:00:00+00:00,0.24199999868869781,0.24300000071525574,0.24199999868869781,0.24240000545978546,2487296
2026-05-25 01:00:00+00:00,0.24250000715255737,0.24250000715255737,0.24060000479221344,0.24070000648498535,574112
2026-05-25 02:00:00+00:00,0.24079999327659607,0.2425999939441681,0.24079999327659607,0.24089999496936798,0
2026-05-25 03:00:00+00:00,0.2410999983549118,0.24120000004768372,0.2401999980211258,0.24070000648498535,1721056
2026-05-25 04:00:00+00:00,0.24070000648498535,0.24279999732971191,0.24040000140666962,0.24250000715255737,6380032
2026-05-25 05:00:00+00:00,0.24250000715255737,0.2434999942779541,0.24230000376701355,0.24300000071525574,3785408
2026-05-25 06:00:00+00:00,0.24320000410079956,0.24400000274181366,0.24250000715255737,0.24369999766349792,1170112
2026-05-25 07:00:00+00:00,0.24379999935626984,0.24480000138282776,0.24330000579357147,0.24480000138282776,11773344
2026-05-25 08:00:00+00:00,0.24469999969005585,0.24580000340938568,0.24369999766349792,0.24560000002384186,13982816
2026-05-25 09:00:00+00:00,0.24570000171661377,0.24580000340938568,0.24449999630451202,0.24449999630451202,3756864
2026-05-25 10:00:00+00:00,0.24449999630451202,0.2459000051021576,0.24449999630451202,0.24580000340938568,4929536
2026-05-25 11:00:00+00:00,0.24580000340938568,0.24580000340938568,0.24449999630451202,0.24469999969005585,1280224
2026-05-25 12:00:00+00:00,0.24480000138282776,0.2451999932527542,0.24420000612735748,0.2443999946117401,1829216
2026-05-25 13:00:00+00:00,0.2443999946117401,0.24529999494552612,0.24420000612735748,0.24500000476837158,0
2026-05-25 14:00:00+00:00,0.24500000476837158,0.2467000037431717,0.24500000476837158,0.2460000067949295,0
2026-05-25 15:00:00+00:00,0.2460000067949295,0.24699999392032623,0.2451999932527542,0.2459000051021576,9627968
2026-05-25 16:00:00+00:00,0.2459000051021576,0.2476000040769577,0.24560000002384186,0.24729999899864197,3216576
2026-05-25 17:00:00+00:00,0.24740000069141388,0.2475000023841858,0.2460000067949295,0.24629999697208405,2212608
2026-05-25 18:00:00+00:00,0.24629999697208405,0.24729999899864197,0.2460000067949295,0.24609999358654022,0
2026-05-25 19:00:00+00:00,0.24609999358654022,0.24609999358654022,0.24480000138282776,0.2451999932527542,1434880
2026-05-25 20:00:00+00:00,0.2451999932527542,0.2459000051021576,0.24390000104904175,0.2442999929189682,4514016
2026-05-25 21:00:00+00:00,0.2442999929189682,0.24490000307559967,0.24420000612735748,0.24449999630451202,0
2026-05-25 22:00:00+00:00,0.24449999630451202,0.24449999630451202,0.24210000038146973,0.24250000715255737,0
2026-05-25 23:00:00+00:00,0.24240000545978546,0.24390000104904175,0.24220000207424164,0.2434999942779541,0
2026-05-26 00:00:00+00:00,0.2434999942779541,0.2434999942779541,0.24050000309944153,0.2418999969959259,2430688
2026-05-26 01:00:00+00:00,0.24160000681877136,0.2418999969959259,0.23989999294281006,0.24070000648498535,9953504
2026-05-26 02:00:00+00:00,0.24070000648498535,0.24070000648498535,0.24009999632835388,0.24040000140666962,9502144
2026-05-26 03:00:00+00:00,0.2402999997138977,0.24079999327659607,0.23919999599456787,0.24070000648498535,0
2026-05-26 04:00:00+00:00,0.24070000648498535,0.24150000512599945,0.2402999997138977,0.2410999983549118,1385664
2026-05-26 05:00:00+00:00,0.24089999496936798,0.24269999563694,0.24070000648498535,0.2418999969959259,6574080
2026-05-26 06:00:00+00:00,0.2418999969959259,0.24220000207424164,0.2409999966621399,0.241799995303154,2988672
2026-05-26 07:00:00+00:00,0.24199999868869781,0.24210000038146973,0.24040000140666962,0.2409999966621399,0
2026-05-26 08:00:00+00:00,0.2409999966621399,0.24220000207424164,0.2409999966621399,0.2418999969959259,0
2026-05-26 09:00:00+00:00,0.2418999969959259,0.24240000545978546,0.24140000343322754,0.24199999868869781,0
2026-05-26 10:00:00+00:00,0.24199999868869781,0.24539999663829803,0.24150000512599945,0.24480000138282776,10704256
2026-05-26 11:00:00+00:00,0.24480000138282776,0.24490000307559967,0.24390000104904175,0.24400000274181366,3727488
2026-05-26 12:00:00+00:00,0.24400000274181366,0.24480000138282776,0.24310000240802765,0.24459999799728394,2252128
2026-05-26 13:00:00+00:00,0.24459999799728394,0.2451999932527542,0.24300000071525574,0.24480000138282776,9567712
2026-05-26 14:00:00+00:00,0.24490000307559967,0.24699999392032623,0.24310000240802765,0.24369999766349792,14978336
2026-05-26 15:00:00+00:00,0.24369999766349792,0.24390000104904175,0.24089999496936798,0.24240000545978546,18069024
2026-05-26 16:00:00+00:00,0.24230000376701355,0.24240000545978546,0.24040000140666962,0.24089999496936798,20191328
2026-05-26 17:00:00+00:00,0.2409999966621399,0.24150000512599945,0.2379000037908554,0.2395000010728836,28956800
2026-05-26 18:00:00+00:00,0.2393999993801117,0.24130000174045563,0.23909999430179596,0.23919999599456787,9673088
2026-05-26 19:00:00+00:00,0.23929999768733978,0.2402999997138977,0.2386000007390976,0.23980000615119934,1645248
2026-05-26 20:00:00+00:00,0.23989999294281006,0.24009999632835388,0.23929999768733978,0.24009999632835388,0
2026-05-26 21:00:00+00:00,0.24009999632835388,0.24060000479221344,0.23899999260902405,0.2393999993801117,1342144
2026-05-26 22:00:00+00:00,0.2395000010728836,0.24009999632835388,0.23890000581741333,0.23960000276565552,0
2026-05-26 23:00:00+00:00,0.23980000615119934,0.24050000309944153,0.23960000276565552,0.23980000615119934,0
2026-05-27 00:00:00+00:00,0.23989999294281006,0.24150000512599945,0.23980000615119934,0.24150000512599945,0
2026-05-27 01:00:00+00:00,0.24130000174045563,0.24150000512599945,0.23999999463558197,0.24009999632835388,0
2026-05-27 02:00:00+00:00,0.2401999980211258,0.2402999997138977,0.23899999260902405,0.2402999997138977,0
2026-05-27 03:00:00+00:00,0.2402999997138977,0.24050000309944153,0.2393999993801117,0.23980000615119934,0
2026-05-27 04:00:00+00:00,0.23970000445842743,0.24009999632835388,0.2371000051498413,0.2395000010728836,13696224
2026-05-27 05:00:00+00:00,0.2393999993801117,0.2401999980211258,0.23929999768733978,0.23960000276565552,0
2026-05-27 06:00:00+00:00,0.23970000445842743,0.24060000479221344,0.2393999993801117,0.2401999980211258,0
2026-05-27 07:00:00+00:00,0.2401999980211258,0.24040000140666962,0.2393999993801117,0.24009999632835388,0
2026-05-27 08:00:00+00:00,0.24009999632835388,0.24079999327659607,0.2395000010728836,0.23960000276565552,0
2026-05-27 09:00:00+00:00,0.2395000010728836,0.23960000276565552,0.2387000024318695,0.23899999260902405,1119904
2026-05-27 10:00:00+00:00,0.23909999430179596,0.23999999463558197,0.23880000412464142,0.2393999993801117,0
2026-05-27 11:00:00+00:00,0.23909999430179596,0.23989999294281006,0.23909999430179596,0.23929999768733978,0
2026-05-27 12:00:00+00:00,0.2393999993801117,0.24120000004768372,0.23819999396800995,0.23989999294281006,3628128
2026-05-27 13:00:00+00:00,0.23989999294281006,0.23999999463558197,0.2371000051498413,0.2387000024318695,7392992
2026-05-27 14:00:00+00:00,0.23899999260902405,0.23980000615119934,0.2378000020980835,0.23960000276565552,4039680
2026-05-27 15:00:00+00:00,0.2395000010728836,0.24300000071525574,0.2393999993801117,0.2409999966621399,0
2026-05-27 16:00:00+00:00,0.2409999966621399,0.24150000512599945,0.23970000445842743,0.24070000648498535,0
2026-05-27 17:00:00+00:00,0.24079999327659607,0.24079999327659607,0.23749999701976776,0.2379000037908554,0
2026-05-27 18:00:00+00:00,0.2378000020980835,0.2393999993801117,0.23749999701976776,0.23919999599456787,0
2026-05-27 19:00:00+00:00,0.2393999993801117,0.24079999327659607,0.2393999993801117,0.24050000309944153,3457152
2026-05-27 20:00:00+00:00,0.24060000479221344,0.24079999327659607,0.2395000010728836,0.23999999463558197,5672736
2026-05-27 21:00:00+00:00,0.23999999463558197,0.2402999997138977,0.23579999804496765,0.2371000051498413,18891168
2026-05-27 22:00:00+00:00,0.23720000684261322,0.23829999566078186,0.23589999973773956,0.2363000065088272,15584352
2026-05-27 23:00:00+00:00,0.2361000031232834,0.23729999363422394,0.23569999635219574,0.23690000176429749,12537504
2026-05-28 00:00:00+00:00,0.23690000176429749,0.23800000548362732,0.23669999837875366,0.2378000020980835,6921792
2026-05-28 01:00:00+00:00,0.2379000037908554,0.23800000548362732,0.23569999635219574,0.23690000176429749,4451008
2026-05-28 02:00:00+00:00,0.2371000051498413,0.23739999532699585,0.23639999330043793,0.23669999837875366,0
2026-05-28 03:00:00+00:00,0.23669999837875366,0.23690000176429749,0.2312999963760376,0.23180000483989716,32667168
2026-05-28 04:00:00+00:00,0.23190000653266907,0.23190000653266907,0.2287999987602234,0.23090000450611115,24643232
2026-05-28 05:00:00+00:00,0.23090000450611115,0.23100000619888306,0.22789999842643738,0.22949999570846558,23165504
2026-05-28 06:00:00+00:00,0.22939999401569366,0.23010000586509705,0.22840000689029694,0.22990000247955322,12200992
2026-05-28 07:00:00+00:00,0.22990000247955322,0.23119999468326569,0.22949999570846558,0.23109999299049377,11954272
2026-05-28 08:00:00+00:00,0.23119999468326569,0.23119999468326569,0.22930000722408295,0.22990000247955322,4704160
2026-05-28 09:00:00+00:00,0.23000000417232513,0.23170000314712524,0.23000000417232513,0.23119999468326569,2022848
2026-05-28 10:00:00+00:00,0.23119999468326569,0.23170000314712524,0.22930000722408295,0.22930000722408295,3262592
2026-05-28 11:00:00+00:00,0.22949999570846558,0.23019999265670776,0.22920000553131104,0.2298000007867813,4757440
2026-05-28 12:00:00+00:00,0.2298000007867813,0.23149999976158142,0.2287999987602234,0.2313999980688095,0
2026-05-28 13:00:00+00:00,0.2313999980688095,0.2321999967098236,0.22990000247955322,0.23100000619888306,0
2026-05-28 14:00:00+00:00,0.23100000619888306,0.2337999939918518,0.2290000021457672,0.23190000653266907,4498240
2026-05-28 15:00:00+00:00,0.23190000653266907,0.23360000550746918,0.2303999960422516,0.23270000517368317,0
2026-05-28 16:00:00+00:00,0.23260000348091125,0.2345999926328659,0.2312999963760376,0.23409999907016754,7425792
2026-05-28 17:00:00+00:00,0.23420000076293945,0.23499999940395355,0.23340000212192535,0.23479999601840973,4812800
2026-05-28 18:00:00+00:00,0.23479999601840973,0.23720000684261322,0.23469999432563782,0.23589999973773956,9678720
2026-05-28 19:00:00+00:00,0.23589999973773956,0.23589999973773956,0.23409999907016754,0.23409999907016754,0
2026-05-28 20:00:00+00:00,0.23420000076293945,0.23579999804496765,0.23330000042915344,0.23510000109672546,0
2026-05-28 21:00:00+00:00,0.23520000278949738,0.23600000143051147,0.23479999601840973,0.2353000044822693,0
2026-05-28 22:00:00+00:00,0.23510000109672546,0.23579999804496765,0.23360000550746918,0.2337999939918518,0
2026-05-28 23:00:00+00:00,0.23389999568462372,0.23520000278949738,0.2337999939918518,0.2345999926328659,0
2026-05-29 00:00:00+00:00,0.2345999926328659,0.23559999465942383,0.2345999926328659,0.23479999601840973,0
2026-05-29 01:00:00+00:00,0.23489999771118164,0.2353000044822693,0.23399999737739563,0.2345999926328659,0
2026-05-29 02:00:00+00:00,0.2345000058412552,0.23510000109672546,0.23260000348091125,0.23270000517368317,0
2026-05-29 03:00:00+00:00,0.23280000686645508,0.23440000414848328,0.23280000686645508,0.23309999704360962,0
2026-05-29 04:00:00+00:00,0.23309999704360962,0.23420000076293945,0.2321999967098236,0.23420000076293945,0
2026-05-29 05:00:00+00:00,0.23420000076293945,0.23499999940395355,0.23409999907016754,0.23499999940395355,0
2026-05-29 06:00:00+00:00,0.23499999940395355,0.23659999668598175,0.23499999940395355,0.23559999465942383,0
2026-05-29 07:00:00+00:00,0.23559999465942383,0.23600000143051147,0.23330000042915344,0.2345000058412552,0
2026-05-29 08:00:00+00:00,0.2345000058412552,0.2354000061750412,0.23440000414848328,0.23479999601840973,0
2026-05-29 09:00:00+00:00,0.23489999771118164,0.23569999635219574,0.23479999601840973,0.23510000109672546,0
2026-05-29 10:00:00+00:00,0.23510000109672546,0.23510000109672546,0.23389999568462372,0.2345000058412552,0
2026-05-29 11:00:00+00:00,0.2345000058412552,0.2345000058412552,0.23240000009536743,0.23309999704360962,0
2026-05-29 12:00:00+00:00,0.23319999873638153,0.23330000042915344,0.23160000145435333,0.2321999967098236,0
2026-05-29 13:00:00+00:00,0.2320999950170517,0.23270000517368317,0.2312999963760376,0.23229999840259552,0
2026-05-29 14:00:00+00:00,0.23240000009536743,0.23309999704360962,0.2296999990940094,0.23229999840259552,0
2026-05-29 15:00:00+00:00,0.23229999840259552,0.2379000037908554,0.23190000653266907,0.23549999296665192,22988352
2026-05-29 16:00:00+00:00,0.23549999296665192,0.23589999973773956,0.23330000042915344,0.23489999771118164,3942528
2026-05-29 17:00:00+00:00,0.23499999940395355,0.23589999973773956,0.23399999737739563,0.23440000414848328,8905600
2026-05-29 18:00:00+00:00,0.2345000058412552,0.2345999926328659,0.23090000450611115,0.23180000483989716,2240320
2026-05-29 19:00:00+00:00,0.23190000653266907,0.23319999873638153,0.2303999960422516,0.23250000178813934,3038976
2026-05-29 20:00:00+00:00,0.23250000178813934,0.23330000042915344,0.2321999967098236,0.23260000348091125,0
2026-05-29 21:00:00+00:00,0.23270000517368317,0.2337000072002411,0.23190000653266907,0.23190000653266907,440000
2026-05-29 22:00:00+00:00,0.23199999332427979,0.23319999873638153,0.23180000483989716,0.23270000517368317,0
2026-05-29 23:00:00+00:00,0.23270000517368317,0.23340000212192535,0.23149999976158142,0.23260000348091125,9967936
2026-05-30 00:00:00+00:00,0.23270000517368317,0.23510000109672546,0.2321999967098236,0.23479999601840973,7743712
2026-05-30 01:00:00+00:00,0.23479999601840973,0.23749999701976776,0.23440000414848328,0.23739999532699585,16773120
2026-05-30 02:00:00+00:00,0.23739999532699585,0.23839999735355377,0.23690000176429749,0.23819999396800995,19576864
2026-05-30 03:00:00+00:00,0.23819999396800995,0.23899999260902405,0.23589999973773956,0.2362000048160553,15003680
2026-05-30 04:00:00+00:00,0.2362000048160553,0.23680000007152557,0.23350000381469727,0.23469999432563782,18051424
2026-05-30 05:00:00+00:00,0.2345999926328659,0.23549999296665192,0.23430000245571136,0.2354000061750412,9841088
2026-05-30 06:00:00+00:00,0.2354000061750412,0.23589999973773956,0.23479999601840973,0.23499999940395355,0
2026-05-30 07:00:00+00:00,0.23499999940395355,0.23520000278949738,0.23430000245571136,0.23499999940395355,0
2026-05-30 08:00:00+00:00,0.23499999940395355,0.23520000278949738,0.23389999568462372,0.23389999568462372,0
2026-05-30 09:00:00+00:00,0.23389999568462372,0.2353000044822693,0.2337000072002411,0.23489999771118164,433504
2026-05-30 10:00:00+00:00,0.23489999771118164,0.2353000044822693,0.23430000245571136,0.2345999926328659,799296
2026-05-30 11:00:00+00:00,0.2345000058412552,0.23520000278949738,0.23399999737739563,0.23499999940395355,189664
2026-05-30 12:00:00+00:00,0.23489999771118164,0.23520000278949738,0.2345999926328659,0.23510000109672546,0
2026-05-30 13:00:00+00:00,0.23510000109672546,0.23569999635219574,0.23469999432563782,0.23559999465942383,0
2026-05-30 14:00:00+00:00,0.23559999465942383,0.23639999330043793,0.2353000044822693,0.23589999973773956,0
2026-05-30 15:00:00+00:00,0.23589999973773956,0.23669999837875366,0.23579999804496765,0.2361000031232834,0
2026-05-30 16:00:00+00:00,0.2362000048160553,0.23680000007152557,0.23569999635219574,0.23649999499320984,0
2026-05-30 17:00:00+00:00,0.23659999668598175,0.2370000034570694,0.23549999296665192,0.23690000176429749,0
2026-05-30 18:00:00+00:00,0.23690000176429749,0.23749999701976776,0.23639999330043793,0.23749999701976776,0
2026-05-30 19:00:00+00:00,0.23749999701976776,0.23749999701976776,0.23649999499320984,0.23690000176429749,0
2026-05-30 20:00:00+00:00,0.2370000034570694,0.23739999532699585,0.23659999668598175,0.23739999532699585,3790176
2026-05-30 21:00:00+00:00,0.23749999701976776,0.23819999396800995,0.23720000684261322,0.23720000684261322,852800
2026-05-30 22:00:00+00:00,0.23720000684261322,0.23720000684261322,0.2353000044822693,0.23569999635219574,5558656
2026-05-30 23:00:00+00:00,0.23569999635219574,0.2362000048160553,0.23499999940395355,0.23549999296665192,0
2026-05-31 00:00:00+00:00,0.23569999635219574,0.23639999330043793,0.2353000044822693,0.23639999330043793,0
2026-05-31 01:00:00+00:00,0.23649999499320984,0.2370000034570694,0.2361000031232834,0.23649999499320984,0
2026-05-31 02:00:00+00:00,0.23639999330043793,0.23770000040531158,0.2363000065088272,0.2370000034570694,0
2026-05-31 03:00:00+00:00,0.2371000051498413,0.23810000717639923,0.2371000051498413,0.23770000040531158,0
2026-05-31 04:00:00+00:00,0.23759999871253967,0.23839999735355377,0.23739999532699585,0.23819999396800995,0
2026-05-31 05:00:00+00:00,0.23819999396800995,0.23819999396800995,0.23720000684261322,0.23739999532699585,0
2026-05-31 06:00:00+00:00,0.23739999532699585,0.2378000020980835,0.2370000034570694,0.23749999701976776,0
2026-05-31 07:00:00+00:00,0.23739999532699585,0.23739999532699585,0.23589999973773956,0.23649999499320984,205488
2026-05-31 08:00:00+00:00,0.23649999499320984,0.23729999363422394,0.2363000065088272,0.23680000007152557,470448
2026-05-31 09:00:00+00:00,0.23680000007152557,0.2378000020980835,0.2363000065088272,0.23690000176429749,0
2026-05-31 10:00:00+00:00,0.23680000007152557,0.23690000176429749,0.2353000044822693,0.23680000007152557,1997744
2026-05-31 11:00:00+00:00,0.23680000007152557,0.2371000051498413,0.23639999330043793,0.23680000007152557,0
2026-05-31 12:00:00+00:00,0.23680000007152557,0.2378000020980835,0.2361000031232834,0.23739999532699585,23040
2026-05-31 13:00:00+00:00,0.23739999532699585,0.23759999871253967,0.23639999330043793,0.23649999499320984,0
2026-05-31 14:00:00+00:00,0.23649999499320984,0.23659999668598175,0.23350000381469727,0.2337000072002411,16909888
2026-05-31 15:00:00+00:00,0.23360000550746918,0.23469999432563782,0.23340000212192535,0.23350000381469727,6375008
2026-05-31 16:00:00+00:00,0.23350000381469727,0.23389999568462372,0.2320999950170517,0.23260000348091125,6210688
2026-05-31 17:00:00+00:00,0.23260000348091125,0.23319999873638153,0.23180000483989716,0.23309999704360962,2752512
2026-05-31 18:00:00+00:00,0.2329999953508377,0.23309999704360962,0.23229999840259552,0.2328999936580658,0
2026-05-31 19:00:00+00:00,0.2328999936580658,0.23309999704360962,0.23160000145435333,0.23260000348091125,0
2026-05-31 20:00:00+00:00,0.23260000348091125,0.2337999939918518,0.23260000348091125,0.23360000550746918,0
2026-05-31 21:00:00+00:00,0.23360000550746918,0.23510000109672546,0.23340000212192535,0.2345999926328659,0
2026-05-31 22:00:00+00:00,0.23469999432563782,0.23569999635219574,0.23399999737739563,0.23549999296665192,0
2026-05-31 23:00:00+00:00,0.23559999465942383,0.23659999668598175,0.23409999907016754,0.2353000044822693,5613280
2026-06-01 00:00:00+00:00,0.2354000061750412,0.2371000051498413,0.23520000278949738,0.23639999330043793,5275840
2026-06-01 01:00:00+00:00,0.23649999499320984,0.23649999499320984,0.2329999953508377,0.23309999704360962,4298944
2026-06-01 02:00:00+00:00,0.2328999936580658,0.23649999499320984,0.23250000178813934,0.23600000143051147,4495200
2026-06-01 03:00:00+00:00,0.23600000143051147,0.2371000051498413,0.23589999973773956,0.23639999330043793,3483296
2026-06-01 04:00:00+00:00,0.23639999330043793,0.23739999532699585,0.2329999953508377,0.23409999907016754,5781248
2026-06-01 05:00:00+00:00,0.23399999737739563,0.2345999926328659,0.23309999704360962,0.2337000072002411,8696288
2026-06-01 06:00:00+00:00,0.2337000072002411,0.23399999737739563,0.23170000314712524,0.23270000517368317,7772608
2026-06-01 07:00:00+00:00,0.23270000517368317,0.2328999936580658,0.2303999960422516,0.23070000112056732,12738240
2026-06-01 08:00:00+00:00,0.23070000112056732,0.23149999976158142,0.23010000586509705,0.23100000619888306,11966304
2026-06-01 09:00:00+00:00,0.23100000619888306,0.2320999950170517,0.23100000619888306,0.2313999980688095,8056640
2026-06-01 10:00:00+00:00,0.23149999976158142,0.23160000145435333,0.2303999960422516,0.23100000619888306,6361056
2026-06-01 11:00:00+00:00,0.23109999299049377,0.23180000483989716,0.22930000722408295,0.23000000417232513,14815072
2026-06-01 12:00:00+00:00,0.23019999265670776,0.2312999963760376,0.2290000021457672,0.23029999434947968,25029728
2026-06-01 13:00:00+00:00,0.23029999434947968,0.2304999977350235,0.22709999978542328,0.22849999368190765,22989728
2026-06-01 14:00:00+00:00,0.2281000018119812,0.2289000004529953,0.226500004529953,0.22709999978542328,13081760
2026-06-01 15:00:00+00:00,0.2272000014781952,0.22779999673366547,0.22509999573230743,0.22669999301433563,13732352
2026-06-01 16:00:00+00:00,0.22669999301433563,0.2303999960422516,0.22599999606609344,0.23010000586509705,7173792
2026-06-01 17:00:00+00:00,0.23019999265670776,0.23149999976158142,0.2295999974012375,0.23080000281333923,13702752
2026-06-01 18:00:00+00:00,0.23070000112056732,0.23160000145435333,0.22990000247955322,0.23019999265670776,3477632
2026-06-01 19:00:00+00:00,0.23019999265670776,0.23160000145435333,0.2296999990940094,0.23119999468326569,4392064
2026-06-01 20:00:00+00:00,0.23119999468326569,0.2312999963760376,0.23000000417232513,0.2305999994277954,0
2026-06-01 21:00:00+00:00,0.23070000112056732,0.23070000112056732,0.2287999987602234,0.22920000553131104,1751328
2026-06-01 22:00:00+00:00,0.22910000383853912,0.2305999994277954,0.2281000018119812,0.2304999977350235,6263424
2026-06-01 23:00:00+00:00,0.2304999977350235,0.2313999980688095,0.2298000007867813,0.23080000281333923,167008
2026-06-02 00:00:00+00:00,0.23080000281333923,0.23100000619888306,0.22920000553131104,0.22939999401569366,0
2026-06-02 01:00:00+00:00,0.22939999401569366,0.2295999974012375,0.22689999639987946,0.22689999639987946,0
2026-06-02 02:00:00+00:00,0.22699999809265137,0.22759999334812164,0.22429999709129333,0.22750000655651093,15107648
2026-06-02 03:00:00+00:00,0.22779999673366547,0.22830000519752502,0.22689999639987946,0.22769999504089355,3294656
2026-06-02 04:00:00+00:00,0.22769999504089355,0.2282000035047531,0.22529999911785126,0.22550000250339508,0
2026-06-02 05:00:00+00:00,0.22550000250339508,0.22619999945163727,0.22349999845027924,0.22419999539852142,6380864
2026-06-02 06:00:00+00:00,0.22419999539852142,0.22439999878406525,0.22280000150203705,0.22349999845027924,14436096
2026-06-02 07:00:00+00:00,0.22360000014305115,0.22460000216960907,0.2223999947309494,0.22370000183582306,768960
2026-06-02 08:00:00+00:00,0.22370000183582306,0.22419999539852142,0.22339999675750732,0.22370000183582306,0
2026-06-02 09:00:00+00:00,0.22360000014305115,0.22380000352859497,0.22210000455379486,0.22310000658035278,3229216
2026-06-02 10:00:00+00:00,0.22310000658035278,0.22429999709129333,0.2223999947309494,0.2240999937057495,0
2026-06-02 11:00:00+00:00,0.2240000069141388,0.2240999937057495,0.22269999980926514,0.22280000150203705,0
2026-06-02 12:00:00+00:00,0.22269999980926514,0.2231999933719635,0.2214999943971634,0.22300000488758087,0
2026-06-02 13:00:00+00:00,0.22269999980926514,0.22360000014305115,0.22220000624656677,0.22259999811649323,0
2026-06-02 14:00:00+00:00,0.22259999811649323,0.22259999811649323,0.2168000042438507,0.21899999678134918,47051488
2026-06-02 15:00:00+00:00,0.21899999678134918,0.219200000166893,0.21379999816417694,0.2151000052690506,34813184
2026-06-02 16:00:00+00:00,0.2150000035762787,0.21870000660419464,0.21449999511241913,0.21799999475479126,17070368
2026-06-02 17:00:00+00:00,0.21809999644756317,0.21879999339580536,0.21699999272823334,0.2184000015258789,24497312
2026-06-02 18:00:00+00:00,0.21850000321865082,0.21889999508857727,0.21529999375343323,0.21610000729560852,7447296
2026-06-02 19:00:00+00:00,0.21610000729560852,0.21649999916553497,0.21220000088214874,0.21549999713897705,27270144
2026-06-02 20:00:00+00:00,0.21529999375343323,0.2168000042438507,0.21369999647140503,0.2160000056028366,15582912
2026-06-02 21:00:00+00:00,0.21610000729560852,0.21799999475479126,0.21529999375343323,0.21639999747276306,5636928
2026-06-02 22:00:00+00:00,0.21649999916553497,0.21649999916553497,0.2110999971628189,0.21199999749660492,10392832
2026-06-02 23:00:00+00:00,0.21220000088214874,0.21299999952316284,0.20919999480247498,0.2125999927520752,31137920
2026-06-03 00:00:00+00:00,0.2126999944448471,0.21410000324249268,0.21230000257492065,0.2134000062942505,9459904
2026-06-03 01:00:00+00:00,0.21330000460147858,0.21439999341964722,0.21199999749660492,0.21359999477863312,2319744
2026-06-03 02:00:00+00:00,0.2134999930858612,0.21359999477863312,0.21119999885559082,0.21199999749660492,0
2026-06-03 03:00:00+00:00,0.21220000088214874,0.21240000426769257,0.20730000734329224,0.2084999978542328,18605696
2026-06-03 04:00:00+00:00,0.2087000012397766,0.211899995803833,0.2087000012397766,0.21160000562667847,9308736
2026-06-03 05:00:00+00:00,0.21160000562667847,0.2150000035762787,0.21160000562667847,0.21469999849796295,8473088
2026-06-03 06:00:00+00:00,0.21469999849796295,0.21660000085830688,0.21449999511241913,0.2151000052690506,0
2026-06-03 07:00:00+00:00,0.2152000069618225,0.21789999306201935,0.21480000019073486,0.21690000593662262,0
2026-06-03 08:00:00+00:00,0.21690000593662262,0.21719999611377716,0.2159000039100647,0.21619999408721924,2727168
2026-06-03 09:00:00+00:00,0.21619999408721924,0.21709999442100525,0.2152000069618225,0.2160000056028366,3746944
2026-06-03 10:00:00+00:00,0.21610000729560852,0.21819999814033508,0.2160000056028366,0.21739999949932098,15738432
2026-06-03 11:00:00+00:00,0.21739999949932098,0.21809999644756317,0.21539999544620514,0.2159000039100647,3535040
2026-06-03 12:00:00+00:00,0.2159000039100647,0.21619999408721924,0.21469999849796295,0.21539999544620514,2573376
2026-06-03 13:00:00+00:00,0.21549999713897705,0.21619999408721924,0.21410000324249268,0.2150000035762787,6292672
2026-06-03 14:00:00+00:00,0.21490000188350677,0.21529999375343323,0.21299999952316284,0.21369999647140503,0
2026-06-03 15:00:00+00:00,0.21379999816417694,0.21439999341964722,0.21119999885559082,0.21170000731945038,0
2026-06-03 16:00:00+00:00,0.211899995803833,0.211899995803833,0.20749999582767487,0.20919999480247498,11197056
2026-06-03 17:00:00+00:00,0.20919999480247498,0.21060000360012054,0.20739999413490295,0.20960000157356262,0
2026-06-03 18:00:00+00:00,0.20960000157356262,0.20960000157356262,0.2069000005722046,0.20810000598430634,29504
2026-06-03 19:00:00+00:00,0.20819999277591705,0.20839999616146088,0.20409999787807465,0.20440000295639038,0
2026-06-03 20:00:00+00:00,0.2045000046491623,0.20559999346733093,0.20069999992847443,0.20190000534057617,28839104
2026-06-03 21:00:00+00:00,0.20200000703334808,0.20520000159740448,0.20160000026226044,0.20520000159740448,19275520
2026-06-03 22:00:00+00:00,0.20509999990463257,0.20630000531673431,0.20200000703334808,0.20229999721050262,3827392
2026-06-03 23:00:00+00:00,0.20229999721050262,0.20250000059604645,0.19990000128746033,0.20020000636577606,109056
2026-06-04 00:00:00+00:00,0.20020000636577606,0.2013999968767166,0.19580000638961792,0.19750000536441803,43370880
2026-06-04 01:00:00+00:00,0.19760000705718994,0.19869999587535858,0.19130000472068787,0.19210000336170197,46594816
2026-06-04 02:00:00+00:00,0.1923999935388565,0.19599999487400055,0.1875,0.19470000267028809,84902720
2026-06-04 03:00:00+00:00,0.19499999284744263,0.20010000467300415,0.19499999284744263,0.19949999451637268,16957440
2026-06-04 04:00:00+00:00,0.1995999962091446,0.20090000331401825,0.19859999418258667,0.1987999975681305,9497920
2026-06-04 05:00:00+00:00,0.1987999975681305,0.1987999975681305,0.19539999961853027,0.1965000033378601,4581184
2026-06-04 06:00:00+00:00,0.19629999995231628,0.19949999451637268,0.19599999487400055,0.19760000705718994,481024
2026-06-04 07:00:00+00:00,0.19760000705718994,0.19779999554157257,0.19449999928474426,0.19449999928474426,0
2026-06-04 08:00:00+00:00,0.19449999928474426,0.1956000030040741,0.19259999692440033,0.19329999387264252,7403968
2026-06-04 09:00:00+00:00,0.1932000070810318,0.1932000070810318,0.18780000507831573,0.19040000438690186,23062912
2026-06-04 10:00:00+00:00,0.19009999930858612,0.19020000100135803,0.1868000030517578,0.18770000338554382,201984
2026-06-04 11:00:00+00:00,0.18790000677108765,0.19009999930858612,0.18700000643730164,0.1898999959230423,44493696
2026-06-04 12:00:00+00:00,0.19009999930858612,0.1923999935388565,0.1882999986410141,0.1914999932050705,19787520
2026-06-04 13:00:00+00:00,0.19169999659061432,0.19179999828338623,0.18690000474452972,0.18889999389648438,14674432
2026-06-04 14:00:00+00:00,0.1891999989748001,0.1898999959230423,0.18770000338554382,0.18950000405311584,9377216
2026-06-04 15:00:00+00:00,0.18930000066757202,0.19210000336170197,0.18860000371932983,0.18870000541210175,2051520
2026-06-04 16:00:00+00:00,0.18870000541210175,0.18870000541210175,0.1859000027179718,0.18700000643730164,0
2026-06-04 17:00:00+00:00,0.1868000030517578,0.18930000066757202,0.18639999628067017,0.18809999525547028,5196928
2026-06-04 18:00:00+00:00,0.1881999969482422,0.19030000269412994,0.18539999425411224,0.1881999969482422,10439936
2026-06-04 19:00:00+00:00,0.18809999525547028,0.1891999989748001,0.1859000027179718,0.18639999628067017,0
2026-06-04 20:00:00+00:00,0.18639999628067017,0.18639999628067017,0.1834000051021576,0.1843000054359436,0
2026-06-04 21:00:00+00:00,0.18389999866485596,0.1843000054359436,0.17870000004768372,0.18029999732971191,13794752
2026-06-04 22:00:00+00:00,0.18019999563694,0.18209999799728394,0.17970000207424164,0.18160000443458557,898944
2026-06-04 23:00:00+00:00,0.18150000274181366,0.18320000171661377,0.179299995303154,0.17960000038146973,270528
2026-06-05 00:00:00+00:00,0.179299995303154,0.17949999868869781,0.17399999499320984,0.17440000176429749,0
2026-06-05 01:00:00+00:00,0.17430000007152557,0.1745000034570694,0.17139999568462372,0.1720999926328659,0
2026-06-05 02:00:00+00:00,0.1720999926328659,0.1720999926328659,0.16300000250339508,0.16359999775886536,0
2026-06-05 03:00:00+00:00,0.16339999437332153,0.16519999504089355,0.15790000557899475,0.1582999974489212,43076160
2026-06-05 04:00:00+00:00,0.15839999914169312,0.16859999299049377,0.15800000727176666,0.16850000619888306,65206912
2026-06-05 05:00:00+00:00,0.16850000619888306,0.16899999976158142,0.16380000114440918,0.16439999639987946,7136832
2026-06-05 06:00:00+00:00,0.16439999639987946,0.16519999504089355,0.16009999811649323,0.1615000069141388,43089024
2026-06-05 07:00:00+00:00,0.1615999937057495,0.1655000001192093,0.15870000422000885,0.16329999268054962,44603584
2026-06-05 08:00:00+00:00,0.16329999268054962,0.16329999268054962,0.15850000083446503,0.16050000488758087,12911488
2026-06-05 09:00:00+00:00,0.1607999950647354,0.16500000655651093,0.16040000319480896,0.164000004529953,0
2026-06-05 10:00:00+00:00,0.164000004529953,0.16609999537467957,0.16279999911785126,0.16380000114440918,0
2026-06-05 11:00:00+00:00,0.16369999945163727,0.164000004529953,0.16130000352859497,0.1624000072479248,12382464
2026-06-05 12:00:00+00:00,0.16220000386238098,0.16380000114440918,0.1606999933719635,0.16259999573230743,0
2026-06-05 13:00:00+00:00,0.16300000250339508,0.16509999334812164,0.15940000116825104,0.15960000455379486,5939968
2026-06-05 14:00:00+00:00,0.15960000455379486,0.16300000250339508,0.15790000557899475,0.16040000319480896,24553856
2026-06-05 15:00:00+00:00,0.16030000150203705,0.16089999675750732,0.15649999678134918,0.15710000693798065,18050688
2026-06-05 16:00:00+00:00,0.15710000693798065,0.1632000058889389,0.15459999442100525,0.16269999742507935,49087872
2026-06-05 17:00:00+00:00,0.16290000081062317,0.16359999775886536,0.15970000624656677,0.1607999950647354,3107712
2026-06-05 18:00:00+00:00,0.1607999950647354,0.16259999573230743,0.15719999372959137,0.15770000219345093,0
2026-06-05 19:00:00+00:00,0.1574999988079071,0.16169999539852142,0.1550000011920929,0.16050000488758087,14193152
2026-06-05 20:00:00+00:00,0.16060000658035278,0.16329999268054962,0.1582999974489212,0.1624000072479248,13685504
2026-06-05 21:00:00+00:00,0.1623000055551529,0.16380000114440918,0.1615999937057495,0.16259999573230743,0
2026-06-05 22:00:00+00:00,0.1623000055551529,0.1623000055551529,0.15880000591278076,0.15960000455379486,0
2026-06-05 23:00:00+00:00,0.1597999930381775,0.16040000319480896,0.1550000011920929,0.156700000166893,0
2026-06-06 00:00:00+00:00,0.156700000166893,0.16189999878406525,0.156700000166893,0.16140000522136688,0
2026-06-06 01:00:00+00:00,0.16140000522136688,0.16249999403953552,0.15790000557899475,0.15870000422000885,0
2026-06-06 02:00:00+00:00,0.15850000083446503,0.15850000083446503,0.15530000627040863,0.15549999475479126,0
2026-06-06 03:00:00+00:00,0.15539999306201935,0.15600000321865082,0.15389999747276306,0.15520000457763672,0
2026-06-06 04:00:00+00:00,0.1550000011920929,0.1559000015258789,0.14880000054836273,0.14980000257492065,0
2026-06-06 05:00:00+00:00,0.14949999749660492,0.15479999780654907,0.1485999971628189,0.15369999408721924,25675200
2026-06-06 06:00:00+00:00,0.15360000729560852,0.15620000660419464,0.15360000729560852,0.15399999916553497,0
2026-06-06 07:00:00+00:00,0.1542000025510788,0.1582999974489212,0.15399999916553497,0.15729999542236328,0
2026-06-06 08:00:00+00:00,0.1573999971151352,0.1597999930381775,0.15649999678134918,0.15929999947547913,0
2026-06-06 09:00:00+00:00,0.15940000116825104,0.16019999980926514,0.15629999339580536,0.1565999984741211,0
2026-06-06 10:00:00+00:00,0.156700000166893,0.156700000166893,0.1535000056028366,0.15440000593662262,0
2026-06-06 11:00:00+00:00,0.15440000593662262,0.1565999984741211,0.1542000025510788,0.15620000660419464,0
2026-06-06 12:00:00+00:00,0.15620000660419464,0.15940000116825104,0.15489999949932098,0.1582999974489212,0
2026-06-06 13:00:00+00:00,0.1581999957561493,0.15960000455379486,0.15780000388622284,0.15839999914169312,0
2026-06-06 14:00:00+00:00,0.1582999974489212,0.1615000069141388,0.1582999974489212,0.1599999964237213,0
2026-06-06 15:00:00+00:00,0.1599999964237213,0.16030000150203705,0.15700000524520874,0.1582999974489212,0
2026-06-06 16:00:00+00:00,0.15839999914169312,0.16009999811649323,0.1574999988079071,0.1598999947309494,0
2026-06-06 17:00:00+00:00,0.1598999947309494,0.1599999964237213,0.15710000693798065,0.15760000050067902,0
2026-06-06 18:00:00+00:00,0.1573999971151352,0.15880000591278076,0.156700000166893,0.15690000355243683,0
2026-06-06 19:00:00+00:00,0.15690000355243683,0.15800000727176666,0.156700000166893,0.15680000185966492,0
2026-06-06 20:00:00+00:00,0.156700000166893,0.1573999971151352,0.15610000491142273,0.15700000524520874,0
2026-06-06 21:00:00+00:00,0.15690000355243683,0.15860000252723694,0.15690000355243683,0.15719999372959137,0
2026-06-06 22:00:00+00:00,0.15690000355243683,0.15719999372959137,0.15559999644756317,0.155799999833107,0
2026-06-06 23:00:00+00:00,0.1559000015258789,0.1574999988079071,0.15559999644756317,0.15729999542236328,0
2026-06-07 00:00:00+00:00,0.15729999542236328,0.15839999914169312,0.156700000166893,0.1573999971151352,0
2026-06-07 01:00:00+00:00,0.1573999971151352,0.16189999878406525,0.15719999372959137,0.16089999675750732,6345216
2026-06-07 02:00:00+00:00,0.1607999950647354,0.16169999539852142,0.15950000286102295,0.1607999950647354,0
2026-06-07 03:00:00+00:00,0.1607999950647354,0.16210000216960907,0.16030000150203705,0.16140000522136688,0
2026-06-07 04:00:00+00:00,0.16140000522136688,0.1624000072479248,0.15970000624656677,0.16220000386238098,0
2026-06-07 05:00:00+00:00,0.16210000216960907,0.16220000386238098,0.16060000658035278,0.16120000183582306,0
2026-06-07 06:00:00+00:00,0.16110000014305115,0.16290000081062317,0.16009999811649323,0.16120000183582306,0
2026-06-07 07:00:00+00:00,0.16110000014305115,0.16249999403953552,0.1606999933719635,0.1623000055551529,0
2026-06-07 08:00:00+00:00,0.16220000386238098,0.16539999842643738,0.16169999539852142,0.164900004863739,0
2026-06-07 09:00:00+00:00,0.1648000031709671,0.16680000722408295,0.1647000014781952,0.16500000655651093,13800448
2026-06-07 10:00:00+00:00,0.16509999334812164,0.16599999368190765,0.16339999437332153,0.16419999301433563,0
2026-06-07 11:00:00+00:00,0.16439999639987946,0.1655000001192093,0.1639000028371811,0.16459999978542328,767360
2026-06-07 12:00:00+00:00,0.1647000014781952,0.164900004863739,0.16050000488758087,0.1615000069141388,5443712
2026-06-07 13:00:00+00:00,0.1615000069141388,0.16220000386238098,0.16089999675750732,0.16189999878406525,0
2026-06-07 14:00:00+00:00,0.16200000047683716,0.1639000028371811,0.16169999539852142,0.16269999742507935,0
2026-06-07 15:00:00+00:00,0.16259999573230743,0.16290000081062317,0.1615999937057495,0.16220000386238098,0
2026-06-07 16:00:00+00:00,0.16220000386238098,0.163100004196167,0.16200000047683716,0.16249999403953552,0
2026-06-07 17:00:00+00:00,0.16249999403953552,0.1639000028371811,0.16210000216960907,0.16290000081062317,0
2026-06-07 18:00:00+00:00,0.16290000081062317,0.16359999775886536,0.16179999709129333,0.16179999709129333,0
2026-06-07 19:00:00+00:00,0.16169999539852142,0.16169999539852142,0.15790000557899475,0.15850000083446503,13937568
2026-06-07 20:00:00+00:00,0.1582999974489212,0.16089999675750732,0.15809999406337738,0.16060000658035278,3974304
2026-06-07 21:00:00+00:00,0.1606999933719635,0.16099999845027924,0.15960000455379486,0.16060000658035278,1909056
2026-06-07 22:00:00+00:00,0.1607999950647354,0.16840000450611115,0.16060000658035278,0.16439999639987946,45021728
2026-06-07 23:00:00+00:00,0.16439999639987946,0.16609999537467957,0.16439999639987946,0.16519999504089355,3807360
2026-06-08 00:00:00+00:00,0.16519999504089355,0.1665000021457672,0.16410000622272491,0.16529999673366547,10037504
2026-06-08 01:00:00+00:00,0.16529999673366547,0.16529999673366547,0.16130000352859497,0.1632000058889389,0
2026-06-08 02:00:00+00:00,0.16329999268054962,0.16419999301433563,0.16269999742507935,0.16349999606609344,0
2026-06-08 03:00:00+00:00,0.16349999606609344,0.16500000655651093,0.16279999911785126,0.164000004529953,0
2026-06-08 04:00:00+00:00,0.164000004529953,0.16419999301433563,0.16099999845027924,0.16140000522136688,0
2026-06-08 05:00:00+00:00,0.16130000352859497,0.16179999709129333,0.1598999947309494,0.1606999933719635,0
2026-06-08 06:00:00+00:00,0.1607999950647354,0.1623000055551529,0.1606999933719635,0.16169999539852142,0
2026-06-08 07:00:00+00:00,0.16169999539852142,0.16380000114440918,0.1606999933719635,0.16359999775886536,0
2026-06-08 08:00:00+00:00,0.16359999775886536,0.16369999945163727,0.16220000386238098,0.16329999268054962,0
2026-06-08 09:00:00+00:00,0.16329999268054962,0.16519999504089355,0.16279999911785126,0.16509999334812164,0
2026-06-08 10:00:00+00:00,0.16509999334812164,0.1657000035047531,0.16349999606609344,0.16429999470710754,0
2026-06-08 11:00:00+00:00,0.16439999639987946,0.1679999977350235,0.164000004529953,0.16760000586509705,8332224
2026-06-08 12:00:00+00:00,0.16750000417232513,0.16830000281333923,0.1648000031709671,0.16750000417232513,0
2026-06-08 13:00:00+00:00,0.16750000417232513,0.16779999434947968,0.1655000001192093,0.16609999537467957,6759904
2026-06-08 14:00:00+00:00,0.16619999706745148,0.16830000281333923,0.1655000001192093,0.1679999977350235,2695712
2026-06-08 15:00:00+00:00,0.16820000112056732,0.1712000072002411,0.1679999977350235,0.16920000314712524,22755680
2026-06-08 16:00:00+00:00,0.16940000653266907,0.1720999926328659,0.16769999265670776,0.16779999434947968,13965920
2026-06-08 17:00:00+00:00,0.16779999434947968,0.17000000178813934,0.1670999974012375,0.16979999840259552,7011136
2026-06-08 18:00:00+00:00,0.17000000178813934,0.17249999940395355,0.17000000178813934,0.17090000212192535,7255616
2026-06-08 19:00:00+00:00,0.17080000042915344,0.17249999940395355,0.17080000042915344,0.17180000245571136,0
2026-06-08 20:00:00+00:00,0.17190000414848328,0.17190000414848328,0.16869999468326569,0.17080000042915344,0
2026-06-08 21:00:00+00:00,0.17090000212192535,0.17430000007152557,0.17090000212192535,0.17170000076293945,7722016
2026-06-08 22:00:00+00:00,0.1712999939918518,0.17239999771118164,0.17059999704360962,0.1720999926328659,0
2026-06-08 23:00:00+00:00,0.1720000058412552,0.17299999296665192,0.17000000178813934,0.17030000686645508,0
2026-06-09 00:00:00+00:00,0.1703999936580658,0.17069999873638153,0.16619999706745148,0.16680000722408295,9311424
2026-06-09 01:00:00+00:00,0.16680000722408295,0.1671999990940094,0.16609999537467957,0.16680000722408295,0
2026-06-09 02:00:00+00:00,0.16680000722408295,0.16740000247955322,0.16590000689029694,0.16740000247955322,0
2026-06-09 03:00:00+00:00,0.1671999990940094,0.16740000247955322,0.1657000035047531,0.1664000004529953,0
2026-06-09 04:00:00+00:00,0.1662999987602234,0.1687999963760376,0.16519999504089355,0.16850000619888306,6579424
2026-06-09 05:00:00+00:00,0.16850000619888306,0.17010000348091125,0.16760000586509705,0.16979999840259552,0
2026-06-09 06:00:00+00:00,0.16990000009536743,0.17090000212192535,0.16930000483989716,0.16930000483989716,0
2026-06-09 07:00:00+00:00,0.16949999332427979,0.17100000381469727,0.16899999976158142,0.17010000348091125,1587680
2026-06-09 08:00:00+00:00,0.17020000517368317,0.17030000686645508,0.16830000281333923,0.1688999980688095,0
2026-06-09 09:00:00+00:00,0.1688999980688095,0.16920000314712524,0.16660000383853912,0.16769999265670776,0
2026-06-09 10:00:00+00:00,0.16779999434947968,0.16830000281333923,0.16680000722408295,0.16769999265670776,0
2026-06-09 11:00:00+00:00,0.16769999265670776,0.1678999960422516,0.16670000553131104,0.16750000417232513,0
2026-06-09 12:00:00+00:00,0.1673000007867813,0.1688999980688095,0.1670999974012375,0.1688999980688095,0
2026-06-09 13:00:00+00:00,0.1688999980688095,0.1696999967098236,0.1670999974012375,0.16820000112056732,0
2026-06-09 14:00:00+00:00,0.16820000112056732,0.16899999976158142,0.16429999470710754,0.16619999706745148,2935072
2026-06-09 15:00:00+00:00,0.16619999706745148,0.16689999401569366,0.16269999742507935,0.16300000250339508,0
2026-06-09 16:00:00+00:00,0.16269999742507935,0.16349999606609344,0.1606999933719635,0.16189999878406525,3707328
2026-06-09 17:00:00+00:00,0.16200000047683716,0.16609999537467957,0.16200000047683716,0.16509999334812164,6496576
2026-06-09 18:00:00+00:00,0.16509999334812164,0.16740000247955322,0.16439999639987946,0.16680000722408295,0
2026-06-09 19:00:00+00:00,0.16660000383853912,0.1687999963760376,0.16609999537467957,0.16830000281333923,3192448
2026-06-09 20:00:00+00:00,0.16840000450611115,0.1696999967098236,0.16779999434947968,0.1679999977350235,0
2026-06-09 21:00:00+00:00,0.1679999977350235,0.1680999994277954,0.16529999673366547,0.16580000519752502,0
2026-06-09 22:00:00+00:00,0.16599999368190765,0.16619999706745148,0.164900004863739,0.16500000655651093,0
2026-06-09 23:00:00+00:00,0.164900004863739,0.16580000519752502,0.1648000031709671,0.16519999504089355,0
2026-06-10 00:00:00+00:00,0.16519999504089355,0.1664000004529953,0.16429999470710754,0.16619999706745148,0
2026-06-10 01:00:00+00:00,0.16619999706745148,0.16660000383853912,0.16449999809265137,0.1648000031709671,0
2026-06-10 02:00:00+00:00,0.1648000031709671,0.16529999673366547,0.16179999709129333,0.16179999709129333,3177536
2026-06-10 03:00:00+00:00,0.16189999878406525,0.16279999911785126,0.16120000183582306,0.16220000386238098,3928608
2026-06-10 04:00:00+00:00,0.1623000055551529,0.16290000081062317,0.16099999845027924,0.1615000069141388,0
2026-06-10 05:00:00+00:00,0.1615000069141388,0.16200000047683716,0.16019999980926514,0.16030000150203705,5190848
2026-06-10 06:00:00+00:00,0.16030000150203705,0.16120000183582306,0.15970000624656677,0.16050000488758087,3267328
2026-06-10 07:00:00+00:00,0.16050000488758087,0.16210000216960907,0.16040000319480896,0.16120000183582306,1750432
2026-06-10 08:00:00+00:00,0.16120000183582306,0.16140000522136688,0.15880000591278076,0.15929999947547913,5264640
2026-06-10 09:00:00+00:00,0.15929999947547913,0.16060000658035278,0.15860000252723694,0.16030000150203705,2665952
2026-06-10 10:00:00+00:00,0.16030000150203705,0.1607999950647354,0.1590999960899353,0.16060000658035278,0
2026-06-10 11:00:00+00:00,0.16060000658035278,0.16060000658035278,0.15850000083446503,0.15940000116825104,7125984
2026-06-10 12:00:00+00:00,0.15929999947547913,0.16339999437332153,0.1589999943971634,0.16189999878406525,12970880
2026-06-10 13:00:00+00:00,0.16189999878406525,0.16580000519752502,0.16120000183582306,0.1648000031709671,15632704
2026-06-10 14:00:00+00:00,0.1648000031709671,0.16500000655651093,0.1624000072479248,0.16380000114440918,0
2026-06-10 15:00:00+00:00,0.16380000114440918,0.16660000383853912,0.16279999911785126,0.164900004863739,6667680
2026-06-10 16:00:00+00:00,0.164900004863739,0.16500000655651093,0.16050000488758087,0.16189999878406525,0
2026-06-10 17:00:00+00:00,0.16200000047683716,0.16259999573230743,0.16009999811649323,0.1615999937057495,0
2026-06-10 18:00:00+00:00,0.16169999539852142,0.16449999809265137,0.16110000014305115,0.16449999809265137,1237152
2026-06-10 19:00:00+00:00,0.16459999978542328,0.16459999978542328,0.16030000150203705,0.1606999933719635,3789760
2026-06-10 20:00:00+00:00,0.1606999933719635,0.1615000069141388,0.15960000455379486,0.16009999811649323,2310400
2026-06-10 21:00:00+00:00,0.1599999964237213,0.16030000150203705,0.1582999974489212,0.15929999947547913,1809504
2026-06-10 22:00:00+00:00,0.15940000116825104,0.16140000522136688,0.15860000252723694,0.16009999811649323,6466304
2026-06-10 23:00:00+00:00,0.15970000624656677,0.16140000522136688,0.15919999778270721,0.16050000488758087,5640544
2026-06-11 00:00:00+00:00,0.16050000488758087,0.16210000216960907,0.16050000488758087,0.16110000014305115,4574016
2026-06-11 01:00:00+00:00,0.16110000014305115,0.16410000622272491,0.16110000014305115,0.16339999437332153,6672800
2026-06-11 02:00:00+00:00,0.16339999437332153,0.16359999775886536,0.1615999937057495,0.16279999911785126,0
2026-06-11 03:00:00+00:00,0.16269999742507935,0.16680000722408295,0.16200000047683716,0.1664000004529953,11808736
2026-06-11 04:00:00+00:00,0.1662999987602234,0.16740000247955322,0.16509999334812164,0.16670000553131104,15833472
2026-06-11 05:00:00+00:00,0.1665000021457672,0.16660000383853912,0.16529999673366547,0.16529999673366547,0
2026-06-11 06:00:00+00:00,0.16539999842643738,0.16599999368190765,0.164000004529953,0.16439999639987946,0
2026-06-11 07:00:00+00:00,0.16439999639987946,0.16660000383853912,0.16419999301433563,0.16660000383853912,2001696
2026-06-11 08:00:00+00:00,0.16670000553131104,0.16779999434947968,0.1665000021457672,0.16660000383853912,0
2026-06-11 09:00:00+00:00,0.16660000383853912,0.16670000553131104,0.1655000001192093,0.16619999706745148,0
2026-06-11 10:00:00+00:00,0.1662999987602234,0.1662999987602234,0.16519999504089355,0.16609999537467957,1232672
2026-06-11 11:00:00+00:00,0.16599999368190765,0.1671999990940094,0.16539999842643738,0.16670000553131104,1540192
2026-06-11 12:00:00+00:00,0.16670000553131104,0.16680000722408295,0.16449999809265137,0.1656000018119812,0
2026-06-11 13:00:00+00:00,0.16539999842643738,0.16599999368190765,0.16410000622272491,0.1656000018119812,0
2026-06-11 14:00:00+00:00,0.1656000018119812,0.16660000383853912,0.16449999809265137,0.16519999504089355,0
2026-06-11 15:00:00+00:00,0.16509999334812164,0.1670999974012375,0.16449999809265137,0.16590000689029694,0
2026-06-11 16:00:00+00:00,0.16599999368190765,0.1665000021457672,0.1648000031709671,0.164900004863739,0
2026-06-11 17:00:00+00:00,0.164900004863739,0.1703999936580658,0.164000004529953,0.1703999936580658,24402336
2026-06-11 18:00:00+00:00,0.17059999704360962,0.17180000245571136,0.16869999468326569,0.1688999980688095,14813888
2026-06-11 19:00:00+00:00,0.16869999468326569,0.17080000042915344,0.1680999994277954,0.16920000314712524,0
2026-06-11 20:00:00+00:00,0.16930000483989716,0.16949999332427979,0.16740000247955322,0.16830000281333923,0
2026-06-11 21:00:00+00:00,0.16850000619888306,0.17069999873638153,0.16830000281333923,0.17000000178813934,0
2026-06-11 22:00:00+00:00,0.17000000178813934,0.17139999568462372,0.16990000009536743,0.17100000381469727,0
2026-06-11 23:00:00+00:00,0.17090000212192535,0.17180000245571136,0.16990000009536743,0.1704999953508377,4223776
2026-06-12 00:00:00+00:00,0.17059999704360962,0.17100000381469727,0.16979999840259552,0.17000000178813934,2450208
2026-06-12 01:00:00+00:00,0.16990000009536743,0.16990000009536743,0.16869999468326569,0.16940000653266907,0
2026-06-12 02:00:00+00:00,0.16949999332427979,0.1712999939918518,0.16949999332427979,0.17090000212192535,0
2026-06-12 03:00:00+00:00,0.17100000381469727,0.17170000076293945,0.1704999953508377,0.17159999907016754,0
2026-06-12 04:00:00+00:00,0.17159999907016754,0.17329999804496765,0.1712000072002411,0.1720000058412552,0
2026-06-12 05:00:00+00:00,0.1720999926328659,0.1720999926328659,0.16990000009536743,0.17010000348091125,0
2026-06-12 06:00:00+00:00,0.16979999840259552,0.17059999704360962,0.1679999977350235,0.1679999977350235,892032
2026-06-12 07:00:00+00:00,0.16820000112056732,0.16920000314712524,0.1680999994277954,0.1688999980688095,0
2026-06-12 08:00:00+00:00,0.16899999976158142,0.17030000686645508,0.1688999980688095,0.17020000517368317,0
2026-06-12 09:00:00+00:00,0.17020000517368317,0.1720000058412552,0.1695999950170517,0.17180000245571136,255488
2026-06-12 10:00:00+00:00,0.17170000076293945,0.1720000058412552,0.17069999873638153,0.17110000550746918,1522464
2026-06-12 11:00:00+00:00,0.17110000550746918,0.17149999737739563,0.1704999953508377,0.17110000550746918,0
2026-06-12 12:00:00+00:00,0.17110000550746918,0.1720000058412552,0.1704999953508377,0.17069999873638153,0
2026-06-12 13:00:00+00:00,0.17059999704360962,0.17080000042915344,0.16750000417232513,0.16830000281333923,7801920
2026-06-12 14:00:00+00:00,0.1680999994277954,0.17309999465942383,0.1680999994277954,0.17270000278949738,8164416
2026-06-12 15:00:00+00:00,0.17270000278949738,0.17409999668598175,0.17010000348091125,0.1703999936580658,23463904
2026-06-12 16:00:00+00:00,0.1703999936580658,0.17329999804496765,0.16949999332427979,0.17329999804496765,11337600
2026-06-12 17:00:00+00:00,0.17339999973773956,0.17419999837875366,0.17139999568462372,0.17159999907016754,0
2026-06-12 18:00:00+00:00,0.17180000245571136,0.1720999926328659,0.17000000178813934,0.17090000212192535,0
2026-06-12 19:00:00+00:00,0.17090000212192535,0.17249999940395355,0.1703999936580658,0.17080000042915344,0
2026-06-12 20:00:00+00:00,0.17080000042915344,0.1712000072002411,0.16930000483989716,0.16949999332427979,0
2026-06-12 21:00:00+00:00,0.16949999332427979,0.1703999936580658,0.16859999299049377,0.16930000483989716,0
2026-06-12 22:00:00+00:00,0.16930000483989716,0.17020000517368317,0.16899999976158142,0.16949999332427979,0
2026-06-12 23:00:00+00:00,0.16930000483989716,0.17000000178813934,0.16859999299049377,0.1695999950170517,53696
2026-06-13 00:00:00+00:00,0.1695999950170517,0.1704999953508377,0.16949999332427979,0.17000000178813934,0
2026-06-13 01:00:00+00:00,0.17000000178813934,0.17319999635219574,0.16979999840259552,0.17260000109672546,17622688
2026-06-13 02:00:00+00:00,0.17260000109672546,0.1729000061750412,0.17139999568462372,0.17180000245571136,2404896
2026-06-13 03:00:00+00:00,0.17180000245571136,0.1720999926328659,0.17000000178813934,0.1703999936580658,4420576
2026-06-13 04:00:00+00:00,0.1703999936580658,0.17080000042915344,0.1695999950170517,0.1703999936580658,0
2026-06-13 05:00:00+00:00,0.17030000686645508,0.17069999873638153,0.16910000145435333,0.1696999967098236,0
2026-06-13 06:00:00+00:00,0.1696999967098236,0.1720000058412552,0.16930000483989716,0.17180000245571136,0
2026-06-13 07:00:00+00:00,0.17190000414848328,0.1738000065088272,0.1712000072002411,0.17299999296665192,13144832
2026-06-13 08:00:00+00:00,0.17299999296665192,0.1737000048160553,0.17270000278949738,0.1729000061750412,0
2026-06-13 09:00:00+00:00,0.1729000061750412,0.17339999973773956,0.17229999601840973,0.17239999771118164,0
2026-06-13 10:00:00+00:00,0.17249999940395355,0.1729000061750412,0.1720000058412552,0.17229999601840973,0
2026-06-13 11:00:00+00:00,0.17219999432563782,0.1738000065088272,0.17219999432563782,0.17339999973773956,0
2026-06-13 12:00:00+00:00,0.17329999804496765,0.17419999837875366,0.17299999296665192,0.1736000031232834,0
2026-06-13 13:00:00+00:00,0.1736000031232834,0.17409999668598175,0.17329999804496765,0.17399999499320984,0
2026-06-13 14:00:00+00:00,0.17399999499320984,0.1745000034570694,0.17350000143051147,0.17440000176429749,0
2026-06-13 15:00:00+00:00,0.1745000034570694,0.17569999396800995,0.17409999668598175,0.17489999532699585,0
2026-06-13 16:00:00+00:00,0.17489999532699585,0.17489999532699585,0.17249999940395355,0.17329999804496765,0
2026-06-13 17:00:00+00:00,0.17329999804496765,0.17399999499320984,0.17170000076293945,0.1720999926328659,0
2026-06-13 18:00:00+00:00,0.17219999432563782,0.17309999465942383,0.17170000076293945,0.1720000058412552,0
2026-06-13 19:00:00+00:00,0.1720000058412552,0.17270000278949738,0.17149999737739563,0.1720999926328659,0
2026-06-13 20:00:00+00:00,0.1720999926328659,0.17219999432563782,0.17110000550746918,0.17170000076293945,0
2026-06-13 21:00:00+00:00,0.17159999907016754,0.17350000143051147,0.1712999939918518,0.17270000278949738,1582368
2026-06-13 22:00:00+00:00,0.1728000044822693,0.1728000044822693,0.17159999907016754,0.17159999907016754,597760
2026-06-13 23:00:00+00:00,0.17149999737739563,0.17239999771118164,0.17149999737739563,0.17170000076293945,3374912
2026-06-14 00:00:00+00:00,0.17170000076293945,0.17239999771118164,0.17139999568462372,0.17149999737739563,0
2026-06-14 01:00:00+00:00,0.17139999568462372,0.17319999635219574,0.1712999939918518,0.17260000109672546,0
2026-06-14 02:00:00+00:00,0.17260000109672546,0.17350000143051147,0.1720999926328659,0.17229999601840973,0
2026-06-14 03:00:00+00:00,0.17229999601840973,0.17339999973773956,0.1720000058412552,0.17299999296665192,0
2026-06-14 04:00:00+00:00,0.1729000061750412,0.17319999635219574,0.17159999907016754,0.17180000245571136,0
2026-06-14 05:00:00+00:00,0.17190000414848328,0.17239999771118164,0.1712999939918518,0.1720000058412552,0
2026-06-14 06:00:00+00:00,0.1720000058412552,0.17270000278949738,0.17110000550746918,0.17139999568462372,0
2026-06-14 07:00:00+00:00,0.17149999737739563,0.17159999907016754,0.17080000042915344,0.17100000381469727,0
2026-06-14 08:00:00+00:00,0.17090000212192535,0.17149999737739563,0.17080000042915344,0.17090000212192535,0
2026-06-14 09:00:00+00:00,0.17090000212192535,0.17180000245571136,0.17000000178813934,0.17100000381469727,0
2026-06-14 10:00:00+00:00,0.17100000381469727,0.17100000381469727,0.1696999967098236,0.1696999967098236,3875328
2026-06-14 11:00:00+00:00,0.1696999967098236,0.17020000517368317,0.16940000653266907,0.16979999840259552,0
2026-06-14 12:00:00+00:00,0.16979999840259552,0.16990000009536743,0.1678999960422516,0.16840000450611115,6407360
2026-06-14 13:00:00+00:00,0.16830000281333923,0.16859999299049377,0.16689999401569366,0.16750000417232513,5455040
2026-06-14 14:00:00+00:00,0.16760000586509705,0.1678999960422516,0.16539999842643738,0.16680000722408295,7821504
2026-06-14 15:00:00+00:00,0.16680000722408295,0.1671999990940094,0.1662999987602234,0.16699999570846558,0
2026-06-14 16:00:00+00:00,0.16680000722408295,0.16750000417232513,0.16670000553131104,0.16699999570846558,0
2026-06-14 17:00:00+00:00,0.16699999570846558,0.16740000247955322,0.1662999987602234,0.1665000021457672,0
2026-06-14 18:00:00+00:00,0.1665000021457672,0.16689999401569366,0.16590000689029694,0.16609999537467957,0
2026-06-14 19:00:00+00:00,0.16599999368190765,0.16660000383853912,0.16580000519752502,0.16609999537467957,0
2026-06-14 20:00:00+00:00,0.16609999537467957,0.1673000007867813,0.16580000519752502,0.16689999401569366,32832
2026-06-14 21:00:00+00:00,0.16689999401569366,0.17589999735355377,0.16670000553131104,0.17399999499320984,30173216
2026-06-14 22:00:00+00:00,0.17419999837875366,0.17679999768733978,0.17270000278949738,0.17499999701976776,29608192
2026-06-14 23:00:00+00:00,0.17499999701976776,0.18369999527931213,0.17389999330043793,0.18289999663829803,35289312
2026-06-15 00:00:00+00:00,0.18289999663829803,0.1868000030517578,0.18160000443458557,0.18299999833106995,59194976
2026-06-15 01:00:00+00:00,0.18310000002384186,0.18320000171661377,0.18000000715255737,0.18039999902248383,16733216
2026-06-15 02:00:00+00:00,0.18029999732971191,0.18230000138282776,0.1793999969959259,0.18000000715255737,18180352
2026-06-15 03:00:00+00:00,0.17990000545978546,0.1818999946117401,0.17960000038146973,0.18119999766349792,10615488
2026-06-15 04:00:00+00:00,0.181099995970726,0.18160000443458557,0.17949999868869781,0.17960000038146973,4450688
2026-06-15 05:00:00+00:00,0.17960000038146973,0.18129999935626984,0.17949999868869781,0.18080000579357147,6557696
2026-06-15 06:00:00+00:00,0.18070000410079956,0.18170000612735748,0.18050000071525574,0.181099995970726,4898240
2026-06-15 07:00:00+00:00,0.181099995970726,0.1817999929189682,0.18000000715255737,0.1800999939441681,7219136
2026-06-15 08:00:00+00:00,0.1800999939441681,0.18160000443458557,0.17990000545978546,0.1808999925851822,7126944
2026-06-15 09:00:00+00:00,0.1809999942779541,0.1817999929189682,0.18039999902248383,0.18140000104904175,4432832
2026-06-15 10:00:00+00:00,0.18140000104904175,0.18289999663829803,0.18039999902248383,0.1826000064611435,9902816
2026-06-15 11:00:00+00:00,0.1826000064611435,0.18549999594688416,0.18230000138282776,0.18529999256134033,28360800
2026-06-15 12:00:00+00:00,0.18539999425411224,0.18940000236034393,0.1843000054359436,0.18719999492168427,29610304
2026-06-15 13:00:00+00:00,0.18709999322891235,0.18970000743865967,0.1859000027179718,0.1890999972820282,36046464
2026-06-15 14:00:00+00:00,0.1891999989748001,0.18950000405311584,0.18709999322891235,0.18729999661445618,8653824
2026-06-15 15:00:00+00:00,0.18719999492168427,0.18930000066757202,0.1859000027179718,0.18880000710487366,20255488
2026-06-15 16:00:00+00:00,0.18880000710487366,0.18960000574588776,0.18690000474452972,0.18780000507831573,18262208
2026-06-15 17:00:00+00:00,0.18770000338554382,0.18809999525547028,0.18569999933242798,0.1875,19461568
2026-06-15 18:00:00+00:00,0.1876000016927719,0.18850000202655792,0.1867000013589859,0.18729999661445618,6886528
2026-06-15 19:00:00+00:00,0.18709999322891235,0.18860000371932983,0.1851000040769577,0.1858000010251999,11974528
2026-06-15 20:00:00+00:00,0.1859000027179718,0.18649999797344208,0.17980000376701355,0.18039999902248383,20781440
2026-06-15 21:00:00+00:00,0.18060000240802765,0.18119999766349792,0.17960000038146973,0.17960000038146973,0
2026-06-15 22:00:00+00:00,0.1793999969959259,0.18039999902248383,0.17679999768733978,0.17820000648498535,0
2026-06-15 23:00:00+00:00,0.17820000648498535,0.17870000004768372,0.17749999463558197,0.17839999496936798,0
2026-06-16 00:00:00+00:00,0.17839999496936798,0.17919999361038208,0.17759999632835388,0.1777999997138977,0
2026-06-16 01:00:00+00:00,0.1777999997138977,0.1784999966621399,0.1770000010728836,0.17710000276565552,0
2026-06-16 02:00:00+00:00,0.17710000276565552,0.17759999632835388,0.1754000037908554,0.1761000007390976,0
2026-06-16 03:00:00+00:00,0.17599999904632568,0.17739999294281006,0.17569999396800995,0.17720000445842743,0
2026-06-16 04:00:00+00:00,0.17720000445842743,0.17730000615119934,0.17560000717639923,0.17589999735355377,0
2026-06-16 05:00:00+00:00,0.17579999566078186,0.17720000445842743,0.17579999566078186,0.1768999993801117,0
2026-06-16 06:00:00+00:00,0.1768999993801117,0.1785999983549118,0.1768999993801117,0.17820000648498535,3102720
2026-06-16 07:00:00+00:00,0.17820000648498535,0.17910000681877136,0.17749999463558197,0.1785999983549118,0
2026-06-16 08:00:00+00:00,0.1785999983549118,0.18129999935626984,0.17820000648498535,0.1808999925851822,8208384
2026-06-16 09:00:00+00:00,0.18080000579357147,0.181099995970726,0.17900000512599945,0.17980000376701355,194688
2026-06-16 10:00:00+00:00,0.17990000545978546,0.18039999902248383,0.17910000681877136,0.17919999361038208,0
2026-06-16 11:00:00+00:00,0.17919999361038208,0.17949999868869781,0.17820000648498535,0.17880000174045563,0
2026-06-16 12:00:00+00:00,0.17880000174045563,0.181099995970726,0.17839999496936798,0.18000000715255737,0
2026-06-16 13:00:00+00:00,0.18000000715255737,0.1800999939441681,0.17659999430179596,0.17710000276565552,0
2026-06-16 14:00:00+00:00,0.17710000276565552,0.17749999463558197,0.1728000044822693,0.17389999330043793,418304
2026-06-16 15:00:00+00:00,0.1738000065088272,0.17470000684261322,0.17319999635219574,0.17399999499320984,0
2026-06-16 16:00:00+00:00,0.17389999330043793,0.17479999363422394,0.17270000278949738,0.17299999296665192,0
2026-06-16 17:00:00+00:00,0.17299999296665192,0.1746000051498413,0.17270000278949738,0.1745000034570694,0
2026-06-16 18:00:00+00:00,0.1746000051498413,0.17640000581741333,0.17389999330043793,0.17479999363422394,4980512
2026-06-16 19:00:00+00:00,0.17479999363422394,0.17479999363422394,0.1720000058412552,0.17309999465942383,0
2026-06-16 20:00:00+00:00,0.17260000109672546,0.1754000037908554,0.1720999926328659,0.17479999363422394,0
2026-06-16 21:00:00+00:00,0.17479999363422394,0.17489999532699585,0.17309999465942383,0.1737000048160553,0
2026-06-16 22:00:00+00:00,0.1736000031232834,0.17399999499320984,0.17260000109672546,0.17319999635219574,0
2026-06-16 23:00:00+00:00,0.17329999804496765,0.17350000143051147,0.17190000414848328,0.17219999432563782,630784
2026-06-17 00:00:00+00:00,0.17249999940395355,0.17319999635219574,0.17170000076293945,0.17190000414848328,383296
2026-06-17 01:00:00+00:00,0.17180000245571136,0.1738000065088272,0.17090000212192535,0.17339999973773956,10132384
2026-06-17 02:00:00+00:00,0.17350000143051147,0.17479999363422394,0.17309999465942383,0.17430000007152557,3909824
2026-06-17 03:00:00+00:00,0.17419999837875366,0.17430000007152557,0.17219999432563782,0.1729000061750412,3112864
2026-06-17 04:00:00+00:00,0.1729000061750412,0.1736000031232834,0.17239999771118164,0.1728000044822693,515328
2026-06-17 05:00:00+00:00,0.1728000044822693,0.17309999465942383,0.17170000076293945,0.17239999771118164,441792
2026-06-17 06:00:00+00:00,0.17260000109672546,0.1728000044822693,0.17100000381469727,0.1712999939918518,0
2026-06-17 07:00:00+00:00,0.1712000072002411,0.17190000414848328,0.17010000348091125,0.17110000550746918,6581920
2026-06-17 08:00:00+00:00,0.17110000550746918,0.17110000550746918,0.16859999299049377,0.1688999980688095,7671776
2026-06-17 09:00:00+00:00,0.1687999963760376,0.16949999332427979,0.16850000619888306,0.16899999976158142,805664
2026-06-17 10:00:00+00:00,0.16920000314712524,0.1696999967098236,0.16869999468326569,0.1688999980688095,0
2026-06-17 11:00:00+00:00,0.16910000145435333,0.16930000483989716,0.16750000417232513,0.16869999468326569,5276480
2026-06-17 12:00:00+00:00,0.16869999468326569,0.16940000653266907,0.16740000247955322,0.16930000483989716,0
2026-06-17 13:00:00+00:00,0.16920000314712524,0.16949999332427979,0.1680999994277954,0.16820000112056732,6991264
2026-06-17 14:00:00+00:00,0.1679999977350235,0.16920000314712524,0.1670999974012375,0.1679999977350235,10433920
2026-06-17 15:00:00+00:00,0.1678999960422516,0.17139999568462372,0.16769999265670776,0.1712999939918518,11910752
2026-06-17 16:00:00+00:00,0.17139999568462372,0.1728000044822693,0.17059999704360962,0.17090000212192535,8332448
2026-06-17 17:00:00+00:00,0.17090000212192535,0.17229999601840973,0.17030000686645508,0.1720000058412552,7113984
2026-06-17 18:00:00+00:00,0.1720000058412552,0.1720000058412552,0.16740000247955322,0.1696999967098236,28270656
2026-06-17 19:00:00+00:00,0.1696999967098236,0.1696999967098236,0.1696999967098236,0.1696999967098236,0
