timestamp,open,high,low,close,volume
2025-12-20 00:00:00+00:00,88098.40625,88132.34375,87924.875,87981.296875,0
2025-12-20 01:00:00+00:00,87979.59375,88122.5703125,87979.59375,88025.375,0
2025-12-20 02:00:00+00:00,88032.8828125,88244.171875,87976.21875,88161.390625,0
2025-12-20 03:00:00+00:00,88169.7109375,88306.1640625,88147.390625,88192.0078125,0
2025-12-20 04:00:00+00:00,88181.5234375,88276.953125,88097.0546875,88224.125,0
2025-12-20 05:00:00+00:00,88260.75,88450.6796875,88255.7265625,88262.6953125,0
2025-12-20 06:00:00+00:00,88261.625,88399.0078125,88244.5625,88256.359375,0
2025-12-20 07:00:00+00:00,88261.9375,88284.859375,88156.25,88217.40625,0
2025-12-20 08:00:00+00:00,88218.359375,88377.5390625,88218.359375,88248.25,0
2025-12-20 09:00:00+00:00,88205.984375,88295.6953125,88196.6171875,88203.1640625,0
2025-12-20 10:00:00+00:00,88185.4375,88219.9453125,88093.015625,88121.890625,0
2025-12-20 11:00:00+00:00,88120.4375,88256.0234375,88082.484375,88254.078125,0
2025-12-20 12:00:00+00:00,88239.15625,88279.078125,88154.7421875,88208.6328125,0
2025-12-20 13:00:00+00:00,88213.484375,88273.5,87953.9375,88203.9609375,0
2025-12-20 14:00:00+00:00,88225.6015625,88225.6015625,87993.6484375,88215.15625,0
2025-12-20 15:00:00+00:00,88213.8515625,88213.8984375,88014.59375,88148.1640625,0
2025-12-20 16:00:00+00:00,88163.40625,88170.1796875,88094.8359375,88114.2265625,0
2025-12-20 17:00:00+00:00,88144.15625,88206.9921875,88086.0546875,88139.3515625,0
2025-12-20 18:00:00+00:00,88146.2734375,88337.6015625,88117.734375,88304.6328125,0
2025-12-20 19:00:00+00:00,88273.953125,88273.953125,88179.015625,88190.2109375,0
2025-12-20 20:00:00+00:00,88185.4453125,88256.7578125,88178.390625,88245.984375,0
2025-12-20 21:00:00+00:00,88243.046875,88362.8515625,88170.328125,88170.328125,0
2025-12-20 22:00:00+00:00,88207.6015625,88294.9453125,88118.7734375,88294.9453125,0
2025-12-20 23:00:00+00:00,88268.703125,88373.46875,88231.6875,88344.703125,36218880
2025-12-21 00:00:00+00:00,88339.9609375,88387.328125,88277.8828125,88320.03125,217068544
2025-12-21 01:00:00+00:00,88367.140625,88367.140625,88027.7578125,88027.7578125,35826688
2025-12-21 02:00:00+00:00,88000.640625,88044.4765625,87870.3671875,87921.0546875,289453056
2025-12-21 03:00:00+00:00,87924.1640625,88112.328125,87924.1640625,88044.75,66693120
2025-12-21 04:00:00+00:00,88038.3828125,88105.0625,88031.09375,88040.6796875,0
2025-12-21 05:00:00+00:00,88041.28125,88120.34375,88036.390625,88111.515625,0
2025-12-21 06:00:00+00:00,88110.390625,88177.2578125,88063.3359375,88067.3359375,0
2025-12-21 07:00:00+00:00,88063.84375,88109.765625,88040.625,88104.828125,0
2025-12-21 08:00:00+00:00,88129.6328125,88576.7265625,88128.2421875,88532.265625,434766848
2025-12-21 09:00:00+00:00,88592.8203125,89011.0859375,88504.4296875,88842.46875,868160512
2025-12-21 10:00:00+00:00,88917.625,88919.984375,88565.765625,88617.765625,287939584
2025-12-21 11:00:00+00:00,88622.9296875,88708.84375,88562.9921875,88585.8359375,63645696
2025-12-21 12:00:00+00:00,88591.1484375,88878.453125,88514.1171875,88556.2734375,424061952
2025-12-21 13:00:00+00:00,88601.6328125,88637.9375,87624.03125,87643.1015625,1027958784
2025-12-21 14:00:00+00:00,87666.40625,88106.1484375,87666.40625,88018.5234375,440483840
2025-12-21 15:00:00+00:00,88027.7578125,88219.46875,87802.8046875,88039.1875,156100608
2025-12-21 16:00:00+00:00,88042.78125,88306.3125,87982.703125,88303.6875,442085376
2025-12-21 17:00:00+00:00,88331.9296875,88447.09375,88269.25,88296.5234375,331239424
2025-12-21 18:00:00+00:00,88293.28125,88410.96875,87957.515625,88410.96875,172236800
2025-12-21 19:00:00+00:00,88474.0859375,88530.125,88241.5,88482.203125,295604224
2025-12-21 20:00:00+00:00,88462.3515625,88485.9609375,88216.046875,88216.046875,116543488
2025-12-21 21:00:00+00:00,88216.9140625,88342.7890625,88108.7890625,88137.4296875,0
2025-12-21 22:00:00+00:00,88112.2578125,88445.3046875,88112.2578125,88445.3046875,142993408
2025-12-21 23:00:00+00:00,88445.3046875,88711.84375,88360.8828125,88621.3984375,468498432
2025-12-22 00:00:00+00:00,88621.6640625,89577.7109375,88621.6640625,88837.7578125,1135831040
2025-12-22 01:00:00+00:00,88639.453125,89220.96875,88564.359375,88641.953125,1398138880
2025-12-22 02:00:00+00:00,88641.8125,88641.8125,88013.03125,88443.0078125,818884608
2025-12-22 03:00:00+00:00,88433.671875,88775.640625,88321.3828125,88758.171875,379111424
2025-12-22 04:00:00+00:00,88783.2734375,88986.2109375,88702.5859375,88907.1171875,322160640
2025-12-22 05:00:00+00:00,88881.8828125,88959.125,88760.9765625,88811.2890625,567367680
2025-12-22 06:00:00+00:00,88798.5859375,88945.03125,88711.453125,88924.828125,356710400
2025-12-22 07:00:00+00:00,88887.2109375,89144.6328125,88887.2109375,89093.9765625,736342016
2025-12-22 08:00:00+00:00,89118.734375,89817.203125,89088.1640625,89290.5078125,1117186048
2025-12-22 09:00:00+00:00,89280.4375,89744.5546875,89280.1171875,89726.6015625,0
2025-12-22 10:00:00+00:00,89792.2265625,89801.625,89601.796875,89763.6015625,143038464
2025-12-22 11:00:00+00:00,89745.140625,89989.4453125,89633.796875,89919.90625,1293662208
2025-12-22 12:00:00+00:00,89915.8828125,90372.2109375,89915.8828125,90233.796875,1350805504
2025-12-22 13:00:00+00:00,90186.359375,90285.5078125,89725.3359375,89875.0234375,0
2025-12-22 14:00:00+00:00,89889.5625,90151.4140625,89520.0703125,90079.375,1464584192
2025-12-22 15:00:00+00:00,90096.3203125,90299.828125,89219.296875,89738.3046875,2053013504
2025-12-22 16:00:00+00:00,89715.3671875,90056.9765625,89527.6484375,89565.0234375,1159237632
2025-12-22 17:00:00+00:00,89499.6484375,89499.6484375,89119.90625,89264.734375,777867264
2025-12-22 18:00:00+00:00,89298.34375,89459.7109375,89149.2421875,89149.2421875,379748352
2025-12-22 19:00:00+00:00,89111.0859375,89111.0859375,87975.2265625,88039.9375,1626800128
2025-12-22 20:00:00+00:00,88034.3359375,88403.3203125,87933.328125,88403.3203125,1313689600
2025-12-22 21:00:00+00:00,88321.2578125,88551.3671875,88213.3828125,88231.4765625,533372928
2025-12-22 22:00:00+00:00,88237.6484375,88732.3828125,88126.546875,88598.8359375,636502016
2025-12-22 23:00:00+00:00,88534.1171875,88621.3515625,88395.0703125,88490.03125,0
2025-12-23 00:00:00+00:00,88530.7265625,88857.3046875,88455.171875,88745.96875,0
2025-12-23 01:00:00+00:00,88729.734375,88810.0859375,88432.75,88483.4453125,0
2025-12-23 02:00:00+00:00,88471.015625,88695.546875,88124.5703125,88155.4609375,0
2025-12-23 03:00:00+00:00,88151.4921875,88280.78125,87883.34375,88181.9140625,482131968
2025-12-23 04:00:00+00:00,88131.7890625,88304.8671875,87902.828125,87902.828125,0
2025-12-23 05:00:00+00:00,87909.8125,87960.296875,87595.2734375,87739.828125,711389184
2025-12-23 06:00:00+00:00,87625.6015625,87710.90625,87061.8203125,87352.9609375,880627712
2025-12-23 07:00:00+00:00,87348.03125,87616.640625,87348.03125,87509.3359375,5864038400
2025-12-23 08:00:00+00:00,87506.2421875,87609.125,87390.453125,87392.890625,1763012608
2025-12-23 09:00:00+00:00,87407.1953125,87547.40625,87268.7265625,87485.78125,0
2025-12-23 10:00:00+00:00,87473.9375,87598.6484375,87469.125,87553.3515625,0
2025-12-23 11:00:00+00:00,87555.0859375,87819.015625,87525.765625,87819.015625,0
2025-12-23 12:00:00+00:00,87809.015625,87862.21875,87612.5,87774.171875,0
2025-12-23 13:00:00+00:00,87759.8515625,87814.265625,87434.71875,87605.765625,0
2025-12-23 14:00:00+00:00,87562.90625,87737.3203125,86656.34375,86656.34375,0
2025-12-23 15:00:00+00:00,86822.3828125,87438.9140625,86760.140625,87426.453125,0
2025-12-23 16:00:00+00:00,87417.984375,88077.9140625,87376.0859375,87986.765625,767049728
2025-12-23 17:00:00+00:00,87966.71875,88117.2109375,87372.65625,87378.0,6168576
2025-12-23 18:00:00+00:00,87151.1953125,88072.5703125,87151.1953125,87947.7109375,1074348032
2025-12-23 19:00:00+00:00,87933.8125,87986.5,87628.7421875,87697.2734375,0
2025-12-23 20:00:00+00:00,87709.71875,88271.2109375,87518.4140625,87651.453125,0
2025-12-23 21:00:00+00:00,87657.46875,87794.1953125,87512.0234375,87672.484375,174862336
2025-12-23 22:00:00+00:00,87669.0078125,87708.8828125,87293.6953125,87343.171875,322273280
2025-12-23 23:00:00+00:00,87358.0859375,87454.9140625,87174.4921875,87404.3203125,295649280
2025-12-24 00:00:00+00:00,87431.0859375,87593.640625,87239.0625,87584.7890625,0
2025-12-24 01:00:00+00:00,87603.9921875,87750.0546875,87463.390625,87600.0,74338304
2025-12-24 02:00:00+00:00,87595.78125,87595.78125,86912.3359375,87113.875,0
2025-12-24 03:00:00+00:00,87085.3671875,87337.1171875,86873.8515625,87287.046875,0
2025-12-24 04:00:00+00:00,87286.5234375,87401.4453125,87077.109375,87079.703125,0
2025-12-24 05:00:00+00:00,87079.421875,87199.2578125,86755.796875,86905.234375,0
2025-12-24 06:00:00+00:00,86901.734375,86986.0546875,86794.1796875,86941.0078125,0
2025-12-24 07:00:00+00:00,86952.203125,87104.390625,86921.6328125,86921.6328125,0
2025-12-24 08:00:00+00:00,86877.7890625,86998.0859375,86749.8125,86749.8125,0
2025-12-24 09:00:00+00:00,86733.1953125,86823.796875,86691.9375,86757.4375,0
2025-12-24 10:00:00+00:00,86753.1640625,87107.46875,86748.75,87036.765625,178896896
2025-12-24 11:00:00+00:00,87026.7734375,87280.8046875,87026.7734375,87156.0859375,0
2025-12-24 12:00:00+00:00,87158.4140625,87420.4609375,87098.6171875,87391.71875,0
2025-12-24 13:00:00+00:00,87383.5625,87389.453125,87025.7421875,87244.0390625,0
2025-12-24 14:00:00+00:00,87248.9296875,87377.28125,86411.796875,86882.3984375,0
2025-12-24 15:00:00+00:00,87071.8515625,87104.203125,86587.953125,86914.6015625,0
2025-12-24 16:00:00+00:00,86941.2890625,87572.890625,86904.109375,87168.1484375,0
2025-12-24 17:00:00+00:00,87247.875,87475.90625,87196.7578125,87216.53125,0
2025-12-24 18:00:00+00:00,87256.9921875,87435.09375,87203.0390625,87412.6171875,0
2025-12-24 19:00:00+00:00,87406.7890625,87507.859375,87307.3046875,87495.484375,0
2025-12-24 20:00:00+00:00,87507.8203125,87591.8984375,87489.7734375,87494.3671875,0
2025-12-24 21:00:00+00:00,87532.1640625,87711.4921875,87532.1640625,87607.796875,0
2025-12-24 22:00:00+00:00,87629.796875,87947.0546875,87629.796875,87941.3515625,0
2025-12-24 23:00:00+00:00,87936.734375,87936.734375,87551.7109375,87608.3203125,0
2025-12-25 00:00:00+00:00,87608.0546875,87664.0625,87488.328125,87490.3671875,64530432
2025-12-25 01:00:00+00:00,87498.1875,87685.4453125,87498.1875,87631.765625,0
2025-12-25 02:00:00+00:00,87636.96875,87870.1171875,87529.2109375,87843.265625,0
2025-12-25 03:00:00+00:00,87827.7734375,87848.265625,87728.640625,87792.0546875,0
2025-12-25 04:00:00+00:00,87788.71875,87789.609375,87699.0234375,87744.0078125,0
2025-12-25 05:00:00+00:00,87742.5234375,87742.5234375,87613.1875,87702.3671875,0
2025-12-25 06:00:00+00:00,87703.8515625,87773.6796875,87645.6796875,87773.6796875,0
2025-12-25 07:00:00+00:00,87774.5703125,87795.21875,87707.5078125,87786.6875,0
2025-12-25 08:00:00+00:00,87782.921875,87808.9375,87339.2734375,87508.9765625,242833408
2025-12-25 09:00:00+00:00,87525.859375,87525.859375,87392.3671875,87465.7109375,17125376
2025-12-25 10:00:00+00:00,87459.4375,87459.4375,87238.015625,87361.8828125,0
2025-12-25 11:00:00+00:00,87370.640625,87517.3046875,87370.640625,87458.4921875,0
2025-12-25 12:00:00+00:00,87455.9140625,87533.203125,87441.921875,87521.0859375,0
2025-12-25 13:00:00+00:00,87516.6328125,87607.109375,87373.84375,87601.421875,0
2025-12-25 14:00:00+00:00,87581.0234375,87685.4765625,87517.5,87672.6953125,0
2025-12-25 15:00:00+00:00,87667.3671875,88462.0703125,87667.3671875,88274.7890625,0
2025-12-25 16:00:00+00:00,88259.4140625,88389.234375,87948.015625,88053.796875,0
2025-12-25 17:00:00+00:00,88042.1328125,88126.40625,87963.8515625,88114.0546875,0
2025-12-25 18:00:00+00:00,88103.953125,88253.4921875,88103.953125,88185.5703125,0
2025-12-25 19:00:00+00:00,88182.546875,88186.1953125,88024.7734375,88094.2265625,0
2025-12-25 20:00:00+00:00,88096.2109375,88103.3125,87687.015625,87821.90625,218568704
2025-12-25 21:00:00+00:00,87838.140625,87921.65625,87775.4453125,87851.859375,27912192
2025-12-25 22:00:00+00:00,87845.4765625,87867.7421875,87351.3046875,87625.0625,177784832
2025-12-25 23:00:00+00:00,87541.421875,87690.484375,86971.5,87235.5078125,1127550976
2025-12-26 00:00:00+00:00,87214.5,87263.5625,86917.9765625,87041.6640625,273956864
2025-12-26 01:00:00+00:00,87063.359375,87411.6875,87063.359375,87385.875,955342848
2025-12-26 02:00:00+00:00,87379.9609375,89232.1484375,87379.9609375,89091.078125,4295059456
2025-12-26 03:00:00+00:00,89099.0078125,89158.734375,88639.0625,88742.3125,2309169152
2025-12-26 04:00:00+00:00,88688.6484375,89020.203125,88455.6328125,88891.71875,1110192128
2025-12-26 05:00:00+00:00,88893.8046875,88942.3828125,88769.390625,88942.3828125,186279936
2025-12-26 06:00:00+00:00,88924.1953125,89163.2578125,88924.1953125,89133.1015625,926695424
2025-12-26 07:00:00+00:00,89072.8828125,89439.1171875,88372.125,88372.125,2443640832
2025-12-26 08:00:00+00:00,88394.3984375,88741.3828125,88394.3984375,88666.6328125,710477824
2025-12-26 09:00:00+00:00,88677.171875,88828.0625,88615.0625,88769.6171875,309696512
2025-12-26 10:00:00+00:00,88750.15625,88807.9609375,88635.9375,88716.546875,22343680
2025-12-26 11:00:00+00:00,88707.4609375,88707.4609375,88498.59375,88512.640625,112492544
2025-12-26 12:00:00+00:00,88493.953125,88682.6484375,88493.953125,88626.3984375,339990528
2025-12-26 13:00:00+00:00,88618.734375,88983.1640625,88597.7109375,88983.1640625,166897664
2025-12-26 14:00:00+00:00,88873.515625,88975.640625,87360.75,87382.0,2166237184
2025-12-26 15:00:00+00:00,87368.0703125,87368.0703125,86645.6328125,86991.421875,4316983296
2025-12-26 16:00:00+00:00,87063.71875,87286.53125,86831.4453125,86831.4453125,913866752
2025-12-26 17:00:00+00:00,86785.90625,87359.15625,86785.90625,87238.2734375,755982336
2025-12-26 18:00:00+00:00,87235.6484375,87282.5390625,87064.8125,87189.5859375,519565312
2025-12-26 19:00:00+00:00,87196.3671875,87481.71875,87171.859375,87414.7265625,670957568
2025-12-26 20:00:00+00:00,87447.5078125,87698.7109375,87349.5234375,87553.0390625,187916288
2025-12-26 21:00:00+00:00,87524.1484375,87623.390625,87422.9765625,87422.9765625,301699072
2025-12-26 22:00:00+00:00,87407.5546875,87505.3828125,87284.5703125,87418.5,0
2025-12-26 23:00:00+00:00,87468.765625,87468.765625,87278.109375,87301.4296875,58531840
2025-12-27 00:00:00+00:00,87316.0078125,87340.015625,87196.078125,87338.203125,0
2025-12-27 01:00:00+00:00,87335.859375,87409.8984375,87292.984375,87404.7734375,0
2025-12-27 02:00:00+00:00,87408.015625,87409.953125,87346.875,87386.515625,0
2025-12-27 03:00:00+00:00,87389.859375,87463.1796875,87332.03125,87448.96875,0
2025-12-27 04:00:00+00:00,87447.90625,87447.90625,87398.3046875,87405.90625,0
2025-12-27 05:00:00+00:00,87415.6640625,87451.359375,87387.8125,87451.359375,0
2025-12-27 06:00:00+00:00,87448.6328125,87493.5625,87369.2734375,87407.640625,0
2025-12-27 07:00:00+00:00,87425.0234375,87642.4921875,87416.09375,87478.546875,0
2025-12-27 08:00:00+00:00,87488.0703125,87606.2109375,87488.0703125,87530.71875,0
2025-12-27 09:00:00+00:00,87519.296875,87604.3671875,87497.1484375,87565.796875,0
2025-12-27 10:00:00+00:00,87560.59375,87565.4765625,87367.0859375,87456.3046875,0
2025-12-27 11:00:00+00:00,87449.3203125,87485.0078125,87407.4296875,87416.84375,0
2025-12-27 12:00:00+00:00,87451.8359375,87468.3828125,87400.4375,87426.546875,0
2025-12-27 13:00:00+00:00,87425.359375,87434.828125,87294.828125,87424.0546875,0
2025-12-27 14:00:00+00:00,87405.484375,87486.171875,87363.5859375,87485.0625,0
2025-12-27 15:00:00+00:00,87475.1015625,87545.8046875,87447.3984375,87516.34375,0
2025-12-27 16:00:00+00:00,87492.6640625,87525.015625,87400.0,87449.171875,0
2025-12-27 17:00:00+00:00,87451.09375,87513.7578125,87446.4375,87501.921875,0
2025-12-27 18:00:00+00:00,87502.015625,87504.515625,87409.7109375,87433.75,0
2025-12-27 19:00:00+00:00,87438.8515625,87513.8203125,87438.296875,87512.390625,0
2025-12-27 20:00:00+00:00,87523.9375,87557.1328125,87479.7890625,87495.9375,0
2025-12-27 21:00:00+00:00,87498.109375,87609.6875,87495.3515625,87605.6640625,0
2025-12-27 22:00:00+00:00,87605.15625,87830.609375,87480.53125,87587.4609375,186419200
2025-12-27 23:00:00+00:00,87509.40625,87863.984375,87509.40625,87799.34375,180030464
2025-12-28 00:00:00+00:00,87806.0546875,87857.3125,87657.78125,87781.640625,15262720
2025-12-28 01:00:00+00:00,87786.984375,87866.5859375,87692.8359375,87717.453125,111571968
2025-12-28 02:00:00+00:00,87723.5,87805.1015625,87690.1328125,87748.28125,0
2025-12-28 03:00:00+00:00,87743.90625,87760.0,87669.8828125,87688.1015625,0
2025-12-28 04:00:00+00:00,87684.0703125,87743.640625,87635.578125,87661.0078125,28371968
2025-12-28 05:00:00+00:00,87655.5546875,87655.5546875,87555.765625,87589.0390625,41666560
2025-12-28 06:00:00+00:00,87588.984375,87720.3125,87577.40625,87681.515625,0
2025-12-28 07:00:00+00:00,87666.84375,87670.8125,87597.859375,87665.2734375,0
2025-12-28 08:00:00+00:00,87657.328125,87881.53125,87657.328125,87760.6171875,51259392
2025-12-28 09:00:00+00:00,87733.6015625,87832.34375,87690.953125,87730.890625,0
2025-12-28 10:00:00+00:00,87737.75,87881.890625,87733.5234375,87787.6796875,218498048
2025-12-28 11:00:00+00:00,87788.359375,87862.765625,87743.9921875,87789.5546875,21225472
2025-12-28 12:00:00+00:00,87813.84375,87813.84375,87749.59375,87786.7890625,45235200
2025-12-28 13:00:00+00:00,87772.8203125,87864.09375,87752.4765625,87833.6640625,84672512
2025-12-28 14:00:00+00:00,87826.2734375,87951.984375,87826.2734375,87865.4140625,0
2025-12-28 15:00:00+00:00,87848.40625,87935.75,87780.0625,87780.0625,510532608
2025-12-28 16:00:00+00:00,87779.65625,87833.5078125,87719.40625,87750.1171875,142030848
2025-12-28 17:00:00+00:00,87749.4453125,87857.578125,87686.4609375,87693.71875,0
2025-12-28 18:00:00+00:00,87693.3828125,87695.40625,87482.78125,87537.0703125,526517248
2025-12-28 19:00:00+00:00,87538.5546875,87607.9765625,87444.390625,87485.578125,409132032
2025-12-28 20:00:00+00:00,87476.078125,87579.25,87396.0390625,87477.890625,130200576
2025-12-28 21:00:00+00:00,87459.7578125,87527.0390625,87402.84375,87500.2265625,181508096
2025-12-28 22:00:00+00:00,87503.65625,87898.421875,87445.984375,87843.0078125,0
2025-12-28 23:00:00+00:00,87831.65625,87844.625,87604.8515625,87835.7890625,210207744
2025-12-29 00:00:00+00:00,87858.109375,88234.0,87756.3671875,88226.78125,870933504
2025-12-29 01:00:00+00:00,88226.6875,88380.2578125,87833.65625,88314.171875,947730432
2025-12-29 02:00:00+00:00,88353.5078125,89236.6171875,88353.5078125,89102.625,3253251072
2025-12-29 03:00:00+00:00,89086.8125,90032.4140625,89026.6328125,90032.4140625,3074658304
2025-12-29 04:00:00+00:00,90012.6328125,90269.015625,89903.0703125,90100.4140625,2378932224
2025-12-29 05:00:00+00:00,90070.7578125,90194.328125,89873.2578125,89927.6875,1425721344
2025-12-29 06:00:00+00:00,89908.9921875,90028.6171875,89666.796875,89672.9609375,1104549888
2025-12-29 07:00:00+00:00,89672.7109375,89708.859375,89415.9765625,89518.6171875,1356230656
2025-12-29 08:00:00+00:00,89505.28125,89694.109375,89399.90625,89451.8984375,1522210816
2025-12-29 09:00:00+00:00,89438.515625,89489.328125,87795.0078125,87940.6015625,3895531520
2025-12-29 10:00:00+00:00,87981.0859375,88137.9609375,87602.5078125,87678.9453125,814858240
2025-12-29 11:00:00+00:00,87620.4375,87686.4296875,87485.3203125,87508.1796875,887361536
2025-12-29 12:00:00+00:00,87485.1015625,87508.265625,86760.265625,87242.8046875,3058946048
2025-12-29 13:00:00+00:00,87252.3203125,87393.125,87125.609375,87222.25,0
2025-12-29 14:00:00+00:00,87255.890625,88007.96875,87176.984375,87322.015625,2892251136
2025-12-29 15:00:00+00:00,87288.6015625,87760.9296875,87196.8359375,87636.625,2911100928
2025-12-29 16:00:00+00:00,87600.4453125,87691.0234375,87364.8984375,87538.171875,274800640
2025-12-29 17:00:00+00:00,87529.6015625,87697.2265625,87327.8984375,87697.2265625,894156800
2025-12-29 18:00:00+00:00,87734.7890625,87870.671875,87307.2421875,87357.53125,679157760
2025-12-29 19:00:00+00:00,87336.90625,87547.25,87238.1015625,87238.1015625,601432064
2025-12-29 20:00:00+00:00,87246.40625,87482.46875,86975.015625,87121.6796875,482496512
2025-12-29 21:00:00+00:00,87157.78125,87246.6953125,87129.8515625,87224.9609375,582574080
2025-12-29 22:00:00+00:00,87227.59375,87286.21875,86983.703125,87260.8046875,188563456
2025-12-29 23:00:00+00:00,87237.921875,87291.375,87079.765625,87134.3515625,15020032
2025-12-30 00:00:00+00:00,87142.078125,87233.5234375,87010.6171875,87129.7890625,0
2025-12-30 01:00:00+00:00,87139.046875,87228.65625,87033.828125,87191.5703125,0
2025-12-30 02:00:00+00:00,87206.671875,87230.3828125,86907.703125,86975.734375,0
2025-12-30 03:00:00+00:00,86987.84375,87305.9375,86737.0703125,87285.1484375,0
2025-12-30 04:00:00+00:00,87263.125,87374.3671875,87196.625,87199.7421875,0
2025-12-30 05:00:00+00:00,87199.890625,87250.3671875,87052.0546875,87129.546875,0
2025-12-30 06:00:00+00:00,87132.8359375,87396.1328125,87121.984375,87317.140625,0
2025-12-30 07:00:00+00:00,87326.1796875,87472.65625,87278.7578125,87378.296875,0
2025-12-30 08:00:00+00:00,87377.125,88039.8984375,87377.125,87771.765625,239476736
2025-12-30 09:00:00+00:00,87760.78125,87881.125,87550.1875,87881.125,0
2025-12-30 10:00:00+00:00,87878.875,88056.640625,87816.4375,87844.3203125,0
2025-12-30 11:00:00+00:00,87843.2734375,87912.9140625,87665.15625,87751.421875,0
2025-12-30 12:00:00+00:00,87845.296875,87970.3515625,87822.1953125,87888.2265625,0
2025-12-30 13:00:00+00:00,87913.5703125,88012.078125,87813.5078125,88002.9453125,0
2025-12-30 14:00:00+00:00,88003.203125,88890.40625,87749.84375,88834.1796875,558620672
2025-12-30 15:00:00+00:00,88811.78125,88973.1015625,88153.78125,88947.28125,1242370048
2025-12-30 16:00:00+00:00,88916.6796875,89291.796875,88527.8359375,88672.234375,2170177536
2025-12-30 17:00:00+00:00,88678.78125,88799.6328125,88135.7890625,88334.1015625,585842688
2025-12-30 18:00:00+00:00,88302.4765625,88378.7421875,88086.2578125,88238.75,65056768
2025-12-30 19:00:00+00:00,88240.765625,88329.6484375,87927.6328125,88153.5390625,111890432
2025-12-30 20:00:00+00:00,88142.3359375,88142.3359375,87814.0234375,87831.0859375,0
2025-12-30 21:00:00+00:00,87821.828125,88224.8828125,87821.828125,88172.453125,0
2025-12-30 22:00:00+00:00,88182.109375,88367.234375,88182.109375,88325.125,0
2025-12-30 23:00:00+00:00,88329.578125,88477.875,88318.5859375,88429.5859375,266125312
2025-12-31 00:00:00+00:00,88407.7265625,88407.7265625,88161.0546875,88161.0546875,0
2025-12-31 01:00:00+00:00,88148.671875,88645.015625,88085.4921875,88552.8984375,386588672
2025-12-31 02:00:00+00:00,88501.4921875,88629.28125,88437.21875,88585.5859375,0
2025-12-31 03:00:00+00:00,88575.71875,88665.9609375,88289.765625,88338.7890625,0
2025-12-31 04:00:00+00:00,88342.203125,88440.0234375,88229.0546875,88229.0546875,0
2025-12-31 05:00:00+00:00,88239.765625,88413.234375,88239.765625,88354.6484375,517029888
2025-12-31 06:00:00+00:00,88352.7578125,88457.7578125,88349.3515625,88396.65625,0
2025-12-31 07:00:00+00:00,88401.96875,88517.1484375,88342.2109375,88496.046875,2150400
2025-12-31 08:00:00+00:00,88492.7265625,88604.8359375,88302.9921875,88321.921875,0
2025-12-31 09:00:00+00:00,88324.9453125,88587.1953125,88324.9453125,88585.390625,45109248
2025-12-31 10:00:00+00:00,88553.96875,88699.6171875,88553.96875,88697.6796875,0
2025-12-31 11:00:00+00:00,88732.7578125,88894.6484375,88703.1484375,88863.515625,248856576
2025-12-31 12:00:00+00:00,88910.5,88910.5,88658.2421875,88668.21875,297261056
2025-12-31 13:00:00+00:00,88680.65625,88921.734375,88642.578125,88856.4609375,72802304
2025-12-31 14:00:00+00:00,88872.7109375,89019.9375,88218.484375,88323.921875,11276288
2025-12-31 15:00:00+00:00,88371.0,88371.0,87728.4140625,87911.6328125,0
2025-12-31 16:00:00+00:00,87845.2421875,87903.6875,87334.125,87558.6171875,0
2025-12-31 17:00:00+00:00,87539.96875,87561.078125,87385.9609375,87490.890625,0
2025-12-31 18:00:00+00:00,87502.9296875,87838.8203125,87458.5078125,87575.078125,0
2025-12-31 19:00:00+00:00,87561.8515625,87712.1328125,87420.515625,87455.484375,296370176
2025-12-31 20:00:00+00:00,87419.890625,87534.90625,87141.0078125,87534.90625,7612416
2025-12-31 21:00:00+00:00,87531.6328125,87692.2890625,87531.6328125,87637.1953125,1113237504
2025-12-31 22:00:00+00:00,87652.2734375,87738.6171875,87561.1953125,87561.1953125,46741504
2025-12-31 23:00:00+00:00,87585.8203125,87587.4140625,87501.953125,87508.046875,3041280
2026-01-01 00:00:00+00:00,87512.875,87679.9375,87512.875,87675.9296875,77195264
2026-01-01 01:00:00+00:00,87665.65625,87890.0234375,87665.65625,87817.6171875,0
2026-01-01 02:00:00+00:00,87812.1875,87922.5234375,87751.6171875,87776.4921875,0
2026-01-01 03:00:00+00:00,87748.3203125,87857.46875,87700.390625,87710.953125,0
2026-01-01 04:00:00+00:00,87698.5078125,87698.5078125,87413.7578125,87441.4609375,441933824
2026-01-01 05:00:00+00:00,87452.7890625,87577.171875,87452.7890625,87558.3359375,0
2026-01-01 06:00:00+00:00,87555.4453125,87555.4453125,87486.953125,87506.2578125,0
2026-01-01 07:00:00+00:00,87504.0,87528.1171875,87468.5625,87479.6875,0
2026-01-01 08:00:00+00:00,87486.9296875,87633.3515625,87486.9296875,87598.375,0
2026-01-01 09:00:00+00:00,87623.3046875,87789.7890625,87618.5234375,87724.84375,0
2026-01-01 10:00:00+00:00,87732.3203125,87738.1875,87659.03125,87716.8125,0
2026-01-01 11:00:00+00:00,87716.4140625,87875.796875,87716.4140625,87875.796875,0
2026-01-01 12:00:00+00:00,87878.8671875,87889.703125,87806.5234375,87838.296875,0
2026-01-01 13:00:00+00:00,87829.3203125,87884.8515625,87759.8359375,87786.3515625,0
2026-01-01 14:00:00+00:00,87793.8515625,87849.6015625,87713.8515625,87840.1640625,0
2026-01-01 15:00:00+00:00,87848.578125,87941.4140625,87814.3984375,87922.0625,0
2026-01-01 16:00:00+00:00,87920.5625,87920.5625,87762.65625,87863.2734375,0
2026-01-01 17:00:00+00:00,87868.3359375,88358.0390625,87856.0234375,88187.8203125,0
2026-01-01 18:00:00+00:00,88239.390625,88239.390625,87984.6015625,88055.2578125,0
2026-01-01 19:00:00+00:00,88062.9765625,88297.9296875,87970.1875,88222.2578125,0
2026-01-01 20:00:00+00:00,88239.71875,88244.1015625,88133.1328125,88146.328125,0
2026-01-01 21:00:00+00:00,88147.5546875,88280.140625,88142.515625,88270.203125,0
2026-01-01 22:00:00+00:00,88271.7734375,88565.015625,88271.7734375,88562.9765625,242911232
2026-01-01 23:00:00+00:00,88530.3203125,88791.9765625,88378.5078125,88733.0625,388841472
2026-01-02 00:00:00+00:00,88725.46875,88754.3984375,88498.2890625,88675.3984375,507719680
2026-01-02 01:00:00+00:00,88710.0625,88739.828125,88433.0234375,88534.2890625,0
2026-01-02 02:00:00+00:00,88535.265625,88550.125,88298.6171875,88498.0546875,186787840
2026-01-02 03:00:00+00:00,88519.609375,88985.9609375,88471.65625,88778.703125,978737152
2026-01-02 04:00:00+00:00,88832.3828125,88862.59375,88530.375,88530.375,0
2026-01-02 05:00:00+00:00,88529.6484375,88670.9765625,88477.3984375,88652.2890625,0
2026-01-02 06:00:00+00:00,88636.3359375,88956.0703125,88626.7421875,88838.5703125,574554112
2026-01-02 07:00:00+00:00,88830.1875,88934.4296875,88748.6640625,88773.3203125,424103936
2026-01-02 08:00:00+00:00,88754.0859375,89049.5703125,88711.90625,89049.5703125,516001792
2026-01-02 09:00:00+00:00,89068.890625,89346.9765625,89024.6328125,89344.4140625,1701500928
2026-01-02 10:00:00+00:00,89356.6328125,89786.4921875,89356.6328125,89544.265625,2306879488
2026-01-02 11:00:00+00:00,89557.59375,89557.59375,89280.6015625,89428.8046875,939407360
2026-01-02 12:00:00+00:00,89412.015625,89481.9453125,89293.984375,89321.921875,387647488
2026-01-02 13:00:00+00:00,89312.8671875,89557.453125,89291.1015625,89291.1015625,776005632
2026-01-02 14:00:00+00:00,89290.6796875,89990.46875,88506.0078125,89565.3359375,3307180032
2026-01-02 15:00:00+00:00,89728.6640625,89762.53125,88834.8515625,89319.90625,3514005504
2026-01-02 16:00:00+00:00,89318.4140625,90740.125,89190.1171875,90346.578125,4760252416
2026-01-02 17:00:00+00:00,90338.5234375,90865.4453125,90239.125,90283.484375,2257563648
2026-01-02 18:00:00+00:00,90320.3125,90510.9296875,89526.8203125,89776.4609375,1836531712
2026-01-02 19:00:00+00:00,89739.390625,90054.0,89683.1171875,89878.859375,1196072960
2026-01-02 20:00:00+00:00,89869.515625,90025.4140625,89599.8515625,89695.359375,1267941376
2026-01-02 21:00:00+00:00,89724.6796875,90092.3203125,89724.6796875,90046.5703125,438116352
2026-01-02 22:00:00+00:00,89990.53125,90347.03125,89990.53125,90159.9921875,478527488
2026-01-02 23:00:00+00:00,90168.9921875,90168.9921875,89873.859375,89945.0546875,73728
2026-01-03 00:00:00+00:00,89948.5625,90153.2421875,89929.8984375,90098.6640625,0
2026-01-03 01:00:00+00:00,90120.7890625,90253.984375,90047.109375,90253.984375,0
2026-01-03 02:00:00+00:00,90221.046875,90362.2578125,90095.8046875,90304.015625,33968128
2026-01-03 03:00:00+00:00,90295.59375,90335.0625,90165.5859375,90293.8828125,0
2026-01-03 04:00:00+00:00,90321.4921875,90391.078125,90076.90625,90122.328125,8540160
2026-01-03 05:00:00+00:00,90148.15625,90168.8515625,89895.671875,90002.6171875,50565120
2026-01-03 06:00:00+00:00,89993.5625,90090.3359375,89826.4765625,89853.4140625,0
2026-01-03 07:00:00+00:00,89849.4296875,89922.953125,89386.046875,89553.9609375,901804032
2026-01-03 08:00:00+00:00,89515.1796875,89790.5234375,89438.5,89646.4609375,38719488
2026-01-03 09:00:00+00:00,89636.7890625,89942.8671875,89613.03125,89810.0703125,0
2026-01-03 10:00:00+00:00,89766.7109375,89842.8984375,89670.390625,89766.546875,0
2026-01-03 11:00:00+00:00,89719.78125,89737.3125,89643.015625,89713.3671875,0
2026-01-03 12:00:00+00:00,89686.890625,89969.359375,89618.546875,89922.1875,0
2026-01-03 13:00:00+00:00,89955.921875,89984.7421875,89878.421875,89956.140625,0
2026-01-03 14:00:00+00:00,89953.1875,90183.1015625,89941.8828125,90062.0703125,0
2026-01-03 15:00:00+00:00,90090.2265625,90090.2265625,89926.546875,89927.828125,0
2026-01-03 16:00:00+00:00,89917.1640625,90147.7734375,89875.0,90055.75,0
2026-01-03 17:00:00+00:00,90057.7109375,90081.8203125,89979.828125,90044.3828125,0
2026-01-03 18:00:00+00:00,90030.875,90139.1171875,89982.390625,90090.171875,0
2026-01-03 19:00:00+00:00,90091.8671875,90095.0546875,90007.125,90056.625,0
2026-01-03 20:00:00+00:00,90065.5546875,90301.4765625,89992.4609375,90301.4765625,0
2026-01-03 21:00:00+00:00,90310.5,90643.890625,90277.953125,90486.7578125,0
2026-01-03 22:00:00+00:00,90487.3125,90672.265625,90450.015625,90526.171875,0
2026-01-03 23:00:00+00:00,90548.421875,90655.4609375,90441.15625,90603.0,0
2026-01-04 00:00:00+00:00,90615.3671875,91390.7265625,90615.3671875,91320.8984375,2100066304
2026-01-04 01:00:00+00:00,91293.3515625,91386.375,90984.546875,91197.3046875,506750976
2026-01-04 02:00:00+00:00,91196.6640625,91226.046875,91051.6953125,91072.4375,17674240
2026-01-04 03:00:00+00:00,91088.59375,91300.4609375,91070.25,91205.828125,396124160
2026-01-04 04:00:00+00:00,91217.7890625,91519.984375,91196.921875,91360.6796875,30613504
2026-01-04 05:00:00+00:00,91349.1484375,91438.0,91317.9609375,91432.5703125,0
2026-01-04 06:00:00+00:00,91434.1328125,91685.1796875,91213.8046875,91213.8046875,101595136
2026-01-04 07:00:00+00:00,91206.6875,91474.9375,91206.6875,91474.9375,42860544
2026-01-04 08:00:00+00:00,91487.390625,91487.390625,91176.1171875,91307.09375,265007104
2026-01-04 09:00:00+00:00,91327.6875,91426.203125,91244.1015625,91409.796875,814034944
2026-01-04 10:00:00+00:00,91418.1171875,91554.625,91387.0234375,91538.21875,971368448
2026-01-04 11:00:00+00:00,91533.859375,91533.859375,91205.5,91235.6796875,414734336
2026-01-04 12:00:00+00:00,91236.4609375,91300.234375,91078.1171875,91098.34375,311578624
2026-01-04 13:00:00+00:00,91080.828125,91223.3515625,91015.5078125,91223.3515625,114096128
2026-01-04 14:00:00+00:00,91212.140625,91349.0859375,91103.0546875,91270.609375,5550080
2026-01-04 15:00:00+00:00,91274.171875,91320.7109375,91071.453125,91270.453125,203657216
2026-01-04 16:00:00+00:00,91286.796875,91391.921875,91219.4765625,91285.140625,283027456
2026-01-04 17:00:00+00:00,91282.5078125,91391.234375,91276.5,91297.8203125,180326400
2026-01-04 18:00:00+00:00,91294.46875,91294.46875,90965.75,91161.8359375,358440960
2026-01-04 19:00:00+00:00,91164.640625,91164.640625,90877.046875,91099.46875,530702336
2026-01-04 20:00:00+00:00,91100.7890625,91298.765625,91084.6875,91252.453125,122902528
2026-01-04 21:00:00+00:00,91259.6171875,91350.375,91147.78125,91220.7734375,0
2026-01-04 22:00:00+00:00,91224.3984375,91338.75,91108.8359375,91140.7421875,0
2026-01-04 23:00:00+00:00,91168.3984375,91463.3515625,91168.3984375,91414.625,158046208
2026-01-05 00:00:00+00:00,91498.046875,92355.8359375,91498.046875,92355.8359375,1700913152
2026-01-05 01:00:00+00:00,92339.203125,93177.6171875,92251.21875,92916.90625,3015315456
2026-01-05 02:00:00+00:00,92913.40625,93101.40625,92737.0078125,92984.3203125,1564921856
2026-01-05 03:00:00+00:00,92988.2578125,93106.265625,92845.640625,92845.640625,411762688
2026-01-05 04:00:00+00:00,92841.5,92896.2265625,92344.34375,92566.8125,398170112
2026-01-05 05:00:00+00:00,92551.1484375,92666.4609375,92330.484375,92351.9453125,553881600
2026-01-05 06:00:00+00:00,92321.7578125,92450.0078125,92141.8984375,92433.3359375,0
2026-01-05 07:00:00+00:00,92427.5390625,92574.1015625,92427.5390625,92474.3359375,14626816
2026-01-05 08:00:00+00:00,92491.6640625,92697.921875,92425.84375,92475.5390625,0
2026-01-05 09:00:00+00:00,92421.6953125,92750.609375,92298.984375,92664.875,0
2026-01-05 10:00:00+00:00,92673.4453125,93086.3828125,92625.9375,93036.1484375,25061376
2026-01-05 11:00:00+00:00,92986.8203125,93083.4375,92841.0,93051.1875,575928320
2026-01-05 12:00:00+00:00,93083.203125,93101.0234375,92740.421875,92803.3203125,160313344
2026-01-05 13:00:00+00:00,92802.7890625,92947.3046875,92493.21875,92666.9140625,597544960
2026-01-05 14:00:00+00:00,92702.8984375,93552.46875,92410.171875,93393.625,2340327424
2026-01-05 15:00:00+00:00,93370.8828125,93933.75,93172.3203125,93883.9453125,4002770944
2026-01-05 16:00:00+00:00,93873.3671875,93972.0859375,93585.0546875,93715.7734375,2509283328
2026-01-05 17:00:00+00:00,93687.3203125,94264.9609375,93283.2265625,94264.9609375,1925922816
2026-01-05 18:00:00+00:00,94234.8125,94458.9609375,93919.9765625,94458.9609375,2163507200
2026-01-05 19:00:00+00:00,94334.6796875,94480.921875,94135.46875,94225.5859375,1226817536
2026-01-05 20:00:00+00:00,94219.390625,94673.3984375,94066.71875,94148.84375,2656026624
2026-01-05 21:00:00+00:00,94146.8203125,94207.7421875,93880.28125,94091.6328125,1079730176
2026-01-05 22:00:00+00:00,94082.9375,94377.453125,94020.46875,94184.484375,489959424
2026-01-05 23:00:00+00:00,94178.3359375,94178.3359375,93876.9453125,93876.9453125,269361152
2026-01-06 00:00:00+00:00,93869.1328125,93948.578125,93551.6015625,93801.8125,0
2026-01-06 01:00:00+00:00,93823.234375,94130.609375,93747.875,93764.15625,0
2026-01-06 02:00:00+00:00,93773.4609375,93841.8203125,93542.1796875,93626.34375,463204352
2026-01-06 03:00:00+00:00,93608.1640625,93894.046875,93595.4765625,93762.5859375,0
2026-01-06 04:00:00+00:00,93750.640625,93971.703125,93722.828125,93817.09375,0
2026-01-06 05:00:00+00:00,93794.8203125,93794.8203125,93548.765625,93558.046875,115195904
2026-01-06 06:00:00+00:00,93590.9453125,93889.2109375,93577.3359375,93780.90625,470167552
2026-01-06 07:00:00+00:00,93739.625,93739.625,93119.6328125,93213.8984375,654757888
2026-01-06 08:00:00+00:00,93206.53125,93370.5859375,93142.25,93207.3125,0
2026-01-06 09:00:00+00:00,93191.2734375,93494.8046875,93191.2734375,93437.9609375,0
2026-01-06 10:00:00+00:00,93430.0546875,93616.8515625,93385.6953125,93537.8359375,0
2026-01-06 11:00:00+00:00,93538.203125,93846.890625,93538.203125,93789.015625,0
2026-01-06 12:00:00+00:00,93825.0,93910.921875,93765.3125,93853.609375,0
2026-01-06 13:00:00+00:00,93782.4296875,93819.09375,93628.7265625,93671.75,0
2026-01-06 14:00:00+00:00,93686.390625,94391.71875,93543.09375,93750.140625,0
2026-01-06 15:00:00+00:00,93789.6171875,94204.0078125,93331.9453125,93480.5390625,1294888960
2026-01-06 16:00:00+00:00,93658.0859375,93674.859375,92325.59375,92573.4921875,1490718720
2026-01-06 17:00:00+00:00,92650.890625,92697.109375,91550.1796875,91550.1796875,1925910528
2026-01-06 18:00:00+00:00,91526.3203125,92130.9921875,91526.3203125,91991.3671875,1073266688
2026-01-06 19:00:00+00:00,91975.234375,92239.0234375,91890.90625,92048.78125,0
2026-01-06 20:00:00+00:00,92053.625,92594.9921875,92053.625,92462.4140625,0
2026-01-06 21:00:00+00:00,92438.0078125,93759.796875,92342.046875,93236.828125,2303221760
2026-01-06 22:00:00+00:00,93230.1640625,93363.625,92940.6796875,93301.5703125,481783808
2026-01-06 23:00:00+00:00,93272.953125,93731.6796875,93272.953125,93727.46875,331366400
2026-01-07 00:00:00+00:00,93623.96875,93637.75,92814.0703125,92814.0703125,486268928
2026-01-07 01:00:00+00:00,92637.4140625,92795.171875,92319.9609375,92430.859375,1494544384
2026-01-07 02:00:00+00:00,92385.953125,92947.5546875,92208.34375,92885.8515625,761499648
2026-01-07 03:00:00+00:00,92900.75,93025.375,92717.21875,92743.2890625,218001408
2026-01-07 04:00:00+00:00,92730.953125,92828.3046875,92563.15625,92625.1796875,236961792
2026-01-07 05:00:00+00:00,92583.1875,92774.8203125,92459.9140625,92459.9140625,0
2026-01-07 06:00:00+00:00,92473.1796875,92805.359375,92457.546875,92563.828125,0
2026-01-07 07:00:00+00:00,92579.7890625,92796.203125,92579.7890625,92773.609375,0
2026-01-07 08:00:00+00:00,92795.28125,92864.1953125,92628.3125,92647.359375,71581696
2026-01-07 09:00:00+00:00,92566.5703125,92625.125,91557.2578125,91648.0546875,1742815232
2026-01-07 10:00:00+00:00,91569.234375,91884.859375,91557.4453125,91868.5703125,590028800
2026-01-07 11:00:00+00:00,91880.8515625,92184.3046875,91880.8515625,92074.484375,267243520
2026-01-07 12:00:00+00:00,92064.4140625,92086.4140625,91915.078125,91935.390625,0
2026-01-07 13:00:00+00:00,91938.90625,92174.03125,91835.765625,91990.6953125,49598464
2026-01-07 14:00:00+00:00,91970.2421875,92018.8671875,91408.2734375,91896.5,0
2026-01-07 15:00:00+00:00,91827.125,91827.125,91068.46875,91265.1015625,0
2026-01-07 16:00:00+00:00,91313.859375,91659.7578125,91116.3125,91190.921875,0
2026-01-07 17:00:00+00:00,91215.4765625,91595.234375,91015.765625,91186.109375,0
2026-01-07 18:00:00+00:00,91192.46875,91344.2578125,90659.9765625,90691.7578125,0
2026-01-07 19:00:00+00:00,90828.2734375,91182.3984375,90665.71875,91131.265625,1650155520
2026-01-07 20:00:00+00:00,91098.1484375,91193.15625,90726.890625,90948.8984375,0
2026-01-07 21:00:00+00:00,91055.890625,91128.6640625,90976.703125,91044.5390625,0
2026-01-07 22:00:00+00:00,91040.125,91221.546875,90828.2734375,91106.28125,0
2026-01-07 23:00:00+00:00,91024.9765625,91346.1171875,90945.4921875,91309.640625,319004672
2026-01-08 00:00:00+00:00,91280.703125,91386.5,91004.2578125,91317.5859375,0
2026-01-08 01:00:00+00:00,91298.3046875,91450.6875,91240.0703125,91333.125,0
2026-01-08 02:00:00+00:00,91334.3671875,91353.0625,90701.4921875,90853.953125,0
2026-01-08 03:00:00+00:00,90862.0546875,91019.796875,90585.265625,90704.7265625,537935872
2026-01-08 04:00:00+00:00,90726.5625,91027.7421875,90620.21875,90949.7421875,0
2026-01-08 05:00:00+00:00,90989.6796875,91050.5234375,90684.6171875,90698.7578125,0
2026-01-08 06:00:00+00:00,90702.1875,90750.2109375,89940.03125,89940.03125,1764753408
2026-01-08 07:00:00+00:00,89831.8125,90437.515625,89578.3125,90434.546875,1826439168
2026-01-08 08:00:00+00:00,90428.6953125,90569.234375,90078.7734375,90082.125,1316593664
2026-01-08 09:00:00+00:00,90098.828125,90254.109375,89871.5078125,89879.1328125,0
2026-01-08 10:00:00+00:00,89892.578125,90347.8515625,89698.6328125,90293.734375,0
2026-01-08 11:00:00+00:00,90357.25,90357.25,89927.6875,90068.7265625,766349312
2026-01-08 12:00:00+00:00,90082.265625,90082.265625,89682.171875,89883.265625,457900032
2026-01-08 13:00:00+00:00,89866.3203125,89972.59375,89781.6640625,89851.09375,0
2026-01-08 14:00:00+00:00,89849.03125,89972.921875,89291.1328125,89924.4453125,27627520
2026-01-08 15:00:00+00:00,89932.625,90649.90625,89765.6875,90649.90625,0
2026-01-08 16:00:00+00:00,90710.4921875,90791.5546875,90232.7109375,90718.8984375,945803264
2026-01-08 17:00:00+00:00,90835.78125,91345.546875,90793.1875,91254.640625,267583488
2026-01-08 18:00:00+00:00,91293.2421875,91328.1484375,90903.234375,90985.6640625,0
2026-01-08 19:00:00+00:00,91038.6796875,91238.0,90765.9375,90819.8046875,0
2026-01-08 20:00:00+00:00,90855.390625,90872.421875,90482.4296875,90841.203125,56164352
2026-01-08 21:00:00+00:00,90836.7578125,91222.1796875,90836.7578125,91222.1796875,837226496
2026-01-08 22:00:00+00:00,91200.4375,91385.109375,90987.2890625,91130.78125,0
2026-01-08 23:00:00+00:00,91145.7421875,91254.7578125,90978.171875,91025.75,0
2026-01-09 00:00:00+00:00,91015.2109375,91211.65625,90984.6875,91205.7734375,0
2026-01-09 01:00:00+00:00,91193.8671875,91412.484375,90795.625,90976.4921875,152719360
2026-01-09 02:00:00+00:00,90972.578125,91373.53125,90932.5546875,90932.5546875,0
2026-01-09 03:00:00+00:00,90947.7265625,91160.609375,90893.7265625,91112.8046875,0
2026-01-09 04:00:00+00:00,91125.5546875,91125.5546875,90842.0078125,90939.28125,0
2026-01-09 05:00:00+00:00,90927.3046875,91001.1328125,90826.6015625,90971.515625,0
2026-01-09 06:00:00+00:00,90975.1328125,91027.09375,90882.609375,91027.09375,0
2026-01-09 07:00:00+00:00,91024.6640625,91024.6640625,90687.078125,90687.078125,0
2026-01-09 08:00:00+00:00,90649.5,90730.6484375,89628.5703125,89845.1328125,793100288
2026-01-09 09:00:00+00:00,89872.390625,90304.2265625,89872.390625,90222.0234375,0
2026-01-09 10:00:00+00:00,90228.046875,90431.421875,90183.75,90404.4609375,0
2026-01-09 11:00:00+00:00,90380.5390625,90560.6640625,90314.0234375,90337.78125,0
2026-01-09 12:00:00+00:00,90345.2265625,90463.0859375,90144.3515625,90348.6640625,0
2026-01-09 13:00:00+00:00,90350.171875,90682.0,90337.9375,90550.796875,619769856
2026-01-09 14:00:00+00:00,90480.234375,90492.671875,89896.546875,90056.421875,0
2026-01-09 15:00:00+00:00,90038.875,91864.40625,89794.6640625,90999.8203125,2035843072
2026-01-09 16:00:00+00:00,91028.7109375,91662.3515625,91028.7109375,91527.2890625,535068672
2026-01-09 17:00:00+00:00,91516.171875,91542.765625,90967.609375,91343.59375,0
2026-01-09 18:00:00+00:00,91343.5390625,91396.7265625,90432.0703125,90781.109375,0
2026-01-09 19:00:00+00:00,90631.2890625,90643.8828125,90150.90625,90267.0546875,889446400
2026-01-09 20:00:00+00:00,90144.8046875,90447.5078125,90144.8046875,90185.78125,0
2026-01-09 21:00:00+00:00,90166.140625,90483.921875,90117.078125,90421.0390625,0
2026-01-09 22:00:00+00:00,90413.21875,90542.6875,90259.3125,90502.359375,0
2026-01-09 23:00:00+00:00,90513.7890625,90595.9140625,90490.7734375,90510.1015625,3289088
2026-01-10 00:00:00+00:00,90509.2109375,90560.8125,90417.703125,90477.046875,0
2026-01-10 01:00:00+00:00,90471.671875,90601.7734375,90469.7421875,90567.203125,0
2026-01-10 02:00:00+00:00,90560.3515625,90655.21875,90479.7578125,90543.375,0
2026-01-10 03:00:00+00:00,90556.75,90556.75,90430.21875,90507.671875,0
2026-01-10 04:00:00+00:00,90512.125,90514.7734375,90311.09375,90326.484375,0
2026-01-10 05:00:00+00:00,90344.859375,90493.0625,90314.5078125,90484.0546875,0
2026-01-10 06:00:00+00:00,90474.2734375,90477.8125,90352.6171875,90383.640625,15286272
2026-01-10 07:00:00+00:00,90377.0703125,90546.71875,90374.875,90537.1953125,0
2026-01-10 08:00:00+00:00,90546.8046875,90614.96875,90499.1171875,90531.078125,0
2026-01-10 09:00:00+00:00,90539.90625,90621.734375,90514.4375,90616.21875,0
2026-01-10 10:00:00+00:00,90629.5703125,90712.703125,90605.5390625,90685.1875,0
2026-01-10 11:00:00+00:00,90703.625,90703.625,90597.0,90610.2734375,0
2026-01-10 12:00:00+00:00,90606.9765625,90659.484375,90542.9140625,90598.2890625,0
2026-01-10 13:00:00+00:00,90607.6171875,90625.8828125,90526.546875,90526.546875,0
2026-01-10 14:00:00+00:00,90532.0546875,90546.828125,90426.2734375,90456.796875,0
2026-01-10 15:00:00+00:00,90463.6875,90547.828125,90458.40625,90543.0546875,0
2026-01-10 16:00:00+00:00,90541.8203125,90597.1328125,90501.2265625,90555.0390625,0
2026-01-10 17:00:00+00:00,90554.9375,90623.078125,90428.203125,90428.203125,0
2026-01-10 18:00:00+00:00,90431.8359375,90476.0625,90410.6171875,90476.0625,0
2026-01-10 19:00:00+00:00,90469.3203125,90510.546875,90456.4375,90507.0390625,0
2026-01-10 20:00:00+00:00,90507.8671875,90531.5078125,90446.2890625,90448.4609375,0
2026-01-10 21:00:00+00:00,90450.328125,90455.4765625,90384.46875,90386.5546875,0
2026-01-10 22:00:00+00:00,90386.4296875,90467.5703125,90287.2734375,90341.5703125,0
2026-01-10 23:00:00+00:00,90322.4296875,90445.953125,90312.875,90385.359375,3770368
2026-01-11 00:00:00+00:00,90385.625,90510.921875,90333.6484375,90509.6875,0
2026-01-11 01:00:00+00:00,90513.6875,90539.046875,90431.78125,90509.9609375,0
2026-01-11 02:00:00+00:00,90513.203125,90601.640625,90505.4609375,90579.109375,0
2026-01-11 03:00:00+00:00,90577.6171875,90617.046875,90523.5625,90617.046875,0
2026-01-11 04:00:00+00:00,90613.515625,90662.78125,90580.953125,90662.78125,0
2026-01-11 05:00:00+00:00,90674.28125,90716.96875,90626.71875,90644.2890625,0
2026-01-11 06:00:00+00:00,90650.0,90682.7109375,90506.7265625,90632.9921875,337265664
2026-01-11 07:00:00+00:00,90634.09375,90634.09375,90564.0546875,90589.421875,0
2026-01-11 08:00:00+00:00,90597.4375,90683.984375,90526.84375,90668.0546875,0
2026-01-11 09:00:00+00:00,90667.6640625,90683.7734375,90568.484375,90623.921875,200894464
2026-01-11 10:00:00+00:00,90624.6015625,90630.6328125,90573.7578125,90614.265625,0
2026-01-11 11:00:00+00:00,90610.6328125,90626.9609375,90574.984375,90593.4609375,132082688
2026-01-11 12:00:00+00:00,90610.3203125,90871.7109375,90609.609375,90825.1875,259120128
2026-01-11 13:00:00+00:00,90826.3125,90846.1484375,90713.5078125,90736.9296875,233666560
2026-01-11 14:00:00+00:00,90740.7421875,91043.9453125,90740.7421875,91043.9453125,248259584
2026-01-11 15:00:00+00:00,91022.921875,91022.921875,90615.4609375,90747.7578125,819688448
2026-01-11 16:00:00+00:00,90751.171875,91147.3671875,90751.171875,90905.046875,654397440
2026-01-11 17:00:00+00:00,90912.34375,91014.5078125,90810.578125,90869.96875,295511040
2026-01-11 18:00:00+00:00,90866.5625,90866.5625,90667.1953125,90745.3515625,0
2026-01-11 19:00:00+00:00,90757.1640625,90791.015625,90555.03125,90593.4765625,234848256
2026-01-11 20:00:00+00:00,90596.71875,90596.71875,90309.0390625,90538.40625,725939200
2026-01-11 21:00:00+00:00,90573.2734375,90677.828125,90474.1640625,90646.3125,401456128
2026-01-11 22:00:00+00:00,90623.984375,90623.984375,90335.2421875,90430.3515625,73481216
2026-01-11 23:00:00+00:00,90400.2109375,90888.4453125,90226.9609375,90825.859375,1111240704
2026-01-12 00:00:00+00:00,90851.8984375,91082.1171875,90617.9765625,91032.3671875,879105024
2026-01-12 01:00:00+00:00,91076.9609375,91555.0546875,91035.484375,91262.015625,2222364672
2026-01-12 02:00:00+00:00,91274.8984375,92220.484375,91274.8984375,92115.5234375,2094305280
2026-01-12 03:00:00+00:00,92098.6015625,92384.8515625,91719.34375,91719.34375,1771446272
2026-01-12 04:00:00+00:00,91694.4140625,92151.6484375,91647.984375,92036.109375,978001920
2026-01-12 05:00:00+00:00,92035.6484375,92127.9765625,91955.953125,91991.640625,684238848
2026-01-12 06:00:00+00:00,91984.6796875,92065.4296875,91691.34375,91732.0625,347693056
2026-01-12 07:00:00+00:00,91721.546875,91816.296875,91278.328125,91301.734375,983662592
2026-01-12 08:00:00+00:00,91290.7890625,91499.1796875,90315.640625,90669.2109375,1842366464
2026-01-12 09:00:00+00:00,90643.09375,90790.9765625,90552.2109375,90591.09375,794685440
2026-01-12 10:00:00+00:00,90555.515625,90661.75,90261.9609375,90278.859375,501448704
2026-01-12 11:00:00+00:00,90313.0390625,90659.265625,90313.0390625,90566.390625,826839040
2026-01-12 12:00:00+00:00,90536.359375,90733.6484375,90520.546875,90672.5078125,156246016
2026-01-12 13:00:00+00:00,90662.8515625,90691.46875,90426.8203125,90533.3359375,397813760
2026-01-12 14:00:00+00:00,90525.1953125,90961.6328125,90095.2578125,90803.7421875,2507259904
2026-01-12 15:00:00+00:00,90802.75,91546.453125,90679.171875,91546.453125,1540530176
2026-01-12 16:00:00+00:00,91571.625,92210.1484375,91571.625,92042.640625,1636651008
2026-01-12 17:00:00+00:00,92049.5234375,92210.1328125,91015.9765625,91416.15625,2972286976
2026-01-12 18:00:00+00:00,91433.328125,91843.6796875,91360.7734375,91622.5859375,759361536
2026-01-12 19:00:00+00:00,91617.8125,91794.125,91381.09375,91770.25,761724928
2026-01-12 20:00:00+00:00,91784.5625,91962.3125,91353.0234375,91393.1953125,0
2026-01-12 21:00:00+00:00,91404.1640625,91404.1640625,90894.484375,90913.7265625,244572160
2026-01-12 22:00:00+00:00,90984.1953125,91350.2578125,90984.1953125,91157.546875,346845184
2026-01-12 23:00:00+00:00,91142.65625,91203.8671875,90987.8984375,91185.3359375,2879488
2026-01-13 00:00:00+00:00,91195.6328125,91403.6953125,91175.1328125,91386.7109375,0
2026-01-13 01:00:00+00:00,91384.75,91432.3203125,90941.9296875,91058.9296875,0
2026-01-13 02:00:00+00:00,91081.4453125,91267.5234375,91030.4453125,91114.5859375,0
2026-01-13 03:00:00+00:00,91031.1953125,91327.140625,91019.5390625,91291.3125,0
2026-01-13 04:00:00+00:00,91293.7890625,91463.125,91238.9609375,91396.671875,0
2026-01-13 05:00:00+00:00,91396.7734375,92109.390625,91396.7734375,91803.9453125,1761660928
2026-01-13 06:00:00+00:00,91811.0234375,92145.1015625,91729.1875,92120.84375,218918912
2026-01-13 07:00:00+00:00,92089.4453125,92089.4453125,91806.1171875,91853.8203125,730107904
2026-01-13 08:00:00+00:00,91868.9609375,92134.84375,91846.6640625,92087.9140625,0
2026-01-13 09:00:00+00:00,92076.375,92510.2109375,91913.390625,92149.171875,1037434880
2026-01-13 10:00:00+00:00,92201.4140625,92230.078125,91927.4921875,92029.3359375,259035136
2026-01-13 11:00:00+00:00,92038.296875,92138.875,91886.8359375,91893.6484375,33396477952
2026-01-13 12:00:00+00:00,91932.1484375,92053.7109375,91832.640625,91999.1171875,0
2026-01-13 13:00:00+00:00,92013.0546875,92477.4140625,91904.25,91966.578125,36816220160
2026-01-13 14:00:00+00:00,91926.328125,92756.578125,91760.140625,92453.84375,0
2026-01-13 15:00:00+00:00,92421.359375,93294.53125,92091.1328125,93283.03125,694923264
2026-01-13 16:00:00+00:00,93500.4609375,93654.5078125,93097.4921875,93441.21875,1261322240
2026-01-13 17:00:00+00:00,93347.1015625,93412.9765625,93135.7578125,93241.6796875,0
2026-01-13 18:00:00+00:00,93171.8984375,93790.5078125,93171.8984375,93557.6484375,22642688
2026-01-13 19:00:00+00:00,93584.296875,94194.6484375,93431.703125,94194.6484375,2483032064
2026-01-13 20:00:00+00:00,94222.4765625,94468.875,94134.0390625,94438.890625,2689589248
2026-01-13 21:00:00+00:00,94400.453125,94476.421875,94058.6640625,94074.9609375,1534304256
2026-01-13 22:00:00+00:00,94069.5078125,95928.796875,94062.21875,95667.828125,5290397696
2026-01-13 23:00:00+00:00,95648.703125,95935.6484375,95040.296875,95322.90625,2157133824
2026-01-14 00:00:00+00:00,95363.3046875,95539.734375,95143.6796875,95277.7734375,777388032
2026-01-14 01:00:00+00:00,95185.6796875,95495.0,95111.1875,95266.8515625,671092736
2026-01-14 02:00:00+00:00,95205.578125,95490.609375,95180.5078125,95279.2109375,1220997120
2026-01-14 03:00:00+00:00,95272.1953125,95632.609375,95249.203125,95630.9765625,2407698432
2026-01-14 04:00:00+00:00,95694.421875,95694.421875,95182.9765625,95202.515625,786616320
2026-01-14 05:00:00+00:00,95191.1328125,95204.1328125,94934.296875,94988.1640625,0
2026-01-14 06:00:00+00:00,94970.9765625,94976.859375,94583.046875,94976.859375,591003648
2026-01-14 07:00:00+00:00,94985.765625,95176.1328125,94840.03125,95176.1328125,408600576
2026-01-14 08:00:00+00:00,95162.828125,95231.53125,94860.3125,94868.3046875,0
2026-01-14 09:00:00+00:00,94852.8203125,95131.5234375,94849.390625,95038.109375,0
2026-01-14 10:00:00+00:00,95051.1640625,95213.5859375,94870.0546875,95059.109375,346828800
2026-01-14 11:00:00+00:00,95042.125,95042.125,94706.0078125,94706.0078125,0
2026-01-14 12:00:00+00:00,94727.6953125,95102.671875,94701.1328125,95031.6484375,1391976448
2026-01-14 13:00:00+00:00,95028.859375,95183.5625,94861.1015625,94937.046875,0
2026-01-14 14:00:00+00:00,94958.4921875,96734.7109375,94951.84375,96460.421875,1887080448
2026-01-14 15:00:00+00:00,96450.109375,96984.578125,96232.4453125,96710.59375,2725945344
2026-01-14 16:00:00+00:00,96699.578125,97566.859375,96699.578125,97212.4921875,888070144
2026-01-14 17:00:00+00:00,97245.53125,97747.125,96894.046875,96941.90625,3065225216
2026-01-14 18:00:00+00:00,96953.8359375,97086.8515625,96295.0625,96835.984375,649310208
2026-01-14 19:00:00+00:00,96801.8359375,97519.5234375,96694.8359375,97274.1875,305246208
2026-01-14 20:00:00+00:00,97244.59375,97860.6015625,97221.5078125,97585.109375,0
2026-01-14 21:00:00+00:00,97641.6953125,97686.171875,97409.546875,97443.15625,0
2026-01-14 22:00:00+00:00,97528.46875,97542.9453125,96832.3359375,96915.5625,0
2026-01-14 23:00:00+00:00,96894.984375,97324.4453125,96894.984375,96931.2890625,0
2026-01-15 00:00:00+00:00,96934.609375,96973.4609375,96508.34375,96573.6328125,0
2026-01-15 01:00:00+00:00,96614.0703125,96928.6328125,96310.796875,96418.140625,72564736
2026-01-15 02:00:00+00:00,96434.84375,96578.609375,96154.34375,96236.4921875,0
2026-01-15 03:00:00+00:00,96292.828125,96341.265625,95763.4375,95963.015625,1138237440
2026-01-15 04:00:00+00:00,95941.859375,96327.546875,95930.7421875,96151.6796875,8413184
2026-01-15 05:00:00+00:00,96243.6484375,96468.2890625,96237.453125,96392.03125,0
2026-01-15 06:00:00+00:00,96406.0390625,96529.1015625,96161.8046875,96281.8203125,0
2026-01-15 07:00:00+00:00,96275.9765625,96651.6484375,96193.765625,96516.46875,0
2026-01-15 08:00:00+00:00,96560.265625,96618.5546875,96309.9296875,96614.46875,566321152
2026-01-15 09:00:00+00:00,96617.703125,97150.171875,96545.96875,97046.734375,869601280
2026-01-15 10:00:00+00:00,96994.9921875,97013.7109375,96720.890625,96792.0546875,0
2026-01-15 11:00:00+00:00,96788.5,96845.8359375,96558.1796875,96587.4453125,100679680
2026-01-15 12:00:00+00:00,96551.375,96940.3046875,96517.484375,96940.3046875,0
2026-01-15 13:00:00+00:00,96946.40625,96965.6953125,96611.4453125,96817.375,191619072
2026-01-15 14:00:00+00:00,96811.3046875,97097.1171875,95627.9453125,96019.609375,0
2026-01-15 15:00:00+00:00,96027.8515625,96434.890625,95416.09375,96434.890625,0
2026-01-15 16:00:00+00:00,96649.9453125,96797.609375,96263.6171875,96797.609375,0
2026-01-15 17:00:00+00:00,96696.2578125,97015.3515625,96407.2578125,96598.6328125,0
2026-01-15 18:00:00+00:00,96548.8515625,96570.9765625,95793.5625,95793.5625,753541120
2026-01-15 19:00:00+00:00,95797.9609375,95882.234375,95284.75,95411.0859375,738045952
2026-01-15 20:00:00+00:00,95423.5546875,95607.8984375,95112.25,95143.53125,0
2026-01-15 21:00:00+00:00,95177.4765625,95575.203125,95166.8515625,95548.5234375,0
2026-01-15 22:00:00+00:00,95553.2109375,95784.0390625,95472.9921875,95522.6484375,0
2026-01-15 23:00:00+00:00,95571.3046875,95663.1953125,95413.96875,95554.1015625,0
2026-01-16 00:00:00+00:00,95562.78125,95759.5625,95548.1015625,95574.8046875,0
2026-01-16 01:00:00+00:00,95574.0,95736.3984375,95418.8203125,95617.4609375,0
2026-01-16 02:00:00+00:00,95628.453125,95636.4375,95368.6171875,95477.90625,0
2026-01-16 03:00:00+00:00,95466.359375,95540.3203125,95297.765625,95325.96875,0
2026-01-16 04:00:00+00:00,95306.4375,95520.359375,95125.375,95125.375,34451456
2026-01-16 05:00:00+00:00,95222.0703125,95612.265625,95222.0703125,95612.265625,478240768
2026-01-16 06:00:00+00:00,95613.5703125,95759.96875,95509.8984375,95710.625,0
2026-01-16 07:00:00+00:00,95713.9140625,95736.7734375,95452.953125,95633.5390625,0
2026-01-16 08:00:00+00:00,95630.6875,95801.890625,95541.15625,95643.59375,0
2026-01-16 09:00:00+00:00,95634.2265625,95708.3203125,95557.09375,95577.734375,0
2026-01-16 10:00:00+00:00,95573.9296875,95587.84375,95268.9296875,95272.90625,0
2026-01-16 11:00:00+00:00,95273.109375,95431.671875,95226.6796875,95389.3203125,297009152
2026-01-16 12:00:00+00:00,95397.6015625,95538.640625,95327.4375,95409.296875,0
2026-01-16 13:00:00+00:00,95415.3125,95523.640625,95274.6953125,95418.40625,0
2026-01-16 14:00:00+00:00,95412.2578125,95635.9140625,95169.609375,95169.609375,0
2026-01-16 15:00:00+00:00,95151.796875,95581.2890625,94268.7734375,94605.625,0
2026-01-16 16:00:00+00:00,94559.625,94937.5,94517.3515625,94795.359375,0
2026-01-16 17:00:00+00:00,94831.453125,94893.2578125,94538.2265625,94893.2578125,0
2026-01-16 18:00:00+00:00,95032.8671875,95156.140625,94963.34375,95003.015625,0
2026-01-16 19:00:00+00:00,94955.8515625,94992.625,94822.21875,94964.3359375,0
2026-01-16 20:00:00+00:00,94957.2890625,95399.2578125,94650.234375,95399.2578125,0
2026-01-16 21:00:00+00:00,95476.1171875,95528.4609375,95337.671875,95443.859375,180514816
2026-01-16 22:00:00+00:00,95478.6875,95495.234375,95228.6796875,95441.125,0
2026-01-16 23:00:00+00:00,95472.46875,95531.8515625,95394.078125,95525.15625,94234624
2026-01-17 00:00:00+00:00,95514.765625,95523.9765625,95395.0234375,95459.390625,0
2026-01-17 01:00:00+00:00,95429.03125,95472.5546875,95351.6171875,95366.125,0
2026-01-17 02:00:00+00:00,95356.984375,95370.984375,95194.140625,95322.7265625,0
2026-01-17 03:00:00+00:00,95316.15625,95331.15625,95221.65625,95330.2109375,0
2026-01-17 04:00:00+00:00,95324.578125,95324.578125,95221.28125,95307.7109375,0
2026-01-17 05:00:00+00:00,95259.3203125,95316.96875,95240.34375,95250.9765625,0
2026-01-17 06:00:00+00:00,95261.390625,95280.1484375,95153.5625,95225.6171875,0
2026-01-17 07:00:00+00:00,95196.7421875,95196.7421875,95030.25,95061.109375,0
2026-01-17 08:00:00+00:00,95051.65625,95214.6640625,95020.9609375,95203.4296875,0
2026-01-17 09:00:00+00:00,95199.6953125,95234.890625,95138.0859375,95212.46875,0
2026-01-17 10:00:00+00:00,95211.2890625,95219.2265625,95064.84375,95077.9453125,0
2026-01-17 11:00:00+00:00,95066.109375,95268.0,95029.234375,95255.2421875,0
2026-01-17 12:00:00+00:00,95267.8359375,95312.90625,95199.9921875,95205.4140625,0
2026-01-17 13:00:00+00:00,95210.578125,95398.953125,95152.8828125,95374.9140625,0
2026-01-17 14:00:00+00:00,95383.0859375,95490.3125,95312.4765625,95383.328125,0
2026-01-17 15:00:00+00:00,95422.125,95596.8828125,95396.1484375,95525.6328125,0
2026-01-17 16:00:00+00:00,95509.640625,95509.640625,95201.4140625,95278.6171875,0
2026-01-17 17:00:00+00:00,95277.421875,95398.703125,95259.0703125,95323.453125,0
2026-01-17 18:00:00+00:00,95330.4140625,95428.2421875,95330.4140625,95382.875,0
2026-01-17 19:00:00+00:00,95396.4296875,95396.4296875,95247.890625,95261.3515625,0
2026-01-17 20:00:00+00:00,95259.2578125,95345.1640625,95242.265625,95343.6796875,0
2026-01-17 21:00:00+00:00,95339.0546875,95367.46875,95239.3046875,95257.078125,0
2026-01-17 22:00:00+00:00,95270.3203125,95273.8125,95011.4375,95156.2421875,0
2026-01-17 23:00:00+00:00,95128.3046875,95166.7734375,95088.328125,95101.1796875,0
2026-01-18 00:00:00+00:00,95112.3984375,95189.4921875,95054.734375,95061.84375,67320832
2026-01-18 01:00:00+00:00,95062.1328125,95062.1328125,94848.9296875,94908.953125,310758400
2026-01-18 02:00:00+00:00,94926.140625,95012.78125,94851.5,94977.703125,0
2026-01-18 03:00:00+00:00,94980.296875,95152.140625,94980.296875,95147.21875,86411264
2026-01-18 04:00:00+00:00,95121.0546875,95146.0,95038.8984375,95059.859375,0
2026-01-18 05:00:00+00:00,95059.390625,95189.578125,95025.65625,95154.515625,149681152
2026-01-18 06:00:00+00:00,95134.3046875,95171.390625,95112.2109375,95136.4921875,37563392
2026-01-18 07:00:00+00:00,95137.25,95141.3046875,94995.9296875,95023.484375,61304832
2026-01-18 08:00:00+00:00,94999.828125,95159.0234375,94977.6953125,95146.9765625,0
2026-01-18 09:00:00+00:00,95146.78125,95245.3203125,95122.953125,95236.4140625,291320832
2026-01-18 10:00:00+00:00,95230.1171875,95237.7890625,95064.1484375,95137.8203125,439664640
2026-01-18 11:00:00+00:00,95134.15625,95142.8203125,95038.8828125,95124.703125,0
2026-01-18 12:00:00+00:00,95129.015625,95135.609375,95049.40625,95049.40625,0
2026-01-18 13:00:00+00:00,95066.609375,95146.4375,94884.125,95115.234375,311855104
2026-01-18 14:00:00+00:00,95118.6171875,95275.953125,94904.9375,94904.9375,444989440
2026-01-18 15:00:00+00:00,94931.953125,95088.28125,94891.65625,95088.28125,0
2026-01-18 16:00:00+00:00,95082.828125,95157.6796875,95044.390625,95139.5,0
2026-01-18 17:00:00+00:00,95124.078125,95233.15625,95121.7890625,95171.609375,6135808
2026-01-18 18:00:00+00:00,95229.9375,95488.1796875,95155.28125,95439.3671875,440893440
2026-01-18 19:00:00+00:00,95408.9921875,95475.015625,95308.9921875,95334.5625,524771328
2026-01-18 20:00:00+00:00,95345.9609375,95406.9765625,95260.4609375,95266.8046875,129189888
2026-01-18 21:00:00+00:00,95266.96875,95396.859375,95245.46875,95388.8515625,0
2026-01-18 22:00:00+00:00,95389.390625,95473.25,95363.46875,95458.40625,90507264
2026-01-18 23:00:00+00:00,95416.59375,95416.59375,93595.4140625,93655.671875,3332814848
2026-01-19 00:00:00+00:00,93646.9140625,93646.9140625,92286.546875,92697.59375,6988539904
2026-01-19 01:00:00+00:00,92703.4140625,92792.6171875,92234.4140625,92509.7265625,1805570048
2026-01-19 02:00:00+00:00,92529.109375,92599.1015625,92366.15625,92518.2109375,1139877888
2026-01-19 03:00:00+00:00,92536.8203125,92740.625,92481.3828125,92642.5625,874809344
2026-01-19 04:00:00+00:00,92654.5546875,92682.65625,92481.0,92674.09375,822702080
2026-01-19 05:00:00+00:00,92630.9921875,92710.4765625,92484.2734375,92484.2890625,438132736
2026-01-19 06:00:00+00:00,92481.125,92565.40625,92381.03125,92511.3046875,710830080
2026-01-19 07:00:00+00:00,92534.484375,92792.71875,92517.8203125,92792.71875,606826496
2026-01-19 08:00:00+00:00,92793.3515625,93259.109375,92703.3203125,93259.109375,2015547392
2026-01-19 09:00:00+00:00,93238.890625,93238.890625,92911.3828125,92993.5625,0
2026-01-19 10:00:00+00:00,92993.8359375,93021.6953125,92843.3125,92999.53125,120508416
2026-01-19 11:00:00+00:00,93002.109375,93225.7734375,92931.7421875,93140.140625,1161461760
2026-01-19 12:00:00+00:00,93136.5390625,93153.4375,92969.1953125,92996.1953125,975622144
2026-01-19 13:00:00+00:00,93013.1015625,93071.46875,92829.953125,92964.34375,194220032
2026-01-19 14:00:00+00:00,92974.21875,92976.765625,92677.9453125,92768.84375,0
2026-01-19 15:00:00+00:00,92776.3125,93022.8125,92776.3125,93022.8125,568815616
2026-01-19 16:00:00+00:00,93003.4296875,93320.265625,92965.234375,93298.6640625,601255936
2026-01-19 17:00:00+00:00,93273.6015625,93345.34375,93100.703125,93182.34375,543985664
2026-01-19 18:00:00+00:00,93184.4609375,93207.0390625,92884.6015625,93003.1875,0
2026-01-19 19:00:00+00:00,93002.796875,93095.921875,92976.734375,93079.109375,0
2026-01-19 20:00:00+00:00,93067.625,93215.546875,93048.0078125,93091.734375,107687936
2026-01-19 21:00:00+00:00,93077.25,93249.3515625,92955.578125,92975.2578125,351973376
2026-01-19 22:00:00+00:00,92968.515625,92976.5703125,92570.8125,92570.8125,332480512
2026-01-19 23:00:00+00:00,92516.0859375,92643.53125,92152.296875,92553.6015625,0
2026-01-20 00:00:00+00:00,92583.640625,92796.171875,92300.734375,92606.875,0
2026-01-20 01:00:00+00:00,92637.40625,92797.2109375,92490.6171875,92757.5,0
2026-01-20 02:00:00+00:00,92645.9296875,92645.9296875,92335.1796875,92464.546875,0
2026-01-20 03:00:00+00:00,92540.9296875,92540.9296875,92217.1171875,92357.453125,0
2026-01-20 04:00:00+00:00,92367.1171875,92385.4921875,91954.4921875,91954.4921875,0
2026-01-20 05:00:00+00:00,91988.40625,91988.40625,91332.03125,91604.171875,2795505664
2026-01-20 06:00:00+00:00,91556.8984375,91556.8984375,90714.109375,90770.21875,2230145024
2026-01-20 07:00:00+00:00,90816.7578125,91197.2421875,90816.7578125,91076.8671875,579307520
2026-01-20 08:00:00+00:00,91083.25,91141.125,90623.09375,90998.25,499728384
2026-01-20 09:00:00+00:00,90998.7265625,90998.7265625,90828.7578125,90938.984375,0
2026-01-20 10:00:00+00:00,90931.65625,91188.875,90900.21875,91184.6796875,0
2026-01-20 11:00:00+00:00,91176.0,91334.3828125,91146.7578125,91146.7578125,165572608
2026-01-20 12:00:00+00:00,91131.4609375,91205.4296875,90981.8515625,91195.4375,276025344
2026-01-20 13:00:00+00:00,91192.8125,91199.3203125,90772.796875,90871.96875,484593664
2026-01-20 14:00:00+00:00,90869.0625,91273.8984375,90302.3515625,90583.90625,2314514432
2026-01-20 15:00:00+00:00,90461.1796875,90670.4375,89835.34375,90429.4609375,3672580096
2026-01-20 16:00:00+00:00,90583.625,90856.9453125,89990.1484375,90095.3359375,1268162560
2026-01-20 17:00:00+00:00,90072.9609375,90372.078125,89424.9375,89671.7265625,2078396416
2026-01-20 18:00:00+00:00,89675.8359375,89815.71875,89311.7578125,89393.78125,1880948736
2026-01-20 19:00:00+00:00,89387.1328125,89651.1484375,89193.546875,89597.7265625,1656410112
2026-01-20 20:00:00+00:00,89600.03125,89697.8359375,89297.7109375,89504.59375,1510215680
2026-01-20 21:00:00+00:00,89588.1484375,89699.453125,89311.140625,89416.03125,583491584
2026-01-20 22:00:00+00:00,89405.296875,89511.6328125,87954.25,88411.828125,2148122624
2026-01-20 23:00:00+00:00,88405.0390625,88405.0390625,87828.9140625,88326.5078125,3121152
2026-01-21 00:00:00+00:00,88321.28125,88844.9375,88163.0546875,88816.96875,2648227840
2026-01-21 01:00:00+00:00,88814.421875,89033.203125,88764.1640625,88909.5859375,280936448
2026-01-21 02:00:00+00:00,88912.34375,89198.4609375,88881.53125,88958.2265625,866316288
2026-01-21 03:00:00+00:00,88940.71875,89455.671875,88940.71875,89315.8828125,185372672
2026-01-21 04:00:00+00:00,89315.8828125,89503.46875,89256.34375,89352.0078125,587218944
2026-01-21 05:00:00+00:00,89335.65625,89972.5234375,89335.65625,89813.7734375,0
2026-01-21 06:00:00+00:00,89842.734375,89842.734375,89409.96875,89527.296875,0
2026-01-21 07:00:00+00:00,89542.9375,89638.125,88987.125,89049.6171875,22372352
2026-01-21 08:00:00+00:00,89112.140625,89260.765625,88894.2578125,89101.4921875,0
2026-01-21 09:00:00+00:00,89096.578125,89381.4921875,88984.3203125,88984.3203125,0
2026-01-21 10:00:00+00:00,89008.3984375,89283.7578125,89008.3359375,89175.625,103473152
2026-01-21 11:00:00+00:00,89158.875,89274.3046875,88652.5859375,88687.1328125,0
2026-01-21 12:00:00+00:00,88694.875,88726.515625,88190.734375,88647.78125,2625662976
2026-01-21 13:00:00+00:00,88655.0546875,88919.2109375,88505.4296875,88700.5,0
2026-01-21 14:00:00+00:00,88599.59375,89869.4609375,88549.03125,89829.578125,2650615808
2026-01-21 15:00:00+00:00,89722.8828125,90412.0625,89721.328125,90238.5859375,0
2026-01-21 16:00:00+00:00,90192.3828125,90231.1484375,87585.9921875,87585.9921875,340979712
2026-01-21 17:00:00+00:00,87527.5546875,87927.9921875,87240.59375,87895.9296875,3013287936
2026-01-21 18:00:00+00:00,87872.296875,88505.5859375,87563.40625,88377.2890625,635789312
2026-01-21 19:00:00+00:00,88390.3046875,90284.2578125,88222.90625,90246.1328125,2162290688
2026-01-21 20:00:00+00:00,90271.765625,90271.765625,89400.9765625,90090.5546875,691843072
2026-01-21 21:00:00+00:00,90095.609375,90232.65625,89955.09375,90194.1328125,347852800
2026-01-21 22:00:00+00:00,90171.5859375,90309.03125,89779.609375,89782.7421875,0
2026-01-21 23:00:00+00:00,89735.8671875,90118.4921875,89306.90625,89378.5234375,0
2026-01-22 00:00:00+00:00,89372.4296875,89931.953125,89372.4296875,89814.7421875,0
2026-01-22 01:00:00+00:00,89823.671875,90078.8984375,89772.5625,90045.375,0
2026-01-22 02:00:00+00:00,90030.71875,90254.0546875,89786.90625,89860.421875,0
2026-01-22 03:00:00+00:00,89857.9296875,90058.765625,89649.703125,89806.5078125,0
2026-01-22 04:00:00+00:00,89799.9140625,89975.3671875,89745.5078125,89961.8203125,0
2026-01-22 05:00:00+00:00,89928.8828125,89974.5625,89843.46875,89859.625,0
2026-01-22 06:00:00+00:00,89937.40625,90115.2890625,89823.6484375,90108.515625,0
2026-01-22 07:00:00+00:00,90085.953125,90104.0390625,89713.28125,89713.28125,0
2026-01-22 08:00:00+00:00,89737.8359375,89868.625,89688.9609375,89823.0078125,0
2026-01-22 09:00:00+00:00,89823.6015625,90042.640625,89820.1171875,89947.0625,0
2026-01-22 10:00:00+00:00,89947.3203125,90013.328125,89884.875,90011.8125,991895552
2026-01-22 11:00:00+00:00,90005.0859375,90053.109375,89825.8671875,89853.8828125,0
2026-01-22 12:00:00+00:00,89853.265625,89985.984375,89803.6484375,89935.0,0
2026-01-22 13:00:00+00:00,89943.90625,90220.1015625,89424.3359375,89521.828125,94830592
2026-01-22 14:00:00+00:00,89534.890625,89596.09375,89056.0546875,89121.171875,0
2026-01-22 15:00:00+00:00,89030.96875,89265.7109375,88438.4453125,88943.0234375,16252928
2026-01-22 16:00:00+00:00,88937.2578125,89120.75,88648.4296875,88906.21875,0
2026-01-22 17:00:00+00:00,88946.9453125,89447.0625,88946.9453125,89447.0625,0
2026-01-22 18:00:00+00:00,89484.3203125,89672.359375,89221.640625,89221.640625,0
2026-01-22 19:00:00+00:00,89236.59375,89809.1328125,89074.765625,89729.1796875,0
2026-01-22 20:00:00+00:00,89704.7109375,89835.3984375,89358.2734375,89373.109375,0
2026-01-22 21:00:00+00:00,89481.0390625,89555.8828125,89166.453125,89166.453125,0
2026-01-22 22:00:00+00:00,89170.6953125,89432.0625,89098.59375,89252.34375,0
2026-01-22 23:00:00+00:00,89197.2890625,89478.9140625,89086.1484375,89462.046875,0
2026-01-23 00:00:00+00:00,89460.1953125,89536.5859375,89362.640625,89503.7421875,0
2026-01-23 01:00:00+00:00,89464.34375,89823.1796875,89464.34375,89823.1796875,0
2026-01-23 02:00:00+00:00,89819.3984375,89849.0390625,89562.15625,89567.625,0
2026-01-23 03:00:00+00:00,89564.484375,89809.9609375,89558.8359375,89806.8046875,0
2026-01-23 04:00:00+00:00,89816.9921875,89924.640625,89786.2421875,89896.5625,569004032
2026-01-23 05:00:00+00:00,89873.828125,89873.828125,89412.8671875,89495.859375,0
2026-01-23 06:00:00+00:00,89514.6640625,89672.78125,89346.40625,89394.3515625,211247104
2026-01-23 07:00:00+00:00,89390.765625,89566.390625,89381.0859375,89438.1640625,713007104
2026-01-23 08:00:00+00:00,89440.5234375,89492.421875,89068.359375,89134.0390625,425525248
2026-01-23 09:00:00+00:00,89128.2265625,89245.515625,88804.515625,88848.1875,833204224
2026-01-23 10:00:00+00:00,88856.9140625,89002.046875,88794.5859375,88907.9609375,0
2026-01-23 11:00:00+00:00,88925.7421875,89201.5546875,88888.203125,89056.578125,274743296
2026-01-23 12:00:00+00:00,89088.9609375,89240.4375,88971.203125,89177.328125,0
2026-01-23 13:00:00+00:00,89153.296875,89326.21875,89122.0234375,89222.6328125,0
2026-01-23 14:00:00+00:00,89238.3671875,89575.2578125,88616.1015625,88899.03125,95121408
2026-01-23 15:00:00+00:00,88900.2109375,89732.8203125,88585.921875,89529.734375,0
2026-01-23 16:00:00+00:00,89636.40625,90334.65625,89420.1796875,90003.8515625,0
2026-01-23 17:00:00+00:00,90031.8203125,91088.8125,89881.375,90490.875,1752940544
2026-01-23 18:00:00+00:00,90484.453125,90912.9140625,90394.4921875,90460.0703125,1016676352
2026-01-23 19:00:00+00:00,90425.8125,90425.8125,89612.3515625,89854.390625,1029402624
2026-01-23 20:00:00+00:00,89867.703125,90018.3828125,89199.8984375,89444.8828125,0
2026-01-23 21:00:00+00:00,89372.0,89561.796875,89228.5703125,89228.5703125,1192067072
2026-01-23 22:00:00+00:00,89237.75,89621.8984375,89237.75,89534.2421875,72814592
2026-01-23 23:00:00+00:00,89516.6328125,89516.6328125,89381.484375,89506.1484375,0
2026-01-24 00:00:00+00:00,89487.0,89508.328125,89305.03125,89347.3515625,0
2026-01-24 01:00:00+00:00,89340.84375,89470.703125,89334.5625,89415.65625,0
2026-01-24 02:00:00+00:00,89429.53125,89582.09375,89429.53125,89582.09375,0
2026-01-24 03:00:00+00:00,89576.2109375,89795.78125,89562.6328125,89647.421875,0
2026-01-24 04:00:00+00:00,89644.4140625,89720.5859375,89584.6953125,89720.5859375,0
2026-01-24 05:00:00+00:00,89717.6953125,89730.140625,89633.890625,89658.796875,0
2026-01-24 06:00:00+00:00,89669.1015625,89669.1015625,89512.5078125,89512.5078125,0
2026-01-24 07:00:00+00:00,89516.6640625,89537.125,89442.890625,89471.3125,0
2026-01-24 08:00:00+00:00,89480.171875,89543.7578125,89458.421875,89534.7734375,0
2026-01-24 09:00:00+00:00,89516.2421875,89525.7578125,89453.6484375,89462.7734375,0
2026-01-24 10:00:00+00:00,89461.9140625,89513.7890625,89453.5078125,89492.6015625,0
2026-01-24 11:00:00+00:00,89491.9296875,89519.328125,89463.234375,89463.234375,0
2026-01-24 12:00:00+00:00,89460.1015625,89460.1015625,89355.953125,89398.375,0
2026-01-24 13:00:00+00:00,89393.078125,89416.375,89385.890625,89398.90625,0
2026-01-24 14:00:00+00:00,89331.703125,89383.796875,89119.8203125,89323.2109375,0
2026-01-24 15:00:00+00:00,89317.1796875,89348.3515625,89143.34375,89143.34375,0
2026-01-24 16:00:00+00:00,89147.7734375,89208.7265625,89049.9609375,89149.1015625,0
2026-01-24 17:00:00+00:00,89138.515625,89270.4765625,89138.515625,89246.3828125,0
2026-01-24 18:00:00+00:00,89246.4375,89324.7890625,89240.2578125,89258.7265625,0
2026-01-24 19:00:00+00:00,89259.265625,89259.265625,89141.328125,89193.1484375,0
2026-01-24 20:00:00+00:00,89195.15625,89258.5625,89188.1796875,89243.9609375,0
2026-01-24 21:00:00+00:00,89241.6875,89243.8359375,89137.8515625,89243.8359375,0
2026-01-24 22:00:00+00:00,89261.71875,89340.9296875,89178.390625,89261.984375,0
2026-01-24 23:00:00+00:00,89291.421875,89331.640625,89104.765625,89104.765625,3477504
2026-01-25 00:00:00+00:00,89095.46875,89158.3828125,89053.7734375,89154.3671875,4557824
2026-01-25 01:00:00+00:00,89168.0859375,89186.140625,88991.484375,89032.7421875,0
2026-01-25 02:00:00+00:00,89035.7578125,89103.859375,89003.84375,89003.84375,0
2026-01-25 03:00:00+00:00,89002.734375,89038.59375,88717.078125,88839.1171875,219425792
2026-01-25 04:00:00+00:00,88840.0625,88953.1015625,88816.78125,88923.28125,354953216
2026-01-25 05:00:00+00:00,88875.8671875,88907.3046875,88741.9375,88862.65625,206692352
2026-01-25 06:00:00+00:00,88854.484375,88854.484375,88570.8671875,88718.78125,441782272
2026-01-25 07:00:00+00:00,88715.296875,88715.296875,88503.3671875,88513.375,9151488
2026-01-25 08:00:00+00:00,88521.5078125,88615.0078125,88088.53125,88188.765625,758052864
2026-01-25 09:00:00+00:00,88184.5625,88350.4609375,88126.609375,88263.265625,121177088
2026-01-25 10:00:00+00:00,88262.796875,88525.4296875,88262.0703125,88512.4140625,929459200
2026-01-25 11:00:00+00:00,88516.390625,88572.28125,88400.7734375,88436.84375,223760384
2026-01-25 12:00:00+00:00,88440.3203125,88649.5859375,88319.828125,88649.5859375,260517888
2026-01-25 13:00:00+00:00,88648.3515625,88833.125,88565.453125,88787.1328125,424740864
2026-01-25 14:00:00+00:00,88790.2109375,88799.8046875,88513.5859375,88573.75,0
2026-01-25 15:00:00+00:00,88580.6484375,88623.5390625,88274.546875,88330.328125,198039552
2026-01-25 16:00:00+00:00,88332.8515625,88332.8515625,87576.09375,87969.25,2697684992
2026-01-25 17:00:00+00:00,87963.1796875,87963.1796875,87676.1328125,87718.25,1028018176
2026-01-25 18:00:00+00:00,87744.3515625,87848.640625,86934.3046875,87338.1875,3198857216
2026-01-25 19:00:00+00:00,87296.2109375,87336.828125,86189.78125,86388.40625,3238873088
2026-01-25 20:00:00+00:00,86402.265625,86552.375,86166.2734375,86552.375,1958035456
2026-01-25 21:00:00+00:00,86549.4609375,86884.3515625,86432.734375,86517.0625,1676402688
2026-01-25 22:00:00+00:00,86491.2890625,86545.5859375,86149.046875,86441.5546875,1653880832
2026-01-25 23:00:00+00:00,86442.28125,86677.3828125,86003.7109375,86557.3828125,2192750592
2026-01-26 00:00:00+00:00,86577.5859375,86999.71875,86433.8046875,86734.3203125,1140068352
2026-01-26 01:00:00+00:00,86759.3828125,87664.5078125,86740.9609375,87514.0234375,2153881600
2026-01-26 02:00:00+00:00,87568.5625,87847.46875,87352.5,87437.140625,1271566336
2026-01-26 03:00:00+00:00,87433.46875,87542.3515625,86984.6484375,87120.2421875,1440399360
2026-01-26 04:00:00+00:00,87137.65625,87800.7734375,87137.65625,87605.3515625,1402601472
2026-01-26 05:00:00+00:00,87617.15625,87809.5,87571.9609375,87760.015625,990195712
2026-01-26 06:00:00+00:00,87744.078125,87898.359375,87645.0703125,87838.7421875,812916736
2026-01-26 07:00:00+00:00,87800.7578125,87938.8515625,87623.5,87904.1171875,1503031296
2026-01-26 08:00:00+00:00,87896.6328125,88138.546875,87779.0234375,87884.3984375,174665728
2026-01-26 09:00:00+00:00,87879.421875,87879.421875,87519.9453125,87551.1015625,351358976
2026-01-26 10:00:00+00:00,87562.953125,87848.1640625,87562.953125,87806.640625,374571008
2026-01-26 11:00:00+00:00,87803.171875,87886.2890625,87689.328125,87761.484375,0
2026-01-26 12:00:00+00:00,87757.75,87880.4921875,87655.9140625,87709.390625,210690048
2026-01-26 13:00:00+00:00,87711.5703125,87943.046875,87638.09375,87878.0546875,793583616
2026-01-26 14:00:00+00:00,87872.265625,88310.1171875,87384.1640625,88120.7109375,2734944256
2026-01-26 15:00:00+00:00,88153.3359375,88715.4921875,87328.375,87579.9296875,3291828224
2026-01-26 16:00:00+00:00,87553.265625,87844.15625,87160.7734375,87546.7421875,0
2026-01-26 17:00:00+00:00,87539.296875,87673.6640625,87025.0546875,87593.140625,103497728
2026-01-26 18:00:00+00:00,87606.25,88264.78125,87606.25,88264.78125,0
2026-01-26 19:00:00+00:00,88313.21875,88419.7578125,87873.0625,87919.96875,0
2026-01-26 20:00:00+00:00,87912.3046875,88021.421875,87453.5859375,87495.5859375,0
2026-01-26 21:00:00+00:00,87512.546875,88124.8828125,87497.1875,87966.7734375,0
2026-01-26 22:00:00+00:00,87976.3984375,88165.890625,87917.3984375,88040.0546875,0
2026-01-26 23:00:00+00:00,88011.03125,88548.1875,87960.3828125,88257.4765625,0
2026-01-27 00:00:00+00:00,88190.84375,88333.46875,88111.0,88248.3046875,0
2026-01-27 01:00:00+00:00,88255.828125,88575.6796875,88102.9921875,88462.6171875,0
2026-01-27 02:00:00+00:00,88464.9296875,88722.390625,88464.9296875,88681.78125,0
2026-01-27 03:00:00+00:00,88714.0234375,88759.0,88502.2421875,88640.9453125,0
2026-01-27 04:00:00+00:00,88643.2578125,88813.1328125,88435.46875,88478.6328125,0
2026-01-27 05:00:00+00:00,88473.484375,88481.1015625,88293.109375,88341.765625,0
2026-01-27 06:00:00+00:00,88338.7421875,88406.7734375,88173.7265625,88206.984375,0
2026-01-27 07:00:00+00:00,88216.6875,88453.859375,88205.3828125,88205.3828125,0
2026-01-27 08:00:00+00:00,88216.96875,88276.5,88018.1015625,88073.9609375,0
2026-01-27 09:00:00+00:00,88053.5078125,88053.5078125,87771.109375,87771.40625,0
2026-01-27 10:00:00+00:00,87770.828125,87928.8828125,87652.4375,87654.546875,267079680
2026-01-27 11:00:00+00:00,87684.75,87956.796875,87660.1328125,87900.7734375,367038464
2026-01-27 12:00:00+00:00,87884.34375,88022.484375,87829.5546875,87845.5859375,393248768
2026-01-27 13:00:00+00:00,87866.1953125,87946.8515625,87691.859375,87846.5546875,0
2026-01-27 14:00:00+00:00,87855.3671875,88267.328125,87544.734375,87643.46875,0
2026-01-27 15:00:00+00:00,87610.390625,88010.1796875,87517.875,87908.796875,0
2026-01-27 16:00:00+00:00,87919.828125,88671.171875,87902.3671875,88541.4921875,985309184
2026-01-27 17:00:00+00:00,88527.1796875,88542.5625,87268.1953125,87426.1796875,262320128
2026-01-27 18:00:00+00:00,87447.328125,88348.0234375,87359.6484375,88237.9765625,867287040
2026-01-27 19:00:00+00:00,88156.3125,88409.671875,87950.796875,88292.1875,644694016
2026-01-27 20:00:00+00:00,88286.953125,89358.7109375,88268.1015625,89237.53125,1247973376
2026-01-27 21:00:00+00:00,89295.1484375,89403.3515625,88909.71875,88909.71875,441962496
2026-01-27 22:00:00+00:00,88947.8125,89299.5546875,88920.3984375,89170.09375,731156480
2026-01-27 23:00:00+00:00,89135.9140625,89402.484375,89046.40625,89104.046875,75063296
2026-01-28 00:00:00+00:00,89129.90625,89322.4375,89039.734375,89275.3671875,0
2026-01-28 01:00:00+00:00,89333.2265625,89367.5546875,89093.5859375,89307.5703125,804864000
2026-01-28 02:00:00+00:00,89282.0234375,89309.6171875,88993.328125,89121.609375,0
2026-01-28 03:00:00+00:00,89141.96875,89157.3828125,88884.53125,89013.21875,0
2026-01-28 04:00:00+00:00,89000.6328125,89035.7578125,88741.3046875,88890.5625,0
2026-01-28 05:00:00+00:00,88858.3203125,88942.4921875,88736.1484375,88908.9296875,0
2026-01-28 06:00:00+00:00,88948.84375,89259.1171875,88948.84375,89210.6328125,29609984
2026-01-28 07:00:00+00:00,89194.0546875,89218.328125,89012.0546875,89012.0546875,0
2026-01-28 08:00:00+00:00,89009.1640625,89099.8515625,88775.59375,88799.0234375,679886848
2026-01-28 09:00:00+00:00,88803.65625,89298.5859375,88752.9921875,89298.484375,0
2026-01-28 10:00:00+00:00,89364.421875,89457.515625,89214.6875,89307.328125,988319744
2026-01-28 11:00:00+00:00,89299.1796875,89978.96875,89211.0390625,89947.3515625,1113837568
2026-01-28 12:00:00+00:00,89964.140625,90020.734375,89683.4296875,89868.25,722059264
2026-01-28 13:00:00+00:00,89863.1640625,90304.5234375,89863.0078125,90081.8984375,1609379840
2026-01-28 14:00:00+00:00,90118.578125,90118.578125,89349.0234375,89517.859375,70070272
2026-01-28 15:00:00+00:00,89490.46875,89701.8671875,88976.4140625,89381.1953125,728797184
2026-01-28 16:00:00+00:00,89404.578125,89673.9921875,89155.0703125,89530.984375,0
2026-01-28 17:00:00+00:00,89514.71875,90339.96875,89277.265625,90079.1875,0
2026-01-28 18:00:00+00:00,89818.390625,89818.390625,89318.9453125,89442.84375,560984064
2026-01-28 19:00:00+00:00,89434.5546875,89515.6875,88921.5546875,89425.9921875,755519488
2026-01-28 20:00:00+00:00,89342.6640625,89620.546875,88899.296875,89083.0546875,0
2026-01-28 21:00:00+00:00,89014.7890625,89336.0546875,88780.7734375,89276.7578125,0
2026-01-28 22:00:00+00:00,89292.4375,89336.2421875,89015.2890625,89242.8359375,0
2026-01-28 23:00:00+00:00,89241.203125,89324.9140625,89088.8515625,89169.8515625,4526080
2026-01-29 00:00:00+00:00,89191.0546875,89191.0546875,88799.640625,88978.078125,709607424
2026-01-29 01:00:00+00:00,88997.6640625,89008.015625,88427.1484375,88487.015625,0
2026-01-29 02:00:00+00:00,88456.703125,88602.1953125,87634.8359375,87757.3125,2085818368
2026-01-29 03:00:00+00:00,87724.421875,88043.65625,87724.421875,87938.640625,590024704
2026-01-29 04:00:00+00:00,87916.703125,88192.9921875,87783.8203125,88192.9921875,233902080
2026-01-29 05:00:00+00:00,88173.828125,88253.140625,88006.9609375,88020.765625,105656320
2026-01-29 06:00:00+00:00,88064.890625,88202.703125,88064.890625,88182.0390625,431738880
2026-01-29 07:00:00+00:00,88187.53125,88293.34375,88127.4296875,88280.1484375,222318592
2026-01-29 08:00:00+00:00,88212.9375,88292.7109375,87790.1953125,87928.0625,674963456
2026-01-29 09:00:00+00:00,87929.890625,87995.15625,87768.6796875,87768.6796875,0
2026-01-29 10:00:00+00:00,87763.2890625,87847.5546875,87709.171875,87803.015625,0
2026-01-29 11:00:00+00:00,87807.2421875,87909.734375,87629.2109375,87690.2109375,0
2026-01-29 12:00:00+00:00,87709.984375,87951.8671875,87709.984375,87951.8671875,0
2026-01-29 13:00:00+00:00,87966.6015625,87996.9296875,87829.3359375,87863.984375,0
2026-01-29 14:00:00+00:00,87898.3984375,87925.65625,86876.078125,86876.078125,0
2026-01-29 15:00:00+00:00,86885.578125,86885.578125,84327.9765625,84758.59375,8217477120
2026-01-29 16:00:00+00:00,84780.3671875,85137.859375,84309.265625,85137.859375,4687618048
2026-01-29 17:00:00+00:00,85151.8671875,85425.3046875,84011.8125,84025.984375,3183382528
2026-01-29 18:00:00+00:00,84115.875,84439.1796875,83401.7109375,83441.046875,2568851456
2026-01-29 19:00:00+00:00,83334.640625,84085.640625,83306.4609375,83862.9375,1623662592
2026-01-29 20:00:00+00:00,83852.4140625,84131.6796875,83669.921875,83916.7578125,411402240
2026-01-29 21:00:00+00:00,84068.1796875,84491.640625,84068.1796875,84363.0078125,2076966912
2026-01-29 22:00:00+00:00,84384.71875,84466.46875,84202.5390625,84433.796875,486285312
2026-01-29 23:00:00+00:00,84422.7578125,84590.1875,84306.671875,84562.7265625,605642752
2026-01-30 00:00:00+00:00,84553.6875,84593.25,84064.421875,84109.7421875,0
2026-01-30 01:00:00+00:00,84070.5703125,84070.5703125,81479.8203125,82348.3984375,6574526464
2026-01-30 02:00:00+00:00,82350.1640625,82350.1640625,81075.1328125,81904.53125,2459353088
2026-01-30 03:00:00+00:00,82032.0625,82581.6640625,81969.328125,82581.6640625,1409638400
2026-01-30 04:00:00+00:00,82551.75,83130.3828125,82551.75,82798.3125,2365882368
2026-01-30 05:00:00+00:00,82784.0859375,83178.6796875,82784.0859375,82835.453125,349560832
2026-01-30 06:00:00+00:00,82785.5390625,82785.5390625,81949.140625,82440.125,1947443200
2026-01-30 07:00:00+00:00,82485.2421875,82920.640625,82343.875,82710.9453125,1404534784
2026-01-30 08:00:00+00:00,82688.2734375,82810.4453125,82344.0859375,82493.3515625,622706688
2026-01-30 09:00:00+00:00,82544.40625,82642.203125,82076.375,82209.171875,0
2026-01-30 10:00:00+00:00,82225.15625,82722.3515625,82057.5859375,82657.203125,1975410688
2026-01-30 11:00:00+00:00,82689.8515625,83098.0546875,82565.0,83055.71875,0
2026-01-30 12:00:00+00:00,83043.0546875,83167.1171875,82546.5234375,82632.265625,465207296
2026-01-30 13:00:00+00:00,82653.0625,82815.703125,82459.2890625,82570.15625,1722204160
2026-01-30 14:00:00+00:00,82610.84375,83562.625,82610.84375,82851.0234375,1577369600
2026-01-30 15:00:00+00:00,82890.3984375,83464.59375,82374.90625,82771.1953125,0
2026-01-30 16:00:00+00:00,82770.171875,83294.609375,82519.0078125,82971.6015625,0
2026-01-30 17:00:00+00:00,83006.765625,83309.3828125,82526.390625,82907.296875,0
2026-01-30 18:00:00+00:00,82828.015625,83851.125,81823.2578125,83851.125,0
2026-01-30 19:00:00+00:00,83824.8828125,84414.1875,83824.8828125,84213.6484375,956481536
2026-01-30 20:00:00+00:00,84120.6640625,84120.6640625,83425.53125,83716.234375,1311678464
2026-01-30 21:00:00+00:00,83824.3359375,84338.046875,83672.2109375,84250.5546875,0
2026-01-30 22:00:00+00:00,84203.7109375,84203.7109375,83782.0859375,84013.8515625,247824384
2026-01-30 23:00:00+00:00,84073.4921875,84153.4296875,83814.8828125,84126.5,0
2026-01-31 00:00:00+00:00,84121.6015625,84130.375,83886.6953125,83914.75,0
2026-01-31 01:00:00+00:00,83936.6640625,84103.828125,83792.3984375,83867.9453125,0
2026-01-31 02:00:00+00:00,83857.015625,84035.203125,83686.375,83986.765625,0
2026-01-31 03:00:00+00:00,83986.203125,84091.1015625,83896.1015625,83896.1015625,0
2026-01-31 04:00:00+00:00,83884.8515625,84005.359375,83806.6640625,83839.328125,0
2026-01-31 05:00:00+00:00,83851.0234375,83950.421875,83767.6875,83858.796875,0
2026-01-31 06:00:00+00:00,83860.34375,83877.8125,83515.4375,83629.1875,0
2026-01-31 07:00:00+00:00,83633.7109375,83644.375,83255.703125,83409.8046875,0
2026-01-31 08:00:00+00:00,83401.9921875,83450.9296875,82553.8046875,82968.609375,840929280
2026-01-31 09:00:00+00:00,82930.703125,83136.75,82777.4453125,83005.203125,0
2026-01-31 10:00:00+00:00,82963.265625,83045.8359375,82807.546875,83010.109375,0
2026-01-31 11:00:00+00:00,83000.546875,83000.546875,82720.984375,82843.46875,0
2026-01-31 12:00:00+00:00,82866.5234375,82979.6640625,82593.765625,82618.6796875,0
2026-01-31 13:00:00+00:00,82621.4765625,82770.4296875,82394.9609375,82607.328125,0
2026-01-31 14:00:00+00:00,82625.9296875,82775.578125,80851.734375,81360.4375,2602426368
2026-01-31 15:00:00+00:00,81367.0859375,81548.734375,81000.84375,81127.515625,0
2026-01-31 16:00:00+00:00,81181.5625,81708.4296875,80008.2109375,80141.0390625,4329385984
2026-01-31 17:00:00+00:00,80232.4140625,80397.9453125,78533.9921875,78709.8984375,6226350080
2026-01-31 18:00:00+00:00,78768.59375,78980.890625,76092.7890625,77837.171875,5326495744
2026-01-31 19:00:00+00:00,77932.796875,78229.4609375,77173.59375,77820.7421875,0
2026-01-31 20:00:00+00:00,77661.0390625,77975.796875,77033.0078125,77941.3203125,0
2026-01-31 21:00:00+00:00,77948.125,78229.1328125,77313.2265625,78229.1328125,1694023680
2026-01-31 22:00:00+00:00,78177.4609375,78374.46875,77911.875,78136.9921875,31563776
2026-01-31 23:00:00+00:00,78084.3671875,79122.1484375,78050.2265625,78626.125,3149910016
2026-02-01 00:00:00+00:00,78655.09375,79284.5,78576.78125,78827.4453125,1376026624
2026-02-01 01:00:00+00:00,78823.6171875,78861.09375,78245.0078125,78418.0234375,541687808
2026-02-01 02:00:00+00:00,78433.078125,78927.8671875,78309.5,78844.2734375,670220288
2026-02-01 03:00:00+00:00,78856.28125,78910.1015625,78602.640625,78803.34375,583016448
2026-02-01 04:00:00+00:00,78790.4609375,79003.578125,78663.75,78940.9296875,89751552
2026-02-01 05:00:00+00:00,78914.46875,78914.46875,78490.1875,78510.140625,472121344
2026-02-01 06:00:00+00:00,78524.265625,78713.4296875,78207.578125,78250.0390625,626958336
2026-02-01 07:00:00+00:00,78231.734375,78585.125,77937.5234375,78274.625,138952704
2026-02-01 08:00:00+00:00,78269.703125,78778.640625,78213.296875,78507.0859375,0
2026-02-01 09:00:00+00:00,78518.1875,78978.7265625,78492.7734375,78978.7265625,0
2026-02-01 10:00:00+00:00,78977.8125,79117.34375,78076.1328125,78159.1953125,387915776
2026-02-01 11:00:00+00:00,78195.0625,78797.8984375,78195.0625,78672.671875,939835392
2026-02-01 12:00:00+00:00,78675.828125,78675.828125,78219.6484375,78421.515625,135454720
2026-02-01 13:00:00+00:00,78386.0546875,78669.5234375,78218.890625,78242.3203125,0
2026-02-01 14:00:00+00:00,78191.390625,78324.3125,77271.5390625,78308.2265625,0
2026-02-01 15:00:00+00:00,78204.0390625,78204.0390625,76879.5546875,77652.15625,1812144128
2026-02-01 16:00:00+00:00,77521.90625,77677.6953125,77063.640625,77376.4765625,0
2026-02-01 17:00:00+00:00,77414.203125,77658.8359375,77243.5546875,77600.8515625,0
2026-02-01 18:00:00+00:00,77670.421875,78303.7578125,77670.421875,77737.0625,0
2026-02-01 19:00:00+00:00,77965.265625,77965.265625,76932.9921875,77017.9296875,0
2026-02-01 20:00:00+00:00,77097.5859375,77470.4375,76586.546875,77010.90625,0
2026-02-01 21:00:00+00:00,77026.9609375,77055.703125,76376.3515625,76405.0,273088512
2026-02-01 22:00:00+00:00,76473.9453125,77527.2109375,76424.328125,77248.171875,346492928
2026-02-01 23:00:00+00:00,77169.71875,77383.71875,75730.4296875,76968.875,3299586048
2026-02-02 00:00:00+00:00,76899.453125,78038.875,76641.46875,77585.1015625,289636352
2026-02-02 01:00:00+00:00,77613.953125,77833.8046875,76713.0703125,77462.3125,241242112
2026-02-02 02:00:00+00:00,77458.328125,77458.328125,76423.1640625,76423.1640625,379691008
2026-02-02 03:00:00+00:00,76403.0390625,76432.8359375,74567.171875,76201.125,6499930112
2026-02-02 04:00:00+00:00,76211.796875,76451.1796875,75303.9765625,75800.8828125,2670108672
2026-02-02 05:00:00+00:00,75809.9296875,75868.8515625,74875.734375,75453.3984375,2212487168
2026-02-02 06:00:00+00:00,75430.578125,76537.4296875,74886.6796875,76386.546875,3661258752
2026-02-02 07:00:00+00:00,76409.375,76772.703125,76289.7265625,76630.1015625,1207623680
2026-02-02 08:00:00+00:00,76550.1015625,76997.296875,76550.1015625,76923.2421875,410697728
2026-02-02 09:00:00+00:00,76803.4609375,77716.125,76600.7734375,77648.125,1877893120
2026-02-02 10:00:00+00:00,77608.65625,77752.8359375,77409.4375,77443.8125,623304704
2026-02-02 11:00:00+00:00,77416.765625,77875.234375,77413.609375,77647.1171875,388063232
2026-02-02 12:00:00+00:00,77705.25,78273.6875,77673.859375,77944.7578125,1096335360
2026-02-02 13:00:00+00:00,77919.1484375,78216.015625,77736.71875,78216.015625,809435136
2026-02-02 14:00:00+00:00,78181.796875,78792.1015625,77574.0859375,77795.7734375,1299988480
2026-02-02 15:00:00+00:00,77785.125,79207.78125,77555.8515625,78802.921875,1717182464
2026-02-02 16:00:00+00:00,78797.265625,79186.15625,78528.8671875,78586.3203125,1466867712
2026-02-02 17:00:00+00:00,78571.734375,79151.9765625,78571.734375,78959.21875,1171972096
2026-02-02 18:00:00+00:00,78951.4921875,78951.4921875,78324.6328125,78551.328125,79208448
2026-02-02 19:00:00+00:00,78536.9453125,78607.921875,78263.4609375,78443.40625,828669952
2026-02-02 20:00:00+00:00,78275.7421875,78592.984375,77920.7890625,77920.7890625,0
2026-02-02 21:00:00+00:00,77918.9921875,78456.3125,77918.9921875,78445.9609375,0
2026-02-02 22:00:00+00:00,78461.1484375,78765.1484375,78461.1484375,78694.359375,0
2026-02-02 23:00:00+00:00,78734.7421875,78876.578125,78522.296875,78693.5078125,10346496
2026-02-03 00:00:00+00:00,78677.4453125,79009.5859375,78365.828125,79009.5859375,0
2026-02-03 01:00:00+00:00,79008.90625,79104.7578125,78694.7734375,78939.5390625,0
2026-02-03 02:00:00+00:00,78950.703125,78950.703125,77810.25,77810.25,0
2026-02-03 03:00:00+00:00,77789.25,78804.734375,77604.5078125,78719.21875,0
2026-02-03 04:00:00+00:00,78692.9140625,78908.9140625,78440.46875,78717.8125,0
2026-02-03 05:00:00+00:00,78735.6953125,78735.6953125,78190.984375,78190.984375,0
2026-02-03 06:00:00+00:00,78165.84375,78563.0703125,77898.6484375,78502.71875,0
2026-02-03 07:00:00+00:00,78526.203125,78817.375,78465.7890625,78674.046875,0
2026-02-03 08:00:00+00:00,78675.0703125,78942.1796875,78405.5546875,78673.890625,0
2026-02-03 09:00:00+00:00,78669.9921875,78739.921875,77895.4609375,78320.34375,0
2026-02-03 10:00:00+00:00,78330.5703125,78469.125,78006.5234375,78006.5234375,0
2026-02-03 11:00:00+00:00,78045.7265625,78256.125,77942.1796875,78038.4609375,0
2026-02-03 12:00:00+00:00,78007.921875,78331.4921875,77947.1328125,78281.8515625,0
2026-02-03 13:00:00+00:00,78237.9375,78374.125,78143.203125,78242.140625,0
2026-02-03 14:00:00+00:00,78204.8828125,78344.484375,77201.9609375,77201.9609375,0
2026-02-03 15:00:00+00:00,77140.09375,78089.84375,77043.4921875,78089.84375,0
2026-02-03 16:00:00+00:00,78075.03125,78075.03125,76518.6015625,76518.6015625,985391104
2026-02-03 17:00:00+00:00,76452.234375,76452.234375,74846.2890625,74846.2890625,1783324672
2026-02-03 18:00:00+00:00,75094.3515625,75174.875,73094.4375,73178.6484375,6889398272
2026-02-03 19:00:00+00:00,73073.453125,75109.3046875,72957.203125,74939.3515625,3994415104
2026-02-03 20:00:00+00:00,74880.3203125,76439.9609375,74527.0703125,76281.6796875,2349641728
2026-02-03 21:00:00+00:00,76405.1328125,76820.0234375,76099.3203125,76159.6171875,742961152
2026-02-03 22:00:00+00:00,76149.3984375,76154.9140625,75340.2109375,75543.5,1236070400
2026-02-03 23:00:00+00:00,75609.0234375,75878.296875,75349.7890625,75640.09375,0
2026-02-04 00:00:00+00:00,75621.7265625,76120.8828125,75366.078125,75804.78125,0
2026-02-04 01:00:00+00:00,75798.2265625,76657.6875,75798.2265625,76332.2265625,502697984
2026-02-04 02:00:00+00:00,76327.453125,76487.59375,75651.0390625,75910.71875,315539456
2026-02-04 03:00:00+00:00,75880.7890625,76858.1328125,75830.9921875,76621.1328125,0
2026-02-04 04:00:00+00:00,76617.9140625,76712.1953125,76366.78125,76366.78125,0
2026-02-04 05:00:00+00:00,76382.703125,76425.84375,76033.015625,76148.5390625,1160429568
2026-02-04 06:00:00+00:00,76185.203125,76669.78125,76182.46875,76553.671875,0
2026-02-04 07:00:00+00:00,76552.265625,76552.265625,76246.3125,76402.2265625,0
2026-02-04 08:00:00+00:00,76412.5,76466.7890625,75993.9296875,76421.3046875,0
2026-02-04 09:00:00+00:00,76471.59375,76481.625,75891.5625,76003.046875,0
2026-02-04 10:00:00+00:00,75986.21875,76211.890625,75966.2265625,76189.34375,0
2026-02-04 11:00:00+00:00,76185.1875,76185.1875,75602.859375,76008.765625,1096249344
2026-02-04 12:00:00+00:00,75947.3359375,76140.171875,75925.671875,76048.375,0
2026-02-04 13:00:00+00:00,76050.5,76075.46875,74758.4296875,74758.4296875,1647616000
2026-02-04 14:00:00+00:00,74772.0703125,75413.5,74255.1640625,74255.1640625,1825669120
2026-02-04 15:00:00+00:00,74233.3984375,75031.2109375,73774.4765625,74074.9140625,1654530048
2026-02-04 16:00:00+00:00,74013.046875,74067.9375,73001.78125,73541.828125,0
2026-02-04 17:00:00+00:00,73513.9609375,73669.7734375,72163.328125,72488.2109375,0
2026-02-04 18:00:00+00:00,72412.46875,73908.3125,72147.59375,73406.4765625,0
2026-02-04 19:00:00+00:00,73257.71875,73793.578125,72990.5859375,73782.9140625,0
2026-02-04 20:00:00+00:00,73768.2265625,73892.3359375,73294.921875,73414.15625,0
2026-02-04 21:00:00+00:00,73351.7421875,73420.765625,72076.0390625,72609.0078125,0
2026-02-04 22:00:00+00:00,72625.59375,73495.828125,71801.09375,72321.9765625,524906496
2026-02-04 23:00:00+00:00,72386.7265625,73315.2578125,72340.1953125,73042.9765625,1920655360
2026-02-05 00:00:00+00:00,73019.046875,73096.59375,72626.15625,72715.375,0
2026-02-05 01:00:00+00:00,72716.1640625,73161.5546875,71923.4296875,72327.2109375,1462738944
2026-02-05 02:00:00+00:00,72259.9609375,72589.4765625,71495.2109375,71502.9609375,2263703552
2026-02-05 03:00:00+00:00,71315.2265625,71696.7578125,71033.1875,71080.6328125,2192056320
2026-02-05 04:00:00+00:00,71095.203125,71242.34375,70604.3046875,70715.390625,4062175232
2026-02-05 05:00:00+00:00,70730.171875,70919.1796875,70045.265625,70544.9609375,3701088256
2026-02-05 06:00:00+00:00,70579.46875,70809.6796875,70322.6484375,70787.046875,1348034560
2026-02-05 07:00:00+00:00,70804.4375,71392.6015625,70511.1640625,70511.1640625,308125696
2026-02-05 08:00:00+00:00,70567.3359375,71358.1328125,70567.3359375,71038.921875,1365311488
2026-02-05 09:00:00+00:00,70908.0234375,71770.03125,70908.0234375,71408.4921875,1743953920
2026-02-05 10:00:00+00:00,71413.3125,71581.5,70615.9375,70689.8359375,710393856
2026-02-05 11:00:00+00:00,70730.5859375,70888.1171875,69875.6015625,70168.015625,3275325440
2026-02-05 12:00:00+00:00,70200.3203125,70452.1171875,69099.15625,69455.5234375,938082304
2026-02-05 13:00:00+00:00,69427.59375,69605.4296875,69151.953125,69458.4296875,2181881856
2026-02-05 14:00:00+00:00,69555.3671875,70626.5546875,69334.984375,69347.7890625,692666368
2026-02-05 15:00:00+00:00,69328.6484375,69328.6484375,66666.5625,67298.3125,6255230976
2026-02-05 16:00:00+00:00,67372.921875,68465.875,66843.46875,68121.9765625,1920024576
2026-02-05 17:00:00+00:00,68169.625,68169.625,66066.1328125,66066.1328125,2916851712
2026-02-05 18:00:00+00:00,66050.9453125,66354.328125,65321.4375,66248.5234375,2688524288
2026-02-05 19:00:00+00:00,66223.2109375,66408.4765625,65099.53515625,65136.609375,973561856
2026-02-05 20:00:00+00:00,65125.8515625,65465.00390625,62473.234375,63543.17578125,8927444992
2026-02-05 21:00:00+00:00,63628.7734375,64358.5625,62919.2890625,63136.7578125,5355724800
2026-02-05 22:00:00+00:00,63110.16015625,64319.59765625,62652.79296875,63948.0078125,4144545792
2026-02-05 23:00:00+00:00,63795.109375,64639.2890625,62704.453125,62704.453125,1445339136
2026-02-06 00:00:00+00:00,62801.2734375,63744.52734375,60074.8046875,63515.5859375,13555834880
2026-02-06 01:00:00+00:00,63448.31640625,65623.96875,63448.31640625,65503.72265625,5209243648
2026-02-06 02:00:00+00:00,65560.9609375,65882.78125,64253.453125,64803.53515625,179732480
2026-02-06 03:00:00+00:00,64896.12890625,65055.5,63812.953125,64074.9453125,0
2026-02-06 04:00:00+00:00,64116.52734375,64928.484375,64047.6640625,64807.66015625,0
2026-02-06 05:00:00+00:00,64835.25,66687.53125,64774.20703125,66298.2109375,0
2026-02-06 06:00:00+00:00,66322.40625,66687.8984375,64851.87890625,65076.14453125,1245216768
2026-02-06 07:00:00+00:00,64915.19921875,65411.0546875,64609.625,64802.48046875,198443008
2026-02-06 08:00:00+00:00,64748.1484375,65064.28515625,64466.109375,64782.484375,0
2026-02-06 09:00:00+00:00,64810.96875,66019.640625,64754.5,65739.6796875,3169878016
2026-02-06 10:00:00+00:00,65729.75,66096.640625,65519.984375,65868.8515625,694943744
2026-02-06 11:00:00+00:00,65861.453125,66610.0703125,65715.703125,66508.9140625,0
2026-02-06 12:00:00+00:00,66528.8515625,66528.8515625,66097.9296875,66455.7734375,0
2026-02-06 13:00:00+00:00,66478.7734375,67470.515625,66453.21875,67311.828125,1024229376
2026-02-06 14:00:00+00:00,67248.3046875,68567.7890625,66626.734375,68182.078125,2606202880
2026-02-06 15:00:00+00:00,67970.34375,69125.625,67871.5859375,68622.9140625,0
2026-02-06 16:00:00+00:00,68613.3359375,70167.9375,68516.328125,69743.1484375,0
2026-02-06 17:00:00+00:00,69922.9921875,71438.921875,69648.8046875,70801.6171875,1737785344
2026-02-06 18:00:00+00:00,70761.6796875,70761.6796875,69397.40625,69745.578125,0
2026-02-06 19:00:00+00:00,69736.8203125,70808.890625,69660.2734375,70739.2421875,0
2026-02-06 20:00:00+00:00,70672.296875,70923.2890625,70020.3828125,70078.875,0
2026-02-06 21:00:00+00:00,70005.5078125,70440.5546875,69863.625,70341.296875,0
2026-02-06 22:00:00+00:00,70307.0078125,71467.296875,70255.5859375,71295.2578125,0
2026-02-06 23:00:00+00:00,71306.65625,71670.015625,70514.7265625,70553.796875,0
2026-02-07 00:00:00+00:00,70524.3515625,70524.3515625,69693.6640625,69918.40625,0
2026-02-07 01:00:00+00:00,69920.5390625,70601.6484375,69739.125,70479.3984375,0
2026-02-07 02:00:00+00:00,70454.4453125,70574.0546875,70152.8515625,70330.5625,0
2026-02-07 03:00:00+00:00,70328.234375,70818.9375,70258.2421875,70793.75,437444608
2026-02-07 04:00:00+00:00,70873.4921875,71611.1484375,70596.5390625,70678.53125,0
2026-02-07 05:00:00+00:00,70722.6015625,71132.3125,69952.828125,70077.4375,0
2026-02-07 06:00:00+00:00,70095.2265625,70264.0078125,68887.171875,68887.171875,0
2026-02-07 07:00:00+00:00,68751.1640625,68944.3984375,67375.96875,68144.4140625,3177095168
2026-02-07 08:00:00+00:00,68076.0,68668.4140625,67767.1171875,68526.3046875,284229632
2026-02-07 09:00:00+00:00,68485.5703125,68692.375,67860.796875,68037.2734375,0
2026-02-07 10:00:00+00:00,68083.8828125,68234.8828125,67587.890625,67967.296875,885989376
2026-02-07 11:00:00+00:00,67986.7109375,68102.90625,67674.640625,67935.734375,0
2026-02-07 12:00:00+00:00,67943.171875,69737.5,67943.171875,68888.953125,1515642880
2026-02-07 13:00:00+00:00,68963.5859375,69261.984375,68797.7734375,68944.21875,0
2026-02-07 14:00:00+00:00,68982.6484375,69088.3359375,68375.5546875,68617.71875,0
2026-02-07 15:00:00+00:00,68588.1328125,69585.1484375,68588.1328125,69057.765625,0
2026-02-07 16:00:00+00:00,69083.765625,69622.3359375,68819.84375,68935.0546875,0
2026-02-07 17:00:00+00:00,68958.2421875,69342.578125,68637.796875,69141.8203125,0
2026-02-07 18:00:00+00:00,69135.7734375,69598.5625,68979.609375,69420.8203125,0
2026-02-07 19:00:00+00:00,69449.5703125,69513.578125,69241.8984375,69262.84375,0
2026-02-07 20:00:00+00:00,69317.5703125,69648.6484375,69217.921875,69589.25,0
2026-02-07 21:00:00+00:00,69580.296875,69650.375,69327.2265625,69393.890625,0
2026-02-07 22:00:00+00:00,69433.6796875,69656.6640625,69318.4765625,69401.46875,0
2026-02-07 23:00:00+00:00,69385.84375,69388.125,68762.859375,69283.7265625,10575872
2026-02-08 00:00:00+00:00,69302.40625,69356.890625,68852.8984375,68980.015625,0
2026-02-08 01:00:00+00:00,69090.8671875,69422.046875,69075.1015625,69318.828125,0
2026-02-08 02:00:00+00:00,69346.3515625,69629.640625,69150.921875,69280.2109375,0
2026-02-08 03:00:00+00:00,69326.2109375,69367.515625,69033.8359375,69053.3359375,0
2026-02-08 04:00:00+00:00,69061.484375,69263.1171875,68951.5703125,69227.8203125,0
2026-02-08 05:00:00+00:00,69279.359375,69349.25,69115.953125,69181.0078125,0
2026-02-08 06:00:00+00:00,69169.3828125,69339.453125,69049.4765625,69250.5546875,0
2026-02-08 07:00:00+00:00,69298.375,69640.6875,69200.8359375,69640.6875,0
2026-02-08 08:00:00+00:00,69644.28125,70681.6171875,69501.515625,70629.3203125,0
2026-02-08 09:00:00+00:00,70586.15625,70592.4296875,70045.546875,70158.1875,0
2026-02-08 10:00:00+00:00,70154.3671875,70361.5234375,69862.25,70193.890625,0
2026-02-08 11:00:00+00:00,70185.515625,71117.5859375,70181.1015625,70906.015625,14655488
2026-02-08 12:00:00+00:00,70936.6484375,71136.8125,70678.2734375,71108.65625,0
2026-02-08 13:00:00+00:00,71184.34375,71455.21875,70977.2578125,71404.6875,0
2026-02-08 14:00:00+00:00,71438.5078125,71491.65625,71061.7890625,71155.453125,0
2026-02-08 15:00:00+00:00,71177.671875,71389.890625,70790.625,71068.4609375,0
2026-02-08 16:00:00+00:00,71098.765625,71187.640625,70327.515625,70333.578125,0
2026-02-08 17:00:00+00:00,70363.4921875,70778.40625,70363.4921875,70740.328125,0
2026-02-08 18:00:00+00:00,70731.484375,71346.6640625,70731.484375,71145.9921875,0
2026-02-08 19:00:00+00:00,71095.375,71471.8828125,71095.375,71368.1640625,0
2026-02-08 20:00:00+00:00,71368.8203125,71368.8203125,70726.359375,70788.21875,689606656
2026-02-08 21:00:00+00:00,70801.3671875,71049.8203125,70531.390625,70673.9140625,260841472
2026-02-08 22:00:00+00:00,70668.7109375,71035.0,70634.1796875,71035.0,0
2026-02-08 23:00:00+00:00,71010.4765625,72142.7421875,70016.5546875,70243.328125,2146496512
2026-02-09 00:00:00+00:00,70306.1171875,70715.546875,70151.875,70464.6171875,377040896
2026-02-09 01:00:00+00:00,70465.1484375,70852.828125,70057.1484375,70335.8125,611954688
2026-02-09 02:00:00+00:00,70320.203125,70884.7578125,70186.1640625,70588.921875,211832832
2026-02-09 03:00:00+00:00,70565.2109375,71358.8046875,70565.2109375,71210.2890625,1227862016
2026-02-09 04:00:00+00:00,71276.8828125,71292.8671875,70904.1640625,70986.0703125,440156160
2026-02-09 05:00:00+00:00,70954.515625,71038.953125,70784.546875,70911.234375,0
2026-02-09 06:00:00+00:00,70951.203125,70951.203125,70344.0390625,70612.078125,1260109824
2026-02-09 07:00:00+00:00,70609.859375,70781.7890625,70340.8828125,70396.03125,765956096
2026-02-09 08:00:00+00:00,70424.5546875,70505.0625,69420.140625,69840.75,21630976
2026-02-09 09:00:00+00:00,69818.84375,69990.984375,69459.1875,69529.40625,76992512
2026-02-09 10:00:00+00:00,69534.65625,69640.125,68418.9921875,68665.3828125,1225433088
2026-02-09 11:00:00+00:00,68665.25,68934.640625,68533.2578125,68798.65625,4300800
2026-02-09 12:00:00+00:00,68801.234375,69156.1484375,68801.234375,69033.953125,104501248
2026-02-09 13:00:00+00:00,69079.9765625,69186.6171875,68622.7421875,68622.7421875,42180608
2026-02-09 14:00:00+00:00,68560.2109375,69423.828125,68369.4296875,69246.4921875,2376634368
2026-02-09 15:00:00+00:00,69253.15625,69783.625,68835.90625,69482.2890625,278032384
2026-02-09 16:00:00+00:00,69517.5546875,70273.5703125,69104.25,70069.5546875,747372544
2026-02-09 17:00:00+00:00,70051.171875,70805.4765625,69855.125,70586.125,1908690944
2026-02-09 18:00:00+00:00,70585.359375,70917.359375,70080.0,70320.4375,1245003776
2026-02-09 19:00:00+00:00,70357.40625,70993.3125,70244.1171875,70882.671875,65581056
2026-02-09 20:00:00+00:00,70907.5703125,71043.4765625,70513.1328125,70759.203125,1011019776
2026-02-09 21:00:00+00:00,70754.375,70754.375,69874.1875,70373.8125,2359992320
2026-02-09 22:00:00+00:00,70390.984375,70620.6015625,70275.1796875,70333.578125,203988992
2026-02-09 23:00:00+00:00,70342.640625,70527.109375,70069.9765625,70137.390625,0
2026-02-10 00:00:00+00:00,70109.421875,70204.34375,69722.859375,69837.25,0
2026-02-10 01:00:00+00:00,69828.84375,70449.8515625,69792.7578125,70357.90625,0
2026-02-10 02:00:00+00:00,70398.859375,70398.859375,70007.96875,70051.40625,0
2026-02-10 03:00:00+00:00,70062.734375,70107.4140625,69226.5,69443.59375,0
2026-02-10 04:00:00+00:00,69527.4453125,69831.4140625,69511.515625,69804.0703125,0
2026-02-10 05:00:00+00:00,69785.7578125,69801.640625,69190.9921875,69396.2109375,104554496
2026-02-10 06:00:00+00:00,69394.6484375,69454.0390625,68737.765625,68879.46875,611274752
2026-02-10 07:00:00+00:00,68865.953125,69128.03125,68824.8828125,68896.2421875,0
2026-02-10 08:00:00+00:00,68863.609375,69136.046875,68694.0390625,69067.2109375,0
2026-02-10 09:00:00+00:00,69073.7578125,69327.78125,68972.890625,69061.3125,0
2026-02-10 10:00:00+00:00,69074.8984375,69151.515625,68911.4375,68911.4375,0
2026-02-10 11:00:00+00:00,68878.8984375,68992.4609375,68473.6796875,68473.6796875,0
2026-02-10 12:00:00+00:00,68469.390625,68793.40625,68454.1953125,68557.109375,578064384
2026-02-10 13:00:00+00:00,68557.984375,69070.40625,68443.2109375,68959.328125,0
2026-02-10 14:00:00+00:00,68978.9375,69486.421875,67931.1328125,68395.9921875,0
2026-02-10 15:00:00+00:00,68448.2109375,69432.3125,68311.7109375,69265.8515625,130531328
2026-02-10 16:00:00+00:00,69238.421875,69664.234375,68979.6640625,69521.46875,0
2026-02-10 17:00:00+00:00,69515.5,69936.46875,69313.5234375,69766.5234375,0
2026-02-10 18:00:00+00:00,69892.78125,69892.78125,68627.484375,68902.0703125,0
2026-02-10 19:00:00+00:00,68816.5234375,69225.921875,68736.9609375,68995.203125,0
2026-02-10 20:00:00+00:00,69034.5234375,69058.1953125,68636.1171875,68765.265625,0
2026-02-10 21:00:00+00:00,68724.515625,68949.484375,68329.9921875,68594.859375,0
2026-02-10 22:00:00+00:00,68670.0390625,68770.546875,68546.8359375,68703.6875,0
2026-02-10 23:00:00+00:00,68676.2109375,68801.21875,68499.1015625,68791.859375,0
2026-02-11 00:00:00+00:00,68791.1796875,69181.0859375,68758.59375,69181.0859375,0
2026-02-11 01:00:00+00:00,69167.3515625,69242.65625,68880.0390625,68948.5234375,227790848
2026-02-11 02:00:00+00:00,68927.6171875,69088.5078125,68601.1328125,68665.5234375,100712448
2026-02-11 03:00:00+00:00,68641.5390625,68688.03125,68038.984375,68174.8671875,0
2026-02-11 04:00:00+00:00,68134.875,68263.1875,67345.0625,67546.71875,1002127360
2026-02-11 05:00:00+00:00,67541.1953125,67744.5078125,67381.9921875,67381.9921875,334323712
2026-02-11 06:00:00+00:00,67386.5078125,67435.609375,66580.6484375,66750.9140625,63619072
2026-02-11 07:00:00+00:00,66773.34375,67192.90625,66629.0,67004.359375,605630464
2026-02-11 08:00:00+00:00,67003.2421875,67048.90625,66787.3984375,66945.640625,122159104
2026-02-11 09:00:00+00:00,66967.015625,67057.5234375,66712.625,66790.8984375,0
2026-02-11 10:00:00+00:00,66819.4375,66844.09375,66365.78125,66504.40625,697245696
2026-02-11 11:00:00+00:00,66498.4375,67036.0390625,66498.4375,67025.0234375,593330176
2026-02-11 12:00:00+00:00,67025.34375,67363.8984375,66957.3984375,67089.0625,113532928
2026-02-11 13:00:00+00:00,67086.546875,67500.890625,66803.5078125,67500.890625,1224560640
2026-02-11 14:00:00+00:00,67415.2890625,68564.3984375,66507.4609375,66507.4609375,410157056
2026-02-11 15:00:00+00:00,66549.140625,66753.234375,65757.3046875,66516.078125,2106150912
2026-02-11 16:00:00+00:00,66471.21875,67173.1796875,66000.5546875,66028.40625,597815296
2026-02-11 17:00:00+00:00,66007.5390625,66857.0078125,65899.390625,66552.1328125,0
2026-02-11 18:00:00+00:00,66481.375,67238.7890625,66160.6796875,67210.734375,0
2026-02-11 19:00:00+00:00,67232.421875,67758.1015625,67112.921875,67536.265625,896196608
2026-02-11 20:00:00+00:00,67546.9765625,67668.46875,67177.546875,67583.7890625,52084736
2026-02-11 21:00:00+00:00,67523.421875,68268.375,67430.59375,67794.1328125,2262544384
2026-02-11 22:00:00+00:00,67760.21875,67806.4453125,67354.703125,67423.765625,0
2026-02-11 23:00:00+00:00,67389.1640625,67462.6953125,66757.3046875,66992.1953125,29044736
2026-02-12 00:00:00+00:00,67025.5546875,67621.8828125,67025.5546875,67478.34375,1322541056
2026-02-12 01:00:00+00:00,67451.21875,67986.8359375,67451.21875,67642.1875,467308544
2026-02-12 02:00:00+00:00,67654.1328125,67701.0390625,67384.140625,67400.515625,0
2026-02-12 03:00:00+00:00,67388.8671875,67529.8125,67296.359375,67529.8125,0
2026-02-12 04:00:00+00:00,67544.3984375,67584.703125,66993.4375,66993.4375,0
2026-02-12 05:00:00+00:00,66984.5546875,67118.9453125,66652.453125,67069.1953125,0
2026-02-12 06:00:00+00:00,67080.75,67273.9375,66987.703125,67047.5078125,0
2026-02-12 07:00:00+00:00,67047.46875,67269.6171875,66895.578125,67183.5625,0
2026-02-12 08:00:00+00:00,67181.328125,67258.796875,66885.03125,67089.2421875,0
2026-02-12 09:00:00+00:00,67074.5703125,67621.7421875,67020.9140625,67534.078125,30863360
2026-02-12 10:00:00+00:00,67511.4296875,67904.09375,67380.609375,67904.09375,0
2026-02-12 11:00:00+00:00,67966.734375,68204.9609375,67747.2734375,68084.796875,656887808
2026-02-12 12:00:00+00:00,68108.84375,68108.84375,67706.625,67800.859375,0
2026-02-12 13:00:00+00:00,67818.671875,68315.1328125,67673.9765625,68315.1328125,0
2026-02-12 14:00:00+00:00,68324.65625,68324.65625,67503.6875,67697.4140625,0
2026-02-12 15:00:00+00:00,67654.2109375,67942.7578125,67091.15625,67116.5078125,0
2026-02-12 16:00:00+00:00,67161.2578125,67163.296875,65546.3671875,65785.0078125,745521152
2026-02-12 17:00:00+00:00,65785.7890625,66166.015625,65420.82421875,65447.46875,1507622912
2026-02-12 18:00:00+00:00,65366.703125,65709.8125,65109.65625,65581.5859375,1306533888
2026-02-12 19:00:00+00:00,65527.98046875,66047.2890625,65253.60546875,65781.4140625,30285824
2026-02-12 20:00:00+00:00,65740.4296875,65939.5234375,65226.83984375,65356.19921875,387616768
2026-02-12 21:00:00+00:00,65338.66015625,65820.4453125,65338.66015625,65735.375,0
2026-02-12 22:00:00+00:00,65753.875,66294.3046875,65605.40625,66255.21875,0
2026-02-12 23:00:00+00:00,66248.3046875,66390.46875,66150.0234375,66213.375,665985024
2026-02-13 00:00:00+00:00,66202.6640625,66443.3671875,65843.5390625,65950.078125,79224832
2026-02-13 01:00:00+00:00,65908.203125,66535.78125,65896.0,66330.4765625,43921408
2026-02-13 02:00:00+00:00,66372.8203125,66675.40625,66372.8203125,66666.5,0
2026-02-13 03:00:00+00:00,66641.265625,66710.9609375,66421.515625,66452.0,139702272
2026-02-13 04:00:00+00:00,66470.5078125,66599.0,66274.203125,66304.015625,0
2026-02-13 05:00:00+00:00,66269.4453125,66441.8359375,66172.875,66172.875,32370688
2026-02-13 06:00:00+00:00,66138.421875,66310.0078125,65969.515625,66310.0078125,0
2026-02-13 07:00:00+00:00,66316.5859375,66493.4765625,66003.5390625,66145.0,801742848
2026-02-13 08:00:00+00:00,66155.3515625,66643.3046875,66155.3515625,66601.9296875,169791488
2026-02-13 09:00:00+00:00,66619.1796875,66966.984375,66589.125,66887.1328125,0
2026-02-13 10:00:00+00:00,66903.578125,67037.203125,66764.6796875,66946.578125,0
2026-02-13 11:00:00+00:00,66927.6484375,67143.9296875,66768.1015625,67143.9296875,0
2026-02-13 12:00:00+00:00,67120.625,67145.4140625,66896.59375,67045.328125,0
2026-02-13 13:00:00+00:00,67040.15625,67465.65625,66914.0390625,67259.4453125,1003941888
2026-02-13 14:00:00+00:00,67234.3359375,67901.8046875,66886.7890625,67689.4140625,346615808
2026-02-13 15:00:00+00:00,67682.7265625,69208.4765625,67682.7265625,68573.484375,1946025984
2026-02-13 16:00:00+00:00,68632.4375,69330.0078125,68632.4375,68914.1171875,0
2026-02-13 17:00:00+00:00,68918.1796875,69158.5703125,68641.28125,69031.4921875,0
2026-02-13 18:00:00+00:00,68998.921875,69346.125,68880.7421875,69091.9921875,0
2026-02-13 19:00:00+00:00,69100.2578125,69190.609375,68925.75,68956.765625,0
2026-02-13 20:00:00+00:00,68967.8671875,68967.8671875,68649.2421875,68698.0078125,0
2026-02-13 21:00:00+00:00,68738.234375,69012.0546875,68738.234375,68800.84375,0
2026-02-13 22:00:00+00:00,68850.875,68943.34375,68708.734375,68898.0,0
2026-02-13 23:00:00+00:00,68948.7890625,68948.7890625,68827.7890625,68856.984375,1409024
2026-02-14 00:00:00+00:00,68857.7265625,69076.6640625,68756.8828125,69057.90625,0
2026-02-14 01:00:00+00:00,69057.3515625,69074.578125,68896.203125,68931.6484375,0
2026-02-14 02:00:00+00:00,68927.3671875,68969.3046875,68834.9453125,68859.875,0
2026-02-14 03:00:00+00:00,68847.546875,68972.0703125,68830.265625,68942.359375,0
2026-02-14 04:00:00+00:00,68941.2421875,68943.3671875,68766.6640625,68771.7265625,0
2026-02-14 05:00:00+00:00,68766.0,68873.6328125,68741.171875,68741.171875,0
2026-02-14 06:00:00+00:00,68739.2578125,68891.5,68706.6171875,68891.5,0
2026-02-14 07:00:00+00:00,68899.234375,69288.78125,68865.015625,69194.46875,0
2026-02-14 08:00:00+00:00,69184.8515625,69796.890625,69184.8515625,69732.4140625,853553152
2026-02-14 09:00:00+00:00,69708.3828125,69842.265625,69561.015625,69688.65625,0
2026-02-14 10:00:00+00:00,69689.4921875,69689.4921875,69560.9609375,69616.640625,0
2026-02-14 11:00:00+00:00,69630.1171875,70448.53125,69630.1171875,70448.53125,1428320256
2026-02-14 12:00:00+00:00,70459.6796875,70459.6796875,69683.359375,69784.71875,1516892160
2026-02-14 13:00:00+00:00,69641.0703125,69725.2421875,69262.09375,69413.359375,1386287104
2026-02-14 14:00:00+00:00,69430.265625,69831.0703125,69346.2578125,69761.71875,0
2026-02-14 15:00:00+00:00,69675.640625,70000.3359375,69601.0859375,69782.0390625,0
2026-02-14 16:00:00+00:00,69767.5234375,69778.0234375,69286.7734375,69717.2421875,0
2026-02-14 17:00:00+00:00,69721.0859375,69877.1953125,69620.0546875,69670.140625,0
2026-02-14 18:00:00+00:00,69701.5390625,69806.3125,69656.8046875,69727.0078125,0
2026-02-14 19:00:00+00:00,69732.53125,69875.7734375,69615.3828125,69819.7578125,0
2026-02-14 20:00:00+00:00,69823.3203125,69985.1796875,69782.3828125,69985.1796875,0
2026-02-14 21:00:00+00:00,69986.453125,70206.0625,69659.140625,69886.1328125,114335744
2026-02-14 22:00:00+00:00,69885.6328125,70003.8203125,69794.5234375,69942.1015625,270086144
2026-02-14 23:00:00+00:00,69932.265625,69976.1015625,69731.1640625,69764.953125,119160832
2026-02-15 00:00:00+00:00,69758.5390625,69812.2890625,69591.5234375,69724.3984375,0
2026-02-15 01:00:00+00:00,69724.0625,69855.3125,69354.4921875,69649.7109375,312229888
2026-02-15 02:00:00+00:00,69665.34375,69708.6640625,69368.703125,69510.0078125,262086656
2026-02-15 03:00:00+00:00,69492.8046875,69957.2265625,69270.2265625,69957.2265625,974991360
2026-02-15 04:00:00+00:00,69929.2109375,70480.921875,69929.2109375,70130.5234375,2041339904
2026-02-15 05:00:00+00:00,70159.1875,70431.7265625,70119.0234375,70265.6328125,704933888
2026-02-15 06:00:00+00:00,70249.375,70495.7890625,70173.5859375,70372.9296875,172240896
2026-02-15 07:00:00+00:00,70376.8984375,70840.4609375,70293.265625,70750.796875,1229418496
2026-02-15 08:00:00+00:00,70782.1796875,70917.6328125,70177.3359375,70404.765625,5611520
2026-02-15 09:00:00+00:00,70407.03125,70611.4375,70360.421875,70391.078125,0
2026-02-15 10:00:00+00:00,70389.9765625,70473.6875,70206.6796875,70411.1171875,268488704
2026-02-15 11:00:00+00:00,70398.2265625,70488.0703125,70241.4609375,70266.6796875,0
2026-02-15 12:00:00+00:00,70263.6484375,70375.4140625,69396.921875,69396.921875,0
2026-02-15 13:00:00+00:00,69330.453125,69562.0078125,68773.4921875,68905.875,0
2026-02-15 14:00:00+00:00,68903.5546875,69143.0546875,68887.078125,69109.890625,0
2026-02-15 15:00:00+00:00,69121.3984375,69196.09375,68861.7421875,69055.6328125,0
2026-02-15 16:00:00+00:00,69059.234375,69059.234375,68799.0859375,69018.3046875,0
2026-02-15 17:00:00+00:00,69008.5703125,69050.4375,68258.359375,68599.8359375,0
2026-02-15 18:00:00+00:00,68599.2890625,68733.8203125,68348.71875,68388.75,2165628928
2026-02-15 19:00:00+00:00,68449.6640625,68510.953125,68084.453125,68289.0546875,1841893376
2026-02-15 20:00:00+00:00,68246.6171875,68490.2109375,68137.8984375,68430.1015625,0
2026-02-15 21:00:00+00:00,68417.0234375,68884.2734375,68417.0234375,68852.7734375,28913664
2026-02-15 22:00:00+00:00,68847.5390625,69026.75,68770.9375,68935.359375,0
2026-02-15 23:00:00+00:00,68933.7109375,68933.7109375,68338.96875,68782.3984375,92028928
2026-02-16 00:00:00+00:00,68776.75,69009.1015625,68713.3828125,68843.0625,184049664
2026-02-16 01:00:00+00:00,68809.671875,68999.546875,68460.125,68605.6484375,0
2026-02-16 02:00:00+00:00,68594.2109375,68703.5,68235.6953125,68298.8359375,297607168
2026-02-16 03:00:00+00:00,68296.8671875,68409.5390625,68138.46875,68382.5234375,0
2026-02-16 04:00:00+00:00,68388.3828125,68846.7578125,68388.3828125,68832.8984375,0
2026-02-16 05:00:00+00:00,68839.875,68839.875,68286.5546875,68370.9921875,196956160
2026-02-16 06:00:00+00:00,68361.171875,68480.8828125,68225.84375,68420.9296875,0
2026-02-16 07:00:00+00:00,68422.0,68637.3359375,68357.75,68540.9375,0
2026-02-16 08:00:00+00:00,68546.1484375,68742.2734375,68523.09375,68737.7421875,0
2026-02-16 09:00:00+00:00,68736.5859375,69019.5703125,68723.8203125,68958.3671875,53538816
2026-02-16 10:00:00+00:00,68957.2265625,68957.2265625,68696.9921875,68774.8515625,0
2026-02-16 11:00:00+00:00,68761.6796875,68858.4609375,68334.484375,68831.296875,144420864
2026-02-16 12:00:00+00:00,68821.171875,69762.0859375,68781.7109375,69743.796875,695001088
2026-02-16 13:00:00+00:00,69723.6796875,70006.734375,68229.5,68380.53125,264687616
2026-02-16 14:00:00+00:00,68369.28125,68599.046875,68277.0078125,68421.921875,376889344
2026-02-16 15:00:00+00:00,68382.15625,68529.5078125,67316.984375,67508.296875,2345316352
2026-02-16 16:00:00+00:00,67497.1796875,67899.6171875,67497.1796875,67837.59375,105246720
2026-02-16 17:00:00+00:00,67850.5390625,68013.7734375,67593.7421875,67921.6953125,0
2026-02-16 18:00:00+00:00,67919.3203125,68192.6328125,67820.078125,67831.421875,0
2026-02-16 19:00:00+00:00,67831.625,68064.5859375,67796.6484375,67921.140625,0
2026-02-16 20:00:00+00:00,67890.890625,68436.703125,67825.578125,68436.703125,0
2026-02-16 21:00:00+00:00,68491.7734375,68879.1171875,68414.4609375,68879.1171875,55095296
2026-02-16 22:00:00+00:00,68840.578125,68840.578125,68509.984375,68604.1953125,459511808
2026-02-16 23:00:00+00:00,68568.6328125,68941.3984375,68518.1796875,68843.09375,0
2026-02-17 00:00:00+00:00,68852.828125,68991.9921875,68677.4296875,68846.25,0
2026-02-17 01:00:00+00:00,68841.4765625,68941.2578125,68568.5625,68606.765625,139864064
2026-02-17 02:00:00+00:00,68586.609375,69201.8671875,68391.234375,68926.2578125,0
2026-02-17 03:00:00+00:00,68805.578125,68805.578125,68440.21875,68462.9296875,0
2026-02-17 04:00:00+00:00,68439.703125,68648.921875,68267.84375,68403.921875,0
2026-02-17 05:00:00+00:00,68432.421875,68461.109375,67903.1953125,68198.421875,440700928
2026-02-17 06:00:00+00:00,68203.0546875,68460.6796875,68203.0546875,68386.9375,0
2026-02-17 07:00:00+00:00,68382.25,68438.1953125,68154.484375,68365.078125,0
2026-02-17 08:00:00+00:00,68353.0390625,68436.59375,68102.5625,68135.6328125,0
2026-02-17 09:00:00+00:00,68142.8359375,68252.6640625,67952.109375,68072.1484375,9678848
2026-02-17 10:00:00+00:00,68083.03125,68127.3203125,67713.6875,67775.8359375,67244032
2026-02-17 11:00:00+00:00,67854.140625,67881.296875,67687.7578125,67828.8984375,0
2026-02-17 12:00:00+00:00,67808.421875,68246.140625,67802.8828125,67849.4296875,0
2026-02-17 13:00:00+00:00,67873.8984375,68293.75,67735.7734375,68081.3984375,0
2026-02-17 14:00:00+00:00,68094.296875,68293.2734375,66745.9296875,66916.4609375,959393792
2026-02-17 15:00:00+00:00,66837.203125,67363.21875,66662.6875,67354.390625,526827520
2026-02-17 16:00:00+00:00,67319.1484375,68069.484375,67319.1484375,67492.4296875,1101996032
2026-02-17 17:00:00+00:00,67487.765625,67671.640625,66952.8125,67231.84375,539088896
2026-02-17 18:00:00+00:00,67204.984375,68172.9453125,67126.8671875,68084.8203125,972363776
2026-02-17 19:00:00+00:00,68084.125,68144.765625,67752.5546875,67791.65625,648527872
2026-02-17 20:00:00+00:00,67763.9453125,67867.8203125,67515.1328125,67735.7890625,415297536
2026-02-17 21:00:00+00:00,67764.2734375,67890.7890625,67509.890625,67639.2109375,0
2026-02-17 22:00:00+00:00,67637.65625,67735.75,67491.8828125,67516.09375,0
2026-02-17 23:00:00+00:00,67509.9296875,67577.6796875,67389.2421875,67507.3203125,0
2026-02-18 00:00:00+00:00,67482.6484375,67593.421875,67263.7421875,67291.0,0
2026-02-18 01:00:00+00:00,67286.4609375,67329.53125,66877.9765625,67121.0625,218458112
2026-02-18 02:00:00+00:00,67126.4140625,67354.546875,67126.4140625,67306.3515625,0
2026-02-18 03:00:00+00:00,67290.2578125,67639.0546875,67290.2578125,67636.9921875,0
2026-02-18 04:00:00+00:00,67597.7109375,67820.765625,67471.21875,67760.2421875,0
2026-02-18 05:00:00+00:00,67767.2734375,67897.359375,67579.34375,67614.828125,0
2026-02-18 06:00:00+00:00,67609.28125,67921.2421875,67597.1953125,67809.1484375,0
2026-02-18 07:00:00+00:00,67811.515625,68168.6015625,67664.03125,68102.8046875,666810368
2026-02-18 08:00:00+00:00,68101.3828125,68400.0390625,68054.46875,68086.5859375,180414464
2026-02-18 09:00:00+00:00,68091.875,68242.640625,67999.4453125,68149.046875,0
2026-02-18 10:00:00+00:00,68132.3828125,68145.2578125,67737.59375,67750.2109375,0
2026-02-18 11:00:00+00:00,67762.5546875,67762.5546875,67113.7578125,67358.8671875,520798208
2026-02-18 12:00:00+00:00,67346.34375,67626.2265625,67346.34375,67478.890625,0
2026-02-18 13:00:00+00:00,67432.3828125,67557.6015625,67088.03125,67210.875,0
2026-02-18 14:00:00+00:00,67216.8203125,67333.8671875,66767.71875,67150.765625,0
2026-02-18 15:00:00+00:00,67257.75,68274.953125,67257.75,67606.5546875,0
2026-02-18 16:00:00+00:00,67661.4765625,67661.4765625,66996.9453125,67100.0,0
2026-02-18 17:00:00+00:00,67124.0625,67418.3359375,67032.5625,67140.1796875,0
2026-02-18 18:00:00+00:00,67147.2265625,67188.90625,66269.53125,66301.7265625,227389440
2026-02-18 19:00:00+00:00,66321.0,66538.0703125,65896.546875,66113.3984375,1026025472
2026-02-18 20:00:00+00:00,66169.171875,66494.734375,66135.6953125,66256.09375,367351808
2026-02-18 21:00:00+00:00,66218.625,66431.1484375,66082.7421875,66325.8046875,571430912
2026-02-18 22:00:00+00:00,66303.5546875,66424.140625,66217.5234375,66405.2421875,232194048
2026-02-18 23:00:00+00:00,66383.1171875,66467.7890625,66250.28125,66425.625,158214144
2026-02-19 00:00:00+00:00,66441.8515625,66519.34375,66323.90625,66419.1328125,380043264
2026-02-19 01:00:00+00:00,66413.0234375,66833.9140625,66413.0234375,66825.5234375,0
2026-02-19 02:00:00+00:00,66836.0703125,66926.3671875,66628.515625,66814.640625,102717440
2026-02-19 03:00:00+00:00,66808.796875,66928.09375,66719.5,66915.53125,84740096
2026-02-19 04:00:00+00:00,66953.765625,67026.265625,66739.40625,66789.984375,143282176
2026-02-19 05:00:00+00:00,66782.5,66839.6796875,66666.1640625,66835.296875,0
2026-02-19 06:00:00+00:00,66873.390625,67247.71875,66873.390625,67105.7734375,318400512
2026-02-19 07:00:00+00:00,67119.03125,67277.125,67020.4921875,67162.84375,0
2026-02-19 08:00:00+00:00,67186.15625,67186.15625,66797.953125,66918.140625,0
2026-02-19 09:00:00+00:00,66923.3671875,67149.0625,66754.8203125,66813.484375,73097216
2026-02-19 10:00:00+00:00,66811.84375,66921.15625,66749.6640625,66810.2578125,0
2026-02-19 11:00:00+00:00,66805.2890625,66890.34375,66470.890625,66470.9375,0
2026-02-19 12:00:00+00:00,66463.6171875,66625.578125,66331.1328125,66483.296875,166684672
2026-02-19 13:00:00+00:00,66490.0703125,66526.0,65792.34375,65880.5625,1036775424
2026-02-19 14:00:00+00:00,65891.7890625,66601.0078125,65672.125,66429.0859375,178354176
2026-02-19 15:00:00+00:00,66399.5546875,66692.1640625,65990.6875,66353.5703125,0
2026-02-19 16:00:00+00:00,66384.875,66474.859375,65965.78125,66340.359375,0
2026-02-19 17:00:00+00:00,66291.96875,67007.3671875,66191.3828125,66290.6875,498089984
2026-02-19 18:00:00+00:00,66320.6484375,67011.5234375,66253.875,66922.703125,0
2026-02-19 19:00:00+00:00,67005.46875,67165.4140625,66691.421875,67021.28125,0
2026-02-19 20:00:00+00:00,67024.2265625,67129.59375,66870.703125,67093.53125,0
2026-02-19 21:00:00+00:00,67095.4765625,67136.171875,66886.0078125,66900.234375,0
2026-02-19 22:00:00+00:00,66894.5546875,66912.203125,66636.453125,66912.203125,445130752
2026-02-19 23:00:00+00:00,66926.6796875,66988.2890625,66819.5,66958.578125,169146368
2026-02-20 00:00:00+00:00,66959.8671875,67384.4296875,66945.0,67228.1953125,450121728
2026-02-20 01:00:00+00:00,67222.1796875,67304.7265625,67132.765625,67254.0390625,0
2026-02-20 02:00:00+00:00,67255.5625,67312.875,67160.7890625,67261.328125,0
2026-02-20 03:00:00+00:00,67227.0703125,67448.2734375,67225.234375,67343.1328125,285358080
2026-02-20 04:00:00+00:00,67334.6015625,67341.234375,67112.5625,67233.375,57653248
2026-02-20 05:00:00+00:00,67235.1171875,67976.796875,67172.9453125,67743.9921875,983795712
2026-02-20 06:00:00+00:00,67757.8359375,67859.9140625,67658.75,67835.203125,240646144
2026-02-20 07:00:00+00:00,67819.1953125,67947.2734375,67761.796875,67780.3203125,0
2026-02-20 08:00:00+00:00,67804.140625,67907.4375,67732.1015625,67842.3046875,0
2026-02-20 09:00:00+00:00,67850.53125,68193.9375,67850.53125,68166.8203125,510959616
2026-02-20 10:00:00+00:00,68187.9765625,68260.71875,67895.515625,67912.8984375,0
2026-02-20 11:00:00+00:00,67904.40625,67934.84375,67410.9375,67410.9375,1116385280
2026-02-20 12:00:00+00:00,67318.1640625,67539.1953125,67299.28125,67501.0625,349444096
2026-02-20 13:00:00+00:00,67514.640625,67514.640625,66507.2109375,66736.4609375,2064957440
2026-02-20 14:00:00+00:00,66783.828125,67219.53125,66718.421875,67070.5546875,2165264384
2026-02-20 15:00:00+00:00,67073.0390625,67994.2421875,66587.2109375,67543.796875,2016649216
2026-02-20 16:00:00+00:00,67578.8046875,67870.515625,67308.828125,67753.578125,1054220288
2026-02-20 17:00:00+00:00,67832.125,67832.125,66999.8046875,67574.7734375,3142328320
2026-02-20 18:00:00+00:00,67597.484375,67940.15625,67462.8046875,67940.15625,1107406848
2026-02-20 19:00:00+00:00,67938.0703125,67974.46875,67543.1796875,67637.828125,298446848
2026-02-20 20:00:00+00:00,67628.1640625,67799.6953125,67559.5625,67704.0390625,279425024
2026-02-20 21:00:00+00:00,67725.75,67794.421875,67621.828125,67789.5703125,502231040
2026-02-20 22:00:00+00:00,67784.078125,68056.828125,67639.9609375,68043.890625,42770432
2026-02-20 23:00:00+00:00,68043.890625,68185.453125,67923.6171875,68000.25,272216064
2026-02-21 00:00:00+00:00,67996.2109375,67999.890625,67794.453125,67817.828125,0
2026-02-21 01:00:00+00:00,67815.0,67983.0703125,67815.0,67951.6953125,0
2026-02-21 02:00:00+00:00,67937.015625,68053.65625,67893.1015625,68005.3125,0
2026-02-21 03:00:00+00:00,67997.578125,67997.578125,67558.4375,67636.8515625,343064576
2026-02-21 04:00:00+00:00,67621.671875,67817.828125,67585.96875,67812.5078125,0
2026-02-21 05:00:00+00:00,67799.625,67860.2109375,67791.8359375,67828.4921875,0
2026-02-21 06:00:00+00:00,67829.1484375,67900.4453125,67736.3515625,67760.484375,0
2026-02-21 07:00:00+00:00,67766.5,67850.5,67737.140625,67836.328125,0
2026-02-21 08:00:00+00:00,67834.890625,68055.921875,67818.71875,68055.921875,0
2026-02-21 09:00:00+00:00,68038.7109375,68238.4921875,67971.28125,68127.8046875,0
2026-02-21 10:00:00+00:00,68147.625,68219.875,68129.3984375,68174.34375,0
2026-02-21 11:00:00+00:00,68186.6875,68246.34375,68070.296875,68070.296875,0
2026-02-21 12:00:00+00:00,68077.7734375,68173.328125,67921.765625,68173.328125,0
2026-02-21 13:00:00+00:00,68183.3984375,68228.453125,68106.484375,68228.453125,0
2026-02-21 14:00:00+00:00,68246.828125,68548.7734375,68183.59375,68451.859375,0
2026-02-21 15:00:00+00:00,68422.8828125,68640.890625,68420.234375,68631.53125,0
2026-02-21 16:00:00+00:00,68602.7890625,68602.7890625,68127.203125,68302.8984375,0
2026-02-21 17:00:00+00:00,68297.265625,68435.6484375,68222.453125,68400.296875,0
2026-02-21 18:00:00+00:00,68394.2421875,68612.6484375,68393.6796875,68554.546875,0
2026-02-21 19:00:00+00:00,68551.15625,68613.8359375,68514.09375,68526.921875,0
2026-02-21 20:00:00+00:00,68513.03125,68574.2265625,68316.7421875,68343.453125,0
2026-02-21 21:00:00+00:00,68206.7578125,68358.4375,68206.7578125,68353.4375,0
2026-02-21 22:00:00+00:00,68362.6796875,68392.7734375,67947.1640625,67947.1640625,0
2026-02-21 23:00:00+00:00,67972.3203125,68096.0234375,67936.3828125,67998.828125,475136
2026-02-22 00:00:00+00:00,67969.0390625,68028.1796875,67797.3125,67906.1796875,0
2026-02-22 01:00:00+00:00,67924.0390625,68144.4765625,67922.8984375,68118.921875,0
2026-02-22 02:00:00+00:00,68121.0234375,68197.609375,67868.4609375,67885.890625,54294528
2026-02-22 03:00:00+00:00,67889.3046875,68033.8203125,67838.8984375,68004.8359375,0
2026-02-22 04:00:00+00:00,68023.6875,68055.359375,67957.765625,67967.2265625,0
2026-02-22 05:00:00+00:00,67976.34375,67990.0,67868.3828125,67916.25,8597504
2026-02-22 06:00:00+00:00,67961.0546875,68133.8203125,67952.1953125,68042.4453125,80891904
2026-02-22 07:00:00+00:00,68034.7421875,68095.515625,67991.171875,67994.5234375,152813568
2026-02-22 08:00:00+00:00,67996.6015625,68001.234375,67918.84375,67970.7890625,0
2026-02-22 09:00:00+00:00,67959.5703125,68073.9140625,67959.5703125,68062.1796875,0
2026-02-22 10:00:00+00:00,68061.203125,68126.109375,68012.2421875,68123.90625,0
2026-02-22 11:00:00+00:00,68120.9609375,68228.453125,68120.9609375,68194.921875,0
2026-02-22 12:00:00+00:00,68197.59375,68207.8125,67888.328125,67939.3515625,0
2026-02-22 13:00:00+00:00,67928.921875,68014.015625,67600.1796875,67643.4375,676590592
2026-02-22 14:00:00+00:00,67640.2265625,67654.9140625,67374.6484375,67432.828125,0
2026-02-22 15:00:00+00:00,67430.265625,67791.53125,67310.578125,67687.765625,705101824
2026-02-22 16:00:00+00:00,67670.21875,67670.8828125,67508.5078125,67611.46875,0
2026-02-22 17:00:00+00:00,67608.6328125,67609.671875,67185.6015625,67351.78125,560443392
2026-02-22 18:00:00+00:00,67338.453125,67427.3828125,67295.78125,67409.9375,0
2026-02-22 19:00:00+00:00,67409.9375,67456.5390625,67380.40625,67398.5078125,0
2026-02-22 20:00:00+00:00,67400.375,67432.0078125,67339.421875,67355.0703125,0
2026-02-22 21:00:00+00:00,67350.828125,67592.5546875,67350.828125,67586.2265625,317214720
2026-02-22 22:00:00+00:00,67586.0625,67710.84375,67463.515625,67674.3671875,0
2026-02-22 23:00:00+00:00,67642.515625,67689.75,67467.8203125,67668.4296875,128714752
2026-02-23 00:00:00+00:00,67616.5390625,67633.90625,66794.609375,66794.609375,387495936
2026-02-23 01:00:00+00:00,66720.875,66720.875,64416.8203125,64598.59375,7399297024
2026-02-23 02:00:00+00:00,64424.27734375,64883.36328125,64400.73828125,64727.58984375,2702571520
2026-02-23 03:00:00+00:00,64773.41796875,65008.3359375,64691.06640625,64946.36328125,1391380480
2026-02-23 04:00:00+00:00,64958.4921875,64978.33984375,64681.89453125,64811.03515625,726140928
2026-02-23 05:00:00+00:00,64801.22265625,65172.890625,64801.22265625,65036.359375,1445154816
2026-02-23 06:00:00+00:00,65024.76953125,65762.984375,65024.76953125,65734.015625,1151135744
2026-02-23 07:00:00+00:00,65782.5390625,65970.2421875,65700.546875,65941.9375,1531883520
2026-02-23 08:00:00+00:00,65941.09375,65941.09375,65584.40625,65673.8359375,1101672448
2026-02-23 09:00:00+00:00,65757.1171875,66426.0546875,65716.1171875,66387.96875,988643328
2026-02-23 10:00:00+00:00,66393.609375,66528.5625,66245.109375,66308.2578125,1222590464
2026-02-23 11:00:00+00:00,66319.7734375,66463.6953125,66133.6796875,66182.5,598663168
2026-02-23 12:00:00+00:00,66190.59375,66494.0,65942.078125,66259.6328125,447062016
2026-02-23 13:00:00+00:00,66294.6953125,66367.9765625,66121.859375,66121.859375,550219776
2026-02-23 14:00:00+00:00,66132.7109375,66248.9375,65601.9921875,65867.7421875,749633536
2026-02-23 15:00:00+00:00,65906.265625,66161.359375,65659.359375,65696.8359375,337715200
2026-02-23 16:00:00+00:00,65641.609375,65714.46875,65193.8125,65304.8828125,1943449600
2026-02-23 17:00:00+00:00,65402.16015625,65409.16015625,64396.06640625,64738.64453125,2347921408
2026-02-23 18:00:00+00:00,64698.46875,65126.1171875,64595.89453125,64595.89453125,466255872
2026-02-23 19:00:00+00:00,64630.234375,64802.7890625,64162.43359375,64333.2734375,2623049728
2026-02-23 20:00:00+00:00,64289.92578125,64430.45703125,63970.53125,64430.45703125,1134514176
2026-02-23 21:00:00+00:00,64440.0703125,64722.14453125,64440.0703125,64594.91796875,1185783808
2026-02-23 22:00:00+00:00,64564.26953125,64984.12890625,64564.26953125,64745.125,771702784
2026-02-23 23:00:00+00:00,64699.74609375,64871.7109375,64536.0625,64616.015625,213041152
2026-02-24 00:00:00+00:00,64701.20703125,64972.7421875,64652.33984375,64912.8125,0
2026-02-24 01:00:00+00:00,64868.515625,64868.515625,63514.08203125,64138.8125,0
2026-02-24 02:00:00+00:00,64141.0390625,64456.08984375,63998.11328125,64104.38671875,0
2026-02-24 03:00:00+00:00,64050.34765625,64050.34765625,63415.9140625,63548.0234375,0
2026-02-24 04:00:00+00:00,63546.05859375,63546.05859375,62911.2265625,63301.16015625,1329778688
2026-02-24 05:00:00+00:00,63320.25,63521.89453125,62709.8203125,63070.01171875,245972992
2026-02-24 06:00:00+00:00,63075.02734375,63274.9609375,62889.5703125,63054.20703125,0
2026-02-24 07:00:00+00:00,63071.03515625,63324.1796875,63006.93359375,63134.9609375,0
2026-02-24 08:00:00+00:00,63148.3671875,63403.109375,63033.83203125,63403.109375,81084416
2026-02-24 09:00:00+00:00,63387.87890625,63387.87890625,62970.3203125,63228.16796875,0
2026-02-24 10:00:00+00:00,63232.64453125,63327.28515625,63147.58203125,63286.55078125,0
2026-02-24 11:00:00+00:00,63275.96875,63292.1640625,63088.2109375,63193.3125,32129024
2026-02-24 12:00:00+00:00,63224.34375,63325.0625,62957.0234375,62957.0234375,0
2026-02-24 13:00:00+00:00,62957.91015625,63081.03515625,62646.765625,62961.20703125,1003991040
2026-02-24 14:00:00+00:00,62910.328125,63704.7265625,62810.5546875,63470.140625,0
2026-02-24 15:00:00+00:00,63454.60546875,64001.703125,63379.296875,64001.703125,599150592
2026-02-24 16:00:00+00:00,63974.6875,64350.234375,63749.65625,64227.59375,0
2026-02-24 17:00:00+00:00,64262.2109375,64472.95703125,64102.2421875,64228.8046875,108855296
2026-02-24 18:00:00+00:00,64252.3828125,64484.63671875,63964.1328125,64427.65234375,0
2026-02-24 19:00:00+00:00,64420.1875,64716.69921875,64261.38671875,64453.90234375,0
2026-02-24 20:00:00+00:00,64461.0390625,64562.3359375,64331.4765625,64453.00390625,0
2026-02-24 21:00:00+00:00,64471.140625,64471.140625,63895.6953125,64064.83203125,0
2026-02-24 22:00:00+00:00,64066.828125,64216.2265625,64011.45703125,64114.7109375,0
2026-02-24 23:00:00+00:00,64115.55859375,64231.4609375,63875.67578125,64077.76953125,0
2026-02-25 00:00:00+00:00,64051.15625,64298.78515625,63946.1796875,64236.2734375,0
2026-02-25 01:00:00+00:00,64209.01171875,66247.15625,64209.01171875,65926.2578125,1085161472
2026-02-25 02:00:00+00:00,65914.9375,66254.109375,65898.5078125,65898.5078125,610910208
2026-02-25 03:00:00+00:00,65913.1015625,65933.09375,65408.60546875,65408.60546875,0
2026-02-25 04:00:00+00:00,65399.640625,65623.171875,65230.22265625,65447.0625,0
2026-02-25 05:00:00+00:00,65452.21875,65488.21875,64800.80078125,64880.109375,0
2026-02-25 06:00:00+00:00,64892.1640625,65104.5078125,64881.859375,64881.859375,0
2026-02-25 07:00:00+00:00,64881.31640625,65169.77734375,64791.31640625,65021.8671875,0
2026-02-25 08:00:00+00:00,65025.28515625,65542.46875,64975.15625,65525.97265625,367554560
2026-02-25 09:00:00+00:00,65515.85546875,65638.8984375,65447.3046875,65559.4921875,0
2026-02-25 10:00:00+00:00,65552.953125,65565.90625,65354.796875,65365.82421875,0
2026-02-25 11:00:00+00:00,65395.83984375,65466.21484375,65199.22265625,65386.45703125,0
2026-02-25 12:00:00+00:00,65432.7890625,66199.8671875,65337.83203125,66031.09375,806313984
2026-02-25 13:00:00+00:00,66106.515625,66530.1875,66022.0234375,66241.3125,0
2026-02-25 14:00:00+00:00,66256.5234375,66909.9296875,66240.09375,66909.9296875,568209408
2026-02-25 15:00:00+00:00,66969.59375,67482.5390625,66743.1953125,67273.5234375,1881927680
2026-02-25 16:00:00+00:00,67489.59375,68298.890625,67466.546875,68298.890625,795623424
2026-02-25 17:00:00+00:00,68294.4375,68857.921875,68093.578125,68626.4140625,2329370624
2026-02-25 18:00:00+00:00,68699.96875,69531.609375,68429.453125,69373.6328125,2333483008
2026-02-25 19:00:00+00:00,69359.015625,69359.015625,68832.765625,69070.765625,1317265408
2026-02-25 20:00:00+00:00,69053.46875,69376.1484375,68671.1953125,69219.953125,1146933248
2026-02-25 21:00:00+00:00,69195.2421875,69953.53125,68833.6796875,68883.7109375,1541271552
2026-02-25 22:00:00+00:00,68956.046875,69166.4375,68122.4140625,68304.9453125,562003968
2026-02-25 23:00:00+00:00,68458.0546875,68648.2734375,67680.640625,67954.8671875,1562271744
2026-02-26 00:00:00+00:00,67982.34375,68480.671875,67769.15625,68336.0703125,1687822336
2026-02-26 01:00:00+00:00,68347.3984375,68666.40625,68249.6796875,68287.078125,0
2026-02-26 02:00:00+00:00,68216.375,68296.6015625,67836.8671875,68278.4921875,0
2026-02-26 03:00:00+00:00,68250.375,68296.5546875,68063.6484375,68193.25,0
2026-02-26 04:00:00+00:00,68201.1328125,68816.8984375,68201.1328125,68588.71875,665313280
2026-02-26 05:00:00+00:00,68561.859375,68562.1796875,68168.703125,68429.953125,0
2026-02-26 06:00:00+00:00,68435.0546875,68519.0,68105.03125,68190.3203125,3483697152
2026-02-26 07:00:00+00:00,68175.6484375,68260.6328125,67843.3046875,67876.796875,0
2026-02-26 08:00:00+00:00,67851.234375,68191.09375,67840.4609375,67954.359375,395726848
2026-02-26 09:00:00+00:00,67953.5390625,68617.859375,67953.5390625,68553.5625,567894016
2026-02-26 10:00:00+00:00,68582.4140625,68704.484375,68270.6796875,68298.1171875,228048896
2026-02-26 11:00:00+00:00,68292.0625,68364.7890625,67987.203125,68018.875,463794176
2026-02-26 12:00:00+00:00,68037.1171875,68285.3515625,68037.1171875,68175.6015625,0
2026-02-26 13:00:00+00:00,68162.046875,68201.8203125,67870.9375,67926.7265625,0
2026-02-26 14:00:00+00:00,67912.2421875,68205.3671875,67309.359375,67680.6875,0
2026-02-26 15:00:00+00:00,67658.1171875,67658.1171875,66810.84375,67410.421875,837812224
2026-02-26 16:00:00+00:00,67383.7421875,67514.53125,66596.4921875,66596.4921875,0
2026-02-26 17:00:00+00:00,66637.3046875,66987.2734375,66636.5546875,66826.6328125,0
2026-02-26 18:00:00+00:00,66824.1796875,67344.71875,66587.921875,67336.1875,0
2026-02-26 19:00:00+00:00,67296.6328125,67743.3671875,67296.6328125,67557.1796875,0
2026-02-26 20:00:00+00:00,67635.0546875,67803.75,67296.234375,67423.90625,0
2026-02-26 21:00:00+00:00,67369.703125,67563.6015625,67208.703125,67459.8203125,0
2026-02-26 22:00:00+00:00,67459.6796875,67623.953125,67364.921875,67544.796875,0
2026-02-26 23:00:00+00:00,67513.4609375,67621.21875,67417.0390625,67456.515625,0
2026-02-27 00:00:00+00:00,67476.703125,67536.28125,67049.78125,67210.71875,0
2026-02-27 01:00:00+00:00,67228.7890625,67309.984375,66907.7265625,67286.1484375,81784832
2026-02-27 02:00:00+00:00,67362.796875,67525.6796875,67300.921875,67362.4765625,0
2026-02-27 03:00:00+00:00,67295.7421875,67679.5390625,67110.3125,67641.2578125,454406144
2026-02-27 04:00:00+00:00,67614.078125,68220.40625,67614.078125,67750.015625,978874368
2026-02-27 05:00:00+00:00,67737.1328125,67905.53125,67699.2890625,67699.2890625,0
2026-02-27 06:00:00+00:00,67708.671875,67816.0546875,67545.1640625,67665.2265625,0
2026-02-27 07:00:00+00:00,67680.2578125,67731.8203125,67474.1953125,67696.2578125,0
2026-02-27 08:00:00+00:00,67696.1953125,68059.9140625,67696.1953125,67982.375,0
2026-02-27 09:00:00+00:00,67954.6875,68026.46875,67331.7578125,67388.1484375,430137344
2026-02-27 10:00:00+00:00,67384.828125,67384.828125,66610.03125,66645.5546875,0
2026-02-27 11:00:00+00:00,66696.5625,66767.8125,66027.4921875,66110.796875,2049581056
2026-02-27 12:00:00+00:00,66133.5390625,66188.7578125,65765.1015625,65805.46875,1124368384
2026-02-27 13:00:00+00:00,65916.296875,66277.125,65682.15625,66173.640625,781705216
2026-02-27 14:00:00+00:00,66285.390625,66330.2109375,65754.3515625,65862.6015625,0
2026-02-27 15:00:00+00:00,65901.0546875,66253.375,65890.546875,66120.5546875,0
2026-02-27 16:00:00+00:00,66095.578125,66111.265625,65493.80078125,65505.83984375,0
2026-02-27 17:00:00+00:00,65486.2109375,65659.328125,65183.421875,65659.328125,0
2026-02-27 18:00:00+00:00,65695.625,65731.8984375,65247.95703125,65299.4375,0
2026-02-27 19:00:00+00:00,65304.4609375,65439.8046875,65186.44921875,65419.8515625,0
2026-02-27 20:00:00+00:00,65400.1015625,65634.1953125,65400.1015625,65576.59375,0
2026-02-27 21:00:00+00:00,65590.0625,65729.765625,65407.9375,65518.3984375,0
2026-02-27 22:00:00+00:00,65550.421875,65651.59375,64946.03515625,65595.28125,537399296
2026-02-27 23:00:00+00:00,65576.3125,65946.171875,65572.21875,65878.9296875,0
2026-02-28 00:00:00+00:00,65869.328125,66003.1328125,65757.53125,65946.0078125,0
2026-02-28 01:00:00+00:00,65938.5625,65961.859375,65771.2734375,65811.4375,0
2026-02-28 02:00:00+00:00,65803.46875,65993.96875,65766.2578125,65983.046875,0
2026-02-28 03:00:00+00:00,65977.078125,65977.078125,65769.28125,65798.34375,0
2026-02-28 04:00:00+00:00,65788.953125,65807.4375,65509.7265625,65664.78125,0
2026-02-28 05:00:00+00:00,65667.609375,65716.5390625,65504.71484375,65529.15625,0
2026-02-28 06:00:00+00:00,65570.578125,65585.109375,63106.07421875,63106.07421875,2928791552
2026-02-28 07:00:00+00:00,63245.12890625,64262.75390625,63245.12890625,63853.66796875,2723946496
2026-02-28 08:00:00+00:00,63841.03515625,63841.03515625,63426.86328125,63426.86328125,0
2026-02-28 09:00:00+00:00,63463.44140625,63918.9609375,63392.8203125,63688.921875,635158528
2026-02-28 10:00:00+00:00,63627.47265625,64012.69921875,63501.015625,64001.16015625,0
2026-02-28 11:00:00+00:00,63995.890625,64296.6484375,63833.8828125,63836.734375,0
2026-02-28 12:00:00+00:00,63844.67578125,64076.26171875,63844.67578125,64032.43359375,0
2026-02-28 13:00:00+00:00,64012.40625,64996.7265625,63929.5078125,64996.7265625,0
2026-02-28 14:00:00+00:00,65164.80078125,65345.70703125,64378.50390625,64490.59765625,1171726336
2026-02-28 15:00:00+00:00,64449.14453125,64999.91015625,64330.0078125,64862.44140625,0
2026-02-28 16:00:00+00:00,64847.68359375,65174.91015625,64686.76171875,65147.98046875,0
2026-02-28 17:00:00+00:00,65108.390625,65421.79296875,64900.86328125,65421.79296875,0
2026-02-28 18:00:00+00:00,65430.328125,66093.296875,65205.1484375,65889.9765625,0
2026-02-28 19:00:00+00:00,65905.859375,66638.265625,65667.5234375,66335.4375,1341923328
2026-02-28 20:00:00+00:00,66390.0546875,67126.859375,66230.0546875,66903.65625,566038528
2026-02-28 21:00:00+00:00,66959.65625,66959.65625,66442.9296875,66758.203125,791711744
2026-02-28 22:00:00+00:00,66723.3671875,67606.5546875,66692.09375,67276.6796875,843771904
2026-02-28 23:00:00+00:00,67116.9921875,67196.2109375,66773.25,67005.8828125,463233024
2026-03-01 00:00:00+00:00,66997.25,67039.0546875,66663.75,66821.7734375,0
2026-03-01 01:00:00+00:00,66680.6640625,67577.9375,66115.8828125,67271.4453125,2070257664
2026-03-01 02:00:00+00:00,67334.71875,68143.15625,67334.71875,67667.5390625,2856984576
2026-03-01 03:00:00+00:00,67647.1015625,67805.3046875,67435.140625,67487.265625,0
2026-03-01 04:00:00+00:00,67574.7109375,67592.6796875,67103.2421875,67314.8828125,1510752256
2026-03-01 05:00:00+00:00,67341.25,67547.921875,67239.46875,67322.9296875,886345728
2026-03-01 06:00:00+00:00,67311.671875,67322.359375,66833.4140625,66941.3515625,0
2026-03-01 07:00:00+00:00,66935.0703125,67206.7734375,66793.0625,67120.640625,0
2026-03-01 08:00:00+00:00,67143.484375,67279.4765625,66528.609375,66539.4453125,0
2026-03-01 09:00:00+00:00,66554.5234375,66724.671875,66305.125,66373.390625,164118528
2026-03-01 10:00:00+00:00,66458.4609375,66727.0,66299.078125,66472.515625,0
2026-03-01 11:00:00+00:00,66491.125,66631.5546875,66401.1875,66468.6328125,0
2026-03-01 12:00:00+00:00,66467.8359375,66537.9609375,66254.0859375,66342.71875,0
2026-03-01 13:00:00+00:00,66313.9296875,67175.6640625,66168.3359375,66990.5078125,0
2026-03-01 14:00:00+00:00,66947.65625,67292.4140625,66790.4296875,66875.765625,0
2026-03-01 15:00:00+00:00,66852.8203125,67234.2578125,66852.8203125,66880.40625,0
2026-03-01 16:00:00+00:00,66834.2734375,67071.46875,66030.953125,66168.8828125,1017520128
2026-03-01 17:00:00+00:00,66168.1875,66208.25,65762.59375,66061.0078125,236429312
2026-03-01 18:00:00+00:00,66000.0078125,66602.0078125,66000.0078125,66302.34375,452481024
2026-03-01 19:00:00+00:00,66313.4453125,66342.96875,65811.1875,65957.3046875,0
2026-03-01 20:00:00+00:00,65962.25,65962.25,65114.421875,65328.14453125,178216960
2026-03-01 21:00:00+00:00,65330.88671875,65743.03125,65329.12109375,65743.03125,0
2026-03-01 22:00:00+00:00,65692.3515625,66327.6328125,65123.96484375,65249.9296875,517210112
2026-03-01 23:00:00+00:00,65230.65625,66023.015625,65230.65625,65734.078125,600612864
2026-03-02 00:00:00+00:00,65758.1015625,66667.203125,65758.1015625,66532.3828125,667893760
2026-03-02 01:00:00+00:00,66503.2890625,66998.765625,66422.015625,66532.8046875,0
2026-03-02 02:00:00+00:00,66538.0234375,66583.21875,65946.2890625,66341.1875,0
2026-03-02 03:00:00+00:00,66289.5390625,66977.2578125,66164.34375,66826.21875,0
2026-03-02 04:00:00+00:00,66820.390625,66962.8359375,66657.203125,66791.6953125,0
2026-03-02 05:00:00+00:00,66841.4296875,66972.796875,66609.2578125,66789.375,545562624
2026-03-02 06:00:00+00:00,66712.28125,66712.28125,66103.8046875,66230.34375,0
2026-03-02 07:00:00+00:00,66211.453125,66211.453125,65567.609375,65960.0234375,731410432
2026-03-02 08:00:00+00:00,65977.1953125,66291.421875,65695.4375,66252.703125,0
2026-03-02 09:00:00+00:00,66274.4453125,66577.0703125,66218.4609375,66237.2890625,938999808
2026-03-02 10:00:00+00:00,66162.609375,66340.4609375,66118.3671875,66262.90625,407199744
2026-03-02 11:00:00+00:00,66301.546875,66439.4375,66063.90625,66305.390625,989827072
2026-03-02 12:00:00+00:00,66339.2109375,66388.640625,65928.59375,65961.5625,384339968
2026-03-02 13:00:00+00:00,65962.65625,66103.5,65370.5,65444.7578125,741318656
2026-03-02 14:00:00+00:00,65452.21875,67189.2890625,65309.109375,67064.1328125,2290221056
2026-03-02 15:00:00+00:00,67106.796875,69532.4140625,67076.1953125,69062.390625,5999210496
2026-03-02 16:00:00+00:00,69127.8203125,70024.0625,69022.0234375,69511.75,3535863808
2026-03-02 17:00:00+00:00,69455.71875,69491.8828125,68857.4453125,69117.0234375,1167335424
2026-03-02 18:00:00+00:00,69182.984375,69227.859375,68829.765625,68984.875,680484864
2026-03-02 19:00:00+00:00,68891.8046875,69030.9140625,68620.5,68949.6328125,860475392
2026-03-02 20:00:00+00:00,68963.578125,69450.2265625,68676.7734375,69291.546875,343801856
2026-03-02 21:00:00+00:00,69171.9765625,69525.984375,69052.0859375,69425.90625,0
2026-03-02 22:00:00+00:00,69429.8828125,69497.6640625,69187.3359375,69370.515625,0
2026-03-02 23:00:00+00:00,69395.6796875,69449.265625,68785.078125,68785.078125,0
2026-03-03 00:00:00+00:00,68804.5859375,69151.0859375,68701.4375,69013.921875,0
2026-03-03 01:00:00+00:00,69103.2265625,69220.9921875,68799.0078125,68807.1796875,0
2026-03-03 02:00:00+00:00,68753.421875,68753.421875,68266.515625,68532.8984375,1382838272
2026-03-03 03:00:00+00:00,68524.828125,68524.828125,68250.2578125,68360.0859375,0
2026-03-03 04:00:00+00:00,68364.46875,68429.125,68053.5078125,68106.1875,0
2026-03-03 05:00:00+00:00,68111.9296875,68525.1953125,67864.109375,67875.953125,128315392
2026-03-03 06:00:00+00:00,67938.8359375,68093.921875,67834.8125,68093.921875,0
2026-03-03 07:00:00+00:00,68125.5,68240.46875,67954.1875,68182.3203125,311177216
2026-03-03 08:00:00+00:00,68172.9140625,68248.921875,66930.7265625,66989.2109375,264359936
2026-03-03 09:00:00+00:00,66983.265625,67107.046875,66401.0546875,66648.625,595922944
2026-03-03 10:00:00+00:00,66641.0,66879.2890625,66451.46875,66712.203125,890499072
2026-03-03 11:00:00+00:00,66834.5703125,67145.9609375,66774.7109375,67054.8515625,488927232
2026-03-03 12:00:00+00:00,67075.09375,67754.734375,67075.09375,67396.375,1031700480
2026-03-03 13:00:00+00:00,67390.3828125,67390.3828125,66688.3203125,66931.0,0
2026-03-03 14:00:00+00:00,66893.0078125,67316.59375,66317.4453125,66571.3359375,0
2026-03-03 15:00:00+00:00,66565.7734375,67766.3203125,66565.7734375,67582.1015625,0
2026-03-03 16:00:00+00:00,67747.265625,68938.3828125,67617.75,68285.9375,0
2026-03-03 17:00:00+00:00,68121.453125,68354.9296875,67760.21875,68309.140625,0
2026-03-03 18:00:00+00:00,68316.7890625,68828.2734375,68010.4296875,68679.78125,22487040
2026-03-03 19:00:00+00:00,68634.2734375,68887.421875,68375.7734375,68455.4296875,23232512
2026-03-03 20:00:00+00:00,68455.8125,68514.34375,68119.0859375,68213.5546875,0
2026-03-03 21:00:00+00:00,68225.578125,68225.578125,67858.7109375,68064.7890625,0
2026-03-03 22:00:00+00:00,68059.0234375,68502.46875,68059.0234375,68271.6015625,0
2026-03-03 23:00:00+00:00,68314.2421875,68728.7890625,68281.9375,68300.28125,0
2026-03-04 00:00:00+00:00,68317.765625,68397.90625,67934.5078125,68185.59375,658296832
2026-03-04 01:00:00+00:00,68120.4921875,68881.15625,68003.03125,68423.7578125,1048698880
2026-03-04 02:00:00+00:00,68417.7890625,68417.7890625,68030.9375,68309.296875,0
2026-03-04 03:00:00+00:00,68316.03125,68326.6796875,67449.2734375,67669.0625,1025560576
2026-03-04 04:00:00+00:00,67778.3828125,67911.5859375,67496.234375,67811.9609375,419692544
2026-03-04 05:00:00+00:00,67813.625,68357.0546875,67732.5234375,68270.9296875,0
2026-03-04 06:00:00+00:00,68209.109375,68650.125,68099.5859375,68486.2421875,1144762368
2026-03-04 07:00:00+00:00,68513.90625,69556.46875,68390.5390625,69556.46875,831889408
2026-03-04 08:00:00+00:00,69513.703125,71028.4296875,69193.3671875,71028.4296875,2991038464
2026-03-04 09:00:00+00:00,71002.8828125,71856.53125,70788.203125,71472.7109375,3960590336
2026-03-04 10:00:00+00:00,71472.7109375,71812.625,71219.5390625,71260.1640625,1820475392
2026-03-04 11:00:00+00:00,71297.5859375,71439.3125,70952.9375,71131.1171875,431890432
2026-03-04 12:00:00+00:00,71115.9140625,71339.9921875,70634.0859375,71339.9921875,678121472
2026-03-04 13:00:00+00:00,71340.7265625,71594.09375,71247.890625,71486.8828125,1226080256
2026-03-04 14:00:00+00:00,71488.296875,72458.796875,71370.5390625,71628.4609375,2497908736
2026-03-04 15:00:00+00:00,71604.0390625,73245.125,71604.0390625,73245.125,2881396736
2026-03-04 16:00:00+00:00,73404.96875,73417.75,72606.3125,73410.8125,424943616
2026-03-04 17:00:00+00:00,73324.921875,73764.4453125,72999.3125,73251.6796875,1400963072
2026-03-04 18:00:00+00:00,73243.8515625,73695.265625,73004.0,73596.3359375,400482304
2026-03-04 19:00:00+00:00,73645.7421875,74041.8125,73568.6953125,73717.9375,2276098048
2026-03-04 20:00:00+00:00,73669.5703125,73674.078125,73156.828125,73156.828125,131170304
2026-03-04 21:00:00+00:00,73110.6328125,73330.890625,72915.9296875,73318.4609375,1153753088
2026-03-04 22:00:00+00:00,73334.5234375,73524.5,72665.984375,72755.4453125,196395008
2026-03-04 23:00:00+00:00,72710.6875,72829.3203125,72336.9921875,72670.125,1046552576
2026-03-05 00:00:00+00:00,72729.2734375,72990.6015625,72574.9609375,72822.90625,0
2026-03-05 01:00:00+00:00,72815.109375,73261.5859375,72462.2578125,72492.8828125,162013184
2026-03-05 02:00:00+00:00,72530.8984375,72858.359375,72368.5546875,72449.1015625,150396928
2026-03-05 03:00:00+00:00,72510.953125,72735.3046875,72373.5625,72513.1328125,0
2026-03-05 04:00:00+00:00,72502.0625,73056.2578125,72478.2578125,72823.25,0
2026-03-05 05:00:00+00:00,72847.9296875,72887.84375,72287.265625,72287.265625,578125824
2026-03-05 06:00:00+00:00,72412.0390625,72642.375,72066.6953125,72560.7109375,252207104
2026-03-05 07:00:00+00:00,72560.75,72660.1171875,71833.234375,71994.4453125,0
2026-03-05 08:00:00+00:00,72075.7265625,72374.171875,71794.0078125,72374.171875,0
2026-03-05 09:00:00+00:00,72350.8984375,72844.15625,72350.8984375,72599.0,0
2026-03-05 10:00:00+00:00,72595.625,73527.2890625,72585.34375,73390.0703125,0
2026-03-05 11:00:00+00:00,73415.9375,73433.3125,72822.6328125,72876.4453125,855916544
2026-03-05 12:00:00+00:00,72928.21875,73047.9296875,72700.9609375,72960.703125,0
2026-03-05 13:00:00+00:00,72925.5390625,72925.5390625,72278.421875,72484.328125,0
2026-03-05 14:00:00+00:00,72466.4453125,72711.2890625,72013.484375,72711.2890625,0
2026-03-05 15:00:00+00:00,72677.2265625,72677.2265625,71200.6796875,71481.0078125,0
2026-03-05 16:00:00+00:00,71642.875,71642.875,70829.8984375,71318.9765625,0
2026-03-05 17:00:00+00:00,71329.6015625,71569.1171875,70663.078125,70837.2890625,0
2026-03-05 18:00:00+00:00,70711.3203125,71032.828125,70711.3203125,70981.2734375,0
2026-03-05 19:00:00+00:00,70995.1015625,71337.2734375,70913.6484375,70952.4609375,0
2026-03-05 20:00:00+00:00,70945.5703125,71336.046875,70893.375,71259.5859375,0
2026-03-05 21:00:00+00:00,71248.1171875,71542.8203125,71038.296875,71139.5390625,0
2026-03-05 22:00:00+00:00,71139.7578125,71321.265625,71099.875,71246.0078125,0
2026-03-05 23:00:00+00:00,71221.84375,71273.109375,70790.78125,70842.15625,2166784
2026-03-06 00:00:00+00:00,70878.65625,71030.078125,70853.5625,70928.421875,0
2026-03-06 01:00:00+00:00,70938.90625,71265.875,70420.71875,71244.7890625,0
2026-03-06 02:00:00+00:00,71254.7265625,71357.8671875,71104.6875,71211.6015625,161177600
2026-03-06 03:00:00+00:00,71233.1953125,71254.0078125,71029.078125,71074.9140625,0
2026-03-06 04:00:00+00:00,71085.6328125,71100.65625,70435.671875,70594.9453125,0
2026-03-06 05:00:00+00:00,70572.5390625,70632.6953125,70162.8359375,70448.7421875,0
2026-03-06 06:00:00+00:00,70436.75,70806.734375,70275.53125,70644.921875,0
2026-03-06 07:00:00+00:00,70616.2734375,71162.75,70495.625,71077.15625,0
2026-03-06 08:00:00+00:00,71060.3359375,71060.3359375,70762.578125,70762.578125,0
2026-03-06 09:00:00+00:00,70762.046875,70785.6171875,70353.2421875,70565.0078125,0
2026-03-06 10:00:00+00:00,70566.25,70765.609375,70503.109375,70551.640625,0
2026-03-06 11:00:00+00:00,70540.765625,70611.7109375,70198.7265625,70202.3359375,0
2026-03-06 12:00:00+00:00,70203.9140625,70203.9140625,69682.0390625,70014.0625,1219764224
2026-03-06 13:00:00+00:00,69998.7890625,70264.609375,69333.1171875,69358.984375,927875072
2026-03-06 14:00:00+00:00,68906.4375,69190.125,68341.328125,68341.328125,2065895424
2026-03-06 15:00:00+00:00,68448.0703125,69012.078125,68333.4140625,68543.03125,0
2026-03-06 16:00:00+00:00,68506.578125,68773.5234375,68241.375,68470.203125,0
2026-03-06 17:00:00+00:00,68448.3046875,68614.46875,67760.484375,67987.828125,39723008
2026-03-06 18:00:00+00:00,68006.5078125,68451.7109375,68006.5078125,68190.609375,0
2026-03-06 19:00:00+00:00,68248.265625,68455.5078125,68022.0,68109.4140625,0
2026-03-06 20:00:00+00:00,68124.5703125,68237.4296875,67778.1484375,68145.4453125,36192256
2026-03-06 21:00:00+00:00,68119.671875,68309.734375,67940.6015625,68278.59375,77824
2026-03-06 22:00:00+00:00,68277.890625,68423.8984375,68234.03125,68423.8984375,0
2026-03-06 23:00:00+00:00,68320.375,68367.515625,68105.59375,68136.6875,0
2026-03-07 00:00:00+00:00,68139.6875,68348.6796875,68127.828125,68312.25,0
2026-03-07 01:00:00+00:00,68303.6171875,68343.921875,68186.59375,68280.625,0
2026-03-07 02:00:00+00:00,68252.4921875,68298.1015625,68092.2421875,68298.1015625,0
2026-03-07 03:00:00+00:00,68342.4375,68513.84375,68108.3125,68133.25,0
2026-03-07 04:00:00+00:00,68124.7421875,68144.4765625,67890.0703125,68076.1484375,0
2026-03-07 05:00:00+00:00,68096.3046875,68111.765625,67928.09375,67998.078125,0
2026-03-07 06:00:00+00:00,68005.3046875,68009.5,67716.71875,67745.171875,0
2026-03-07 07:00:00+00:00,67689.0078125,67854.9375,67503.4140625,67854.9375,0
2026-03-07 08:00:00+00:00,67827.046875,68031.46875,67752.2421875,67763.1640625,0
2026-03-07 09:00:00+00:00,67794.2890625,68046.0234375,67743.6796875,68016.796875,0
2026-03-07 10:00:00+00:00,67999.1640625,68091.4296875,67882.578125,67882.578125,0
2026-03-07 11:00:00+00:00,67882.578125,68207.53125,67867.453125,68020.875,0
2026-03-07 12:00:00+00:00,68015.34375,68078.625,67908.9453125,67995.0859375,0
2026-03-07 13:00:00+00:00,67986.6953125,68071.1328125,67881.5234375,67923.0703125,0
2026-03-07 14:00:00+00:00,67893.1875,68054.3515625,67628.859375,68038.125,0
2026-03-07 15:00:00+00:00,68020.1640625,68020.1640625,67798.03125,67910.8984375,0
2026-03-07 16:00:00+00:00,67887.4375,67887.4375,67741.328125,67818.6875,0
2026-03-07 17:00:00+00:00,67804.7109375,67918.0234375,67781.765625,67781.765625,0
2026-03-07 18:00:00+00:00,67787.0546875,67787.0546875,67521.46875,67588.6875,0
2026-03-07 19:00:00+00:00,67571.0625,67571.0625,67016.953125,67095.625,965033984
2026-03-07 20:00:00+00:00,67087.1328125,67418.8984375,67087.1328125,67414.6171875,0
2026-03-07 21:00:00+00:00,67401.6796875,67476.7265625,67297.53125,67439.015625,0
2026-03-07 22:00:00+00:00,67452.1484375,67456.328125,67171.5625,67240.6640625,25126912
2026-03-07 23:00:00+00:00,67239.65625,67384.7421875,67209.265625,67272.5,56922112
2026-03-08 00:00:00+00:00,67250.1015625,67474.390625,67177.8046875,67228.4921875,0
2026-03-08 01:00:00+00:00,67197.640625,67350.0390625,67098.0703125,67296.7109375,144486400
2026-03-08 02:00:00+00:00,67299.8046875,67408.5859375,66905.828125,66956.8046875,606951424
2026-03-08 03:00:00+00:00,66919.421875,67064.59375,66892.953125,67050.3515625,288538624
2026-03-08 04:00:00+00:00,67009.3125,67077.75,66612.984375,66647.515625,278130688
2026-03-08 05:00:00+00:00,66635.25,67217.5859375,66635.25,67171.09375,339662848
2026-03-08 06:00:00+00:00,67154.2109375,67218.9609375,67057.984375,67190.828125,0
2026-03-08 07:00:00+00:00,67162.796875,67412.6953125,67162.4296875,67277.71875,0
2026-03-08 08:00:00+00:00,67315.3984375,67547.984375,67184.15625,67537.9296875,383299584
2026-03-08 09:00:00+00:00,67541.71875,67819.0546875,67472.4921875,67733.984375,697190400
2026-03-08 10:00:00+00:00,67718.625,68170.4453125,67718.625,67893.5078125,643680256
2026-03-08 11:00:00+00:00,67896.859375,67896.859375,67439.5703125,67537.6328125,203538432
2026-03-08 12:00:00+00:00,67517.109375,67617.4453125,66913.4375,67305.921875,870957056
2026-03-08 13:00:00+00:00,67316.9375,67354.6640625,66876.625,67257.5390625,1407559680
2026-03-08 14:00:00+00:00,67249.78125,67395.0,67074.4453125,67291.859375,32139264
2026-03-08 15:00:00+00:00,67321.421875,67348.921875,67125.3828125,67197.578125,235843584
2026-03-08 16:00:00+00:00,67200.6953125,67222.40625,66846.515625,66846.515625,435476480
2026-03-08 17:00:00+00:00,66859.78125,67139.203125,66824.0625,66978.1953125,514711552
2026-03-08 18:00:00+00:00,67011.078125,67041.4140625,66768.0625,66853.7421875,0
2026-03-08 19:00:00+00:00,66823.9375,67405.09375,66806.6953125,67294.5234375,0
2026-03-08 20:00:00+00:00,67311.3671875,67480.8671875,67050.953125,67210.8359375,424927232
2026-03-08 21:00:00+00:00,67243.015625,67243.015625,66760.640625,66978.71875,785186816
2026-03-08 22:00:00+00:00,66976.671875,66976.671875,65660.515625,66221.859375,2410731520
2026-03-08 23:00:00+00:00,66215.1171875,66529.421875,65969.5859375,65969.5859375,1620172800
2026-03-09 00:00:00+00:00,65975.703125,66716.171875,65878.921875,66406.7734375,1005076480
2026-03-09 01:00:00+00:00,66363.234375,66658.3828125,66176.90625,66239.640625,1434687488
2026-03-09 02:00:00+00:00,66205.796875,66647.7265625,65990.5703125,66575.859375,582176768
2026-03-09 03:00:00+00:00,66602.0078125,67644.046875,66602.0078125,67198.7890625,1198792704
2026-03-09 04:00:00+00:00,67206.921875,67584.3984375,67183.390625,67184.8125,0
2026-03-09 05:00:00+00:00,67133.9375,68009.7265625,67133.9375,67887.1484375,1376468992
2026-03-09 06:00:00+00:00,67890.9453125,67895.640625,67273.578125,67286.0859375,1159671808
2026-03-09 07:00:00+00:00,67243.53125,67532.5,66968.28125,67527.171875,515100672
2026-03-09 08:00:00+00:00,67566.90625,67886.8828125,67431.875,67810.0078125,872071168
2026-03-09 09:00:00+00:00,67799.359375,68405.1640625,67615.15625,67968.8359375,513470464
2026-03-09 10:00:00+00:00,67984.6328125,68043.5078125,67586.328125,67602.859375,660811776
2026-03-09 11:00:00+00:00,67596.6328125,67824.65625,67398.3984375,67781.9375,13942784
2026-03-09 12:00:00+00:00,67753.046875,68285.1328125,67753.046875,68197.796875,203182080
2026-03-09 13:00:00+00:00,68157.65625,69249.7265625,68157.65625,69038.953125,1498853376
2026-03-09 14:00:00+00:00,69000.828125,69453.5,68720.8671875,69149.828125,2796879872
2026-03-09 15:00:00+00:00,69133.3984375,69232.6796875,68771.984375,69007.4609375,1620893696
2026-03-09 16:00:00+00:00,68895.296875,69130.875,68729.2578125,68972.671875,1186041856
2026-03-09 17:00:00+00:00,68971.8359375,69055.21875,68315.6796875,68658.5546875,471916544
2026-03-09 18:00:00+00:00,68622.078125,68690.2578125,68265.109375,68344.578125,1060278272
2026-03-09 19:00:00+00:00,68400.1640625,69347.0234375,68400.1640625,69053.765625,1127022592
2026-03-09 20:00:00+00:00,69006.203125,69139.6640625,68822.3125,69026.1875,575393792
2026-03-09 21:00:00+00:00,68996.78125,69117.7890625,68746.65625,69009.71875,48074752
2026-03-09 22:00:00+00:00,69014.3828125,69014.3828125,68630.859375,68654.75,0
2026-03-09 23:00:00+00:00,68642.3828125,68692.859375,68401.4609375,68402.71875,0
2026-03-10 00:00:00+00:00,68443.1484375,69284.1796875,68432.28125,69117.40625,0
2026-03-10 01:00:00+00:00,69163.484375,69330.5078125,68846.6953125,69282.4609375,0
2026-03-10 02:00:00+00:00,69316.3984375,70561.8515625,69133.9375,70282.6640625,1710305280
2026-03-10 03:00:00+00:00,70285.90625,70334.1875,69454.2890625,69454.2890625,0
2026-03-10 04:00:00+00:00,69474.1640625,70092.0234375,69474.1640625,70082.0546875,166465536
2026-03-10 05:00:00+00:00,70054.296875,70311.6796875,69914.6171875,69966.9453125,0
2026-03-10 06:00:00+00:00,69942.6796875,70160.3125,69773.6015625,69906.546875,0
2026-03-10 07:00:00+00:00,69957.859375,70465.3984375,69845.078125,70338.8671875,854138880
2026-03-10 08:00:00+00:00,70392.390625,71072.984375,70392.390625,70655.1875,612130816
2026-03-10 09:00:00+00:00,70670.4921875,71266.8828125,70670.4921875,71034.453125,206561280
2026-03-10 10:00:00+00:00,71047.1484375,71047.1484375,70690.234375,70813.3515625,0
2026-03-10 11:00:00+00:00,70758.9765625,70850.09375,70575.015625,70612.5078125,838459392
2026-03-10 12:00:00+00:00,70609.28125,70617.546875,70329.375,70508.40625,0
2026-03-10 13:00:00+00:00,70523.1875,70907.703125,69762.796875,69974.1328125,0
2026-03-10 14:00:00+00:00,69935.9921875,71453.234375,69508.3515625,71435.6484375,329719808
2026-03-10 15:00:00+00:00,71568.4140625,71751.71875,70945.703125,71360.6640625,1293574144
2026-03-10 16:00:00+00:00,71382.9375,71699.7265625,71016.2421875,71226.984375,786587648
2026-03-10 17:00:00+00:00,71269.1640625,71457.875,70619.2265625,70899.8515625,734576640
2026-03-10 18:00:00+00:00,70877.2265625,70888.8359375,69949.421875,69969.8046875,890544128
2026-03-10 19:00:00+00:00,70017.2265625,70245.8359375,69837.5078125,70001.09375,0
2026-03-10 20:00:00+00:00,70050.2265625,70320.6328125,70043.0703125,70254.5,0
2026-03-10 21:00:00+00:00,70256.2890625,70390.609375,69568.7578125,69781.28125,220327936
2026-03-10 22:00:00+00:00,69816.8125,69855.578125,69491.3828125,69708.0234375,0
2026-03-10 23:00:00+00:00,69707.1796875,69952.984375,69707.1796875,69931.25,580050944
2026-03-11 00:00:00+00:00,69956.9296875,70146.609375,69780.265625,70093.7734375,0
2026-03-11 01:00:00+00:00,70053.5078125,70123.3125,69907.9921875,70089.4921875,617857024
2026-03-11 02:00:00+00:00,70086.0390625,70117.4765625,69663.953125,69790.0859375,0
2026-03-11 03:00:00+00:00,69816.5078125,69849.1328125,69526.8203125,69571.8671875,322605056
2026-03-11 04:00:00+00:00,69544.28125,70256.4609375,69538.9921875,70142.796875,0
2026-03-11 05:00:00+00:00,70151.9296875,70153.9609375,69453.703125,69552.3046875,31375360
2026-03-11 06:00:00+00:00,69512.671875,69972.96875,69512.671875,69965.296875,0
2026-03-11 07:00:00+00:00,69956.421875,69987.2265625,69527.34375,69666.4765625,0
2026-03-11 08:00:00+00:00,69674.875,69757.7734375,69507.9453125,69637.3046875,0
2026-03-11 09:00:00+00:00,69644.890625,69732.140625,69404.7421875,69411.1796875,0
2026-03-11 10:00:00+00:00,69466.3125,69693.75,69430.703125,69627.4453125,0
2026-03-11 11:00:00+00:00,69617.2578125,69645.7890625,69247.8671875,69247.8671875,88522752
2026-03-11 12:00:00+00:00,69178.859375,69547.234375,68998.8671875,69372.46875,380854272
2026-03-11 13:00:00+00:00,69363.40625,71038.4375,69356.203125,70186.515625,583168000
2026-03-11 14:00:00+00:00,70195.28125,70926.5625,70055.15625,70690.9921875,409673728
2026-03-11 15:00:00+00:00,70617.7734375,70617.7734375,69850.2109375,70278.3515625,0
2026-03-11 16:00:00+00:00,70242.484375,70777.78125,70226.9375,70572.265625,424595456
2026-03-11 17:00:00+00:00,70580.484375,71337.6640625,70580.484375,70801.609375,1442115584
2026-03-11 18:00:00+00:00,70794.34375,70878.6875,70466.8125,70664.5546875,0
2026-03-11 19:00:00+00:00,70648.3984375,70730.2421875,70416.71875,70667.578125,0
2026-03-11 20:00:00+00:00,70670.0,70670.0,70435.7109375,70665.5,0
2026-03-11 21:00:00+00:00,70660.984375,70771.0546875,70526.9609375,70742.6796875,0
2026-03-11 22:00:00+00:00,70762.3359375,70901.875,70327.4140625,70359.6875,0
2026-03-11 23:00:00+00:00,70375.9453125,70507.0234375,70165.6640625,70209.765625,0
2026-03-12 00:00:00+00:00,70202.765625,70357.203125,70170.671875,70248.6640625,0
2026-03-12 01:00:00+00:00,70225.3671875,70225.3671875,69795.2578125,69807.671875,0
2026-03-12 02:00:00+00:00,69841.84375,69878.34375,69252.6015625,69334.328125,0
2026-03-12 03:00:00+00:00,69305.109375,69606.9765625,69305.109375,69437.1015625,0
2026-03-12 04:00:00+00:00,69468.0546875,69652.890625,69326.4921875,69403.859375,0
2026-03-12 05:00:00+00:00,69380.015625,69532.65625,69242.03125,69437.375,0
2026-03-12 06:00:00+00:00,69454.578125,69543.7734375,69376.046875,69463.3359375,42287104
2026-03-12 07:00:00+00:00,69486.75,69847.9140625,69447.0234375,69813.4296875,39161856
2026-03-12 08:00:00+00:00,69831.0390625,70051.109375,69726.53125,69851.5390625,563331072
2026-03-12 09:00:00+00:00,69898.03125,70314.84375,69634.1640625,69976.53125,470585344
2026-03-12 10:00:00+00:00,70041.3515625,70469.5703125,69894.4765625,70457.4765625,207564800
2026-03-12 11:00:00+00:00,70409.8125,70743.3203125,70405.15625,70452.9453125,506089472
2026-03-12 12:00:00+00:00,70438.421875,70604.1953125,70312.3984375,70376.8203125,0
2026-03-12 13:00:00+00:00,70394.90625,70536.6328125,69765.0234375,69858.9140625,0
2026-03-12 14:00:00+00:00,69975.453125,70519.6015625,69426.078125,69529.3515625,0
2026-03-12 15:00:00+00:00,69610.9921875,70551.171875,69575.453125,70270.5234375,104935424
2026-03-12 16:00:00+00:00,70318.53125,70542.9921875,69966.234375,70422.5625,127213568
2026-03-12 17:00:00+00:00,70408.3125,70549.390625,70193.0390625,70276.96875,0
2026-03-12 18:00:00+00:00,70240.9921875,70269.046875,69830.15625,69830.15625,0
2026-03-12 19:00:00+00:00,69900.21875,70557.953125,69825.1015625,70520.96875,119939072
2026-03-12 20:00:00+00:00,70487.4765625,70540.984375,70155.8515625,70189.828125,304300032
2026-03-12 21:00:00+00:00,70215.859375,70434.609375,70215.859375,70371.6953125,0
2026-03-12 22:00:00+00:00,70298.6796875,70298.6796875,70041.546875,70132.71875,0
2026-03-12 23:00:00+00:00,70210.5546875,70712.6171875,70210.5546875,70497.046875,582909952
2026-03-13 00:00:00+00:00,70446.8671875,71953.484375,70426.640625,71391.15625,3419000832
2026-03-13 01:00:00+00:00,71624.4140625,71684.4375,71329.6796875,71636.0703125,569339904
2026-03-13 02:00:00+00:00,71657.53125,71657.53125,71095.921875,71166.265625,23027712
2026-03-13 03:00:00+00:00,71170.2734375,71445.34375,71045.5234375,71403.625,222846976
2026-03-13 04:00:00+00:00,71404.71875,71477.6015625,71264.125,71335.875,584400896
2026-03-13 05:00:00+00:00,71357.265625,71608.5859375,71250.8984375,71604.609375,0
2026-03-13 06:00:00+00:00,71569.609375,71584.1171875,71193.234375,71342.6640625,1116696576
2026-03-13 07:00:00+00:00,71324.0703125,71651.875,71255.9765625,71651.875,347213824
2026-03-13 08:00:00+00:00,71622.6953125,72046.7265625,71399.765625,71784.875,1098498048
2026-03-13 09:00:00+00:00,71818.421875,72088.8359375,71657.7890625,72038.1171875,0
2026-03-13 10:00:00+00:00,72019.6953125,72571.53125,72019.6953125,72489.6875,1934700544
2026-03-13 11:00:00+00:00,72475.3828125,72513.5078125,72245.921875,72254.34375,0
2026-03-13 12:00:00+00:00,72235.890625,72853.28125,72235.890625,72853.28125,0
2026-03-13 13:00:00+00:00,72793.6484375,73580.6015625,72710.453125,73510.8046875,2515722240
2026-03-13 14:00:00+00:00,73410.1953125,73854.28125,72419.109375,72419.109375,2514821120
2026-03-13 15:00:00+00:00,72419.8515625,72776.7734375,71764.828125,71798.3359375,2530959360
2026-03-13 16:00:00+00:00,71860.2421875,72076.578125,71175.7109375,71934.0859375,1378779136
2026-03-13 17:00:00+00:00,71889.2265625,72220.09375,70943.7109375,71003.5703125,1685139456
2026-03-13 18:00:00+00:00,71028.09375,71294.5234375,70936.8125,71069.2734375,0
2026-03-13 19:00:00+00:00,71056.78125,71283.0078125,71023.6953125,71159.5390625,1672425472
2026-03-13 20:00:00+00:00,71175.09375,71450.2265625,71166.1328125,71357.3984375,55992320
2026-03-13 21:00:00+00:00,71349.578125,71482.953125,71096.640625,71161.375,403816448
2026-03-13 22:00:00+00:00,71110.5234375,71156.7734375,70570.5546875,70794.5234375,498339840
2026-03-13 23:00:00+00:00,70797.015625,70987.4921875,70723.421875,70965.3828125,0
2026-03-14 00:00:00+00:00,70952.3359375,70952.3359375,70573.3828125,70684.9921875,0
2026-03-14 01:00:00+00:00,70691.6015625,70885.359375,70507.8828125,70862.96875,0
2026-03-14 02:00:00+00:00,70794.109375,70889.0703125,70752.546875,70859.34375,0
2026-03-14 03:00:00+00:00,70800.71875,71155.03125,70800.71875,71072.2265625,433008640
2026-03-14 04:00:00+00:00,71090.21875,71281.6796875,71032.5546875,71032.5546875,0
2026-03-14 05:00:00+00:00,71038.8046875,71125.671875,70963.28125,71026.6796875,0
2026-03-14 06:00:00+00:00,71025.7109375,71025.7109375,70436.75,70656.875,0
2026-03-14 07:00:00+00:00,70677.953125,70732.9921875,70531.2578125,70613.203125,0
2026-03-14 08:00:00+00:00,70599.90625,70686.3515625,70556.3359375,70583.171875,0
2026-03-14 09:00:00+00:00,70589.4375,70711.1484375,70435.734375,70546.7421875,0
2026-03-14 10:00:00+00:00,70539.640625,70575.28125,70421.6875,70563.671875,0
2026-03-14 11:00:00+00:00,70570.9140625,70769.859375,70570.9140625,70723.2890625,0
2026-03-14 12:00:00+00:00,70739.1875,70829.484375,70638.3203125,70731.0390625,0
2026-03-14 13:00:00+00:00,70747.15625,70933.890625,70743.703125,70878.0546875,0
2026-03-14 14:00:00+00:00,70893.2265625,70951.0859375,70621.4921875,70632.640625,0
2026-03-14 15:00:00+00:00,70606.5625,70729.8828125,70522.859375,70603.828125,0
2026-03-14 16:00:00+00:00,70607.3671875,70710.1015625,70512.34375,70682.078125,0
2026-03-14 17:00:00+00:00,70684.8125,70728.828125,70596.8125,70619.96875,0
2026-03-14 18:00:00+00:00,70624.1640625,70702.7109375,70581.5703125,70702.7109375,0
2026-03-14 19:00:00+00:00,70678.34375,70736.296875,70620.90625,70711.6171875,0
2026-03-14 20:00:00+00:00,70711.78125,70854.203125,70665.1796875,70844.234375,0
2026-03-14 21:00:00+00:00,70825.25,70825.25,70679.1328125,70808.8984375,0
2026-03-14 22:00:00+00:00,70790.6171875,70805.84375,70711.984375,70727.6171875,0
2026-03-14 23:00:00+00:00,70722.0390625,71239.0859375,70722.0390625,71213.6796875,5027840
2026-03-15 00:00:00+00:00,71214.4296875,71214.4296875,70983.21875,71006.421875,0
2026-03-15 01:00:00+00:00,70994.328125,71038.1796875,70897.6171875,71028.921875,0
2026-03-15 02:00:00+00:00,71088.8984375,71575.921875,71088.8984375,71461.34375,434233344
2026-03-15 03:00:00+00:00,71460.5234375,71514.4140625,71286.0234375,71325.859375,0
2026-03-15 04:00:00+00:00,71343.453125,71650.640625,71343.453125,71535.2265625,0
2026-03-15 05:00:00+00:00,71552.046875,71729.515625,71483.0390625,71504.1875,299008000
2026-03-15 06:00:00+00:00,71500.4453125,71592.734375,71409.25,71451.53125,0
2026-03-15 07:00:00+00:00,71456.875,71656.3125,71424.15625,71441.8359375,0
2026-03-15 08:00:00+00:00,71449.0234375,71668.984375,71449.0234375,71629.4296875,0
2026-03-15 09:00:00+00:00,71818.2109375,71932.8984375,71723.515625,71810.9140625,225181696
2026-03-15 10:00:00+00:00,71799.3671875,71915.4375,71753.6953125,71790.0,0
2026-03-15 11:00:00+00:00,71787.21875,71881.84375,71677.78125,71843.15625,216363008
2026-03-15 12:00:00+00:00,71832.7734375,71832.7734375,71593.984375,71609.4296875,17004544
2026-03-15 13:00:00+00:00,71616.875,71666.3203125,71299.9921875,71545.3359375,924372992
2026-03-15 14:00:00+00:00,71610.1328125,71613.40625,71359.5859375,71611.015625,63881216
2026-03-15 15:00:00+00:00,71601.0625,71601.75,71445.8515625,71488.0625,0
2026-03-15 16:00:00+00:00,71487.0546875,71570.828125,71339.46875,71431.0234375,0
2026-03-15 17:00:00+00:00,71436.5234375,71987.2890625,71423.359375,71828.2578125,241055744
2026-03-15 18:00:00+00:00,71801.2734375,71817.546875,71369.328125,71384.6484375,594319360
2026-03-15 19:00:00+00:00,71417.765625,71559.4453125,71376.1796875,71558.015625,255500288
2026-03-15 20:00:00+00:00,71562.3125,71870.953125,71451.8828125,71759.0625,166877184
2026-03-15 21:00:00+00:00,71730.75,72217.6796875,71636.0390625,72064.5703125,892504064
2026-03-15 22:00:00+00:00,72108.640625,73034.6171875,71733.015625,72803.8671875,2847434752
2026-03-15 23:00:00+00:00,72734.5078125,73141.3515625,72450.0078125,72798.171875,1400201216
2026-03-16 00:00:00+00:00,72820.78125,72970.4921875,72487.046875,72550.0,756738048
2026-03-16 01:00:00+00:00,72563.15625,72799.5078125,72323.09375,72753.078125,875393024
2026-03-16 02:00:00+00:00,72738.9296875,72848.0703125,72405.796875,72568.953125,0
2026-03-16 03:00:00+00:00,72541.921875,73984.296875,72458.3125,73661.484375,3331143680
2026-03-16 04:00:00+00:00,73582.4296875,74363.125,73582.4296875,73880.3046875,2144870400
2026-03-16 05:00:00+00:00,73836.765625,74193.4765625,73765.609375,74165.0859375,1195438080
2026-03-16 06:00:00+00:00,74157.6328125,74173.2578125,73646.2890625,73748.71875,2087010304
2026-03-16 07:00:00+00:00,73717.8828125,73912.3984375,73408.703125,73494.09375,1220030464
2026-03-16 08:00:00+00:00,73458.265625,73761.78125,72931.9375,73123.546875,1563623424
2026-03-16 09:00:00+00:00,73123.6953125,73313.125,73069.9140625,73263.0703125,496054272
2026-03-16 10:00:00+00:00,73261.8359375,73722.40625,73218.9765625,73722.40625,637136896
2026-03-16 11:00:00+00:00,73773.65625,73788.40625,73535.3984375,73562.8046875,658067456
2026-03-16 12:00:00+00:00,73561.6640625,74002.421875,73507.6484375,73844.8828125,1360379904
2026-03-16 13:00:00+00:00,73881.6328125,74458.6484375,73824.3359375,74043.6484375,0
2026-03-16 14:00:00+00:00,74075.6796875,74414.765625,73064.859375,73457.046875,3715604480
2026-03-16 15:00:00+00:00,73540.890625,73896.921875,73232.28125,73245.90625,519004160
2026-03-16 16:00:00+00:00,73281.421875,73838.9140625,73198.8125,73773.3828125,2563309568
2026-03-16 17:00:00+00:00,73922.1328125,74036.5234375,73662.7890625,73962.015625,2005553152
2026-03-16 18:00:00+00:00,73947.9609375,74336.2578125,73940.4765625,73971.0625,1385996288
2026-03-16 19:00:00+00:00,73881.65625,74242.9765625,73858.8359375,73962.578125,1490034688
2026-03-16 20:00:00+00:00,73980.8671875,74232.4921875,73868.8828125,74219.015625,190033920
2026-03-16 21:00:00+00:00,74219.2578125,74702.5390625,74183.3203125,74416.984375,1580359680
2026-03-16 22:00:00+00:00,74413.8125,74889.625,74413.8125,74693.6953125,0
2026-03-16 23:00:00+00:00,74673.0703125,74901.859375,74322.546875,74855.296875,15134720
2026-03-17 00:00:00+00:00,74871.296875,75447.015625,74682.5703125,75204.6015625,1854222336
2026-03-17 01:00:00+00:00,75286.53125,75954.96875,75108.96875,75620.7421875,1303420928
2026-03-17 02:00:00+00:00,75635.125,75648.9765625,75125.734375,75211.6171875,1427288064
2026-03-17 03:00:00+00:00,75190.9453125,75302.1796875,74309.4609375,74423.7109375,0
2026-03-17 04:00:00+00:00,74545.046875,74652.7421875,74001.8671875,74271.78125,391942144
2026-03-17 05:00:00+00:00,74245.1484375,74448.46875,73839.921875,73991.4453125,0
2026-03-17 06:00:00+00:00,74053.3671875,74267.0,73889.7578125,74082.6640625,0
2026-03-17 07:00:00+00:00,74082.6328125,74435.90625,74082.6328125,74257.4609375,0
2026-03-17 08:00:00+00:00,74254.4609375,74425.8515625,74158.890625,74167.9765625,0
2026-03-17 09:00:00+00:00,74185.6875,74347.3984375,73873.8203125,73950.484375,486350848
2026-03-17 10:00:00+00:00,73932.1953125,73938.5546875,73614.75,73720.25,0
2026-03-17 11:00:00+00:00,73736.875,74166.2890625,73702.8828125,74057.859375,270827520
2026-03-17 12:00:00+00:00,74036.2421875,74160.3125,73705.09375,73729.296875,0
2026-03-17 13:00:00+00:00,73741.6640625,74091.9609375,73488.921875,73668.1796875,0
2026-03-17 14:00:00+00:00,73648.8671875,74410.984375,73459.25,74383.1484375,0
2026-03-17 15:00:00+00:00,74396.6875,74816.5,73738.90625,73949.9375,366981120
2026-03-17 16:00:00+00:00,73943.6171875,74347.2109375,73905.640625,74139.8671875,165515264
2026-03-17 17:00:00+00:00,74165.3046875,74582.2109375,74039.1171875,74534.34375,46608384
2026-03-17 18:00:00+00:00,74502.8359375,74757.0078125,74418.953125,74696.8046875,0
2026-03-17 19:00:00+00:00,74669.46875,74810.171875,74485.6015625,74509.2109375,0
2026-03-17 20:00:00+00:00,74510.2265625,74679.125,74399.4453125,74568.0078125,134602752
2026-03-17 21:00:00+00:00,74547.59375,74797.6953125,74501.109375,74700.4921875,0
2026-03-17 22:00:00+00:00,74663.78125,74791.140625,73972.3984375,74309.75,0
2026-03-17 23:00:00+00:00,74328.9609375,74401.6015625,73936.8515625,73936.8515625,0
2026-03-18 00:00:00+00:00,73933.515625,74082.5234375,73607.1796875,73855.84375,0
2026-03-18 01:00:00+00:00,73869.1328125,74216.4921875,73869.1328125,74098.3125,0
2026-03-18 02:00:00+00:00,74089.375,74468.1015625,74089.375,74352.140625,0
2026-03-18 03:00:00+00:00,74350.484375,74614.859375,74288.6171875,74520.84375,0
2026-03-18 04:00:00+00:00,74488.171875,74495.1484375,74179.2890625,74185.9453125,0
2026-03-18 05:00:00+00:00,74184.734375,74301.109375,73898.4609375,73950.6171875,0
2026-03-18 06:00:00+00:00,74004.7890625,74227.5390625,73963.078125,73963.078125,0
2026-03-18 07:00:00+00:00,73964.40625,73978.3515625,73739.234375,73888.078125,0
2026-03-18 08:00:00+00:00,73889.796875,74118.8984375,73889.796875,74030.09375,60719104
2026-03-18 09:00:00+00:00,74039.984375,74264.984375,74039.984375,74154.8046875,0
2026-03-18 10:00:00+00:00,74203.2890625,74264.2578125,73854.3828125,73936.0546875,0
2026-03-18 11:00:00+00:00,73928.75,73993.3125,72884.6171875,72931.2109375,1629986816
2026-03-18 12:00:00+00:00,72969.7421875,72969.7421875,72352.828125,72383.359375,1847402496
2026-03-18 13:00:00+00:00,72272.1953125,72537.0703125,72002.1015625,72050.671875,166236160
2026-03-18 14:00:00+00:00,72167.140625,72196.3359375,71315.328125,71315.328125,1607847936
2026-03-18 15:00:00+00:00,71077.0,71515.359375,70978.140625,71515.359375,1513684992
2026-03-18 16:00:00+00:00,71452.140625,71551.2890625,71133.4765625,71329.96875,529702912
2026-03-18 17:00:00+00:00,71316.6328125,71710.953125,71219.640625,71616.7109375,385953792
2026-03-18 18:00:00+00:00,71775.625,71948.5546875,70992.875,70992.875,883851264
2026-03-18 19:00:00+00:00,71184.4765625,71453.0234375,71001.71875,71111.2421875,532865024
2026-03-18 20:00:00+00:00,71058.625,71273.40625,70605.0234375,71240.7265625,314224640
2026-03-18 21:00:00+00:00,71234.8359375,71406.578125,71190.4296875,71293.0625,653623296
2026-03-18 22:00:00+00:00,71218.265625,71218.265625,70979.8203125,71139.421875,87281664
2026-03-18 23:00:00+00:00,71119.5390625,71349.421875,71091.03125,71250.3515625,186896384
2026-03-19 00:00:00+00:00,71216.484375,71298.9609375,71010.4921875,71010.4921875,0
2026-03-19 01:00:00+00:00,71058.0703125,71165.8671875,70964.4453125,71140.328125,0
2026-03-19 02:00:00+00:00,71075.46875,71253.0234375,70936.203125,71050.7421875,0
2026-03-19 03:00:00+00:00,71060.1328125,71593.9453125,71060.1328125,71223.125,174055424
2026-03-19 04:00:00+00:00,71157.5390625,71199.2578125,70698.765625,70841.8359375,639582208
2026-03-19 05:00:00+00:00,70854.7421875,70894.46875,70688.65625,70835.7734375,0
2026-03-19 06:00:00+00:00,70834.140625,70930.9453125,70532.890625,70538.578125,0
2026-03-19 07:00:00+00:00,70543.28125,70543.28125,69519.03125,70220.4609375,3060477952
2026-03-19 08:00:00+00:00,70202.65625,70256.6875,69960.1171875,69960.1171875,1039183872
2026-03-19 09:00:00+00:00,69992.7421875,70530.7578125,69992.7421875,70494.7734375,1144094720
2026-03-19 10:00:00+00:00,70499.0703125,70499.0703125,70119.53125,70119.53125,370712576
2026-03-19 11:00:00+00:00,70134.71875,70229.7265625,69915.0,69915.0,0
2026-03-19 12:00:00+00:00,69934.671875,69935.6484375,69186.2265625,69308.4140625,0
2026-03-19 13:00:00+00:00,69288.171875,69997.40625,69099.8671875,69897.484375,674107392
2026-03-19 14:00:00+00:00,70009.0546875,70009.0546875,69132.6796875,69560.4921875,0
2026-03-19 15:00:00+00:00,69508.1953125,69847.2890625,68829.8515625,69452.3203125,0
2026-03-19 16:00:00+00:00,69425.8359375,69603.3125,69236.4296875,69446.2578125,1459310592
2026-03-19 17:00:00+00:00,69467.7109375,69879.515625,69145.453125,69858.3515625,0
2026-03-19 18:00:00+00:00,69850.21875,69908.8203125,69613.9609375,69842.75,0
2026-03-19 19:00:00+00:00,69826.40625,70564.9453125,69826.40625,70280.046875,747216896
2026-03-19 20:00:00+00:00,70277.4296875,70633.4296875,70214.5390625,70490.953125,0
2026-03-19 21:00:00+00:00,70505.65625,70695.4375,70414.9921875,70485.6328125,0
2026-03-19 22:00:00+00:00,70437.625,70491.5234375,69969.984375,70139.3515625,0
2026-03-19 23:00:00+00:00,70180.421875,70270.4140625,69740.953125,69911.53125,6238208
2026-03-20 00:00:00+00:00,69921.890625,70280.90625,69849.15625,70232.03125,22978560
2026-03-20 01:00:00+00:00,70209.6875,70581.65625,70209.6875,70411.375,265351168
2026-03-20 02:00:00+00:00,70411.609375,70501.953125,70096.6171875,70429.59375,0
2026-03-20 03:00:00+00:00,70423.8671875,70765.3984375,70408.3046875,70747.953125,134672384
2026-03-20 04:00:00+00:00,70732.3515625,70939.7734375,70569.1015625,70785.0546875,0
2026-03-20 05:00:00+00:00,70784.3203125,70846.8046875,70555.8984375,70586.2578125,0
2026-03-20 06:00:00+00:00,70587.5625,70609.03125,70359.3828125,70480.53125,234172416
2026-03-20 07:00:00+00:00,70495.2109375,70890.09375,70223.3046875,70857.6328125,0
2026-03-20 08:00:00+00:00,70859.1796875,71315.328125,70810.9453125,71027.5234375,17764352
2026-03-20 09:00:00+00:00,70995.9140625,71002.9609375,70482.7890625,70564.0,0
2026-03-20 10:00:00+00:00,70570.6640625,70643.9765625,70242.9609375,70606.1953125,58114048
2026-03-20 11:00:00+00:00,70606.625,70787.5,70334.421875,70472.921875,0
2026-03-20 12:00:00+00:00,70474.6953125,70659.421875,70266.2734375,70321.734375,0
2026-03-20 13:00:00+00:00,70328.6484375,70610.78125,69830.9765625,69830.9765625,0
2026-03-20 14:00:00+00:00,69853.2109375,70227.015625,69637.5390625,69792.6328125,333500416
2026-03-20 15:00:00+00:00,69738.203125,69957.40625,69512.046875,69812.21875,0
2026-03-20 16:00:00+00:00,69857.6171875,70067.390625,69658.296875,69862.078125,154746880
2026-03-20 17:00:00+00:00,69819.046875,69953.96875,69435.75,69953.96875,243093504
2026-03-20 18:00:00+00:00,69960.4375,70025.2734375,69540.6171875,69700.6640625,375300096
2026-03-20 19:00:00+00:00,69750.9375,70165.765625,69688.8984375,70164.53125,0
2026-03-20 20:00:00+00:00,70160.9375,70228.75,69775.8359375,70047.375,143187968
2026-03-20 21:00:00+00:00,70044.4921875,70624.5625,69978.828125,70525.046875,182841344
2026-03-20 22:00:00+00:00,70545.578125,70877.3046875,70545.578125,70791.7109375,173883392
2026-03-20 23:00:00+00:00,70783.875,70783.875,70457.359375,70522.46875,0
2026-03-21 00:00:00+00:00,70517.6171875,70762.1640625,70490.8203125,70695.8828125,0
2026-03-21 01:00:00+00:00,70680.7890625,70742.890625,70483.4453125,70483.4453125,0
2026-03-21 02:00:00+00:00,70480.125,70764.6484375,70438.75,70715.328125,0
2026-03-21 03:00:00+00:00,70730.1640625,70767.015625,70615.7421875,70675.25,0
2026-03-21 04:00:00+00:00,70673.375,70790.421875,70623.890625,70632.328125,0
2026-03-21 05:00:00+00:00,70632.203125,70782.8203125,70632.203125,70704.1328125,552620032
2026-03-21 06:00:00+00:00,70696.578125,70799.671875,70696.578125,70764.578125,0
2026-03-21 07:00:00+00:00,70771.8515625,70871.8515625,70693.84375,70697.6328125,0
2026-03-21 08:00:00+00:00,70711.7109375,70727.671875,70489.359375,70585.9921875,0
2026-03-21 09:00:00+00:00,70586.71875,70701.453125,70583.3671875,70656.6015625,0
2026-03-21 10:00:00+00:00,70654.46875,70661.2421875,70556.9921875,70589.5234375,0
2026-03-21 11:00:00+00:00,70588.78125,70636.265625,70558.6953125,70634.9609375,0
2026-03-21 12:00:00+00:00,70635.1640625,70763.3984375,70635.1640625,70704.8671875,0
2026-03-21 13:00:00+00:00,70703.015625,70789.84375,70682.90625,70725.484375,0
2026-03-21 14:00:00+00:00,70717.6796875,71040.421875,70590.8203125,70592.34375,0
2026-03-21 15:00:00+00:00,70615.625,70750.3203125,70486.5078125,70652.2265625,0
2026-03-21 16:00:00+00:00,70641.703125,70644.515625,70269.796875,70290.7578125,0
2026-03-21 17:00:00+00:00,70295.28125,70403.3046875,70223.3203125,70317.5859375,0
2026-03-21 18:00:00+00:00,70312.9609375,70489.90625,70297.890625,70404.65625,0
2026-03-21 19:00:00+00:00,70389.640625,70434.65625,70328.8984375,70379.7109375,0
2026-03-21 20:00:00+00:00,70380.328125,70480.296875,70347.359375,70456.4140625,0
2026-03-21 21:00:00+00:00,70454.390625,70490.6171875,70283.9140625,70346.4921875,0
2026-03-21 22:00:00+00:00,70346.078125,70356.8671875,70270.5390625,70291.234375,0
2026-03-21 23:00:00+00:00,70265.4921875,70265.4921875,68737.4453125,68737.4453125,1413502976
2026-03-22 00:00:00+00:00,68903.21875,69084.8046875,68339.5859375,68908.2109375,3266553856
2026-03-22 01:00:00+00:00,68942.6171875,69074.5390625,68802.9453125,68959.234375,723529728
2026-03-22 02:00:00+00:00,68963.9609375,69336.53125,68959.140625,69313.6015625,459825152
2026-03-22 03:00:00+00:00,69279.0546875,69552.2734375,69138.40625,69332.0703125,666935296
2026-03-22 04:00:00+00:00,69336.1171875,69494.2578125,69207.5078125,69322.4296875,283357184
2026-03-22 05:00:00+00:00,69341.4453125,69341.4453125,69147.1796875,69147.1796875,0
2026-03-22 06:00:00+00:00,69146.0546875,69219.9765625,69062.5078125,69151.9140625,0
2026-03-22 07:00:00+00:00,69152.8359375,69216.1171875,68923.3125,68923.3125,14460928
2026-03-22 08:00:00+00:00,68907.0234375,68971.8046875,68628.953125,68805.8203125,513187840
2026-03-22 09:00:00+00:00,68799.2734375,68857.0625,68608.9453125,68817.265625,329285632
2026-03-22 10:00:00+00:00,68820.3828125,68820.3828125,68606.4296875,68659.65625,7567360
2026-03-22 11:00:00+00:00,68647.453125,68671.8671875,68216.140625,68216.140625,857841664
2026-03-22 12:00:00+00:00,68213.7421875,68733.0703125,68213.7421875,68656.21875,708227072
2026-03-22 13:00:00+00:00,68653.9453125,68918.75,68564.640625,68732.0625,488226816
2026-03-22 14:00:00+00:00,68709.0859375,68897.8046875,68574.5625,68705.0546875,0
2026-03-22 15:00:00+00:00,68708.7421875,68940.5703125,68708.7421875,68828.15625,33644544
2026-03-22 16:00:00+00:00,68843.4296875,68860.4921875,68698.125,68829.7109375,0
2026-03-22 17:00:00+00:00,68816.875,68852.375,68684.703125,68722.84375,0
2026-03-22 18:00:00+00:00,68688.203125,68734.703125,68438.71875,68572.1953125,317104128
2026-03-22 19:00:00+00:00,68610.453125,68610.453125,68156.375,68184.2890625,1097996288
2026-03-22 20:00:00+00:00,68194.046875,68489.1875,68123.078125,68189.2109375,0
2026-03-22 21:00:00+00:00,68185.515625,68192.7578125,67408.296875,67833.8359375,1641764864
2026-03-22 22:00:00+00:00,67877.453125,68364.6640625,67619.6875,68296.4609375,935120896
2026-03-22 23:00:00+00:00,68316.71875,68411.7734375,67843.0,67843.0,0
2026-03-23 00:00:00+00:00,67854.984375,68130.328125,67466.7109375,67718.25,68786176
2026-03-23 01:00:00+00:00,67678.8125,68129.265625,67583.265625,67924.46875,0
2026-03-23 02:00:00+00:00,67902.3046875,68319.953125,67820.4609375,68289.7109375,168857600
2026-03-23 03:00:00+00:00,68371.6953125,68565.7421875,68062.515625,68068.9921875,0
2026-03-23 04:00:00+00:00,68072.1796875,68513.8515625,68069.9375,68513.8515625,0
2026-03-23 05:00:00+00:00,68518.7734375,68850.125,68518.7734375,68845.609375,1175013376
2026-03-23 06:00:00+00:00,68877.9765625,68877.9765625,67741.265625,67806.609375,1326714880
2026-03-23 07:00:00+00:00,67852.125,68414.875,67543.046875,68311.0390625,1792518144
2026-03-23 08:00:00+00:00,68303.515625,68641.5234375,68303.515625,68446.6875,830390272
2026-03-23 09:00:00+00:00,68417.78125,68417.78125,67922.8515625,68247.9609375,183115776
2026-03-23 10:00:00+00:00,68321.6484375,68670.203125,68291.34375,68549.3203125,251672576
2026-03-23 11:00:00+00:00,68534.1796875,71401.8515625,68534.1796875,70063.984375,8296083456
2026-03-23 12:00:00+00:00,70082.0390625,70828.5546875,69731.46875,70630.6796875,2473283584
2026-03-23 13:00:00+00:00,70719.125,71525.5546875,70629.4921875,71410.3125,2168483840
2026-03-23 14:00:00+00:00,71453.0390625,71696.078125,71190.4140625,71365.3203125,1883529216
2026-03-23 15:00:00+00:00,71457.4375,71623.90625,70131.59375,70131.59375,1987919872
2026-03-23 16:00:00+00:00,70107.0390625,70680.6640625,70107.0390625,70545.265625,2353709056
2026-03-23 17:00:00+00:00,70561.5625,71098.25,70419.9296875,71083.4921875,1485176832
2026-03-23 18:00:00+00:00,71067.3984375,71154.96875,70900.5234375,71056.4375,173412352
2026-03-23 19:00:00+00:00,71075.15625,71170.8671875,70651.0703125,70651.0703125,0
2026-03-23 20:00:00+00:00,70679.421875,70952.390625,70596.109375,70907.671875,1178177536
2026-03-23 21:00:00+00:00,70893.953125,70972.8046875,70818.7265625,70889.0078125,0
2026-03-23 22:00:00+00:00,70827.125,70827.125,70535.609375,70759.2578125,0
2026-03-23 23:00:00+00:00,70783.0,70919.921875,70406.1171875,70912.671875,36675584
2026-03-24 00:00:00+00:00,70898.6640625,71045.5234375,70510.125,70694.296875,0
2026-03-24 01:00:00+00:00,70648.890625,70832.515625,70360.375,70505.296875,0
2026-03-24 02:00:00+00:00,70499.40625,70656.46875,70424.046875,70444.484375,0
2026-03-24 03:00:00+00:00,70440.03125,70554.234375,70397.609375,70523.75,0
2026-03-24 04:00:00+00:00,70523.875,70671.8046875,70270.3984375,70376.3203125,0
2026-03-24 05:00:00+00:00,70362.28125,70362.28125,70129.859375,70260.484375,748859392
2026-03-24 06:00:00+00:00,70263.3984375,70522.984375,70254.359375,70518.46875,0
2026-03-24 07:00:00+00:00,70518.859375,71331.5,70489.46875,71331.5,0
2026-03-24 08:00:00+00:00,71277.5234375,71277.5234375,70863.7890625,70915.6640625,0
2026-03-24 09:00:00+00:00,70954.3125,71318.828125,70860.8984375,71307.640625,47820800
2026-03-24 10:00:00+00:00,71302.625,71307.2578125,71110.4140625,71262.15625,152907776
2026-03-24 11:00:00+00:00,71264.0703125,71291.578125,70994.4375,71123.2421875,0
2026-03-24 12:00:00+00:00,71143.7421875,71143.7421875,70869.4453125,70936.03125,0
2026-03-24 13:00:00+00:00,70940.84375,71020.2265625,70017.3828125,70017.3828125,0
2026-03-24 14:00:00+00:00,70070.2578125,70423.1796875,69515.4765625,69906.9375,138326016
2026-03-24 15:00:00+00:00,69833.625,70193.4921875,69795.5703125,69875.765625,0
2026-03-24 16:00:00+00:00,69869.234375,69945.90625,69383.1484375,69452.984375,0
2026-03-24 17:00:00+00:00,69441.28125,69479.46875,68934.4375,69221.265625,604794880
2026-03-24 18:00:00+00:00,69284.5390625,69702.84375,69166.9140625,69419.03125,506191872
2026-03-24 19:00:00+00:00,69410.4375,69648.640625,69276.390625,69297.703125,0
2026-03-24 20:00:00+00:00,69318.796875,70220.421875,69277.375,70043.5078125,871616512
2026-03-24 21:00:00+00:00,70051.0234375,70314.296875,69920.40625,70280.640625,609001472
2026-03-24 22:00:00+00:00,70293.453125,70513.671875,70159.40625,70343.359375,653373440
2026-03-24 23:00:00+00:00,70298.3828125,70783.234375,70265.484375,70520.046875,595103744
2026-03-25 00:00:00+00:00,70525.5625,70995.4453125,70510.4296875,70869.515625,13664256
2026-03-25 01:00:00+00:00,70827.4140625,70925.3828125,70631.0390625,70702.359375,0
2026-03-25 02:00:00+00:00,70685.796875,70721.453125,70483.390625,70483.5703125,0
2026-03-25 03:00:00+00:00,70490.4296875,70757.6796875,70405.984375,70729.296875,430514176
2026-03-25 04:00:00+00:00,70709.2578125,70924.8125,70696.578125,70924.8125,65097728
2026-03-25 05:00:00+00:00,70932.953125,71295.6171875,70932.828125,71089.2734375,510869504
2026-03-25 06:00:00+00:00,71092.890625,71227.1484375,71000.7421875,71014.7578125,239230976
2026-03-25 07:00:00+00:00,70982.921875,71235.7109375,70886.9609375,70908.28125,0
2026-03-25 08:00:00+00:00,70903.484375,71468.2265625,70790.1015625,71229.4296875,345554944
2026-03-25 09:00:00+00:00,71226.1640625,71350.203125,71112.1015625,71327.7734375,0
2026-03-25 10:00:00+00:00,71365.6796875,71554.5703125,71299.5703125,71490.6015625,0
2026-03-25 11:00:00+00:00,71486.8984375,71946.390625,71467.0078125,71661.7578125,780009472
2026-03-25 12:00:00+00:00,71705.8359375,71817.859375,71198.8984375,71682.5703125,364318720
2026-03-25 13:00:00+00:00,71701.3828125,71907.1953125,71555.296875,71645.2109375,0
2026-03-25 14:00:00+00:00,71564.5859375,71626.0703125,71258.9609375,71296.828125,0
2026-03-25 15:00:00+00:00,71223.5,71256.4375,70584.640625,70834.3203125,0
2026-03-25 16:00:00+00:00,70838.890625,71706.296875,70797.7578125,71291.734375,0
2026-03-25 17:00:00+00:00,71303.25,71327.46875,70722.234375,70737.6953125,0
2026-03-25 18:00:00+00:00,70745.5390625,71080.75,70732.734375,70758.75,0
2026-03-25 19:00:00+00:00,70773.6640625,71024.2890625,70761.7265625,70781.0078125,0
2026-03-25 20:00:00+00:00,70849.5,71033.109375,70636.125,70991.0234375,0
2026-03-25 21:00:00+00:00,70982.8828125,71135.3046875,70932.6328125,70997.5703125,0
2026-03-25 22:00:00+00:00,71007.4453125,71524.359375,70940.5234375,71345.9453125,0
2026-03-25 23:00:00+00:00,71353.3203125,71396.9453125,71179.1328125,71310.1171875,5345280
2026-03-26 00:00:00+00:00,71311.6640625,71393.2109375,71148.0390625,71243.4140625,0
2026-03-26 01:00:00+00:00,71258.0078125,71312.203125,71153.0078125,71252.234375,0
2026-03-26 02:00:00+00:00,71247.9609375,71255.8828125,70717.8671875,70867.078125,225431552
2026-03-26 03:00:00+00:00,70880.796875,70945.40625,70675.46875,70864.46875,0
2026-03-26 04:00:00+00:00,70860.96875,70874.7890625,70697.3125,70754.3984375,0
2026-03-26 05:00:00+00:00,70750.1015625,70750.1015625,69956.7734375,69983.71875,182083584
2026-03-26 06:00:00+00:00,69976.6640625,70114.34375,69845.5703125,70077.34375,488939520
2026-03-26 07:00:00+00:00,70060.6171875,70109.34375,69805.421875,70076.09375,176820224
2026-03-26 08:00:00+00:00,70063.6953125,70077.6953125,69794.609375,69978.7265625,0
2026-03-26 09:00:00+00:00,69989.6875,70075.0546875,69383.3671875,69565.8046875,918487040
2026-03-26 10:00:00+00:00,69563.9609375,69658.328125,69451.046875,69460.2890625,232046592
2026-03-26 11:00:00+00:00,69479.796875,69605.1875,69242.5625,69264.1328125,0
2026-03-26 12:00:00+00:00,69255.953125,69421.5703125,69222.3359375,69421.5703125,0
2026-03-26 13:00:00+00:00,69414.984375,69826.125,69245.7734375,69518.5390625,414111744
2026-03-26 14:00:00+00:00,69600.421875,69750.765625,69293.4375,69506.859375,140247040
2026-03-26 15:00:00+00:00,69454.84375,69454.84375,68819.421875,69042.921875,472600576
2026-03-26 16:00:00+00:00,69059.0703125,69059.0703125,68808.8984375,68897.984375,0
2026-03-26 17:00:00+00:00,68884.6796875,69104.578125,68448.4765625,68448.4765625,0
2026-03-26 18:00:00+00:00,68431.0390625,68535.171875,68134.265625,68417.5703125,1961172992
2026-03-26 19:00:00+00:00,68435.5078125,68621.546875,68331.015625,68584.140625,164651008
2026-03-26 20:00:00+00:00,68510.28125,69281.46875,68413.1796875,68958.2109375,1496965120
2026-03-26 21:00:00+00:00,68969.7578125,69130.953125,68864.953125,68926.3828125,475009024
2026-03-26 22:00:00+00:00,68884.1171875,68986.375,68605.6484375,68831.703125,0
2026-03-26 23:00:00+00:00,68851.03125,68930.9921875,68623.6171875,68790.8359375,114843648
2026-03-27 00:00:00+00:00,68778.71875,68909.015625,68524.25,68707.9765625,0
2026-03-27 01:00:00+00:00,68725.046875,69008.4453125,68668.96875,68999.703125,0
2026-03-27 02:00:00+00:00,69009.4296875,69082.3515625,68862.15625,68884.2734375,122109952
2026-03-27 03:00:00+00:00,68873.0546875,68873.0546875,68644.6875,68741.234375,188006400
2026-03-27 04:00:00+00:00,68729.7890625,68729.7890625,68269.15625,68542.78125,515092480
2026-03-27 05:00:00+00:00,68542.09375,68817.0390625,68505.7578125,68582.5859375,0
2026-03-27 06:00:00+00:00,68578.9765625,68788.1171875,68546.3046875,68615.8203125,0
2026-03-27 07:00:00+00:00,68620.2109375,68907.578125,68418.7265625,68418.7265625,1357963264
2026-03-27 08:00:00+00:00,68480.609375,68536.6796875,67616.8203125,67910.8203125,1849540608
2026-03-27 09:00:00+00:00,67896.78125,67916.234375,67607.5703125,67670.0234375,0
2026-03-27 10:00:00+00:00,67641.8984375,67727.109375,66422.984375,66486.0078125,1919025152
2026-03-27 11:00:00+00:00,66460.5390625,66818.1328125,66371.2421875,66668.6796875,1756696576
2026-03-27 12:00:00+00:00,66676.8984375,66716.5234375,66414.5625,66590.46875,362377216
2026-03-27 13:00:00+00:00,66590.1796875,66672.3125,66064.2578125,66095.171875,850956288
2026-03-27 14:00:00+00:00,66139.3671875,66322.46875,65703.7265625,66175.203125,1900404736
2026-03-27 15:00:00+00:00,66168.5625,66552.0546875,65953.578125,66089.65625,1187127296
2026-03-27 16:00:00+00:00,66075.796875,66086.4375,65794.703125,65933.7421875,576593920
2026-03-27 17:00:00+00:00,65952.265625,66232.8984375,65585.15625,65604.5,212033536
2026-03-27 18:00:00+00:00,65603.640625,65884.921875,65539.1875,65833.9140625,0
2026-03-27 19:00:00+00:00,65817.0703125,66041.453125,65668.4140625,66041.453125,0
2026-03-27 20:00:00+00:00,66021.203125,66068.0546875,65795.3515625,65980.7890625,0
2026-03-27 21:00:00+00:00,65972.2578125,66124.53125,65972.2578125,66034.46875,0
2026-03-27 22:00:00+00:00,66027.5625,66027.7421875,65882.765625,65998.34375,0
2026-03-27 23:00:00+00:00,65979.34375,66351.5703125,65937.5546875,66338.5,308248576
2026-03-28 00:00:00+00:00,66363.4140625,66468.921875,66252.890625,66376.828125,0
2026-03-28 01:00:00+00:00,66379.7421875,66379.7421875,66027.359375,66063.234375,0
2026-03-28 02:00:00+00:00,66125.5625,66205.796875,65916.359375,66000.3359375,0
2026-03-28 03:00:00+00:00,66004.3125,66190.7421875,66004.3125,66167.8359375,0
2026-03-28 04:00:00+00:00,66184.3125,66254.578125,66091.3359375,66190.46875,0
2026-03-28 05:00:00+00:00,66231.0703125,66318.1640625,66170.484375,66309.6015625,0
2026-03-28 06:00:00+00:00,66301.0625,66446.078125,66267.3125,66365.6328125,0
2026-03-28 07:00:00+00:00,66372.9765625,66508.2421875,66356.8046875,66508.2421875,0
2026-03-28 08:00:00+00:00,66504.671875,66512.9765625,66355.9765625,66355.9765625,0
2026-03-28 09:00:00+00:00,66358.8046875,66360.9140625,66215.6796875,66266.0546875,0
2026-03-28 10:00:00+00:00,66267.984375,66364.84375,66096.53125,66188.984375,0
2026-03-28 11:00:00+00:00,66172.8671875,66316.484375,66172.8671875,66306.5,0
2026-03-28 12:00:00+00:00,66298.8515625,66483.078125,66221.578125,66407.1015625,0
2026-03-28 13:00:00+00:00,66407.640625,67060.8515625,66386.6640625,66766.0703125,0
2026-03-28 14:00:00+00:00,66799.0078125,66897.875,66672.484375,66715.3359375,0
2026-03-28 15:00:00+00:00,66710.609375,67201.6484375,66686.9765625,66939.7421875,0
2026-03-28 16:00:00+00:00,66980.3828125,67038.5390625,66824.65625,66881.890625,0
2026-03-28 17:00:00+00:00,66880.21875,66935.890625,66687.828125,66807.7421875,0
2026-03-28 18:00:00+00:00,66804.546875,66900.34375,66804.546875,66886.6171875,0
2026-03-28 19:00:00+00:00,66866.6171875,66886.625,66780.21875,66848.3359375,0
2026-03-28 20:00:00+00:00,66853.859375,66952.625,66853.859375,66908.625,0
2026-03-28 21:00:00+00:00,66889.2578125,66889.2578125,66591.984375,66648.7578125,0
2026-03-28 22:00:00+00:00,66645.828125,66732.328125,66550.96875,66693.78125,0
2026-03-28 23:00:00+00:00,66701.28125,66701.28125,66253.2265625,66319.6953125,0
2026-03-29 00:00:00+00:00,66331.703125,66438.765625,66259.4921875,66412.140625,0
2026-03-29 01:00:00+00:00,66433.6640625,66539.84375,66341.3125,66514.4921875,0
2026-03-29 02:00:00+00:00,66516.7578125,66765.59375,66510.9609375,66732.2578125,0
2026-03-29 03:00:00+00:00,66747.0859375,67000.8125,66720.859375,66851.75,467705856
2026-03-29 04:00:00+00:00,66850.796875,66876.4609375,66687.3203125,66687.3203125,0
2026-03-29 05:00:00+00:00,66682.03125,66750.3203125,66565.4375,66732.3125,0
2026-03-29 06:00:00+00:00,66732.8359375,66810.890625,66592.71875,66689.59375,0
2026-03-29 07:00:00+00:00,66687.859375,66687.859375,66507.3359375,66647.484375,0
2026-03-29 08:00:00+00:00,66614.203125,66691.4453125,66574.2890625,66668.8125,0
2026-03-29 09:00:00+00:00,66668.53125,66696.4140625,66511.2890625,66572.8046875,0
2026-03-29 10:00:00+00:00,66578.4765625,66578.4765625,66390.203125,66463.203125,155119616
2026-03-29 11:00:00+00:00,66461.15625,66867.734375,66461.15625,66766.0078125,233811968
2026-03-29 12:00:00+00:00,66770.6484375,66806.3046875,66656.234375,66785.875,90222592
2026-03-29 13:00:00+00:00,66792.5234375,66792.5234375,66499.4921875,66500.6015625,0
2026-03-29 14:00:00+00:00,66518.8203125,66659.984375,66437.7265625,66518.265625,0
2026-03-29 15:00:00+00:00,66533.1875,66654.0078125,66308.6015625,66467.59375,0
2026-03-29 16:00:00+00:00,66464.84375,66590.9609375,66392.6640625,66449.625,0
2026-03-29 17:00:00+00:00,66443.671875,66475.109375,66136.609375,66329.515625,0
2026-03-29 18:00:00+00:00,66328.7109375,66449.1171875,66281.7265625,66368.765625,0
2026-03-29 19:00:00+00:00,66370.5,66415.1640625,66290.3046875,66290.3046875,224741376
2026-03-29 20:00:00+00:00,66294.15625,66710.8046875,66294.15625,66540.9609375,158541824
2026-03-29 21:00:00+00:00,66557.625,66693.1015625,66486.296875,66677.4140625,105584640
2026-03-29 22:00:00+00:00,66672.9296875,66672.9296875,65036.53125,65802.9296875,1888307200
2026-03-29 23:00:00+00:00,65802.6875,66180.78125,65802.6875,65958.3515625,1743009792
2026-03-30 00:00:00+00:00,65957.6015625,66876.328125,65773.0546875,66259.03125,1248913408
2026-03-30 01:00:00+00:00,66234.484375,66751.1875,66234.484375,66585.34375,540108800
2026-03-30 02:00:00+00:00,66579.6796875,67286.265625,66550.625,67039.9296875,970250240
2026-03-30 03:00:00+00:00,67087.5078125,67224.9609375,66934.859375,67106.546875,993060864
2026-03-30 04:00:00+00:00,67091.390625,67561.2578125,67091.390625,67541.890625,1237766144
2026-03-30 05:00:00+00:00,67559.140625,67655.2265625,67402.3515625,67476.421875,799993856
2026-03-30 06:00:00+00:00,67452.453125,67517.578125,67246.5546875,67274.3828125,764342272
2026-03-30 07:00:00+00:00,67252.828125,67512.0078125,67193.8203125,67502.453125,364709888
2026-03-30 08:00:00+00:00,67554.953125,67830.078125,67554.953125,67619.65625,1900691456
2026-03-30 09:00:00+00:00,67616.3671875,67621.3125,67415.8359375,67453.9765625,876087296
2026-03-30 10:00:00+00:00,67448.46875,67465.34375,67341.5859375,67438.390625,31676416
2026-03-30 11:00:00+00:00,67443.2265625,67840.6015625,67443.2265625,67602.984375,788334592
2026-03-30 12:00:00+00:00,67624.53125,67919.5078125,67615.203125,67863.6015625,731158528
2026-03-30 13:00:00+00:00,67853.6953125,68069.59375,67478.3203125,67478.3203125,1306716160
2026-03-30 14:00:00+00:00,67461.21875,67811.078125,67099.046875,67757.8203125,1602723840
2026-03-30 15:00:00+00:00,67753.5625,67823.1171875,67398.2109375,67578.46875,1083797504
2026-03-30 16:00:00+00:00,67587.203125,67587.203125,67220.7421875,67274.59375,545058816
2026-03-30 17:00:00+00:00,67303.3203125,67375.0390625,66664.7890625,66727.1640625,1078489088
2026-03-30 18:00:00+00:00,66764.703125,66823.0625,66468.46875,66535.0078125,900239360
2026-03-30 19:00:00+00:00,66594.2734375,66594.2734375,66211.5234375,66424.765625,779100160
2026-03-30 20:00:00+00:00,66480.578125,66617.78125,66480.578125,66608.578125,284151808
2026-03-30 21:00:00+00:00,66594.25,66930.125,66550.0234375,66763.3046875,1011724288
2026-03-30 22:00:00+00:00,66758.3671875,66928.9453125,66650.421875,66739.3828125,0
2026-03-30 23:00:00+00:00,66735.6875,66735.6875,66378.109375,66694.5859375,0
2026-03-31 00:00:00+00:00,66727.5234375,67225.8984375,66507.421875,67084.796875,0
2026-03-31 01:00:00+00:00,67140.5390625,68292.8125,67021.2109375,67933.984375,1710804992
2026-03-31 02:00:00+00:00,67901.2578125,68028.9375,67765.625,67948.859375,0
2026-03-31 03:00:00+00:00,67932.046875,67949.8671875,67610.25,67651.0625,0
2026-03-31 04:00:00+00:00,67653.84375,67788.0078125,67471.7109375,67482.0234375,0
2026-03-31 05:00:00+00:00,67489.15625,67713.53125,67362.265625,67622.9765625,0
2026-03-31 06:00:00+00:00,67632.703125,67632.703125,67316.7109375,67456.2890625,42102784
2026-03-31 07:00:00+00:00,67439.3359375,67451.171875,67084.0625,67316.1640625,878780416
2026-03-31 08:00:00+00:00,67315.796875,67433.5546875,66732.75,66766.40625,0
2026-03-31 09:00:00+00:00,66738.4765625,66827.4765625,65980.9765625,66037.6875,953315328
2026-03-31 10:00:00+00:00,66107.5078125,66398.21875,66092.1796875,66294.359375,969719808
2026-03-31 11:00:00+00:00,66305.7109375,66778.96875,66202.2109375,66638.390625,507084800
2026-03-31 12:00:00+00:00,66629.9375,66861.7421875,66490.625,66617.140625,448180224
2026-03-31 13:00:00+00:00,66630.609375,67321.1328125,66630.609375,67197.9765625,0
2026-03-31 14:00:00+00:00,67202.6015625,67667.7421875,66478.3984375,66552.484375,325591040
2026-03-31 15:00:00+00:00,66609.2734375,67210.8828125,66609.2734375,66695.515625,343322624
2026-03-31 16:00:00+00:00,66753.0078125,67924.3515625,66732.5,67551.109375,1145847808
2026-03-31 17:00:00+00:00,67590.2265625,68399.34375,67396.1328125,67426.0546875,1588404224
2026-03-31 18:00:00+00:00,67461.6953125,67873.828125,67461.6953125,67720.03125,0
2026-03-31 19:00:00+00:00,67788.4375,67953.578125,67701.6328125,67760.78125,317972480
2026-03-31 20:00:00+00:00,67817.828125,68184.640625,67817.828125,68184.640625,281108480
2026-03-31 21:00:00+00:00,68192.359375,68309.3203125,67852.984375,68185.9765625,101736448
2026-03-31 22:00:00+00:00,68219.96875,68231.4765625,67956.28125,68148.875,577847296
2026-03-31 23:00:00+00:00,68135.40625,68299.4375,68043.8828125,68232.890625,4124672
2026-04-01 00:00:00+00:00,68224.46875,68232.4765625,67823.25,68230.671875,0
2026-04-01 01:00:00+00:00,68245.1171875,68270.3046875,67744.7734375,67745.234375,0
2026-04-01 02:00:00+00:00,67733.984375,67843.6796875,67565.3984375,67588.2421875,1002680320
2026-04-01 03:00:00+00:00,67599.8046875,68151.8671875,67599.8046875,68083.9375,372232192
2026-04-01 04:00:00+00:00,68097.21875,68294.9140625,68001.984375,68231.046875,0
2026-04-01 05:00:00+00:00,68251.6484375,68650.8515625,68114.7265625,68399.7578125,316989440
2026-04-01 06:00:00+00:00,68401.53125,69160.7578125,68401.53125,69125.265625,785043456
2026-04-01 07:00:00+00:00,69079.140625,69204.46875,68651.3828125,68651.3828125,300101632
2026-04-01 08:00:00+00:00,68654.0,68809.0859375,68467.265625,68671.5390625,244490240
2026-04-01 09:00:00+00:00,68636.90625,68690.46875,68368.171875,68618.8515625,0
2026-04-01 10:00:00+00:00,68620.6328125,68629.75,68404.09375,68496.25,367706112
2026-04-01 11:00:00+00:00,68539.9140625,68696.3515625,68488.0390625,68687.2265625,0
2026-04-01 12:00:00+00:00,68687.5546875,68687.5546875,68291.765625,68334.515625,610938880
2026-04-01 13:00:00+00:00,68346.671875,68558.5703125,67969.1171875,68154.0546875,26525696
2026-04-01 14:00:00+00:00,68082.6953125,68607.71875,68054.28125,68581.8125,0
2026-04-01 15:00:00+00:00,68579.0390625,68915.3125,68426.890625,68915.3125,0
2026-04-01 16:00:00+00:00,68884.7578125,68923.234375,68617.0703125,68792.8515625,0
2026-04-01 17:00:00+00:00,68801.203125,69104.828125,68238.046875,68238.046875,0
2026-04-01 18:00:00+00:00,68238.0390625,68258.8828125,67981.9140625,68006.453125,228315136
2026-04-01 19:00:00+00:00,68054.734375,68249.8125,68034.3984375,68152.3203125,1232896
2026-04-01 20:00:00+00:00,68129.8046875,68226.4609375,67985.3671875,68173.234375,0
2026-04-01 21:00:00+00:00,68171.5,68485.8671875,68169.2421875,68421.5859375,0
2026-04-01 22:00:00+00:00,68375.8828125,68375.8828125,68075.5625,68104.0859375,0
2026-04-01 23:00:00+00:00,68109.8203125,68225.453125,67999.71875,68077.8984375,0
2026-04-02 00:00:00+00:00,68095.265625,68633.1484375,68052.53125,68590.65625,0
2026-04-02 01:00:00+00:00,68588.5390625,68588.5390625,67099.5390625,67328.8203125,1548025856
2026-04-02 02:00:00+00:00,67334.1875,67334.1875,66686.6796875,66880.640625,910004224
2026-04-02 03:00:00+00:00,66862.453125,66937.0,66506.125,66570.546875,399069184
2026-04-02 04:00:00+00:00,66566.046875,66624.515625,66230.2421875,66318.2578125,313384960
2026-04-02 05:00:00+00:00,66311.9140625,66608.3984375,66308.21875,66595.1875,55910400
2026-04-02 06:00:00+00:00,66585.09375,66743.8515625,66543.484375,66641.453125,0
2026-04-02 07:00:00+00:00,66656.6328125,66915.609375,66544.8671875,66915.609375,0
2026-04-02 08:00:00+00:00,66908.1484375,66908.1484375,66445.2734375,66445.2734375,0
2026-04-02 09:00:00+00:00,66433.671875,66482.453125,66301.4765625,66420.6640625,182439936
2026-04-02 10:00:00+00:00,66443.3046875,66466.609375,66225.1875,66444.28125,0
2026-04-02 11:00:00+00:00,66442.875,66450.53125,66170.84375,66194.6484375,166092800
2026-04-02 12:00:00+00:00,66202.0,66202.0,65967.6640625,66032.328125,0
2026-04-02 13:00:00+00:00,66025.453125,66204.3046875,65788.75,66204.3046875,384462848
2026-04-02 14:00:00+00:00,66249.2578125,67029.875,66200.2578125,66939.234375,1230147584
2026-04-02 15:00:00+00:00,66870.296875,66943.203125,66669.28125,66785.171875,481304576
2026-04-02 16:00:00+00:00,66835.65625,67217.4765625,66774.828125,67104.25,294678528
2026-04-02 17:00:00+00:00,67088.6875,67384.4453125,66671.09375,66671.09375,332353536
2026-04-02 18:00:00+00:00,66667.8203125,66982.1640625,66602.015625,66966.8984375,59293696
2026-04-02 19:00:00+00:00,66969.359375,67071.7734375,66884.28125,66993.984375,36319232
2026-04-02 20:00:00+00:00,66964.6328125,67084.671875,66809.7109375,66940.75,0
2026-04-02 21:00:00+00:00,66932.421875,66981.0078125,66759.9140625,66912.7578125,0
2026-04-02 22:00:00+00:00,66920.703125,67020.5078125,66866.2109375,67020.5078125,0
2026-04-02 23:00:00+00:00,66980.140625,67071.5546875,66862.4296875,66889.015625,48594944
2026-04-03 00:00:00+00:00,66888.4765625,66972.71875,66709.3203125,66753.7578125,0
2026-04-03 01:00:00+00:00,66775.6171875,66881.6796875,66495.8125,66599.890625,0
2026-04-03 02:00:00+00:00,66607.8828125,66719.828125,66281.984375,66480.96875,0
2026-04-03 03:00:00+00:00,66507.984375,66695.0,66488.1328125,66586.28125,0
2026-04-03 04:00:00+00:00,66587.0859375,66660.578125,66508.5859375,66618.578125,0
2026-04-03 05:00:00+00:00,66604.4765625,66751.96875,66459.9296875,66555.1875,0
2026-04-03 06:00:00+00:00,66571.5234375,66772.21875,66571.5234375,66764.3125,0
2026-04-03 07:00:00+00:00,66775.1875,67162.359375,66765.859375,67027.1484375,168898560
2026-04-03 08:00:00+00:00,67032.546875,67268.6796875,66909.2421875,66961.9296875,61919232
2026-04-03 09:00:00+00:00,66959.03125,66981.890625,66757.6171875,66843.3203125,0
2026-04-03 10:00:00+00:00,66828.2734375,66879.4921875,66691.5390625,66879.4921875,0
2026-04-03 11:00:00+00:00,66880.1796875,67026.71875,66832.5546875,66995.7109375,0
2026-04-03 12:00:00+00:00,67002.0078125,67099.0546875,66658.375,66751.78125,0
2026-04-03 13:00:00+00:00,66719.546875,66719.546875,66507.0625,66662.890625,0
2026-04-03 14:00:00+00:00,66640.3125,66963.7421875,66640.3125,66955.96875,0
2026-04-03 15:00:00+00:00,66943.6796875,66992.6328125,66820.0625,66837.7265625,0
2026-04-03 16:00:00+00:00,66844.640625,67039.765625,66811.6640625,67002.765625,0
2026-04-03 17:00:00+00:00,67000.875,67042.3359375,66771.21875,66852.078125,0
2026-04-03 18:00:00+00:00,66845.25,66909.8515625,66772.5625,66806.78125,0
2026-04-03 19:00:00+00:00,66812.5859375,66887.8671875,66766.1328125,66861.78125,0
2026-04-03 20:00:00+00:00,66870.6015625,66899.375,66842.6015625,66842.6015625,101472256
2026-04-03 21:00:00+00:00,66832.8125,66930.2578125,66831.203125,66925.671875,0
2026-04-03 22:00:00+00:00,66949.21875,66949.21875,66846.578125,66890.34375,0
2026-04-03 23:00:00+00:00,66882.15625,66938.6484375,66815.640625,66938.6484375,0
2026-04-04 00:00:00+00:00,66937.25,66939.015625,66881.3125,66882.7265625,0
2026-04-04 01:00:00+00:00,66884.5546875,66904.328125,66822.015625,66842.9453125,0
2026-04-04 02:00:00+00:00,66845.0859375,66903.1796875,66803.2265625,66811.125,0
2026-04-04 03:00:00+00:00,66825.40625,66893.453125,66821.40625,66821.40625,0
2026-04-04 04:00:00+00:00,66826.0625,66858.125,66790.7890625,66858.1015625,0
2026-04-04 05:00:00+00:00,66859.6640625,66916.3515625,66842.1484375,66898.328125,0
2026-04-04 06:00:00+00:00,66908.6015625,67021.1328125,66892.90625,67004.875,0
2026-04-04 07:00:00+00:00,66996.2109375,67022.4453125,66937.21875,67022.4453125,0
2026-04-04 08:00:00+00:00,67011.6328125,67030.6875,66910.1328125,66917.296875,0
2026-04-04 09:00:00+00:00,66913.0390625,66971.1484375,66913.0390625,66961.2109375,0
2026-04-04 10:00:00+00:00,66964.5703125,67149.1328125,66905.3359375,67137.640625,0
2026-04-04 11:00:00+00:00,67143.5078125,67194.5546875,67082.7890625,67113.609375,150949888
2026-04-04 12:00:00+00:00,67125.0234375,67152.953125,67048.6484375,67084.578125,0
2026-04-04 13:00:00+00:00,67081.375,67243.5703125,67074.5078125,67204.6640625,0
2026-04-04 14:00:00+00:00,67195.3359375,67202.46875,67028.609375,67172.6953125,0
2026-04-04 15:00:00+00:00,67198.84375,67435.46875,67171.2109375,67364.34375,370152448
2026-04-04 16:00:00+00:00,67368.828125,67491.78125,67316.109375,67442.90625,0
2026-04-04 17:00:00+00:00,67357.265625,67399.9765625,67292.453125,67334.515625,0
2026-04-04 18:00:00+00:00,67325.609375,67360.1796875,67266.375,67287.0078125,0
2026-04-04 19:00:00+00:00,67286.078125,67474.109375,67285.609375,67287.53125,72231936
2026-04-04 20:00:00+00:00,67278.640625,67282.1875,67184.6953125,67259.1875,112285696
2026-04-04 21:00:00+00:00,67262.2734375,67402.5859375,67224.5625,67366.3125,0
2026-04-04 22:00:00+00:00,67349.390625,67426.90625,67340.1640625,67378.8359375,0
2026-04-04 23:00:00+00:00,67385.171875,67385.5078125,67260.1640625,67291.1953125,0
2026-04-05 00:00:00+00:00,67280.21875,67297.15625,67166.9375,67169.21875,46329856
2026-04-05 01:00:00+00:00,67180.0625,67218.015625,67080.3125,67091.6640625,87767040
2026-04-05 02:00:00+00:00,67074.1328125,67160.0859375,66981.0390625,67154.7734375,218042368
2026-04-05 03:00:00+00:00,67152.09375,67169.9921875,67088.21875,67113.9453125,104395776
2026-04-05 04:00:00+00:00,67117.3671875,67165.34375,67066.0234375,67086.5078125,0
2026-04-05 05:00:00+00:00,67085.7421875,67130.3203125,66901.8828125,66904.875,0
2026-04-05 06:00:00+00:00,66912.59375,66922.078125,66615.0390625,66825.3125,646203392
2026-04-05 07:00:00+00:00,66812.578125,66888.6875,66715.0546875,66795.5,130007040
2026-04-05 08:00:00+00:00,66793.6015625,66907.5234375,66793.6015625,66907.5234375,0
2026-04-05 09:00:00+00:00,66907.75,67015.375,66889.0703125,67013.7265625,150109184
2026-04-05 10:00:00+00:00,66975.5703125,67096.5859375,66954.6875,67033.0078125,47465472
2026-04-05 11:00:00+00:00,67027.9375,67064.8984375,66955.75,66972.8359375,0
2026-04-05 12:00:00+00:00,66977.1484375,66977.1484375,66691.171875,66767.5546875,897463296
2026-04-05 13:00:00+00:00,66771.5390625,66880.171875,66699.7109375,66876.3671875,227764224
2026-04-05 14:00:00+00:00,66876.9921875,66942.1875,66828.1640625,66906.125,0
2026-04-05 15:00:00+00:00,66903.1015625,67516.1640625,66823.8828125,67270.234375,938895360
2026-04-05 16:00:00+00:00,67281.09375,67375.78125,67172.9140625,67188.7421875,124299264
2026-04-05 17:00:00+00:00,67195.2421875,67365.5234375,67174.0703125,67334.2890625,0
2026-04-05 18:00:00+00:00,67346.96875,67423.7734375,67269.9140625,67363.9375,126044160
2026-04-05 19:00:00+00:00,67375.140625,67504.1640625,67271.3828125,67301.609375,0
2026-04-05 20:00:00+00:00,67331.4921875,67653.4609375,67331.4921875,67613.8515625,102221824
2026-04-05 21:00:00+00:00,67613.8203125,67618.5703125,67419.2890625,67540.8203125,356978688
2026-04-05 22:00:00+00:00,67522.359375,68325.484375,67329.8671875,68325.484375,1236066304
2026-04-05 23:00:00+00:00,68309.328125,69048.203125,68268.671875,68982.9140625,2669459456
2026-04-06 00:00:00+00:00,68978.9140625,69491.6484375,68978.9140625,69076.7109375,2418087936
2026-04-06 01:00:00+00:00,69063.71875,69076.625,68782.6484375,68801.5390625,1045952512
2026-04-06 02:00:00+00:00,68780.3515625,69365.109375,68780.3515625,69227.78125,1052841984
2026-04-06 03:00:00+00:00,69207.9609375,69217.3671875,69044.9921875,69061.84375,780525568
2026-04-06 04:00:00+00:00,69082.078125,69173.921875,68963.0859375,69115.71875,800897024
2026-04-06 05:00:00+00:00,69118.1171875,69200.28125,69089.46875,69170.5234375,309288960
2026-04-06 06:00:00+00:00,69174.6171875,69316.03125,68824.1796875,68969.6484375,268292096
2026-04-06 07:00:00+00:00,68954.0078125,69171.8984375,68819.328125,69075.671875,28657664
2026-04-06 08:00:00+00:00,69089.3203125,69281.40625,69083.1171875,69230.8046875,1076805632
2026-04-06 09:00:00+00:00,69210.859375,70132.9921875,69200.8828125,69734.3828125,2754883584
2026-04-06 10:00:00+00:00,69714.0390625,69907.7109375,69714.0390625,69730.765625,890058752
2026-04-06 11:00:00+00:00,69755.96875,69755.96875,69577.65625,69595.9453125,369598464
2026-04-06 12:00:00+00:00,69601.015625,69615.703125,69348.5234375,69356.1484375,69148672
2026-04-06 13:00:00+00:00,69365.3125,69486.828125,69260.03125,69354.2890625,673017856
2026-04-06 14:00:00+00:00,69366.4375,69762.5703125,69206.546875,69660.390625,1707786240
2026-04-06 15:00:00+00:00,69645.2578125,69941.1171875,69578.390625,69930.125,0
2026-04-06 16:00:00+00:00,69947.6875,70237.1015625,69834.8359375,69834.8359375,1390653440
2026-04-06 17:00:00+00:00,69800.9921875,69800.9921875,69283.7578125,69563.90625,1401937920
2026-04-06 18:00:00+00:00,69563.015625,69912.4375,69494.59375,69884.3203125,826048512
2026-04-06 19:00:00+00:00,69887.515625,69887.515625,69603.796875,69704.140625,532942848
2026-04-06 20:00:00+00:00,69733.0,69973.8203125,69619.25,69839.546875,0
2026-04-06 21:00:00+00:00,69828.203125,69828.203125,69464.78125,69522.0,447565824
2026-04-06 22:00:00+00:00,69471.375,69558.8984375,68900.90625,68918.875,0
2026-04-06 23:00:00+00:00,68814.5546875,68896.75,68367.84375,68859.375,6565888
2026-04-07 00:00:00+00:00,68860.4609375,69035.9765625,68749.859375,68834.3125,0
2026-04-07 01:00:00+00:00,68786.0546875,68833.0234375,68372.65625,68407.5,0
2026-04-07 02:00:00+00:00,68413.4921875,68682.9765625,68286.8046875,68668.671875,0
2026-04-07 03:00:00+00:00,68672.4375,68777.5859375,68630.9375,68756.09375,152686592
2026-04-07 04:00:00+00:00,68761.765625,68964.1953125,68544.8125,68876.296875,0
2026-04-07 05:00:00+00:00,68841.0078125,68841.0078125,68623.734375,68623.734375,0
2026-04-07 06:00:00+00:00,68632.859375,68638.40625,68432.515625,68559.765625,0
2026-04-07 07:00:00+00:00,68557.8671875,68679.46875,68491.7734375,68632.78125,0
2026-04-07 08:00:00+00:00,68618.9140625,68961.609375,68616.34375,68945.296875,0
2026-04-07 09:00:00+00:00,68945.3984375,69215.59375,68941.453125,69144.3359375,0
2026-04-07 10:00:00+00:00,69150.4921875,69178.546875,68220.5625,68233.8515625,133443584
2026-04-07 11:00:00+00:00,68225.6640625,68424.375,68075.421875,68356.046875,499269632
2026-04-07 12:00:00+00:00,68342.5,68456.1875,68092.734375,68412.96875,0
2026-04-07 13:00:00+00:00,68379.7890625,68611.0234375,68205.890625,68254.234375,1097029632
2026-04-07 14:00:00+00:00,68232.203125,68232.203125,67798.203125,67916.6953125,0
2026-04-07 15:00:00+00:00,67856.078125,68175.578125,67755.734375,68141.9921875,1760526336
2026-04-07 16:00:00+00:00,68151.7109375,68366.703125,68102.5546875,68216.5859375,0
2026-04-07 17:00:00+00:00,68213.9296875,68783.3515625,68197.21875,68707.1875,0
2026-04-07 18:00:00+00:00,68692.15625,68745.515625,68348.3125,68426.2734375,93362176
2026-04-07 19:00:00+00:00,68428.25,69064.8359375,68372.921875,68958.59375,1083127808
2026-04-07 20:00:00+00:00,69001.296875,69502.0703125,69001.296875,69281.7109375,1242095616
2026-04-07 21:00:00+00:00,69301.40625,70160.59375,69301.40625,69908.7421875,1996890112
2026-04-07 22:00:00+00:00,69911.75,71430.3515625,69911.75,71430.3515625,3171405824
2026-04-07 23:00:00+00:00,71482.6015625,72484.7734375,71232.0703125,71950.1484375,3808813056
2026-04-08 00:00:00+00:00,71926.15625,72057.078125,71556.203125,71673.5703125,1310101504
2026-04-08 01:00:00+00:00,71688.7890625,71729.0,71454.5234375,71457.9453125,169504768
2026-04-08 02:00:00+00:00,71462.34375,71700.5625,71276.15625,71323.6015625,903651328
2026-04-08 03:00:00+00:00,71322.296875,71466.1875,71273.4453125,71289.5078125,332660736
2026-04-08 04:00:00+00:00,71286.9296875,71631.9765625,71286.9296875,71588.4609375,481091584
2026-04-08 05:00:00+00:00,71566.6953125,71793.8671875,71550.8359375,71718.125,623226880
2026-04-08 06:00:00+00:00,71714.875,71911.2734375,71601.90625,71720.1875,66224128
2026-04-08 07:00:00+00:00,71712.5703125,71882.296875,71601.6328125,71608.8203125,1684774912
2026-04-08 08:00:00+00:00,71628.890625,71814.53125,71628.890625,71759.0546875,329363456
2026-04-08 09:00:00+00:00,71787.71875,71932.7578125,71592.203125,71679.1796875,0
2026-04-08 10:00:00+00:00,71672.5546875,71714.15625,71476.21875,71491.28125,0
2026-04-08 11:00:00+00:00,71484.3203125,71711.5390625,71417.4609375,71665.8984375,102031360
2026-04-08 12:00:00+00:00,71671.8984375,72078.859375,71634.3203125,72078.859375,316997632
2026-04-08 13:00:00+00:00,72072.5859375,72739.1796875,71523.8359375,71523.8359375,2873823232
2026-04-08 14:00:00+00:00,71598.1171875,71704.453125,70754.125,70838.4921875,940003328
2026-04-08 15:00:00+00:00,70868.1171875,71326.078125,70868.1171875,71301.046875,307560448
2026-04-08 16:00:00+00:00,71295.5390625,71637.2734375,71272.5546875,71619.1796875,137367552
2026-04-08 17:00:00+00:00,71600.4765625,71937.984375,71509.0546875,71910.0546875,182030336
2026-04-08 18:00:00+00:00,71885.625,71885.625,71107.8828125,71126.171875,246755328
2026-04-08 19:00:00+00:00,71090.7734375,71353.8671875,71078.375,71301.3984375,0
2026-04-08 20:00:00+00:00,71319.5703125,71480.0234375,71289.65625,71367.4765625,0
2026-04-08 21:00:00+00:00,71353.890625,71721.1015625,71339.625,71518.7890625,0
2026-04-08 22:00:00+00:00,71546.6796875,71546.6796875,71088.3046875,71088.3046875,0
2026-04-08 23:00:00+00:00,70972.7578125,71164.3984375,70923.90625,71115.125,0
2026-04-09 00:00:00+00:00,71093.7578125,71093.7578125,70688.7890625,70834.7734375,0
2026-04-09 01:00:00+00:00,70810.5703125,70918.890625,70528.3125,70911.1875,0
2026-04-09 02:00:00+00:00,70920.3984375,71157.859375,70820.84375,71069.421875,0
2026-04-09 03:00:00+00:00,71036.3046875,71085.8671875,70860.5390625,70979.9140625,249393152
2026-04-09 04:00:00+00:00,70984.984375,70992.3046875,70766.5390625,70766.5390625,0
2026-04-09 05:00:00+00:00,70758.9765625,71077.4921875,70730.6796875,70972.8203125,0
2026-04-09 06:00:00+00:00,70975.71875,71069.796875,70854.921875,71009.359375,0
2026-04-09 07:00:00+00:00,71023.703125,71076.234375,70964.1015625,70964.1015625,0
2026-04-09 08:00:00+00:00,70968.703125,71333.6875,70901.5625,71245.546875,0
2026-04-09 09:00:00+00:00,71258.9921875,71536.890625,71120.1640625,71505.09375,0
2026-04-09 10:00:00+00:00,71503.3359375,71503.3359375,71292.984375,71292.984375,0
2026-04-09 11:00:00+00:00,71287.6953125,71321.0703125,71080.546875,71157.0078125,0
2026-04-09 12:00:00+00:00,71151.8515625,71270.9375,71059.296875,71269.7109375,0
2026-04-09 13:00:00+00:00,71267.5859375,71267.5859375,70650.7890625,70812.71875,0
2026-04-09 14:00:00+00:00,70796.671875,71200.6640625,70549.265625,71116.171875,0
2026-04-09 15:00:00+00:00,71124.2421875,72317.9921875,70938.3984375,72103.4296875,1492318208
2026-04-09 16:00:00+00:00,72122.2265625,72345.6875,71784.3515625,72019.4765625,1328070656
2026-04-09 17:00:00+00:00,72262.65625,72519.0859375,72132.3828125,72345.8828125,872480768
2026-04-09 18:00:00+00:00,72293.109375,72293.109375,71774.890625,71886.0859375,0
2026-04-09 19:00:00+00:00,71890.2578125,72252.6484375,71785.296875,72090.484375,0
2026-04-09 20:00:00+00:00,72109.1328125,72436.1328125,72037.734375,72390.7109375,1248124928
2026-04-09 21:00:00+00:00,72414.75,72651.953125,72178.1171875,72256.9765625,485777408
2026-04-09 22:00:00+00:00,72258.2578125,73004.65625,72041.1171875,72041.1171875,1449922560
2026-04-09 23:00:00+00:00,71962.484375,72000.1171875,71637.8125,71774.3671875,609611776
2026-04-10 00:00:00+00:00,71783.515625,72004.9296875,71609.296875,71907.890625,271847424
2026-04-10 01:00:00+00:00,71932.625,72377.25,71730.296875,72172.6484375,403632128
2026-04-10 02:00:00+00:00,72166.3984375,72281.828125,71928.1953125,71953.8515625,0
2026-04-10 03:00:00+00:00,71961.484375,71974.7890625,71817.3515625,71866.9375,0
2026-04-10 04:00:00+00:00,71888.7265625,72114.984375,71845.609375,72075.203125,367677440
2026-04-10 05:00:00+00:00,72101.890625,72255.078125,72027.4140625,72110.9609375,370974720
2026-04-10 06:00:00+00:00,72124.4765625,72148.390625,71804.453125,71818.6171875,0
2026-04-10 07:00:00+00:00,71817.7890625,71827.6640625,71445.828125,71474.5234375,0
2026-04-10 08:00:00+00:00,71484.5546875,71747.3671875,71444.78125,71601.859375,250580992
2026-04-10 09:00:00+00:00,71607.3828125,71853.765625,71597.328125,71796.2734375,0
2026-04-10 10:00:00+00:00,71790.0390625,71927.125,71724.765625,71927.125,0
2026-04-10 11:00:00+00:00,71914.7734375,72250.0703125,71914.7734375,72120.9609375,588943360
2026-04-10 12:00:00+00:00,72123.65625,72420.3515625,72051.0234375,72259.9296875,67821568
2026-04-10 13:00:00+00:00,72259.9375,72353.125,71946.921875,72353.125,655417344
2026-04-10 14:00:00+00:00,72328.6796875,73117.5390625,72328.6796875,72902.0234375,2228338688
2026-04-10 15:00:00+00:00,72958.8125,73289.9140625,72403.5390625,72403.5390625,0
2026-04-10 16:00:00+00:00,72431.109375,73034.765625,72420.078125,73034.765625,0
2026-04-10 17:00:00+00:00,73002.578125,73114.03125,72838.140625,73101.09375,0
2026-04-10 18:00:00+00:00,73134.140625,73134.140625,72913.828125,73114.046875,0
2026-04-10 19:00:00+00:00,73118.453125,73263.1015625,72945.1015625,73234.4453125,53522432
2026-04-10 20:00:00+00:00,73218.1953125,73421.8125,73081.796875,73377.0703125,496521216
2026-04-10 21:00:00+00:00,73371.953125,73371.953125,72993.9296875,73203.6953125,0
2026-04-10 22:00:00+00:00,73202.296875,73223.703125,72834.515625,72919.671875,0
2026-04-10 23:00:00+00:00,72908.984375,72976.125,72822.1328125,72976.125,9138176
2026-04-11 00:00:00+00:00,72974.1953125,72974.1953125,72829.4453125,72841.375,0
2026-04-11 01:00:00+00:00,72844.015625,73003.703125,72722.609375,72955.96875,0
2026-04-11 02:00:00+00:00,72954.3125,73116.5234375,72946.8203125,72984.203125,27906048
2026-04-11 03:00:00+00:00,72981.1484375,73098.7265625,72867.390625,72867.390625,0
2026-04-11 04:00:00+00:00,72886.9375,72972.625,72738.515625,72824.890625,0
2026-04-11 05:00:00+00:00,72843.453125,72862.75,72706.6484375,72759.265625,0
2026-04-11 06:00:00+00:00,72744.8828125,72801.0859375,72676.46875,72801.0859375,0
2026-04-11 07:00:00+00:00,72794.328125,72848.59375,72719.5390625,72738.2890625,0
2026-04-11 08:00:00+00:00,72768.2421875,72820.59375,72681.109375,72715.7109375,0
2026-04-11 09:00:00+00:00,72704.0703125,72917.6328125,72659.4375,72913.359375,0
2026-04-11 10:00:00+00:00,72937.609375,72938.2265625,72797.5703125,72864.703125,0
2026-04-11 11:00:00+00:00,72861.7109375,72945.75,72858.3828125,72925.703125,0
2026-04-11 12:00:00+00:00,72923.6796875,73003.6796875,72846.046875,72967.8203125,0
2026-04-11 13:00:00+00:00,72844.8203125,72847.7890625,72594.53125,72701.921875,0
2026-04-11 14:00:00+00:00,72693.8984375,72771.796875,72638.1796875,72745.453125,0
2026-04-11 15:00:00+00:00,72745.6171875,72883.3125,72712.1953125,72880.890625,0
2026-04-11 16:00:00+00:00,72886.515625,73199.65625,72850.484375,73102.703125,0
2026-04-11 17:00:00+00:00,73080.1640625,73178.5859375,72978.109375,73097.2109375,0
2026-04-11 18:00:00+00:00,73106.21875,73700.171875,73073.71875,73544.5703125,224630784
2026-04-11 19:00:00+00:00,73555.78125,73724.78125,73514.65625,73683.421875,0
2026-04-11 20:00:00+00:00,73687.1015625,73687.1015625,73284.3515625,73331.3046875,0
2026-04-11 21:00:00+00:00,73324.375,73539.8203125,73272.140625,73476.75,0
2026-04-11 22:00:00+00:00,73449.1328125,73550.828125,73270.546875,73388.0546875,0
2026-04-11 23:00:00+00:00,73390.8125,73390.8125,72963.15625,73056.046875,352256
2026-04-12 00:00:00+00:00,73057.15625,73124.0859375,72932.578125,73068.3828125,0
2026-04-12 01:00:00+00:00,73083.3515625,73141.5,71527.5625,71666.203125,2032969728
2026-04-12 02:00:00+00:00,71662.8671875,71961.015625,71464.046875,71810.359375,920907776
2026-04-12 03:00:00+00:00,71790.203125,71860.9296875,71626.78125,71660.0546875,144060416
2026-04-12 04:00:00+00:00,71621.7890625,71678.65625,71481.25,71490.046875,257187840
2026-04-12 05:00:00+00:00,71487.3984375,71785.1328125,71487.3984375,71740.96875,396326912
2026-04-12 06:00:00+00:00,71735.875,71762.03125,71663.28125,71675.6640625,18329600
2026-04-12 07:00:00+00:00,71673.453125,71765.0234375,71612.8359375,71747.28125,0
2026-04-12 08:00:00+00:00,71712.4296875,71789.8125,71625.328125,71639.640625,692613120
2026-04-12 09:00:00+00:00,71650.3359375,71654.359375,71543.8046875,71561.8203125,94949376
2026-04-12 10:00:00+00:00,71563.4296875,71676.1875,71405.109375,71458.2734375,101920768
2026-04-12 11:00:00+00:00,71465.1640625,71545.5546875,71448.3203125,71494.46875,383551488
2026-04-12 12:00:00+00:00,71493.9921875,71515.1484375,71129.40625,71158.734375,516511744
2026-04-12 13:00:00+00:00,71004.1640625,71102.6796875,70895.84375,70895.84375,687714304
2026-04-12 14:00:00+00:00,70906.40625,71084.5546875,70739.6015625,70807.34375,594534400
2026-04-12 15:00:00+00:00,70768.640625,70944.4453125,70721.7890625,70906.8203125,588967936
2026-04-12 16:00:00+00:00,70886.1015625,70959.578125,70856.4140625,70902.7578125,0
2026-04-12 17:00:00+00:00,70958.9921875,71198.3984375,70934.234375,71143.1328125,97961984
2026-04-12 18:00:00+00:00,71125.421875,71221.2109375,71091.5625,71161.0703125,0
2026-04-12 19:00:00+00:00,71158.640625,71234.3046875,71081.5859375,71114.7265625,0
2026-04-12 20:00:00+00:00,71110.75,71431.6953125,70971.484375,71359.3984375,137883648
2026-04-12 21:00:00+00:00,71349.5390625,71452.2265625,71228.7109375,71284.375,0
2026-04-12 22:00:00+00:00,71345.109375,71345.109375,70593.453125,70901.7890625,1398806528
2026-04-12 23:00:00+00:00,70917.5625,70917.5625,70581.140625,70757.6171875,224360448
2026-04-13 00:00:00+00:00,70741.296875,71229.5703125,70629.453125,71159.4609375,292968448
2026-04-13 01:00:00+00:00,71174.0625,71224.4453125,71064.9140625,71221.5,0
2026-04-13 02:00:00+00:00,71199.1796875,71264.46875,71013.8515625,71080.9375,0
2026-04-13 03:00:00+00:00,71063.625,71126.6328125,70951.0078125,70989.6875,0
2026-04-13 04:00:00+00:00,70981.3125,71120.4453125,70866.296875,70932.84375,450109440
2026-04-13 05:00:00+00:00,70904.03125,70916.1796875,70713.4921875,70857.4375,975269888
2026-04-13 06:00:00+00:00,70870.625,71077.578125,70870.625,71064.859375,1428049920
2026-04-13 07:00:00+00:00,71043.46875,71043.46875,70699.671875,70831.3125,1218619392
2026-04-13 08:00:00+00:00,70810.34375,70846.5078125,70588.5234375,70667.7890625,1922785280
2026-04-13 09:00:00+00:00,70667.7890625,70881.15625,70667.7890625,70789.25,0
2026-04-13 10:00:00+00:00,70791.625,70835.046875,70727.5,70745.5390625,0
2026-04-13 11:00:00+00:00,70738.1796875,70960.5546875,70738.1796875,70947.2109375,256931840
2026-04-13 12:00:00+00:00,70883.4453125,71195.453125,70788.5,71102.421875,43233280
2026-04-13 13:00:00+00:00,71127.4453125,71608.9296875,70859.5234375,71608.9296875,1137176576
2026-04-13 14:00:00+00:00,71657.2890625,72420.1171875,71485.4453125,72420.1171875,2789216256
2026-04-13 15:00:00+00:00,72408.421875,72408.421875,71691.8515625,71838.046875,2246270976
2026-04-13 16:00:00+00:00,71909.3828125,72436.6171875,71821.390625,72204.7265625,2313646080
2026-04-13 17:00:00+00:00,72187.40625,72560.015625,72151.6171875,72153.3984375,2198884352
2026-04-13 18:00:00+00:00,72168.9765625,72457.6875,72101.75,72457.6875,1392091136
2026-04-13 19:00:00+00:00,72454.0078125,73472.53125,72327.703125,73373.984375,3468292096
2026-04-13 20:00:00+00:00,73379.046875,73379.046875,73046.53125,73204.078125,1933516800
2026-04-13 21:00:00+00:00,73182.1171875,73338.9609375,73137.4140625,73229.1640625,616419328
2026-04-13 22:00:00+00:00,73208.84375,74699.296875,73208.84375,74640.609375,2595000320
2026-04-13 23:00:00+00:00,74546.9921875,74856.671875,74485.984375,74532.7421875,2946129920
2026-04-14 00:00:00+00:00,74442.2265625,74504.140625,74162.0234375,74162.0234375,108036096
2026-04-14 01:00:00+00:00,74145.921875,74427.2734375,74074.78125,74378.9921875,2039922688
2026-04-14 02:00:00+00:00,74404.7109375,74566.109375,74317.484375,74374.3671875,0
2026-04-14 03:00:00+00:00,74365.78125,74499.0078125,74291.6796875,74454.3828125,392503296
2026-04-14 04:00:00+00:00,74450.8515625,74512.1640625,74391.2421875,74397.703125,0
2026-04-14 05:00:00+00:00,74393.7578125,74418.0859375,74192.1875,74209.84375,0
2026-04-14 06:00:00+00:00,74312.171875,74565.7734375,74299.1484375,74565.7734375,238682112
2026-04-14 07:00:00+00:00,74551.2734375,74930.4296875,74511.1953125,74547.5546875,1304555520
2026-04-14 08:00:00+00:00,74547.046875,74901.6875,74510.515625,74776.1640625,905838592
2026-04-14 09:00:00+00:00,74770.9375,74845.84375,74469.1640625,74538.09375,705634304
2026-04-14 10:00:00+00:00,74506.390625,74638.0703125,74363.4921875,74423.4453125,603942912
2026-04-14 11:00:00+00:00,74395.28125,74465.9609375,74333.2734375,74456.0,460406784
2026-04-14 12:00:00+00:00,74398.828125,74457.5859375,74297.015625,74457.5859375,120107008
2026-04-14 13:00:00+00:00,74455.375,75495.4765625,74455.375,75490.3984375,1937948672
2026-04-14 14:00:00+00:00,75532.8046875,76009.03125,75180.125,75180.125,3226267648
2026-04-14 15:00:00+00:00,75090.1796875,75423.8984375,74743.2890625,75367.1640625,628752384
2026-04-14 16:00:00+00:00,75390.9609375,75666.0390625,74566.21875,74566.21875,0
2026-04-14 17:00:00+00:00,74653.4140625,74947.6328125,74332.015625,74766.5,0
2026-04-14 18:00:00+00:00,74806.2109375,74809.5546875,73946.8515625,74097.0625,653688832
2026-04-14 19:00:00+00:00,74132.796875,74403.9296875,73960.7578125,74265.8984375,0
2026-04-14 20:00:00+00:00,74329.203125,74423.1484375,74052.28125,74052.28125,0
2026-04-14 21:00:00+00:00,74157.2109375,74343.96875,73982.46875,74315.2890625,0
2026-04-14 22:00:00+00:00,74272.21875,74413.2109375,73905.1796875,74067.359375,0
2026-04-14 23:00:00+00:00,74067.3203125,74269.2578125,74046.1796875,74186.5390625,73728
2026-04-15 00:00:00+00:00,74176.09375,74721.828125,74153.2734375,74601.5,1786605568
2026-04-15 01:00:00+00:00,74585.2734375,74828.609375,74531.28125,74649.0,0
2026-04-15 02:00:00+00:00,74645.4609375,74725.859375,74218.1484375,74359.84375,0
2026-04-15 03:00:00+00:00,74364.78125,74405.9921875,74214.53125,74376.75,0
2026-04-15 04:00:00+00:00,74377.8515625,74471.1796875,74294.0078125,74354.171875,0
2026-04-15 05:00:00+00:00,74369.9765625,74463.9921875,73912.578125,74054.953125,0
2026-04-15 06:00:00+00:00,74036.921875,74081.578125,73902.921875,73924.0,0
2026-04-15 07:00:00+00:00,73946.921875,74048.46875,73545.0,73771.34375,68005888
2026-04-15 08:00:00+00:00,73776.828125,74219.0078125,73706.0,74139.28125,0
2026-04-15 09:00:00+00:00,74139.9921875,74213.4296875,73930.25,74033.4609375,0
2026-04-15 10:00:00+00:00,74019.359375,74261.8828125,73822.03125,73890.8984375,151773184
2026-04-15 11:00:00+00:00,73906.546875,74276.2421875,73895.2890625,74233.3203125,0
2026-04-15 12:00:00+00:00,74236.328125,74475.671875,74076.0078125,74310.0625,292081664
2026-04-15 13:00:00+00:00,74302.453125,74457.078125,73836.0625,74075.859375,0
2026-04-15 14:00:00+00:00,74082.0234375,74531.6484375,73855.53125,74149.65625,0
2026-04-15 15:00:00+00:00,74164.8125,74311.3828125,73629.4375,73872.0078125,0
2026-04-15 16:00:00+00:00,73850.0390625,74192.28125,73783.4921875,73956.7265625,0
2026-04-15 17:00:00+00:00,73960.140625,74253.6015625,73929.9921875,74154.9921875,0
2026-04-15 18:00:00+00:00,74139.421875,74430.1328125,74086.2265625,74410.0,0
2026-04-15 19:00:00+00:00,74420.0078125,75310.1015625,74390.0,75026.3203125,160878592
2026-04-15 20:00:00+00:00,75057.6796875,75069.921875,74541.0625,74872.1484375,200192000
2026-04-15 21:00:00+00:00,74860.0390625,74888.8828125,74572.078125,74765.3828125,0
2026-04-15 22:00:00+00:00,74784.7109375,75400.0,74763.890625,74984.3828125,0
2026-04-15 23:00:00+00:00,74958.421875,74969.703125,74639.0,74825.8671875,0
2026-04-16 00:00:00+00:00,74845.609375,74899.15625,74478.8203125,74834.34375,0
2026-04-16 01:00:00+00:00,74810.0,74810.0,74494.21875,74681.46875,0
2026-04-16 02:00:00+00:00,74681.4609375,75284.0078125,74614.59375,74896.546875,0
2026-04-16 03:00:00+00:00,74890.9296875,75155.8203125,74880.1484375,74904.2109375,2016497664
2026-04-16 04:00:00+00:00,74901.15625,75185.8671875,74751.0625,74964.6484375,0
2026-04-16 05:00:00+00:00,74950.0,75158.640625,74915.09375,75058.0078125,219258880
2026-04-16 06:00:00+00:00,75097.6875,75130.4375,74871.671875,75051.109375,96534528
2026-04-16 07:00:00+00:00,75031.7421875,75100.0,74662.34375,74721.5390625,0
2026-04-16 08:00:00+00:00,74721.546875,74765.15625,74535.4296875,74697.7109375,804335616
2026-04-16 09:00:00+00:00,74679.25,74927.828125,74611.796875,74612.671875,0
2026-04-16 10:00:00+00:00,74611.8828125,74670.84375,74290.78125,74323.9921875,0
2026-04-16 11:00:00+00:00,74327.9921875,74601.65625,74300.0078125,74593.328125,396546048
2026-04-16 12:00:00+00:00,74593.328125,74876.34375,74592.90625,74632.8671875,0
2026-04-16 13:00:00+00:00,74628.7890625,75023.1796875,73309.7265625,73793.9765625,937250816
2026-04-16 14:00:00+00:00,73766.3203125,74198.890625,73424.0234375,73973.203125,372477952
2026-04-16 15:00:00+00:00,73969.7421875,74893.3125,73943.65625,74719.9921875,1685315584
2026-04-16 16:00:00+00:00,74746.0,74956.0,74088.59375,74186.03125,538931200
2026-04-16 17:00:00+00:00,74167.8828125,74459.3984375,73917.140625,74346.0,130420736
2026-04-16 18:00:00+00:00,74354.03125,75092.3125,74250.09375,75054.4375,0
2026-04-16 19:00:00+00:00,75102.0,75429.609375,74762.671875,75371.9765625,964886528
2026-04-16 20:00:00+00:00,75384.9375,75533.6796875,75020.96875,75245.9921875,128495616
2026-04-16 21:00:00+00:00,75252.2109375,75300.0,74827.8125,74956.6015625,121356288
2026-04-16 22:00:00+00:00,74966.2578125,75139.453125,74853.75,74888.609375,0
2026-04-16 23:00:00+00:00,74866.40625,75198.4609375,74847.96875,75163.09375,0
2026-04-17 00:00:00+00:00,75160.203125,75179.8515625,74905.90625,74955.9921875,0
2026-04-17 01:00:00+00:00,74960.6171875,75061.3515625,74594.4765625,74763.890625,51539968
2026-04-17 02:00:00+00:00,74759.859375,74830.8984375,74562.671875,74730.1328125,0
2026-04-17 03:00:00+00:00,74724.9921875,74860.109375,74629.7578125,74633.1484375,0
2026-04-17 04:00:00+00:00,74633.15625,74867.9375,74611.78125,74810.0078125,0
2026-04-17 05:00:00+00:00,74810.0,74823.109375,74575.0,74656.5625,0
2026-04-17 06:00:00+00:00,74645.0234375,74960.90625,74614.46875,74921.2421875,0
2026-04-17 07:00:00+00:00,74960.9609375,75118.859375,74954.7421875,75069.6875,61296640
2026-04-17 08:00:00+00:00,75095.40625,75888.75,75015.359375,75789.9921875,619696128
2026-04-17 09:00:00+00:00,75821.9765625,76370.0,75551.25,75811.4765625,2566205440
2026-04-17 10:00:00+00:00,75811.453125,75907.140625,75124.2265625,75301.109375,1024786432
2026-04-17 11:00:00+00:00,75292.5078125,75633.75,75273.75,75622.578125,0
2026-04-17 12:00:00+00:00,75661.6484375,76298.359375,75558.0,76294.609375,779100160
2026-04-17 13:00:00+00:00,76260.0,77453.2265625,76100.0078125,77388.0,5033406464
2026-04-17 14:00:00+00:00,77434.4609375,78142.9765625,77065.90625,77977.75,3173928960
2026-04-17 15:00:00+00:00,77977.5078125,78060.0234375,77497.6015625,77843.2734375,1281085440
2026-04-17 16:00:00+00:00,77836.21875,78340.0390625,77785.25,77907.2734375,778620928
2026-04-17 17:00:00+00:00,77898.7578125,77955.0078125,77152.5,77563.5078125,973885440
2026-04-17 18:00:00+00:00,77576.25,77602.4765625,77122.5,77206.0,126701568
2026-04-17 19:00:00+00:00,77210.1328125,77524.0625,77063.2578125,77517.8671875,0
2026-04-17 20:00:00+00:00,77463.8828125,77648.453125,77188.65625,77366.96875,0
2026-04-17 21:00:00+00:00,77373.2734375,77531.2421875,77310.0,77475.0,0
2026-04-17 22:00:00+00:00,77473.1328125,77551.5234375,77297.9765625,77339.9375,221704192
2026-04-17 23:00:00+00:00,77328.0078125,77336.2421875,76941.9921875,77098.0078125,344924160
2026-04-18 00:00:00+00:00,77073.75,77287.4609375,77010.0,77196.0,0
2026-04-18 01:00:00+00:00,77216.2421875,77364.7421875,77148.7734375,77251.96875,0
2026-04-18 02:00:00+00:00,77251.96875,77447.4296875,77154.2890625,77323.5078125,0
2026-04-18 03:00:00+00:00,77321.2421875,77328.75,77001.3125,77040.0,0
2026-04-18 04:00:00+00:00,77025.9921875,77197.5,76926.9296875,77148.75,402907136
2026-04-18 05:00:00+00:00,77144.0234375,77295.0078125,77144.0078125,77168.2890625,52015104
2026-04-18 06:00:00+00:00,77168.296875,77253.75,77091.0,77160.0078125,0
2026-04-18 07:00:00+00:00,77136.328125,77162.0234375,76923.078125,77020.0078125,0
2026-04-18 08:00:00+00:00,77020.0234375,77070.390625,76534.0234375,76760.0234375,0
2026-04-18 09:00:00+00:00,76732.5,76743.7421875,76450.15625,76631.2578125,0
2026-04-18 10:00:00+00:00,76631.2578125,76631.2578125,76170.71875,76222.4921875,0
2026-04-18 11:00:00+00:00,76222.5,76222.5,75798.75,76069.4609375,0
2026-04-18 12:00:00+00:00,76074.796875,76323.7421875,76070.9921875,76239.7578125,0
2026-04-18 13:00:00+00:00,76230.828125,76248.7421875,75839.9921875,76148.640625,0
2026-04-18 14:00:00+00:00,76150.0078125,76314.09375,76008.7578125,76280.609375,0
2026-04-18 15:00:00+00:00,76282.1875,76361.2578125,76050.1328125,76191.71875,0
2026-04-18 16:00:00+00:00,76173.09375,76249.9765625,75823.03125,75968.1171875,0
2026-04-18 17:00:00+00:00,75955.4765625,75982.5234375,75818.1796875,75852.1328125,0
2026-04-18 18:00:00+00:00,75842.0078125,75886.8984375,75482.96875,75672.4375,0
2026-04-18 19:00:00+00:00,75653.71875,75828.6875,75607.84375,75678.90625,0
2026-04-18 20:00:00+00:00,75688.59375,75875.828125,75633.6796875,75784.9375,0
2026-04-18 21:00:00+00:00,75779.0390625,75875.828125,75632.671875,75854.5703125,0
2026-04-18 22:00:00+00:00,75827.4921875,75914.6796875,75644.1171875,75846.96875,0
2026-04-18 23:00:00+00:00,75861.0390625,75921.9765625,75730.578125,75730.578125,0
2026-04-19 00:00:00+00:00,75736.0,75884.0078125,75590.171875,75705.21875,0
2026-04-19 01:00:00+00:00,75708.0078125,75820.0,75500.0,75652.1015625,129032192
2026-04-19 02:00:00+00:00,75643.671875,75741.3515625,75452.0,75523.859375,53024768
2026-04-19 03:00:00+00:00,75523.859375,75668.0,75398.8671875,75549.65625,71456768
2026-04-19 04:00:00+00:00,75546.4921875,75798.40625,75454.6171875,75700.0078125,0
2026-04-19 05:00:00+00:00,75695.0625,75723.8828125,75549.6796875,75580.0234375,0
2026-04-19 06:00:00+00:00,75580.0078125,75580.0078125,75325.0,75429.75,337053696
2026-04-19 07:00:00+00:00,75426.9609375,75434.921875,74955.546875,75291.1171875,855674880
2026-04-19 08:00:00+00:00,75265.0,75336.5234375,75113.953125,75293.171875,0
2026-04-19 09:00:00+00:00,75292.5390625,75301.4921875,74963.3828125,75055.421875,0
2026-04-19 10:00:00+00:00,75055.421875,75272.5625,74974.7734375,75246.09375,0
2026-04-19 11:00:00+00:00,75246.09375,75653.0625,75242.0234375,75637.5234375,0
2026-04-19 12:00:00+00:00,75652.3125,75730.4921875,75480.0,75611.90625,0
2026-04-19 13:00:00+00:00,75588.4609375,76257.0703125,75588.3515625,75963.1328125,582748160
2026-04-19 14:00:00+00:00,75963.1328125,76180.578125,75707.9765625,76064.9609375,266915840
2026-04-19 15:00:00+00:00,76062.84375,76187.9921875,75450.4765625,75885.6171875,1075015680
2026-04-19 16:00:00+00:00,75885.6171875,75893.6328125,75356.0078125,75416.0078125,0
2026-04-19 17:00:00+00:00,75419.3515625,75419.3515625,74707.9921875,74820.8515625,425570304
2026-04-19 18:00:00+00:00,74793.8828125,74910.171875,74641.4765625,74806.7109375,642525184
2026-04-19 19:00:00+00:00,74813.2578125,75110.421875,74813.2578125,74985.0390625,272711680
2026-04-19 20:00:00+00:00,74985.0390625,74985.0390625,74493.4765625,74662.5625,0
2026-04-19 21:00:00+00:00,74662.5625,74842.3203125,74407.84375,74461.203125,505593856
2026-04-19 22:00:00+00:00,74423.9921875,74438.578125,73802.578125,74072.5390625,2095738880
2026-04-19 23:00:00+00:00,74076.8125,74076.8125,73815.203125,73815.203125,628639744
2026-04-20 00:00:00+00:00,73830.0,74382.15625,73772.9609375,74305.296875,972533760
2026-04-20 01:00:00+00:00,74314.6796875,74772.3515625,74239.796875,74621.4296875,524847104
2026-04-20 02:00:00+00:00,74623.9921875,74654.9375,74337.390625,74439.90625,387602432
2026-04-20 03:00:00+00:00,74448.2734375,74672.9609375,74390.1328125,74665.6171875,237033472
2026-04-20 04:00:00+00:00,74666.078125,74669.1875,74469.0390625,74593.59375,0
2026-04-20 05:00:00+00:00,74567.78125,74586.0703125,74136.9375,74297.921875,346931200
2026-04-20 06:00:00+00:00,74315.828125,74910.15625,74283.5390625,74820.1796875,234817536
2026-04-20 07:00:00+00:00,74873.421875,75582.0078125,74694.3671875,74860.0234375,489672704
2026-04-20 08:00:00+00:00,74860.3828125,75026.953125,74650.28125,74758.0078125,597123072
2026-04-20 09:00:00+00:00,74745.359375,75269.5234375,74726.109375,75100.4375,463020032
2026-04-20 10:00:00+00:00,75130.3828125,75436.03125,75042.171875,75068.6875,41537536
2026-04-20 11:00:00+00:00,75068.7265625,75318.2578125,75000.2890625,75232.7265625,0
2026-04-20 12:00:00+00:00,75222.8984375,75669.0078125,75111.2578125,75322.8671875,466120704
2026-04-20 13:00:00+00:00,75349.9296875,75467.28125,74945.171875,75316.890625,71524352
2026-04-20 14:00:00+00:00,75300.0,75765.2109375,74961.1171875,75071.84375,1182838784
2026-04-20 15:00:00+00:00,75090.75,75758.078125,74735.7421875,75750.0,651075584
2026-04-20 16:00:00+00:00,75753.1484375,75753.1484375,75328.75,75378.7890625,407003136
2026-04-20 17:00:00+00:00,75391.21875,75998.1484375,75322.359375,75937.3125,0
2026-04-20 18:00:00+00:00,75954.421875,76489.0625,75953.3671875,76455.671875,623157248
2026-04-20 19:00:00+00:00,76483.3671875,76528.0078125,76184.859375,76330.9375,1873649664
2026-04-20 20:00:00+00:00,76311.109375,76590.0,76162.3125,76317.28125,1115488256
2026-04-20 21:00:00+00:00,76330.0,76405.7265625,75816.0,75988.0078125,287932416
2026-04-20 22:00:00+00:00,76054.0,76180.578125,75933.0234375,76004.671875,0
2026-04-20 23:00:00+00:00,75912.7734375,75937.7265625,75655.9921875,75875.0390625,0
2026-04-21 00:00:00+00:00,75876.890625,76129.828125,75724.8203125,76128.1015625,0
2026-04-21 01:00:00+00:00,76086.0,76270.1875,75906.0234375,75955.0625,0
2026-04-21 02:00:00+00:00,75955.0703125,75958.9375,75612.0,75613.75,0
2026-04-21 03:00:00+00:00,75613.75,75747.390625,75520.0,75740.578125,0
2026-04-21 04:00:00+00:00,75755.7734375,75850.7109375,75633.28125,75840.578125,0
2026-04-21 05:00:00+00:00,75840.0078125,76010.640625,75815.0,75835.7734375,0
2026-04-21 06:00:00+00:00,75835.7734375,76146.0,75731.171875,76001.828125,0
2026-04-21 07:00:00+00:00,76007.7890625,76323.5390625,75851.7421875,76118.09375,52444172288
2026-04-21 08:00:00+00:00,76125.6328125,76879.34375,76114.59375,76545.65625,467214336
2026-04-21 09:00:00+00:00,76545.609375,76596.4921875,76192.3828125,76388.3984375,0
2026-04-21 10:00:00+00:00,76382.4609375,76905.171875,76382.4609375,76775.1171875,294772736
2026-04-21 11:00:00+00:00,76786.953125,76789.328125,76370.0078125,76478.6171875,612114432
2026-04-21 12:00:00+00:00,76489.0,76548.7734375,75749.3515625,76044.5625,274640896
2026-04-21 13:00:00+00:00,76051.25,76198.609375,75752.8203125,75922.0,29853859840
2026-04-21 14:00:00+00:00,75936.9609375,76595.0,75658.9765625,75687.4765625,0
2026-04-21 15:00:00+00:00,75694.4375,75999.3203125,75438.703125,75849.703125,0
2026-04-21 16:00:00+00:00,75869.71875,76191.2578125,75772.890625,75794.9921875,0
2026-04-21 17:00:00+00:00,75782.5234375,75863.9921875,75107.1796875,75567.2578125,0
2026-04-21 18:00:00+00:00,75541.953125,75664.9921875,75319.203125,75622.7890625,0
2026-04-21 19:00:00+00:00,75633.7578125,75909.4921875,74825.9921875,75019.9921875,0
2026-04-21 20:00:00+00:00,75004.3671875,75868.90625,74989.5390625,75743.71875,0
2026-04-21 21:00:00+00:00,75740.6796875,75796.6796875,75469.859375,75565.0078125,0
2026-04-21 22:00:00+00:00,75566.6328125,75662.140625,75325.1484375,75662.0078125,115748864
2026-04-21 23:00:00+00:00,75645.0,76437.2578125,75645.0,76356.0,343629824
2026-04-22 00:00:00+00:00,76370.0,76519.0703125,76234.0078125,76337.15625,11161600
2026-04-22 01:00:00+00:00,76370.578125,76432.9375,76148.109375,76316.7890625,16044032
2026-04-22 02:00:00+00:00,76334.9296875,77662.0703125,76244.03125,77626.0078125,1683529728
2026-04-22 03:00:00+00:00,77627.359375,77746.8828125,77430.0,77541.546875,1451786240
2026-04-22 04:00:00+00:00,77547.9921875,77715.9765625,77384.0703125,77536.0,753033216
2026-04-22 05:00:00+00:00,77552.03125,78433.8984375,77463.9921875,77991.9296875,2779820032
2026-04-22 06:00:00+00:00,77983.296875,78048.9296875,77914.9765625,78024.40625,737804288
2026-04-22 07:00:00+00:00,78028.9765625,78128.0,77844.2109375,78007.6875,11460608
2026-04-22 08:00:00+00:00,78044.2890625,78220.03125,77960.0,78029.6875,65699840
2026-04-22 09:00:00+00:00,77993.9765625,78202.1484375,77971.296875,78035.796875,18178048
2026-04-22 10:00:00+00:00,78015.5625,78193.2109375,77967.6796875,78186.5625,60895232
2026-04-22 11:00:00+00:00,78193.953125,78385.53125,78120.0078125,78322.546875,0
2026-04-22 12:00:00+00:00,78329.0,78514.7890625,78146.8828125,78262.8984375,142364672
2026-04-22 13:00:00+00:00,78252.359375,78887.4375,78204.1015625,78887.4375,1212329984
2026-04-22 14:00:00+00:00,78897.609375,79178.859375,78625.9765625,79077.25,1833050112
2026-04-22 15:00:00+00:00,79094.859375,79450.0,78882.671875,79325.3828125,864710656
2026-04-22 16:00:00+00:00,79371.9296875,79500.0078125,78697.96875,78777.3671875,912244736
2026-04-22 17:00:00+00:00,78782.4609375,79078.359375,78724.7265625,78923.0,0
2026-04-22 18:00:00+00:00,78945.21875,79198.8984375,78857.0390625,79062.4609375,0
2026-04-22 19:00:00+00:00,79000.5390625,79106.3984375,78740.90625,78891.9765625,0
2026-04-22 20:00:00+00:00,78918.5234375,78946.3828125,78440.0,78459.8203125,0
2026-04-22 21:00:00+00:00,78447.0234375,78858.2421875,78447.0234375,78794.7578125,537243648
2026-04-22 22:00:00+00:00,78785.2421875,78865.078125,78487.28125,78642.8984375,55644160
2026-04-22 23:00:00+00:00,78623.9765625,78635.6015625,78184.0078125,78208.546875,77496320
2026-04-23 00:00:00+00:00,78208.5390625,78605.0,77628.0703125,78449.546875,433913856
2026-04-23 01:00:00+00:00,78442.1484375,78469.1484375,78098.3828125,78382.9921875,1216458752
2026-04-23 02:00:00+00:00,78387.390625,78387.390625,77789.59375,77967.4609375,0
2026-04-23 03:00:00+00:00,77969.6015625,78050.4375,77536.0078125,77778.0,122421248
2026-04-23 04:00:00+00:00,77748.6484375,77963.8515625,77698.703125,77935.4609375,0
2026-04-23 05:00:00+00:00,77944.0,78112.0,77800.03125,78027.90625,0
2026-04-23 06:00:00+00:00,78066.1875,78370.4921875,78066.1875,78240.0078125,0
2026-04-23 07:00:00+00:00,78259.9921875,78281.7734375,78006.6171875,78086.140625,0
2026-04-23 08:00:00+00:00,78086.140625,78204.3125,77748.0234375,77877.34375,0
2026-04-23 09:00:00+00:00,77877.3515625,77887.46875,77467.7578125,77675.1875,659345408
2026-04-23 10:00:00+00:00,77672.0078125,77737.90625,77216.890625,77425.90625,1208832000
2026-04-23 11:00:00+00:00,77463.3515625,77768.8671875,77407.78125,77722.2890625,0
2026-04-23 12:00:00+00:00,77722.328125,77904.1015625,77609.4765625,77904.1015625,0
2026-04-23 13:00:00+00:00,77894.0078125,77943.671875,77422.5,77558.5,0
2026-04-23 14:00:00+00:00,77514.6796875,78238.5703125,77446.3671875,78216.578125,0
2026-04-23 15:00:00+00:00,78214.4375,78716.328125,78012.046875,78413.1796875,30183424
2026-04-23 16:00:00+00:00,78420.7265625,78544.65625,78068.0,78128.6015625,0
2026-04-23 17:00:00+00:00,78142.15625,78218.53125,76986.296875,77796.421875,1466310656
2026-04-23 18:00:00+00:00,77766.953125,78172.6875,77713.9765625,77739.09375,388833280
2026-04-23 19:00:00+00:00,77698.0625,77922.2109375,77629.25,77743.15625,236609536
2026-04-23 20:00:00+00:00,77732.5390625,78070.3984375,77669.8984375,77906.1015625,0
2026-04-23 21:00:00+00:00,77906.6015625,78091.9609375,77811.0,77901.0390625,0
2026-04-23 22:00:00+00:00,77912.2734375,78366.1875,77912.2734375,78262.2421875,0
2026-04-23 23:00:00+00:00,78220.046875,78327.0,78051.8125,78281.3203125,0
2026-04-24 00:00:00+00:00,78320.3828125,78516.328125,78197.1796875,78439.5625,0
2026-04-24 01:00:00+00:00,78447.9765625,78483.0703125,77989.8125,78465.1328125,0
2026-04-24 02:00:00+00:00,78442.6484375,78570.0234375,78108.0234375,78154.1015625,0
2026-04-24 03:00:00+00:00,78166.4765625,78215.0234375,77590.5078125,77755.390625,29274112
2026-04-24 04:00:00+00:00,77744.90625,77871.9296875,77532.0078125,77682.90625,117673984
2026-04-24 05:00:00+00:00,77673.6015625,78039.390625,77465.8984375,77974.2890625,0
2026-04-24 06:00:00+00:00,77992.1328125,77999.1015625,77786.2890625,77813.1171875,0
2026-04-24 07:00:00+00:00,77805.0,77878.203125,77568.4375,77676.9609375,466751488
2026-04-24 08:00:00+00:00,77676.9609375,78029.9765625,77593.203125,77808.7265625,0
2026-04-24 09:00:00+00:00,77811.4296875,77826.0703125,77436.0,77551.890625,0
2026-04-24 10:00:00+00:00,77528.6171875,77798.3125,77457.2109375,77762.453125,0
2026-04-24 11:00:00+00:00,77776.0234375,78395.2734375,77762.4375,78256.09375,1137606656
2026-04-24 12:00:00+00:00,78272.96875,78377.046875,78056.8828125,78290.6484375,0
2026-04-24 13:00:00+00:00,78290.640625,78447.7578125,77922.9609375,78107.859375,300425216
2026-04-24 14:00:00+00:00,78067.28125,78096.0078125,77704.1875,78074.15625,260997120
2026-04-24 15:00:00+00:00,78057.9921875,78237.5625,77619.9921875,78068.03125,0
2026-04-24 16:00:00+00:00,78077.078125,78081.2421875,77606.46875,77804.0390625,34394112
2026-04-24 17:00:00+00:00,77772.296875,77831.84375,77502.6015625,77707.1484375,0
2026-04-24 18:00:00+00:00,77691.4609375,77741.890625,77385.90625,77637.609375,0
2026-04-24 19:00:00+00:00,77680.2265625,77767.40625,77556.3203125,77659.71875,0
2026-04-24 20:00:00+00:00,77657.0234375,77781.921875,77480.0,77748.6796875,0
2026-04-24 21:00:00+00:00,77748.6796875,77785.0,77565.453125,77565.453125,263231488
2026-04-24 22:00:00+00:00,77572.0390625,77650.71875,77306.0625,77360.0,392822784
2026-04-24 23:00:00+00:00,77368.640625,77484.9765625,77358.828125,77461.796875,215015424
2026-04-25 00:00:00+00:00,77471.1796875,77518.6015625,77329.2890625,77483.4375,0
2026-04-25 01:00:00+00:00,77498.0078125,77645.4609375,77461.0078125,77559.96875,0
2026-04-25 02:00:00+00:00,77559.96875,77669.53125,77518.78125,77639.1796875,0
2026-04-25 03:00:00+00:00,77654.5703125,77736.1171875,77574.6796875,77674.0,0
2026-04-25 04:00:00+00:00,77699.90625,77726.15625,77621.8984375,77641.15625,0
2026-04-25 05:00:00+00:00,77634.3203125,77634.3203125,77509.6796875,77542.1875,0
2026-04-25 06:00:00+00:00,77545.75,77609.28125,77506.7109375,77526.421875,0
2026-04-25 07:00:00+00:00,77510.0078125,77598.0390625,77470.0,77532.9609375,0
2026-04-25 08:00:00+00:00,77514.2578125,77686.796875,77510.9375,77672.6484375,0
2026-04-25 09:00:00+00:00,77686.796875,77805.890625,77612.0,77738.1875,0
2026-04-25 10:00:00+00:00,77745.6484375,77910.3515625,77745.6484375,77809.4765625,0
2026-04-25 11:00:00+00:00,77809.46875,77809.46875,77636.171875,77697.3984375,0
2026-04-25 12:00:00+00:00,77704.5078125,77736.953125,77565.4375,77575.28125,0
2026-04-25 13:00:00+00:00,77580.3671875,77731.703125,77580.3671875,77701.359375,0
2026-04-25 14:00:00+00:00,77701.359375,77768.796875,77652.09375,77679.9609375,0
2026-04-25 15:00:00+00:00,77679.953125,77744.0234375,77345.0,77354.0625,0
2026-04-25 16:00:00+00:00,77332.5703125,77483.4296875,77199.0234375,77427.6875,0
2026-04-25 17:00:00+00:00,77427.6796875,77433.75,77236.1328125,77274.53125,0
2026-04-25 18:00:00+00:00,77242.171875,77414.5625,77242.171875,77311.0,0
2026-04-25 19:00:00+00:00,77309.6015625,77372.3515625,77210.0,77339.7734375,28358656
2026-04-25 20:00:00+00:00,77371.90625,77506.6015625,77324.5703125,77497.0703125,0
2026-04-25 21:00:00+00:00,77498.2109375,77555.4921875,77434.25,77555.4921875,0
2026-04-25 22:00:00+00:00,77548.8984375,77662.2578125,77519.5234375,77575.2734375,0
2026-04-25 23:00:00+00:00,77577.96875,77666.4765625,77545.7734375,77650.7109375,643072
2026-04-26 00:00:00+00:00,77650.7265625,77663.84375,77468.3984375,77520.34375,0
2026-04-26 01:00:00+00:00,77544.75,77591.6796875,77471.8515625,77477.4609375,0
2026-04-26 02:00:00+00:00,77471.8515625,77620.5390625,77471.84375,77545.703125,0
2026-04-26 03:00:00+00:00,77544.2578125,77564.5234375,77346.4375,77408.0078125,0
2026-04-26 04:00:00+00:00,77400.0234375,77838.0078125,77394.8828125,77790.6328125,0
2026-04-26 05:00:00+00:00,77790.0625,78212.609375,77736.0,78004.96875,938505216
2026-04-26 06:00:00+00:00,78025.0078125,78073.90625,77918.3203125,78019.1875,0
2026-04-26 07:00:00+00:00,78039.6796875,78146.0,77985.6171875,78126.3125,199276544
2026-04-26 08:00:00+00:00,78135.671875,78232.84375,78045.2265625,78050.0078125,146167808
2026-04-26 09:00:00+00:00,78039.9375,78081.28125,77941.9765625,78026.90625,110282752
2026-04-26 10:00:00+00:00,78018.09375,78077.0625,77975.4375,78024.640625,0
2026-04-26 11:00:00+00:00,78024.6328125,78175.84375,78024.6328125,78118.0,0
2026-04-26 12:00:00+00:00,78118.0078125,78135.21875,77787.9375,77850.8125,137375744
2026-04-26 13:00:00+00:00,77851.7421875,78000.0,77818.109375,77993.7421875,366237696
2026-04-26 14:00:00+00:00,77975.71875,78189.640625,77893.4375,78108.3828125,190869504
2026-04-26 15:00:00+00:00,78123.0390625,78146.71875,78014.8125,78073.1328125,0
2026-04-26 16:00:00+00:00,78084.390625,78112.296875,77955.8203125,77955.8203125,0
2026-04-26 17:00:00+00:00,77931.3671875,78077.109375,77872.4765625,78037.4609375,344146944
2026-04-26 18:00:00+00:00,78054.046875,78330.0625,78010.0,78301.9921875,413807616
2026-04-26 19:00:00+00:00,78318.546875,78519.9921875,78050.0078125,78258.0,636866560
2026-04-26 20:00:00+00:00,78274.03125,78402.203125,78180.0625,78228.578125,237776896
2026-04-26 21:00:00+00:00,78230.078125,78918.65625,77891.046875,78437.9609375,558198784
2026-04-26 22:00:00+00:00,78388.2890625,78871.3203125,78037.78125,78333.2421875,2111141888
2026-04-26 23:00:00+00:00,78296.890625,78874.9921875,78059.0,78664.640625,752857088
2026-04-27 00:00:00+00:00,78673.828125,79388.0078125,78425.9921875,79277.9921875,1541167104
2026-04-27 01:00:00+00:00,79389.1484375,79492.140625,78768.59375,79295.421875,2230464512
2026-04-27 02:00:00+00:00,79307.859375,79313.21875,79051.28125,79150.0,807475200
2026-04-27 03:00:00+00:00,79123.4375,79329.84375,79091.8671875,79120.0234375,590821376
2026-04-27 04:00:00+00:00,79124.3828125,79175.90625,78893.9375,78942.0234375,243953664
2026-04-27 05:00:00+00:00,78959.7734375,78959.7734375,77599.34375,77798.7109375,1914812416
2026-04-27 06:00:00+00:00,77779.5078125,77879.1328125,77493.0078125,77707.9765625,967970816
2026-04-27 07:00:00+00:00,77695.0,77749.109375,77572.0078125,77621.2109375,735031296
2026-04-27 08:00:00+00:00,77608.3828125,77822.5078125,77565.171875,77811.5625,513406976
2026-04-27 09:00:00+00:00,77815.9609375,77989.3984375,77706.421875,77902.453125,714866688
2026-04-27 10:00:00+00:00,77890.6875,77948.453125,77792.4765625,77857.453125,402022400
2026-04-27 11:00:00+00:00,77851.7109375,77896.9609375,77745.0078125,77847.890625,231636992
2026-04-27 12:00:00+00:00,77845.3203125,77878.0,77620.0,77671.0390625,144779264
2026-04-27 13:00:00+00:00,77658.7578125,77961.3828125,77576.78125,77750.0,685049856
2026-04-27 14:00:00+00:00,77749.96875,78277.2265625,77675.5234375,77813.84375,831911936
2026-04-27 15:00:00+00:00,77826.3125,77838.4921875,76581.109375,76789.5390625,3476070400
2026-04-27 16:00:00+00:00,76748.9296875,76857.9765625,76536.640625,76610.0078125,1258008576
2026-04-27 17:00:00+00:00,76629.7734375,76915.203125,76623.3984375,76721.2265625,868204544
2026-04-27 18:00:00+00:00,76687.84375,76880.7578125,76647.0234375,76819.203125,89055232
2026-04-27 19:00:00+00:00,76802.0234375,76886.40625,76464.78125,76884.4296875,182620160
2026-04-27 20:00:00+00:00,76873.2734375,77064.0390625,76836.3984375,76955.359375,305152000
2026-04-27 21:00:00+00:00,76938.2421875,76980.5390625,76777.0,76777.0,0
2026-04-27 22:00:00+00:00,76817.34375,77076.4765625,76753.90625,77058.296875,0
2026-04-27 23:00:00+00:00,77026.5625,77444.40625,77007.046875,77364.421875,0
2026-04-28 00:00:00+00:00,77380.9375,77478.9765625,77213.953125,77381.796875,0
2026-04-28 01:00:00+00:00,77364.4765625,77399.6796875,77043.71875,77088.4921875,0
2026-04-28 02:00:00+00:00,77103.5625,77226.2421875,76677.6171875,76888.0234375,0
2026-04-28 03:00:00+00:00,76876.0390625,76894.71875,76677.6171875,76809.3125,0
2026-04-28 04:00:00+00:00,76804.9765625,76952.84375,76707.828125,76885.2109375,0
2026-04-28 05:00:00+00:00,76900.5625,77147.0390625,76808.0,76881.7890625,0
2026-04-28 06:00:00+00:00,76903.6796875,77029.390625,76584.96875,76696.3203125,0
2026-04-28 07:00:00+00:00,76702.9921875,76914.2421875,76442.0,76872.953125,326801408
2026-04-28 08:00:00+00:00,76879.7578125,76998.4765625,76737.03125,76856.0,719095808
2026-04-28 09:00:00+00:00,76852.1171875,76867.4296875,76485.1796875,76587.2421875,0
2026-04-28 10:00:00+00:00,76580.6484375,76686.46875,76476.8125,76602.25,0
2026-04-28 11:00:00+00:00,76608.34375,76636.546875,76122.4765625,76221.59375,1290969088
2026-04-28 12:00:00+00:00,76250.0,76420.5390625,76162.3125,76383.4921875,713492480
2026-04-28 13:00:00+00:00,76362.0,76415.046875,75978.2421875,76183.671875,818876416
2026-04-28 14:00:00+00:00,76170.3671875,76196.640625,75653.7578125,75940.0,288567296
2026-04-28 15:00:00+00:00,75943.28125,76071.828125,75828.4765625,76052.296875,0
2026-04-28 16:00:00+00:00,76034.390625,76180.0,75865.5703125,76109.28125,0
2026-04-28 17:00:00+00:00,76102.1171875,76249.9921875,75939.1015625,76166.7890625,0
2026-04-28 18:00:00+00:00,76161.171875,76264.3984375,76111.0078125,76220.671875,831488
2026-04-28 19:00:00+00:00,76220.671875,76379.96875,76045.078125,76324.8671875,0
2026-04-28 20:00:00+00:00,76338.2109375,76478.328125,76321.453125,76461.9921875,13672448
2026-04-28 21:00:00+00:00,76466.0625,76483.2734375,76265.671875,76349.5234375,54958080
2026-04-28 22:00:00+00:00,76384.8515625,76439.75,76206.0078125,76229.796875,0
2026-04-28 23:00:00+00:00,76219.1875,76349.5625,76176.5,76315.90625,690176
2026-04-29 00:00:00+00:00,76316.65625,76536.71875,76255.9921875,76502.3515625,0
2026-04-29 01:00:00+00:00,76486.8125,76627.71875,76166.578125,76544.703125,427184128
2026-04-29 02:00:00+00:00,76568.0,76642.6328125,76383.6875,76508.640625,0
2026-04-29 03:00:00+00:00,76509.28125,77105.7890625,76496.1796875,76986.0,0
2026-04-29 04:00:00+00:00,76996.4375,77441.1015625,76879.8125,77260.5625,1264224256
2026-04-29 05:00:00+00:00,77266.796875,77314.8828125,77188.796875,77280.359375,204812288
2026-04-29 06:00:00+00:00,77276.1484375,77318.28125,76921.5703125,77016.0,118614016
2026-04-29 07:00:00+00:00,77026.546875,77163.8515625,76998.5,77034.0390625,0
2026-04-29 08:00:00+00:00,77047.09375,77141.890625,76947.703125,77029.4375,0
2026-04-29 09:00:00+00:00,77023.34375,77790.2421875,76948.9921875,77646.2421875,679464960
2026-04-29 10:00:00+00:00,77686.546875,77898.53125,77560.7578125,77618.0,1461803008
2026-04-29 11:00:00+00:00,77613.6328125,77685.0,77478.796875,77581.9296875,0
2026-04-29 12:00:00+00:00,77587.328125,77597.2265625,76992.65625,77122.0078125,780689408
2026-04-29 13:00:00+00:00,77116.5078125,77221.0,76445.9921875,76751.5,0
2026-04-29 14:00:00+00:00,76753.7890625,76848.421875,76467.5390625,76545.2109375,0
2026-04-29 15:00:00+00:00,76542.96875,76613.5625,75675.8515625,75897.671875,859480064
2026-04-29 16:00:00+00:00,75815.7421875,76098.25,75668.5,75766.9375,1240072192
2026-04-29 17:00:00+00:00,75779.46875,76133.9921875,75773.75,76127.9609375,226410496
2026-04-29 18:00:00+00:00,76224.7734375,76224.7734375,74938.1484375,75483.8203125,2440900608
2026-04-29 19:00:00+00:00,75487.0078125,75564.71875,75270.8125,75528.6171875,657162240
2026-04-29 20:00:00+00:00,75523.2578125,75819.921875,75454.8984375,75644.46875,626184192
2026-04-29 21:00:00+00:00,75642.453125,76031.5,75580.671875,75902.5390625,269643776
2026-04-29 22:00:00+00:00,75883.59375,75975.109375,75790.6484375,75893.2890625,208756736
2026-04-29 23:00:00+00:00,75900.0390625,75962.4296875,75685.171875,75752.8671875,295948288
2026-04-30 00:00:00+00:00,75800.7265625,76305.671875,75625.34375,76232.5625,17805312
2026-04-30 01:00:00+00:00,76205.90625,76429.21875,76148.3671875,76212.84375,0
2026-04-30 02:00:00+00:00,76218.140625,76327.1796875,75475.40625,75673.171875,588283904
2026-04-30 03:00:00+00:00,75663.7265625,75972.4921875,75650.8515625,75901.8203125,0
2026-04-30 04:00:00+00:00,75902.859375,75937.953125,75378.5625,75456.2578125,0
2026-04-30 05:00:00+00:00,75455.09375,75725.328125,75315.0390625,75567.8984375,4648960
2026-04-30 06:00:00+00:00,75577.46875,75842.7421875,75543.0625,75726.171875,0
2026-04-30 07:00:00+00:00,75724.9765625,76146.546875,75683.9375,76134.328125,0
2026-04-30 08:00:00+00:00,76147.90625,76176.328125,75991.078125,76035.7421875,0
2026-04-30 09:00:00+00:00,76023.7578125,76321.421875,75980.9765625,76071.859375,0
2026-04-30 10:00:00+00:00,76077.046875,76137.1484375,75949.9921875,75994.2890625,0
2026-04-30 11:00:00+00:00,76013.0390625,76206.0078125,75848.0,76039.6015625,0
2026-04-30 12:00:00+00:00,76031.1875,76390.0078125,76016.5,76274.5703125,122880
2026-04-30 13:00:00+00:00,76302.4609375,76614.0,76073.9921875,76381.9921875,0
2026-04-30 14:00:00+00:00,76385.8984375,76552.546875,76055.1484375,76268.0,0
2026-04-30 15:00:00+00:00,76267.6328125,76625.03125,76124.359375,76438.84375,0
2026-04-30 16:00:00+00:00,76437.25,76452.21875,76183.3828125,76222.7578125,0
2026-04-30 17:00:00+00:00,76208.703125,76296.7421875,76073.8125,76210.4296875,0
2026-04-30 18:00:00+00:00,76214.3671875,76444.4375,76175.9921875,76314.9765625,0
2026-04-30 19:00:00+00:00,76315.0,76495.328125,76280.078125,76399.5078125,0
2026-04-30 20:00:00+00:00,76380.03125,76538.6875,76291.96875,76461.5,0
2026-04-30 21:00:00+00:00,76450.3125,76507.2109375,76207.90625,76207.90625,0
2026-04-30 22:00:00+00:00,76234.5390625,76418.40625,76167.90625,76205.359375,0
2026-04-30 23:00:00+00:00,76205.359375,76343.0078125,76183.96875,76296.7265625,2476032
2026-05-01 00:00:00+00:00,76295.7265625,76559.0625,76280.59375,76423.2421875,0
2026-05-01 01:00:00+00:00,76424.6328125,76746.203125,76415.3515625,76650.75,0
2026-05-01 02:00:00+00:00,76670.9921875,76711.0234375,76506.296875,76566.4609375,0
2026-05-01 03:00:00+00:00,76551.9921875,77406.7890625,76523.203125,77091.84375,1207324672
2026-05-01 04:00:00+00:00,77109.7265625,77175.53125,76946.828125,77004.9921875,343830528
2026-05-01 05:00:00+00:00,77011.171875,77160.140625,76999.78125,77140.578125,0
2026-05-01 06:00:00+00:00,77144.8125,77161.328125,76861.6796875,76971.9921875,0
2026-05-01 07:00:00+00:00,76953.9921875,77119.2734375,76930.0,77108.0234375,193923072
2026-05-01 08:00:00+00:00,77097.5,77489.828125,77022.546875,77358.3984375,666892288
2026-05-01 09:00:00+00:00,77366.890625,77383.203125,77185.6015625,77266.0,0
2026-05-01 10:00:00+00:00,77250.0078125,77413.578125,77140.0078125,77280.046875,37529600
2026-05-01 11:00:00+00:00,77292.0,77574.7265625,77246.3984375,77452.7265625,614119424
2026-05-01 12:00:00+00:00,77466.34375,78151.96875,77392.0078125,77889.2734375,561227776
2026-05-01 13:00:00+00:00,77894.96875,78940.40625,77894.96875,78759.96875,1674403840
2026-05-01 14:00:00+00:00,78780.0,78888.6484375,78065.1015625,78364.2734375,1997266944
2026-05-01 15:00:00+00:00,78355.6796875,78742.4375,78189.9765625,78445.1171875,1112219648
2026-05-01 16:00:00+00:00,78476.2890625,78691.0,78157.0234375,78202.9296875,1083469824
2026-05-01 17:00:00+00:00,78190.84375,78596.296875,78125.328125,78550.0,402960384
2026-05-01 18:00:00+00:00,78575.0,78627.03125,78375.0078125,78436.171875,349507584
2026-05-01 19:00:00+00:00,78455.7578125,78552.9765625,78310.1875,78373.9765625,116981760
2026-05-01 20:00:00+00:00,78398.8203125,78419.25,77750.203125,77872.8125,461291520
2026-05-01 21:00:00+00:00,77872.8125,78207.0390625,77856.9296875,78207.0390625,430862336
2026-05-01 22:00:00+00:00,78207.7109375,78417.421875,78130.578125,78146.6796875,145272832
2026-05-01 23:00:00+00:00,78132.1171875,78234.046875,78032.0625,78234.046875,0
2026-05-02 00:00:00+00:00,78234.390625,78391.3828125,78168.0,78346.0234375,0
2026-05-02 01:00:00+00:00,78320.0,78442.0,78292.890625,78348.0078125,0
2026-05-02 02:00:00+00:00,78324.03125,78479.7109375,78258.28125,78358.09375,0
2026-05-02 03:00:00+00:00,78365.171875,78508.9609375,78244.4375,78409.6328125,0
2026-05-02 04:00:00+00:00,78419.3984375,78443.546875,78144.859375,78179.3828125,0
2026-05-02 05:00:00+00:00,78176.5078125,78236.71875,78034.28125,78175.7421875,73678848
2026-05-02 06:00:00+00:00,78180.203125,78347.9921875,78142.90625,78324.0234375,0
2026-05-02 07:00:00+00:00,78318.0078125,78348.2265625,78200.0078125,78211.6484375,0
2026-05-02 08:00:00+00:00,78220.2109375,78356.7109375,78163.8125,78313.6328125,0
2026-05-02 09:00:00+00:00,78324.0078125,78392.40625,78234.078125,78299.7890625,0
2026-05-02 10:00:00+00:00,78299.796875,78317.09375,78221.6015625,78249.9765625,0
2026-05-02 11:00:00+00:00,78223.6875,78234.0625,78093.1015625,78147.0390625,0
2026-05-02 12:00:00+00:00,78147.0703125,78266.9296875,78099.0703125,78213.15625,0
2026-05-02 13:00:00+00:00,78224.3828125,78414.8671875,78224.3828125,78364.6796875,0
2026-05-02 14:00:00+00:00,78367.8125,78478.0,78305.0,78415.34375,0
2026-05-02 15:00:00+00:00,78424.1015625,78486.4921875,78362.09375,78483.5234375,0
2026-05-02 16:00:00+00:00,78483.53125,78588.4375,78417.9921875,78446.03125,0
2026-05-02 17:00:00+00:00,78450.0,78479.71875,78362.0,78393.078125,0
2026-05-02 18:00:00+00:00,78380.5703125,78481.75,78308.0,78456.0078125,0
2026-05-02 19:00:00+00:00,78461.828125,78521.2421875,78431.28125,78471.78125,0
2026-05-02 20:00:00+00:00,78487.7421875,78487.7421875,78415.8671875,78458.671875,0
2026-05-02 21:00:00+00:00,78474.9765625,79135.5390625,78450.0,78724.6875,134771712
2026-05-02 22:00:00+00:00,78724.6875,78874.1171875,78605.2890625,78833.9765625,0
2026-05-02 23:00:00+00:00,78818.8125,78829.1171875,78625.1328125,78682.3125,214629376
2026-05-03 00:00:00+00:00,78682.3125,78732.7109375,78499.4765625,78551.7109375,0
2026-05-03 01:00:00+00:00,78551.703125,78551.7109375,78155.6875,78250.0,283268096
2026-05-03 02:00:00+00:00,78222.0,78296.328125,78106.03125,78162.8671875,0
2026-05-03 03:00:00+00:00,78151.2890625,78213.2890625,78103.75,78196.0234375,0
2026-05-03 04:00:00+00:00,78192.5234375,78230.6015625,78107.2734375,78164.859375,0
2026-05-03 05:00:00+00:00,78149.4921875,78252.7421875,78149.4921875,78239.859375,0
2026-05-03 06:00:00+00:00,78234.8515625,78335.9609375,78074.9765625,78281.171875,0
2026-05-03 07:00:00+00:00,78288.34375,78444.7578125,78282.5,78357.6328125,62702592
2026-05-03 08:00:00+00:00,78357.6328125,78482.2578125,78357.2109375,78379.390625,0
2026-05-03 09:00:00+00:00,78390.453125,78599.9921875,78337.921875,78532.4375,137833472
2026-05-03 10:00:00+00:00,78526.0234375,78528.421875,78400.15625,78404.7734375,6814720
2026-05-03 11:00:00+00:00,78394.5625,78834.0,78379.3828125,78656.859375,305209344
2026-05-03 12:00:00+00:00,78666.453125,78873.0,78666.453125,78746.1328125,355499008
2026-05-03 13:00:00+00:00,78749.6015625,78768.0390625,78581.5390625,78652.7265625,0
2026-05-03 14:00:00+00:00,78661.6328125,78776.9921875,78600.0234375,78719.9921875,426572800
2026-05-03 15:00:00+00:00,78721.859375,78800.0,78620.8203125,78656.84375,209195008
2026-05-03 16:00:00+00:00,78656.84375,78772.25,78580.28125,78650.53125,0
2026-05-03 17:00:00+00:00,78642.3515625,78816.546875,78570.0,78721.359375,301377536
2026-05-03 18:00:00+00:00,78728.84375,78753.6875,78625.046875,78732.28125,0
2026-05-03 19:00:00+00:00,78732.2734375,78842.078125,78666.5625,78753.171875,794668032
2026-05-03 20:00:00+00:00,78746.140625,79225.2734375,78720.4765625,78920.4375,972775424
2026-05-03 21:00:00+00:00,78922.59375,79057.5390625,78655.9921875,78822.53125,0
2026-05-03 22:00:00+00:00,78869.296875,79428.6015625,78838.5078125,79170.75,1317132288
2026-05-03 23:00:00+00:00,79162.546875,79285.9296875,78488.6796875,78558.8828125,958326784
2026-05-04 00:00:00+00:00,78546.0625,78560.2578125,78274.921875,78537.4296875,521918464
2026-05-04 01:00:00+00:00,78543.53125,79772.953125,78403.5703125,79756.453125,684986368
2026-05-04 02:00:00+00:00,79847.9921875,80399.9921875,79542.703125,80171.7265625,4763453440
2026-05-04 03:00:00+00:00,80172.296875,80404.1484375,79912.3515625,80308.609375,1897148416
2026-05-04 04:00:00+00:00,80325.5,80600.0,80224.703125,80320.453125,2451281920
2026-05-04 05:00:00+00:00,80327.8671875,80393.90625,79957.1484375,80013.5703125,1487013888
2026-05-04 06:00:00+00:00,80003.5078125,80038.2578125,79477.3125,79859.6328125,1301686272
2026-05-04 07:00:00+00:00,79853.71875,79933.296875,79661.453125,79685.78125,652109824
2026-05-04 08:00:00+00:00,79673.28125,79788.9921875,79582.3125,79692.8203125,970659840
2026-05-04 09:00:00+00:00,79684.3984375,79909.0234375,79626.03125,79817.5,346071040
2026-05-04 10:00:00+00:00,79861.5234375,79861.5234375,78217.8984375,78935.2109375,5928157184
2026-05-04 11:00:00+00:00,78925.2578125,79128.53125,78694.46875,78782.953125,793022464
2026-05-04 12:00:00+00:00,78780.0,79020.1328125,78706.0,78852.0390625,204304384
2026-05-04 13:00:00+00:00,78809.5,79108.4921875,78574.671875,78774.7265625,1260236800
2026-05-04 14:00:00+00:00,78780.03125,80532.7109375,78491.0,80229.578125,2607038464
2026-05-04 15:00:00+00:00,80225.8203125,80377.4921875,79355.03125,80038.3125,4437479424
2026-05-04 16:00:00+00:00,80027.21875,80408.609375,79615.171875,80027.5078125,2748063744
2026-05-04 17:00:00+00:00,80049.4609375,80740.4375,80028.0703125,80381.53125,1107513344
2026-05-04 18:00:00+00:00,80409.0078125,80434.7890625,80023.8671875,80108.8984375,1315532800
2026-05-04 19:00:00+00:00,80101.5703125,80137.0078125,79880.5,80049.5703125,414932992
2026-05-04 20:00:00+00:00,80015.0,80162.0,79891.640625,79935.828125,0
2026-05-04 21:00:00+00:00,79950.4765625,80358.9609375,79950.4765625,80260.0703125,0
2026-05-04 22:00:00+00:00,80243.2890625,80393.5625,80039.359375,80059.6875,0
2026-05-04 23:00:00+00:00,80047.2421875,80047.2421875,79738.796875,79841.1171875,1425408
2026-05-05 00:00:00+00:00,79852.359375,80181.9375,79789.5,80163.9921875,0
2026-05-05 01:00:00+00:00,80174.5,80377.71875,80066.2890625,80345.9921875,0
2026-05-05 02:00:00+00:00,80337.1875,80897.0078125,80298.859375,80547.7421875,0
2026-05-05 03:00:00+00:00,80549.96875,81077.6328125,80448.046875,80882.140625,0
2026-05-05 04:00:00+00:00,80891.9921875,80966.0,80717.8671875,80900.3203125,0
2026-05-05 05:00:00+00:00,80885.0,81304.171875,80829.0234375,80965.546875,0
2026-05-05 06:00:00+00:00,80975.9921875,81007.5,80787.6171875,80968.9921875,0
2026-05-05 07:00:00+00:00,80968.9921875,81134.1796875,80831.171875,80863.140625,327839744
2026-05-05 08:00:00+00:00,80848.7265625,80889.453125,80717.9765625,80817.96875,64311296
2026-05-05 09:00:00+00:00,80813.0,80813.0,80520.953125,80585.84375,392527872
2026-05-05 10:00:00+00:00,80573.7734375,80847.0390625,80520.0,80833.703125,0
2026-05-05 11:00:00+00:00,80844.0,81113.7109375,80790.0,81024.9375,0
2026-05-05 12:00:00+00:00,81020.5234375,81328.2109375,80934.890625,81284.0078125,414920704
2026-05-05 13:00:00+00:00,81284.671875,81713.0390625,81205.0,81343.1796875,1885220864
2026-05-05 14:00:00+00:00,81338.8203125,81503.96875,80954.546875,81342.2265625,0
2026-05-05 15:00:00+00:00,81329.53125,81710.09375,81237.328125,81553.6796875,0
2026-05-05 16:00:00+00:00,81606.0078125,81619.34375,81056.2109375,81297.921875,0
2026-05-05 17:00:00+00:00,81278.5078125,81464.578125,81200.640625,81276.7109375,0
2026-05-05 18:00:00+00:00,81286.5703125,81607.0,81286.5703125,81519.1328125,0
2026-05-05 19:00:00+00:00,81519.1328125,81696.0,81413.0703125,81617.7265625,0
2026-05-05 20:00:00+00:00,81610.1796875,81768.1015625,81526.0,81644.03125,441286656
2026-05-05 21:00:00+00:00,81650.0078125,81770.453125,81307.9921875,81410.0390625,538083328
2026-05-05 22:00:00+00:00,81486.0234375,81612.578125,80839.3515625,81116.9375,962576384
2026-05-05 23:00:00+00:00,81113.1015625,81215.9921875,80792.203125,80907.7265625,349544448
2026-05-06 00:00:00+00:00,80884.8125,81244.84375,80725.2890625,81014.921875,470372352
2026-05-06 01:00:00+00:00,81011.0625,81488.8203125,80973.71875,81428.9765625,429518848
2026-05-06 02:00:00+00:00,81437.3125,81437.3125,81036.90625,81355.4921875,0
2026-05-06 03:00:00+00:00,81358.5234375,81743.328125,81349.453125,81576.2578125,0
2026-05-06 04:00:00+00:00,81579.171875,81634.796875,81265.6328125,81331.046875,0
2026-05-06 05:00:00+00:00,81316.1171875,81336.0,81054.28125,81319.140625,0
2026-05-06 06:00:00+00:00,81306.9765625,81517.8984375,81202.796875,81472.953125,198524928
2026-05-06 07:00:00+00:00,81497.90625,81606.0,81306.0,81370.0,0
2026-05-06 08:00:00+00:00,81350.828125,81984.0,81318.1015625,81956.6875,832966656
2026-05-06 09:00:00+00:00,81966.84375,82059.8515625,81685.4296875,81998.40625,1236283392
2026-05-06 10:00:00+00:00,82022.4296875,82382.09375,81965.2578125,82285.2734375,1085046784
2026-05-06 11:00:00+00:00,82261.7109375,82814.21875,82261.7109375,82522.03125,1632116736
2026-05-06 12:00:00+00:00,82512.5390625,82535.96875,82157.2421875,82223.59375,342368256
2026-05-06 13:00:00+00:00,82196.5703125,82209.921875,81607.953125,81666.0703125,0
2026-05-06 14:00:00+00:00,81658.9296875,81962.8515625,81137.640625,81515.4296875,1121538048
2026-05-06 15:00:00+00:00,81534.9921875,81809.3515625,81300.0,81699.078125,174989312
2026-05-06 16:00:00+00:00,81705.2890625,81863.6015625,81419.46875,81622.3828125,0
2026-05-06 17:00:00+00:00,81615.46875,81706.703125,81375.0078125,81447.8984375,229330944
2026-05-06 18:00:00+00:00,81456.3125,81554.5390625,81269.0390625,81347.828125,278974464
2026-05-06 19:00:00+00:00,81353.3671875,81510.0,81190.8671875,81461.6015625,48132096
2026-05-06 20:00:00+00:00,81463.3984375,81705.328125,81302.8203125,81425.8984375,0
2026-05-06 21:00:00+00:00,81434.8203125,81625.21875,81304.53125,81542.0078125,0
2026-05-06 22:00:00+00:00,81534.828125,81534.828125,81234.0078125,81339.671875,0
2026-05-06 23:00:00+00:00,81328.5,81447.8125,81005.9921875,81438.109375,0
2026-05-07 00:00:00+00:00,81416.3984375,81482.9765625,80996.0078125,81014.2265625,0
2026-05-07 01:00:00+00:00,81022.046875,81280.0,80893.5,81174.359375,0
2026-05-07 02:00:00+00:00,81165.6796875,81165.6796875,80890.2421875,81118.6015625,148107264
2026-05-07 03:00:00+00:00,81086.9921875,81108.25,80830.859375,80841.9921875,0
2026-05-07 04:00:00+00:00,80845.3828125,80983.2265625,80756.3515625,80974.0078125,0
2026-05-07 05:00:00+00:00,80973.9765625,81162.5,80958.0234375,81086.9921875,0
2026-05-07 06:00:00+00:00,81075.6328125,81443.1328125,80879.1484375,81443.1328125,0
2026-05-07 07:00:00+00:00,81442.2265625,81708.0625,81392.6328125,81517.796875,318640128
2026-05-07 08:00:00+00:00,81521.453125,81591.8984375,81194.15625,81211.4921875,0
2026-05-07 09:00:00+00:00,81220.0,81220.0,80843.5625,80914.5,0
2026-05-07 10:00:00+00:00,80900.0,80982.7109375,80564.140625,80837.1171875,0
2026-05-07 11:00:00+00:00,80851.7265625,81034.0,80780.34375,80857.34375,0
2026-05-07 12:00:00+00:00,80844.3984375,81192.4609375,80825.1015625,81160.8515625,0
2026-05-07 13:00:00+00:00,81146.5234375,81170.609375,80256.40625,80492.65625,0
2026-05-07 14:00:00+00:00,80502.2265625,80684.953125,80027.9609375,80154.8203125,0
2026-05-07 15:00:00+00:00,80129.6796875,80267.3203125,79733.640625,79868.4296875,1249581056
2026-05-07 16:00:00+00:00,79865.25,80003.7109375,79692.0,79778.453125,1029238784
2026-05-07 17:00:00+00:00,79787.0,80126.90625,79493.0625,80091.1796875,508534784
2026-05-07 18:00:00+00:00,80083.6484375,80282.0,79999.171875,80203.7578125,233508864
2026-05-07 19:00:00+00:00,80185.0078125,80216.96875,79920.0078125,80124.5,146276352
2026-05-07 20:00:00+00:00,80161.9921875,80330.6796875,79848.8828125,79873.28125,0
2026-05-07 21:00:00+00:00,79876.140625,79922.2890625,79643.7734375,79723.28125,261349376
2026-05-07 22:00:00+00:00,79695.9765625,79978.0703125,79573.296875,79907.390625,413900800
2026-05-07 23:00:00+00:00,79882.34375,80059.5,79857.9609375,79996.28125,14422016
2026-05-08 00:00:00+00:00,80027.9921875,80124.5,79739.8828125,79821.4765625,0
2026-05-08 01:00:00+00:00,79843.5703125,79888.1796875,79612.5625,79642.8984375,0
2026-05-08 03:00:00+00:00,79248.484375,79614.203125,79248.484375,79549.8828125,2175139840
2026-05-08 04:00:00+00:00,79552.4765625,79706.40625,79531.2734375,79644.078125,0
2026-05-08 05:00:00+00:00,79633.0078125,79738.46875,79581.25,79624.6171875,0
2026-05-08 06:00:00+00:00,79589.03125,79625.015625,79412.0390625,79469.921875,528748544
2026-05-08 07:00:00+00:00,79480.0859375,79699.7734375,79245.3671875,79637.5390625,429527040
2026-05-08 08:00:00+00:00,79642.703125,79956.3515625,79642.703125,79928.9453125,233136128
2026-05-08 09:00:00+00:00,79876.484375,80005.6484375,79788.9765625,79850.6015625,0
2026-05-08 10:00:00+00:00,79860.265625,80208.6953125,79789.21875,80208.25,0
2026-05-08 11:00:00+00:00,80205.53125,80303.6875,80134.1015625,80224.609375,438759424
2026-05-08 12:00:00+00:00,80220.7265625,80460.75,79961.578125,80020.046875,367104000
2026-05-08 13:00:00+00:00,80024.7734375,80093.09375,79525.53125,79599.1171875,0
2026-05-08 14:00:00+00:00,79633.0390625,80391.0703125,79632.0390625,80134.421875,0
2026-05-08 15:00:00+00:00,80132.1484375,80187.5625,79602.40625,80124.25,0
2026-05-08 16:00:00+00:00,80150.3203125,80165.3203125,79720.796875,79777.0390625,0
2026-05-08 17:00:00+00:00,79761.9921875,80259.7421875,79716.296875,80046.859375,157646848
2026-05-08 18:00:00+00:00,80063.84375,80294.75,80063.84375,80075.6796875,92106752
2026-05-08 19:00:00+00:00,80066.5,80128.2109375,79962.9609375,80101.3125,0
2026-05-08 20:00:00+00:00,80121.3671875,80284.078125,80077.703125,80129.0625,0
2026-05-08 21:00:00+00:00,80147.7421875,80261.359375,80104.703125,80258.171875,116869120
2026-05-08 22:00:00+00:00,80227.703125,80418.7890625,80227.703125,80270.1171875,0
2026-05-08 23:00:00+00:00,80265.3515625,80289.1171875,80100.2578125,80188.8203125,419674112
2026-05-09 00:00:00+00:00,80188.3828125,80238.0,80116.9765625,80230.2265625,0
2026-05-09 01:00:00+00:00,80219.5,80436.2265625,80219.5,80318.2578125,0
2026-05-09 02:00:00+00:00,80321.09375,80472.3515625,80321.09375,80407.296875,0
2026-05-09 03:00:00+00:00,80410.6328125,80518.6328125,80305.0,80380.296875,0
2026-05-09 04:00:00+00:00,80385.0625,80647.1015625,80366.140625,80385.0625,25501696
2026-05-09 05:00:00+00:00,80383.8515625,80480.9921875,80345.9296875,80374.0,0
2026-05-09 06:00:00+00:00,80374.0,80425.578125,80190.1328125,80248.1328125,0
2026-05-09 07:00:00+00:00,80250.953125,80296.609375,80133.59375,80214.859375,0
2026-05-09 08:00:00+00:00,80214.8671875,80434.6171875,80204.46875,80399.9921875,0
2026-05-09 09:00:00+00:00,80400.0,80406.1328125,80200.0078125,80236.7421875,0
2026-05-09 10:00:00+00:00,80236.7421875,80330.890625,80160.0,80259.3203125,0
2026-05-09 11:00:00+00:00,80249.609375,80365.9609375,80241.7265625,80330.5,0
2026-05-09 12:00:00+00:00,80315.96875,80411.21875,80257.65625,80400.0078125,0
2026-05-09 13:00:00+00:00,80393.59375,80422.7890625,80306.796875,80391.53125,0
2026-05-09 14:00:00+00:00,80391.5234375,80416.25,80241.3828125,80325.34375,0
2026-05-09 15:00:00+00:00,80314.21875,80590.4921875,80220.796875,80523.953125,0
2026-05-09 16:00:00+00:00,80556.21875,80761.1875,80478.3828125,80609.296875,0
2026-05-09 17:00:00+00:00,80609.296875,80906.7421875,80609.296875,80795.453125,0
2026-05-09 18:00:00+00:00,80815.4296875,81061.9609375,80773.703125,80898.40625,0
2026-05-09 19:00:00+00:00,80905.2421875,80950.71875,80769.0,80933.4375,0
2026-05-09 20:00:00+00:00,80939.0078125,80939.0078125,80731.203125,80797.421875,0
2026-05-09 21:00:00+00:00,80808.7421875,80882.546875,80732.0,80767.34375,0
2026-05-09 22:00:00+00:00,80767.34375,80812.4765625,80661.0,80757.0,0
2026-05-09 23:00:00+00:00,80743.2578125,80829.859375,80605.9765625,80658.9765625,0
2026-05-10 00:00:00+00:00,80653.4609375,80758.296875,80609.7421875,80658.9609375,22407168
2026-05-10 01:00:00+00:00,80658.9609375,80675.2109375,80552.7265625,80664.0,0
2026-05-10 02:00:00+00:00,80659.9375,80774.703125,80586.7265625,80765.0234375,0
2026-05-10 03:00:00+00:00,80759.453125,80871.671875,80693.8203125,80752.2265625,0
2026-05-10 04:00:00+00:00,80757.4609375,80830.5390625,80716.0703125,80747.1171875,0
2026-05-10 05:00:00+00:00,80739.0078125,80801.40625,80673.6328125,80679.9921875,0
2026-05-10 06:00:00+00:00,80684.1015625,80748.0,80635.7421875,80724.0625,0
2026-05-10 07:00:00+00:00,80731.5390625,80794.0,80713.1484375,80725.8515625,0
2026-05-10 08:00:00+00:00,80722.9609375,80891.8671875,80704.8125,80818.9921875,0
2026-05-10 09:00:00+00:00,80827.5234375,80896.75,80734.2265625,80794.0234375,0
2026-05-10 10:00:00+00:00,80794.03125,80871.3984375,80676.0,80848.0625,70102016
2026-05-10 11:00:00+00:00,80859.9375,80956.7734375,80737.21875,80790.0078125,156567552
2026-05-10 12:00:00+00:00,80795.9921875,80942.0,80765.3828125,80929.828125,0
2026-05-10 13:00:00+00:00,80921.34375,80998.9921875,80853.5,80962.328125,12219392
2026-05-10 14:00:00+00:00,80954.0234375,80993.109375,80800.03125,80988.4921875,84151296
2026-05-10 15:00:00+00:00,80987.7578125,81420.0,80922.140625,81404.640625,697543680
2026-05-10 16:00:00+00:00,81415.421875,81489.25,81175.6796875,81357.2734375,486647808
2026-05-10 17:00:00+00:00,81360.0,81567.9765625,81207.25,81471.421875,361115648
2026-05-10 18:00:00+00:00,81474.78125,81486.53125,81210.8671875,81268.5625,478963712
2026-05-10 19:00:00+00:00,81265.5390625,81475.9921875,81144.0,81425.140625,275552256
2026-05-10 20:00:00+00:00,81435.0,81447.5625,80295.1015625,80724.0,1811384320
2026-05-10 21:00:00+00:00,80712.953125,80936.46875,80571.6875,80702.609375,874268672
2026-05-10 22:00:00+00:00,80665.0,82147.9765625,80665.0,82034.53125,2956120064
2026-05-10 23:00:00+00:00,82068.7890625,82448.0,82067.6171875,82199.9921875,2202535936
2026-05-11 00:00:00+00:00,82218.15625,82335.53125,81276.4765625,81462.640625,1581203456
2026-05-11 01:00:00+00:00,81468.65625,81719.75,81268.7890625,81483.71875,864929792
2026-05-11 02:00:00+00:00,81498.7578125,81546.921875,81100.8828125,81158.6171875,122085376
2026-05-11 03:00:00+00:00,81158.6171875,81164.328125,80508.46875,80721.7578125,1743525888
2026-05-11 04:00:00+00:00,80704.1171875,80854.53125,80619.84375,80798.0,289626112
2026-05-11 05:00:00+00:00,80794.9375,80959.046875,80738.140625,80809.9921875,141926400
2026-05-11 06:00:00+00:00,80800.4375,81025.46875,80743.5,80814.078125,519299072
2026-05-11 07:00:00+00:00,80810.8828125,80820.0,80665.2890625,80721.78125,559378432
2026-05-11 08:00:00+00:00,80707.1328125,80846.4609375,80595.3515625,80754.8515625,385521664
2026-05-11 09:00:00+00:00,80734.0,80987.6328125,80734.0,80944.6484375,247339008
2026-05-11 10:00:00+00:00,80965.0,81187.0078125,80927.28125,80927.28125,425041920
2026-05-11 11:00:00+00:00,80927.2734375,81185.9921875,80896.4921875,81185.9921875,124577792
2026-05-11 12:00:00+00:00,81193.4765625,81337.328125,81007.90625,81027.9765625,421584896
2026-05-11 13:00:00+00:00,81037.3515625,81311.5,80734.5078125,81041.3671875,1015132160
2026-05-11 14:00:00+00:00,81029.0078125,81222.1796875,80453.9375,80908.8671875,949366784
2026-05-11 15:00:00+00:00,80913.1171875,81431.25,80789.7578125,81422.953125,140636160
2026-05-11 16:00:00+00:00,81429.1796875,81899.3671875,81319.9296875,81562.703125,406462464
2026-05-11 17:00:00+00:00,81555.1171875,82024.0,81348.84375,81931.6015625,796422144
2026-05-11 18:00:00+00:00,81913.0234375,82131.171875,81821.3203125,81843.3203125,460042240
2026-05-11 19:00:00+00:00,81852.40625,82084.1875,81722.1328125,81955.4296875,384733184
2026-05-11 20:00:00+00:00,81969.28125,82068.6328125,81748.9921875,81812.203125,0
2026-05-11 21:00:00+00:00,81812.203125,81898.046875,81580.0,81812.4609375,0
2026-05-11 22:00:00+00:00,81831.203125,81955.4296875,81715.5390625,81813.03125,0
2026-05-11 23:00:00+00:00,81791.828125,81806.9609375,81606.46875,81727.0625,2289664
2026-05-12 00:00:00+00:00,81715.28125,81770.6171875,81462.390625,81528.203125,0
2026-05-12 01:00:00+00:00,81528.171875,81603.953125,80697.9921875,81176.7265625,313991168
2026-05-12 02:00:00+00:00,81167.109375,81318.0,81075.1875,81235.0390625,0
2026-05-12 03:00:00+00:00,81235.0390625,81272.7890625,81001.203125,81036.0078125,0
2026-05-12 04:00:00+00:00,81020.1484375,81282.0,80972.046875,81203.9765625,0
2026-05-12 05:00:00+00:00,81205.6015625,81288.828125,81165.03125,81200.0078125,0
2026-05-12 06:00:00+00:00,81194.90625,81282.78125,80981.8203125,80997.0390625,2777088
2026-05-12 07:00:00+00:00,80978.2109375,81106.1328125,80819.1484375,80829.9375,503228416
2026-05-12 08:00:00+00:00,80815.9609375,80937.1328125,80733.0625,80807.7578125,78776320
2026-05-12 09:00:00+00:00,80801.25,80929.3125,80688.0,80799.703125,337725440
2026-05-12 10:00:00+00:00,80799.703125,80805.0,80599.9765625,80643.390625,10246144
2026-05-12 11:00:00+00:00,80664.0,80764.296875,80471.8984375,80764.296875,464963584
2026-05-12 12:00:00+00:00,80755.3203125,80983.078125,80593.4765625,80862.5390625,659335168
2026-05-12 13:00:00+00:00,80862.5390625,80910.6484375,80385.9765625,80432.2734375,141676544
2026-05-12 14:00:00+00:00,80407.8125,80880.0078125,80359.90625,80525.9765625,559448064
2026-05-12 15:00:00+00:00,80518.28125,80642.5703125,80143.65625,80295.5390625,505669632
2026-05-12 16:00:00+00:00,80269.15625,80393.296875,79819.75,79965.0078125,79321088
2026-05-12 17:00:00+00:00,80007.453125,80562.9921875,79928.1875,80493.796875,120113152
2026-05-12 18:00:00+00:00,80487.1015625,80731.1796875,80420.46875,80649.09375,0
2026-05-12 19:00:00+00:00,80650.1171875,80859.046875,80650.1171875,80814.296875,0
2026-05-12 20:00:00+00:00,80823.9921875,80871.359375,80617.5703125,80673.03125,16121856
2026-05-12 21:00:00+00:00,80671.8203125,80718.25,80472.2265625,80569.2265625,124344320
2026-05-12 22:00:00+00:00,80612.5078125,80773.7734375,80595.59375,80639.9921875,0
2026-05-12 23:00:00+00:00,80639.9921875,80697.546875,80420.1015625,80483.75,817152
2026-05-13 00:00:00+00:00,80480.40625,80757.3984375,80389.953125,80698.1171875,0
2026-05-13 01:00:00+00:00,80703.7734375,81180.0,80658.2890625,80985.8671875,0
2026-05-13 02:00:00+00:00,80985.8828125,81260.0,80919.7578125,81040.59375,0
2026-05-13 03:00:00+00:00,81016.3984375,81277.109375,80969.5078125,81240.78125,281935872
2026-05-13 04:00:00+00:00,81247.5390625,81264.4609375,81107.5234375,81217.390625,9961472
2026-05-13 05:00:00+00:00,81212.890625,81226.0078125,80973.3671875,80998.671875,67913728
2026-05-13 06:00:00+00:00,80999.8984375,81137.0,80947.0078125,80958.0625,0
2026-05-13 07:00:00+00:00,80949.3984375,81031.6328125,80861.2109375,80996.0078125,0
2026-05-13 08:00:00+00:00,81003.9375,81172.609375,80908.2265625,81165.09375,214681600
2026-05-13 09:00:00+00:00,81172.53125,81285.5078125,81097.453125,81256.6015625,0
2026-05-13 10:00:00+00:00,81252.5390625,81264.359375,80773.5078125,80773.5078125,90374144
2026-05-13 11:00:00+00:00,80768.6875,80815.3203125,80468.2890625,80471.1484375,0
2026-05-13 12:00:00+00:00,80468.96875,80564.5625,79825.9609375,80172.5234375,906690560
2026-05-13 13:00:00+00:00,80172.5078125,80320.8125,79540.3828125,79617.9765625,902543360
2026-05-13 14:00:00+00:00,79581.421875,79862.4921875,79447.140625,79724.6796875,0
2026-05-13 15:00:00+00:00,79734.0390625,79820.03125,78761.3125,78783.0390625,158214144
2026-05-13 16:00:00+00:00,78761.28125,79181.3671875,78700.0,79066.609375,1587939328
2026-05-13 17:00:00+00:00,79096.84375,79528.7890625,79068.0078125,79479.9921875,0
2026-05-13 18:00:00+00:00,79495.3984375,79782.359375,79482.21875,79576.1328125,648425472
2026-05-13 19:00:00+00:00,79567.9375,79614.5390625,79363.9921875,79606.0,0
2026-05-13 20:00:00+00:00,79611.359375,79731.890625,79576.03125,79676.6484375,0
2026-05-13 21:00:00+00:00,79676.8671875,79676.8984375,79324.2578125,79363.1171875,241364992
2026-05-13 22:00:00+00:00,79405.03125,79441.90625,79195.2578125,79393.6328125,215263232
2026-05-13 23:00:00+00:00,79396.6484375,79465.2578125,79194.15625,79288.25,170797056
2026-05-14 00:00:00+00:00,79299.1484375,79656.453125,79287.0703125,79546.796875,311572480
2026-05-14 01:00:00+00:00,79525.6484375,79661.546875,79383.7421875,79573.4921875,0
2026-05-14 02:00:00+00:00,79577.0,79650.6875,79195.71875,79340.0,358586368
2026-05-14 03:00:00+00:00,79306.5,79429.0078125,78906.5703125,79012.2734375,670730240
2026-05-14 04:00:00+00:00,79017.9921875,79440.0,78945.828125,79428.703125,520454144
2026-05-14 05:00:00+00:00,79407.34375,79962.3828125,79347.46875,79780.7734375,758493184
2026-05-14 06:00:00+00:00,79788.34375,79908.28125,79726.6796875,79772.953125,16437248
2026-05-14 07:00:00+00:00,79768.40625,79903.46875,79671.0,79706.1015625,169299968
2026-05-14 08:00:00+00:00,79709.03125,79906.4765625,79605.1015625,79784.5625,743694336
2026-05-14 09:00:00+00:00,79798.5,79875.0,79529.71875,79591.078125,0
2026-05-14 10:00:00+00:00,79599.78125,79721.828125,79375.0,79534.4765625,0
2026-05-14 11:00:00+00:00,79533.546875,79576.6484375,79189.9765625,79213.1484375,0
2026-05-14 12:00:00+00:00,79198.21875,79757.96875,79194.9765625,79744.0,0
2026-05-14 13:00:00+00:00,79742.609375,80026.0,79655.640625,79679.9921875,0
2026-05-14 14:00:00+00:00,79652.453125,80978.453125,79542.3671875,80949.109375,1745485824
2026-05-14 15:00:00+00:00,80954.078125,81335.578125,80807.109375,81304.03125,1471365120
2026-05-14 16:00:00+00:00,81328.796875,81890.34375,81088.390625,81890.34375,1374597120
2026-05-14 17:00:00+00:00,81877.2265625,82054.3125,81294.5703125,81683.8828125,2805448704
2026-05-14 18:00:00+00:00,81684.171875,81994.9765625,81435.1171875,81590.34375,635367424
2026-05-14 19:00:00+00:00,81600.546875,81728.1484375,81327.1875,81438.0,633659392
2026-05-14 20:00:00+00:00,81459.9765625,81625.0703125,81151.3125,81400.0,453382144
2026-05-14 21:00:00+00:00,81453.78125,81526.0,81259.6796875,81375.9765625,0
2026-05-14 22:00:00+00:00,81376.0078125,81542.0390625,81328.0,81444.0078125,0
2026-05-14 23:00:00+00:00,81405.0,81411.0,81029.1484375,81079.03125,0
2026-05-15 00:00:00+00:00,81080.078125,81646.671875,81047.4921875,81506.09375,0
2026-05-15 01:00:00+00:00,81502.2109375,81608.3125,81094.0,81110.046875,304054272
2026-05-15 02:00:00+00:00,81086.9296875,81338.3828125,80729.0,81281.3984375,489132032
2026-05-15 03:00:00+00:00,81290.53125,81331.0390625,80922.796875,81053.6875,0
2026-05-15 04:00:00+00:00,81045.3125,81081.7890625,80694.03125,80710.328125,0
2026-05-15 05:00:00+00:00,80713.71875,80871.2890625,80308.0,80364.0,344064000
2026-05-15 06:00:00+00:00,80346.359375,80625.96875,80305.9609375,80568.2421875,686202880
2026-05-15 07:00:00+00:00,80575.0,80991.3515625,80547.75,80815.9921875,877731840
2026-05-15 08:00:00+00:00,80819.9921875,80819.9921875,80415.9296875,80640.0,0
2026-05-15 09:00:00+00:00,80642.0078125,80673.1328125,80366.1171875,80488.0078125,100147200
2026-05-15 10:00:00+00:00,80489.4765625,80771.796875,80409.171875,80710.2890625,9396224
2026-05-15 11:00:00+00:00,80718.6875,80753.3125,80580.7734375,80616.046875,0
2026-05-15 12:00:00+00:00,80600.359375,80635.0,80337.4609375,80380.1328125,0
2026-05-15 13:00:00+00:00,80361.359375,80361.359375,78647.203125,78701.9296875,1882701824
2026-05-15 14:00:00+00:00,78729.21875,79287.7890625,78601.1875,79111.921875,1521045504
2026-05-15 15:00:00+00:00,79145.3671875,79337.5703125,78980.9921875,79113.296875,0
2026-05-15 16:00:00+00:00,79141.359375,79346.90625,79089.1875,79268.34375,0
2026-05-15 17:00:00+00:00,79242.6484375,79464.84375,79188.8515625,79424.90625,0
2026-05-15 18:00:00+00:00,79420.5703125,79533.0078125,79120.3125,79237.6015625,0
2026-05-15 19:00:00+00:00,79233.59375,79246.0625,79010.890625,79106.7578125,0
2026-05-15 20:00:00+00:00,79130.703125,79175.8203125,78962.7421875,79083.7421875,0
2026-05-15 21:00:00+00:00,79083.3515625,79161.40625,78870.6875,78932.0,218189824
2026-05-15 22:00:00+00:00,78931.9921875,79108.09375,78931.9921875,79060.171875,80760832
2026-05-15 23:00:00+00:00,79059.0234375,79115.390625,79025.0703125,79058.5078125,0
2026-05-16 00:00:00+00:00,79050.3125,79180.5390625,79019.9921875,79063.25,0
2026-05-16 01:00:00+00:00,79072.5625,79137.453125,78966.453125,79113.3828125,0
2026-05-16 02:00:00+00:00,79125.3125,79160.8515625,79019.2421875,79094.109375,0
2026-05-16 03:00:00+00:00,79094.1015625,79146.0078125,79009.03125,79025.9375,0
2026-05-16 04:00:00+00:00,79018.1796875,79085.3203125,78826.578125,78996.953125,0
2026-05-16 05:00:00+00:00,78996.9375,78999.9921875,78894.6875,78997.703125,0
2026-05-16 06:00:00+00:00,78998.0,79017.0390625,78424.7890625,78598.046875,0
2026-05-16 07:00:00+00:00,78600.6328125,78601.703125,78042.421875,78328.2421875,473317376
2026-05-16 08:00:00+00:00,78324.609375,78469.3671875,78296.2421875,78373.4609375,0
2026-05-16 09:00:00+00:00,78373.4765625,78398.9765625,77893.09375,78042.796875,863152128
2026-05-16 10:00:00+00:00,78042.7890625,78064.140625,77611.359375,77931.4921875,1629560832
2026-05-16 11:00:00+00:00,77943.7578125,78157.6796875,77943.7578125,78047.6796875,434102272
2026-05-16 12:00:00+00:00,78042.9765625,78093.90625,77886.3671875,77973.21875,311140352
2026-05-16 13:00:00+00:00,77973.2109375,77981.8828125,77799.9765625,77981.8828125,0
2026-05-16 14:00:00+00:00,77997.140625,78283.546875,77854.921875,78094.59375,0
2026-05-16 15:00:00+00:00,78091.578125,78249.9921875,78040.0,78201.4296875,0
2026-05-16 16:00:00+00:00,78185.7890625,78328.8671875,78099.7109375,78177.84375,0
2026-05-16 17:00:00+00:00,78177.84375,78293.53125,78168.1171875,78169.609375,0
2026-05-16 18:00:00+00:00,78168.25,78299.0234375,78113.1796875,78196.9375,0
2026-05-16 19:00:00+00:00,78212.8203125,78277.2421875,78169.796875,78234.3984375,0
2026-05-16 20:00:00+00:00,78250.0,78289.5,78166.5703125,78205.1875,0
2026-05-16 21:00:00+00:00,78197.6875,78273.3671875,78177.0078125,78232.34375,0
2026-05-16 22:00:00+00:00,78226.40625,78246.96875,78125.109375,78148.21875,0
2026-05-16 23:00:00+00:00,78152.7421875,78233.609375,78086.7109375,78105.4609375,137216
2026-05-17 00:00:00+00:00,78106.296875,78203.9375,77779.6875,77906.1328125,0
2026-05-17 01:00:00+00:00,77936.203125,78074.3984375,77693.25,77709.7265625,501573632
2026-05-17 02:00:00+00:00,77693.25,77909.4921875,77693.25,77866.78125,46262272
2026-05-17 03:00:00+00:00,77855.2734375,78054.0078125,77855.2734375,77993.2421875,0
2026-05-17 04:00:00+00:00,77993.2421875,78170.8984375,77971.9765625,78124.0,0
2026-05-17 05:00:00+00:00,78118.21875,78278.203125,78074.1015625,78098.4765625,137803776
2026-05-17 06:00:00+00:00,78106.828125,78182.609375,77977.2734375,78077.5703125,0
2026-05-17 07:00:00+00:00,78077.578125,78177.9921875,78028.09375,78152.1328125,0
2026-05-17 08:00:00+00:00,78153.8125,78169.640625,78000.09375,78058.1875,0
2026-05-17 09:00:00+00:00,78063.9921875,78267.0078125,78033.4375,78217.3125,0
2026-05-17 10:00:00+00:00,78217.3203125,78552.0234375,78217.3125,78431.359375,0
2026-05-17 11:00:00+00:00,78435.6171875,78439.6796875,78260.5625,78382.0,0
2026-05-17 12:00:00+00:00,78382.0,78508.2109375,78299.0,78332.3828125,0
2026-05-17 13:00:00+00:00,78332.3828125,78333.953125,78142.90625,78175.09375,0
2026-05-17 14:00:00+00:00,78175.09375,78180.203125,77815.328125,78014.7421875,0
2026-05-17 15:00:00+00:00,78000.1015625,78092.171875,77885.2734375,78012.8984375,0
2026-05-17 16:00:00+00:00,78016.1796875,78159.3203125,77992.0078125,78001.9921875,0
2026-05-17 17:00:00+00:00,78013.8125,78064.78125,77831.6484375,78056.2109375,0
2026-05-17 18:00:00+00:00,78051.34375,78238.171875,77966.0078125,78226.3984375,0
2026-05-17 19:00:00+00:00,78232.0078125,78429.5703125,78166.6328125,78393.9765625,22458368
2026-05-17 20:00:00+00:00,78368.7265625,78402.5,78205.0,78226.3984375,195695616
2026-05-17 21:00:00+00:00,78228.0,78450.0,78196.5234375,78364.1171875,98394112
2026-05-17 22:00:00+00:00,78317.78125,78367.2578125,77796.71875,77953.8984375,707606528
2026-05-17 23:00:00+00:00,77920.0078125,77951.9609375,76727.5078125,77411.390625,2684411904
2026-05-18 00:00:00+00:00,77408.0,77429.8515625,76869.828125,77166.1328125,1634627584
2026-05-18 01:00:00+00:00,77146.1015625,77227.7109375,76714.40625,77068.03125,389249024
2026-05-18 02:00:00+00:00,77064.6875,77170.0078125,76659.4765625,76787.40625,763471872
2026-05-18 03:00:00+00:00,76787.40625,76971.0078125,76759.6484375,76880.640625,411746304
2026-05-18 04:00:00+00:00,76877.9765625,77020.1171875,76731.3828125,76988.109375,358191104
2026-05-18 05:00:00+00:00,76993.9765625,77032.4609375,76837.6171875,76872.8125,398487552
2026-05-18 06:00:00+00:00,76868.5390625,76920.71875,76540.0390625,76865.4765625,716759040
2026-05-18 07:00:00+00:00,76895.0,77030.7890625,76717.8671875,77021.46875,1644081152
2026-05-18 08:00:00+00:00,77035.0625,77120.0390625,76830.8515625,76972.078125,1239162880
2026-05-18 09:00:00+00:00,76972.078125,76994.28125,76819.1171875,76884.8515625,376938496
2026-05-18 10:00:00+00:00,76897.5078125,76900.3203125,76662.71875,76717.2578125,214743040
2026-05-18 11:00:00+00:00,76729.8125,77347.5703125,76608.0703125,77238.5078125,633647104
2026-05-18 12:00:00+00:00,77251.6015625,77764.28125,77227.640625,77610.71875,936886272
2026-05-18 13:00:00+00:00,77602.171875,77611.4609375,76657.9921875,76885.59375,1378283520
2026-05-18 14:00:00+00:00,76872.203125,76910.2265625,76189.9921875,76343.8984375,3258488832
2026-05-18 15:00:00+00:00,76338.046875,76418.0078125,76001.96875,76338.546875,2729029632
2026-05-18 16:00:00+00:00,76319.0625,76589.453125,76149.9921875,76348.71875,2477572096
2026-05-18 17:00:00+00:00,76349.3203125,76699.9921875,76312.2734375,76647.2578125,597778432
2026-05-18 18:00:00+00:00,76627.046875,76639.578125,76079.9921875,76179.2265625,975884288
2026-05-18 19:00:00+00:00,76187.7734375,76926.7734375,76187.7734375,76857.8828125,1164935168
2026-05-18 20:00:00+00:00,76905.0,77120.2109375,76820.9921875,76847.96875,627003392
2026-05-18 21:00:00+00:00,76855.3671875,77127.046875,76743.9296875,77048.5390625,609984512
2026-05-18 22:00:00+00:00,77059.0625,77171.9765625,76893.9765625,77020.3828125,0
2026-05-18 23:00:00+00:00,77005.0,77109.9765625,76881.3125,76942.7109375,0
2026-05-19 00:00:00+00:00,76952.46875,77347.2890625,76899.9765625,77079.5234375,0
2026-05-19 01:00:00+00:00,77074.28125,77099.6875,76603.7734375,76603.7734375,0
2026-05-19 02:00:00+00:00,76600.0,76934.21875,76428.1171875,76550.2578125,0
2026-05-19 03:00:00+00:00,76534.5,76803.421875,76521.359375,76721.9921875,0
2026-05-19 04:00:00+00:00,76715.75,76879.5625,76633.921875,76855.2890625,0
2026-05-19 05:00:00+00:00,76859.5078125,76942.890625,76577.84375,76846.9921875,123428864
2026-05-19 06:00:00+00:00,76844.53125,77043.1796875,76822.1328125,76965.7421875,0
2026-05-19 07:00:00+00:00,76944.2578125,77219.8203125,76908.796875,77178.0,0
2026-05-19 08:00:00+00:00,77169.9375,77242.40625,76902.640625,76982.0703125,0
2026-05-19 09:00:00+00:00,76982.0703125,76997.4765625,76636.5078125,76746.859375,11051008
2026-05-19 10:00:00+00:00,76732.7421875,77024.65625,76635.9921875,76969.46875,41066496
2026-05-19 11:00:00+00:00,76982.078125,77011.421875,76577.8984375,76641.296875,0
2026-05-19 12:00:00+00:00,76634.0,76914.0078125,76573.0703125,76861.5234375,0
2026-05-19 13:00:00+00:00,76874.0,76987.9921875,76509.8671875,76797.9921875,0
2026-05-19 14:00:00+00:00,76806.609375,76937.0625,76075.9765625,76315.96875,0
2026-05-19 15:00:00+00:00,76302.46875,76602.2421875,76256.0,76441.421875,0
2026-05-19 16:00:00+00:00,76452.6171875,76856.03125,76331.328125,76819.9296875,0
2026-05-19 17:00:00+00:00,76842.0234375,76948.9375,76680.2734375,76778.21875,0
2026-05-19 18:00:00+00:00,76766.0390625,76881.9296875,76664.4375,76728.2890625,0
2026-05-19 19:00:00+00:00,76728.2890625,76993.0703125,76687.9921875,76754.046875,0
2026-05-19 20:00:00+00:00,76773.4375,76979.53125,76752.046875,76953.3515625,0
2026-05-19 21:00:00+00:00,76948.890625,76978.9609375,76901.0703125,76910.0078125,0
2026-05-19 22:00:00+00:00,76901.0390625,76901.0390625,76570.3125,76640.46875,0
2026-05-19 23:00:00+00:00,76608.96875,76907.7265625,76594.0078125,76764.046875,0
2026-05-20 00:00:00+00:00,76755.25,76828.0,76442.0234375,76704.1796875,0
2026-05-20 01:00:00+00:00,76706.0390625,76839.9921875,76450.65625,76735.3203125,0
2026-05-20 02:00:00+00:00,76735.3203125,76834.9921875,76517.75,76607.828125,0
2026-05-20 03:00:00+00:00,76611.1328125,76741.3125,76519.9921875,76637.609375,265746432
2026-05-20 04:00:00+00:00,76650.6796875,76746.84375,76596.3125,76695.9921875,93388800
2026-05-20 05:00:00+00:00,76705.9921875,77247.4921875,76705.9921875,77121.0,772870144
2026-05-20 06:00:00+00:00,77140.1796875,77345.75,77117.0,77337.2578125,0
2026-05-20 07:00:00+00:00,77348.9921875,77401.2421875,77157.140625,77195.4765625,0
2026-05-20 08:00:00+00:00,77197.21875,77524.046875,77121.9921875,77372.4609375,0
2026-05-20 09:00:00+00:00,77371.421875,77464.0,77280.171875,77399.0390625,91045888
2026-05-20 10:00:00+00:00,77407.8828125,77583.84375,77404.5703125,77433.6484375,0
2026-05-20 11:00:00+00:00,77433.6484375,77488.828125,77245.9609375,77301.6171875,0
2026-05-20 12:00:00+00:00,77296.140625,77669.9921875,77281.390625,77549.3125,30218240
2026-05-20 13:00:00+00:00,77555.4375,77578.96875,76891.7734375,77131.2578125,217997312
2026-05-20 14:00:00+00:00,77137.328125,77478.71875,76819.8515625,77371.6328125,0
2026-05-20 15:00:00+00:00,77362.34375,77767.828125,77230.7890625,77378.1484375,50601984
2026-05-20 16:00:00+00:00,77389.9921875,77486.5625,76929.953125,77256.1171875,489474048
2026-05-20 17:00:00+00:00,77251.3671875,77642.3828125,77139.8125,77495.4609375,256405504
2026-05-20 18:00:00+00:00,77493.7734375,77563.59375,77310.859375,77330.046875,123340800
2026-05-20 19:00:00+00:00,77322.5625,77641.59375,77271.609375,77600.9765625,34113536
2026-05-20 20:00:00+00:00,77602.0,77688.6875,77399.9921875,77650.03125,700243968
2026-05-20 21:00:00+00:00,77623.0234375,77688.6875,77422.65625,77422.671875,28180480
2026-05-20 22:00:00+00:00,77412.578125,77424.203125,77144.8203125,77424.203125,19169280
2026-05-20 23:00:00+00:00,77390.59375,77481.5234375,77304.7109375,77475.0390625,0
2026-05-21 00:00:00+00:00,77479.203125,77970.359375,77442.171875,77889.9921875,138403840
2026-05-21 01:00:00+00:00,77912.1875,78086.0078125,77720.0234375,77788.0,518545408
2026-05-21 02:00:00+00:00,77761.953125,78026.1484375,77743.9765625,77880.5703125,95408128
2026-05-21 03:00:00+00:00,77875.8828125,78030.03125,77827.796875,78001.6484375,0
2026-05-21 04:00:00+00:00,78001.65625,78101.9375,77883.15625,77960.28125,0
2026-05-21 05:00:00+00:00,77951.8515625,78060.34375,77665.140625,77749.2734375,0
2026-05-21 06:00:00+00:00,77740.0,77798.3203125,77483.4296875,77536.78125,0
2026-05-21 07:00:00+00:00,77521.3984375,77825.6875,77441.203125,77807.6796875,0
2026-05-21 08:00:00+00:00,77817.90625,78104.34375,77810.21875,77848.2734375,490899456
2026-05-21 09:00:00+00:00,77845.9921875,77906.1171875,77549.9609375,77549.9609375,0
2026-05-21 10:00:00+00:00,77535.453125,77599.6328125,77094.5,77104.4765625,576278528
2026-05-21 11:00:00+00:00,77113.6171875,77298.59375,77050.2734375,77111.1015625,261208064
2026-05-21 12:00:00+00:00,77126.609375,77283.8984375,77007.9765625,77197.9921875,350676992
2026-05-21 13:00:00+00:00,77181.578125,77275.0,76641.9921875,77041.7265625,0
2026-05-21 14:00:00+00:00,77046.1171875,77159.1875,76691.953125,76892.0,0
2026-05-21 15:00:00+00:00,76891.3515625,77306.3984375,76800.0,77181.8515625,0
2026-05-21 16:00:00+00:00,77188.40625,77270.6328125,76918.8125,77110.2578125,0
2026-05-21 17:00:00+00:00,77146.0,78016.828125,77093.28125,77799.671875,1685198848
2026-05-21 18:00:00+00:00,77826.0,77840.78125,77186.7890625,77310.046875,244557824
2026-05-21 19:00:00+00:00,77289.171875,77723.9765625,77289.171875,77601.5625,268374016
2026-05-21 20:00:00+00:00,77630.796875,77731.8515625,77578.109375,77633.46875,0
2026-05-21 21:00:00+00:00,77651.4921875,77743.8203125,77567.0390625,77598.578125,0
2026-05-21 22:00:00+00:00,77603.1796875,77677.8984375,77469.46875,77550.171875,0
2026-05-21 23:00:00+00:00,77531.953125,77676.578125,77458.6171875,77542.65625,495616
2026-05-22 00:00:00+00:00,77551.25,77567.2421875,77294.296875,77304.2109375,0
2026-05-22 01:00:00+00:00,77277.34375,77596.609375,77239.90625,77539.296875,0
2026-05-22 02:00:00+00:00,77542.5703125,77659.34375,77515.9921875,77598.3984375,0
2026-05-22 03:00:00+00:00,77598.390625,77738.296875,77598.390625,77705.25,0
2026-05-22 04:00:00+00:00,77711.0078125,77829.1484375,77556.1875,77577.84375,75970560
2026-05-22 05:00:00+00:00,77574.4296875,77649.96875,77389.140625,77408.4296875,0
2026-05-22 06:00:00+00:00,77406.7734375,77444.359375,77281.078125,77340.1875,114491392
2026-05-22 07:00:00+00:00,77334.1171875,77457.4609375,77200.6171875,77320.6328125,453523456
2026-05-22 08:00:00+00:00,77323.671875,77458.90625,77141.0078125,77177.859375,88543232
2026-05-22 09:00:00+00:00,77159.9609375,77270.0,77108.796875,77213.9921875,2658304
2026-05-22 10:00:00+00:00,77205.046875,77278.03125,77165.4765625,77224.671875,0
2026-05-22 11:00:00+00:00,77230.8828125,77342.0625,77088.6015625,77342.0625,0
2026-05-22 12:00:00+00:00,77346.671875,77491.2109375,77303.953125,77446.328125,0
2026-05-22 13:00:00+00:00,77447.03125,77466.7890625,77032.9921875,77196.0390625,0
2026-05-22 14:00:00+00:00,77115.84375,77139.9921875,76663.09375,76674.890625,248442880
2026-05-22 15:00:00+00:00,76621.9921875,76929.7578125,76491.3515625,76698.25,807215104
2026-05-22 16:00:00+00:00,76690.8984375,76912.3203125,76680.0,76863.0,0
2026-05-22 17:00:00+00:00,76869.7109375,76995.4296875,76651.9609375,76654.7421875,0
2026-05-22 18:00:00+00:00,76652.1875,76811.9921875,76013.9765625,76443.7578125,442126336
2026-05-22 19:00:00+00:00,76433.4921875,76494.6875,75569.7890625,75756.03125,1433866240
2026-05-22 20:00:00+00:00,75783.75,75991.8125,75739.9609375,75895.203125,452485120
2026-05-22 21:00:00+00:00,75864.4375,75994.6015625,75846.25,75880.2890625,322607104
2026-05-22 22:00:00+00:00,75880.296875,75894.4921875,75479.953125,75639.9765625,500660224
2026-05-22 23:00:00+00:00,75661.4765625,75781.1484375,75266.7265625,75439.96875,105893888
2026-05-23 00:00:00+00:00,75462.9765625,75540.203125,75127.328125,75263.21875,1829261312
2026-05-23 01:00:00+00:00,75275.6484375,75409.6796875,75258.0078125,75402.1171875,0
2026-05-23 02:00:00+00:00,75411.2578125,75495.171875,75320.0,75482.5625,54196224
2026-05-23 03:00:00+00:00,75472.0703125,75573.921875,75468.90625,75545.7109375,21639168
2026-05-23 04:00:00+00:00,75545.7109375,75565.75,75417.0,75455.1171875,236105728
2026-05-23 05:00:00+00:00,75455.1171875,75468.0,75377.9765625,75397.640625,0
2026-05-23 06:00:00+00:00,75398.6796875,75411.96875,75293.15625,75312.328125,0
2026-05-23 07:00:00+00:00,75316.3125,75348.1171875,74251.296875,74516.7265625,1411538944
2026-05-23 08:00:00+00:00,74521.140625,74656.34375,74262.5390625,74594.4921875,194715648
2026-05-23 09:00:00+00:00,74590.0234375,74668.421875,74543.8203125,74575.96875,761614336
2026-05-23 10:00:00+00:00,74589.4375,74704.0078125,74579.140625,74626.6171875,0
2026-05-23 11:00:00+00:00,74633.4921875,74783.6328125,74624.3203125,74710.3125,0
2026-05-23 12:00:00+00:00,74704.9296875,74718.7734375,74577.53125,74674.8828125,22644736
2026-05-23 13:00:00+00:00,74674.8671875,75167.2109375,74674.8671875,75119.4609375,31873024
2026-05-23 14:00:00+00:00,75137.28125,75594.2421875,75015.859375,75443.71875,0
2026-05-23 15:00:00+00:00,75443.7265625,75594.0,75309.390625,75432.03125,0
2026-05-23 16:00:00+00:00,75474.5703125,75530.1328125,75307.8203125,75347.421875,0
2026-05-23 17:00:00+00:00,75386.3125,75436.5234375,75288.2421875,75399.7265625,0
2026-05-23 18:00:00+00:00,75402.046875,75889.578125,75376.0078125,75757.609375,0
2026-05-23 19:00:00+00:00,75760.171875,75901.0703125,75690.7421875,75887.59375,0
2026-05-23 20:00:00+00:00,75903.1796875,77188.0,75849.859375,77188.0,1197891584
2026-05-23 21:00:00+00:00,77234.7421875,77285.6484375,76436.1875,76707.9921875,1622888448
2026-05-23 22:00:00+00:00,76715.2734375,76783.9921875,76297.0,76479.9921875,0
2026-05-23 23:00:00+00:00,76458.890625,76703.09375,76431.171875,76644.2421875,0
2026-05-24 00:00:00+00:00,76657.9765625,76815.9765625,76532.2265625,76736.9921875,0
2026-05-24 01:00:00+00:00,76741.5078125,76819.9921875,76655.7421875,76790.9921875,0
2026-05-24 02:00:00+00:00,76800.8671875,76856.453125,76600.0078125,76721.359375,28203008
2026-05-24 03:00:00+00:00,76718.8125,76895.0625,76632.15625,76699.46875,64765952
2026-05-24 04:00:00+00:00,76680.0390625,76753.4765625,76634.0,76682.7734375,11177984
2026-05-24 05:00:00+00:00,76678.8984375,76765.9921875,76548.0,76714.4921875,0
2026-05-24 06:00:00+00:00,76712.4375,76960.671875,76621.6171875,76881.3125,24938496
2026-05-24 07:00:00+00:00,76893.6015625,76921.78125,76687.9921875,76708.0,0
2026-05-24 08:00:00+00:00,76710.296875,76762.9296875,76629.96875,76737.390625,0
2026-05-24 09:00:00+00:00,76737.390625,76945.1015625,76712.6171875,76930.3828125,2910425088
2026-05-24 10:00:00+00:00,76931.9921875,77374.9375,76825.0078125,77097.1484375,1474426880
2026-05-24 11:00:00+00:00,77082.4375,77252.0,77082.4375,77218.9375,272797696
2026-05-24 12:00:00+00:00,77219.2890625,77229.5703125,76947.7578125,77013.640625,596721664
2026-05-24 13:00:00+00:00,77025.453125,77025.453125,76593.203125,76721.21875,201916416
2026-05-24 14:00:00+00:00,76698.6171875,76744.0,76129.421875,76361.03125,799197184
2026-05-24 15:00:00+00:00,76354.0,76442.8203125,76260.890625,76278.71875,0
2026-05-24 16:00:00+00:00,76282.6328125,76629.7734375,76279.4296875,76575.6875,22538240
2026-05-24 17:00:00+00:00,76567.5625,76688.7265625,76466.28125,76591.25,0
2026-05-24 18:00:00+00:00,76591.25,76692.5703125,76492.609375,76565.203125,0
2026-05-24 19:00:00+00:00,76577.359375,76686.2265625,76512.0234375,76677.7578125,0
2026-05-24 20:00:00+00:00,76689.1015625,76694.0,76520.0703125,76569.2578125,0
2026-05-24 21:00:00+00:00,76572.6796875,76650.5,76008.7109375,76045.4921875,0
2026-05-24 22:00:00+00:00,76138.5703125,76905.0,76052.0078125,76709.9921875,201957376
2026-05-24 23:00:00+00:00,76710.0,77114.46875,76710.0,76961.8515625,169852928
2026-05-25 00:00:00+00:00,76996.109375,77164.4375,76996.0,77060.296875,16697344
2026-05-25 01:00:00+00:00,77101.8984375,77159.4921875,76827.2578125,76850.9375,313188352
2026-05-25 02:00:00+00:00,76885.6796875,77390.9296875,76881.1484375,77012.2890625,398118912
2026-05-25 03:00:00+00:00,77010.953125,77073.390625,76917.671875,76933.1015625,10473472
2026-05-25 04:00:00+00:00,76933.1015625,77354.9375,76899.390625,77292.421875,182812672
2026-05-25 05:00:00+00:00,77278.703125,77402.09375,77220.8828125,77316.2734375,363411456
2026-05-25 06:00:00+00:00,77316.25,77520.90625,77132.4609375,77330.9765625,251793408
2026-05-25 07:00:00+00:00,77335.59375,77431.4921875,77111.8984375,77310.59375,242003968
2026-05-25 08:00:00+00:00,77315.7890625,77380.1796875,77184.5390625,77366.7890625,0
2026-05-25 09:00:00+00:00,77366.7890625,77615.84375,77327.5234375,77517.0,394647552
2026-05-25 10:00:00+00:00,77532.0703125,77606.6171875,77408.0234375,77460.046875,0
2026-05-25 11:00:00+00:00,77460.046875,77460.046875,77254.46875,77284.1328125,0
2026-05-25 12:00:00+00:00,77292.8125,77360.96875,77209.0,77287.90625,0
2026-05-25 13:00:00+00:00,77285.359375,77375.9921875,77206.0078125,77257.5234375,0
2026-05-25 14:00:00+00:00,77257.53125,77666.3828125,77227.90625,77633.78125,0
2026-05-25 15:00:00+00:00,77631.9296875,77804.9375,77483.0390625,77549.9609375,808312832
2026-05-25 16:00:00+00:00,77569.03125,77739.5234375,77438.703125,77663.7734375,0
2026-05-25 17:00:00+00:00,77663.15625,77740.3671875,77477.3984375,77500.9765625,251166720
2026-05-25 18:00:00+00:00,77481.1875,77592.4765625,77469.671875,77481.109375,0
2026-05-25 19:00:00+00:00,77485.7109375,77485.7109375,77274.203125,77380.6484375,227966976
2026-05-25 20:00:00+00:00,77361.3125,77434.9921875,77147.15625,77199.0390625,0
2026-05-25 21:00:00+00:00,77206.4921875,77320.9765625,77199.046875,77287.7734375,38117376
2026-05-25 22:00:00+00:00,77300.0078125,77367.140625,76969.0703125,77043.96875,0
2026-05-25 23:00:00+00:00,77016.8828125,77294.1875,76995.640625,77249.0703125,4790272
2026-05-26 00:00:00+00:00,77253.203125,77277.359375,76490.546875,76700.71875,324362240
2026-05-26 01:00:00+00:00,76626.0,76788.9296875,76513.5,76670.8125,88303616
2026-05-26 02:00:00+00:00,76717.5078125,76730.96875,76431.9765625,76586.0625,510846976
2026-05-26 03:00:00+00:00,76563.4609375,76629.8984375,76392.0,76571.7265625,40730624
2026-05-26 04:00:00+00:00,76571.7265625,76730.5390625,76520.0234375,76660.84375,397205504
2026-05-26 05:00:00+00:00,76660.84375,76893.1171875,76618.2734375,76837.2265625,1157120
2026-05-26 06:00:00+00:00,76825.078125,76939.46875,76679.046875,76817.5390625,338022400
2026-05-26 07:00:00+00:00,76829.9921875,76833.9921875,76514.3671875,76629.8984375,0
2026-05-26 08:00:00+00:00,76630.0,76766.90625,76594.2421875,76632.3203125,0
2026-05-26 09:00:00+00:00,76637.96875,76721.40625,76556.828125,76586.0703125,54159360
2026-05-26 10:00:00+00:00,76552.5625,77530.4609375,76488.0078125,77352.421875,1108639744
2026-05-26 11:00:00+00:00,77357.2734375,77420.9765625,77082.421875,77097.9765625,545140736
2026-05-26 12:00:00+00:00,77103.8125,77148.53125,76813.9765625,77045.5390625,507512832
2026-05-26 13:00:00+00:00,77053.6015625,77376.6875,76589.0078125,77134.1875,967733248
2026-05-26 14:00:00+00:00,77170.4765625,78001.7109375,76630.0,76806.3203125,2844616704
2026-05-26 15:00:00+00:00,76801.703125,76905.3203125,76158.296875,76396.7421875,1481988096
2026-05-26 16:00:00+00:00,76411.8984375,76601.890625,76122.0,76450.0234375,2513088512
2026-05-26 17:00:00+00:00,76446.5078125,76538.421875,75750.0390625,75816.7421875,2035312640
2026-05-26 18:00:00+00:00,75805.4375,76150.0078125,75658.0,75705.859375,904148992
2026-05-26 19:00:00+00:00,75714.8125,75973.90625,75669.5390625,75916.5,650731520
2026-05-26 20:00:00+00:00,75930.0078125,76066.5625,75872.0234375,75999.171875,324653056
2026-05-26 21:00:00+00:00,75999.1796875,76015.4609375,75743.6875,75787.65625,320712704
2026-05-26 22:00:00+00:00,75789.796875,75894.453125,75555.0078125,75631.078125,28008448
2026-05-26 23:00:00+00:00,75643.7109375,75864.7421875,75643.7109375,75821.25,222785536
2026-05-27 00:00:00+00:00,75828.9375,75980.171875,75770.8828125,75971.4765625,0
2026-05-27 01:00:00+00:00,75962.8828125,75995.4375,75710.0,75763.421875,59346944
2026-05-27 02:00:00+00:00,75767.890625,75787.71875,75571.7578125,75713.2734375,0
2026-05-27 03:00:00+00:00,75746.28125,75849.890625,75510.9921875,75544.0078125,100474880
2026-05-27 04:00:00+00:00,75526.03125,75581.9921875,75180.9765625,75445.7265625,400986112
2026-05-27 05:00:00+00:00,75449.953125,75610.5,75449.9375,75575.9765625,41418752
2026-05-27 06:00:00+00:00,75589.890625,75774.96875,75558.7890625,75713.9765625,0
2026-05-27 07:00:00+00:00,75713.9921875,75855.328125,75631.9765625,75838.4375,301219840
2026-05-27 08:00:00+00:00,75849.15625,75955.3984375,75720.9609375,75758.75,167702528
2026-05-27 09:00:00+00:00,75760.7734375,75853.2578125,75584.890625,75785.9765625,0
2026-05-27 10:00:00+00:00,75785.9921875,75919.9921875,75741.40625,75785.2265625,0
2026-05-27 11:00:00+00:00,75773.890625,75901.65625,75616.96875,75632.9765625,0
2026-05-27 12:00:00+00:00,75635.0234375,76021.84375,75445.0078125,75548.9921875,414105600
2026-05-27 13:00:00+00:00,75548.9765625,75620.5625,74717.953125,74915.7421875,1732333568
2026-05-27 14:00:00+00:00,74954.953125,75100.0,74640.328125,74885.9375,0
2026-05-27 15:00:00+00:00,74852.34375,75354.296875,74834.6875,75184.1875,0
2026-05-27 16:00:00+00:00,75169.078125,75259.78125,74865.78125,75169.90625,0
2026-05-27 17:00:00+00:00,75177.578125,75196.8203125,74571.5078125,74713.03125,0
2026-05-27 18:00:00+00:00,74711.65625,74889.6015625,74532.0,74884.0,0
2026-05-27 19:00:00+00:00,74881.09375,74953.296875,74802.6484375,74907.9609375,101742592
2026-05-27 20:00:00+00:00,74909.9765625,75279.2421875,74909.9765625,75140.0078125,0
2026-05-27 21:00:00+00:00,75123.7265625,75127.15625,74220.0,74350.96875,595105792
2026-05-27 22:00:00+00:00,74326.4296875,74636.0,74155.640625,74307.0390625,570550272
2026-05-27 23:00:00+00:00,74272.75,74443.5390625,74113.9765625,74321.9921875,293353472
2026-05-28 00:00:00+00:00,74304.0,74462.390625,74238.046875,74439.9921875,348262400
2026-05-28 01:00:00+00:00,74458.828125,74458.828125,74043.546875,74207.8515625,0
2026-05-28 02:00:00+00:00,74230.0,74256.0,74000.0078125,74156.9609375,354039808
2026-05-28 03:00:00+00:00,74141.9765625,74248.1484375,72942.8984375,73128.0078125,2580529152
2026-05-28 04:00:00+00:00,73130.0234375,73130.0234375,72637.546875,73035.9765625,2746138624
2026-05-28 05:00:00+00:00,73027.9921875,73040.0,72796.796875,72855.8203125,806957056
2026-05-28 06:00:00+00:00,72850.296875,73074.0078125,72641.4296875,73057.96875,370483200
2026-05-28 07:00:00+00:00,73075.8828125,73368.7578125,73022.40625,73368.7578125,1409904640
2026-05-28 08:00:00+00:00,73356.1171875,73356.1171875,73074.1875,73193.90625,65957888
2026-05-28 09:00:00+00:00,73186.328125,73435.703125,73128.0,73412.25,192315392
2026-05-28 10:00:00+00:00,73402.140625,73493.2421875,73228.140625,73272.0078125,138571776
2026-05-28 11:00:00+00:00,73268.609375,73404.6171875,73203.671875,73375.6171875,44625920
2026-05-28 12:00:00+00:00,73368.359375,73449.9921875,73135.6875,73394.96875,0
2026-05-28 13:00:00+00:00,73390.8515625,73446.0,72626.65625,72880.0390625,0
2026-05-28 14:00:00+00:00,72884.2109375,73426.921875,72450.0,72885.078125,686759936
2026-05-28 15:00:00+00:00,72852.296875,73026.9765625,72550.3125,72791.40625,0
2026-05-28 16:00:00+00:00,72770.0078125,73317.8671875,72586.1171875,73317.8671875,610361344
2026-05-28 17:00:00+00:00,73332.453125,73572.0,73185.3671875,73430.59375,0
2026-05-28 18:00:00+00:00,73416.4609375,73616.609375,73396.0390625,73536.0,0
2026-05-28 19:00:00+00:00,73525.7421875,73525.7421875,73286.140625,73302.0234375,0
2026-05-28 20:00:00+00:00,73314.0,73612.1328125,73133.0390625,73477.328125,621416448
2026-05-28 21:00:00+00:00,73498.546875,73806.7578125,73450.53125,73710.828125,0
2026-05-28 22:00:00+00:00,73705.7734375,73830.1796875,73351.0,73360.203125,0
2026-05-28 23:00:00+00:00,73362.59375,73613.578125,73362.59375,73512.5625,0
2026-05-29 00:00:00+00:00,73516.203125,73756.3203125,73516.203125,73624.5625,0
2026-05-29 01:00:00+00:00,73630.0,73761.109375,73358.8984375,73480.15625,0
2026-05-29 02:00:00+00:00,73481.84375,73537.171875,73074.0,73116.6875,0
2026-05-29 03:00:00+00:00,73119.8671875,73346.3984375,73119.8671875,73187.9921875,0
2026-05-29 04:00:00+00:00,73187.9921875,73400.203125,73088.0078125,73386.7734375,0
2026-05-29 05:00:00+00:00,73386.7734375,73619.9921875,73385.9375,73595.2890625,0
2026-05-29 06:00:00+00:00,73572.8515625,73817.25,73526.28125,73685.9609375,0
2026-05-29 07:00:00+00:00,73675.796875,73716.1171875,73269.546875,73410.9296875,124858368
2026-05-29 08:00:00+00:00,73404.4921875,73725.9609375,73404.4921875,73548.0,294356992
2026-05-29 09:00:00+00:00,73548.0,73796.953125,73536.546875,73640.09375,84676608
2026-05-29 10:00:00+00:00,73635.9765625,73635.9765625,73475.96875,73527.2265625,35991552
2026-05-29 11:00:00+00:00,73521.9921875,73596.3125,73230.7578125,73369.7890625,0
2026-05-29 12:00:00+00:00,73363.9375,73363.9375,73091.7578125,73179.328125,0
2026-05-29 13:00:00+00:00,73176.078125,73216.0078125,72795.953125,73012.4765625,0
2026-05-29 14:00:00+00:00,73047.3828125,73081.9609375,72383.5078125,72964.1484375,0
2026-05-29 15:00:00+00:00,72974.28125,74084.0,72875.0625,73698.4921875,1972914176
2026-05-29 16:00:00+00:00,73727.0234375,73997.7265625,73444.0,73927.6484375,84787200
2026-05-29 17:00:00+00:00,73951.03125,74222.46875,73799.9921875,73851.0078125,1640628224
2026-05-29 18:00:00+00:00,73883.0234375,73961.1328125,73075.6484375,73261.34375,720769024
2026-05-29 19:00:00+00:00,73270.84375,73621.046875,73132.1796875,73433.1328125,311463936
2026-05-29 20:00:00+00:00,73417.9296875,73659.65625,73403.9921875,73568.1015625,0
2026-05-29 21:00:00+00:00,73576.5078125,73740.5234375,73303.7890625,73306.6328125,284057600
2026-05-29 22:00:00+00:00,73307.2109375,73466.0234375,73275.2890625,73376.703125,0
2026-05-29 23:00:00+00:00,73358.46875,73415.6484375,73216.2578125,73366.7734375,86507520
2026-05-30 00:00:00+00:00,73372.6796875,73474.0078125,73303.359375,73394.5390625,0
2026-05-30 01:00:00+00:00,73394.4765625,73568.9609375,73364.9609375,73559.3828125,0
2026-05-30 02:00:00+00:00,73559.3828125,73688.9921875,73511.5078125,73688.9921875,0
2026-05-30 03:00:00+00:00,73661.4921875,73696.5,73416.0703125,73426.5625,284575744
2026-05-30 04:00:00+00:00,73426.5625,73477.4765625,73118.046875,73292.953125,408981504
2026-05-30 05:00:00+00:00,73286.7265625,73535.046875,73240.5,73504.3828125,157478912
2026-05-30 06:00:00+00:00,73508.96875,73611.0078125,73424.3828125,73497.0234375,298754048
2026-05-30 07:00:00+00:00,73490.140625,73500.0,73382.0,73450.9921875,0
2026-05-30 08:00:00+00:00,73450.0234375,73466.0078125,73394.828125,73396.0,0
2026-05-30 09:00:00+00:00,73417.921875,73514.828125,73395.3203125,73512.0078125,0
2026-05-30 10:00:00+00:00,73516.03125,73580.2734375,73488.2578125,73549.5625,0
2026-05-30 11:00:00+00:00,73532.53125,73549.5234375,73454.28125,73495.3984375,0
2026-05-30 12:00:00+00:00,73505.6875,73607.8828125,73483.9765625,73588.1328125,0
2026-05-30 13:00:00+00:00,73588.1328125,73729.703125,73566.4609375,73716.0,0
2026-05-30 14:00:00+00:00,73721.9765625,73981.8125,73706.8203125,73822.0234375,0
2026-05-30 15:00:00+00:00,73835.3515625,73925.6328125,73730.3515625,73799.921875,0
2026-05-30 16:00:00+00:00,73820.0078125,73871.9921875,73768.0234375,73823.8203125,0
2026-05-30 17:00:00+00:00,73821.9921875,73916.953125,73719.9921875,73910.7890625,0
2026-05-30 18:00:00+00:00,73910.7890625,74021.7109375,73845.5,73929.53125,0
2026-05-30 19:00:00+00:00,73929.53125,73961.2265625,73855.7578125,73904.0,0
2026-05-30 20:00:00+00:00,73904.0,73907.96875,73804.9609375,73871.1796875,0
2026-05-30 21:00:00+00:00,73879.2421875,73941.1796875,73810.65625,73869.0703125,0
2026-05-30 22:00:00+00:00,73852.359375,73853.7421875,73687.9765625,73767.4765625,0
2026-05-30 23:00:00+00:00,73772.7265625,73880.5703125,73671.2890625,73768.0234375,0
2026-05-31 00:00:00+00:00,73790.7578125,73927.5703125,73742.359375,73915.0,0
2026-05-31 01:00:00+00:00,73904.9921875,74153.8125,73904.9921875,73940.9921875,272553984
2026-05-31 02:00:00+00:00,73937.59375,74127.34375,73774.59375,73979.9765625,121624576
2026-05-31 03:00:00+00:00,73982.7734375,74110.8125,73951.71875,74032.0625,0
2026-05-31 04:00:00+00:00,74032.0625,74113.4921875,73987.109375,74054.0,0
2026-05-31 05:00:00+00:00,74077.5234375,74098.7421875,73939.9921875,73949.1171875,0
2026-05-31 06:00:00+00:00,73948.890625,73994.296875,73879.640625,73942.296875,0
2026-05-31 07:00:00+00:00,73923.4609375,73932.671875,73720.3125,73752.828125,92747776
2026-05-31 08:00:00+00:00,73752.84375,73872.3671875,73735.0625,73835.140625,116080640
2026-05-31 09:00:00+00:00,73821.890625,73918.7890625,73700.6484375,73733.3828125,86857728
2026-05-31 10:00:00+00:00,73733.3828125,73791.0234375,73629.03125,73791.0234375,124643328
2026-05-31 11:00:00+00:00,73794.5625,73865.5,73789.21875,73833.7890625,77666304
2026-05-31 12:00:00+00:00,73818.7109375,73892.671875,73760.0078125,73806.3984375,0
2026-05-31 13:00:00+00:00,73806.40625,73909.3203125,73702.09375,73762.8203125,0
2026-05-31 14:00:00+00:00,73762.8203125,73762.8203125,73414.2890625,73494.6484375,0
2026-05-31 15:00:00+00:00,73480.7265625,73658.3984375,73480.7109375,73542.7578125,0
2026-05-31 16:00:00+00:00,73542.75,73619.921875,73288.46875,73426.0078125,162412544
2026-05-31 17:00:00+00:00,73420.5,73636.1171875,73359.2421875,73616.0,0
2026-05-31 18:00:00+00:00,73612.5625,73612.5625,73471.296875,73491.9921875,0
2026-05-31 19:00:00+00:00,73488.0,73545.75,73347.9921875,73442.4921875,0
2026-05-31 20:00:00+00:00,73466.609375,73649.6171875,73466.609375,73620.15625,274124800
2026-05-31 21:00:00+00:00,73632.0234375,73789.0703125,73508.140625,73788.0234375,167245824
2026-05-31 22:00:00+00:00,73766.1015625,73893.3515625,73579.96875,73836.0078125,131243008
2026-05-31 23:00:00+00:00,73843.3828125,74064.75,73400.0,73575.171875,191144960
2026-06-01 00:00:00+00:00,73575.1796875,73973.640625,73545.8984375,73781.0703125,462088192
2026-06-01 01:00:00+00:00,73782.1484375,73789.5,73173.8984375,73188.0,140236800
2026-06-01 02:00:00+00:00,73174.5703125,73758.0,73140.2734375,73686.1484375,283076608
2026-06-01 03:00:00+00:00,73711.9921875,73899.8984375,73626.7265625,73661.7421875,514648064
2026-06-01 04:00:00+00:00,73661.7265625,73740.9765625,73249.9296875,73419.4921875,405096448
2026-06-01 05:00:00+00:00,73400.6484375,73433.6875,73221.703125,73249.7421875,407597056
2026-06-01 06:00:00+00:00,73255.7734375,73270.1875,72861.0703125,73037.25,930693120
2026-06-01 07:00:00+00:00,73020.0,73102.0078125,72621.4765625,72701.96875,710514688
2026-06-01 08:00:00+00:00,72707.390625,72819.9921875,72519.65625,72800.7578125,733884416
2026-06-01 09:00:00+00:00,72807.5078125,72993.65625,72748.9375,72791.359375,1513074688
2026-06-01 10:00:00+00:00,72811.75,72820.0,72500.0078125,72652.0078125,611987456
2026-06-01 11:00:00+00:00,72666.203125,72674.9921875,72236.0,72388.7578125,339658752
2026-06-01 12:00:00+00:00,72468.0,72502.15625,71849.8828125,72130.2265625,2922215424
2026-06-01 13:00:00+00:00,72132.9375,72136.59375,71264.6328125,71595.9921875,3114647552
2026-06-01 14:00:00+00:00,71585.640625,71761.921875,71270.6484375,71418.65625,2971559936
2026-06-01 15:00:00+00:00,71434.0625,71548.2421875,70940.0,70989.7265625,2430603264
2026-06-01 16:00:00+00:00,70992.96875,71474.890625,70565.9765625,71445.0625,2996375552
2026-06-01 17:00:00+00:00,71445.0703125,71685.140625,71362.0703125,71549.953125,1871917056
2026-06-01 18:00:00+00:00,71531.7265625,71587.8984375,71278.171875,71397.953125,748851200
2026-06-01 19:00:00+00:00,71401.0703125,71574.859375,71285.7734375,71481.9921875,709562368
2026-06-01 20:00:00+00:00,71478.6796875,71603.4921875,71319.8203125,71355.140625,0
2026-06-01 21:00:00+00:00,71354.609375,71357.078125,70839.7578125,70943.046875,483520512
2026-06-01 22:00:00+00:00,70950.0,71356.578125,70734.9375,71305.8671875,255959040
2026-06-01 23:00:00+00:00,71305.8671875,71485.390625,71128.921875,71307.1875,564854784
2026-06-02 00:00:00+00:00,71314.4375,71314.4375,70993.1171875,71189.15625,22380544
2026-06-02 01:00:00+00:00,71201.7109375,71275.3125,70588.0,70588.0,864739328
2026-06-02 02:00:00+00:00,70535.4375,70776.6171875,70058.6796875,70735.96875,1362526208
2026-06-02 03:00:00+00:00,70738.0,70925.1875,70696.71875,70840.859375,276090880
2026-06-02 04:00:00+00:00,70870.0,70937.9921875,70603.90625,70697.9921875,131837952
2026-06-02 05:00:00+00:00,70700.796875,70727.6328125,70154.0703125,70159.03125,388993024
2026-06-02 06:00:00+00:00,70167.453125,70337.0390625,69850.921875,69999.9609375,926085120
2026-06-02 07:00:00+00:00,70020.421875,70151.3203125,69673.8671875,70006.796875,1417797632
2026-06-02 08:00:00+00:00,70015.7734375,70065.828125,69605.9765625,69710.9296875,0
2026-06-02 09:00:00+00:00,69738.9296875,69741.953125,69216.84375,69319.390625,607092736
2026-06-02 10:00:00+00:00,69318.09375,69629.546875,69241.0,69546.6171875,227733504
2026-06-02 11:00:00+00:00,69535.109375,69549.90625,69305.8828125,69349.9921875,0
2026-06-02 12:00:00+00:00,69337.9921875,69438.25,68924.9375,68924.9375,0
2026-06-02 13:00:00+00:00,68884.15625,69064.6015625,68626.546875,68668.3828125,0
2026-06-02 14:00:00+00:00,68631.078125,68652.6796875,67506.09375,67870.390625,1059471360
2026-06-02 15:00:00+00:00,67880.6875,67921.7109375,66959.1484375,67169.296875,1422303232
2026-06-02 16:00:00+00:00,67160.3203125,67993.890625,67094.578125,67295.2578125,0
2026-06-02 17:00:00+00:00,67304.421875,67700.0625,67252.0703125,67352.0,169271296
2026-06-02 18:00:00+00:00,67356.4609375,67515.3828125,67030.0,67217.15625,389632000
2026-06-02 19:00:00+00:00,67218.2109375,67356.640625,66347.0,67185.4375,1688719360
2026-06-02 20:00:00+00:00,67195.9765625,67568.03125,66802.328125,67482.796875,2248257536
2026-06-02 21:00:00+00:00,67491.6015625,67821.796875,67304.5,67460.0,328798208
2026-06-02 22:00:00+00:00,67409.3203125,67426.0078125,66187.546875,66272.703125,1217282048
2026-06-02 23:00:00+00:00,66302.03125,66770.0,66108.8203125,66656.546875,1598230528
2026-06-03 00:00:00+00:00,66667.0078125,67078.71875,66563.34375,66838.0078125,1078190080
2026-06-03 01:00:00+00:00,66844.203125,66957.1484375,66377.359375,66817.09375,0
2026-06-03 02:00:00+00:00,66818.0,66838.0234375,66487.1875,66519.9921875,0
2026-06-03 03:00:00+00:00,66530.1796875,66568.3984375,65384.94921875,65750.7734375,2177093632
2026-06-03 04:00:00+00:00,65728.0,66518.390625,65728.0,66371.65625,834531328
2026-06-03 05:00:00+00:00,66420.34375,67296.078125,66379.8984375,67226.0,1063661568
2026-06-03 06:00:00+00:00,67223.671875,67407.34375,66865.71875,66882.953125,730275840
2026-06-03 07:00:00+00:00,66873.3125,67243.7578125,66782.0078125,67125.921875,0
2026-06-03 08:00:00+00:00,67113.328125,67161.59375,66874.5625,66927.6484375,374566912
2026-06-03 09:00:00+00:00,66925.9765625,67204.9765625,66547.1015625,66978.5703125,0
2026-06-03 10:00:00+00:00,66971.84375,67358.828125,66961.7265625,67190.2265625,0
2026-06-03 11:00:00+00:00,67198.9375,67273.7578125,66950.0625,66966.0,321241088
2026-06-03 12:00:00+00:00,66969.6328125,67058.6875,66689.5390625,66982.0,0
2026-06-03 13:00:00+00:00,66984.640625,67140.4921875,66521.0,66786.0,0
2026-06-03 14:00:00+00:00,66820.0390625,66870.0390625,66528.0,66749.7578125,0
2026-06-03 15:00:00+00:00,66729.2734375,66769.8203125,65970.1796875,65972.1796875,0
2026-06-03 16:00:00+00:00,65992.4609375,66252.296875,65466.890625,65954.609375,0
2026-06-03 17:00:00+00:00,65987.2734375,66083.0078125,65600.3515625,65862.8515625,0
2026-06-03 18:00:00+00:00,65861.40625,66053.71875,65653.4375,65939.5234375,109547520
2026-06-03 19:00:00+00:00,65932.3671875,65960.46875,65175.171875,65349.078125,0
2026-06-03 20:00:00+00:00,65356.08984375,65508.41015625,64719.33984375,64909.01171875,0
2026-06-03 21:00:00+00:00,64894.921875,65753.2109375,64861.94921875,65660.0,1209069568
2026-06-03 22:00:00+00:00,65610.9921875,65717.1328125,64698.78125,64812.0,0
2026-06-03 23:00:00+00:00,64808.7109375,64869.98046875,63991.3203125,64040.0,0
2026-06-04 00:00:00+00:00,64052.0,64318.578125,62970.0,63247.30078125,2203717632
2026-06-04 01:00:00+00:00,63237.94140625,63401.0,62029.01953125,62083.44921875,4366426112
2026-06-04 02:00:00+00:00,62117.25,63538.6015625,61338.1015625,63137.73828125,5598535680
2026-06-04 03:00:00+00:00,63180.98046875,64448.7890625,63146.5390625,64283.37890625,491712512
2026-06-04 04:00:00+00:00,64276.73046875,64683.91015625,64196.80078125,64333.3203125,389677056
2026-06-04 05:00:00+00:00,64325.58984375,64325.58984375,63576.7890625,63895.08984375,0
2026-06-04 06:00:00+00:00,63865.0,64410.140625,63826.078125,63961.01953125,0
2026-06-04 07:00:00+00:00,63987.62890625,64003.25,63440.3515625,63540.75,0
2026-06-04 08:00:00+00:00,63564.08984375,63825.51953125,63186.0703125,63540.94921875,304857088
2026-06-04 09:00:00+00:00,63539.94921875,63542.0,62634.26171875,63187.109375,819404800
2026-06-04 10:00:00+00:00,63153.6796875,63153.6796875,62228.328125,62362.9609375,338616320
2026-06-04 11:00:00+00:00,62365.91015625,62750.0,62132.4296875,62472.6796875,4311072768
2026-06-04 12:00:00+00:00,62485.19921875,63895.9609375,62315.23828125,63689.48046875,2037407744
2026-06-04 13:00:00+00:00,63673.98828125,64186.01171875,63009.0,64149.19140625,1216172032
2026-06-04 14:00:00+00:00,64199.0,64441.26953125,63726.390625,63893.96875,359051264
2026-06-04 15:00:00+00:00,63860.05078125,64334.21875,63621.98046875,63813.1484375,0
2026-06-04 16:00:00+00:00,63805.48828125,63845.98828125,63362.33984375,63480.890625,0
2026-06-04 17:00:00+00:00,63466.0,63630.921875,62884.21875,63450.390625,274919424
2026-06-04 18:00:00+00:00,63464.53125,64015.0,63058.30859375,63726.0,860127232
2026-06-04 19:00:00+00:00,63715.3515625,64062.44140625,63447.37890625,63535.71875,330264576
2026-06-04 20:00:00+00:00,63547.890625,63594.5390625,63113.890625,63578.0390625,0
2026-06-04 21:00:00+00:00,63556.78125,63797.3203125,63094.8984375,63211.71875,0
2026-06-04 22:00:00+00:00,63186.421875,63701.73828125,63134.16015625,63660.8515625,0
2026-06-04 23:00:00+00:00,63654.03125,63845.44921875,63309.12109375,63811.91015625,0
2026-06-05 00:00:00+00:00,63775.8984375,63898.0390625,63316.8984375,63354.359375,0
2026-06-05 01:00:00+00:00,63322.5,63489.73046875,62985.98046875,63296.83984375,0
2026-06-05 02:00:00+00:00,63300.9296875,63364.2890625,62520.01171875,62538.859375,0
2026-06-05 03:00:00+00:00,62544.2890625,62808.98046875,62266.171875,62658.30859375,0
2026-06-05 04:00:00+00:00,62662.96875,63574.19140625,62458.0,63542.4609375,0
2026-06-05 05:00:00+00:00,63586.01171875,63603.5703125,62216.01171875,62257.0,0
2026-06-05 06:00:00+00:00,62240.640625,62557.96875,61093.55078125,61881.9296875,4870475776
2026-06-05 07:00:00+00:00,61870.01171875,63044.51953125,61327.73046875,63044.51953125,101888000
2026-06-05 08:00:00+00:00,63034.30859375,63035.078125,62230.26953125,62390.01953125,0
2026-06-05 09:00:00+00:00,62409.30859375,63142.28125,62392.96875,62804.6796875,0
2026-06-05 10:00:00+00:00,62814.21875,62877.66015625,62319.01171875,62485.0390625,0
2026-06-05 11:00:00+00:00,62480.6796875,62540.98828125,61914.51171875,61916.30859375,0
2026-06-05 12:00:00+00:00,61897.6015625,62365.28125,61567.66015625,61910.8984375,0
2026-06-05 13:00:00+00:00,61927.21875,62244.4609375,60683.08984375,60693.46875,217096192
2026-06-05 14:00:00+00:00,60665.3984375,61153.12890625,60309.41015625,60814.0,3805794304
2026-06-05 15:00:00+00:00,60779.109375,61042.96875,60015.96875,60417.80078125,2612482048
2026-06-05 16:00:00+00:00,60359.12109375,61505.3515625,59772.98046875,61340.28125,4861689856
2026-06-05 17:00:00+00:00,61351.30078125,61453.98046875,60601.109375,60756.359375,529285120
2026-06-05 18:00:00+00:00,60749.890625,60884.73828125,59095.640625,59328.01171875,1268371456
2026-06-05 19:00:00+00:00,59346.55859375,60420.0,59106.921875,60267.12890625,2885697536
2026-06-05 20:00:00+00:00,60256.921875,61719.140625,59924.26953125,61630.76171875,2068508672
2026-06-05 21:00:00+00:00,61625.69140625,61954.6796875,61433.05859375,61656.0,1124614144
2026-06-05 22:00:00+00:00,61600.0,61944.58984375,61236.4296875,61565.0,796098560
2026-06-05 23:00:00+00:00,61611.359375,61742.8203125,60497.3984375,61028.0,1216823296
2026-06-06 00:00:00+00:00,61048.19921875,61496.26171875,61048.19921875,61243.21875,145981440
2026-06-06 01:00:00+00:00,61260.69140625,61354.03125,60929.4609375,61025.8203125,0
2026-06-06 02:00:00+00:00,61026.46875,61154.98828125,60646.03125,60922.4609375,0
2026-06-06 03:00:00+00:00,60909.98828125,60943.6015625,60503.53125,60657.01953125,0
2026-06-06 04:00:00+00:00,60647.640625,60842.23046875,59463.98828125,60072.05078125,1052221440
2026-06-06 05:00:00+00:00,60082.8984375,61013.73828125,59596.6796875,60910.3984375,889528320
2026-06-06 06:00:00+00:00,60922.171875,61211.80078125,60661.41015625,60755.69140625,0
2026-06-06 07:00:00+00:00,60756.01953125,61195.98046875,60699.94921875,60970.76953125,0
2026-06-06 08:00:00+00:00,60974.890625,61449.3984375,60846.9609375,61236.0,0
2026-06-06 09:00:00+00:00,61209.37109375,61287.41015625,60862.05078125,60940.5703125,153051136
2026-06-06 10:00:00+00:00,60937.98828125,60944.609375,60194.0,60572.140625,579563520
2026-06-06 11:00:00+00:00,60533.94140625,60924.01171875,60517.7890625,60772.390625,0
2026-06-06 12:00:00+00:00,60774.9296875,61126.0,60620.4609375,60988.05078125,0
2026-06-06 13:00:00+00:00,60976.6796875,61070.4296875,60677.0,60759.37890625,0
2026-06-06 14:00:00+00:00,60776.671875,60982.01953125,60746.01171875,60763.94140625,0
2026-06-06 15:00:00+00:00,60777.5,60883.890625,60383.98828125,60748.12890625,0
2026-06-06 16:00:00+00:00,60716.94921875,60932.0,60464.0,60746.76171875,0
2026-06-06 17:00:00+00:00,60761.5,60816.76171875,60478.51953125,60548.12890625,0
2026-06-06 18:00:00+00:00,60557.08984375,60704.5390625,60368.96875,60604.01171875,0
2026-06-06 19:00:00+00:00,60583.6796875,60747.30078125,60500.05859375,60570.08984375,0
2026-06-06 20:00:00+00:00,60569.109375,60723.98828125,60489.98046875,60681.30859375,0
2026-06-06 21:00:00+00:00,60681.76953125,60971.828125,60675.05078125,60725.1484375,0
2026-06-06 22:00:00+00:00,60711.01953125,60784.58984375,60400.01953125,60531.0703125,0
2026-06-06 23:00:00+00:00,60518.26953125,60919.5,60510.3203125,60852.0,0
2026-06-07 00:00:00+00:00,60850.0,60949.1015625,60712.890625,60760.08984375,43669504
2026-06-07 01:00:00+00:00,60749.859375,61630.921875,60725.12890625,61441.9296875,547317760
2026-06-07 02:00:00+00:00,61432.140625,61536.890625,61157.98828125,61473.1796875,0
2026-06-07 03:00:00+00:00,61466.8203125,61747.73046875,61377.6796875,61673.76171875,0
2026-06-07 04:00:00+00:00,61661.0,61876.98046875,61454.4296875,61855.48046875,0
2026-06-07 05:00:00+00:00,61851.6015625,62088.62109375,61614.140625,61722.2890625,0
2026-06-07 06:00:00+00:00,61719.078125,62224.98828125,61593.4296875,62076.26953125,0
2026-06-07 07:00:00+00:00,62049.12890625,62384.0,61968.140625,62373.0703125,1210693632
2026-06-07 08:00:00+00:00,62374.5,62900.87109375,62230.0,62826.8515625,1392629760
2026-06-07 09:00:00+00:00,62821.94921875,62872.30859375,62385.28125,62504.25,726384640
2026-06-07 10:00:00+00:00,62508.671875,62542.921875,62277.609375,62345.37109375,0
2026-06-07 11:00:00+00:00,62345.76953125,62732.140625,62334.0,62599.98828125,163233792
2026-06-07 12:00:00+00:00,62600.0390625,62622.94921875,61573.98828125,61873.640625,1366056960
2026-06-07 13:00:00+00:00,61860.16015625,61873.828125,61634.0,61676.6484375,460072960
2026-06-07 14:00:00+00:00,61673.53125,62252.5703125,61671.109375,61880.0703125,464877568
2026-06-07 15:00:00+00:00,61862.83984375,62185.26953125,61647.1796875,62058.5,0
2026-06-07 16:00:00+00:00,62074.171875,62299.1484375,61933.390625,62054.05859375,0
2026-06-07 17:00:00+00:00,62031.640625,62296.44921875,62020.9609375,62130.48046875,216543232
2026-06-07 18:00:00+00:00,62128.01953125,62265.078125,61985.609375,61998.26171875,0
2026-06-07 19:00:00+00:00,62006.2890625,62006.2890625,61149.359375,61297.9609375,935659520
2026-06-07 20:00:00+00:00,61292.96875,61937.37890625,61192.37890625,61839.98828125,660695040
2026-06-07 21:00:00+00:00,61853.98046875,61968.16015625,61621.16015625,61748.62890625,0
2026-06-07 22:00:00+00:00,61824.6015625,64102.69140625,61696.03125,62831.609375,4000036864
2026-06-07 23:00:00+00:00,62822.0,63413.28125,62775.96875,63308.26171875,902414336
2026-06-08 00:00:00+00:00,63300.01953125,63817.55859375,63119.16015625,63607.859375,760750080
2026-06-08 01:00:00+00:00,63620.9296875,63620.9296875,62687.30078125,63182.44921875,290021376
2026-06-08 02:00:00+00:00,63183.9609375,63232.25,62885.98828125,63095.0,264982528
2026-06-08 03:00:00+00:00,63093.0,63408.03125,62941.0703125,63088.0390625,0
2026-06-08 04:00:00+00:00,63096.0,63132.12109375,62617.62890625,62697.03125,754114560
2026-06-08 05:00:00+00:00,62655.9609375,62793.96875,62373.921875,62728.3203125,0
2026-06-08 06:00:00+00:00,62703.359375,63107.05078125,62690.98828125,62947.890625,0
2026-06-08 07:00:00+00:00,62944.30078125,63296.1484375,62784.671875,63237.23046875,321101824
2026-06-08 08:00:00+00:00,63229.51953125,63229.51953125,62941.171875,63078.9609375,0
2026-06-08 09:00:00+00:00,63086.0,63501.73828125,63075.6796875,63448.328125,0
2026-06-08 10:00:00+00:00,63435.12109375,63500.140625,63049.48828125,63108.69140625,0
2026-06-08 11:00:00+00:00,63088.25,63827.3515625,62995.33984375,63419.5390625,1171879936
2026-06-08 12:00:00+00:00,63431.80859375,63873.62109375,62687.33984375,63765.73828125,0
2026-06-08 13:00:00+00:00,63811.98828125,63894.0703125,63307.4296875,63714.75,845291520
2026-06-08 14:00:00+00:00,63727.96875,64059.05859375,63533.03125,63930.7109375,1064529920
2026-06-08 15:00:00+00:00,63946.25,64184.28125,63694.0,63742.94140625,1679265792
2026-06-08 16:00:00+00:00,63744.16015625,64004.609375,63433.98828125,63493.96875,603996160
2026-06-08 17:00:00+00:00,63501.328125,63623.83984375,63256.23828125,63520.5,407105536
2026-06-08 18:00:00+00:00,63528.7109375,63664.0703125,63308.87890625,63442.01171875,5234688
2026-06-08 19:00:00+00:00,63431.4609375,63565.05078125,63335.94921875,63352.51953125,0
2026-06-08 20:00:00+00:00,63373.80078125,63466.71875,63143.08984375,63466.71875,231735296
2026-06-08 21:00:00+00:00,63475.96875,63832.12109375,63458.73828125,63707.62109375,0
2026-06-08 22:00:00+00:00,63676.30859375,63678.1015625,63191.98046875,63420.69921875,0
2026-06-08 23:00:00+00:00,63419.08984375,63575.3203125,62970.48046875,63062.96875,0
2026-06-09 00:00:00+00:00,63050.7109375,63144.73046875,62391.890625,62539.8984375,414707712
2026-06-09 01:00:00+00:00,62529.98828125,62855.87109375,62524.2890625,62737.4609375,0
2026-06-09 02:00:00+00:00,62740.0,62847.3515625,62512.94921875,62847.3515625,0
2026-06-09 03:00:00+00:00,62846.5703125,62948.08984375,62676.03125,62842.078125,935122944
2026-06-09 04:00:00+00:00,62839.98046875,63386.5703125,62716.0,63212.05078125,648720384
2026-06-09 05:00:00+00:00,63208.859375,63490.48828125,63077.21875,63306.1796875,122083328
2026-06-09 06:00:00+00:00,63316.96875,63472.7890625,63193.078125,63263.98046875,204931072
2026-06-09 07:00:00+00:00,63279.96875,63402.828125,62979.98828125,63155.98828125,0
2026-06-09 08:00:00+00:00,63158.55859375,63176.98046875,62738.23046875,62808.1796875,673275904
2026-06-09 09:00:00+00:00,62820.87890625,62910.0390625,62569.671875,62681.91015625,0
2026-06-09 10:00:00+00:00,62684.30859375,62789.0390625,62566.44921875,62748.73828125,0
2026-06-09 11:00:00+00:00,62748.21875,62756.91015625,62457.12890625,62673.3203125,0
2026-06-09 12:00:00+00:00,62657.55859375,62860.109375,62403.94140625,62589.48046875,0
2026-06-09 13:00:00+00:00,62634.1484375,62696.9296875,62117.30078125,62238.69140625,0
2026-06-09 14:00:00+00:00,62229.0,62354.12890625,61112.01171875,61490.421875,1294891008
2026-06-09 15:00:00+00:00,61503.9609375,61650.8515625,60979.80078125,61076.51953125,0
2026-06-09 16:00:00+00:00,61063.0,61408.0,60743.05078125,61336.078125,2889369600
2026-06-09 17:00:00+00:00,61342.37109375,61824.0,61342.37109375,61637.71875,2001612800
2026-06-09 18:00:00+00:00,61658.3515625,61897.08984375,61539.94140625,61731.5,612831232
2026-06-09 19:00:00+00:00,61724.0390625,62051.8203125,61658.19140625,62044.828125,1663180800
2026-06-09 20:00:00+00:00,62060.37109375,62221.421875,61907.58984375,62109.640625,0
2026-06-09 21:00:00+00:00,62113.46875,62133.4609375,61641.98046875,61708.921875,595587072
2026-06-09 22:00:00+00:00,61720.08984375,61923.58984375,61614.91015625,61678.03125,547098624
2026-06-09 23:00:00+00:00,61682.05078125,61839.01171875,61507.16015625,61685.80078125,32190464
2026-06-10 00:00:00+00:00,61699.21875,61890.05078125,61413.171875,61877.94140625,0
2026-06-10 01:00:00+00:00,61865.76953125,61931.9609375,61550.5,61677.98046875,0
2026-06-10 02:00:00+00:00,61679.26953125,61798.609375,61192.390625,61258.6796875,106987520
2026-06-10 03:00:00+00:00,61256.0,61542.6484375,61235.41015625,61503.9609375,0
2026-06-10 04:00:00+00:00,61503.9609375,61520.96875,61142.16015625,61248.1796875,0
2026-06-10 05:00:00+00:00,61257.7890625,61350.0,61030.08984375,61301.98828125,0
2026-06-10 06:00:00+00:00,61310.51171875,61470.9296875,61094.671875,61418.1796875,0
2026-06-10 07:00:00+00:00,61423.23828125,61738.94921875,61379.94921875,61621.44921875,168083456
2026-06-10 08:00:00+00:00,61641.08984375,61684.87890625,61114.03125,61196.078125,0
2026-06-10 09:00:00+00:00,61214.55859375,61371.33984375,60727.19921875,61289.109375,0
2026-06-10 10:00:00+00:00,61264.421875,61400.71875,61103.3515625,61327.6015625,0
2026-06-10 11:00:00+00:00,61338.76171875,61384.19140625,60828.94921875,60977.46875,1204592640
2026-06-10 12:00:00+00:00,60984.91015625,61839.83984375,60904.87109375,61512.98828125,812740608
2026-06-10 13:00:00+00:00,61507.3203125,62397.83984375,61380.8984375,62090.41015625,0
2026-06-10 14:00:00+00:00,62083.55859375,62200.0,61750.421875,62132.9296875,0
2026-06-10 15:00:00+00:00,62154.55078125,62794.390625,61802.44921875,62581.51171875,0
2026-06-10 16:00:00+00:00,62588.328125,62589.98828125,61869.69921875,62165.9296875,0
2026-06-10 17:00:00+00:00,62162.48828125,62308.0,61596.921875,61914.58984375,0
2026-06-10 18:00:00+00:00,61928.75,62099.6015625,61557.3203125,61806.6484375,0
2026-06-10 19:00:00+00:00,61805.80078125,61990.0,61611.078125,61880.05859375,0
2026-06-10 20:00:00+00:00,61889.26953125,61889.26953125,61632.05078125,61738.0,0
2026-06-10 21:00:00+00:00,61737.37890625,61737.37890625,61138.19921875,61294.46875,0
2026-06-10 22:00:00+00:00,61297.828125,61508.94140625,61043.98046875,61322.87890625,560123904
2026-06-10 23:00:00+00:00,61322.87890625,61549.98828125,61102.0,61452.0,0
2026-06-11 00:00:00+00:00,61460.08984375,61914.12890625,61459.12109375,61759.98046875,0
2026-06-11 01:00:00+00:00,61769.21875,62294.03125,61766.71875,62143.921875,577949696
2026-06-11 02:00:00+00:00,62153.98828125,62238.12109375,61870.0,62066.98828125,0
2026-06-11 03:00:00+00:00,62065.94921875,62712.5703125,61935.30859375,62607.73046875,605767680
2026-06-11 04:00:00+00:00,62611.23828125,62778.94921875,62472.9609375,62649.94921875,614201344
2026-06-11 05:00:00+00:00,62639.6796875,62648.640625,62479.69140625,62536.1015625,218038272
2026-06-11 06:00:00+00:00,62543.33984375,62916.3203125,62474.19921875,62686.01171875,297359360
2026-06-11 07:00:00+00:00,62686.01953125,62767.0,62534.7109375,62642.98828125,111360000
2026-06-11 08:00:00+00:00,62639.890625,62960.140625,62639.890625,62888.0,0
2026-06-11 09:00:00+00:00,62878.8203125,62907.28125,62715.2890625,62850.0,186195968
2026-06-11 10:00:00+00:00,62853.2109375,63115.98046875,62725.21875,63067.1484375,125546496
2026-06-11 11:00:00+00:00,63052.23828125,63196.859375,62983.9609375,63043.01171875,0
2026-06-11 12:00:00+00:00,63047.87890625,63126.55078125,62439.1484375,62939.21875,514832384
2026-06-11 13:00:00+00:00,62923.80859375,63186.0,62598.3984375,63006.0,0
2026-06-11 14:00:00+00:00,63022.05078125,63022.98828125,62661.66015625,62661.83984375,56219648
2026-06-11 15:00:00+00:00,62659.421875,62804.4296875,62473.921875,62680.48828125,0
2026-06-11 16:00:00+00:00,62693.25,62765.44921875,62486.0,62494.26171875,0
2026-06-11 17:00:00+00:00,62491.96875,63555.55078125,62261.91015625,63555.55078125,1215234048
2026-06-11 18:00:00+00:00,63556.01171875,63709.69921875,63252.640625,63384.12109375,148817920
2026-06-11 19:00:00+00:00,63384.921875,63833.078125,63320.1484375,63560.98828125,1068541952
2026-06-11 20:00:00+00:00,63584.23828125,63597.91015625,63205.0,63332.0,116142080
2026-06-11 21:00:00+00:00,63329.01171875,63536.87890625,63329.01171875,63464.01953125,0
2026-06-11 22:00:00+00:00,63446.66015625,63611.96875,63396.76953125,63434.30859375,0
2026-06-11 23:00:00+00:00,63418.640625,63623.71875,63285.8515625,63557.640625,0
2026-06-12 00:00:00+00:00,63563.44921875,63712.0,63457.76171875,63582.328125,412954624
2026-06-12 01:00:00+00:00,63575.76171875,63575.76171875,63229.41015625,63350.4609375,52707328
2026-06-12 02:00:00+00:00,63350.4609375,63698.859375,63350.4609375,63527.01171875,0
2026-06-12 03:00:00+00:00,63542.1796875,63563.94921875,63259.62890625,63430.48828125,0
2026-06-12 04:00:00+00:00,63434.01171875,63775.98828125,63332.3203125,63613.9296875,224278528
2026-06-12 05:00:00+00:00,63624.48046875,63624.48046875,63216.23046875,63269.3984375,347611136
2026-06-12 06:00:00+00:00,63261.55859375,63328.98828125,62759.98828125,62898.7109375,0
2026-06-12 07:00:00+00:00,62917.30859375,63112.30078125,62880.390625,63014.7890625,469901312
2026-06-12 08:00:00+00:00,63026.87890625,63540.140625,63014.78125,63391.6796875,393504768
2026-06-12 09:00:00+00:00,63388.19921875,63870.48046875,63354.01171875,63678.78125,0
2026-06-12 10:00:00+00:00,63678.78125,63758.53125,63509.62109375,63617.6796875,1185093632
2026-06-12 11:00:00+00:00,63621.28125,63809.94921875,63607.08984375,63685.16015625,0
2026-06-12 12:00:00+00:00,63669.2109375,63697.91015625,63316.37890625,63388.30078125,0
2026-06-12 13:00:00+00:00,63378.91015625,63455.859375,62985.98828125,63141.6484375,0
2026-06-12 14:00:00+00:00,63115.140625,63950.71875,63115.140625,63950.71875,1424857088
2026-06-12 15:00:00+00:00,63937.94921875,64340.48828125,63517.53125,63541.03125,1427679232
2026-06-12 16:00:00+00:00,63549.98828125,63958.05078125,63469.98828125,63946.0,345839616
2026-06-12 17:00:00+00:00,63942.80859375,64062.53125,63694.71875,63821.05859375,0
2026-06-12 18:00:00+00:00,63838.26953125,63886.12109375,63631.98828125,63648.0,0
2026-06-12 19:00:00+00:00,63651.94140625,63772.08984375,63553.0,63562.76171875,0
2026-06-12 20:00:00+00:00,63569.26953125,63667.5390625,63361.390625,63407.75,0
2026-06-12 21:00:00+00:00,63419.671875,63592.640625,63401.25,63435.96875,0
2026-06-12 22:00:00+00:00,63450.0,63627.26171875,63430.0,63473.98046875,407609344
2026-06-12 23:00:00+00:00,63472.33984375,63546.05859375,63386.8984375,63538.4296875,0
2026-06-13 00:00:00+00:00,63532.80078125,63602.01171875,63467.76171875,63552.390625,0
2026-06-13 01:00:00+00:00,63563.94140625,63803.1796875,63563.94140625,63796.96875,0
2026-06-13 02:00:00+00:00,63796.01171875,63796.01171875,63525.66015625,63605.26171875,0
2026-06-13 03:00:00+00:00,63605.25,63685.16015625,63414.421875,63494.140625,30332928
2026-06-13 04:00:00+00:00,63490.578125,63613.53125,63445.62890625,63472.4296875,0
2026-06-13 05:00:00+00:00,63478.0,63560.46875,63458.6796875,63551.171875,45629440
2026-06-13 06:00:00+00:00,63546.19140625,63706.0,63510.640625,63701.3984375,0
2026-06-13 07:00:00+00:00,63705.55859375,63840.0,63634.19140625,63806.37109375,0
2026-06-13 08:00:00+00:00,63806.37890625,63874.171875,63724.62890625,63764.921875,0
2026-06-13 09:00:00+00:00,63770.01171875,63825.51171875,63704.30078125,63704.3203125,0
2026-06-13 10:00:00+00:00,63714.12109375,63866.98828125,63690.55078125,63798.671875,0
2026-06-13 11:00:00+00:00,63807.55078125,63936.01953125,63801.98828125,63923.41015625,0
2026-06-13 12:00:00+00:00,63923.41015625,64170.03125,63877.6015625,64091.98046875,489590784
2026-06-13 13:00:00+00:00,64104.578125,64206.01953125,64019.671875,64064.78125,0
2026-06-13 14:00:00+00:00,64062.0,64198.75,64045.2890625,64178.890625,0
2026-06-13 15:00:00+00:00,64185.98046875,64310.0,64146.01171875,64256.9296875,0
2026-06-13 16:00:00+00:00,64258.01171875,64267.80859375,63879.75,63985.03125,0
2026-06-13 17:00:00+00:00,63984.58984375,64084.9609375,63905.26953125,63932.62890625,0
2026-06-13 18:00:00+00:00,63935.4296875,64256.98046875,63935.4296875,64124.25,0
2026-06-13 19:00:00+00:00,64124.0,64299.98828125,64112.62890625,64260.01171875,0
2026-06-13 20:00:00+00:00,64265.140625,64266.078125,64194.3984375,64251.98046875,0
2026-06-13 21:00:00+00:00,64255.0,64722.16015625,64189.19921875,64438.01171875,410316800
2026-06-13 22:00:00+00:00,64444.08984375,64533.08984375,64351.87109375,64426.578125,0
2026-06-13 23:00:00+00:00,64420.6484375,64569.921875,64361.30078125,64382.78125,86687744
2026-06-14 00:00:00+00:00,64415.6796875,64554.51953125,64355.05078125,64532.28125,120827904
2026-06-14 01:00:00+00:00,64528.5703125,64681.98828125,64474.75,64569.33984375,275264512
2026-06-14 02:00:00+00:00,64544.16015625,64609.4296875,64448.80078125,64456.28125,0
2026-06-14 03:00:00+00:00,64456.26953125,64516.44140625,64436.30859375,64513.578125,0
2026-06-14 04:00:00+00:00,64521.078125,64535.171875,64305.16015625,64310.1015625,196934656
2026-06-14 05:00:00+00:00,64319.9609375,64377.390625,64262.55078125,64330.390625,0
2026-06-14 06:00:00+00:00,64331.55078125,64449.21875,64212.78125,64258.23828125,890629120
2026-06-14 07:00:00+00:00,64258.25,64412.48046875,64192.33984375,64396.51953125,0
2026-06-14 08:00:00+00:00,64390.16015625,64478.109375,64350.33984375,64422.05859375,0
2026-06-14 09:00:00+00:00,64422.0703125,64580.62890625,64288.71875,64577.98828125,0
2026-06-14 10:00:00+00:00,64575.2890625,64626.8203125,64459.859375,64486.44921875,50188288
2026-06-14 11:00:00+00:00,64486.44921875,64608.578125,64420.8515625,64506.0703125,0
2026-06-14 12:00:00+00:00,64518.73828125,64530.078125,64266.0,64294.21875,0
2026-06-14 13:00:00+00:00,64294.23046875,64365.140625,64212.3984375,64276.1015625,0
2026-06-14 14:00:00+00:00,64285.640625,64312.2890625,63829.6484375,63950.23828125,743796736
2026-06-14 15:00:00+00:00,63943.25,64109.8515625,63943.25,63986.1796875,0
2026-06-14 16:00:00+00:00,63975.94140625,64157.21875,63897.3515625,63908.80859375,0
2026-06-14 17:00:00+00:00,63900.01171875,63985.5390625,63652.96875,63696.578125,23469056
2026-06-14 18:00:00+00:00,63707.98046875,63779.3984375,63640.30859375,63775.7109375,72600576
2026-06-14 19:00:00+00:00,63772.828125,63822.08984375,63707.98828125,63762.62890625,0
2026-06-14 20:00:00+00:00,63768.26953125,64059.19921875,63750.01171875,63971.98828125,173136896
2026-06-14 21:00:00+00:00,63977.98828125,65608.0,63965.98046875,65284.66015625,2611013632
2026-06-14 22:00:00+00:00,65300.01171875,65460.0,64931.9609375,65384.5390625,1958209536
2026-06-14 23:00:00+00:00,65391.19921875,65764.15625,65227.390625,65707.5,886200320
2026-06-15 00:00:00+00:00,65702.0,65854.078125,65444.48828125,65588.1796875,384845824
2026-06-15 01:00:00+00:00,65594.34375,65675.9921875,65314.62109375,65484.44140625,738768896
2026-06-15 02:00:00+00:00,65487.08984375,65737.53125,65384.25,65424.5,508758016
2026-06-15 03:00:00+00:00,65434.48828125,65953.546875,65392.7109375,65869.9921875,909631488
2026-06-15 04:00:00+00:00,65894.0390625,65894.0390625,65594.34375,65604.96875,447789056
2026-06-15 05:00:00+00:00,65598.390625,65837.421875,65575.7421875,65825.046875,233121792
2026-06-15 06:00:00+00:00,65825.046875,65923.6171875,65730.0078125,65770.828125,0
2026-06-15 07:00:00+00:00,65770.828125,65963.3671875,65592.15625,65630.9609375,687476736
2026-06-15 08:00:00+00:00,65637.6328125,65760.828125,65576.9921875,65614.8125,695500800
2026-06-15 09:00:00+00:00,65614.8125,65746.0078125,65466.0,65550.453125,414744576
2026-06-15 10:00:00+00:00,65550.4609375,65904.03125,65535.5390625,65876.8828125,346611712
2026-06-15 11:00:00+00:00,65871.046875,66339.6328125,65804.0078125,66190.0078125,1964328960
2026-06-15 12:00:00+00:00,66206.0,66568.75,66069.96875,66527.34375,1226508288
2026-06-15 13:00:00+00:00,66533.296875,66893.5390625,66368.0,66392.0390625,2402426880
2026-06-15 14:00:00+00:00,66394.4296875,66629.8125,66240.546875,66543.203125,593422336
2026-06-15 15:00:00+00:00,66537.9765625,67242.0078125,66537.9765625,67231.578125,1476528128
2026-06-15 16:00:00+00:00,67242.296875,67254.7265625,67051.2578125,67123.890625,1159811072
2026-06-15 17:00:00+00:00,67123.03125,67123.03125,66645.953125,66813.9296875,1189875712
2026-06-15 18:00:00+00:00,66819.96875,66893.796875,66679.03125,66735.9375,510791680
2026-06-15 19:00:00+00:00,66731.0,66865.0390625,66367.15625,66553.7265625,999403520
2026-06-15 20:00:00+00:00,66561.8828125,66642.6484375,66461.0625,66483.75,0
2026-06-15 21:00:00+00:00,66487.4375,66531.546875,66293.6328125,66335.40625,0
2026-06-15 22:00:00+00:00,66330.9609375,66438.3515625,66053.75,66156.0,0
2026-06-15 23:00:00+00:00,66155.9921875,66318.8828125,66094.03125,66274.921875,0
2026-06-16 00:00:00+00:00,66265.8515625,66421.8125,66193.2421875,66215.8984375,0
2026-06-16 01:00:00+00:00,66211.046875,66381.03125,66203.34375,66304.171875,0
2026-06-16 02:00:00+00:00,66304.15625,66329.390625,65650.0,65704.9765625,298967040
2026-06-16 03:00:00+00:00,65709.9921875,66118.859375,65607.5390625,66111.75,0
2026-06-16 04:00:00+00:00,66118.9296875,66237.6796875,65765.2890625,65800.0,6311936
2026-06-16 05:00:00+00:00,65803.4921875,66102.390625,65803.4921875,66020.15625,63885312
2026-06-16 06:00:00+00:00,66026.859375,66509.3203125,66026.859375,66406.25,263411712
2026-06-16 07:00:00+00:00,66415.6484375,66480.0,66263.9921875,66334.1796875,0
2026-06-16 08:00:00+00:00,66334.1796875,66936.6015625,66301.6875,66848.8984375,7952384
2026-06-16 09:00:00+00:00,66868.9609375,66870.0,66425.109375,66461.6484375,339230720
2026-06-16 10:00:00+00:00,66470.3828125,66723.390625,66438.0,66456.8984375,0
2026-06-16 11:00:00+00:00,66456.921875,66594.0703125,66316.75,66440.4921875,0
2026-06-16 12:00:00+00:00,66438.203125,66752.078125,66313.1796875,66367.9765625,0
2026-06-16 13:00:00+00:00,66374.0078125,66413.2421875,65874.703125,65997.9921875,0
2026-06-16 14:00:00+00:00,66000.3828125,66214.9921875,65306.828125,65604.09375,568942592
2026-06-16 15:00:00+00:00,65601.15625,65945.9296875,65569.9921875,65811.3984375,0
2026-06-16 16:00:00+00:00,65825.21875,65894.3125,65639.46875,65694.34375,0
2026-06-16 17:00:00+00:00,65698.3671875,65953.5234375,65649.203125,65915.703125,0
2026-06-16 18:00:00+00:00,65921.96875,66171.96875,65743.5,65781.8671875,44351488
2026-06-16 19:00:00+00:00,65768.109375,65768.109375,65487.73828125,65624.1875,0
2026-06-16 20:00:00+00:00,65572.328125,65800.0,65526.859375,65792.703125,0
2026-06-16 21:00:00+00:00,65799.671875,65876.9296875,65586.109375,65703.7109375,0
2026-06-16 22:00:00+00:00,65703.7109375,65820.3984375,65608.203125,65710.109375,0
2026-06-16 23:00:00+00:00,65719.1015625,65766.453125,65559.0390625,65616.6484375,200814592
2026-06-17 00:00:00+00:00,65616.640625,65790.1015625,65616.640625,65644.671875,0
2026-06-17 01:00:00+00:00,65649.5703125,65890.8828125,65431.4296875,65871.0234375,7542784
2026-06-17 02:00:00+00:00,65882.890625,66072.0078125,65720.7578125,65847.9921875,0
2026-06-17 03:00:00+00:00,65847.9921875,65847.9921875,65649.890625,65785.2265625,0
2026-06-17 04:00:00+00:00,65806.34375,65977.1875,65729.6796875,65831.7265625,0
2026-06-17 05:00:00+00:00,65824.0,65922.421875,65685.5,65768.1015625,0
2026-06-17 06:00:00+00:00,65769.6875,65832.421875,65517.359375,65554.3828125,0
2026-06-17 07:00:00+00:00,65550.9375,65645.1015625,65185.3203125,65472.28125,265578496
2026-06-17 08:00:00+00:00,65463.4296875,65501.51171875,64781.4296875,64861.96875,0
2026-06-17 09:00:00+00:00,64857.26953125,65015.01953125,64782.01171875,64849.921875,626450432
2026-06-17 10:00:00+00:00,64855.0,64936.2890625,64703.53125,64739.51171875,282374144
2026-06-17 11:00:00+00:00,64750.94140625,64820.80859375,64494.01953125,64749.51953125,322129920
2026-06-17 12:00:00+00:00,64752.390625,65036.55859375,64529.98046875,64983.37890625,0
2026-06-17 13:00:00+00:00,64975.73828125,65315.76953125,64781.4296875,65225.0,0
2026-06-17 14:00:00+00:00,65189.3203125,65405.58984375,64728.08984375,65040.8984375,999837696
2026-06-17 15:00:00+00:00,65063.359375,65798.2578125,64936.46875,65696.9609375,1233309696
2026-06-17 16:00:00+00:00,65729.5078125,66370.421875,65664.0234375,65802.5703125,2537469952
2026-06-17 17:00:00+00:00,65819.0234375,66124.0,65745.359375,66030.0078125,1939228672
2026-06-17 18:00:00+00:00,65923.6328125,65985.46875,64828.0,65768.21875,3937171456
