timestamp,open,high,low,close,volume
2026-03-30 00:00:00+00:00,65957.6015625,66876.328125,65773.0546875,66259.03125,59602944
2026-03-30 01:00:00+00:00,66234.484375,66751.1875,66234.484375,66585.34375,540108800
2026-03-30 02:00:00+00:00,66579.6796875,67286.265625,66550.625,67039.9296875,970250240
2026-03-30 03:00:00+00:00,67087.5078125,67224.9609375,66934.859375,67106.546875,993060864
2026-03-30 04:00:00+00:00,67091.390625,67561.2578125,67091.390625,67541.890625,1237766144
2026-03-30 05:00:00+00:00,67559.140625,67655.2265625,67402.3515625,67476.421875,799993856
2026-03-30 06:00:00+00:00,67452.453125,67517.578125,67246.5546875,67274.3828125,764342272
2026-03-30 07:00:00+00:00,67252.828125,67512.0078125,67193.8203125,67502.453125,364709888
2026-03-30 08:00:00+00:00,67554.953125,67830.078125,67554.953125,67619.65625,1900691456
2026-03-30 09:00:00+00:00,67616.3671875,67621.3125,67415.8359375,67453.9765625,876087296
2026-03-30 10:00:00+00:00,67448.46875,67465.34375,67341.5859375,67438.390625,31676416
2026-03-30 11:00:00+00:00,67443.2265625,67840.6015625,67443.2265625,67602.984375,788334592
2026-03-30 12:00:00+00:00,67624.53125,67919.5078125,67615.203125,67863.6015625,731158528
2026-03-30 13:00:00+00:00,67853.6953125,68069.59375,67478.3203125,67478.3203125,1306716160
2026-03-30 14:00:00+00:00,67461.21875,67811.078125,67099.046875,67757.8203125,1602723840
2026-03-30 15:00:00+00:00,67753.5625,67823.1171875,67398.2109375,67578.46875,1083797504
2026-03-30 16:00:00+00:00,67587.203125,67587.203125,67220.7421875,67274.59375,545058816
2026-03-30 17:00:00+00:00,67303.3203125,67375.0390625,66664.7890625,66727.1640625,1078489088
2026-03-30 18:00:00+00:00,66764.703125,66823.0625,66468.46875,66535.0078125,900239360
2026-03-30 19:00:00+00:00,66594.2734375,66594.2734375,66211.5234375,66424.765625,779100160
2026-03-30 20:00:00+00:00,66480.578125,66617.78125,66480.578125,66608.578125,284151808
2026-03-30 21:00:00+00:00,66594.25,66930.125,66550.0234375,66763.3046875,1011724288
2026-03-30 22:00:00+00:00,66758.3671875,66928.9453125,66650.421875,66739.3828125,0
2026-03-30 23:00:00+00:00,66735.6875,66735.6875,66378.109375,66694.5859375,0
2026-03-31 00:00:00+00:00,66727.5234375,67225.8984375,66507.421875,67084.796875,0
2026-03-31 01:00:00+00:00,67140.5390625,68292.8125,67021.2109375,67933.984375,1710804992
2026-03-31 02:00:00+00:00,67901.2578125,68028.9375,67765.625,67948.859375,0
2026-03-31 03:00:00+00:00,67932.046875,67949.8671875,67610.25,67651.0625,0
2026-03-31 04:00:00+00:00,67653.84375,67788.0078125,67471.7109375,67482.0234375,0
2026-03-31 05:00:00+00:00,67489.15625,67713.53125,67362.265625,67622.9765625,0
2026-03-31 06:00:00+00:00,67632.703125,67632.703125,67316.7109375,67456.2890625,42102784
2026-03-31 07:00:00+00:00,67439.3359375,67451.171875,67084.0625,67316.1640625,878780416
2026-03-31 08:00:00+00:00,67315.796875,67433.5546875,66732.75,66766.40625,0
2026-03-31 09:00:00+00:00,66738.4765625,66827.4765625,65980.9765625,66037.6875,953315328
2026-03-31 10:00:00+00:00,66107.5078125,66398.21875,66092.1796875,66294.359375,969719808
2026-03-31 11:00:00+00:00,66305.7109375,66778.96875,66202.2109375,66638.390625,507084800
2026-03-31 12:00:00+00:00,66629.9375,66861.7421875,66490.625,66617.140625,448180224
2026-03-31 13:00:00+00:00,66630.609375,67321.1328125,66630.609375,67197.9765625,0
2026-03-31 14:00:00+00:00,67202.6015625,67667.7421875,66478.3984375,66552.484375,325591040
2026-03-31 15:00:00+00:00,66609.2734375,67210.8828125,66609.2734375,66695.515625,343322624
2026-03-31 16:00:00+00:00,66753.0078125,67924.3515625,66732.5,67551.109375,1145847808
2026-03-31 17:00:00+00:00,67590.2265625,68399.34375,67396.1328125,67426.0546875,1588404224
2026-03-31 18:00:00+00:00,67461.6953125,67873.828125,67461.6953125,67720.03125,0
2026-03-31 19:00:00+00:00,67788.4375,67953.578125,67701.6328125,67760.78125,317972480
2026-03-31 20:00:00+00:00,67817.828125,68184.640625,67817.828125,68184.640625,281108480
2026-03-31 21:00:00+00:00,68192.359375,68309.3203125,67852.984375,68185.9765625,101736448
2026-03-31 22:00:00+00:00,68219.96875,68231.4765625,67956.28125,68148.875,577847296
2026-03-31 23:00:00+00:00,68135.40625,68299.4375,68043.8828125,68232.890625,4124672
2026-04-01 00:00:00+00:00,68224.46875,68232.4765625,67823.25,68230.671875,0
2026-04-01 01:00:00+00:00,68245.1171875,68270.3046875,67744.7734375,67745.234375,0
2026-04-01 02:00:00+00:00,67733.984375,67843.6796875,67565.3984375,67588.2421875,1002680320
2026-04-01 03:00:00+00:00,67599.8046875,68151.8671875,67599.8046875,68083.9375,372232192
2026-04-01 04:00:00+00:00,68097.21875,68294.9140625,68001.984375,68231.046875,0
2026-04-01 05:00:00+00:00,68251.6484375,68650.8515625,68114.7265625,68399.7578125,316989440
2026-04-01 06:00:00+00:00,68401.53125,69160.7578125,68401.53125,69125.265625,785043456
2026-04-01 07:00:00+00:00,69079.140625,69204.46875,68651.3828125,68651.3828125,300101632
2026-04-01 08:00:00+00:00,68654.0,68809.0859375,68467.265625,68671.5390625,244490240
2026-04-01 09:00:00+00:00,68636.90625,68690.46875,68368.171875,68618.8515625,0
2026-04-01 10:00:00+00:00,68620.6328125,68629.75,68404.09375,68496.25,367706112
2026-04-01 11:00:00+00:00,68539.9140625,68696.3515625,68488.0390625,68687.2265625,0
2026-04-01 12:00:00+00:00,68687.5546875,68687.5546875,68291.765625,68334.515625,610938880
2026-04-01 13:00:00+00:00,68346.671875,68558.5703125,67969.1171875,68154.0546875,26525696
2026-04-01 14:00:00+00:00,68082.6953125,68607.71875,68054.28125,68581.8125,0
2026-04-01 15:00:00+00:00,68579.0390625,68915.3125,68426.890625,68915.3125,0
2026-04-01 16:00:00+00:00,68884.7578125,68923.234375,68617.0703125,68792.8515625,0
2026-04-01 17:00:00+00:00,68801.203125,69104.828125,68238.046875,68238.046875,0
2026-04-01 18:00:00+00:00,68238.0390625,68258.8828125,67981.9140625,68006.453125,228315136
2026-04-01 19:00:00+00:00,68054.734375,68249.8125,68034.3984375,68152.3203125,1232896
2026-04-01 20:00:00+00:00,68129.8046875,68226.4609375,67985.3671875,68173.234375,0
2026-04-01 21:00:00+00:00,68171.5,68485.8671875,68169.2421875,68421.5859375,0
2026-04-01 22:00:00+00:00,68375.8828125,68375.8828125,68075.5625,68104.0859375,0
2026-04-01 23:00:00+00:00,68109.8203125,68225.453125,67999.71875,68077.8984375,0
2026-04-02 00:00:00+00:00,68095.265625,68633.1484375,68052.53125,68590.65625,0
2026-04-02 01:00:00+00:00,68588.5390625,68588.5390625,67099.5390625,67328.8203125,1548025856
2026-04-02 02:00:00+00:00,67334.1875,67334.1875,66686.6796875,66880.640625,910004224
2026-04-02 03:00:00+00:00,66862.453125,66937.0,66506.125,66570.546875,399069184
2026-04-02 04:00:00+00:00,66566.046875,66624.515625,66230.2421875,66318.2578125,313384960
2026-04-02 05:00:00+00:00,66311.9140625,66608.3984375,66308.21875,66595.1875,55910400
2026-04-02 06:00:00+00:00,66585.09375,66743.8515625,66543.484375,66641.453125,0
2026-04-02 07:00:00+00:00,66656.6328125,66915.609375,66544.8671875,66915.609375,0
2026-04-02 08:00:00+00:00,66908.1484375,66908.1484375,66445.2734375,66445.2734375,0
2026-04-02 09:00:00+00:00,66433.671875,66482.453125,66301.4765625,66420.6640625,182439936
2026-04-02 10:00:00+00:00,66443.3046875,66466.609375,66225.1875,66444.28125,0
2026-04-02 11:00:00+00:00,66442.875,66450.53125,66170.84375,66194.6484375,166092800
2026-04-02 12:00:00+00:00,66202.0,66202.0,65967.6640625,66032.328125,0
2026-04-02 13:00:00+00:00,66025.453125,66204.3046875,65788.75,66204.3046875,384462848
2026-04-02 14:00:00+00:00,66249.2578125,67029.875,66200.2578125,66939.234375,1230147584
2026-04-02 15:00:00+00:00,66870.296875,66943.203125,66669.28125,66785.171875,481304576
2026-04-02 16:00:00+00:00,66835.65625,67217.4765625,66774.828125,67104.25,294678528
2026-04-02 17:00:00+00:00,67088.6875,67384.4453125,66671.09375,66671.09375,332353536
2026-04-02 18:00:00+00:00,66667.8203125,66982.1640625,66602.015625,66966.8984375,59293696
2026-04-02 19:00:00+00:00,66969.359375,67071.7734375,66884.28125,66993.984375,36319232
2026-04-02 20:00:00+00:00,66964.6328125,67084.671875,66809.7109375,66940.75,0
2026-04-02 21:00:00+00:00,66932.421875,66981.0078125,66759.9140625,66912.7578125,0
2026-04-02 22:00:00+00:00,66920.703125,67020.5078125,66866.2109375,67020.5078125,0
2026-04-02 23:00:00+00:00,66980.140625,67071.5546875,66862.4296875,66889.015625,48594944
2026-04-03 00:00:00+00:00,66888.4765625,66972.71875,66709.3203125,66753.7578125,0
2026-04-03 01:00:00+00:00,66775.6171875,66881.6796875,66495.8125,66599.890625,0
2026-04-03 02:00:00+00:00,66607.8828125,66719.828125,66281.984375,66480.96875,0
2026-04-03 03:00:00+00:00,66507.984375,66695.0,66488.1328125,66586.28125,0
2026-04-03 04:00:00+00:00,66587.0859375,66660.578125,66508.5859375,66618.578125,0
2026-04-03 05:00:00+00:00,66604.4765625,66751.96875,66459.9296875,66555.1875,0
2026-04-03 06:00:00+00:00,66571.5234375,66772.21875,66571.5234375,66764.3125,0
2026-04-03 07:00:00+00:00,66775.1875,67162.359375,66765.859375,67027.1484375,168898560
2026-04-03 08:00:00+00:00,67032.546875,67268.6796875,66909.2421875,66961.9296875,61919232
2026-04-03 09:00:00+00:00,66959.03125,66981.890625,66757.6171875,66843.3203125,0
2026-04-03 10:00:00+00:00,66828.2734375,66879.4921875,66691.5390625,66879.4921875,0
2026-04-03 11:00:00+00:00,66880.1796875,67026.71875,66832.5546875,66995.7109375,0
2026-04-03 12:00:00+00:00,67002.0078125,67099.0546875,66658.375,66751.78125,0
2026-04-03 13:00:00+00:00,66719.546875,66719.546875,66507.0625,66662.890625,0
2026-04-03 14:00:00+00:00,66640.3125,66963.7421875,66640.3125,66955.96875,0
2026-04-03 15:00:00+00:00,66943.6796875,66992.6328125,66820.0625,66837.7265625,0
2026-04-03 16:00:00+00:00,66844.640625,67039.765625,66811.6640625,67002.765625,0
2026-04-03 17:00:00+00:00,67000.875,67042.3359375,66771.21875,66852.078125,0
2026-04-03 18:00:00+00:00,66845.25,66909.8515625,66772.5625,66806.78125,0
2026-04-03 19:00:00+00:00,66812.5859375,66887.8671875,66766.1328125,66861.78125,0
2026-04-03 20:00:00+00:00,66870.6015625,66899.375,66842.6015625,66842.6015625,101472256
2026-04-03 21:00:00+00:00,66832.8125,66930.2578125,66831.203125,66925.671875,0
2026-04-03 22:00:00+00:00,66949.21875,66949.21875,66846.578125,66890.34375,0
2026-04-03 23:00:00+00:00,66882.15625,66938.6484375,66815.640625,66938.6484375,0
2026-04-04 00:00:00+00:00,66937.25,66939.015625,66881.3125,66882.7265625,0
2026-04-04 01:00:00+00:00,66884.5546875,66904.328125,66822.015625,66842.9453125,0
2026-04-04 02:00:00+00:00,66845.0859375,66903.1796875,66803.2265625,66811.125,0
2026-04-04 03:00:00+00:00,66825.40625,66893.453125,66821.40625,66821.40625,0
2026-04-04 04:00:00+00:00,66826.0625,66858.125,66790.7890625,66858.1015625,0
2026-04-04 05:00:00+00:00,66859.6640625,66916.3515625,66842.1484375,66898.328125,0
2026-04-04 06:00:00+00:00,66908.6015625,67021.1328125,66892.90625,67004.875,0
2026-04-04 07:00:00+00:00,66996.2109375,67022.4453125,66937.21875,67022.4453125,0
2026-04-04 08:00:00+00:00,67011.6328125,67030.6875,66910.1328125,66917.296875,0
2026-04-04 09:00:00+00:00,66913.0390625,66971.1484375,66913.0390625,66961.2109375,0
2026-04-04 10:00:00+00:00,66964.5703125,67149.1328125,66905.3359375,67137.640625,0
2026-04-04 11:00:00+00:00,67143.5078125,67194.5546875,67082.7890625,67113.609375,150949888
2026-04-04 12:00:00+00:00,67125.0234375,67152.953125,67048.6484375,67084.578125,0
2026-04-04 13:00:00+00:00,67081.375,67243.5703125,67074.5078125,67204.6640625,0
2026-04-04 14:00:00+00:00,67195.3359375,67202.46875,67028.609375,67172.6953125,0
2026-04-04 15:00:00+00:00,67198.84375,67435.46875,67171.2109375,67364.34375,370152448
2026-04-04 16:00:00+00:00,67368.828125,67491.78125,67316.109375,67442.90625,0
2026-04-04 17:00:00+00:00,67357.265625,67399.9765625,67292.453125,67334.515625,0
2026-04-04 18:00:00+00:00,67325.609375,67360.1796875,67266.375,67287.0078125,0
2026-04-04 19:00:00+00:00,67286.078125,67474.109375,67285.609375,67287.53125,72231936
2026-04-04 20:00:00+00:00,67278.640625,67282.1875,67184.6953125,67259.1875,112285696
2026-04-04 21:00:00+00:00,67262.2734375,67402.5859375,67224.5625,67366.3125,0
2026-04-04 22:00:00+00:00,67349.390625,67426.90625,67340.1640625,67378.8359375,0
2026-04-04 23:00:00+00:00,67385.171875,67385.5078125,67260.1640625,67291.1953125,0
2026-04-05 00:00:00+00:00,67280.21875,67297.15625,67166.9375,67169.21875,46329856
2026-04-05 01:00:00+00:00,67180.0625,67218.015625,67080.3125,67091.6640625,87767040
2026-04-05 02:00:00+00:00,67074.1328125,67160.0859375,66981.0390625,67154.7734375,218042368
2026-04-05 03:00:00+00:00,67152.09375,67169.9921875,67088.21875,67113.9453125,104395776
2026-04-05 04:00:00+00:00,67117.3671875,67165.34375,67066.0234375,67086.5078125,0
2026-04-05 05:00:00+00:00,67085.7421875,67130.3203125,66901.8828125,66904.875,0
2026-04-05 06:00:00+00:00,66912.59375,66922.078125,66615.0390625,66825.3125,646203392
2026-04-05 07:00:00+00:00,66812.578125,66888.6875,66715.0546875,66795.5,130007040
2026-04-05 08:00:00+00:00,66793.6015625,66907.5234375,66793.6015625,66907.5234375,0
2026-04-05 09:00:00+00:00,66907.75,67015.375,66889.0703125,67013.7265625,150109184
2026-04-05 10:00:00+00:00,66975.5703125,67096.5859375,66954.6875,67033.0078125,47465472
2026-04-05 11:00:00+00:00,67027.9375,67064.8984375,66955.75,66972.8359375,0
2026-04-05 12:00:00+00:00,66977.1484375,66977.1484375,66691.171875,66767.5546875,897463296
2026-04-05 13:00:00+00:00,66771.5390625,66880.171875,66699.7109375,66876.3671875,227764224
2026-04-05 14:00:00+00:00,66876.9921875,66942.1875,66828.1640625,66906.125,0
2026-04-05 15:00:00+00:00,66903.1015625,67516.1640625,66823.8828125,67270.234375,938895360
2026-04-05 16:00:00+00:00,67281.09375,67375.78125,67172.9140625,67188.7421875,124299264
2026-04-05 17:00:00+00:00,67195.2421875,67365.5234375,67174.0703125,67334.2890625,0
2026-04-05 18:00:00+00:00,67346.96875,67423.7734375,67269.9140625,67363.9375,126044160
2026-04-05 19:00:00+00:00,67375.140625,67504.1640625,67271.3828125,67301.609375,0
2026-04-05 20:00:00+00:00,67331.4921875,67653.4609375,67331.4921875,67613.8515625,102221824
2026-04-05 21:00:00+00:00,67613.8203125,67618.5703125,67419.2890625,67540.8203125,356978688
2026-04-05 22:00:00+00:00,67522.359375,68325.484375,67329.8671875,68325.484375,1236066304
2026-04-05 23:00:00+00:00,68309.328125,69048.203125,68268.671875,68982.9140625,2669459456
2026-04-06 00:00:00+00:00,68978.9140625,69491.6484375,68978.9140625,69076.7109375,2418087936
2026-04-06 01:00:00+00:00,69063.71875,69076.625,68782.6484375,68801.5390625,1045952512
2026-04-06 02:00:00+00:00,68780.3515625,69365.109375,68780.3515625,69227.78125,1052841984
2026-04-06 03:00:00+00:00,69207.9609375,69217.3671875,69044.9921875,69061.84375,780525568
2026-04-06 04:00:00+00:00,69082.078125,69173.921875,68963.0859375,69115.71875,800897024
2026-04-06 05:00:00+00:00,69118.1171875,69200.28125,69089.46875,69170.5234375,309288960
2026-04-06 06:00:00+00:00,69174.6171875,69316.03125,68824.1796875,68969.6484375,268292096
2026-04-06 07:00:00+00:00,68954.0078125,69171.8984375,68819.328125,69075.671875,28657664
2026-04-06 08:00:00+00:00,69089.3203125,69281.40625,69083.1171875,69230.8046875,1076805632
2026-04-06 09:00:00+00:00,69210.859375,70132.9921875,69200.8828125,69734.3828125,2754883584
2026-04-06 10:00:00+00:00,69714.0390625,69907.7109375,69714.0390625,69730.765625,890058752
2026-04-06 11:00:00+00:00,69755.96875,69755.96875,69577.65625,69595.9453125,369598464
2026-04-06 12:00:00+00:00,69601.015625,69615.703125,69348.5234375,69356.1484375,69148672
2026-04-06 13:00:00+00:00,69365.3125,69486.828125,69260.03125,69354.2890625,673017856
2026-04-06 14:00:00+00:00,69366.4375,69762.5703125,69206.546875,69660.390625,1707786240
2026-04-06 15:00:00+00:00,69645.2578125,69941.1171875,69578.390625,69930.125,0
2026-04-06 16:00:00+00:00,69947.6875,70237.1015625,69834.8359375,69834.8359375,1390653440
2026-04-06 17:00:00+00:00,69800.9921875,69800.9921875,69283.7578125,69563.90625,1401937920
2026-04-06 18:00:00+00:00,69563.015625,69912.4375,69494.59375,69884.3203125,826048512
2026-04-06 19:00:00+00:00,69887.515625,69887.515625,69603.796875,69704.140625,532942848
2026-04-06 20:00:00+00:00,69733.0,69973.8203125,69619.25,69839.546875,0
2026-04-06 21:00:00+00:00,69828.203125,69828.203125,69464.78125,69522.0,447565824
2026-04-06 22:00:00+00:00,69471.375,69558.8984375,68900.90625,68918.875,0
2026-04-06 23:00:00+00:00,68814.5546875,68896.75,68367.84375,68859.375,6565888
2026-04-07 00:00:00+00:00,68860.4609375,69035.9765625,68749.859375,68834.3125,0
2026-04-07 01:00:00+00:00,68786.0546875,68833.0234375,68372.65625,68407.5,0
2026-04-07 02:00:00+00:00,68413.4921875,68682.9765625,68286.8046875,68668.671875,0
2026-04-07 03:00:00+00:00,68672.4375,68777.5859375,68630.9375,68756.09375,152686592
2026-04-07 04:00:00+00:00,68761.765625,68964.1953125,68544.8125,68876.296875,0
2026-04-07 05:00:00+00:00,68841.0078125,68841.0078125,68623.734375,68623.734375,0
2026-04-07 06:00:00+00:00,68632.859375,68638.40625,68432.515625,68559.765625,0
2026-04-07 07:00:00+00:00,68557.8671875,68679.46875,68491.7734375,68632.78125,0
2026-04-07 08:00:00+00:00,68618.9140625,68961.609375,68616.34375,68945.296875,0
2026-04-07 09:00:00+00:00,68945.3984375,69215.59375,68941.453125,69144.3359375,0
2026-04-07 10:00:00+00:00,69150.4921875,69178.546875,68220.5625,68233.8515625,133443584
2026-04-07 11:00:00+00:00,68225.6640625,68424.375,68075.421875,68356.046875,499269632
2026-04-07 12:00:00+00:00,68342.5,68456.1875,68092.734375,68412.96875,0
2026-04-07 13:00:00+00:00,68379.7890625,68611.0234375,68205.890625,68254.234375,1097029632
2026-04-07 14:00:00+00:00,68232.203125,68232.203125,67798.203125,67916.6953125,0
2026-04-07 15:00:00+00:00,67856.078125,68175.578125,67755.734375,68141.9921875,1760526336
2026-04-07 16:00:00+00:00,68151.7109375,68366.703125,68102.5546875,68216.5859375,0
2026-04-07 17:00:00+00:00,68213.9296875,68783.3515625,68197.21875,68707.1875,0
2026-04-07 18:00:00+00:00,68692.15625,68745.515625,68348.3125,68426.2734375,93362176
2026-04-07 19:00:00+00:00,68428.25,69064.8359375,68372.921875,68958.59375,1083127808
2026-04-07 20:00:00+00:00,69001.296875,69502.0703125,69001.296875,69281.7109375,1242095616
2026-04-07 21:00:00+00:00,69301.40625,70160.59375,69301.40625,69908.7421875,1996890112
2026-04-07 22:00:00+00:00,69911.75,71430.3515625,69911.75,71430.3515625,3171405824
2026-04-07 23:00:00+00:00,71482.6015625,72484.7734375,71232.0703125,71950.1484375,3808813056
2026-04-08 00:00:00+00:00,71926.15625,72057.078125,71556.203125,71673.5703125,1310101504
2026-04-08 01:00:00+00:00,71688.7890625,71729.0,71454.5234375,71457.9453125,169504768
2026-04-08 02:00:00+00:00,71462.34375,71700.5625,71276.15625,71323.6015625,903651328
2026-04-08 03:00:00+00:00,71322.296875,71466.1875,71273.4453125,71289.5078125,332660736
2026-04-08 04:00:00+00:00,71286.9296875,71631.9765625,71286.9296875,71588.4609375,481091584
2026-04-08 05:00:00+00:00,71566.6953125,71793.8671875,71550.8359375,71718.125,623226880
2026-04-08 06:00:00+00:00,71714.875,71911.2734375,71601.90625,71720.1875,66224128
2026-04-08 07:00:00+00:00,71712.5703125,71882.296875,71601.6328125,71608.8203125,1684774912
2026-04-08 08:00:00+00:00,71628.890625,71814.53125,71628.890625,71759.0546875,329363456
2026-04-08 09:00:00+00:00,71787.71875,71932.7578125,71592.203125,71679.1796875,0
2026-04-08 10:00:00+00:00,71672.5546875,71714.15625,71476.21875,71491.28125,0
2026-04-08 11:00:00+00:00,71484.3203125,71711.5390625,71417.4609375,71665.8984375,102031360
2026-04-08 12:00:00+00:00,71671.8984375,72078.859375,71634.3203125,72078.859375,316997632
2026-04-08 13:00:00+00:00,72072.5859375,72739.1796875,71523.8359375,71523.8359375,2873823232
2026-04-08 14:00:00+00:00,71598.1171875,71704.453125,70754.125,70838.4921875,940003328
2026-04-08 15:00:00+00:00,70868.1171875,71326.078125,70868.1171875,71301.046875,307560448
2026-04-08 16:00:00+00:00,71295.5390625,71637.2734375,71272.5546875,71619.1796875,137367552
2026-04-08 17:00:00+00:00,71600.4765625,71937.984375,71509.0546875,71910.0546875,182030336
2026-04-08 18:00:00+00:00,71885.625,71885.625,71107.8828125,71126.171875,246755328
2026-04-08 19:00:00+00:00,71090.7734375,71353.8671875,71078.375,71301.3984375,0
2026-04-08 20:00:00+00:00,71319.5703125,71480.0234375,71289.65625,71367.4765625,0
2026-04-08 21:00:00+00:00,71353.890625,71721.1015625,71339.625,71518.7890625,0
2026-04-08 22:00:00+00:00,71546.6796875,71546.6796875,71088.3046875,71088.3046875,0
2026-04-08 23:00:00+00:00,70972.7578125,71164.3984375,70923.90625,71115.125,0
2026-04-09 00:00:00+00:00,71093.7578125,71093.7578125,70688.7890625,70834.7734375,0
2026-04-09 01:00:00+00:00,70810.5703125,70918.890625,70528.3125,70911.1875,0
2026-04-09 02:00:00+00:00,70920.3984375,71157.859375,70820.84375,71069.421875,0
2026-04-09 03:00:00+00:00,71036.3046875,71085.8671875,70860.5390625,70979.9140625,249393152
2026-04-09 04:00:00+00:00,70984.984375,70992.3046875,70766.5390625,70766.5390625,0
2026-04-09 05:00:00+00:00,70758.9765625,71077.4921875,70730.6796875,70972.8203125,0
2026-04-09 06:00:00+00:00,70975.71875,71069.796875,70854.921875,71009.359375,0
2026-04-09 07:00:00+00:00,71023.703125,71076.234375,70964.1015625,70964.1015625,0
2026-04-09 08:00:00+00:00,70968.703125,71333.6875,70901.5625,71245.546875,0
2026-04-09 09:00:00+00:00,71258.9921875,71536.890625,71120.1640625,71505.09375,0
2026-04-09 10:00:00+00:00,71503.3359375,71503.3359375,71292.984375,71292.984375,0
2026-04-09 11:00:00+00:00,71287.6953125,71321.0703125,71080.546875,71157.0078125,0
2026-04-09 12:00:00+00:00,71151.8515625,71270.9375,71059.296875,71269.7109375,0
2026-04-09 13:00:00+00:00,71267.5859375,71267.5859375,70650.7890625,70812.71875,0
2026-04-09 14:00:00+00:00,70796.671875,71200.6640625,70549.265625,71116.171875,0
2026-04-09 15:00:00+00:00,71124.2421875,72317.9921875,70938.3984375,72103.4296875,1492318208
2026-04-09 16:00:00+00:00,72122.2265625,72345.6875,71784.3515625,72019.4765625,1328070656
2026-04-09 17:00:00+00:00,72262.65625,72519.0859375,72132.3828125,72345.8828125,872480768
2026-04-09 18:00:00+00:00,72293.109375,72293.109375,71774.890625,71886.0859375,0
2026-04-09 19:00:00+00:00,71890.2578125,72252.6484375,71785.296875,72090.484375,0
2026-04-09 20:00:00+00:00,72109.1328125,72436.1328125,72037.734375,72390.7109375,1248124928
2026-04-09 21:00:00+00:00,72414.75,72651.953125,72178.1171875,72256.9765625,485777408
2026-04-09 22:00:00+00:00,72258.2578125,73004.65625,72041.1171875,72041.1171875,1449922560
2026-04-09 23:00:00+00:00,71962.484375,72000.1171875,71637.8125,71774.3671875,609611776
2026-04-10 00:00:00+00:00,71783.515625,72004.9296875,71609.296875,71907.890625,271847424
2026-04-10 01:00:00+00:00,71932.625,72377.25,71730.296875,72172.6484375,403632128
2026-04-10 02:00:00+00:00,72166.3984375,72281.828125,71928.1953125,71953.8515625,0
2026-04-10 03:00:00+00:00,71961.484375,71974.7890625,71817.3515625,71866.9375,0
2026-04-10 04:00:00+00:00,71888.7265625,72114.984375,71845.609375,72075.203125,367677440
2026-04-10 05:00:00+00:00,72101.890625,72255.078125,72027.4140625,72110.9609375,370974720
2026-04-10 06:00:00+00:00,72124.4765625,72148.390625,71804.453125,71818.6171875,0
2026-04-10 07:00:00+00:00,71817.7890625,71827.6640625,71445.828125,71474.5234375,0
2026-04-10 08:00:00+00:00,71484.5546875,71747.3671875,71444.78125,71601.859375,250580992
2026-04-10 09:00:00+00:00,71607.3828125,71853.765625,71597.328125,71796.2734375,0
2026-04-10 10:00:00+00:00,71790.0390625,71927.125,71724.765625,71927.125,0
2026-04-10 11:00:00+00:00,71914.7734375,72250.0703125,71914.7734375,72120.9609375,588943360
2026-04-10 12:00:00+00:00,72123.65625,72420.3515625,72051.0234375,72259.9296875,67821568
2026-04-10 13:00:00+00:00,72259.9375,72353.125,71946.921875,72353.125,655417344
2026-04-10 14:00:00+00:00,72328.6796875,73117.5390625,72328.6796875,72902.0234375,2228338688
2026-04-10 15:00:00+00:00,72958.8125,73289.9140625,72403.5390625,72403.5390625,0
2026-04-10 16:00:00+00:00,72431.109375,73034.765625,72420.078125,73034.765625,0
2026-04-10 17:00:00+00:00,73002.578125,73114.03125,72838.140625,73101.09375,0
2026-04-10 18:00:00+00:00,73134.140625,73134.140625,72913.828125,73114.046875,0
2026-04-10 19:00:00+00:00,73118.453125,73263.1015625,72945.1015625,73234.4453125,53522432
2026-04-10 20:00:00+00:00,73218.1953125,73421.8125,73081.796875,73377.0703125,496521216
2026-04-10 21:00:00+00:00,73371.953125,73371.953125,72993.9296875,73203.6953125,0
2026-04-10 22:00:00+00:00,73202.296875,73223.703125,72834.515625,72919.671875,0
2026-04-10 23:00:00+00:00,72908.984375,72976.125,72822.1328125,72976.125,9138176
2026-04-11 00:00:00+00:00,72974.1953125,72974.1953125,72829.4453125,72841.375,0
2026-04-11 01:00:00+00:00,72844.015625,73003.703125,72722.609375,72955.96875,0
2026-04-11 02:00:00+00:00,72954.3125,73116.5234375,72946.8203125,72984.203125,27906048
2026-04-11 03:00:00+00:00,72981.1484375,73098.7265625,72867.390625,72867.390625,0
2026-04-11 04:00:00+00:00,72886.9375,72972.625,72738.515625,72824.890625,0
2026-04-11 05:00:00+00:00,72843.453125,72862.75,72706.6484375,72759.265625,0
2026-04-11 06:00:00+00:00,72744.8828125,72801.0859375,72676.46875,72801.0859375,0
2026-04-11 07:00:00+00:00,72794.328125,72848.59375,72719.5390625,72738.2890625,0
2026-04-11 08:00:00+00:00,72768.2421875,72820.59375,72681.109375,72715.7109375,0
2026-04-11 09:00:00+00:00,72704.0703125,72917.6328125,72659.4375,72913.359375,0
2026-04-11 10:00:00+00:00,72937.609375,72938.2265625,72797.5703125,72864.703125,0
2026-04-11 11:00:00+00:00,72861.7109375,72945.75,72858.3828125,72925.703125,0
2026-04-11 12:00:00+00:00,72923.6796875,73003.6796875,72846.046875,72967.8203125,0
2026-04-11 13:00:00+00:00,72844.8203125,72847.7890625,72594.53125,72701.921875,0
2026-04-11 14:00:00+00:00,72693.8984375,72771.796875,72638.1796875,72745.453125,0
2026-04-11 15:00:00+00:00,72745.6171875,72883.3125,72712.1953125,72880.890625,0
2026-04-11 16:00:00+00:00,72886.515625,73199.65625,72850.484375,73102.703125,0
2026-04-11 17:00:00+00:00,73080.1640625,73178.5859375,72978.109375,73097.2109375,0
2026-04-11 18:00:00+00:00,73106.21875,73700.171875,73073.71875,73544.5703125,224630784
2026-04-11 19:00:00+00:00,73555.78125,73724.78125,73514.65625,73683.421875,0
2026-04-11 20:00:00+00:00,73687.1015625,73687.1015625,73284.3515625,73331.3046875,0
2026-04-11 21:00:00+00:00,73324.375,73539.8203125,73272.140625,73476.75,0
2026-04-11 22:00:00+00:00,73449.1328125,73550.828125,73270.546875,73388.0546875,0
2026-04-11 23:00:00+00:00,73390.8125,73390.8125,72963.15625,73056.046875,352256
2026-04-12 00:00:00+00:00,73057.15625,73124.0859375,72932.578125,73068.3828125,0
2026-04-12 01:00:00+00:00,73083.3515625,73141.5,71527.5625,71666.203125,2032969728
2026-04-12 02:00:00+00:00,71662.8671875,71961.015625,71464.046875,71810.359375,920907776
2026-04-12 03:00:00+00:00,71790.203125,71860.9296875,71626.78125,71660.0546875,144060416
2026-04-12 04:00:00+00:00,71621.7890625,71678.65625,71481.25,71490.046875,257187840
2026-04-12 05:00:00+00:00,71487.3984375,71785.1328125,71487.3984375,71740.96875,396326912
2026-04-12 06:00:00+00:00,71735.875,71762.03125,71663.28125,71675.6640625,18329600
2026-04-12 07:00:00+00:00,71673.453125,71765.0234375,71612.8359375,71747.28125,0
2026-04-12 08:00:00+00:00,71712.4296875,71789.8125,71625.328125,71639.640625,692613120
2026-04-12 09:00:00+00:00,71650.3359375,71654.359375,71543.8046875,71561.8203125,94949376
2026-04-12 10:00:00+00:00,71563.4296875,71676.1875,71405.109375,71458.2734375,101920768
2026-04-12 11:00:00+00:00,71465.1640625,71545.5546875,71448.3203125,71494.46875,383551488
2026-04-12 12:00:00+00:00,71493.9921875,71515.1484375,71129.40625,71158.734375,516511744
2026-04-12 13:00:00+00:00,71004.1640625,71102.6796875,70895.84375,70895.84375,687714304
2026-04-12 14:00:00+00:00,70906.40625,71084.5546875,70739.6015625,70807.34375,594534400
2026-04-12 15:00:00+00:00,70768.640625,70944.4453125,70721.7890625,70906.8203125,588967936
2026-04-12 16:00:00+00:00,70886.1015625,70959.578125,70856.4140625,70902.7578125,0
2026-04-12 17:00:00+00:00,70958.9921875,71198.3984375,70934.234375,71143.1328125,97961984
2026-04-12 18:00:00+00:00,71125.421875,71221.2109375,71091.5625,71161.0703125,0
2026-04-12 19:00:00+00:00,71158.640625,71234.3046875,71081.5859375,71114.7265625,0
2026-04-12 20:00:00+00:00,71110.75,71431.6953125,70971.484375,71359.3984375,137883648
2026-04-12 21:00:00+00:00,71349.5390625,71452.2265625,71228.7109375,71284.375,0
2026-04-12 22:00:00+00:00,71345.109375,71345.109375,70593.453125,70901.7890625,1398806528
2026-04-12 23:00:00+00:00,70917.5625,70917.5625,70581.140625,70757.6171875,224360448
2026-04-13 00:00:00+00:00,70741.296875,71229.5703125,70629.453125,71159.4609375,292968448
2026-04-13 01:00:00+00:00,71174.0625,71224.4453125,71064.9140625,71221.5,0
2026-04-13 02:00:00+00:00,71199.1796875,71264.46875,71013.8515625,71080.9375,0
2026-04-13 03:00:00+00:00,71063.625,71126.6328125,70951.0078125,70989.6875,0
2026-04-13 04:00:00+00:00,70981.3125,71120.4453125,70866.296875,70932.84375,450109440
2026-04-13 05:00:00+00:00,70904.03125,70916.1796875,70713.4921875,70857.4375,975269888
2026-04-13 06:00:00+00:00,70870.625,71077.578125,70870.625,71064.859375,1428049920
2026-04-13 07:00:00+00:00,71043.46875,71043.46875,70699.671875,70831.3125,1218619392
2026-04-13 08:00:00+00:00,70810.34375,70846.5078125,70588.5234375,70667.7890625,1922785280
2026-04-13 09:00:00+00:00,70667.7890625,70881.15625,70667.7890625,70789.25,0
2026-04-13 10:00:00+00:00,70791.625,70835.046875,70727.5,70745.5390625,0
2026-04-13 11:00:00+00:00,70738.1796875,70960.5546875,70738.1796875,70947.2109375,256931840
2026-04-13 12:00:00+00:00,70883.4453125,71195.453125,70788.5,71102.421875,43233280
2026-04-13 13:00:00+00:00,71127.4453125,71608.9296875,70859.5234375,71608.9296875,1137176576
2026-04-13 14:00:00+00:00,71657.2890625,72420.1171875,71485.4453125,72420.1171875,2789216256
2026-04-13 15:00:00+00:00,72408.421875,72408.421875,71691.8515625,71838.046875,2246270976
2026-04-13 16:00:00+00:00,71909.3828125,72436.6171875,71821.390625,72204.7265625,2313646080
2026-04-13 17:00:00+00:00,72187.40625,72560.015625,72151.6171875,72153.3984375,2198884352
2026-04-13 18:00:00+00:00,72168.9765625,72457.6875,72101.75,72457.6875,1392091136
2026-04-13 19:00:00+00:00,72454.0078125,73472.53125,72327.703125,73373.984375,3468292096
2026-04-13 20:00:00+00:00,73379.046875,73379.046875,73046.53125,73204.078125,1933516800
2026-04-13 21:00:00+00:00,73182.1171875,73338.9609375,73137.4140625,73229.1640625,616419328
2026-04-13 22:00:00+00:00,73208.84375,74699.296875,73208.84375,74640.609375,2595000320
2026-04-13 23:00:00+00:00,74546.9921875,74856.671875,74485.984375,74532.7421875,2946129920
2026-04-14 00:00:00+00:00,74442.2265625,74504.140625,74162.0234375,74162.0234375,108036096
2026-04-14 01:00:00+00:00,74145.921875,74427.2734375,74074.78125,74378.9921875,2039922688
2026-04-14 02:00:00+00:00,74404.7109375,74566.109375,74317.484375,74374.3671875,0
2026-04-14 03:00:00+00:00,74365.78125,74499.0078125,74291.6796875,74454.3828125,392503296
2026-04-14 04:00:00+00:00,74450.8515625,74512.1640625,74391.2421875,74397.703125,0
2026-04-14 05:00:00+00:00,74393.7578125,74418.0859375,74192.1875,74209.84375,0
2026-04-14 06:00:00+00:00,74312.171875,74565.7734375,74299.1484375,74565.7734375,238682112
2026-04-14 07:00:00+00:00,74551.2734375,74930.4296875,74511.1953125,74547.5546875,1304555520
2026-04-14 08:00:00+00:00,74547.046875,74901.6875,74510.515625,74776.1640625,905838592
2026-04-14 09:00:00+00:00,74770.9375,74845.84375,74469.1640625,74538.09375,705634304
2026-04-14 10:00:00+00:00,74506.390625,74638.0703125,74363.4921875,74423.4453125,603942912
2026-04-14 11:00:00+00:00,74395.28125,74465.9609375,74333.2734375,74456.0,460406784
2026-04-14 12:00:00+00:00,74398.828125,74457.5859375,74297.015625,74457.5859375,120107008
2026-04-14 13:00:00+00:00,74455.375,75495.4765625,74455.375,75490.3984375,1937948672
2026-04-14 14:00:00+00:00,75532.8046875,76009.03125,75180.125,75180.125,3226267648
2026-04-14 15:00:00+00:00,75090.1796875,75423.8984375,74743.2890625,75367.1640625,628752384
2026-04-14 16:00:00+00:00,75390.9609375,75666.0390625,74566.21875,74566.21875,0
2026-04-14 17:00:00+00:00,74653.4140625,74947.6328125,74332.015625,74766.5,0
2026-04-14 18:00:00+00:00,74806.2109375,74809.5546875,73946.8515625,74097.0625,653688832
2026-04-14 19:00:00+00:00,74132.796875,74403.9296875,73960.7578125,74265.8984375,0
2026-04-14 20:00:00+00:00,74329.203125,74423.1484375,74052.28125,74052.28125,0
2026-04-14 21:00:00+00:00,74157.2109375,74343.96875,73982.46875,74315.2890625,0
2026-04-14 22:00:00+00:00,74272.21875,74413.2109375,73905.1796875,74067.359375,0
2026-04-14 23:00:00+00:00,74067.3203125,74269.2578125,74046.1796875,74186.5390625,73728
2026-04-15 00:00:00+00:00,74176.09375,74721.828125,74153.2734375,74601.5,1786605568
2026-04-15 01:00:00+00:00,74585.2734375,74828.609375,74531.28125,74649.0,0
2026-04-15 02:00:00+00:00,74645.4609375,74725.859375,74218.1484375,74359.84375,0
2026-04-15 03:00:00+00:00,74364.78125,74405.9921875,74214.53125,74376.75,0
2026-04-15 04:00:00+00:00,74377.8515625,74471.1796875,74294.0078125,74354.171875,0
2026-04-15 05:00:00+00:00,74369.9765625,74463.9921875,73912.578125,74054.953125,0
2026-04-15 06:00:00+00:00,74036.921875,74081.578125,73902.921875,73924.0,0
2026-04-15 07:00:00+00:00,73946.921875,74048.46875,73545.0,73771.34375,68005888
2026-04-15 08:00:00+00:00,73776.828125,74219.0078125,73706.0,74139.28125,0
2026-04-15 09:00:00+00:00,74139.9921875,74213.4296875,73930.25,74033.4609375,0
2026-04-15 10:00:00+00:00,74019.359375,74261.8828125,73822.03125,73890.8984375,151773184
2026-04-15 11:00:00+00:00,73906.546875,74276.2421875,73895.2890625,74233.3203125,0
2026-04-15 12:00:00+00:00,74236.328125,74475.671875,74076.0078125,74310.0625,292081664
2026-04-15 13:00:00+00:00,74302.453125,74457.078125,73836.0625,74075.859375,0
2026-04-15 14:00:00+00:00,74082.0234375,74531.6484375,73855.53125,74149.65625,0
2026-04-15 15:00:00+00:00,74164.8125,74311.3828125,73629.4375,73872.0078125,0
2026-04-15 16:00:00+00:00,73850.0390625,74192.28125,73783.4921875,73956.7265625,0
2026-04-15 17:00:00+00:00,73960.140625,74253.6015625,73929.9921875,74154.9921875,0
2026-04-15 18:00:00+00:00,74139.421875,74430.1328125,74086.2265625,74410.0,0
2026-04-15 19:00:00+00:00,74420.0078125,75310.1015625,74390.0,75026.3203125,160878592
2026-04-15 20:00:00+00:00,75057.6796875,75069.921875,74541.0625,74872.1484375,200192000
2026-04-15 21:00:00+00:00,74860.0390625,74888.8828125,74572.078125,74765.3828125,0
2026-04-15 22:00:00+00:00,74784.7109375,75400.0,74763.890625,74984.3828125,0
2026-04-15 23:00:00+00:00,74958.421875,74969.703125,74639.0,74825.8671875,0
2026-04-16 00:00:00+00:00,74845.609375,74899.15625,74478.8203125,74834.34375,0
2026-04-16 01:00:00+00:00,74810.0,74810.0,74494.21875,74681.46875,0
2026-04-16 02:00:00+00:00,74681.4609375,75284.0078125,74614.59375,74896.546875,0
2026-04-16 03:00:00+00:00,74890.9296875,75155.8203125,74880.1484375,74904.2109375,2016497664
2026-04-16 04:00:00+00:00,74901.15625,75185.8671875,74751.0625,74964.6484375,0
2026-04-16 05:00:00+00:00,74950.0,75158.640625,74915.09375,75058.0078125,219258880
2026-04-16 06:00:00+00:00,75097.6875,75130.4375,74871.671875,75051.109375,96534528
2026-04-16 07:00:00+00:00,75031.7421875,75100.0,74662.34375,74721.5390625,0
2026-04-16 08:00:00+00:00,74721.546875,74765.15625,74535.4296875,74697.7109375,804335616
2026-04-16 09:00:00+00:00,74679.25,74927.828125,74611.796875,74612.671875,0
2026-04-16 10:00:00+00:00,74611.8828125,74670.84375,74290.78125,74323.9921875,0
2026-04-16 11:00:00+00:00,74327.9921875,74601.65625,74300.0078125,74593.328125,396546048
2026-04-16 12:00:00+00:00,74593.328125,74876.34375,74592.90625,74632.8671875,0
2026-04-16 13:00:00+00:00,74628.7890625,75023.1796875,73309.7265625,73793.9765625,937250816
2026-04-16 14:00:00+00:00,73766.3203125,74198.890625,73424.0234375,73973.203125,372477952
2026-04-16 15:00:00+00:00,73969.7421875,74893.3125,73943.65625,74719.9921875,1685315584
2026-04-16 16:00:00+00:00,74746.0,74956.0,74088.59375,74186.03125,538931200
2026-04-16 17:00:00+00:00,74167.8828125,74459.3984375,73917.140625,74346.0,130420736
2026-04-16 18:00:00+00:00,74354.03125,75092.3125,74250.09375,75054.4375,0
2026-04-16 19:00:00+00:00,75102.0,75429.609375,74762.671875,75371.9765625,964886528
2026-04-16 20:00:00+00:00,75384.9375,75533.6796875,75020.96875,75245.9921875,128495616
2026-04-16 21:00:00+00:00,75252.2109375,75300.0,74827.8125,74956.6015625,121356288
2026-04-16 22:00:00+00:00,74966.2578125,75139.453125,74853.75,74888.609375,0
2026-04-16 23:00:00+00:00,74866.40625,75198.4609375,74847.96875,75163.09375,0
2026-04-17 00:00:00+00:00,75160.203125,75179.8515625,74905.90625,74955.9921875,0
2026-04-17 01:00:00+00:00,74960.6171875,75061.3515625,74594.4765625,74763.890625,51539968
2026-04-17 02:00:00+00:00,74759.859375,74830.8984375,74562.671875,74730.1328125,0
2026-04-17 03:00:00+00:00,74724.9921875,74860.109375,74629.7578125,74633.1484375,0
2026-04-17 04:00:00+00:00,74633.15625,74867.9375,74611.78125,74810.0078125,0
2026-04-17 05:00:00+00:00,74810.0,74823.109375,74575.0,74656.5625,0
2026-04-17 06:00:00+00:00,74645.0234375,74960.90625,74614.46875,74921.2421875,0
2026-04-17 07:00:00+00:00,74960.9609375,75118.859375,74954.7421875,75069.6875,61296640
2026-04-17 08:00:00+00:00,75095.40625,75888.75,75015.359375,75789.9921875,619696128
2026-04-17 09:00:00+00:00,75821.9765625,76370.0,75551.25,75811.4765625,2566205440
2026-04-17 10:00:00+00:00,75811.453125,75907.140625,75124.2265625,75301.109375,1024786432
2026-04-17 11:00:00+00:00,75292.5078125,75633.75,75273.75,75622.578125,0
2026-04-17 12:00:00+00:00,75661.6484375,76298.359375,75558.0,76294.609375,779100160
2026-04-17 13:00:00+00:00,76260.0,77453.2265625,76100.0078125,77388.0,5033406464
2026-04-17 14:00:00+00:00,77434.4609375,78142.9765625,77065.90625,77977.75,3173928960
2026-04-17 15:00:00+00:00,77977.5078125,78060.0234375,77497.6015625,77843.2734375,1281085440
2026-04-17 16:00:00+00:00,77836.21875,78340.0390625,77785.25,77907.2734375,778620928
2026-04-17 17:00:00+00:00,77898.7578125,77955.0078125,77152.5,77563.5078125,973885440
2026-04-17 18:00:00+00:00,77576.25,77602.4765625,77122.5,77206.0,126701568
2026-04-17 19:00:00+00:00,77210.1328125,77524.0625,77063.2578125,77517.8671875,0
2026-04-17 20:00:00+00:00,77463.8828125,77648.453125,77188.65625,77366.96875,0
2026-04-17 21:00:00+00:00,77373.2734375,77531.2421875,77310.0,77475.0,0
2026-04-17 22:00:00+00:00,77473.1328125,77551.5234375,77297.9765625,77339.9375,221704192
2026-04-17 23:00:00+00:00,77328.0078125,77336.2421875,76941.9921875,77098.0078125,344924160
2026-04-18 00:00:00+00:00,77073.75,77287.4609375,77010.0,77196.0,0
2026-04-18 01:00:00+00:00,77216.2421875,77364.7421875,77148.7734375,77251.96875,0
2026-04-18 02:00:00+00:00,77251.96875,77447.4296875,77154.2890625,77323.5078125,0
2026-04-18 03:00:00+00:00,77321.2421875,77328.75,77001.3125,77040.0,0
2026-04-18 04:00:00+00:00,77025.9921875,77197.5,76926.9296875,77148.75,402907136
2026-04-18 05:00:00+00:00,77144.0234375,77295.0078125,77144.0078125,77168.2890625,52015104
2026-04-18 06:00:00+00:00,77168.296875,77253.75,77091.0,77160.0078125,0
2026-04-18 07:00:00+00:00,77136.328125,77162.0234375,76923.078125,77020.0078125,0
2026-04-18 08:00:00+00:00,77020.0234375,77070.390625,76534.0234375,76760.0234375,0
2026-04-18 09:00:00+00:00,76732.5,76743.7421875,76450.15625,76631.2578125,0
2026-04-18 10:00:00+00:00,76631.2578125,76631.2578125,76170.71875,76222.4921875,0
2026-04-18 11:00:00+00:00,76222.5,76222.5,75798.75,76069.4609375,0
2026-04-18 12:00:00+00:00,76074.796875,76323.7421875,76070.9921875,76239.7578125,0
2026-04-18 13:00:00+00:00,76230.828125,76248.7421875,75839.9921875,76148.640625,0
2026-04-18 14:00:00+00:00,76150.0078125,76314.09375,76008.7578125,76280.609375,0
2026-04-18 15:00:00+00:00,76282.1875,76361.2578125,76050.1328125,76191.71875,0
2026-04-18 16:00:00+00:00,76173.09375,76249.9765625,75823.03125,75968.1171875,0
2026-04-18 17:00:00+00:00,75955.4765625,75982.5234375,75818.1796875,75852.1328125,0
2026-04-18 18:00:00+00:00,75842.0078125,75886.8984375,75482.96875,75672.4375,0
2026-04-18 19:00:00+00:00,75653.71875,75828.6875,75607.84375,75678.90625,0
2026-04-18 20:00:00+00:00,75688.59375,75875.828125,75633.6796875,75784.9375,0
2026-04-18 21:00:00+00:00,75779.0390625,75875.828125,75632.671875,75854.5703125,0
2026-04-18 22:00:00+00:00,75827.4921875,75914.6796875,75644.1171875,75846.96875,0
2026-04-18 23:00:00+00:00,75861.0390625,75921.9765625,75730.578125,75730.578125,0
2026-04-19 00:00:00+00:00,75736.0,75884.0078125,75590.171875,75705.21875,0
2026-04-19 01:00:00+00:00,75708.0078125,75820.0,75500.0,75652.1015625,129032192
2026-04-19 02:00:00+00:00,75643.671875,75741.3515625,75452.0,75523.859375,53024768
2026-04-19 03:00:00+00:00,75523.859375,75668.0,75398.8671875,75549.65625,71456768
2026-04-19 04:00:00+00:00,75546.4921875,75798.40625,75454.6171875,75700.0078125,0
2026-04-19 05:00:00+00:00,75695.0625,75723.8828125,75549.6796875,75580.0234375,0
2026-04-19 06:00:00+00:00,75580.0078125,75580.0078125,75325.0,75429.75,337053696
2026-04-19 07:00:00+00:00,75426.9609375,75434.921875,74955.546875,75291.1171875,855674880
2026-04-19 08:00:00+00:00,75265.0,75336.5234375,75113.953125,75293.171875,0
2026-04-19 09:00:00+00:00,75292.5390625,75301.4921875,74963.3828125,75055.421875,0
2026-04-19 10:00:00+00:00,75055.421875,75272.5625,74974.7734375,75246.09375,0
2026-04-19 11:00:00+00:00,75246.09375,75653.0625,75242.0234375,75637.5234375,0
2026-04-19 12:00:00+00:00,75652.3125,75730.4921875,75480.0,75611.90625,0
2026-04-19 13:00:00+00:00,75588.4609375,76257.0703125,75588.3515625,75963.1328125,582748160
2026-04-19 14:00:00+00:00,75963.1328125,76180.578125,75707.9765625,76064.9609375,266915840
2026-04-19 15:00:00+00:00,76062.84375,76187.9921875,75450.4765625,75885.6171875,1075015680
2026-04-19 16:00:00+00:00,75885.6171875,75893.6328125,75356.0078125,75416.0078125,0
2026-04-19 17:00:00+00:00,75419.3515625,75419.3515625,74707.9921875,74820.8515625,425570304
2026-04-19 18:00:00+00:00,74793.8828125,74910.171875,74641.4765625,74806.7109375,642525184
2026-04-19 19:00:00+00:00,74813.2578125,75110.421875,74813.2578125,74985.0390625,272711680
2026-04-19 20:00:00+00:00,74985.0390625,74985.0390625,74493.4765625,74662.5625,0
2026-04-19 21:00:00+00:00,74662.5625,74842.3203125,74407.84375,74461.203125,505593856
2026-04-19 22:00:00+00:00,74423.9921875,74438.578125,73802.578125,74072.5390625,2095738880
2026-04-19 23:00:00+00:00,74076.8125,74076.8125,73815.203125,73815.203125,628639744
2026-04-20 00:00:00+00:00,73830.0,74382.15625,73772.9609375,74305.296875,972533760
2026-04-20 01:00:00+00:00,74314.6796875,74772.3515625,74239.796875,74621.4296875,524847104
2026-04-20 02:00:00+00:00,74623.9921875,74654.9375,74337.390625,74439.90625,387602432
2026-04-20 03:00:00+00:00,74448.2734375,74672.9609375,74390.1328125,74665.6171875,237033472
2026-04-20 04:00:00+00:00,74666.078125,74669.1875,74469.0390625,74593.59375,0
2026-04-20 05:00:00+00:00,74567.78125,74586.0703125,74136.9375,74297.921875,346931200
2026-04-20 06:00:00+00:00,74315.828125,74910.15625,74283.5390625,74820.1796875,234817536
2026-04-20 07:00:00+00:00,74873.421875,75582.0078125,74694.3671875,74860.0234375,489672704
2026-04-20 08:00:00+00:00,74860.3828125,75026.953125,74650.28125,74758.0078125,597123072
2026-04-20 09:00:00+00:00,74745.359375,75269.5234375,74726.109375,75100.4375,463020032
2026-04-20 10:00:00+00:00,75130.3828125,75436.03125,75042.171875,75068.6875,41537536
2026-04-20 11:00:00+00:00,75068.7265625,75318.2578125,75000.2890625,75232.7265625,0
2026-04-20 12:00:00+00:00,75222.8984375,75669.0078125,75111.2578125,75322.8671875,466120704
2026-04-20 13:00:00+00:00,75349.9296875,75467.28125,74945.171875,75316.890625,71524352
2026-04-20 14:00:00+00:00,75300.0,75765.2109375,74961.1171875,75071.84375,1182838784
2026-04-20 15:00:00+00:00,75090.75,75758.078125,74735.7421875,75750.0,651075584
2026-04-20 16:00:00+00:00,75753.1484375,75753.1484375,75328.75,75378.7890625,407003136
2026-04-20 17:00:00+00:00,75391.21875,75998.1484375,75322.359375,75937.3125,0
2026-04-20 18:00:00+00:00,75954.421875,76489.0625,75953.3671875,76455.671875,623157248
2026-04-20 19:00:00+00:00,76483.3671875,76528.0078125,76184.859375,76330.9375,1873649664
2026-04-20 20:00:00+00:00,76311.109375,76590.0,76162.3125,76317.28125,1115488256
2026-04-20 21:00:00+00:00,76330.0,76405.7265625,75816.0,75988.0078125,287932416
2026-04-20 22:00:00+00:00,76054.0,76180.578125,75933.0234375,76004.671875,0
2026-04-20 23:00:00+00:00,75912.7734375,75937.7265625,75655.9921875,75875.0390625,0
2026-04-21 00:00:00+00:00,75876.890625,76129.828125,75724.8203125,76128.1015625,0
2026-04-21 01:00:00+00:00,76086.0,76270.1875,75906.0234375,75955.0625,0
2026-04-21 02:00:00+00:00,75955.0703125,75958.9375,75612.0,75613.75,0
2026-04-21 03:00:00+00:00,75613.75,75747.390625,75520.0,75740.578125,0
2026-04-21 04:00:00+00:00,75755.7734375,75850.7109375,75633.28125,75840.578125,0
2026-04-21 05:00:00+00:00,75840.0078125,76010.640625,75815.0,75835.7734375,0
2026-04-21 06:00:00+00:00,75835.7734375,76146.0,75731.171875,76001.828125,0
2026-04-21 07:00:00+00:00,76007.7890625,76323.5390625,75851.7421875,76118.09375,52444172288
2026-04-21 08:00:00+00:00,76125.6328125,76879.34375,76114.59375,76545.65625,467214336
2026-04-21 09:00:00+00:00,76545.609375,76596.4921875,76192.3828125,76388.3984375,0
2026-04-21 10:00:00+00:00,76382.4609375,76905.171875,76382.4609375,76775.1171875,294772736
2026-04-21 11:00:00+00:00,76786.953125,76789.328125,76370.0078125,76478.6171875,612114432
2026-04-21 12:00:00+00:00,76489.0,76548.7734375,75749.3515625,76044.5625,274640896
2026-04-21 13:00:00+00:00,76051.25,76198.609375,75752.8203125,75922.0,29853859840
2026-04-21 14:00:00+00:00,75936.9609375,76595.0,75658.9765625,75687.4765625,0
2026-04-21 15:00:00+00:00,75694.4375,75999.3203125,75438.703125,75849.703125,0
2026-04-21 16:00:00+00:00,75869.71875,76191.2578125,75772.890625,75794.9921875,0
2026-04-21 17:00:00+00:00,75782.5234375,75863.9921875,75107.1796875,75567.2578125,0
2026-04-21 18:00:00+00:00,75541.953125,75664.9921875,75319.203125,75622.7890625,0
2026-04-21 19:00:00+00:00,75633.7578125,75909.4921875,74825.9921875,75019.9921875,0
2026-04-21 20:00:00+00:00,75004.3671875,75868.90625,74989.5390625,75743.71875,0
2026-04-21 21:00:00+00:00,75740.6796875,75796.6796875,75469.859375,75565.0078125,0
2026-04-21 22:00:00+00:00,75566.6328125,75662.140625,75325.1484375,75662.0078125,115748864
2026-04-21 23:00:00+00:00,75645.0,76437.2578125,75645.0,76356.0,343629824
2026-04-22 00:00:00+00:00,76370.0,76519.0703125,76234.0078125,76337.15625,11161600
2026-04-22 01:00:00+00:00,76370.578125,76432.9375,76148.109375,76316.7890625,16044032
2026-04-22 02:00:00+00:00,76334.9296875,77662.0703125,76244.03125,77626.0078125,1683529728
2026-04-22 03:00:00+00:00,77627.359375,77746.8828125,77430.0,77541.546875,1451786240
2026-04-22 04:00:00+00:00,77547.9921875,77715.9765625,77384.0703125,77536.0,753033216
2026-04-22 05:00:00+00:00,77552.03125,78433.8984375,77463.9921875,77991.9296875,2779820032
2026-04-22 06:00:00+00:00,77983.296875,78048.9296875,77914.9765625,78024.40625,737804288
2026-04-22 07:00:00+00:00,78028.9765625,78128.0,77844.2109375,78007.6875,11460608
2026-04-22 08:00:00+00:00,78044.2890625,78220.03125,77960.0,78029.6875,65699840
2026-04-22 09:00:00+00:00,77993.9765625,78202.1484375,77971.296875,78035.796875,18178048
2026-04-22 10:00:00+00:00,78015.5625,78193.2109375,77967.6796875,78186.5625,60895232
2026-04-22 11:00:00+00:00,78193.953125,78385.53125,78120.0078125,78322.546875,0
2026-04-22 12:00:00+00:00,78329.0,78514.7890625,78146.8828125,78262.8984375,142364672
2026-04-22 13:00:00+00:00,78252.359375,78887.4375,78204.1015625,78887.4375,1212329984
2026-04-22 14:00:00+00:00,78897.609375,79178.859375,78625.9765625,79077.25,1833050112
2026-04-22 15:00:00+00:00,79094.859375,79450.0,78882.671875,79325.3828125,864710656
2026-04-22 16:00:00+00:00,79371.9296875,79500.0078125,78697.96875,78777.3671875,912244736
2026-04-22 17:00:00+00:00,78782.4609375,79078.359375,78724.7265625,78923.0,0
2026-04-22 18:00:00+00:00,78945.21875,79198.8984375,78857.0390625,79062.4609375,0
2026-04-22 19:00:00+00:00,79000.5390625,79106.3984375,78740.90625,78891.9765625,0
2026-04-22 20:00:00+00:00,78918.5234375,78946.3828125,78440.0,78459.8203125,0
2026-04-22 21:00:00+00:00,78447.0234375,78858.2421875,78447.0234375,78794.7578125,537243648
2026-04-22 22:00:00+00:00,78785.2421875,78865.078125,78487.28125,78642.8984375,55644160
2026-04-22 23:00:00+00:00,78623.9765625,78635.6015625,78184.0078125,78208.546875,77496320
2026-04-23 00:00:00+00:00,78208.5390625,78605.0,77628.0703125,78449.546875,433913856
2026-04-23 01:00:00+00:00,78442.1484375,78469.1484375,78098.3828125,78382.9921875,1216458752
2026-04-23 02:00:00+00:00,78387.390625,78387.390625,77789.59375,77967.4609375,0
2026-04-23 03:00:00+00:00,77969.6015625,78050.4375,77536.0078125,77778.0,122421248
2026-04-23 04:00:00+00:00,77748.6484375,77963.8515625,77698.703125,77935.4609375,0
2026-04-23 05:00:00+00:00,77944.0,78112.0,77800.03125,78027.90625,0
2026-04-23 06:00:00+00:00,78066.1875,78370.4921875,78066.1875,78240.0078125,0
2026-04-23 07:00:00+00:00,78259.9921875,78281.7734375,78006.6171875,78086.140625,0
2026-04-23 08:00:00+00:00,78086.140625,78204.3125,77748.0234375,77877.34375,0
2026-04-23 09:00:00+00:00,77877.3515625,77887.46875,77467.7578125,77675.1875,659345408
2026-04-23 10:00:00+00:00,77672.0078125,77737.90625,77216.890625,77425.90625,1208832000
2026-04-23 11:00:00+00:00,77463.3515625,77768.8671875,77407.78125,77722.2890625,0
2026-04-23 12:00:00+00:00,77722.328125,77904.1015625,77609.4765625,77904.1015625,0
2026-04-23 13:00:00+00:00,77894.0078125,77943.671875,77422.5,77558.5,0
2026-04-23 14:00:00+00:00,77514.6796875,78238.5703125,77446.3671875,78216.578125,0
2026-04-23 15:00:00+00:00,78214.4375,78716.328125,78012.046875,78413.1796875,30183424
2026-04-23 16:00:00+00:00,78420.7265625,78544.65625,78068.0,78128.6015625,0
2026-04-23 17:00:00+00:00,78142.15625,78218.53125,76986.296875,77796.421875,1466310656
2026-04-23 18:00:00+00:00,77766.953125,78172.6875,77713.9765625,77739.09375,388833280
2026-04-23 19:00:00+00:00,77698.0625,77922.2109375,77629.25,77743.15625,236609536
2026-04-23 20:00:00+00:00,77732.5390625,78070.3984375,77669.8984375,77906.1015625,0
2026-04-23 21:00:00+00:00,77906.6015625,78091.9609375,77811.0,77901.0390625,0
2026-04-23 22:00:00+00:00,77912.2734375,78366.1875,77912.2734375,78262.2421875,0
2026-04-23 23:00:00+00:00,78220.046875,78327.0,78051.8125,78281.3203125,0
2026-04-24 00:00:00+00:00,78320.3828125,78516.328125,78197.1796875,78439.5625,0
2026-04-24 01:00:00+00:00,78447.9765625,78483.0703125,77989.8125,78465.1328125,0
2026-04-24 02:00:00+00:00,78442.6484375,78570.0234375,78108.0234375,78154.1015625,0
2026-04-24 03:00:00+00:00,78166.4765625,78215.0234375,77590.5078125,77755.390625,29274112
2026-04-24 04:00:00+00:00,77744.90625,77871.9296875,77532.0078125,77682.90625,117673984
2026-04-24 05:00:00+00:00,77673.6015625,78039.390625,77465.8984375,77974.2890625,0
2026-04-24 06:00:00+00:00,77992.1328125,77999.1015625,77786.2890625,77813.1171875,0
2026-04-24 07:00:00+00:00,77805.0,77878.203125,77568.4375,77676.9609375,466751488
2026-04-24 08:00:00+00:00,77676.9609375,78029.9765625,77593.203125,77808.7265625,0
2026-04-24 09:00:00+00:00,77811.4296875,77826.0703125,77436.0,77551.890625,0
2026-04-24 10:00:00+00:00,77528.6171875,77798.3125,77457.2109375,77762.453125,0
2026-04-24 11:00:00+00:00,77776.0234375,78395.2734375,77762.4375,78256.09375,1137606656
2026-04-24 12:00:00+00:00,78272.96875,78377.046875,78056.8828125,78290.6484375,0
2026-04-24 13:00:00+00:00,78290.640625,78447.7578125,77922.9609375,78107.859375,300425216
2026-04-24 14:00:00+00:00,78067.28125,78096.0078125,77704.1875,78074.15625,260997120
2026-04-24 15:00:00+00:00,78057.9921875,78237.5625,77619.9921875,78068.03125,0
2026-04-24 16:00:00+00:00,78077.078125,78081.2421875,77606.46875,77804.0390625,34394112
2026-04-24 17:00:00+00:00,77772.296875,77831.84375,77502.6015625,77707.1484375,0
2026-04-24 18:00:00+00:00,77691.4609375,77741.890625,77385.90625,77637.609375,0
2026-04-24 19:00:00+00:00,77680.2265625,77767.40625,77556.3203125,77659.71875,0
2026-04-24 20:00:00+00:00,77657.0234375,77781.921875,77480.0,77748.6796875,0
2026-04-24 21:00:00+00:00,77748.6796875,77785.0,77565.453125,77565.453125,263231488
2026-04-24 22:00:00+00:00,77572.0390625,77650.71875,77306.0625,77360.0,392822784
2026-04-24 23:00:00+00:00,77368.640625,77484.9765625,77358.828125,77461.796875,215015424
2026-04-25 00:00:00+00:00,77471.1796875,77518.6015625,77329.2890625,77483.4375,0
2026-04-25 01:00:00+00:00,77498.0078125,77645.4609375,77461.0078125,77559.96875,0
2026-04-25 02:00:00+00:00,77559.96875,77669.53125,77518.78125,77639.1796875,0
2026-04-25 03:00:00+00:00,77654.5703125,77736.1171875,77574.6796875,77674.0,0
2026-04-25 04:00:00+00:00,77699.90625,77726.15625,77621.8984375,77641.15625,0
2026-04-25 05:00:00+00:00,77634.3203125,77634.3203125,77509.6796875,77542.1875,0
2026-04-25 06:00:00+00:00,77545.75,77609.28125,77506.7109375,77526.421875,0
2026-04-25 07:00:00+00:00,77510.0078125,77598.0390625,77470.0,77532.9609375,0
2026-04-25 08:00:00+00:00,77514.2578125,77686.796875,77510.9375,77672.6484375,0
2026-04-25 09:00:00+00:00,77686.796875,77805.890625,77612.0,77738.1875,0
2026-04-25 10:00:00+00:00,77745.6484375,77910.3515625,77745.6484375,77809.4765625,0
2026-04-25 11:00:00+00:00,77809.46875,77809.46875,77636.171875,77697.3984375,0
2026-04-25 12:00:00+00:00,77704.5078125,77736.953125,77565.4375,77575.28125,0
2026-04-25 13:00:00+00:00,77580.3671875,77731.703125,77580.3671875,77701.359375,0
2026-04-25 14:00:00+00:00,77701.359375,77768.796875,77652.09375,77679.9609375,0
2026-04-25 15:00:00+00:00,77679.953125,77744.0234375,77345.0,77354.0625,0
2026-04-25 16:00:00+00:00,77332.5703125,77483.4296875,77199.0234375,77427.6875,0
2026-04-25 17:00:00+00:00,77427.6796875,77433.75,77236.1328125,77274.53125,0
2026-04-25 18:00:00+00:00,77242.171875,77414.5625,77242.171875,77311.0,0
2026-04-25 19:00:00+00:00,77309.6015625,77372.3515625,77210.0,77339.7734375,28358656
2026-04-25 20:00:00+00:00,77371.90625,77506.6015625,77324.5703125,77497.0703125,0
2026-04-25 21:00:00+00:00,77498.2109375,77555.4921875,77434.25,77555.4921875,0
2026-04-25 22:00:00+00:00,77548.8984375,77662.2578125,77519.5234375,77575.2734375,0
2026-04-25 23:00:00+00:00,77577.96875,77666.4765625,77545.7734375,77650.7109375,643072
2026-04-26 00:00:00+00:00,77650.7265625,77663.84375,77468.3984375,77520.34375,0
2026-04-26 01:00:00+00:00,77544.75,77591.6796875,77471.8515625,77477.4609375,0
2026-04-26 02:00:00+00:00,77471.8515625,77620.5390625,77471.84375,77545.703125,0
2026-04-26 03:00:00+00:00,77544.2578125,77564.5234375,77346.4375,77408.0078125,0
2026-04-26 04:00:00+00:00,77400.0234375,77838.0078125,77394.8828125,77790.6328125,0
2026-04-26 05:00:00+00:00,77790.0625,78212.609375,77736.0,78004.96875,938505216
2026-04-26 06:00:00+00:00,78025.0078125,78073.90625,77918.3203125,78019.1875,0
2026-04-26 07:00:00+00:00,78039.6796875,78146.0,77985.6171875,78126.3125,199276544
2026-04-26 08:00:00+00:00,78135.671875,78232.84375,78045.2265625,78050.0078125,146167808
2026-04-26 09:00:00+00:00,78039.9375,78081.28125,77941.9765625,78026.90625,110282752
2026-04-26 10:00:00+00:00,78018.09375,78077.0625,77975.4375,78024.640625,0
2026-04-26 11:00:00+00:00,78024.6328125,78175.84375,78024.6328125,78118.0,0
2026-04-26 12:00:00+00:00,78118.0078125,78135.21875,77787.9375,77850.8125,137375744
2026-04-26 13:00:00+00:00,77851.7421875,78000.0,77818.109375,77993.7421875,366237696
2026-04-26 14:00:00+00:00,77975.71875,78189.640625,77893.4375,78108.3828125,190869504
2026-04-26 15:00:00+00:00,78123.0390625,78146.71875,78014.8125,78073.1328125,0
2026-04-26 16:00:00+00:00,78084.390625,78112.296875,77955.8203125,77955.8203125,0
2026-04-26 17:00:00+00:00,77931.3671875,78077.109375,77872.4765625,78037.4609375,344146944
2026-04-26 18:00:00+00:00,78054.046875,78330.0625,78010.0,78301.9921875,413807616
2026-04-26 19:00:00+00:00,78318.546875,78519.9921875,78050.0078125,78258.0,636866560
2026-04-26 20:00:00+00:00,78274.03125,78402.203125,78180.0625,78228.578125,237776896
2026-04-26 21:00:00+00:00,78230.078125,78918.65625,77891.046875,78437.9609375,558198784
2026-04-26 22:00:00+00:00,78388.2890625,78871.3203125,78037.78125,78333.2421875,2111141888
2026-04-26 23:00:00+00:00,78296.890625,78874.9921875,78059.0,78664.640625,752857088
2026-04-27 00:00:00+00:00,78673.828125,79388.0078125,78425.9921875,79277.9921875,1541167104
2026-04-27 01:00:00+00:00,79389.1484375,79492.140625,78768.59375,79295.421875,2230464512
2026-04-27 02:00:00+00:00,79307.859375,79313.21875,79051.28125,79150.0,807475200
2026-04-27 03:00:00+00:00,79123.4375,79329.84375,79091.8671875,79120.0234375,590821376
2026-04-27 04:00:00+00:00,79124.3828125,79175.90625,78893.9375,78942.0234375,243953664
2026-04-27 05:00:00+00:00,78959.7734375,78959.7734375,77599.34375,77798.7109375,1914812416
2026-04-27 06:00:00+00:00,77779.5078125,77879.1328125,77493.0078125,77707.9765625,967970816
2026-04-27 07:00:00+00:00,77695.0,77749.109375,77572.0078125,77621.2109375,735031296
2026-04-27 08:00:00+00:00,77608.3828125,77822.5078125,77565.171875,77811.5625,513406976
2026-04-27 09:00:00+00:00,77815.9609375,77989.3984375,77706.421875,77902.453125,714866688
2026-04-27 10:00:00+00:00,77890.6875,77948.453125,77792.4765625,77857.453125,402022400
2026-04-27 11:00:00+00:00,77851.7109375,77896.9609375,77745.0078125,77847.890625,231636992
2026-04-27 12:00:00+00:00,77845.3203125,77878.0,77620.0,77671.0390625,144779264
2026-04-27 13:00:00+00:00,77658.7578125,77961.3828125,77576.78125,77750.0,685049856
2026-04-27 14:00:00+00:00,77749.96875,78277.2265625,77675.5234375,77813.84375,831911936
2026-04-27 15:00:00+00:00,77826.3125,77838.4921875,76581.109375,76789.5390625,3476070400
2026-04-27 16:00:00+00:00,76748.9296875,76857.9765625,76536.640625,76610.0078125,1258008576
2026-04-27 17:00:00+00:00,76629.7734375,76915.203125,76623.3984375,76721.2265625,868204544
2026-04-27 18:00:00+00:00,76687.84375,76880.7578125,76647.0234375,76819.203125,89055232
2026-04-27 19:00:00+00:00,76802.0234375,76886.40625,76464.78125,76884.4296875,182620160
2026-04-27 20:00:00+00:00,76873.2734375,77064.0390625,76836.3984375,76955.359375,305152000
2026-04-27 21:00:00+00:00,76938.2421875,76980.5390625,76777.0,76777.0,0
2026-04-27 22:00:00+00:00,76817.34375,77076.4765625,76753.90625,77058.296875,0
2026-04-27 23:00:00+00:00,77026.5625,77444.40625,77007.046875,77364.421875,0
2026-04-28 00:00:00+00:00,77380.9375,77478.9765625,77213.953125,77381.796875,0
2026-04-28 01:00:00+00:00,77364.4765625,77399.6796875,77043.71875,77088.4921875,0
2026-04-28 02:00:00+00:00,77103.5625,77226.2421875,76677.6171875,76888.0234375,0
2026-04-28 03:00:00+00:00,76876.0390625,76894.71875,76677.6171875,76809.3125,0
2026-04-28 04:00:00+00:00,76804.9765625,76952.84375,76707.828125,76885.2109375,0
2026-04-28 05:00:00+00:00,76900.5625,77147.0390625,76808.0,76881.7890625,0
2026-04-28 06:00:00+00:00,76903.6796875,77029.390625,76584.96875,76696.3203125,0
2026-04-28 07:00:00+00:00,76702.9921875,76914.2421875,76442.0,76872.953125,326801408
2026-04-28 08:00:00+00:00,76879.7578125,76998.4765625,76737.03125,76856.0,719095808
2026-04-28 09:00:00+00:00,76852.1171875,76867.4296875,76485.1796875,76587.2421875,0
2026-04-28 10:00:00+00:00,76580.6484375,76686.46875,76476.8125,76602.25,0
2026-04-28 11:00:00+00:00,76608.34375,76636.546875,76122.4765625,76221.59375,1290969088
2026-04-28 12:00:00+00:00,76250.0,76420.5390625,76162.3125,76383.4921875,713492480
2026-04-28 13:00:00+00:00,76362.0,76415.046875,75978.2421875,76183.671875,818876416
2026-04-28 14:00:00+00:00,76170.3671875,76196.640625,75653.7578125,75940.0,288567296
2026-04-28 15:00:00+00:00,75943.28125,76071.828125,75828.4765625,76052.296875,0
2026-04-28 16:00:00+00:00,76034.390625,76180.0,75865.5703125,76109.28125,0
2026-04-28 17:00:00+00:00,76102.1171875,76249.9921875,75939.1015625,76166.7890625,0
2026-04-28 18:00:00+00:00,76161.171875,76264.3984375,76111.0078125,76220.671875,831488
2026-04-28 19:00:00+00:00,76220.671875,76379.96875,76045.078125,76324.8671875,0
2026-04-28 20:00:00+00:00,76338.2109375,76478.328125,76321.453125,76461.9921875,13672448
2026-04-28 21:00:00+00:00,76466.0625,76483.2734375,76265.671875,76349.5234375,54958080
2026-04-28 22:00:00+00:00,76384.8515625,76439.75,76206.0078125,76229.796875,0
2026-04-28 23:00:00+00:00,76219.1875,76349.5625,76176.5,76315.90625,690176
2026-04-29 00:00:00+00:00,76316.65625,76536.71875,76255.9921875,76502.3515625,0
2026-04-29 01:00:00+00:00,76486.8125,76627.71875,76166.578125,76544.703125,427184128
2026-04-29 02:00:00+00:00,76568.0,76642.6328125,76383.6875,76508.640625,0
2026-04-29 03:00:00+00:00,76509.28125,77105.7890625,76496.1796875,76986.0,0
2026-04-29 04:00:00+00:00,76996.4375,77441.1015625,76879.8125,77260.5625,1264224256
2026-04-29 05:00:00+00:00,77266.796875,77314.8828125,77188.796875,77280.359375,204812288
2026-04-29 06:00:00+00:00,77276.1484375,77318.28125,76921.5703125,77016.0,118614016
2026-04-29 07:00:00+00:00,77026.546875,77163.8515625,76998.5,77034.0390625,0
2026-04-29 08:00:00+00:00,77047.09375,77141.890625,76947.703125,77029.4375,0
2026-04-29 09:00:00+00:00,77023.34375,77790.2421875,76948.9921875,77646.2421875,679464960
2026-04-29 10:00:00+00:00,77686.546875,77898.53125,77560.7578125,77618.0,1461803008
2026-04-29 11:00:00+00:00,77613.6328125,77685.0,77478.796875,77581.9296875,0
2026-04-29 12:00:00+00:00,77587.328125,77597.2265625,76992.65625,77122.0078125,780689408
2026-04-29 13:00:00+00:00,77116.5078125,77221.0,76445.9921875,76751.5,0
2026-04-29 14:00:00+00:00,76753.7890625,76848.421875,76467.5390625,76545.2109375,0
2026-04-29 15:00:00+00:00,76542.96875,76613.5625,75675.8515625,75897.671875,859480064
2026-04-29 16:00:00+00:00,75815.7421875,76098.25,75668.5,75766.9375,1240072192
2026-04-29 17:00:00+00:00,75779.46875,76133.9921875,75773.75,76127.9609375,226410496
2026-04-29 18:00:00+00:00,76224.7734375,76224.7734375,74938.1484375,75483.8203125,2440900608
2026-04-29 19:00:00+00:00,75487.0078125,75564.71875,75270.8125,75528.6171875,657162240
2026-04-29 20:00:00+00:00,75523.2578125,75819.921875,75454.8984375,75644.46875,626184192
2026-04-29 21:00:00+00:00,75642.453125,76031.5,75580.671875,75902.5390625,269643776
2026-04-29 22:00:00+00:00,75883.59375,75975.109375,75790.6484375,75893.2890625,208756736
2026-04-29 23:00:00+00:00,75900.0390625,75962.4296875,75685.171875,75752.8671875,295948288
2026-04-30 00:00:00+00:00,75800.7265625,76305.671875,75625.34375,76232.5625,17805312
2026-04-30 01:00:00+00:00,76205.90625,76429.21875,76148.3671875,76212.84375,0
2026-04-30 02:00:00+00:00,76218.140625,76327.1796875,75475.40625,75673.171875,588283904
2026-04-30 03:00:00+00:00,75663.7265625,75972.4921875,75650.8515625,75901.8203125,0
2026-04-30 04:00:00+00:00,75902.859375,75937.953125,75378.5625,75456.2578125,0
2026-04-30 05:00:00+00:00,75455.09375,75725.328125,75315.0390625,75567.8984375,4648960
2026-04-30 06:00:00+00:00,75577.46875,75842.7421875,75543.0625,75726.171875,0
2026-04-30 07:00:00+00:00,75724.9765625,76146.546875,75683.9375,76134.328125,0
2026-04-30 08:00:00+00:00,76147.90625,76176.328125,75991.078125,76035.7421875,0
2026-04-30 09:00:00+00:00,76023.7578125,76321.421875,75980.9765625,76071.859375,0
2026-04-30 10:00:00+00:00,76077.046875,76137.1484375,75949.9921875,75994.2890625,0
2026-04-30 11:00:00+00:00,76013.0390625,76206.0078125,75848.0,76039.6015625,0
2026-04-30 12:00:00+00:00,76031.1875,76390.0078125,76016.5,76274.5703125,122880
2026-04-30 13:00:00+00:00,76302.4609375,76614.0,76073.9921875,76381.9921875,0
2026-04-30 14:00:00+00:00,76385.8984375,76552.546875,76055.1484375,76268.0,0
2026-04-30 15:00:00+00:00,76267.6328125,76625.03125,76124.359375,76438.84375,0
2026-04-30 16:00:00+00:00,76437.25,76452.21875,76183.3828125,76222.7578125,0
2026-04-30 17:00:00+00:00,76208.703125,76296.7421875,76073.8125,76210.4296875,0
2026-04-30 18:00:00+00:00,76214.3671875,76444.4375,76175.9921875,76314.9765625,0
2026-04-30 19:00:00+00:00,76315.0,76495.328125,76280.078125,76399.5078125,0
2026-04-30 20:00:00+00:00,76380.03125,76538.6875,76291.96875,76461.5,0
2026-04-30 21:00:00+00:00,76450.3125,76507.2109375,76207.90625,76207.90625,0
2026-04-30 22:00:00+00:00,76234.5390625,76418.40625,76167.90625,76205.359375,0
2026-04-30 23:00:00+00:00,76205.359375,76343.0078125,76183.96875,76296.7265625,2476032
2026-05-01 00:00:00+00:00,76295.7265625,76559.0625,76280.59375,76423.2421875,0
2026-05-01 01:00:00+00:00,76424.6328125,76746.203125,76415.3515625,76650.75,0
2026-05-01 02:00:00+00:00,76670.9921875,76711.0234375,76506.296875,76566.4609375,0
2026-05-01 03:00:00+00:00,76551.9921875,77406.7890625,76523.203125,77091.84375,1207324672
2026-05-01 04:00:00+00:00,77109.7265625,77175.53125,76946.828125,77004.9921875,343830528
2026-05-01 05:00:00+00:00,77011.171875,77160.140625,76999.78125,77140.578125,0
2026-05-01 06:00:00+00:00,77144.8125,77161.328125,76861.6796875,76971.9921875,0
2026-05-01 07:00:00+00:00,76953.9921875,77119.2734375,76930.0,77108.0234375,193923072
2026-05-01 08:00:00+00:00,77097.5,77489.828125,77022.546875,77358.3984375,666892288
2026-05-01 09:00:00+00:00,77366.890625,77383.203125,77185.6015625,77266.0,0
2026-05-01 10:00:00+00:00,77250.0078125,77413.578125,77140.0078125,77280.046875,37529600
2026-05-01 11:00:00+00:00,77292.0,77574.7265625,77246.3984375,77452.7265625,614119424
2026-05-01 12:00:00+00:00,77466.34375,78151.96875,77392.0078125,77889.2734375,561227776
2026-05-01 13:00:00+00:00,77894.96875,78940.40625,77894.96875,78759.96875,1674403840
2026-05-01 14:00:00+00:00,78780.0,78888.6484375,78065.1015625,78364.2734375,1997266944
2026-05-01 15:00:00+00:00,78355.6796875,78742.4375,78189.9765625,78445.1171875,1112219648
2026-05-01 16:00:00+00:00,78476.2890625,78691.0,78157.0234375,78202.9296875,1083469824
2026-05-01 17:00:00+00:00,78190.84375,78596.296875,78125.328125,78550.0,402960384
2026-05-01 18:00:00+00:00,78575.0,78627.03125,78375.0078125,78436.171875,349507584
2026-05-01 19:00:00+00:00,78455.7578125,78552.9765625,78310.1875,78373.9765625,116981760
2026-05-01 20:00:00+00:00,78398.8203125,78419.25,77750.203125,77872.8125,461291520
2026-05-01 21:00:00+00:00,77872.8125,78207.0390625,77856.9296875,78207.0390625,430862336
2026-05-01 22:00:00+00:00,78207.7109375,78417.421875,78130.578125,78146.6796875,145272832
2026-05-01 23:00:00+00:00,78132.1171875,78234.046875,78032.0625,78234.046875,0
2026-05-02 00:00:00+00:00,78234.390625,78391.3828125,78168.0,78346.0234375,0
2026-05-02 01:00:00+00:00,78320.0,78442.0,78292.890625,78348.0078125,0
2026-05-02 02:00:00+00:00,78324.03125,78479.7109375,78258.28125,78358.09375,0
2026-05-02 03:00:00+00:00,78365.171875,78508.9609375,78244.4375,78409.6328125,0
2026-05-02 04:00:00+00:00,78419.3984375,78443.546875,78144.859375,78179.3828125,0
2026-05-02 05:00:00+00:00,78176.5078125,78236.71875,78034.28125,78175.7421875,73678848
2026-05-02 06:00:00+00:00,78180.203125,78347.9921875,78142.90625,78324.0234375,0
2026-05-02 07:00:00+00:00,78318.0078125,78348.2265625,78200.0078125,78211.6484375,0
2026-05-02 08:00:00+00:00,78220.2109375,78356.7109375,78163.8125,78313.6328125,0
2026-05-02 09:00:00+00:00,78324.0078125,78392.40625,78234.078125,78299.7890625,0
2026-05-02 10:00:00+00:00,78299.796875,78317.09375,78221.6015625,78249.9765625,0
2026-05-02 11:00:00+00:00,78223.6875,78234.0625,78093.1015625,78147.0390625,0
2026-05-02 12:00:00+00:00,78147.0703125,78266.9296875,78099.0703125,78213.15625,0
2026-05-02 13:00:00+00:00,78224.3828125,78414.8671875,78224.3828125,78364.6796875,0
2026-05-02 14:00:00+00:00,78367.8125,78478.0,78305.0,78415.34375,0
2026-05-02 15:00:00+00:00,78424.1015625,78486.4921875,78362.09375,78483.5234375,0
2026-05-02 16:00:00+00:00,78483.53125,78588.4375,78417.9921875,78446.03125,0
2026-05-02 17:00:00+00:00,78450.0,78479.71875,78362.0,78393.078125,0
2026-05-02 18:00:00+00:00,78380.5703125,78481.75,78308.0,78456.0078125,0
2026-05-02 19:00:00+00:00,78461.828125,78521.2421875,78431.28125,78471.78125,0
2026-05-02 20:00:00+00:00,78487.7421875,78487.7421875,78415.8671875,78458.671875,0
2026-05-02 21:00:00+00:00,78474.9765625,79135.5390625,78450.0,78724.6875,134771712
2026-05-02 22:00:00+00:00,78724.6875,78874.1171875,78605.2890625,78833.9765625,0
2026-05-02 23:00:00+00:00,78818.8125,78829.1171875,78625.1328125,78682.3125,214629376
2026-05-03 00:00:00+00:00,78682.3125,78732.7109375,78499.4765625,78551.7109375,0
2026-05-03 01:00:00+00:00,78551.703125,78551.7109375,78155.6875,78250.0,283268096
2026-05-03 02:00:00+00:00,78222.0,78296.328125,78106.03125,78162.8671875,0
2026-05-03 03:00:00+00:00,78151.2890625,78213.2890625,78103.75,78196.0234375,0
2026-05-03 04:00:00+00:00,78192.5234375,78230.6015625,78107.2734375,78164.859375,0
2026-05-03 05:00:00+00:00,78149.4921875,78252.7421875,78149.4921875,78239.859375,0
2026-05-03 06:00:00+00:00,78234.8515625,78335.9609375,78074.9765625,78281.171875,0
2026-05-03 07:00:00+00:00,78288.34375,78444.7578125,78282.5,78357.6328125,62702592
2026-05-03 08:00:00+00:00,78357.6328125,78482.2578125,78357.2109375,78379.390625,0
2026-05-03 09:00:00+00:00,78390.453125,78599.9921875,78337.921875,78532.4375,137833472
2026-05-03 10:00:00+00:00,78526.0234375,78528.421875,78400.15625,78404.7734375,6814720
2026-05-03 11:00:00+00:00,78394.5625,78834.0,78379.3828125,78656.859375,305209344
2026-05-03 12:00:00+00:00,78666.453125,78873.0,78666.453125,78746.1328125,355499008
2026-05-03 13:00:00+00:00,78749.6015625,78768.0390625,78581.5390625,78652.7265625,0
2026-05-03 14:00:00+00:00,78661.6328125,78776.9921875,78600.0234375,78719.9921875,426572800
2026-05-03 15:00:00+00:00,78721.859375,78800.0,78620.8203125,78656.84375,209195008
2026-05-03 16:00:00+00:00,78656.84375,78772.25,78580.28125,78650.53125,0
2026-05-03 17:00:00+00:00,78642.3515625,78816.546875,78570.0,78721.359375,301377536
2026-05-03 18:00:00+00:00,78728.84375,78753.6875,78625.046875,78732.28125,0
2026-05-03 19:00:00+00:00,78732.2734375,78842.078125,78666.5625,78753.171875,794668032
2026-05-03 20:00:00+00:00,78746.140625,79225.2734375,78720.4765625,78920.4375,972775424
2026-05-03 21:00:00+00:00,78922.59375,79057.5390625,78655.9921875,78822.53125,0
2026-05-03 22:00:00+00:00,78869.296875,79428.6015625,78838.5078125,79170.75,1317132288
2026-05-03 23:00:00+00:00,79162.546875,79285.9296875,78488.6796875,78558.8828125,958326784
2026-05-04 00:00:00+00:00,78546.0625,78560.2578125,78274.921875,78537.4296875,521918464
2026-05-04 01:00:00+00:00,78543.53125,79772.953125,78403.5703125,79756.453125,684986368
2026-05-04 02:00:00+00:00,79847.9921875,80399.9921875,79542.703125,80171.7265625,4763453440
2026-05-04 03:00:00+00:00,80172.296875,80404.1484375,79912.3515625,80308.609375,1897148416
2026-05-04 04:00:00+00:00,80325.5,80600.0,80224.703125,80320.453125,2451281920
2026-05-04 05:00:00+00:00,80327.8671875,80393.90625,79957.1484375,80013.5703125,1487013888
2026-05-04 06:00:00+00:00,80003.5078125,80038.2578125,79477.3125,79859.6328125,1301686272
2026-05-04 07:00:00+00:00,79853.71875,79933.296875,79661.453125,79685.78125,652109824
2026-05-04 08:00:00+00:00,79673.28125,79788.9921875,79582.3125,79692.8203125,970659840
2026-05-04 09:00:00+00:00,79684.3984375,79909.0234375,79626.03125,79817.5,346071040
2026-05-04 10:00:00+00:00,79861.5234375,79861.5234375,78217.8984375,78935.2109375,5928157184
2026-05-04 11:00:00+00:00,78925.2578125,79128.53125,78694.46875,78782.953125,793022464
2026-05-04 12:00:00+00:00,78780.0,79020.1328125,78706.0,78852.0390625,204304384
2026-05-04 13:00:00+00:00,78809.5,79108.4921875,78574.671875,78774.7265625,1260236800
2026-05-04 14:00:00+00:00,78780.03125,80532.7109375,78491.0,80229.578125,2607038464
2026-05-04 15:00:00+00:00,80225.8203125,80377.4921875,79355.03125,80038.3125,4437479424
2026-05-04 16:00:00+00:00,80027.21875,80408.609375,79615.171875,80027.5078125,2748063744
2026-05-04 17:00:00+00:00,80049.4609375,80740.4375,80028.0703125,80381.53125,1107513344
2026-05-04 18:00:00+00:00,80409.0078125,80434.7890625,80023.8671875,80108.8984375,1315532800
2026-05-04 19:00:00+00:00,80101.5703125,80137.0078125,79880.5,80049.5703125,414932992
2026-05-04 20:00:00+00:00,80015.0,80162.0,79891.640625,79935.828125,0
2026-05-04 21:00:00+00:00,79950.4765625,80358.9609375,79950.4765625,80260.0703125,0
2026-05-04 22:00:00+00:00,80243.2890625,80393.5625,80039.359375,80059.6875,0
2026-05-04 23:00:00+00:00,80047.2421875,80047.2421875,79738.796875,79841.1171875,1425408
2026-05-05 00:00:00+00:00,79852.359375,80181.9375,79789.5,80163.9921875,0
2026-05-05 01:00:00+00:00,80174.5,80377.71875,80066.2890625,80345.9921875,0
2026-05-05 02:00:00+00:00,80337.1875,80897.0078125,80298.859375,80547.7421875,0
2026-05-05 03:00:00+00:00,80549.96875,81077.6328125,80448.046875,80882.140625,0
2026-05-05 04:00:00+00:00,80891.9921875,80966.0,80717.8671875,80900.3203125,0
2026-05-05 05:00:00+00:00,80885.0,81304.171875,80829.0234375,80965.546875,0
2026-05-05 06:00:00+00:00,80975.9921875,81007.5,80787.6171875,80968.9921875,0
2026-05-05 07:00:00+00:00,80968.9921875,81134.1796875,80831.171875,80863.140625,327839744
2026-05-05 08:00:00+00:00,80848.7265625,80889.453125,80717.9765625,80817.96875,64311296
2026-05-05 09:00:00+00:00,80813.0,80813.0,80520.953125,80585.84375,392527872
2026-05-05 10:00:00+00:00,80573.7734375,80847.0390625,80520.0,80833.703125,0
2026-05-05 11:00:00+00:00,80844.0,81113.7109375,80790.0,81024.9375,0
2026-05-05 12:00:00+00:00,81020.5234375,81328.2109375,80934.890625,81284.0078125,414920704
2026-05-05 13:00:00+00:00,81284.671875,81713.0390625,81205.0,81343.1796875,1885220864
2026-05-05 14:00:00+00:00,81338.8203125,81503.96875,80954.546875,81342.2265625,0
2026-05-05 15:00:00+00:00,81329.53125,81710.09375,81237.328125,81553.6796875,0
2026-05-05 16:00:00+00:00,81606.0078125,81619.34375,81056.2109375,81297.921875,0
2026-05-05 17:00:00+00:00,81278.5078125,81464.578125,81200.640625,81276.7109375,0
2026-05-05 18:00:00+00:00,81286.5703125,81607.0,81286.5703125,81519.1328125,0
2026-05-05 19:00:00+00:00,81519.1328125,81696.0,81413.0703125,81617.7265625,0
2026-05-05 20:00:00+00:00,81610.1796875,81768.1015625,81526.0,81644.03125,441286656
2026-05-05 21:00:00+00:00,81650.0078125,81770.453125,81307.9921875,81410.0390625,538083328
2026-05-05 22:00:00+00:00,81486.0234375,81612.578125,80839.3515625,81116.9375,962576384
2026-05-05 23:00:00+00:00,81113.1015625,81215.9921875,80792.203125,80907.7265625,349544448
2026-05-06 00:00:00+00:00,80884.8125,81244.84375,80725.2890625,81014.921875,470372352
2026-05-06 01:00:00+00:00,81011.0625,81488.8203125,80973.71875,81428.9765625,429518848
2026-05-06 02:00:00+00:00,81437.3125,81437.3125,81036.90625,81355.4921875,0
2026-05-06 03:00:00+00:00,81358.5234375,81743.328125,81349.453125,81576.2578125,0
2026-05-06 04:00:00+00:00,81579.171875,81634.796875,81265.6328125,81331.046875,0
2026-05-06 05:00:00+00:00,81316.1171875,81336.0,81054.28125,81319.140625,0
2026-05-06 06:00:00+00:00,81306.9765625,81517.8984375,81202.796875,81472.953125,198524928
2026-05-06 07:00:00+00:00,81497.90625,81606.0,81306.0,81370.0,0
2026-05-06 08:00:00+00:00,81350.828125,81984.0,81318.1015625,81956.6875,832966656
2026-05-06 09:00:00+00:00,81966.84375,82059.8515625,81685.4296875,81998.40625,1236283392
2026-05-06 10:00:00+00:00,82022.4296875,82382.09375,81965.2578125,82285.2734375,1085046784
2026-05-06 11:00:00+00:00,82261.7109375,82814.21875,82261.7109375,82522.03125,1632116736
2026-05-06 12:00:00+00:00,82512.5390625,82535.96875,82157.2421875,82223.59375,342368256
2026-05-06 13:00:00+00:00,82196.5703125,82209.921875,81607.953125,81666.0703125,0
2026-05-06 14:00:00+00:00,81658.9296875,81962.8515625,81137.640625,81515.4296875,1121538048
2026-05-06 15:00:00+00:00,81534.9921875,81809.3515625,81300.0,81699.078125,174989312
2026-05-06 16:00:00+00:00,81705.2890625,81863.6015625,81419.46875,81622.3828125,0
2026-05-06 17:00:00+00:00,81615.46875,81706.703125,81375.0078125,81447.8984375,229330944
2026-05-06 18:00:00+00:00,81456.3125,81554.5390625,81269.0390625,81347.828125,278974464
2026-05-06 19:00:00+00:00,81353.3671875,81510.0,81190.8671875,81461.6015625,48132096
2026-05-06 20:00:00+00:00,81463.3984375,81705.328125,81302.8203125,81425.8984375,0
2026-05-06 21:00:00+00:00,81434.8203125,81625.21875,81304.53125,81542.0078125,0
2026-05-06 22:00:00+00:00,81534.828125,81534.828125,81234.0078125,81339.671875,0
2026-05-06 23:00:00+00:00,81328.5,81447.8125,81005.9921875,81438.109375,0
2026-05-07 00:00:00+00:00,81416.3984375,81482.9765625,80996.0078125,81014.2265625,0
2026-05-07 01:00:00+00:00,81022.046875,81280.0,80893.5,81174.359375,0
2026-05-07 02:00:00+00:00,81165.6796875,81165.6796875,80890.2421875,81118.6015625,148107264
2026-05-07 03:00:00+00:00,81086.9921875,81108.25,80830.859375,80841.9921875,0
2026-05-07 04:00:00+00:00,80845.3828125,80983.2265625,80756.3515625,80974.0078125,0
2026-05-07 05:00:00+00:00,80973.9765625,81162.5,80958.0234375,81086.9921875,0
2026-05-07 06:00:00+00:00,81075.6328125,81443.1328125,80879.1484375,81443.1328125,0
2026-05-07 07:00:00+00:00,81442.2265625,81708.0625,81392.6328125,81517.796875,318640128
2026-05-07 08:00:00+00:00,81521.453125,81591.8984375,81194.15625,81211.4921875,0
2026-05-07 09:00:00+00:00,81220.0,81220.0,80843.5625,80914.5,0
2026-05-07 10:00:00+00:00,80900.0,80982.7109375,80564.140625,80837.1171875,0
2026-05-07 11:00:00+00:00,80851.7265625,81034.0,80780.34375,80857.34375,0
2026-05-07 12:00:00+00:00,80844.3984375,81192.4609375,80825.1015625,81160.8515625,0
2026-05-07 13:00:00+00:00,81146.5234375,81170.609375,80256.40625,80492.65625,0
2026-05-07 14:00:00+00:00,80502.2265625,80684.953125,80027.9609375,80154.8203125,0
2026-05-07 15:00:00+00:00,80129.6796875,80267.3203125,79733.640625,79868.4296875,1249581056
2026-05-07 16:00:00+00:00,79865.25,80003.7109375,79692.0,79778.453125,1029238784
2026-05-07 17:00:00+00:00,79787.0,80126.90625,79493.0625,80091.1796875,508534784
2026-05-07 18:00:00+00:00,80083.6484375,80282.0,79999.171875,80203.7578125,233508864
2026-05-07 19:00:00+00:00,80185.0078125,80216.96875,79920.0078125,80124.5,146276352
2026-05-07 20:00:00+00:00,80161.9921875,80330.6796875,79848.8828125,79873.28125,0
2026-05-07 21:00:00+00:00,79876.140625,79922.2890625,79643.7734375,79723.28125,261349376
2026-05-07 22:00:00+00:00,79695.9765625,79978.0703125,79573.296875,79907.390625,413900800
2026-05-07 23:00:00+00:00,79882.34375,80059.5,79857.9609375,79996.28125,14422016
2026-05-08 00:00:00+00:00,80027.9921875,80124.5,79739.8828125,79821.4765625,0
2026-05-08 01:00:00+00:00,79843.5703125,79888.1796875,79612.5625,79642.8984375,0
2026-05-08 03:00:00+00:00,79248.484375,79614.203125,79248.484375,79549.8828125,2175139840
2026-05-08 04:00:00+00:00,79552.4765625,79706.40625,79531.2734375,79644.078125,0
2026-05-08 05:00:00+00:00,79633.0078125,79738.46875,79581.25,79624.6171875,0
2026-05-08 06:00:00+00:00,79589.03125,79625.015625,79412.0390625,79469.921875,528748544
2026-05-08 07:00:00+00:00,79480.0859375,79699.7734375,79245.3671875,79637.5390625,429527040
2026-05-08 08:00:00+00:00,79642.703125,79956.3515625,79642.703125,79928.9453125,233136128
2026-05-08 09:00:00+00:00,79876.484375,80005.6484375,79788.9765625,79850.6015625,0
2026-05-08 10:00:00+00:00,79860.265625,80208.6953125,79789.21875,80208.25,0
2026-05-08 11:00:00+00:00,80205.53125,80303.6875,80134.1015625,80224.609375,438759424
2026-05-08 12:00:00+00:00,80220.7265625,80460.75,79961.578125,80020.046875,367104000
2026-05-08 13:00:00+00:00,80024.7734375,80093.09375,79525.53125,79599.1171875,0
2026-05-08 14:00:00+00:00,79633.0390625,80391.0703125,79632.0390625,80134.421875,0
2026-05-08 15:00:00+00:00,80132.1484375,80187.5625,79602.40625,80124.25,0
2026-05-08 16:00:00+00:00,80150.3203125,80165.3203125,79720.796875,79777.0390625,0
2026-05-08 17:00:00+00:00,79761.9921875,80259.7421875,79716.296875,80046.859375,157646848
2026-05-08 18:00:00+00:00,80063.84375,80294.75,80063.84375,80075.6796875,92106752
2026-05-08 19:00:00+00:00,80066.5,80128.2109375,79962.9609375,80101.3125,0
2026-05-08 20:00:00+00:00,80121.3671875,80284.078125,80077.703125,80129.0625,0
2026-05-08 21:00:00+00:00,80147.7421875,80261.359375,80104.703125,80258.171875,116869120
2026-05-08 22:00:00+00:00,80227.703125,80418.7890625,80227.703125,80270.1171875,0
2026-05-08 23:00:00+00:00,80265.3515625,80289.1171875,80100.2578125,80188.8203125,419674112
2026-05-09 00:00:00+00:00,80188.3828125,80238.0,80116.9765625,80230.2265625,0
2026-05-09 01:00:00+00:00,80219.5,80436.2265625,80219.5,80318.2578125,0
2026-05-09 02:00:00+00:00,80321.09375,80472.3515625,80321.09375,80407.296875,0
2026-05-09 03:00:00+00:00,80410.6328125,80518.6328125,80305.0,80380.296875,0
2026-05-09 04:00:00+00:00,80385.0625,80647.1015625,80366.140625,80385.0625,25501696
2026-05-09 05:00:00+00:00,80383.8515625,80480.9921875,80345.9296875,80374.0,0
2026-05-09 06:00:00+00:00,80374.0,80425.578125,80190.1328125,80248.1328125,0
2026-05-09 07:00:00+00:00,80250.953125,80296.609375,80133.59375,80214.859375,0
2026-05-09 08:00:00+00:00,80214.8671875,80434.6171875,80204.46875,80399.9921875,0
2026-05-09 09:00:00+00:00,80400.0,80406.1328125,80200.0078125,80236.7421875,0
2026-05-09 10:00:00+00:00,80236.7421875,80330.890625,80160.0,80259.3203125,0
2026-05-09 11:00:00+00:00,80249.609375,80365.9609375,80241.7265625,80330.5,0
2026-05-09 12:00:00+00:00,80315.96875,80411.21875,80257.65625,80400.0078125,0
2026-05-09 13:00:00+00:00,80393.59375,80422.7890625,80306.796875,80391.53125,0
2026-05-09 14:00:00+00:00,80391.5234375,80416.25,80241.3828125,80325.34375,0
2026-05-09 15:00:00+00:00,80314.21875,80590.4921875,80220.796875,80523.953125,0
2026-05-09 16:00:00+00:00,80556.21875,80761.1875,80478.3828125,80609.296875,0
2026-05-09 17:00:00+00:00,80609.296875,80906.7421875,80609.296875,80795.453125,0
2026-05-09 18:00:00+00:00,80815.4296875,81061.9609375,80773.703125,80898.40625,0
2026-05-09 19:00:00+00:00,80905.2421875,80950.71875,80769.0,80933.4375,0
2026-05-09 20:00:00+00:00,80939.0078125,80939.0078125,80731.203125,80797.421875,0
2026-05-09 21:00:00+00:00,80808.7421875,80882.546875,80732.0,80767.34375,0
2026-05-09 22:00:00+00:00,80767.34375,80812.4765625,80661.0,80757.0,0
2026-05-09 23:00:00+00:00,80743.2578125,80829.859375,80605.9765625,80658.9765625,0
2026-05-10 00:00:00+00:00,80653.4609375,80758.296875,80609.7421875,80658.9609375,22407168
2026-05-10 01:00:00+00:00,80658.9609375,80675.2109375,80552.7265625,80664.0,0
2026-05-10 02:00:00+00:00,80659.9375,80774.703125,80586.7265625,80765.0234375,0
2026-05-10 03:00:00+00:00,80759.453125,80871.671875,80693.8203125,80752.2265625,0
2026-05-10 04:00:00+00:00,80757.4609375,80830.5390625,80716.0703125,80747.1171875,0
2026-05-10 05:00:00+00:00,80739.0078125,80801.40625,80673.6328125,80679.9921875,0
2026-05-10 06:00:00+00:00,80684.1015625,80748.0,80635.7421875,80724.0625,0
2026-05-10 07:00:00+00:00,80731.5390625,80794.0,80713.1484375,80725.8515625,0
2026-05-10 08:00:00+00:00,80722.9609375,80891.8671875,80704.8125,80818.9921875,0
2026-05-10 09:00:00+00:00,80827.5234375,80896.75,80734.2265625,80794.0234375,0
2026-05-10 10:00:00+00:00,80794.03125,80871.3984375,80676.0,80848.0625,70102016
2026-05-10 11:00:00+00:00,80859.9375,80956.7734375,80737.21875,80790.0078125,156567552
2026-05-10 12:00:00+00:00,80795.9921875,80942.0,80765.3828125,80929.828125,0
2026-05-10 13:00:00+00:00,80921.34375,80998.9921875,80853.5,80962.328125,12219392
2026-05-10 14:00:00+00:00,80954.0234375,80993.109375,80800.03125,80988.4921875,84151296
2026-05-10 15:00:00+00:00,80987.7578125,81420.0,80922.140625,81404.640625,697543680
2026-05-10 16:00:00+00:00,81415.421875,81489.25,81175.6796875,81357.2734375,486647808
2026-05-10 17:00:00+00:00,81360.0,81567.9765625,81207.25,81471.421875,361115648
2026-05-10 18:00:00+00:00,81474.78125,81486.53125,81210.8671875,81268.5625,478963712
2026-05-10 19:00:00+00:00,81265.5390625,81475.9921875,81144.0,81425.140625,275552256
2026-05-10 20:00:00+00:00,81435.0,81447.5625,80295.1015625,80724.0,1811384320
2026-05-10 21:00:00+00:00,80712.953125,80936.46875,80571.6875,80702.609375,874268672
2026-05-10 22:00:00+00:00,80665.0,82147.9765625,80665.0,82034.53125,2956120064
2026-05-10 23:00:00+00:00,82068.7890625,82448.0,82067.6171875,82199.9921875,2202535936
2026-05-11 00:00:00+00:00,82218.15625,82335.53125,81276.4765625,81462.640625,1581203456
2026-05-11 01:00:00+00:00,81468.65625,81719.75,81268.7890625,81483.71875,864929792
2026-05-11 02:00:00+00:00,81498.7578125,81546.921875,81100.8828125,81158.6171875,122085376
2026-05-11 03:00:00+00:00,81158.6171875,81164.328125,80508.46875,80721.7578125,1743525888
2026-05-11 04:00:00+00:00,80704.1171875,80854.53125,80619.84375,80798.0,289626112
2026-05-11 05:00:00+00:00,80794.9375,80959.046875,80738.140625,80809.9921875,141926400
2026-05-11 06:00:00+00:00,80800.4375,81025.46875,80743.5,80814.078125,519299072
2026-05-11 07:00:00+00:00,80810.8828125,80820.0,80665.2890625,80721.78125,559378432
2026-05-11 08:00:00+00:00,80707.1328125,80846.4609375,80595.3515625,80754.8515625,385521664
2026-05-11 09:00:00+00:00,80734.0,80987.6328125,80734.0,80944.6484375,247339008
2026-05-11 10:00:00+00:00,80965.0,81187.0078125,80927.28125,80927.28125,425041920
2026-05-11 11:00:00+00:00,80927.2734375,81185.9921875,80896.4921875,81185.9921875,124577792
2026-05-11 12:00:00+00:00,81193.4765625,81337.328125,81007.90625,81027.9765625,421584896
2026-05-11 13:00:00+00:00,81037.3515625,81311.5,80734.5078125,81041.3671875,1015132160
2026-05-11 14:00:00+00:00,81029.0078125,81222.1796875,80453.9375,80908.8671875,949366784
2026-05-11 15:00:00+00:00,80913.1171875,81431.25,80789.7578125,81422.953125,140636160
2026-05-11 16:00:00+00:00,81429.1796875,81899.3671875,81319.9296875,81562.703125,406462464
2026-05-11 17:00:00+00:00,81555.1171875,82024.0,81348.84375,81931.6015625,796422144
2026-05-11 18:00:00+00:00,81913.0234375,82131.171875,81821.3203125,81843.3203125,460042240
2026-05-11 19:00:00+00:00,81852.40625,82084.1875,81722.1328125,81955.4296875,384733184
2026-05-11 20:00:00+00:00,81969.28125,82068.6328125,81748.9921875,81812.203125,0
2026-05-11 21:00:00+00:00,81812.203125,81898.046875,81580.0,81812.4609375,0
2026-05-11 22:00:00+00:00,81831.203125,81955.4296875,81715.5390625,81813.03125,0
2026-05-11 23:00:00+00:00,81791.828125,81806.9609375,81606.46875,81727.0625,2289664
2026-05-12 00:00:00+00:00,81715.28125,81770.6171875,81462.390625,81528.203125,0
2026-05-12 01:00:00+00:00,81528.171875,81603.953125,80697.9921875,81176.7265625,313991168
2026-05-12 02:00:00+00:00,81167.109375,81318.0,81075.1875,81235.0390625,0
2026-05-12 03:00:00+00:00,81235.0390625,81272.7890625,81001.203125,81036.0078125,0
2026-05-12 04:00:00+00:00,81020.1484375,81282.0,80972.046875,81203.9765625,0
2026-05-12 05:00:00+00:00,81205.6015625,81288.828125,81165.03125,81200.0078125,0
2026-05-12 06:00:00+00:00,81194.90625,81282.78125,80981.8203125,80997.0390625,2777088
2026-05-12 07:00:00+00:00,80978.2109375,81106.1328125,80819.1484375,80829.9375,503228416
2026-05-12 08:00:00+00:00,80815.9609375,80937.1328125,80733.0625,80807.7578125,78776320
2026-05-12 09:00:00+00:00,80801.25,80929.3125,80688.0,80799.703125,337725440
2026-05-12 10:00:00+00:00,80799.703125,80805.0,80599.9765625,80643.390625,10246144
2026-05-12 11:00:00+00:00,80664.0,80764.296875,80471.8984375,80764.296875,464963584
2026-05-12 12:00:00+00:00,80755.3203125,80983.078125,80593.4765625,80862.5390625,659335168
2026-05-12 13:00:00+00:00,80862.5390625,80910.6484375,80385.9765625,80432.2734375,141676544
2026-05-12 14:00:00+00:00,80407.8125,80880.0078125,80359.90625,80525.9765625,559448064
2026-05-12 15:00:00+00:00,80518.28125,80642.5703125,80143.65625,80295.5390625,505669632
2026-05-12 16:00:00+00:00,80269.15625,80393.296875,79819.75,79965.0078125,79321088
2026-05-12 17:00:00+00:00,80007.453125,80562.9921875,79928.1875,80493.796875,120113152
2026-05-12 18:00:00+00:00,80487.1015625,80731.1796875,80420.46875,80649.09375,0
2026-05-12 19:00:00+00:00,80650.1171875,80859.046875,80650.1171875,80814.296875,0
2026-05-12 20:00:00+00:00,80823.9921875,80871.359375,80617.5703125,80673.03125,16121856
2026-05-12 21:00:00+00:00,80671.8203125,80718.25,80472.2265625,80569.2265625,124344320
2026-05-12 22:00:00+00:00,80612.5078125,80773.7734375,80595.59375,80639.9921875,0
2026-05-12 23:00:00+00:00,80639.9921875,80697.546875,80420.1015625,80483.75,817152
2026-05-13 00:00:00+00:00,80480.40625,80757.3984375,80389.953125,80698.1171875,0
2026-05-13 01:00:00+00:00,80703.7734375,81180.0,80658.2890625,80985.8671875,0
2026-05-13 02:00:00+00:00,80985.8828125,81260.0,80919.7578125,81040.59375,0
2026-05-13 03:00:00+00:00,81016.3984375,81277.109375,80969.5078125,81240.78125,281935872
2026-05-13 04:00:00+00:00,81247.5390625,81264.4609375,81107.5234375,81217.390625,9961472
2026-05-13 05:00:00+00:00,81212.890625,81226.0078125,80973.3671875,80998.671875,67913728
2026-05-13 06:00:00+00:00,80999.8984375,81137.0,80947.0078125,80958.0625,0
2026-05-13 07:00:00+00:00,80949.3984375,81031.6328125,80861.2109375,80996.0078125,0
2026-05-13 08:00:00+00:00,81003.9375,81172.609375,80908.2265625,81165.09375,214681600
2026-05-13 09:00:00+00:00,81172.53125,81285.5078125,81097.453125,81256.6015625,0
2026-05-13 10:00:00+00:00,81252.5390625,81264.359375,80773.5078125,80773.5078125,90374144
2026-05-13 11:00:00+00:00,80768.6875,80815.3203125,80468.2890625,80471.1484375,0
2026-05-13 12:00:00+00:00,80468.96875,80564.5625,79825.9609375,80172.5234375,906690560
2026-05-13 13:00:00+00:00,80172.5078125,80320.8125,79540.3828125,79617.9765625,902543360
2026-05-13 14:00:00+00:00,79581.421875,79862.4921875,79447.140625,79724.6796875,0
2026-05-13 15:00:00+00:00,79734.0390625,79820.03125,78761.3125,78783.0390625,158214144
2026-05-13 16:00:00+00:00,78761.28125,79181.3671875,78700.0,79066.609375,1587939328
2026-05-13 17:00:00+00:00,79096.84375,79528.7890625,79068.0078125,79479.9921875,0
2026-05-13 18:00:00+00:00,79495.3984375,79782.359375,79482.21875,79576.1328125,648425472
2026-05-13 19:00:00+00:00,79567.9375,79614.5390625,79363.9921875,79606.0,0
2026-05-13 20:00:00+00:00,79611.359375,79731.890625,79576.03125,79676.6484375,0
2026-05-13 21:00:00+00:00,79676.8671875,79676.8984375,79324.2578125,79363.1171875,241364992
2026-05-13 22:00:00+00:00,79405.03125,79441.90625,79195.2578125,79393.6328125,215263232
2026-05-13 23:00:00+00:00,79396.6484375,79465.2578125,79194.15625,79288.25,170797056
2026-05-14 00:00:00+00:00,79299.1484375,79656.453125,79287.0703125,79546.796875,311572480
2026-05-14 01:00:00+00:00,79525.6484375,79661.546875,79383.7421875,79573.4921875,0
2026-05-14 02:00:00+00:00,79577.0,79650.6875,79195.71875,79340.0,358586368
2026-05-14 03:00:00+00:00,79306.5,79429.0078125,78906.5703125,79012.2734375,670730240
2026-05-14 04:00:00+00:00,79017.9921875,79440.0,78945.828125,79428.703125,520454144
2026-05-14 05:00:00+00:00,79407.34375,79962.3828125,79347.46875,79780.7734375,758493184
2026-05-14 06:00:00+00:00,79788.34375,79908.28125,79726.6796875,79772.953125,16437248
2026-05-14 07:00:00+00:00,79768.40625,79903.46875,79671.0,79706.1015625,169299968
2026-05-14 08:00:00+00:00,79709.03125,79906.4765625,79605.1015625,79784.5625,743694336
2026-05-14 09:00:00+00:00,79798.5,79875.0,79529.71875,79591.078125,0
2026-05-14 10:00:00+00:00,79599.78125,79721.828125,79375.0,79534.4765625,0
2026-05-14 11:00:00+00:00,79533.546875,79576.6484375,79189.9765625,79213.1484375,0
2026-05-14 12:00:00+00:00,79198.21875,79757.96875,79194.9765625,79744.0,0
2026-05-14 13:00:00+00:00,79742.609375,80026.0,79655.640625,79679.9921875,0
2026-05-14 14:00:00+00:00,79652.453125,80978.453125,79542.3671875,80949.109375,1745485824
2026-05-14 15:00:00+00:00,80954.078125,81335.578125,80807.109375,81304.03125,1471365120
2026-05-14 16:00:00+00:00,81328.796875,81890.34375,81088.390625,81890.34375,1374597120
2026-05-14 17:00:00+00:00,81877.2265625,82054.3125,81294.5703125,81683.8828125,2805448704
2026-05-14 18:00:00+00:00,81684.171875,81994.9765625,81435.1171875,81590.34375,635367424
2026-05-14 19:00:00+00:00,81600.546875,81728.1484375,81327.1875,81438.0,633659392
2026-05-14 20:00:00+00:00,81459.9765625,81625.0703125,81151.3125,81400.0,453382144
2026-05-14 21:00:00+00:00,81453.78125,81526.0,81259.6796875,81375.9765625,0
2026-05-14 22:00:00+00:00,81376.0078125,81542.0390625,81328.0,81444.0078125,0
2026-05-14 23:00:00+00:00,81405.0,81411.0,81029.1484375,81079.03125,0
2026-05-15 00:00:00+00:00,81080.078125,81646.671875,81047.4921875,81506.09375,0
2026-05-15 01:00:00+00:00,81502.2109375,81608.3125,81094.0,81110.046875,304054272
2026-05-15 02:00:00+00:00,81086.9296875,81338.3828125,80729.0,81281.3984375,489132032
2026-05-15 03:00:00+00:00,81290.53125,81331.0390625,80922.796875,81053.6875,0
2026-05-15 04:00:00+00:00,81045.3125,81081.7890625,80694.03125,80710.328125,0
2026-05-15 05:00:00+00:00,80713.71875,80871.2890625,80308.0,80364.0,344064000
2026-05-15 06:00:00+00:00,80346.359375,80625.96875,80305.9609375,80568.2421875,686202880
2026-05-15 07:00:00+00:00,80575.0,80991.3515625,80547.75,80815.9921875,877731840
2026-05-15 08:00:00+00:00,80819.9921875,80819.9921875,80415.9296875,80640.0,0
2026-05-15 09:00:00+00:00,80642.0078125,80673.1328125,80366.1171875,80488.0078125,100147200
2026-05-15 10:00:00+00:00,80489.4765625,80771.796875,80409.171875,80710.2890625,9396224
2026-05-15 11:00:00+00:00,80718.6875,80753.3125,80580.7734375,80616.046875,0
2026-05-15 12:00:00+00:00,80600.359375,80635.0,80337.4609375,80380.1328125,0
2026-05-15 13:00:00+00:00,80361.359375,80361.359375,78647.203125,78701.9296875,1882701824
2026-05-15 14:00:00+00:00,78729.21875,79287.7890625,78601.1875,79111.921875,1521045504
2026-05-15 15:00:00+00:00,79145.3671875,79337.5703125,78980.9921875,79113.296875,0
2026-05-15 16:00:00+00:00,79141.359375,79346.90625,79089.1875,79268.34375,0
2026-05-15 17:00:00+00:00,79242.6484375,79464.84375,79188.8515625,79424.90625,0
2026-05-15 18:00:00+00:00,79420.5703125,79533.0078125,79120.3125,79237.6015625,0
2026-05-15 19:00:00+00:00,79233.59375,79246.0625,79010.890625,79106.7578125,0
2026-05-15 20:00:00+00:00,79130.703125,79175.8203125,78962.7421875,79083.7421875,0
2026-05-15 21:00:00+00:00,79083.3515625,79161.40625,78870.6875,78932.0,218189824
2026-05-15 22:00:00+00:00,78931.9921875,79108.09375,78931.9921875,79060.171875,80760832
2026-05-15 23:00:00+00:00,79059.0234375,79115.390625,79025.0703125,79058.5078125,0
2026-05-16 00:00:00+00:00,79050.3125,79180.5390625,79019.9921875,79063.25,0
2026-05-16 01:00:00+00:00,79072.5625,79137.453125,78966.453125,79113.3828125,0
2026-05-16 02:00:00+00:00,79125.3125,79160.8515625,79019.2421875,79094.109375,0
2026-05-16 03:00:00+00:00,79094.1015625,79146.0078125,79009.03125,79025.9375,0
2026-05-16 04:00:00+00:00,79018.1796875,79085.3203125,78826.578125,78996.953125,0
2026-05-16 05:00:00+00:00,78996.9375,78999.9921875,78894.6875,78997.703125,0
2026-05-16 06:00:00+00:00,78998.0,79017.0390625,78424.7890625,78598.046875,0
2026-05-16 07:00:00+00:00,78600.6328125,78601.703125,78042.421875,78328.2421875,473317376
2026-05-16 08:00:00+00:00,78324.609375,78469.3671875,78296.2421875,78373.4609375,0
2026-05-16 09:00:00+00:00,78373.4765625,78398.9765625,77893.09375,78042.796875,863152128
2026-05-16 10:00:00+00:00,78042.7890625,78064.140625,77611.359375,77931.4921875,1629560832
2026-05-16 11:00:00+00:00,77943.7578125,78157.6796875,77943.7578125,78047.6796875,434102272
2026-05-16 12:00:00+00:00,78042.9765625,78093.90625,77886.3671875,77973.21875,311140352
2026-05-16 13:00:00+00:00,77973.2109375,77981.8828125,77799.9765625,77981.8828125,0
2026-05-16 14:00:00+00:00,77997.140625,78283.546875,77854.921875,78094.59375,0
2026-05-16 15:00:00+00:00,78091.578125,78249.9921875,78040.0,78201.4296875,0
2026-05-16 16:00:00+00:00,78185.7890625,78328.8671875,78099.7109375,78177.84375,0
2026-05-16 17:00:00+00:00,78177.84375,78293.53125,78168.1171875,78169.609375,0
2026-05-16 18:00:00+00:00,78168.25,78299.0234375,78113.1796875,78196.9375,0
2026-05-16 19:00:00+00:00,78212.8203125,78277.2421875,78169.796875,78234.3984375,0
2026-05-16 20:00:00+00:00,78250.0,78289.5,78166.5703125,78205.1875,0
2026-05-16 21:00:00+00:00,78197.6875,78273.3671875,78177.0078125,78232.34375,0
2026-05-16 22:00:00+00:00,78226.40625,78246.96875,78125.109375,78148.21875,0
2026-05-16 23:00:00+00:00,78152.7421875,78233.609375,78086.7109375,78105.4609375,137216
2026-05-17 00:00:00+00:00,78106.296875,78203.9375,77779.6875,77906.1328125,0
2026-05-17 01:00:00+00:00,77936.203125,78074.3984375,77693.25,77709.7265625,501573632
2026-05-17 02:00:00+00:00,77693.25,77909.4921875,77693.25,77866.78125,46262272
2026-05-17 03:00:00+00:00,77855.2734375,78054.0078125,77855.2734375,77993.2421875,0
2026-05-17 04:00:00+00:00,77993.2421875,78170.8984375,77971.9765625,78124.0,0
2026-05-17 05:00:00+00:00,78118.21875,78278.203125,78074.1015625,78098.4765625,137803776
2026-05-17 06:00:00+00:00,78106.828125,78182.609375,77977.2734375,78077.5703125,0
2026-05-17 07:00:00+00:00,78077.578125,78177.9921875,78028.09375,78152.1328125,0
2026-05-17 08:00:00+00:00,78153.8125,78169.640625,78000.09375,78058.1875,0
2026-05-17 09:00:00+00:00,78063.9921875,78267.0078125,78033.4375,78217.3125,0
2026-05-17 10:00:00+00:00,78217.3203125,78552.0234375,78217.3125,78431.359375,0
2026-05-17 11:00:00+00:00,78435.6171875,78439.6796875,78260.5625,78382.0,0
2026-05-17 12:00:00+00:00,78382.0,78508.2109375,78299.0,78332.3828125,0
2026-05-17 13:00:00+00:00,78332.3828125,78333.953125,78142.90625,78175.09375,0
2026-05-17 14:00:00+00:00,78175.09375,78180.203125,77815.328125,78014.7421875,0
2026-05-17 15:00:00+00:00,78000.1015625,78092.171875,77885.2734375,78012.8984375,0
2026-05-17 16:00:00+00:00,78016.1796875,78159.3203125,77992.0078125,78001.9921875,0
2026-05-17 17:00:00+00:00,78013.8125,78064.78125,77831.6484375,78056.2109375,0
2026-05-17 18:00:00+00:00,78051.34375,78238.171875,77966.0078125,78226.3984375,0
2026-05-17 19:00:00+00:00,78232.0078125,78429.5703125,78166.6328125,78393.9765625,22458368
2026-05-17 20:00:00+00:00,78368.7265625,78402.5,78205.0,78226.3984375,195695616
2026-05-17 21:00:00+00:00,78228.0,78450.0,78196.5234375,78364.1171875,98394112
2026-05-17 22:00:00+00:00,78317.78125,78367.2578125,77796.71875,77953.8984375,707606528
2026-05-17 23:00:00+00:00,77920.0078125,77951.9609375,76727.5078125,77411.390625,2684411904
2026-05-18 00:00:00+00:00,77408.0,77429.8515625,76869.828125,77166.1328125,1634627584
2026-05-18 01:00:00+00:00,77146.1015625,77227.7109375,76714.40625,77068.03125,389249024
2026-05-18 02:00:00+00:00,77064.6875,77170.0078125,76659.4765625,76787.40625,763471872
2026-05-18 03:00:00+00:00,76787.40625,76971.0078125,76759.6484375,76880.640625,411746304
2026-05-18 04:00:00+00:00,76877.9765625,77020.1171875,76731.3828125,76988.109375,358191104
2026-05-18 05:00:00+00:00,76993.9765625,77032.4609375,76837.6171875,76872.8125,398487552
2026-05-18 06:00:00+00:00,76868.5390625,76920.71875,76540.0390625,76865.4765625,716759040
2026-05-18 07:00:00+00:00,76895.0,77030.7890625,76717.8671875,77021.46875,1644081152
2026-05-18 08:00:00+00:00,77035.0625,77120.0390625,76830.8515625,76972.078125,1239162880
2026-05-18 09:00:00+00:00,76972.078125,76994.28125,76819.1171875,76884.8515625,376938496
2026-05-18 10:00:00+00:00,76897.5078125,76900.3203125,76662.71875,76717.2578125,214743040
2026-05-18 11:00:00+00:00,76729.8125,77347.5703125,76608.0703125,77238.5078125,633647104
2026-05-18 12:00:00+00:00,77251.6015625,77764.28125,77227.640625,77610.71875,936886272
2026-05-18 13:00:00+00:00,77602.171875,77611.4609375,76657.9921875,76885.59375,1378283520
2026-05-18 14:00:00+00:00,76872.203125,76910.2265625,76189.9921875,76343.8984375,3258488832
2026-05-18 15:00:00+00:00,76338.046875,76418.0078125,76001.96875,76338.546875,2729029632
2026-05-18 16:00:00+00:00,76319.0625,76589.453125,76149.9921875,76348.71875,2477572096
2026-05-18 17:00:00+00:00,76349.3203125,76699.9921875,76312.2734375,76647.2578125,597778432
2026-05-18 18:00:00+00:00,76627.046875,76639.578125,76079.9921875,76179.2265625,975884288
2026-05-18 19:00:00+00:00,76187.7734375,76926.7734375,76187.7734375,76857.8828125,1164935168
2026-05-18 20:00:00+00:00,76905.0,77120.2109375,76820.9921875,76847.96875,627003392
2026-05-18 21:00:00+00:00,76855.3671875,77127.046875,76743.9296875,77048.5390625,609984512
2026-05-18 22:00:00+00:00,77059.0625,77171.9765625,76893.9765625,77020.3828125,0
2026-05-18 23:00:00+00:00,77005.0,77109.9765625,76881.3125,76942.7109375,0
2026-05-19 00:00:00+00:00,76952.46875,77347.2890625,76899.9765625,77079.5234375,0
2026-05-19 01:00:00+00:00,77074.28125,77099.6875,76603.7734375,76603.7734375,0
2026-05-19 02:00:00+00:00,76600.0,76934.21875,76428.1171875,76550.2578125,0
2026-05-19 03:00:00+00:00,76534.5,76803.421875,76521.359375,76721.9921875,0
2026-05-19 04:00:00+00:00,76715.75,76879.5625,76633.921875,76855.2890625,0
2026-05-19 05:00:00+00:00,76859.5078125,76942.890625,76577.84375,76846.9921875,123428864
2026-05-19 06:00:00+00:00,76844.53125,77043.1796875,76822.1328125,76965.7421875,0
2026-05-19 07:00:00+00:00,76944.2578125,77219.8203125,76908.796875,77178.0,0
2026-05-19 08:00:00+00:00,77169.9375,77242.40625,76902.640625,76982.0703125,0
2026-05-19 09:00:00+00:00,76982.0703125,76997.4765625,76636.5078125,76746.859375,11051008
2026-05-19 10:00:00+00:00,76732.7421875,77024.65625,76635.9921875,76969.46875,41066496
2026-05-19 11:00:00+00:00,76982.078125,77011.421875,76577.8984375,76641.296875,0
2026-05-19 12:00:00+00:00,76634.0,76914.0078125,76573.0703125,76861.5234375,0
2026-05-19 13:00:00+00:00,76874.0,76987.9921875,76509.8671875,76797.9921875,0
2026-05-19 14:00:00+00:00,76806.609375,76937.0625,76075.9765625,76315.96875,0
2026-05-19 15:00:00+00:00,76302.46875,76602.2421875,76256.0,76441.421875,0
2026-05-19 16:00:00+00:00,76452.6171875,76856.03125,76331.328125,76819.9296875,0
2026-05-19 17:00:00+00:00,76842.0234375,76948.9375,76680.2734375,76778.21875,0
2026-05-19 18:00:00+00:00,76766.0390625,76881.9296875,76664.4375,76728.2890625,0
2026-05-19 19:00:00+00:00,76728.2890625,76993.0703125,76687.9921875,76754.046875,0
2026-05-19 20:00:00+00:00,76773.4375,76979.53125,76752.046875,76953.3515625,0
2026-05-19 21:00:00+00:00,76948.890625,76978.9609375,76901.0703125,76910.0078125,0
2026-05-19 22:00:00+00:00,76901.0390625,76901.0390625,76570.3125,76640.46875,0
2026-05-19 23:00:00+00:00,76608.96875,76907.7265625,76594.0078125,76764.046875,0
2026-05-20 00:00:00+00:00,76755.25,76828.0,76442.0234375,76704.1796875,0
2026-05-20 01:00:00+00:00,76706.0390625,76839.9921875,76450.65625,76735.3203125,0
2026-05-20 02:00:00+00:00,76735.3203125,76834.9921875,76517.75,76607.828125,0
2026-05-20 03:00:00+00:00,76611.1328125,76741.3125,76519.9921875,76637.609375,265746432
2026-05-20 04:00:00+00:00,76650.6796875,76746.84375,76596.3125,76695.9921875,93388800
2026-05-20 05:00:00+00:00,76705.9921875,77247.4921875,76705.9921875,77121.0,772870144
2026-05-20 06:00:00+00:00,77140.1796875,77345.75,77117.0,77337.2578125,0
2026-05-20 07:00:00+00:00,77348.9921875,77401.2421875,77157.140625,77195.4765625,0
2026-05-20 08:00:00+00:00,77197.21875,77524.046875,77121.9921875,77372.4609375,0
2026-05-20 09:00:00+00:00,77371.421875,77464.0,77280.171875,77399.0390625,91045888
2026-05-20 10:00:00+00:00,77407.8828125,77583.84375,77404.5703125,77433.6484375,0
2026-05-20 11:00:00+00:00,77433.6484375,77488.828125,77245.9609375,77301.6171875,0
2026-05-20 12:00:00+00:00,77296.140625,77669.9921875,77281.390625,77549.3125,30218240
2026-05-20 13:00:00+00:00,77555.4375,77578.96875,76891.7734375,77131.2578125,217997312
2026-05-20 14:00:00+00:00,77137.328125,77478.71875,76819.8515625,77371.6328125,0
2026-05-20 15:00:00+00:00,77362.34375,77767.828125,77230.7890625,77378.1484375,50601984
2026-05-20 16:00:00+00:00,77389.9921875,77486.5625,76929.953125,77256.1171875,489474048
2026-05-20 17:00:00+00:00,77251.3671875,77642.3828125,77139.8125,77495.4609375,256405504
2026-05-20 18:00:00+00:00,77493.7734375,77563.59375,77310.859375,77330.046875,123340800
2026-05-20 19:00:00+00:00,77322.5625,77641.59375,77271.609375,77600.9765625,34113536
2026-05-20 20:00:00+00:00,77602.0,77688.6875,77399.9921875,77650.03125,700243968
2026-05-20 21:00:00+00:00,77623.0234375,77688.6875,77422.65625,77422.671875,28180480
2026-05-20 22:00:00+00:00,77412.578125,77424.203125,77144.8203125,77424.203125,19169280
2026-05-20 23:00:00+00:00,77390.59375,77481.5234375,77304.7109375,77475.0390625,0
2026-05-21 00:00:00+00:00,77479.203125,77970.359375,77442.171875,77889.9921875,138403840
2026-05-21 01:00:00+00:00,77912.1875,78086.0078125,77720.0234375,77788.0,518545408
2026-05-21 02:00:00+00:00,77761.953125,78026.1484375,77743.9765625,77880.5703125,95408128
2026-05-21 03:00:00+00:00,77875.8828125,78030.03125,77827.796875,78001.6484375,0
2026-05-21 04:00:00+00:00,78001.65625,78101.9375,77883.15625,77960.28125,0
2026-05-21 05:00:00+00:00,77951.8515625,78060.34375,77665.140625,77749.2734375,0
2026-05-21 06:00:00+00:00,77740.0,77798.3203125,77483.4296875,77536.78125,0
2026-05-21 07:00:00+00:00,77521.3984375,77825.6875,77441.203125,77807.6796875,0
2026-05-21 08:00:00+00:00,77817.90625,78104.34375,77810.21875,77848.2734375,490899456
2026-05-21 09:00:00+00:00,77845.9921875,77906.1171875,77549.9609375,77549.9609375,0
2026-05-21 10:00:00+00:00,77535.453125,77599.6328125,77094.5,77104.4765625,576278528
2026-05-21 11:00:00+00:00,77113.6171875,77298.59375,77050.2734375,77111.1015625,261208064
2026-05-21 12:00:00+00:00,77126.609375,77283.8984375,77007.9765625,77197.9921875,350676992
2026-05-21 13:00:00+00:00,77181.578125,77275.0,76641.9921875,77041.7265625,0
2026-05-21 14:00:00+00:00,77046.1171875,77159.1875,76691.953125,76892.0,0
2026-05-21 15:00:00+00:00,76891.3515625,77306.3984375,76800.0,77181.8515625,0
2026-05-21 16:00:00+00:00,77188.40625,77270.6328125,76918.8125,77110.2578125,0
2026-05-21 17:00:00+00:00,77146.0,78016.828125,77093.28125,77799.671875,1685198848
2026-05-21 18:00:00+00:00,77826.0,77840.78125,77186.7890625,77310.046875,244557824
2026-05-21 19:00:00+00:00,77289.171875,77723.9765625,77289.171875,77601.5625,268374016
2026-05-21 20:00:00+00:00,77630.796875,77731.8515625,77578.109375,77633.46875,0
2026-05-21 21:00:00+00:00,77651.4921875,77743.8203125,77567.0390625,77598.578125,0
2026-05-21 22:00:00+00:00,77603.1796875,77677.8984375,77469.46875,77550.171875,0
2026-05-21 23:00:00+00:00,77531.953125,77676.578125,77458.6171875,77542.65625,495616
2026-05-22 00:00:00+00:00,77551.25,77567.2421875,77294.296875,77304.2109375,0
2026-05-22 01:00:00+00:00,77277.34375,77596.609375,77239.90625,77539.296875,0
2026-05-22 02:00:00+00:00,77542.5703125,77659.34375,77515.9921875,77598.3984375,0
2026-05-22 03:00:00+00:00,77598.390625,77738.296875,77598.390625,77705.25,0
2026-05-22 04:00:00+00:00,77711.0078125,77829.1484375,77556.1875,77577.84375,75970560
2026-05-22 05:00:00+00:00,77574.4296875,77649.96875,77389.140625,77408.4296875,0
2026-05-22 06:00:00+00:00,77406.7734375,77444.359375,77281.078125,77340.1875,114491392
2026-05-22 07:00:00+00:00,77334.1171875,77457.4609375,77200.6171875,77320.6328125,453523456
2026-05-22 08:00:00+00:00,77323.671875,77458.90625,77141.0078125,77177.859375,88543232
2026-05-22 09:00:00+00:00,77159.9609375,77270.0,77108.796875,77213.9921875,2658304
2026-05-22 10:00:00+00:00,77205.046875,77278.03125,77165.4765625,77224.671875,0
2026-05-22 11:00:00+00:00,77230.8828125,77342.0625,77088.6015625,77342.0625,0
2026-05-22 12:00:00+00:00,77346.671875,77491.2109375,77303.953125,77446.328125,0
2026-05-22 13:00:00+00:00,77447.03125,77466.7890625,77032.9921875,77196.0390625,0
2026-05-22 14:00:00+00:00,77115.84375,77139.9921875,76663.09375,76674.890625,248442880
2026-05-22 15:00:00+00:00,76621.9921875,76929.7578125,76491.3515625,76698.25,807215104
2026-05-22 16:00:00+00:00,76690.8984375,76912.3203125,76680.0,76863.0,0
2026-05-22 17:00:00+00:00,76869.7109375,76995.4296875,76651.9609375,76654.7421875,0
2026-05-22 18:00:00+00:00,76652.1875,76811.9921875,76013.9765625,76443.7578125,442126336
2026-05-22 19:00:00+00:00,76433.4921875,76494.6875,75569.7890625,75756.03125,1433866240
2026-05-22 20:00:00+00:00,75783.75,75991.8125,75739.9609375,75895.203125,452485120
2026-05-22 21:00:00+00:00,75864.4375,75994.6015625,75846.25,75880.2890625,322607104
2026-05-22 22:00:00+00:00,75880.296875,75894.4921875,75479.953125,75639.9765625,500660224
2026-05-22 23:00:00+00:00,75661.4765625,75781.1484375,75266.7265625,75439.96875,105893888
2026-05-23 00:00:00+00:00,75462.9765625,75540.203125,75127.328125,75263.21875,1829261312
2026-05-23 01:00:00+00:00,75275.6484375,75409.6796875,75258.0078125,75402.1171875,0
2026-05-23 02:00:00+00:00,75411.2578125,75495.171875,75320.0,75482.5625,54196224
2026-05-23 03:00:00+00:00,75472.0703125,75573.921875,75468.90625,75545.7109375,21639168
2026-05-23 04:00:00+00:00,75545.7109375,75565.75,75417.0,75455.1171875,236105728
2026-05-23 05:00:00+00:00,75455.1171875,75468.0,75377.9765625,75397.640625,0
2026-05-23 06:00:00+00:00,75398.6796875,75411.96875,75293.15625,75312.328125,0
2026-05-23 07:00:00+00:00,75316.3125,75348.1171875,74251.296875,74516.7265625,1411538944
2026-05-23 08:00:00+00:00,74521.140625,74656.34375,74262.5390625,74594.4921875,194715648
2026-05-23 09:00:00+00:00,74590.0234375,74668.421875,74543.8203125,74575.96875,761614336
2026-05-23 10:00:00+00:00,74589.4375,74704.0078125,74579.140625,74626.6171875,0
2026-05-23 11:00:00+00:00,74633.4921875,74783.6328125,74624.3203125,74710.3125,0
2026-05-23 12:00:00+00:00,74704.9296875,74718.7734375,74577.53125,74674.8828125,22644736
2026-05-23 13:00:00+00:00,74674.8671875,75167.2109375,74674.8671875,75119.4609375,31873024
2026-05-23 14:00:00+00:00,75137.28125,75594.2421875,75015.859375,75443.71875,0
2026-05-23 15:00:00+00:00,75443.7265625,75594.0,75309.390625,75432.03125,0
2026-05-23 16:00:00+00:00,75474.5703125,75530.1328125,75307.8203125,75347.421875,0
2026-05-23 17:00:00+00:00,75386.3125,75436.5234375,75288.2421875,75399.7265625,0
2026-05-23 18:00:00+00:00,75402.046875,75889.578125,75376.0078125,75757.609375,0
2026-05-23 19:00:00+00:00,75760.171875,75901.0703125,75690.7421875,75887.59375,0
2026-05-23 20:00:00+00:00,75903.1796875,77188.0,75849.859375,77188.0,1197891584
2026-05-23 21:00:00+00:00,77234.7421875,77285.6484375,76436.1875,76707.9921875,1622888448
2026-05-23 22:00:00+00:00,76715.2734375,76783.9921875,76297.0,76479.9921875,0
2026-05-23 23:00:00+00:00,76458.890625,76703.09375,76431.171875,76644.2421875,0
2026-05-24 00:00:00+00:00,76657.9765625,76815.9765625,76532.2265625,76736.9921875,0
2026-05-24 01:00:00+00:00,76741.5078125,76819.9921875,76655.7421875,76790.9921875,0
2026-05-24 02:00:00+00:00,76800.8671875,76856.453125,76600.0078125,76721.359375,28203008
2026-05-24 03:00:00+00:00,76718.8125,76895.0625,76632.15625,76699.46875,64765952
2026-05-24 04:00:00+00:00,76680.0390625,76753.4765625,76634.0,76682.7734375,11177984
2026-05-24 05:00:00+00:00,76678.8984375,76765.9921875,76548.0,76714.4921875,0
2026-05-24 06:00:00+00:00,76712.4375,76960.671875,76621.6171875,76881.3125,24938496
2026-05-24 07:00:00+00:00,76893.6015625,76921.78125,76687.9921875,76708.0,0
2026-05-24 08:00:00+00:00,76710.296875,76762.9296875,76629.96875,76737.390625,0
2026-05-24 09:00:00+00:00,76737.390625,76945.1015625,76712.6171875,76930.3828125,2910425088
2026-05-24 10:00:00+00:00,76931.9921875,77374.9375,76825.0078125,77097.1484375,1474426880
2026-05-24 11:00:00+00:00,77082.4375,77252.0,77082.4375,77218.9375,272797696
2026-05-24 12:00:00+00:00,77219.2890625,77229.5703125,76947.7578125,77013.640625,596721664
2026-05-24 13:00:00+00:00,77025.453125,77025.453125,76593.203125,76721.21875,201916416
2026-05-24 14:00:00+00:00,76698.6171875,76744.0,76129.421875,76361.03125,799197184
2026-05-24 15:00:00+00:00,76354.0,76442.8203125,76260.890625,76278.71875,0
2026-05-24 16:00:00+00:00,76282.6328125,76629.7734375,76279.4296875,76575.6875,22538240
2026-05-24 17:00:00+00:00,76567.5625,76688.7265625,76466.28125,76591.25,0
2026-05-24 18:00:00+00:00,76591.25,76692.5703125,76492.609375,76565.203125,0
2026-05-24 19:00:00+00:00,76577.359375,76686.2265625,76512.0234375,76677.7578125,0
2026-05-24 20:00:00+00:00,76689.1015625,76694.0,76520.0703125,76569.2578125,0
2026-05-24 21:00:00+00:00,76572.6796875,76650.5,76008.7109375,76045.4921875,0
2026-05-24 22:00:00+00:00,76138.5703125,76905.0,76052.0078125,76709.9921875,201957376
2026-05-24 23:00:00+00:00,76710.0,77114.46875,76710.0,76961.8515625,169852928
2026-05-25 00:00:00+00:00,76996.109375,77164.4375,76996.0,77060.296875,16697344
2026-05-25 01:00:00+00:00,77101.8984375,77159.4921875,76827.2578125,76850.9375,313188352
2026-05-25 02:00:00+00:00,76885.6796875,77390.9296875,76881.1484375,77012.2890625,398118912
2026-05-25 03:00:00+00:00,77010.953125,77073.390625,76917.671875,76933.1015625,10473472
2026-05-25 04:00:00+00:00,76933.1015625,77354.9375,76899.390625,77292.421875,182812672
2026-05-25 05:00:00+00:00,77278.703125,77402.09375,77220.8828125,77316.2734375,363411456
2026-05-25 06:00:00+00:00,77316.25,77520.90625,77132.4609375,77330.9765625,251793408
2026-05-25 07:00:00+00:00,77335.59375,77431.4921875,77111.8984375,77310.59375,242003968
2026-05-25 08:00:00+00:00,77315.7890625,77380.1796875,77184.5390625,77366.7890625,0
2026-05-25 09:00:00+00:00,77366.7890625,77615.84375,77327.5234375,77517.0,394647552
2026-05-25 10:00:00+00:00,77532.0703125,77606.6171875,77408.0234375,77460.046875,0
2026-05-25 11:00:00+00:00,77460.046875,77460.046875,77254.46875,77284.1328125,0
2026-05-25 12:00:00+00:00,77292.8125,77360.96875,77209.0,77287.90625,0
2026-05-25 13:00:00+00:00,77285.359375,77375.9921875,77206.0078125,77257.5234375,0
2026-05-25 14:00:00+00:00,77257.53125,77666.3828125,77227.90625,77633.78125,0
2026-05-25 15:00:00+00:00,77631.9296875,77804.9375,77483.0390625,77549.9609375,808312832
2026-05-25 16:00:00+00:00,77569.03125,77739.5234375,77438.703125,77663.7734375,0
2026-05-25 17:00:00+00:00,77663.15625,77740.3671875,77477.3984375,77500.9765625,251166720
2026-05-25 18:00:00+00:00,77481.1875,77592.4765625,77469.671875,77481.109375,0
2026-05-25 19:00:00+00:00,77485.7109375,77485.7109375,77274.203125,77380.6484375,227966976
2026-05-25 20:00:00+00:00,77361.3125,77434.9921875,77147.15625,77199.0390625,0
2026-05-25 21:00:00+00:00,77206.4921875,77320.9765625,77199.046875,77287.7734375,38117376
2026-05-25 22:00:00+00:00,77300.0078125,77367.140625,76969.0703125,77043.96875,0
2026-05-25 23:00:00+00:00,77016.8828125,77294.1875,76995.640625,77249.0703125,4790272
2026-05-26 00:00:00+00:00,77253.203125,77277.359375,76490.546875,76700.71875,324362240
2026-05-26 01:00:00+00:00,76626.0,76788.9296875,76513.5,76670.8125,88303616
2026-05-26 02:00:00+00:00,76717.5078125,76730.96875,76431.9765625,76586.0625,510846976
2026-05-26 03:00:00+00:00,76563.4609375,76629.8984375,76392.0,76571.7265625,40730624
2026-05-26 04:00:00+00:00,76571.7265625,76730.5390625,76520.0234375,76660.84375,397205504
2026-05-26 05:00:00+00:00,76660.84375,76893.1171875,76618.2734375,76837.2265625,1157120
2026-05-26 06:00:00+00:00,76825.078125,76939.46875,76679.046875,76817.5390625,338022400
2026-05-26 07:00:00+00:00,76829.9921875,76833.9921875,76514.3671875,76629.8984375,0
2026-05-26 08:00:00+00:00,76630.0,76766.90625,76594.2421875,76632.3203125,0
2026-05-26 09:00:00+00:00,76637.96875,76721.40625,76556.828125,76586.0703125,54159360
2026-05-26 10:00:00+00:00,76552.5625,77530.4609375,76488.0078125,77352.421875,1108639744
2026-05-26 11:00:00+00:00,77357.2734375,77420.9765625,77082.421875,77097.9765625,545140736
2026-05-26 12:00:00+00:00,77103.8125,77148.53125,76813.9765625,77045.5390625,507512832
2026-05-26 13:00:00+00:00,77053.6015625,77376.6875,76589.0078125,77134.1875,967733248
2026-05-26 14:00:00+00:00,77170.4765625,78001.7109375,76630.0,76806.3203125,2844616704
2026-05-26 15:00:00+00:00,76801.703125,76905.3203125,76158.296875,76396.7421875,1481988096
2026-05-26 16:00:00+00:00,76411.8984375,76601.890625,76122.0,76450.0234375,2513088512
2026-05-26 17:00:00+00:00,76446.5078125,76538.421875,75750.0390625,75816.7421875,2035312640
2026-05-26 18:00:00+00:00,75805.4375,76150.0078125,75658.0,75705.859375,904148992
2026-05-26 19:00:00+00:00,75714.8125,75973.90625,75669.5390625,75916.5,650731520
2026-05-26 20:00:00+00:00,75930.0078125,76066.5625,75872.0234375,75999.171875,324653056
2026-05-26 21:00:00+00:00,75999.1796875,76015.4609375,75743.6875,75787.65625,320712704
2026-05-26 22:00:00+00:00,75789.796875,75894.453125,75555.0078125,75631.078125,28008448
2026-05-26 23:00:00+00:00,75643.7109375,75864.7421875,75643.7109375,75821.25,222785536
2026-05-27 00:00:00+00:00,75828.9375,75980.171875,75770.8828125,75971.4765625,0
2026-05-27 01:00:00+00:00,75962.8828125,75995.4375,75710.0,75763.421875,59346944
2026-05-27 02:00:00+00:00,75767.890625,75787.71875,75571.7578125,75713.2734375,0
2026-05-27 03:00:00+00:00,75746.28125,75849.890625,75510.9921875,75544.0078125,100474880
2026-05-27 04:00:00+00:00,75526.03125,75581.9921875,75180.9765625,75445.7265625,400986112
2026-05-27 05:00:00+00:00,75449.953125,75610.5,75449.9375,75575.9765625,41418752
2026-05-27 06:00:00+00:00,75589.890625,75774.96875,75558.7890625,75713.9765625,0
2026-05-27 07:00:00+00:00,75713.9921875,75855.328125,75631.9765625,75838.4375,301219840
2026-05-27 08:00:00+00:00,75849.15625,75955.3984375,75720.9609375,75758.75,167702528
2026-05-27 09:00:00+00:00,75760.7734375,75853.2578125,75584.890625,75785.9765625,0
2026-05-27 10:00:00+00:00,75785.9921875,75919.9921875,75741.40625,75785.2265625,0
2026-05-27 11:00:00+00:00,75773.890625,75901.65625,75616.96875,75632.9765625,0
2026-05-27 12:00:00+00:00,75635.0234375,76021.84375,75445.0078125,75548.9921875,414105600
2026-05-27 13:00:00+00:00,75548.9765625,75620.5625,74717.953125,74915.7421875,1732333568
2026-05-27 14:00:00+00:00,74954.953125,75100.0,74640.328125,74885.9375,0
2026-05-27 15:00:00+00:00,74852.34375,75354.296875,74834.6875,75184.1875,0
2026-05-27 16:00:00+00:00,75169.078125,75259.78125,74865.78125,75169.90625,0
2026-05-27 17:00:00+00:00,75177.578125,75196.8203125,74571.5078125,74713.03125,0
2026-05-27 18:00:00+00:00,74711.65625,74889.6015625,74532.0,74884.0,0
2026-05-27 19:00:00+00:00,74881.09375,74953.296875,74802.6484375,74907.9609375,101742592
2026-05-27 20:00:00+00:00,74909.9765625,75279.2421875,74909.9765625,75140.0078125,0
2026-05-27 21:00:00+00:00,75123.7265625,75127.15625,74220.0,74350.96875,595105792
2026-05-27 22:00:00+00:00,74326.4296875,74636.0,74155.640625,74307.0390625,570550272
2026-05-27 23:00:00+00:00,74272.75,74443.5390625,74113.9765625,74321.9921875,293353472
2026-05-28 00:00:00+00:00,74304.0,74462.390625,74238.046875,74439.9921875,348262400
2026-05-28 01:00:00+00:00,74458.828125,74458.828125,74043.546875,74207.8515625,0
2026-05-28 02:00:00+00:00,74230.0,74256.0,74000.0078125,74156.9609375,354039808
2026-05-28 03:00:00+00:00,74141.9765625,74248.1484375,72942.8984375,73128.0078125,2580529152
2026-05-28 04:00:00+00:00,73130.0234375,73130.0234375,72637.546875,73035.9765625,2746138624
2026-05-28 05:00:00+00:00,73027.9921875,73040.0,72796.796875,72855.8203125,806957056
2026-05-28 06:00:00+00:00,72850.296875,73074.0078125,72641.4296875,73057.96875,370483200
2026-05-28 07:00:00+00:00,73075.8828125,73368.7578125,73022.40625,73368.7578125,1409904640
2026-05-28 08:00:00+00:00,73356.1171875,73356.1171875,73074.1875,73193.90625,65957888
2026-05-28 09:00:00+00:00,73186.328125,73435.703125,73128.0,73412.25,192315392
2026-05-28 10:00:00+00:00,73402.140625,73493.2421875,73228.140625,73272.0078125,138571776
2026-05-28 11:00:00+00:00,73268.609375,73404.6171875,73203.671875,73375.6171875,44625920
2026-05-28 12:00:00+00:00,73368.359375,73449.9921875,73135.6875,73394.96875,0
2026-05-28 13:00:00+00:00,73390.8515625,73446.0,72626.65625,72880.0390625,0
2026-05-28 14:00:00+00:00,72884.2109375,73426.921875,72450.0,72885.078125,686759936
2026-05-28 15:00:00+00:00,72852.296875,73026.9765625,72550.3125,72791.40625,0
2026-05-28 16:00:00+00:00,72770.0078125,73317.8671875,72586.1171875,73317.8671875,610361344
2026-05-28 17:00:00+00:00,73332.453125,73572.0,73185.3671875,73430.59375,0
2026-05-28 18:00:00+00:00,73416.4609375,73616.609375,73396.0390625,73536.0,0
2026-05-28 19:00:00+00:00,73525.7421875,73525.7421875,73286.140625,73302.0234375,0
2026-05-28 20:00:00+00:00,73314.0,73612.1328125,73133.0390625,73477.328125,621416448
2026-05-28 21:00:00+00:00,73498.546875,73806.7578125,73450.53125,73710.828125,0
2026-05-28 22:00:00+00:00,73705.7734375,73830.1796875,73351.0,73360.203125,0
2026-05-28 23:00:00+00:00,73362.59375,73613.578125,73362.59375,73512.5625,0
2026-05-29 00:00:00+00:00,73516.203125,73756.3203125,73516.203125,73624.5625,0
2026-05-29 01:00:00+00:00,73630.0,73761.109375,73358.8984375,73480.15625,0
2026-05-29 02:00:00+00:00,73481.84375,73537.171875,73074.0,73116.6875,0
2026-05-29 03:00:00+00:00,73119.8671875,73346.3984375,73119.8671875,73187.9921875,0
2026-05-29 04:00:00+00:00,73187.9921875,73400.203125,73088.0078125,73386.7734375,0
2026-05-29 05:00:00+00:00,73386.7734375,73619.9921875,73385.9375,73595.2890625,0
2026-05-29 06:00:00+00:00,73572.8515625,73817.25,73526.28125,73685.9609375,0
2026-05-29 07:00:00+00:00,73675.796875,73716.1171875,73269.546875,73410.9296875,124858368
2026-05-29 08:00:00+00:00,73404.4921875,73725.9609375,73404.4921875,73548.0,294356992
2026-05-29 09:00:00+00:00,73548.0,73796.953125,73536.546875,73640.09375,84676608
2026-05-29 10:00:00+00:00,73635.9765625,73635.9765625,73475.96875,73527.2265625,35991552
2026-05-29 11:00:00+00:00,73521.9921875,73596.3125,73230.7578125,73369.7890625,0
2026-05-29 12:00:00+00:00,73363.9375,73363.9375,73091.7578125,73179.328125,0
2026-05-29 13:00:00+00:00,73176.078125,73216.0078125,72795.953125,73012.4765625,0
2026-05-29 14:00:00+00:00,73047.3828125,73081.9609375,72383.5078125,72964.1484375,0
2026-05-29 15:00:00+00:00,72974.28125,74084.0,72875.0625,73698.4921875,1972914176
2026-05-29 16:00:00+00:00,73727.0234375,73997.7265625,73444.0,73927.6484375,84787200
2026-05-29 17:00:00+00:00,73951.03125,74222.46875,73799.9921875,73851.0078125,1640628224
2026-05-29 18:00:00+00:00,73883.0234375,73961.1328125,73075.6484375,73261.34375,720769024
2026-05-29 19:00:00+00:00,73270.84375,73621.046875,73132.1796875,73433.1328125,311463936
2026-05-29 20:00:00+00:00,73417.9296875,73659.65625,73403.9921875,73568.1015625,0
2026-05-29 21:00:00+00:00,73576.5078125,73740.5234375,73303.7890625,73306.6328125,284057600
2026-05-29 22:00:00+00:00,73307.2109375,73466.0234375,73275.2890625,73376.703125,0
2026-05-29 23:00:00+00:00,73358.46875,73415.6484375,73216.2578125,73366.7734375,86507520
2026-05-30 00:00:00+00:00,73372.6796875,73474.0078125,73303.359375,73394.5390625,0
2026-05-30 01:00:00+00:00,73394.4765625,73568.9609375,73364.9609375,73559.3828125,0
2026-05-30 02:00:00+00:00,73559.3828125,73688.9921875,73511.5078125,73688.9921875,0
2026-05-30 03:00:00+00:00,73661.4921875,73696.5,73416.0703125,73426.5625,284575744
2026-05-30 04:00:00+00:00,73426.5625,73477.4765625,73118.046875,73292.953125,408981504
2026-05-30 05:00:00+00:00,73286.7265625,73535.046875,73240.5,73504.3828125,157478912
2026-05-30 06:00:00+00:00,73508.96875,73611.0078125,73424.3828125,73497.0234375,298754048
2026-05-30 07:00:00+00:00,73490.140625,73500.0,73382.0,73450.9921875,0
2026-05-30 08:00:00+00:00,73450.0234375,73466.0078125,73394.828125,73396.0,0
2026-05-30 09:00:00+00:00,73417.921875,73514.828125,73395.3203125,73512.0078125,0
2026-05-30 10:00:00+00:00,73516.03125,73580.2734375,73488.2578125,73549.5625,0
2026-05-30 11:00:00+00:00,73532.53125,73549.5234375,73454.28125,73495.3984375,0
2026-05-30 12:00:00+00:00,73505.6875,73607.8828125,73483.9765625,73588.1328125,0
2026-05-30 13:00:00+00:00,73588.1328125,73729.703125,73566.4609375,73716.0,0
2026-05-30 14:00:00+00:00,73721.9765625,73981.8125,73706.8203125,73822.0234375,0
2026-05-30 15:00:00+00:00,73835.3515625,73925.6328125,73730.3515625,73799.921875,0
2026-05-30 16:00:00+00:00,73820.0078125,73871.9921875,73768.0234375,73823.8203125,0
2026-05-30 17:00:00+00:00,73821.9921875,73916.953125,73719.9921875,73910.7890625,0
2026-05-30 18:00:00+00:00,73910.7890625,74021.7109375,73845.5,73929.53125,0
2026-05-30 19:00:00+00:00,73929.53125,73961.2265625,73855.7578125,73904.0,0
2026-05-30 20:00:00+00:00,73904.0,73907.96875,73804.9609375,73871.1796875,0
2026-05-30 21:00:00+00:00,73879.2421875,73941.1796875,73810.65625,73869.0703125,0
2026-05-30 22:00:00+00:00,73852.359375,73853.7421875,73687.9765625,73767.4765625,0
2026-05-30 23:00:00+00:00,73772.7265625,73880.5703125,73671.2890625,73768.0234375,0
2026-05-31 00:00:00+00:00,73790.7578125,73927.5703125,73742.359375,73915.0,0
2026-05-31 01:00:00+00:00,73904.9921875,74153.8125,73904.9921875,73940.9921875,272553984
2026-05-31 02:00:00+00:00,73937.59375,74127.34375,73774.59375,73979.9765625,121624576
2026-05-31 03:00:00+00:00,73982.7734375,74110.8125,73951.71875,74032.0625,0
2026-05-31 04:00:00+00:00,74032.0625,74113.4921875,73987.109375,74054.0,0
2026-05-31 05:00:00+00:00,74077.5234375,74098.7421875,73939.9921875,73949.1171875,0
2026-05-31 06:00:00+00:00,73948.890625,73994.296875,73879.640625,73942.296875,0
2026-05-31 07:00:00+00:00,73923.4609375,73932.671875,73720.3125,73752.828125,92747776
2026-05-31 08:00:00+00:00,73752.84375,73872.3671875,73735.0625,73835.140625,116080640
2026-05-31 09:00:00+00:00,73821.890625,73918.7890625,73700.6484375,73733.3828125,86857728
2026-05-31 10:00:00+00:00,73733.3828125,73791.0234375,73629.03125,73791.0234375,124643328
2026-05-31 11:00:00+00:00,73794.5625,73865.5,73789.21875,73833.7890625,77666304
2026-05-31 12:00:00+00:00,73818.7109375,73892.671875,73760.0078125,73806.3984375,0
2026-05-31 13:00:00+00:00,73806.40625,73909.3203125,73702.09375,73762.8203125,0
2026-05-31 14:00:00+00:00,73762.8203125,73762.8203125,73414.2890625,73494.6484375,0
2026-05-31 15:00:00+00:00,73480.7265625,73658.3984375,73480.7109375,73542.7578125,0
2026-05-31 16:00:00+00:00,73542.75,73619.921875,73288.46875,73426.0078125,162412544
2026-05-31 17:00:00+00:00,73420.5,73636.1171875,73359.2421875,73616.0,0
2026-05-31 18:00:00+00:00,73612.5625,73612.5625,73471.296875,73491.9921875,0
2026-05-31 19:00:00+00:00,73488.0,73545.75,73347.9921875,73442.4921875,0
2026-05-31 20:00:00+00:00,73466.609375,73649.6171875,73466.609375,73620.15625,274124800
2026-05-31 21:00:00+00:00,73632.0234375,73789.0703125,73508.140625,73788.0234375,167245824
2026-05-31 22:00:00+00:00,73766.1015625,73893.3515625,73579.96875,73836.0078125,131243008
2026-05-31 23:00:00+00:00,73843.3828125,74064.75,73400.0,73575.171875,191144960
2026-06-01 00:00:00+00:00,73575.1796875,73973.640625,73545.8984375,73781.0703125,462088192
2026-06-01 01:00:00+00:00,73782.1484375,73789.5,73173.8984375,73188.0,140236800
2026-06-01 02:00:00+00:00,73174.5703125,73758.0,73140.2734375,73686.1484375,283076608
2026-06-01 03:00:00+00:00,73711.9921875,73899.8984375,73626.7265625,73661.7421875,514648064
2026-06-01 04:00:00+00:00,73661.7265625,73740.9765625,73249.9296875,73419.4921875,405096448
2026-06-01 05:00:00+00:00,73400.6484375,73433.6875,73221.703125,73249.7421875,407597056
2026-06-01 06:00:00+00:00,73255.7734375,73270.1875,72861.0703125,73037.25,930693120
2026-06-01 07:00:00+00:00,73020.0,73102.0078125,72621.4765625,72701.96875,710514688
2026-06-01 08:00:00+00:00,72707.390625,72819.9921875,72519.65625,72800.7578125,733884416
2026-06-01 09:00:00+00:00,72807.5078125,72993.65625,72748.9375,72791.359375,1513074688
2026-06-01 10:00:00+00:00,72811.75,72820.0,72500.0078125,72652.0078125,611987456
2026-06-01 11:00:00+00:00,72666.203125,72674.9921875,72236.0,72388.7578125,339658752
2026-06-01 12:00:00+00:00,72468.0,72502.15625,71849.8828125,72130.2265625,2922215424
2026-06-01 13:00:00+00:00,72132.9375,72136.59375,71264.6328125,71595.9921875,3114647552
2026-06-01 14:00:00+00:00,71585.640625,71761.921875,71270.6484375,71418.65625,2971559936
2026-06-01 15:00:00+00:00,71434.0625,71548.2421875,70940.0,70989.7265625,2430603264
2026-06-01 16:00:00+00:00,70992.96875,71474.890625,70565.9765625,71445.0625,2996375552
2026-06-01 17:00:00+00:00,71445.0703125,71685.140625,71362.0703125,71549.953125,1871917056
2026-06-01 18:00:00+00:00,71531.7265625,71587.8984375,71278.171875,71397.953125,748851200
2026-06-01 19:00:00+00:00,71401.0703125,71574.859375,71285.7734375,71481.9921875,709562368
2026-06-01 20:00:00+00:00,71478.6796875,71603.4921875,71319.8203125,71355.140625,0
2026-06-01 21:00:00+00:00,71354.609375,71357.078125,70839.7578125,70943.046875,483520512
2026-06-01 22:00:00+00:00,70950.0,71356.578125,70734.9375,71305.8671875,255959040
2026-06-01 23:00:00+00:00,71305.8671875,71485.390625,71128.921875,71307.1875,564854784
2026-06-02 00:00:00+00:00,71314.4375,71314.4375,70993.1171875,71189.15625,22380544
2026-06-02 01:00:00+00:00,71201.7109375,71275.3125,70588.0,70588.0,864739328
2026-06-02 02:00:00+00:00,70535.4375,70776.6171875,70058.6796875,70735.96875,1362526208
2026-06-02 03:00:00+00:00,70738.0,70925.1875,70696.71875,70840.859375,276090880
2026-06-02 04:00:00+00:00,70870.0,70937.9921875,70603.90625,70697.9921875,131837952
2026-06-02 05:00:00+00:00,70700.796875,70727.6328125,70154.0703125,70159.03125,388993024
2026-06-02 06:00:00+00:00,70167.453125,70337.0390625,69850.921875,69999.9609375,926085120
2026-06-02 07:00:00+00:00,70020.421875,70151.3203125,69673.8671875,70006.796875,1417797632
2026-06-02 08:00:00+00:00,70015.7734375,70065.828125,69605.9765625,69710.9296875,0
2026-06-02 09:00:00+00:00,69738.9296875,69741.953125,69216.84375,69319.390625,607092736
2026-06-02 10:00:00+00:00,69318.09375,69629.546875,69241.0,69546.6171875,227733504
2026-06-02 11:00:00+00:00,69535.109375,69549.90625,69305.8828125,69349.9921875,0
2026-06-02 12:00:00+00:00,69337.9921875,69438.25,68924.9375,68924.9375,0
2026-06-02 13:00:00+00:00,68884.15625,69064.6015625,68626.546875,68668.3828125,0
2026-06-02 14:00:00+00:00,68631.078125,68652.6796875,67506.09375,67870.390625,1059471360
2026-06-02 15:00:00+00:00,67880.6875,67921.7109375,66959.1484375,67169.296875,1422303232
2026-06-02 16:00:00+00:00,67160.3203125,67993.890625,67094.578125,67295.2578125,0
2026-06-02 17:00:00+00:00,67304.421875,67700.0625,67252.0703125,67352.0,169271296
2026-06-02 18:00:00+00:00,67356.4609375,67515.3828125,67030.0,67217.15625,389632000
2026-06-02 19:00:00+00:00,67218.2109375,67356.640625,66347.0,67185.4375,1688719360
2026-06-02 20:00:00+00:00,67195.9765625,67568.03125,66802.328125,67482.796875,2248257536
2026-06-02 21:00:00+00:00,67491.6015625,67821.796875,67304.5,67460.0,328798208
2026-06-02 22:00:00+00:00,67409.3203125,67426.0078125,66187.546875,66272.703125,1217282048
2026-06-02 23:00:00+00:00,66302.03125,66770.0,66108.8203125,66656.546875,1598230528
2026-06-03 00:00:00+00:00,66667.0078125,67078.71875,66563.34375,66838.0078125,1078190080
2026-06-03 01:00:00+00:00,66844.203125,66957.1484375,66377.359375,66817.09375,0
2026-06-03 02:00:00+00:00,66818.0,66838.0234375,66487.1875,66519.9921875,0
2026-06-03 03:00:00+00:00,66530.1796875,66568.3984375,65384.94921875,65750.7734375,2177093632
2026-06-03 04:00:00+00:00,65728.0,66518.390625,65728.0,66371.65625,834531328
2026-06-03 05:00:00+00:00,66420.34375,67296.078125,66379.8984375,67226.0,1063661568
2026-06-03 06:00:00+00:00,67223.671875,67407.34375,66865.71875,66882.953125,730275840
2026-06-03 07:00:00+00:00,66873.3125,67243.7578125,66782.0078125,67125.921875,0
2026-06-03 08:00:00+00:00,67113.328125,67161.59375,66874.5625,66927.6484375,374566912
2026-06-03 09:00:00+00:00,66925.9765625,67204.9765625,66547.1015625,66978.5703125,0
2026-06-03 10:00:00+00:00,66971.84375,67358.828125,66961.7265625,67190.2265625,0
2026-06-03 11:00:00+00:00,67198.9375,67273.7578125,66950.0625,66966.0,321241088
2026-06-03 12:00:00+00:00,66969.6328125,67058.6875,66689.5390625,66982.0,0
2026-06-03 13:00:00+00:00,66984.640625,67140.4921875,66521.0,66786.0,0
2026-06-03 14:00:00+00:00,66820.0390625,66870.0390625,66528.0,66749.7578125,0
2026-06-03 15:00:00+00:00,66729.2734375,66769.8203125,65970.1796875,65972.1796875,0
2026-06-03 16:00:00+00:00,65992.4609375,66252.296875,65466.890625,65954.609375,0
2026-06-03 17:00:00+00:00,65987.2734375,66083.0078125,65600.3515625,65862.8515625,0
2026-06-03 18:00:00+00:00,65861.40625,66053.71875,65653.4375,65939.5234375,109547520
2026-06-03 19:00:00+00:00,65932.3671875,65960.46875,65175.171875,65349.078125,0
2026-06-03 20:00:00+00:00,65356.08984375,65508.41015625,64719.33984375,64909.01171875,0
2026-06-03 21:00:00+00:00,64894.921875,65753.2109375,64861.94921875,65660.0,1209069568
2026-06-03 22:00:00+00:00,65610.9921875,65717.1328125,64698.78125,64812.0,0
2026-06-03 23:00:00+00:00,64808.7109375,64869.98046875,63991.3203125,64040.0,0
2026-06-04 00:00:00+00:00,64052.0,64318.578125,62970.0,63247.30078125,2203717632
2026-06-04 01:00:00+00:00,63237.94140625,63401.0,62029.01953125,62083.44921875,4366426112
2026-06-04 02:00:00+00:00,62117.25,63538.6015625,61338.1015625,63137.73828125,5598535680
2026-06-04 03:00:00+00:00,63180.98046875,64448.7890625,63146.5390625,64283.37890625,491712512
2026-06-04 04:00:00+00:00,64276.73046875,64683.91015625,64196.80078125,64333.3203125,389677056
2026-06-04 05:00:00+00:00,64325.58984375,64325.58984375,63576.7890625,63895.08984375,0
2026-06-04 06:00:00+00:00,63865.0,64410.140625,63826.078125,63961.01953125,0
2026-06-04 07:00:00+00:00,63987.62890625,64003.25,63440.3515625,63540.75,0
2026-06-04 08:00:00+00:00,63564.08984375,63825.51953125,63186.0703125,63540.94921875,304857088
2026-06-04 09:00:00+00:00,63539.94921875,63542.0,62634.26171875,63187.109375,819404800
2026-06-04 10:00:00+00:00,63153.6796875,63153.6796875,62228.328125,62362.9609375,338616320
2026-06-04 11:00:00+00:00,62365.91015625,62750.0,62132.4296875,62472.6796875,4311072768
2026-06-04 12:00:00+00:00,62485.19921875,63895.9609375,62315.23828125,63689.48046875,2037407744
2026-06-04 13:00:00+00:00,63673.98828125,64186.01171875,63009.0,64149.19140625,1216172032
2026-06-04 14:00:00+00:00,64199.0,64441.26953125,63726.390625,63893.96875,359051264
2026-06-04 15:00:00+00:00,63860.05078125,64334.21875,63621.98046875,63813.1484375,0
2026-06-04 16:00:00+00:00,63805.48828125,63845.98828125,63362.33984375,63480.890625,0
2026-06-04 17:00:00+00:00,63466.0,63630.921875,62884.21875,63450.390625,274919424
2026-06-04 18:00:00+00:00,63464.53125,64015.0,63058.30859375,63726.0,860127232
2026-06-04 19:00:00+00:00,63715.3515625,64062.44140625,63447.37890625,63535.71875,330264576
2026-06-04 20:00:00+00:00,63547.890625,63594.5390625,63113.890625,63578.0390625,0
2026-06-04 21:00:00+00:00,63556.78125,63797.3203125,63094.8984375,63211.71875,0
2026-06-04 22:00:00+00:00,63186.421875,63701.73828125,63134.16015625,63660.8515625,0
2026-06-04 23:00:00+00:00,63654.03125,63845.44921875,63309.12109375,63811.91015625,0
2026-06-05 00:00:00+00:00,63775.8984375,63898.0390625,63316.8984375,63354.359375,0
2026-06-05 01:00:00+00:00,63322.5,63489.73046875,62985.98046875,63296.83984375,0
2026-06-05 02:00:00+00:00,63300.9296875,63364.2890625,62520.01171875,62538.859375,0
2026-06-05 03:00:00+00:00,62544.2890625,62808.98046875,62266.171875,62658.30859375,0
2026-06-05 04:00:00+00:00,62662.96875,63574.19140625,62458.0,63542.4609375,0
2026-06-05 05:00:00+00:00,63586.01171875,63603.5703125,62216.01171875,62257.0,0
2026-06-05 06:00:00+00:00,62240.640625,62557.96875,61093.55078125,61881.9296875,4870475776
2026-06-05 07:00:00+00:00,61870.01171875,63044.51953125,61327.73046875,63044.51953125,101888000
2026-06-05 08:00:00+00:00,63034.30859375,63035.078125,62230.26953125,62390.01953125,0
2026-06-05 09:00:00+00:00,62409.30859375,63142.28125,62392.96875,62804.6796875,0
2026-06-05 10:00:00+00:00,62814.21875,62877.66015625,62319.01171875,62485.0390625,0
2026-06-05 11:00:00+00:00,62480.6796875,62540.98828125,61914.51171875,61916.30859375,0
2026-06-05 12:00:00+00:00,61897.6015625,62365.28125,61567.66015625,61910.8984375,0
2026-06-05 13:00:00+00:00,61927.21875,62244.4609375,60683.08984375,60693.46875,217096192
2026-06-05 14:00:00+00:00,60665.3984375,61153.12890625,60309.41015625,60814.0,3805794304
2026-06-05 15:00:00+00:00,60779.109375,61042.96875,60015.96875,60417.80078125,2612482048
2026-06-05 16:00:00+00:00,60359.12109375,61505.3515625,59772.98046875,61340.28125,4861689856
2026-06-05 17:00:00+00:00,61351.30078125,61453.98046875,60601.109375,60756.359375,529285120
2026-06-05 18:00:00+00:00,60749.890625,60884.73828125,59095.640625,59328.01171875,1268371456
2026-06-05 19:00:00+00:00,59346.55859375,60420.0,59106.921875,60267.12890625,2885697536
2026-06-05 20:00:00+00:00,60256.921875,61719.140625,59924.26953125,61630.76171875,2068508672
2026-06-05 21:00:00+00:00,61625.69140625,61954.6796875,61433.05859375,61656.0,1124614144
2026-06-05 22:00:00+00:00,61600.0,61944.58984375,61236.4296875,61565.0,796098560
2026-06-05 23:00:00+00:00,61611.359375,61742.8203125,60497.3984375,61028.0,1216823296
2026-06-06 00:00:00+00:00,61048.19921875,61496.26171875,61048.19921875,61243.21875,145981440
2026-06-06 01:00:00+00:00,61260.69140625,61354.03125,60929.4609375,61025.8203125,0
2026-06-06 02:00:00+00:00,61026.46875,61154.98828125,60646.03125,60922.4609375,0
2026-06-06 03:00:00+00:00,60909.98828125,60943.6015625,60503.53125,60657.01953125,0
2026-06-06 04:00:00+00:00,60647.640625,60842.23046875,59463.98828125,60072.05078125,1052221440
2026-06-06 05:00:00+00:00,60082.8984375,61013.73828125,59596.6796875,60910.3984375,889528320
2026-06-06 06:00:00+00:00,60922.171875,61211.80078125,60661.41015625,60755.69140625,0
2026-06-06 07:00:00+00:00,60756.01953125,61195.98046875,60699.94921875,60970.76953125,0
2026-06-06 08:00:00+00:00,60974.890625,61449.3984375,60846.9609375,61236.0,0
2026-06-06 09:00:00+00:00,61209.37109375,61287.41015625,60862.05078125,60940.5703125,153051136
2026-06-06 10:00:00+00:00,60937.98828125,60944.609375,60194.0,60572.140625,579563520
2026-06-06 11:00:00+00:00,60533.94140625,60924.01171875,60517.7890625,60772.390625,0
2026-06-06 12:00:00+00:00,60774.9296875,61126.0,60620.4609375,60988.05078125,0
2026-06-06 13:00:00+00:00,60976.6796875,61070.4296875,60677.0,60759.37890625,0
2026-06-06 14:00:00+00:00,60776.671875,60982.01953125,60746.01171875,60763.94140625,0
2026-06-06 15:00:00+00:00,60777.5,60883.890625,60383.98828125,60748.12890625,0
2026-06-06 16:00:00+00:00,60716.94921875,60932.0,60464.0,60746.76171875,0
2026-06-06 17:00:00+00:00,60761.5,60816.76171875,60478.51953125,60548.12890625,0
2026-06-06 18:00:00+00:00,60557.08984375,60704.5390625,60368.96875,60604.01171875,0
2026-06-06 19:00:00+00:00,60583.6796875,60747.30078125,60500.05859375,60570.08984375,0
2026-06-06 20:00:00+00:00,60569.109375,60723.98828125,60489.98046875,60681.30859375,0
2026-06-06 21:00:00+00:00,60681.76953125,60971.828125,60675.05078125,60725.1484375,0
2026-06-06 22:00:00+00:00,60711.01953125,60784.58984375,60400.01953125,60531.0703125,0
2026-06-06 23:00:00+00:00,60518.26953125,60919.5,60510.3203125,60852.0,0
2026-06-07 00:00:00+00:00,60850.0,60949.1015625,60712.890625,60760.08984375,43669504
2026-06-07 01:00:00+00:00,60749.859375,61630.921875,60725.12890625,61441.9296875,547317760
2026-06-07 02:00:00+00:00,61432.140625,61536.890625,61157.98828125,61473.1796875,0
2026-06-07 03:00:00+00:00,61466.8203125,61747.73046875,61377.6796875,61673.76171875,0
2026-06-07 04:00:00+00:00,61661.0,61876.98046875,61454.4296875,61855.48046875,0
2026-06-07 05:00:00+00:00,61851.6015625,62088.62109375,61614.140625,61722.2890625,0
2026-06-07 06:00:00+00:00,61719.078125,62224.98828125,61593.4296875,62076.26953125,0
2026-06-07 07:00:00+00:00,62049.12890625,62384.0,61968.140625,62373.0703125,1210693632
2026-06-07 08:00:00+00:00,62374.5,62900.87109375,62230.0,62826.8515625,1392629760
2026-06-07 09:00:00+00:00,62821.94921875,62872.30859375,62385.28125,62504.25,726384640
2026-06-07 10:00:00+00:00,62508.671875,62542.921875,62277.609375,62345.37109375,0
2026-06-07 11:00:00+00:00,62345.76953125,62732.140625,62334.0,62599.98828125,163233792
2026-06-07 12:00:00+00:00,62600.0390625,62622.94921875,61573.98828125,61873.640625,1366056960
2026-06-07 13:00:00+00:00,61860.16015625,61873.828125,61634.0,61676.6484375,460072960
2026-06-07 14:00:00+00:00,61673.53125,62252.5703125,61671.109375,61880.0703125,464877568
2026-06-07 15:00:00+00:00,61862.83984375,62185.26953125,61647.1796875,62058.5,0
2026-06-07 16:00:00+00:00,62074.171875,62299.1484375,61933.390625,62054.05859375,0
2026-06-07 17:00:00+00:00,62031.640625,62296.44921875,62020.9609375,62130.48046875,216543232
2026-06-07 18:00:00+00:00,62128.01953125,62265.078125,61985.609375,61998.26171875,0
2026-06-07 19:00:00+00:00,62006.2890625,62006.2890625,61149.359375,61297.9609375,935659520
2026-06-07 20:00:00+00:00,61292.96875,61937.37890625,61192.37890625,61839.98828125,660695040
2026-06-07 21:00:00+00:00,61853.98046875,61968.16015625,61621.16015625,61748.62890625,0
2026-06-07 22:00:00+00:00,61824.6015625,64102.69140625,61696.03125,62831.609375,4000036864
2026-06-07 23:00:00+00:00,62822.0,63413.28125,62775.96875,63308.26171875,902414336
2026-06-08 00:00:00+00:00,63300.01953125,63817.55859375,63119.16015625,63607.859375,760750080
2026-06-08 01:00:00+00:00,63620.9296875,63620.9296875,62687.30078125,63182.44921875,290021376
2026-06-08 02:00:00+00:00,63183.9609375,63232.25,62885.98828125,63095.0,264982528
2026-06-08 03:00:00+00:00,63093.0,63408.03125,62941.0703125,63088.0390625,0
2026-06-08 04:00:00+00:00,63096.0,63132.12109375,62617.62890625,62697.03125,754114560
2026-06-08 05:00:00+00:00,62655.9609375,62793.96875,62373.921875,62728.3203125,0
2026-06-08 06:00:00+00:00,62703.359375,63107.05078125,62690.98828125,62947.890625,0
2026-06-08 07:00:00+00:00,62944.30078125,63296.1484375,62784.671875,63237.23046875,321101824
2026-06-08 08:00:00+00:00,63229.51953125,63229.51953125,62941.171875,63078.9609375,0
2026-06-08 09:00:00+00:00,63086.0,63501.73828125,63075.6796875,63448.328125,0
2026-06-08 10:00:00+00:00,63435.12109375,63500.140625,63049.48828125,63108.69140625,0
2026-06-08 11:00:00+00:00,63088.25,63827.3515625,62995.33984375,63419.5390625,1171879936
2026-06-08 12:00:00+00:00,63431.80859375,63873.62109375,62687.33984375,63765.73828125,0
2026-06-08 13:00:00+00:00,63811.98828125,63894.0703125,63307.4296875,63714.75,845291520
2026-06-08 14:00:00+00:00,63727.96875,64059.05859375,63533.03125,63930.7109375,1064529920
2026-06-08 15:00:00+00:00,63946.25,64184.28125,63694.0,63742.94140625,1679265792
2026-06-08 16:00:00+00:00,63744.16015625,64004.609375,63433.98828125,63493.96875,603996160
2026-06-08 17:00:00+00:00,63501.328125,63623.83984375,63256.23828125,63520.5,407105536
2026-06-08 18:00:00+00:00,63528.7109375,63664.0703125,63308.87890625,63442.01171875,5234688
2026-06-08 19:00:00+00:00,63431.4609375,63565.05078125,63335.94921875,63352.51953125,0
2026-06-08 20:00:00+00:00,63373.80078125,63466.71875,63143.08984375,63466.71875,231735296
2026-06-08 21:00:00+00:00,63475.96875,63832.12109375,63458.73828125,63707.62109375,0
2026-06-08 22:00:00+00:00,63676.30859375,63678.1015625,63191.98046875,63420.69921875,0
2026-06-08 23:00:00+00:00,63419.08984375,63575.3203125,62970.48046875,63062.96875,0
2026-06-09 00:00:00+00:00,63050.7109375,63144.73046875,62391.890625,62539.8984375,414707712
2026-06-09 01:00:00+00:00,62529.98828125,62855.87109375,62524.2890625,62737.4609375,0
2026-06-09 02:00:00+00:00,62740.0,62847.3515625,62512.94921875,62847.3515625,0
2026-06-09 03:00:00+00:00,62846.5703125,62948.08984375,62676.03125,62842.078125,935122944
2026-06-09 04:00:00+00:00,62839.98046875,63386.5703125,62716.0,63212.05078125,648720384
2026-06-09 05:00:00+00:00,63208.859375,63490.48828125,63077.21875,63306.1796875,122083328
2026-06-09 06:00:00+00:00,63316.96875,63472.7890625,63193.078125,63263.98046875,204931072
2026-06-09 07:00:00+00:00,63279.96875,63402.828125,62979.98828125,63155.98828125,0
2026-06-09 08:00:00+00:00,63158.55859375,63176.98046875,62738.23046875,62808.1796875,673275904
2026-06-09 09:00:00+00:00,62820.87890625,62910.0390625,62569.671875,62681.91015625,0
2026-06-09 10:00:00+00:00,62684.30859375,62789.0390625,62566.44921875,62748.73828125,0
2026-06-09 11:00:00+00:00,62748.21875,62756.91015625,62457.12890625,62673.3203125,0
2026-06-09 12:00:00+00:00,62657.55859375,62860.109375,62403.94140625,62589.48046875,0
2026-06-09 13:00:00+00:00,62634.1484375,62696.9296875,62117.30078125,62238.69140625,0
2026-06-09 14:00:00+00:00,62229.0,62354.12890625,61112.01171875,61490.421875,1294891008
2026-06-09 15:00:00+00:00,61503.9609375,61650.8515625,60979.80078125,61076.51953125,0
2026-06-09 16:00:00+00:00,61063.0,61408.0,60743.05078125,61336.078125,2889369600
2026-06-09 17:00:00+00:00,61342.37109375,61824.0,61342.37109375,61637.71875,2001612800
2026-06-09 18:00:00+00:00,61658.3515625,61897.08984375,61539.94140625,61731.5,612831232
2026-06-09 19:00:00+00:00,61724.0390625,62051.8203125,61658.19140625,62044.828125,1663180800
2026-06-09 20:00:00+00:00,62060.37109375,62221.421875,61907.58984375,62109.640625,0
2026-06-09 21:00:00+00:00,62113.46875,62133.4609375,61641.98046875,61708.921875,595587072
2026-06-09 22:00:00+00:00,61720.08984375,61923.58984375,61614.91015625,61678.03125,547098624
2026-06-09 23:00:00+00:00,61682.05078125,61839.01171875,61507.16015625,61685.80078125,32190464
2026-06-10 00:00:00+00:00,61699.21875,61890.05078125,61413.171875,61877.94140625,0
2026-06-10 01:00:00+00:00,61865.76953125,61931.9609375,61550.5,61677.98046875,0
2026-06-10 02:00:00+00:00,61679.26953125,61798.609375,61192.390625,61258.6796875,106987520
2026-06-10 03:00:00+00:00,61256.0,61542.6484375,61235.41015625,61503.9609375,0
2026-06-10 04:00:00+00:00,61503.9609375,61520.96875,61142.16015625,61248.1796875,0
2026-06-10 05:00:00+00:00,61257.7890625,61350.0,61030.08984375,61301.98828125,0
2026-06-10 06:00:00+00:00,61310.51171875,61470.9296875,61094.671875,61418.1796875,0
2026-06-10 07:00:00+00:00,61423.23828125,61738.94921875,61379.94921875,61621.44921875,168083456
2026-06-10 08:00:00+00:00,61641.08984375,61684.87890625,61114.03125,61196.078125,0
2026-06-10 09:00:00+00:00,61214.55859375,61371.33984375,60727.19921875,61289.109375,0
2026-06-10 10:00:00+00:00,61264.421875,61400.71875,61103.3515625,61327.6015625,0
2026-06-10 11:00:00+00:00,61338.76171875,61384.19140625,60828.94921875,60977.46875,1204592640
2026-06-10 12:00:00+00:00,60984.91015625,61839.83984375,60904.87109375,61512.98828125,812740608
2026-06-10 13:00:00+00:00,61507.3203125,62397.83984375,61380.8984375,62090.41015625,0
2026-06-10 14:00:00+00:00,62083.55859375,62200.0,61750.421875,62132.9296875,0
2026-06-10 15:00:00+00:00,62154.55078125,62794.390625,61802.44921875,62581.51171875,0
2026-06-10 16:00:00+00:00,62588.328125,62589.98828125,61869.69921875,62165.9296875,0
2026-06-10 17:00:00+00:00,62162.48828125,62308.0,61596.921875,61914.58984375,0
2026-06-10 18:00:00+00:00,61928.75,62099.6015625,61557.3203125,61806.6484375,0
2026-06-10 19:00:00+00:00,61805.80078125,61990.0,61611.078125,61880.05859375,0
2026-06-10 20:00:00+00:00,61889.26953125,61889.26953125,61632.05078125,61738.0,0
2026-06-10 21:00:00+00:00,61737.37890625,61737.37890625,61138.19921875,61294.46875,0
2026-06-10 22:00:00+00:00,61297.828125,61508.94140625,61043.98046875,61322.87890625,560123904
2026-06-10 23:00:00+00:00,61322.87890625,61549.98828125,61102.0,61452.0,0
2026-06-11 00:00:00+00:00,61460.08984375,61914.12890625,61459.12109375,61759.98046875,0
2026-06-11 01:00:00+00:00,61769.21875,62294.03125,61766.71875,62143.921875,577949696
2026-06-11 02:00:00+00:00,62153.98828125,62238.12109375,61870.0,62066.98828125,0
2026-06-11 03:00:00+00:00,62065.94921875,62712.5703125,61935.30859375,62607.73046875,605767680
2026-06-11 04:00:00+00:00,62611.23828125,62778.94921875,62472.9609375,62649.94921875,614201344
2026-06-11 05:00:00+00:00,62639.6796875,62648.640625,62479.69140625,62536.1015625,218038272
2026-06-11 06:00:00+00:00,62543.33984375,62916.3203125,62474.19921875,62686.01171875,297359360
2026-06-11 07:00:00+00:00,62686.01953125,62767.0,62534.7109375,62642.98828125,111360000
2026-06-11 08:00:00+00:00,62639.890625,62960.140625,62639.890625,62888.0,0
2026-06-11 09:00:00+00:00,62878.8203125,62907.28125,62715.2890625,62850.0,186195968
2026-06-11 10:00:00+00:00,62853.2109375,63115.98046875,62725.21875,63067.1484375,125546496
2026-06-11 11:00:00+00:00,63052.23828125,63196.859375,62983.9609375,63043.01171875,0
2026-06-11 12:00:00+00:00,63047.87890625,63126.55078125,62439.1484375,62939.21875,514832384
2026-06-11 13:00:00+00:00,62923.80859375,63186.0,62598.3984375,63006.0,0
2026-06-11 14:00:00+00:00,63022.05078125,63022.98828125,62661.66015625,62661.83984375,56219648
2026-06-11 15:00:00+00:00,62659.421875,62804.4296875,62473.921875,62680.48828125,0
2026-06-11 16:00:00+00:00,62693.25,62765.44921875,62486.0,62494.26171875,0
2026-06-11 17:00:00+00:00,62491.96875,63555.55078125,62261.91015625,63555.55078125,1215234048
2026-06-11 18:00:00+00:00,63556.01171875,63709.69921875,63252.640625,63384.12109375,148817920
2026-06-11 19:00:00+00:00,63384.921875,63833.078125,63320.1484375,63560.98828125,1068541952
2026-06-11 20:00:00+00:00,63584.23828125,63597.91015625,63205.0,63332.0,116142080
2026-06-11 21:00:00+00:00,63329.01171875,63536.87890625,63329.01171875,63464.01953125,0
2026-06-11 22:00:00+00:00,63446.66015625,63611.96875,63396.76953125,63434.30859375,0
2026-06-11 23:00:00+00:00,63418.640625,63623.71875,63285.8515625,63557.640625,0
2026-06-12 00:00:00+00:00,63563.44921875,63712.0,63457.76171875,63582.328125,412954624
2026-06-12 01:00:00+00:00,63575.76171875,63575.76171875,63229.41015625,63350.4609375,52707328
2026-06-12 02:00:00+00:00,63350.4609375,63698.859375,63350.4609375,63527.01171875,0
2026-06-12 03:00:00+00:00,63542.1796875,63563.94921875,63259.62890625,63430.48828125,0
2026-06-12 04:00:00+00:00,63434.01171875,63775.98828125,63332.3203125,63613.9296875,224278528
2026-06-12 05:00:00+00:00,63624.48046875,63624.48046875,63216.23046875,63269.3984375,347611136
2026-06-12 06:00:00+00:00,63261.55859375,63328.98828125,62759.98828125,62898.7109375,0
2026-06-12 07:00:00+00:00,62917.30859375,63112.30078125,62880.390625,63014.7890625,469901312
2026-06-12 08:00:00+00:00,63026.87890625,63540.140625,63014.78125,63391.6796875,393504768
2026-06-12 09:00:00+00:00,63388.19921875,63870.48046875,63354.01171875,63678.78125,0
2026-06-12 10:00:00+00:00,63678.78125,63758.53125,63509.62109375,63617.6796875,1185093632
2026-06-12 11:00:00+00:00,63621.28125,63809.94921875,63607.08984375,63685.16015625,0
2026-06-12 12:00:00+00:00,63669.2109375,63697.91015625,63316.37890625,63388.30078125,0
2026-06-12 13:00:00+00:00,63378.91015625,63455.859375,62985.98828125,63141.6484375,0
2026-06-12 14:00:00+00:00,63115.140625,63950.71875,63115.140625,63950.71875,1424857088
2026-06-12 15:00:00+00:00,63937.94921875,64340.48828125,63517.53125,63541.03125,1427679232
2026-06-12 16:00:00+00:00,63549.98828125,63958.05078125,63469.98828125,63946.0,345839616
2026-06-12 17:00:00+00:00,63942.80859375,64062.53125,63694.71875,63821.05859375,0
2026-06-12 18:00:00+00:00,63838.26953125,63886.12109375,63631.98828125,63648.0,0
2026-06-12 19:00:00+00:00,63651.94140625,63772.08984375,63553.0,63562.76171875,0
2026-06-12 20:00:00+00:00,63569.26953125,63667.5390625,63361.390625,63407.75,0
2026-06-12 21:00:00+00:00,63419.671875,63592.640625,63401.25,63435.96875,0
2026-06-12 22:00:00+00:00,63450.0,63627.26171875,63430.0,63473.98046875,407609344
2026-06-12 23:00:00+00:00,63472.33984375,63546.05859375,63386.8984375,63538.4296875,0
2026-06-13 00:00:00+00:00,63532.80078125,63602.01171875,63467.76171875,63552.390625,0
2026-06-13 01:00:00+00:00,63563.94140625,63803.1796875,63563.94140625,63796.96875,0
2026-06-13 02:00:00+00:00,63796.01171875,63796.01171875,63525.66015625,63605.26171875,0
2026-06-13 03:00:00+00:00,63605.25,63685.16015625,63414.421875,63494.140625,30332928
2026-06-13 04:00:00+00:00,63490.578125,63613.53125,63445.62890625,63472.4296875,0
2026-06-13 05:00:00+00:00,63478.0,63560.46875,63458.6796875,63551.171875,45629440
2026-06-13 06:00:00+00:00,63546.19140625,63706.0,63510.640625,63701.3984375,0
2026-06-13 07:00:00+00:00,63705.55859375,63840.0,63634.19140625,63806.37109375,0
2026-06-13 08:00:00+00:00,63806.37890625,63874.171875,63724.62890625,63764.921875,0
2026-06-13 09:00:00+00:00,63770.01171875,63825.51171875,63704.30078125,63704.3203125,0
2026-06-13 10:00:00+00:00,63714.12109375,63866.98828125,63690.55078125,63798.671875,0
2026-06-13 11:00:00+00:00,63807.55078125,63936.01953125,63801.98828125,63923.41015625,0
2026-06-13 12:00:00+00:00,63923.41015625,64170.03125,63877.6015625,64091.98046875,489590784
2026-06-13 13:00:00+00:00,64104.578125,64206.01953125,64019.671875,64064.78125,0
2026-06-13 14:00:00+00:00,64062.0,64198.75,64045.2890625,64178.890625,0
2026-06-13 15:00:00+00:00,64185.98046875,64310.0,64146.01171875,64256.9296875,0
2026-06-13 16:00:00+00:00,64258.01171875,64267.80859375,63879.75,63985.03125,0
2026-06-13 17:00:00+00:00,63984.58984375,64084.9609375,63905.26953125,63932.62890625,0
2026-06-13 18:00:00+00:00,63935.4296875,64256.98046875,63935.4296875,64124.25,0
2026-06-13 19:00:00+00:00,64124.0,64299.98828125,64112.62890625,64260.01171875,0
2026-06-13 20:00:00+00:00,64265.140625,64266.078125,64194.3984375,64251.98046875,0
2026-06-13 21:00:00+00:00,64255.0,64722.16015625,64189.19921875,64438.01171875,410316800
2026-06-13 22:00:00+00:00,64444.08984375,64533.08984375,64351.87109375,64426.578125,0
2026-06-13 23:00:00+00:00,64420.6484375,64569.921875,64361.30078125,64382.78125,86687744
2026-06-14 00:00:00+00:00,64415.6796875,64554.51953125,64355.05078125,64532.28125,120827904
2026-06-14 01:00:00+00:00,64528.5703125,64681.98828125,64474.75,64569.33984375,275264512
2026-06-14 02:00:00+00:00,64544.16015625,64609.4296875,64448.80078125,64456.28125,0
2026-06-14 03:00:00+00:00,64456.26953125,64516.44140625,64436.30859375,64513.578125,0
2026-06-14 04:00:00+00:00,64521.078125,64535.171875,64305.16015625,64310.1015625,196934656
2026-06-14 05:00:00+00:00,64319.9609375,64377.390625,64262.55078125,64330.390625,0
2026-06-14 06:00:00+00:00,64331.55078125,64449.21875,64212.78125,64258.23828125,890629120
2026-06-14 07:00:00+00:00,64258.25,64412.48046875,64192.33984375,64396.51953125,0
2026-06-14 08:00:00+00:00,64390.16015625,64478.109375,64350.33984375,64422.05859375,0
2026-06-14 09:00:00+00:00,64422.0703125,64580.62890625,64288.71875,64577.98828125,0
2026-06-14 10:00:00+00:00,64575.2890625,64626.8203125,64459.859375,64486.44921875,50188288
2026-06-14 11:00:00+00:00,64486.44921875,64608.578125,64420.8515625,64506.0703125,0
2026-06-14 12:00:00+00:00,64518.73828125,64530.078125,64266.0,64294.21875,0
2026-06-14 13:00:00+00:00,64294.23046875,64365.140625,64212.3984375,64276.1015625,0
2026-06-14 14:00:00+00:00,64285.640625,64312.2890625,63829.6484375,63950.23828125,743796736
2026-06-14 15:00:00+00:00,63943.25,64109.8515625,63943.25,63986.1796875,0
2026-06-14 16:00:00+00:00,63975.94140625,64157.21875,63897.3515625,63908.80859375,0
2026-06-14 17:00:00+00:00,63900.01171875,63985.5390625,63652.96875,63696.578125,23469056
2026-06-14 18:00:00+00:00,63707.98046875,63779.3984375,63640.30859375,63775.7109375,72600576
2026-06-14 19:00:00+00:00,63772.828125,63822.08984375,63707.98828125,63762.62890625,0
2026-06-14 20:00:00+00:00,63768.26953125,64059.19921875,63750.01171875,63971.98828125,173136896
2026-06-14 21:00:00+00:00,63977.98828125,65608.0,63965.98046875,65284.66015625,2611013632
2026-06-14 22:00:00+00:00,65300.01171875,65460.0,64931.9609375,65384.5390625,1958209536
2026-06-14 23:00:00+00:00,65391.19921875,65764.15625,65227.390625,65707.5,886200320
2026-06-15 00:00:00+00:00,65702.0,65854.078125,65444.48828125,65588.1796875,384845824
2026-06-15 01:00:00+00:00,65594.34375,65675.9921875,65314.62109375,65484.44140625,738768896
2026-06-15 02:00:00+00:00,65487.08984375,65737.53125,65384.25,65424.5,508758016
2026-06-15 03:00:00+00:00,65434.48828125,65953.546875,65392.7109375,65869.9921875,909631488
2026-06-15 04:00:00+00:00,65894.0390625,65894.0390625,65594.34375,65604.96875,447789056
2026-06-15 05:00:00+00:00,65598.390625,65837.421875,65575.7421875,65825.046875,233121792
2026-06-15 06:00:00+00:00,65825.046875,65923.6171875,65730.0078125,65770.828125,0
2026-06-15 07:00:00+00:00,65770.828125,65963.3671875,65592.15625,65630.9609375,687476736
2026-06-15 08:00:00+00:00,65637.6328125,65760.828125,65576.9921875,65614.8125,695500800
2026-06-15 09:00:00+00:00,65614.8125,65746.0078125,65466.0,65550.453125,414744576
2026-06-15 10:00:00+00:00,65550.4609375,65904.03125,65535.5390625,65876.8828125,346611712
2026-06-15 11:00:00+00:00,65871.046875,66339.6328125,65804.0078125,66190.0078125,1964328960
2026-06-15 12:00:00+00:00,66206.0,66568.75,66069.96875,66527.34375,1226508288
2026-06-15 13:00:00+00:00,66533.296875,66893.5390625,66368.0,66392.0390625,2402426880
2026-06-15 14:00:00+00:00,66394.4296875,66629.8125,66240.546875,66543.203125,593422336
2026-06-15 15:00:00+00:00,66537.9765625,67242.0078125,66537.9765625,67231.578125,1476528128
2026-06-15 16:00:00+00:00,67242.296875,67254.7265625,67051.2578125,67123.890625,1159811072
2026-06-15 17:00:00+00:00,67123.03125,67123.03125,66645.953125,66813.9296875,1189875712
2026-06-15 18:00:00+00:00,66819.96875,66893.796875,66679.03125,66735.9375,510791680
2026-06-15 19:00:00+00:00,66731.0,66865.0390625,66367.15625,66553.7265625,999403520
2026-06-15 20:00:00+00:00,66561.8828125,66642.6484375,66461.0625,66483.75,0
2026-06-15 21:00:00+00:00,66487.4375,66531.546875,66293.6328125,66335.40625,0
2026-06-15 22:00:00+00:00,66330.9609375,66438.3515625,66053.75,66156.0,0
2026-06-15 23:00:00+00:00,66155.9921875,66318.8828125,66094.03125,66274.921875,0
2026-06-16 00:00:00+00:00,66265.8515625,66421.8125,66193.2421875,66215.8984375,0
2026-06-16 01:00:00+00:00,66211.046875,66381.03125,66203.34375,66304.171875,0
2026-06-16 02:00:00+00:00,66304.15625,66329.390625,65650.0,65704.9765625,298967040
2026-06-16 03:00:00+00:00,65709.9921875,66118.859375,65607.5390625,66111.75,0
2026-06-16 04:00:00+00:00,66118.9296875,66237.6796875,65765.2890625,65800.0,6311936
2026-06-16 05:00:00+00:00,65803.4921875,66102.390625,65803.4921875,66020.15625,63885312
2026-06-16 06:00:00+00:00,66026.859375,66509.3203125,66026.859375,66406.25,263411712
2026-06-16 07:00:00+00:00,66415.6484375,66480.0,66263.9921875,66334.1796875,0
2026-06-16 08:00:00+00:00,66334.1796875,66936.6015625,66301.6875,66848.8984375,7952384
2026-06-16 09:00:00+00:00,66868.9609375,66870.0,66425.109375,66461.6484375,339230720
2026-06-16 10:00:00+00:00,66470.3828125,66723.390625,66438.0,66456.8984375,0
2026-06-16 11:00:00+00:00,66456.921875,66594.0703125,66316.75,66440.4921875,0
2026-06-16 12:00:00+00:00,66438.203125,66752.078125,66313.1796875,66367.9765625,0
2026-06-16 13:00:00+00:00,66374.0078125,66413.2421875,65874.703125,65997.9921875,0
2026-06-16 14:00:00+00:00,66000.3828125,66214.9921875,65306.828125,65604.09375,568942592
2026-06-16 15:00:00+00:00,65601.15625,65945.9296875,65569.9921875,65811.3984375,0
2026-06-16 16:00:00+00:00,65825.21875,65894.3125,65639.46875,65694.34375,0
2026-06-16 17:00:00+00:00,65698.3671875,65953.5234375,65649.203125,65915.703125,0
2026-06-16 18:00:00+00:00,65921.96875,66171.96875,65743.5,65781.8671875,44351488
2026-06-16 19:00:00+00:00,65768.109375,65768.109375,65487.73828125,65624.1875,0
2026-06-16 20:00:00+00:00,65572.328125,65800.0,65526.859375,65792.703125,0
2026-06-16 21:00:00+00:00,65799.671875,65876.9296875,65586.109375,65703.7109375,0
2026-06-16 22:00:00+00:00,65703.7109375,65820.3984375,65608.203125,65710.109375,0
2026-06-16 23:00:00+00:00,65719.1015625,65766.453125,65559.0390625,65616.6484375,200814592
2026-06-17 00:00:00+00:00,65616.640625,65790.1015625,65616.640625,65644.671875,0
2026-06-17 01:00:00+00:00,65649.5703125,65890.8828125,65431.4296875,65871.0234375,7542784
2026-06-17 02:00:00+00:00,65882.890625,66072.0078125,65720.7578125,65847.9921875,0
2026-06-17 03:00:00+00:00,65847.9921875,65847.9921875,65649.890625,65785.2265625,0
2026-06-17 04:00:00+00:00,65806.34375,65977.1875,65729.6796875,65831.7265625,0
2026-06-17 05:00:00+00:00,65824.0,65922.421875,65685.5,65768.1015625,0
2026-06-17 06:00:00+00:00,65769.6875,65832.421875,65517.359375,65554.3828125,0
2026-06-17 07:00:00+00:00,65550.9375,65645.1015625,65185.3203125,65472.28125,265578496
2026-06-17 08:00:00+00:00,65463.4296875,65501.51171875,64781.4296875,64861.96875,0
2026-06-17 09:00:00+00:00,64857.26953125,65015.01953125,64782.01171875,64849.921875,626450432
2026-06-17 10:00:00+00:00,64855.0,64936.2890625,64703.53125,64739.51171875,282374144
2026-06-17 11:00:00+00:00,64750.94140625,64820.80859375,64494.01953125,64749.51953125,322129920
2026-06-17 12:00:00+00:00,64752.390625,65036.55859375,64529.98046875,64983.37890625,0
2026-06-17 13:00:00+00:00,64975.73828125,65315.76953125,64781.4296875,65225.0,0
2026-06-17 14:00:00+00:00,65189.3203125,65405.58984375,64728.08984375,65040.8984375,0
2026-06-17 15:00:00+00:00,65063.359375,65798.2578125,64936.46875,65696.9609375,50235392
2026-06-17 16:00:00+00:00,65729.5078125,66370.421875,65664.0234375,65802.5703125,1387710464
2026-06-17 17:00:00+00:00,65819.0234375,66124.0,65745.359375,66030.0078125,0
2026-06-17 18:00:00+00:00,65923.6328125,65985.46875,64828.0,65457.96875,2484107264
2026-06-17 19:00:00+00:00,65471.0390625,65607.1484375,65036.0,65101.46875,141336576
