timestamp,open,high,low,close,volume
2025-12-20 00:00:00+00:00,2977.785400390625,2978.5146484375,2971.24072265625,2973.4130859375,0
2025-12-20 01:00:00+00:00,2973.331298828125,2979.843505859375,2973.11669921875,2975.222900390625,0
2025-12-20 02:00:00+00:00,2975.246826171875,2984.991455078125,2973.784423828125,2981.7490234375,0
2025-12-20 03:00:00+00:00,2981.900390625,2991.899169921875,2981.2880859375,2987.524658203125,0
2025-12-20 04:00:00+00:00,2988.09619140625,2988.5,2980.339599609375,2982.425537109375,0
2025-12-20 05:00:00+00:00,2982.33203125,2987.385498046875,2980.879150390625,2980.879150390625,0
2025-12-20 06:00:00+00:00,2979.920166015625,2983.567626953125,2978.8564453125,2979.5146484375,0
2025-12-20 07:00:00+00:00,2979.455078125,2981.752197265625,2974.037353515625,2981.6953125,0
2025-12-20 08:00:00+00:00,2980.51220703125,2987.694580078125,2980.51220703125,2981.6669921875,0
2025-12-20 09:00:00+00:00,2981.1611328125,2985.16943359375,2981.040283203125,2982.482666015625,0
2025-12-20 10:00:00+00:00,2981.610595703125,2981.883056640625,2974.1015625,2977.652587890625,0
2025-12-20 11:00:00+00:00,2977.52197265625,2986.6943359375,2975.398193359375,2985.638427734375,0
2025-12-20 12:00:00+00:00,2985.49365234375,2991.30712890625,2985.4912109375,2987.566650390625,0
2025-12-20 13:00:00+00:00,2987.92578125,2989.469482421875,2969.752685546875,2979.568115234375,0
2025-12-20 14:00:00+00:00,2978.484130859375,2979.07080078125,2969.084228515625,2978.775146484375,0
2025-12-20 15:00:00+00:00,2978.822265625,2978.84814453125,2968.6865234375,2975.836181640625,0
2025-12-20 16:00:00+00:00,2976.400146484375,2977.712158203125,2973.37109375,2977.4365234375,0
2025-12-20 17:00:00+00:00,2978.4296875,2979.42919921875,2974.064208984375,2976.827392578125,0
2025-12-20 18:00:00+00:00,2976.7314453125,2978.2421875,2973.735595703125,2976.8798828125,0
2025-12-20 19:00:00+00:00,2976.595947265625,2979.05419921875,2974.865234375,2977.252685546875,0
2025-12-20 20:00:00+00:00,2976.85498046875,2983.822265625,2976.5361328125,2983.4140625,0
2025-12-20 21:00:00+00:00,2983.2978515625,2983.939208984375,2978.493408203125,2978.493408203125,0
2025-12-20 22:00:00+00:00,2978.808349609375,2979.159912109375,2973.40869140625,2979.159912109375,0
2025-12-20 23:00:00+00:00,2977.44921875,2977.508544921875,2973.65966796875,2977.508544921875,9472000
2025-12-21 00:00:00+00:00,2977.10302734375,2979.954345703125,2974.9619140625,2977.765869140625,0
2025-12-21 01:00:00+00:00,2979.040771484375,2979.040771484375,2963.599609375,2967.7783203125,180618240
2025-12-21 02:00:00+00:00,2967.227294921875,2972.049072265625,2962.879150390625,2964.169677734375,236547584
2025-12-21 03:00:00+00:00,2964.278564453125,2973.89794921875,2964.278564453125,2972.1953125,0
2025-12-21 04:00:00+00:00,2971.86328125,2977.358642578125,2971.21337890625,2974.374755859375,0
2025-12-21 05:00:00+00:00,2974.325439453125,2977.49169921875,2972.359619140625,2973.120361328125,0
2025-12-21 06:00:00+00:00,2972.71826171875,2975.932373046875,2972.71826171875,2975.196044921875,0
2025-12-21 07:00:00+00:00,2975.09716796875,2980.417236328125,2974.870849609375,2980.037841796875,0
2025-12-21 08:00:00+00:00,2980.08642578125,2994.227783203125,2977.25341796875,2991.261962890625,624695296
2025-12-21 09:00:00+00:00,2993.207275390625,3009.80712890625,2986.607666015625,3001.458984375,422826496
2025-12-21 10:00:00+00:00,3005.48876953125,3005.815673828125,2994.519775390625,2995.26611328125,360475648
2025-12-21 11:00:00+00:00,2995.35595703125,2999.142822265625,2993.79296875,2995.50927734375,30517760
2025-12-21 12:00:00+00:00,2995.52783203125,3003.970947265625,2985.93603515625,2988.220947265625,137246208
2025-12-21 13:00:00+00:00,2989.4931640625,2989.4931640625,2945.78662109375,2949.05419921875,400639488
2025-12-21 14:00:00+00:00,2950.09765625,2974.46728515625,2950.09765625,2969.415771484375,574442496
2025-12-21 15:00:00+00:00,2969.46240234375,2977.43408203125,2963.5380859375,2974.081298828125,173794304
2025-12-21 16:00:00+00:00,2973.601806640625,2983.25048828125,2969.5087890625,2983.18017578125,262068224
2025-12-21 17:00:00+00:00,2985.15576171875,2985.962646484375,2977.349365234375,2982.283935546875,165332992
2025-12-21 18:00:00+00:00,2983.347412109375,2985.873046875,2969.27392578125,2985.873046875,172460032
2025-12-21 19:00:00+00:00,2994.08251953125,2994.907958984375,2981.433349609375,2991.44970703125,116648960
2025-12-21 20:00:00+00:00,2990.647216796875,2992.754150390625,2985.952880859375,2986.025634765625,286934016
2025-12-21 21:00:00+00:00,2986.223388671875,2989.879638671875,2971.3935546875,2972.307373046875,2908160
2025-12-21 22:00:00+00:00,2971.524658203125,2993.7626953125,2971.524658203125,2993.7626953125,200324096
2025-12-21 23:00:00+00:00,2994.77734375,3007.16162109375,2992.78564453125,3001.61279296875,486839296
2025-12-22 00:00:00+00:00,3001.30322265625,3056.98095703125,3001.30322265625,3029.139404296875,718508032
2025-12-22 01:00:00+00:00,3024.317626953125,3045.63330078125,3019.176513671875,3021.741455078125,559491072
2025-12-22 02:00:00+00:00,3020.926513671875,3020.926513671875,2990.019775390625,3009.758056640625,1192200192
2025-12-22 03:00:00+00:00,3009.5361328125,3028.980712890625,3003.16650390625,3020.6689453125,351617024
2025-12-22 04:00:00+00:00,3021.1337890625,3040.459228515625,3019.811767578125,3038.37939453125,341238784
2025-12-22 05:00:00+00:00,3038.894775390625,3039.103759765625,3025.966552734375,3028.257080078125,349903872
2025-12-22 06:00:00+00:00,3027.452880859375,3031.61767578125,3022.813720703125,3025.677978515625,220242944
2025-12-22 07:00:00+00:00,3024.43896484375,3033.09521484375,3024.43896484375,3028.952880859375,255842304
2025-12-22 08:00:00+00:00,3028.9921875,3052.687744140625,3026.15380859375,3026.685546875,160743424
2025-12-22 09:00:00+00:00,3026.464111328125,3040.53857421875,3026.464111328125,3037.099853515625,39974912
2025-12-22 10:00:00+00:00,3039.614013671875,3043.1767578125,3032.3193359375,3040.643310546875,0
2025-12-22 11:00:00+00:00,3039.74560546875,3051.58740234375,3036.699462890625,3050.439697265625,484695040
2025-12-22 12:00:00+00:00,3048.397705078125,3062.913330078125,3046.6806640625,3058.827880859375,549950464
2025-12-22 13:00:00+00:00,3057.684814453125,3062.53955078125,3049.2255859375,3056.636962890625,0
2025-12-22 14:00:00+00:00,3056.1328125,3065.736572265625,3035.4541015625,3060.69384765625,1087454208
2025-12-22 15:00:00+00:00,3060.848388671875,3067.830322265625,3024.0595703125,3051.194091796875,553637888
2025-12-22 16:00:00+00:00,3051.131103515625,3056.803955078125,3040.06640625,3041.59814453125,815692800
2025-12-22 17:00:00+00:00,3041.055419921875,3041.055419921875,3025.52294921875,3030.95263671875,367919104
2025-12-22 18:00:00+00:00,3032.152099609375,3036.552490234375,3013.02734375,3013.02734375,0
2025-12-22 19:00:00+00:00,3015.129638671875,3015.129638671875,2975.088623046875,2978.859619140625,1121204224
2025-12-22 20:00:00+00:00,2979.85498046875,2983.991943359375,2965.698486328125,2981.097900390625,745062400
2025-12-22 21:00:00+00:00,2975.822265625,2995.331298828125,2975.822265625,2986.259521484375,299978752
2025-12-22 22:00:00+00:00,2987.190673828125,3011.141357421875,2981.189208984375,3008.123046875,74170368
2025-12-22 23:00:00+00:00,3007.86572265625,3009.5703125,3001.8935546875,3006.073974609375,142811136
2025-12-23 00:00:00+00:00,3007.12939453125,3030.005615234375,3003.92041015625,3026.31298828125,0
2025-12-23 01:00:00+00:00,3026.43603515625,3030.121337890625,3016.20947265625,3016.9619140625,0
2025-12-23 02:00:00+00:00,3016.53076171875,3021.673828125,2989.140869140625,2990.09228515625,0
2025-12-23 03:00:00+00:00,2989.72900390625,2996.196044921875,2976.84521484375,2992.5576171875,282290176
2025-12-23 04:00:00+00:00,2990.572998046875,2996.133056640625,2982.86962890625,2982.86962890625,0
2025-12-23 05:00:00+00:00,2982.853271484375,2982.853271484375,2965.93701171875,2974.22314453125,517097472
2025-12-23 06:00:00+00:00,2970.916015625,2975.673095703125,2945.626953125,2958.77587890625,830982144
2025-12-23 07:00:00+00:00,2958.2822265625,2966.61083984375,2955.724609375,2963.038818359375,468858880
2025-12-23 08:00:00+00:00,2962.727294921875,2969.181640625,2959.197509765625,2960.0,0
2025-12-23 09:00:00+00:00,2960.151123046875,2963.56689453125,2951.7060546875,2962.8115234375,0
2025-12-23 10:00:00+00:00,2962.24609375,2968.5361328125,2962.24609375,2965.499267578125,0
2025-12-23 11:00:00+00:00,2965.470458984375,2972.550048828125,2964.241455078125,2972.09130859375,0
2025-12-23 12:00:00+00:00,2971.932373046875,2971.932373046875,2956.14697265625,2956.14697265625,0
2025-12-23 13:00:00+00:00,2955.62939453125,2959.913330078125,2935.115234375,2943.0498046875,417650688
2025-12-23 14:00:00+00:00,2940.23876953125,2948.26025390625,2906.182373046875,2909.028076171875,161972224
2025-12-23 15:00:00+00:00,2915.27001953125,2928.211181640625,2909.23876953125,2926.46875,0
2025-12-23 16:00:00+00:00,2927.092529296875,2962.389404296875,2924.75390625,2957.37109375,404998144
2025-12-23 17:00:00+00:00,2956.19384765625,2959.92138671875,2917.459228515625,2918.42578125,569344
2025-12-23 18:00:00+00:00,2909.705322265625,2948.963134765625,2909.705322265625,2946.8466796875,1065633792
2025-12-23 19:00:00+00:00,2946.108642578125,2951.3642578125,2931.380615234375,2940.939208984375,0
2025-12-23 20:00:00+00:00,2942.3359375,2983.5849609375,2941.024658203125,2967.838134765625,0
2025-12-23 21:00:00+00:00,2966.39892578125,2973.32275390625,2959.716064453125,2972.0830078125,148391936
2025-12-23 22:00:00+00:00,2972.526611328125,2977.7158203125,2954.245361328125,2956.595703125,260423680
2025-12-23 23:00:00+00:00,2959.310546875,2970.52587890625,2953.679443359375,2962.922607421875,487837696
2025-12-24 00:00:00+00:00,2962.77001953125,2971.070068359375,2955.406494140625,2969.968994140625,0
2025-12-24 01:00:00+00:00,2974.4990234375,2974.4990234375,2959.806640625,2964.336669921875,0
2025-12-24 02:00:00+00:00,2964.164306640625,2964.164306640625,2926.201171875,2935.697509765625,0
2025-12-24 03:00:00+00:00,2934.07373046875,2945.791015625,2922.182861328125,2943.884765625,0
2025-12-24 04:00:00+00:00,2944.167724609375,2954.9384765625,2934.244873046875,2934.769287109375,0
2025-12-24 05:00:00+00:00,2934.46875,2938.7998046875,2917.389892578125,2927.510498046875,0
2025-12-24 06:00:00+00:00,2927.194091796875,2934.869384765625,2922.528076171875,2930.25341796875,0
2025-12-24 07:00:00+00:00,2931.592529296875,2940.873046875,2930.411865234375,2932.99951171875,0
2025-12-24 08:00:00+00:00,2931.085693359375,2936.784912109375,2921.3447265625,2921.3447265625,576878592
2025-12-24 09:00:00+00:00,2920.395751953125,2928.230224609375,2915.5234375,2918.016357421875,194136064
2025-12-24 10:00:00+00:00,2917.66064453125,2931.98681640625,2917.66064453125,2926.897705078125,105639936
2025-12-24 11:00:00+00:00,2927.887939453125,2933.856201171875,2923.97216796875,2923.97216796875,42594304
2025-12-24 12:00:00+00:00,2923.8251953125,2936.767333984375,2922.4736328125,2935.78369140625,0
2025-12-24 13:00:00+00:00,2934.019775390625,2935.266357421875,2924.546875,2929.66162109375,0
2025-12-24 14:00:00+00:00,2929.345458984375,2934.0595703125,2888.988037109375,2910.096435546875,0
2025-12-24 15:00:00+00:00,2917.489990234375,2924.91796875,2903.53466796875,2920.428955078125,0
2025-12-24 16:00:00+00:00,2922.875732421875,2945.6650390625,2920.197998046875,2936.624267578125,0
2025-12-24 17:00:00+00:00,2939.201171875,2948.174560546875,2934.593994140625,2934.86767578125,0
2025-12-24 18:00:00+00:00,2935.253662109375,2942.265380859375,2929.645751953125,2939.904541015625,0
2025-12-24 19:00:00+00:00,2939.522216796875,2944.5517578125,2936.50146484375,2944.109375,0
2025-12-24 20:00:00+00:00,2944.77392578125,2948.79345703125,2940.71533203125,2940.71533203125,0
2025-12-24 21:00:00+00:00,2942.667724609375,2950.369873046875,2942.3662109375,2946.30908203125,0
2025-12-24 22:00:00+00:00,2948.301025390625,2959.65478515625,2948.301025390625,2957.55029296875,0
2025-12-24 23:00:00+00:00,2957.780517578125,2957.780517578125,2945.36767578125,2945.423095703125,0
2025-12-25 00:00:00+00:00,2945.400634765625,2946.343017578125,2936.795654296875,2936.795654296875,255660032
2025-12-25 01:00:00+00:00,2937.33203125,2948.6259765625,2937.33203125,2946.78369140625,0
2025-12-25 02:00:00+00:00,2946.80859375,2954.559814453125,2942.445556640625,2951.417236328125,0
2025-12-25 03:00:00+00:00,2950.914306640625,2951.199951171875,2942.619140625,2945.437255859375,0
2025-12-25 04:00:00+00:00,2945.302490234375,2945.818115234375,2941.59814453125,2943.414794921875,0
2025-12-25 05:00:00+00:00,2943.491455078125,2943.491455078125,2937.99853515625,2940.173828125,0
2025-12-25 06:00:00+00:00,2940.532958984375,2941.34033203125,2936.47509765625,2941.34033203125,0
2025-12-25 07:00:00+00:00,2941.237548828125,2941.237548828125,2937.6328125,2940.42236328125,0
2025-12-25 08:00:00+00:00,2940.282958984375,2943.490234375,2917.80859375,2927.821044921875,77110272
2025-12-25 09:00:00+00:00,2928.3427734375,2928.679931640625,2924.5986328125,2926.842041015625,0
2025-12-25 10:00:00+00:00,2926.563720703125,2926.565185546875,2912.80078125,2918.34326171875,0
2025-12-25 11:00:00+00:00,2919.037353515625,2926.189453125,2919.037353515625,2923.493408203125,0
2025-12-25 12:00:00+00:00,2923.1162109375,2927.365478515625,2923.109130859375,2926.78076171875,0
2025-12-25 13:00:00+00:00,2926.5380859375,2932.103271484375,2920.146728515625,2930.49365234375,76681216
2025-12-25 14:00:00+00:00,2929.374267578125,2934.8583984375,2922.47314453125,2931.951904296875,0
2025-12-25 15:00:00+00:00,2931.6435546875,2967.554931640625,2931.267333984375,2959.54443359375,334787584
2025-12-25 16:00:00+00:00,2958.15234375,2963.882080078125,2944.5224609375,2947.75146484375,0
2025-12-25 17:00:00+00:00,2946.68408203125,2951.685302734375,2942.90576171875,2951.457763671875,41211904
2025-12-25 18:00:00+00:00,2952.88427734375,2961.546630859375,2950.703369140625,2957.193359375,57108480
2025-12-25 19:00:00+00:00,2957.0771484375,2957.121826171875,2947.9736328125,2954.782470703125,0
2025-12-25 20:00:00+00:00,2954.6796875,2954.6796875,2944.058837890625,2948.217041015625,0
2025-12-25 21:00:00+00:00,2948.657958984375,2951.144775390625,2944.02392578125,2945.012939453125,0
2025-12-25 22:00:00+00:00,2945.056640625,2946.590576171875,2912.44580078125,2920.345947265625,82857984
2025-12-25 23:00:00+00:00,2916.663818359375,2924.33984375,2891.742919921875,2903.625,928277504
2025-12-26 00:00:00+00:00,2902.605712890625,2909.409423828125,2895.61083984375,2899.992919921875,419676160
2025-12-26 01:00:00+00:00,2901.2392578125,2920.55419921875,2901.2392578125,2917.71484375,216308736
2025-12-26 02:00:00+00:00,2917.4453125,2988.683837890625,2917.4453125,2970.001708984375,2026872832
2025-12-26 03:00:00+00:00,2970.614990234375,2972.354736328125,2956.952392578125,2963.148193359375,602258432
2025-12-26 04:00:00+00:00,2959.957275390625,2970.19189453125,2951.184326171875,2969.0009765625,342023168
2025-12-26 05:00:00+00:00,2969.10693359375,2971.49169921875,2965.41162109375,2971.49169921875,0
2025-12-26 06:00:00+00:00,2970.52490234375,2978.92431640625,2970.52490234375,2975.894287109375,363164672
2025-12-26 07:00:00+00:00,2974.2099609375,2988.9990234375,2954.01806640625,2954.01806640625,991275008
2025-12-26 08:00:00+00:00,2954.796630859375,2964.7177734375,2954.796630859375,2961.66064453125,0
2025-12-26 09:00:00+00:00,2962.149658203125,2972.546875,2961.773193359375,2971.152099609375,311344128
2025-12-26 10:00:00+00:00,2971.204345703125,2972.285888671875,2965.822998046875,2970.2802734375,0
2025-12-26 11:00:00+00:00,2969.94677734375,2969.94677734375,2961.684814453125,2963.53662109375,55972864
2025-12-26 12:00:00+00:00,2963.25,2971.061279296875,2963.25,2970.522216796875,98643968
2025-12-26 13:00:00+00:00,2970.455810546875,2983.40087890625,2970.19970703125,2983.252685546875,165995520
2025-12-26 14:00:00+00:00,2979.7314453125,2982.671142578125,2911.13720703125,2916.15234375,1181560832
2025-12-26 15:00:00+00:00,2915.676513671875,2923.35498046875,2896.208984375,2917.00830078125,1289965568
2025-12-26 16:00:00+00:00,2920.76513671875,2925.679443359375,2905.45263671875,2906.25341796875,0
2025-12-26 17:00:00+00:00,2906.5888671875,2929.80908203125,2906.5888671875,2917.623291015625,0
2025-12-26 18:00:00+00:00,2918.57470703125,2925.13623046875,2917.81201171875,2920.9365234375,0
2025-12-26 19:00:00+00:00,2920.82861328125,2926.566650390625,2916.433349609375,2923.395751953125,199389184
2025-12-26 20:00:00+00:00,2923.74658203125,2934.810546875,2920.6806640625,2931.252197265625,123514880
2025-12-26 21:00:00+00:00,2929.4970703125,2932.087890625,2924.911865234375,2924.911865234375,93710336
2025-12-26 22:00:00+00:00,2922.99365234375,2928.29638671875,2919.490966796875,2926.706298828125,0
2025-12-26 23:00:00+00:00,2930.308349609375,2931.06640625,2924.693603515625,2925.7451171875,0
2025-12-27 00:00:00+00:00,2927.0751953125,2928.49267578125,2922.40478515625,2925.488037109375,0
2025-12-27 01:00:00+00:00,2925.91259765625,2926.64111328125,2921.23779296875,2925.86767578125,0
2025-12-27 02:00:00+00:00,2926.05126953125,2927.12890625,2922.597900390625,2925.934814453125,0
2025-12-27 03:00:00+00:00,2926.109619140625,2930.939453125,2923.322265625,2930.939453125,0
2025-12-27 04:00:00+00:00,2931.12353515625,2931.12353515625,2926.232177734375,2927.06201171875,0
2025-12-27 05:00:00+00:00,2928.447509765625,2929.799072265625,2926.538330078125,2929.055419921875,0
2025-12-27 06:00:00+00:00,2928.84619140625,2928.84619140625,2926.298828125,2927.471923828125,0
2025-12-27 07:00:00+00:00,2928.313232421875,2935.115966796875,2928.313232421875,2930.83837890625,0
2025-12-27 08:00:00+00:00,2931.20458984375,2934.7607421875,2931.107666015625,2932.50244140625,0
2025-12-27 09:00:00+00:00,2932.370849609375,2935.374755859375,2930.337890625,2934.2373046875,0
2025-12-27 10:00:00+00:00,2933.275146484375,2933.275146484375,2919.765869140625,2925.223388671875,234622976
2025-12-27 11:00:00+00:00,2925.20166015625,2930.67236328125,2921.82275390625,2929.788330078125,0
2025-12-27 12:00:00+00:00,2930.82666015625,2931.849365234375,2927.822265625,2930.188720703125,15075328
2025-12-27 13:00:00+00:00,2930.502685546875,2930.68115234375,2924.697265625,2928.5,0
2025-12-27 14:00:00+00:00,2927.99658203125,2929.0693359375,2924.911376953125,2928.117431640625,0
2025-12-27 15:00:00+00:00,2927.221435546875,2928.3369140625,2925.23974609375,2925.680419921875,0
2025-12-27 16:00:00+00:00,2925.25439453125,2926.123046875,2917.271240234375,2917.72412109375,0
2025-12-27 17:00:00+00:00,2918.78759765625,2926.581787109375,2918.78759765625,2926.48583984375,0
2025-12-27 18:00:00+00:00,2926.4716796875,2926.4716796875,2923.43701171875,2923.918701171875,0
2025-12-27 19:00:00+00:00,2923.940673828125,2928.42724609375,2923.940673828125,2928.1318359375,0
2025-12-27 20:00:00+00:00,2928.574951171875,2930.988037109375,2927.36279296875,2927.36279296875,0
2025-12-27 21:00:00+00:00,2927.385498046875,2932.53271484375,2926.84716796875,2932.53271484375,0
2025-12-27 22:00:00+00:00,2933.847412109375,2948.37744140625,2929.12744140625,2934.7919921875,344103424
2025-12-27 23:00:00+00:00,2931.701416015625,2953.38232421875,2931.701416015625,2947.898193359375,271922688
2025-12-28 00:00:00+00:00,2946.760986328125,2948.3076171875,2942.22607421875,2943.35205078125,91450368
2025-12-28 01:00:00+00:00,2943.5537109375,2947.358154296875,2940.784912109375,2942.013916015625,37853184
2025-12-28 02:00:00+00:00,2941.95947265625,2947.619140625,2941.030029296875,2945.314697265625,0
2025-12-28 03:00:00+00:00,2945.2431640625,2945.86962890625,2940.177001953125,2941.87646484375,0
2025-12-28 04:00:00+00:00,2941.6953125,2943.73974609375,2936.79541015625,2937.255615234375,21769728
2025-12-28 05:00:00+00:00,2937.0322265625,2937.819091796875,2928.93603515625,2932.613037109375,131574784
2025-12-28 06:00:00+00:00,2932.56787109375,2940.883056640625,2932.56787109375,2940.883056640625,160886784
2025-12-28 07:00:00+00:00,2940.3046875,2940.3046875,2934.9326171875,2936.674072265625,0
2025-12-28 08:00:00+00:00,2936.422119140625,2943.2265625,2936.422119140625,2938.64208984375,8012288
2025-12-28 09:00:00+00:00,2938.2646484375,2941.201171875,2931.61962890625,2934.766357421875,0
2025-12-28 10:00:00+00:00,2935.11181640625,2941.386962890625,2935.0673828125,2941.386962890625,0
2025-12-28 11:00:00+00:00,2941.32958984375,2944.392333984375,2937.63525390625,2941.292236328125,101426688
2025-12-28 12:00:00+00:00,2941.855712890625,2941.943359375,2936.39990234375,2936.797607421875,132218880
2025-12-28 13:00:00+00:00,2936.72021484375,2941.020263671875,2936.72021484375,2937.566650390625,154483712
2025-12-28 14:00:00+00:00,2937.80810546875,2950.81494140625,2937.678466796875,2945.4130859375,385706496
2025-12-28 15:00:00+00:00,2944.199951171875,2955.620361328125,2944.199951171875,2947.0234375,251276800
2025-12-28 16:00:00+00:00,2947.21484375,2951.19140625,2940.086181640625,2940.73974609375,51923968
2025-12-28 17:00:00+00:00,2940.675537109375,2948.200927734375,2940.675537109375,2943.471923828125,62020608
2025-12-28 18:00:00+00:00,2943.437744140625,2943.884033203125,2928.690185546875,2929.767333984375,246336000
2025-12-28 19:00:00+00:00,2929.609619140625,2935.183837890625,2926.763916015625,2930.9375,602985472
2025-12-28 20:00:00+00:00,2931.3857421875,2935.12353515625,2929.282470703125,2930.4716796875,37246976
2025-12-28 21:00:00+00:00,2930.592529296875,2936.543701171875,2928.027587890625,2935.057861328125,132624384
2025-12-28 22:00:00+00:00,2935.240966796875,2951.991943359375,2934.16064453125,2948.23876953125,0
2025-12-28 23:00:00+00:00,2947.842529296875,2950.7314453125,2939.487548828125,2948.55908203125,27265024
2025-12-29 00:00:00+00:00,2948.4560546875,2971.434814453125,2943.145751953125,2964.69140625,585817088
2025-12-29 01:00:00+00:00,2964.2861328125,2981.789306640625,2952.68115234375,2977.811279296875,860483584
2025-12-29 02:00:00+00:00,2978.8095703125,3011.787353515625,2978.8095703125,2999.949951171875,1592903680
2025-12-29 03:00:00+00:00,3000.26708984375,3041.04296875,3000.26708984375,3041.04296875,1480026112
2025-12-29 04:00:00+00:00,3040.34228515625,3051.922119140625,3037.253173828125,3038.344482421875,1540984832
2025-12-29 05:00:00+00:00,3036.838623046875,3041.16259765625,3032.250244140625,3035.4111328125,708436992
2025-12-29 06:00:00+00:00,3034.10693359375,3040.9814453125,3029.8408203125,3031.279052734375,852350976
2025-12-29 07:00:00+00:00,3031.7900390625,3033.7109375,3009.983642578125,3016.01708984375,953388032
2025-12-29 08:00:00+00:00,3016.051025390625,3020.8330078125,3010.440673828125,3011.628173828125,0
2025-12-29 09:00:00+00:00,3011.146728515625,3011.5712890625,2958.030517578125,2971.322998046875,2790733824
2025-12-29 10:00:00+00:00,2972.22998046875,2977.826904296875,2960.046142578125,2962.388916015625,672532480
2025-12-29 11:00:00+00:00,2960.858642578125,2963.015380859375,2957.003662109375,2958.995849609375,419768320
2025-12-29 12:00:00+00:00,2956.95458984375,2956.95458984375,2910.289794921875,2926.84326171875,2074908672
2025-12-29 13:00:00+00:00,2926.358154296875,2932.328857421875,2920.51171875,2923.3046875,299042816
2025-12-29 14:00:00+00:00,2923.763671875,2958.77392578125,2915.273681640625,2924.34228515625,1026783232
2025-12-29 15:00:00+00:00,2922.672119140625,2943.09814453125,2920.846923828125,2934.919921875,0
2025-12-29 16:00:00+00:00,2933.897705078125,2938.198974609375,2923.329833984375,2934.29345703125,1494597632
2025-12-29 17:00:00+00:00,2933.848388671875,2939.280517578125,2925.81103515625,2939.280517578125,476338176
2025-12-29 18:00:00+00:00,2939.927490234375,2941.900146484375,2913.961669921875,2915.38720703125,0
2025-12-29 19:00:00+00:00,2915.303466796875,2935.622314453125,2914.99462890625,2929.19140625,653103104
2025-12-29 20:00:00+00:00,2929.212646484375,2937.6357421875,2923.000732421875,2928.07958984375,239747072
2025-12-29 21:00:00+00:00,2928.072021484375,2935.340087890625,2926.999267578125,2934.429443359375,341127168
2025-12-29 22:00:00+00:00,2934.323486328125,2938.47705078125,2928.495361328125,2935.423095703125,103970816
2025-12-29 23:00:00+00:00,2934.73095703125,2940.642333984375,2929.676025390625,2934.416259765625,0
2025-12-30 00:00:00+00:00,2934.388916015625,2937.656494140625,2929.248046875,2933.583984375,629454848
2025-12-30 01:00:00+00:00,2934.179443359375,2934.307373046875,2922.975341796875,2932.244384765625,0
2025-12-30 02:00:00+00:00,2932.90869140625,2935.653564453125,2921.438720703125,2924.29248046875,0
2025-12-30 03:00:00+00:00,2924.574462890625,2950.742919921875,2916.40966796875,2949.9794921875,0
2025-12-30 04:00:00+00:00,2948.54443359375,2953.741943359375,2943.211669921875,2943.580078125,0
2025-12-30 05:00:00+00:00,2943.097412109375,2943.78515625,2933.962646484375,2937.604248046875,0
2025-12-30 06:00:00+00:00,2937.7509765625,2946.707763671875,2937.376220703125,2941.52490234375,0
2025-12-30 07:00:00+00:00,2942.047607421875,2950.47998046875,2941.5166015625,2947.96533203125,0
2025-12-30 08:00:00+00:00,2947.714599609375,2994.99560546875,2947.051513671875,2975.139892578125,991815680
2025-12-30 09:00:00+00:00,2974.255126953125,2982.299072265625,2968.056396484375,2982.0927734375,0
2025-12-30 10:00:00+00:00,2981.791748046875,2983.774169921875,2971.29150390625,2972.693115234375,0
2025-12-30 11:00:00+00:00,2972.75439453125,2979.89599609375,2971.025634765625,2973.38427734375,548505600
2025-12-30 12:00:00+00:00,2976.15771484375,2981.49560546875,2973.59619140625,2975.562744140625,0
2025-12-30 13:00:00+00:00,2976.643798828125,2986.7783203125,2975.915283203125,2984.80419921875,0
2025-12-30 14:00:00+00:00,2984.3701171875,2997.321533203125,2958.763427734375,2992.672119140625,395102208
2025-12-30 15:00:00+00:00,2994.911865234375,2994.911865234375,2968.28955078125,2988.70166015625,373927936
2025-12-30 16:00:00+00:00,2987.11279296875,2989.73046875,2972.356689453125,2980.150146484375,497473536
2025-12-30 17:00:00+00:00,2980.30322265625,2982.716552734375,2966.508544921875,2975.11083984375,98277376
2025-12-30 18:00:00+00:00,2973.907470703125,2975.263427734375,2960.051513671875,2968.821044921875,0
2025-12-30 19:00:00+00:00,2969.2998046875,2971.107666015625,2947.873291015625,2969.270263671875,231821312
2025-12-30 20:00:00+00:00,2968.732421875,2969.768798828125,2954.4130859375,2954.4130859375,0
2025-12-30 21:00:00+00:00,2955.2666015625,2965.23828125,2953.735107421875,2964.32421875,0
2025-12-30 22:00:00+00:00,2964.59814453125,2968.397705078125,2962.261962890625,2965.51318359375,103802880
2025-12-30 23:00:00+00:00,2965.5478515625,2971.407470703125,2965.5478515625,2971.407470703125,35739648
2025-12-31 00:00:00+00:00,2970.641845703125,2970.641845703125,2960.516357421875,2962.7763671875,0
2025-12-31 01:00:00+00:00,2962.17529296875,2980.311767578125,2959.941650390625,2977.18701171875,220676096
2025-12-31 02:00:00+00:00,2974.7587890625,2979.1708984375,2971.643798828125,2979.1708984375,0
2025-12-31 03:00:00+00:00,2978.316162109375,2979.9072265625,2964.066650390625,2966.845458984375,0
2025-12-31 04:00:00+00:00,2966.978271484375,2971.336181640625,2965.254150390625,2965.254150390625,0
2025-12-31 05:00:00+00:00,2966.06787109375,2975.516357421875,2966.06787109375,2971.939697265625,0
2025-12-31 06:00:00+00:00,2971.729736328125,2974.669921875,2971.729736328125,2971.85400390625,0
2025-12-31 07:00:00+00:00,2971.784423828125,2973.06201171875,2968.28857421875,2973.005615234375,0
2025-12-31 08:00:00+00:00,2972.94873046875,2975.54248046875,2962.610595703125,2965.532958984375,0
2025-12-31 09:00:00+00:00,2965.431884765625,2973.783447265625,2965.431884765625,2973.3974609375,0
2025-12-31 10:00:00+00:00,2973.170654296875,2977.538330078125,2972.431640625,2976.234130859375,0
2025-12-31 11:00:00+00:00,2977.31982421875,2997.402587890625,2977.150634765625,2996.447509765625,920156160
2025-12-31 12:00:00+00:00,2998.5517578125,2998.5517578125,2982.001708984375,2984.39453125,402083840
2025-12-31 13:00:00+00:00,2984.725341796875,2996.202392578125,2984.6611328125,2993.206298828125,0
2025-12-31 14:00:00+00:00,2993.668212890625,3015.580322265625,2982.08984375,2987.454833984375,0
2025-12-31 15:00:00+00:00,2989.386962890625,2989.386962890625,2966.333984375,2984.0458984375,0
2025-12-31 16:00:00+00:00,2981.96630859375,2990.503173828125,2960.617919921875,2973.380126953125,78977024
2025-12-31 17:00:00+00:00,2972.533935546875,2975.51904296875,2965.053955078125,2971.193603515625,0
2025-12-31 18:00:00+00:00,2971.876220703125,2981.438720703125,2968.65966796875,2970.682861328125,0
2025-12-31 19:00:00+00:00,2970.128173828125,2976.2451171875,2966.98779296875,2969.147216796875,0
2025-12-31 20:00:00+00:00,2967.474853515625,2973.669677734375,2959.42822265625,2973.102783203125,280030208
2025-12-31 21:00:00+00:00,2971.420166015625,2978.887451171875,2970.64599609375,2976.82763671875,217765888
2025-12-31 22:00:00+00:00,2977.54345703125,2978.79296875,2971.34375,2971.34375,0
2025-12-31 23:00:00+00:00,2971.826171875,2971.826171875,2966.180419921875,2966.997314453125,0
2026-01-01 00:00:00+00:00,2967.069091796875,2977.404052734375,2967.069091796875,2975.56787109375,18416640
2026-01-01 01:00:00+00:00,2975.2802734375,2983.691650390625,2975.2802734375,2980.531005859375,0
2026-01-01 02:00:00+00:00,2980.129150390625,2982.489501953125,2976.55810546875,2978.314697265625,0
2026-01-01 03:00:00+00:00,2977.30712890625,2980.474853515625,2974.9326171875,2975.044677734375,0
2026-01-01 04:00:00+00:00,2975.43017578125,2975.59716796875,2968.6025390625,2970.44873046875,208877568
2026-01-01 05:00:00+00:00,2970.8291015625,2978.38134765625,2970.8291015625,2976.9990234375,0
2026-01-01 06:00:00+00:00,2976.934814453125,2976.95166015625,2971.58544921875,2971.58544921875,54566912
2026-01-01 07:00:00+00:00,2971.456298828125,2975.9912109375,2971.456298828125,2972.983154296875,15375360
2026-01-01 08:00:00+00:00,2973.185546875,2977.98583984375,2973.185546875,2976.521484375,0
2026-01-01 09:00:00+00:00,2977.7255859375,2982.12744140625,2977.537353515625,2979.12353515625,0
2026-01-01 10:00:00+00:00,2979.25341796875,2980.925537109375,2977.904541015625,2979.83203125,0
2026-01-01 11:00:00+00:00,2980.160888671875,2985.680419921875,2980.13916015625,2984.69140625,0
2026-01-01 12:00:00+00:00,2984.864501953125,2984.877197265625,2979.3701171875,2983.050048828125,0
2026-01-01 13:00:00+00:00,2982.921630859375,2984.849853515625,2978.58642578125,2978.58642578125,0
2026-01-01 14:00:00+00:00,2978.619140625,2982.26806640625,2974.021240234375,2981.101806640625,0
2026-01-01 15:00:00+00:00,2981.2705078125,2987.267578125,2977.564453125,2985.895263671875,0
2026-01-01 16:00:00+00:00,2985.900634765625,2985.900634765625,2977.397705078125,2978.204345703125,0
2026-01-01 17:00:00+00:00,2978.396484375,2999.469970703125,2977.368896484375,2985.53564453125,127805440
2026-01-01 18:00:00+00:00,2988.0009765625,2988.0009765625,2982.5126953125,2985.534423828125,0
2026-01-01 19:00:00+00:00,2985.759033203125,2992.431640625,2983.537841796875,2990.382568359375,0
2026-01-01 20:00:00+00:00,2990.705322265625,2991.078369140625,2984.093505859375,2985.07177734375,0
2026-01-01 21:00:00+00:00,2984.968994140625,2988.825927734375,2984.0712890625,2985.92041015625,0
2026-01-01 22:00:00+00:00,2985.8876953125,2995.602783203125,2983.97412109375,2995.52783203125,0
2026-01-01 23:00:00+00:00,2994.762939453125,3005.5078125,2989.56103515625,3000.453125,533896192
2026-01-02 00:00:00+00:00,3000.24072265625,3003.932373046875,2994.10546875,3000.243408203125,107183104
2026-01-02 01:00:00+00:00,3001.5869140625,3003.68798828125,2995.1201171875,2999.454833984375,0
2026-01-02 02:00:00+00:00,2999.2841796875,2999.440673828125,2990.025390625,2997.14306640625,139942912
2026-01-02 03:00:00+00:00,2998.2783203125,3027.68408203125,2996.913330078125,3015.828857421875,959923200
2026-01-02 04:00:00+00:00,3017.906494140625,3020.187744140625,3007.662109375,3007.662109375,61457408
2026-01-02 05:00:00+00:00,3007.911376953125,3014.297119140625,3005.9150390625,3012.938720703125,11150336
2026-01-02 06:00:00+00:00,3012.786376953125,3032.8916015625,3011.683837890625,3023.801025390625,373144576
2026-01-02 07:00:00+00:00,3023.365966796875,3027.402587890625,3013.785888671875,3014.75830078125,167756800
2026-01-02 08:00:00+00:00,3014.35791015625,3029.112548828125,3012.660888671875,3027.795654296875,297450496
2026-01-02 09:00:00+00:00,3028.412841796875,3047.785888671875,3028.020263671875,3045.150390625,816431104
2026-01-02 10:00:00+00:00,3044.7880859375,3062.79248046875,3043.415283203125,3053.092529296875,1105726464
2026-01-02 11:00:00+00:00,3053.634033203125,3053.634033203125,3041.692626953125,3044.208740234375,519932928
2026-01-02 12:00:00+00:00,3044.584716796875,3051.967529296875,3040.90283203125,3045.928955078125,112884736
2026-01-02 13:00:00+00:00,3045.618896484375,3054.383544921875,3044.5166015625,3047.539306640625,212579328
2026-01-02 14:00:00+00:00,3047.4921875,3098.28564453125,3023.47119140625,3081.55908203125,2506894336
2026-01-02 15:00:00+00:00,3080.52978515625,3093.327880859375,3058.799072265625,3079.854736328125,1825603584
2026-01-02 16:00:00+00:00,3082.02490234375,3138.111083984375,3079.261962890625,3130.61083984375,2622435328
2026-01-02 17:00:00+00:00,3130.438720703125,3145.818359375,3114.210205078125,3119.615966796875,850364416
2026-01-02 18:00:00+00:00,3122.958251953125,3129.978759765625,3096.44677734375,3108.193115234375,955996160
2026-01-02 19:00:00+00:00,3108.26611328125,3125.872802734375,3108.26611328125,3121.933837890625,483645440
2026-01-02 20:00:00+00:00,3122.16845703125,3126.140869140625,3111.003662109375,3117.00634765625,621211648
2026-01-02 21:00:00+00:00,3116.9833984375,3129.713134765625,3115.780029296875,3128.767578125,152004608
2026-01-02 22:00:00+00:00,3128.9921875,3140.265380859375,3128.361328125,3132.243408203125,544368640
2026-01-02 23:00:00+00:00,3132.6767578125,3133.083251953125,3120.818359375,3124.310302734375,7168000
2026-01-03 00:00:00+00:00,3124.20361328125,3134.362060546875,3122.768310546875,3130.74267578125,0
2026-01-03 01:00:00+00:00,3130.395751953125,3130.75634765625,3122.67236328125,3130.75634765625,0
2026-01-03 02:00:00+00:00,3129.345703125,3129.345703125,3119.757080078125,3125.3994140625,130985984
2026-01-03 03:00:00+00:00,3125.145751953125,3125.885986328125,3119.43212890625,3124.680419921875,0
2026-01-03 04:00:00+00:00,3123.992431640625,3125.7236328125,3114.994873046875,3115.5029296875,0
2026-01-03 05:00:00+00:00,3115.971435546875,3117.37890625,3104.39794921875,3111.31787109375,109076480
2026-01-03 06:00:00+00:00,3110.3916015625,3114.891357421875,3098.923583984375,3100.793701171875,0
2026-01-03 07:00:00+00:00,3098.808349609375,3103.68994140625,3077.4658203125,3089.58984375,762585088
2026-01-03 08:00:00+00:00,3087.491943359375,3101.5595703125,3085.3955078125,3094.9892578125,99258368
2026-01-03 09:00:00+00:00,3095.06298828125,3108.350341796875,3092.338623046875,3101.658447265625,0
2026-01-03 10:00:00+00:00,3100.248046875,3104.16357421875,3097.030029296875,3098.723876953125,0
2026-01-03 11:00:00+00:00,3096.229248046875,3098.06005859375,3092.086181640625,3097.7080078125,0
2026-01-03 12:00:00+00:00,3097.0478515625,3102.737548828125,3092.67626953125,3102.368408203125,0
2026-01-03 13:00:00+00:00,3103.6962890625,3105.369384765625,3099.65771484375,3101.752685546875,0
2026-01-03 14:00:00+00:00,3101.525146484375,3109.934326171875,3101.37548828125,3103.59765625,0
2026-01-03 15:00:00+00:00,3104.643798828125,3104.904052734375,3099.259765625,3100.09912109375,0
2026-01-03 16:00:00+00:00,3099.289306640625,3109.503662109375,3097.943603515625,3105.861328125,0
2026-01-03 17:00:00+00:00,3105.894775390625,3108.309814453125,3104.03759765625,3106.65771484375,0
2026-01-03 18:00:00+00:00,3106.63623046875,3115.3671875,3103.759521484375,3113.670166015625,0
2026-01-03 19:00:00+00:00,3114.214111328125,3114.214111328125,3108.7685546875,3110.53662109375,0
2026-01-03 20:00:00+00:00,3110.99951171875,3115.09130859375,3105.773681640625,3113.6044921875,0
2026-01-03 21:00:00+00:00,3113.68798828125,3126.196533203125,3111.669921875,3119.1376953125,0
2026-01-03 22:00:00+00:00,3119.14013671875,3123.4453125,3113.215087890625,3120.401611328125,0
2026-01-03 23:00:00+00:00,3121.59130859375,3127.574951171875,3119.765380859375,3125.960205078125,0
2026-01-04 00:00:00+00:00,3126.65185546875,3159.73974609375,3126.65185546875,3157.856201171875,740203520
2026-01-04 01:00:00+00:00,3156.180419921875,3159.329833984375,3141.442626953125,3148.8818359375,340408320
2026-01-04 02:00:00+00:00,3148.918701171875,3148.918701171875,3136.865234375,3138.71630859375,31285248
2026-01-04 03:00:00+00:00,3139.57861328125,3148.8955078125,3139.57861328125,3147.560791015625,101932032
2026-01-04 04:00:00+00:00,3146.342529296875,3153.833251953125,3144.781982421875,3147.239501953125,41927680
2026-01-04 05:00:00+00:00,3146.705810546875,3149.86376953125,3144.291259765625,3148.76220703125,0
2026-01-04 06:00:00+00:00,3149.06201171875,3157.632568359375,3139.539306640625,3139.539306640625,271675392
2026-01-04 07:00:00+00:00,3138.894287109375,3143.703857421875,3135.144775390625,3140.08203125,0
2026-01-04 08:00:00+00:00,3139.960693359375,3139.960693359375,3128.68212890625,3136.906005859375,28124160
2026-01-04 09:00:00+00:00,3137.21728515625,3144.084716796875,3134.0908203125,3142.4306640625,81894400
2026-01-04 10:00:00+00:00,3142.47314453125,3145.651611328125,3141.5205078125,3144.255126953125,0
2026-01-04 11:00:00+00:00,3144.20068359375,3144.20068359375,3134.21630859375,3136.73291015625,75822080
2026-01-04 12:00:00+00:00,3137.92333984375,3143.95361328125,3133.762451171875,3134.92431640625,48972800
2026-01-04 13:00:00+00:00,3134.302978515625,3138.672119140625,3132.00048828125,3138.672119140625,0
2026-01-04 14:00:00+00:00,3138.76806640625,3141.345703125,3131.152587890625,3135.900634765625,21112832
2026-01-04 15:00:00+00:00,3135.83447265625,3137.419921875,3120.826416015625,3132.9951171875,169393152
2026-01-04 16:00:00+00:00,3133.567138671875,3137.522216796875,3131.031982421875,3137.522216796875,176715776
2026-01-04 17:00:00+00:00,3137.598876953125,3140.63720703125,3134.968017578125,3135.954833984375,114500608
2026-01-04 18:00:00+00:00,3136.093505859375,3136.093505859375,3122.28125,3132.873046875,72679424
2026-01-04 19:00:00+00:00,3133.005859375,3133.019775390625,3119.7265625,3131.67919921875,280778752
2026-01-04 20:00:00+00:00,3131.4794921875,3140.166259765625,3129.765869140625,3139.14306640625,202824704
2026-01-04 21:00:00+00:00,3139.244384765625,3152.72314453125,3136.556884765625,3142.140380859375,23195648
2026-01-04 22:00:00+00:00,3142.607177734375,3147.979248046875,3135.416259765625,3136.595703125,49584128
2026-01-04 23:00:00+00:00,3137.873046875,3149.556640625,3133.858154296875,3141.486328125,138491904
2026-01-05 00:00:00+00:00,3143.287841796875,3168.264892578125,3143.287841796875,3167.741943359375,76554240
2026-01-05 01:00:00+00:00,3166.0009765625,3209.37890625,3163.00537109375,3196.2490234375,1269020672
2026-01-05 02:00:00+00:00,3196.97705078125,3202.236328125,3184.0302734375,3191.404296875,838680576
2026-01-05 03:00:00+00:00,3191.414306640625,3193.936279296875,3184.06103515625,3184.06103515625,129143808
2026-01-05 04:00:00+00:00,3184.111328125,3185.91455078125,3161.14306640625,3165.33935546875,405923840
2026-01-05 05:00:00+00:00,3165.412109375,3165.5107421875,3148.222900390625,3149.62939453125,386692096
2026-01-05 06:00:00+00:00,3148.057861328125,3156.71435546875,3141.32177734375,3156.71435546875,213664768
2026-01-05 07:00:00+00:00,3155.7333984375,3160.33203125,3154.5087890625,3156.392333984375,0
2026-01-05 08:00:00+00:00,3155.8505859375,3169.227294921875,3155.65966796875,3162.473876953125,0
2026-01-05 09:00:00+00:00,3162.0400390625,3171.4287109375,3152.814453125,3166.494384765625,264913920
2026-01-05 10:00:00+00:00,3167.925537109375,3175.6845703125,3165.34619140625,3172.56103515625,367486976
2026-01-05 11:00:00+00:00,3170.22265625,3179.798828125,3167.181884765625,3179.798828125,195069952
2026-01-05 12:00:00+00:00,3178.64453125,3178.9453125,3165.79443359375,3168.712646484375,52129792
2026-01-05 13:00:00+00:00,3168.791259765625,3172.2158203125,3142.9521484375,3152.47705078125,647421952
2026-01-05 14:00:00+00:00,3154.434814453125,3172.70166015625,3137.466064453125,3165.548095703125,1174956032
2026-01-05 15:00:00+00:00,3164.882080078125,3198.65087890625,3152.974365234375,3191.71044921875,1661335552
2026-01-05 16:00:00+00:00,3191.5791015625,3197.13525390625,3173.684814453125,3182.701904296875,933644288
2026-01-05 17:00:00+00:00,3182.538330078125,3214.853759765625,3160.239501953125,3214.853759765625,0
2026-01-05 18:00:00+00:00,3212.364990234375,3223.40771484375,3191.0810546875,3223.40771484375,2622824448
2026-01-05 19:00:00+00:00,3220.25537109375,3225.30322265625,3215.63720703125,3220.554931640625,502104064
2026-01-05 20:00:00+00:00,3220.623046875,3253.15771484375,3220.623046875,3239.557861328125,1629661184
2026-01-05 21:00:00+00:00,3241.53857421875,3247.26513671875,3234.0283203125,3237.4384765625,478289920
2026-01-05 22:00:00+00:00,3237.86572265625,3247.982421875,3234.517578125,3240.296630859375,0
2026-01-05 23:00:00+00:00,3239.9052734375,3239.9052734375,3226.116455078125,3226.116455078125,1826588672
2026-01-06 00:00:00+00:00,3226.244384765625,3229.447265625,3204.193359375,3215.7998046875,0
2026-01-06 01:00:00+00:00,3216.443359375,3244.398193359375,3216.443359375,3217.783447265625,0
2026-01-06 02:00:00+00:00,3217.96533203125,3222.604248046875,3210.192138671875,3217.851318359375,0
2026-01-06 03:00:00+00:00,3216.886474609375,3230.3017578125,3214.338623046875,3223.963623046875,0
2026-01-06 04:00:00+00:00,3224.53759765625,3231.944091796875,3222.992919921875,3224.73486328125,0
2026-01-06 05:00:00+00:00,3223.156494140625,3225.514404296875,3217.5107421875,3217.53515625,0
2026-01-06 06:00:00+00:00,3219.55859375,3249.63720703125,3217.977783203125,3242.6044921875,247359488
2026-01-06 07:00:00+00:00,3240.18896484375,3240.18896484375,3212.178466796875,3218.2431640625,279439360
2026-01-06 08:00:00+00:00,3217.820556640625,3225.605224609375,3214.110595703125,3218.78955078125,41932800
2026-01-06 09:00:00+00:00,3218.496337890625,3226.58642578125,3216.8349609375,3222.337158203125,0
2026-01-06 10:00:00+00:00,3221.826416015625,3229.566650390625,3220.645263671875,3228.059814453125,0
2026-01-06 11:00:00+00:00,3226.93017578125,3240.45849609375,3226.93017578125,3236.55517578125,0
2026-01-06 12:00:00+00:00,3237.33642578125,3241.521240234375,3235.54052734375,3240.19287109375,1376724992
2026-01-06 13:00:00+00:00,3235.813720703125,3235.813720703125,3230.517822265625,3235.38232421875,0
2026-01-06 14:00:00+00:00,3237.106689453125,3301.78759765625,3237.106689453125,3274.787841796875,2271938560
2026-01-06 15:00:00+00:00,3277.163818359375,3299.070068359375,3262.27587890625,3266.28076171875,140201984
2026-01-06 16:00:00+00:00,3271.268798828125,3274.823974609375,3235.3544921875,3247.845947265625,790597632
2026-01-06 17:00:00+00:00,3250.671630859375,3256.883544921875,3194.434326171875,3194.434326171875,0
2026-01-06 18:00:00+00:00,3193.476806640625,3229.178466796875,3193.476806640625,3219.240478515625,1022646272
2026-01-06 19:00:00+00:00,3217.2998046875,3226.902587890625,3213.817138671875,3220.803466796875,0
2026-01-06 20:00:00+00:00,3221.556640625,3247.24609375,3221.556640625,3241.7353515625,0
2026-01-06 21:00:00+00:00,3241.024658203125,3296.094482421875,3237.69921875,3275.384521484375,613296128
2026-01-06 22:00:00+00:00,3275.00048828125,3284.510498046875,3266.517822265625,3277.25830078125,0
2026-01-06 23:00:00+00:00,3275.54638671875,3297.575439453125,3275.54638671875,3295.91259765625,516012032
2026-01-07 00:00:00+00:00,3292.2646484375,3292.6435546875,3263.868896484375,3263.868896484375,0
2026-01-07 01:00:00+00:00,3256.200439453125,3269.447509765625,3238.55859375,3243.206298828125,0
2026-01-07 02:00:00+00:00,3243.776123046875,3269.65576171875,3238.64990234375,3267.56689453125,279083008
2026-01-07 03:00:00+00:00,3268.0302734375,3277.96435546875,3263.56884765625,3264.334716796875,231419904
2026-01-07 04:00:00+00:00,3264.212646484375,3268.595458984375,3253.978759765625,3255.65185546875,0
2026-01-07 05:00:00+00:00,3253.1640625,3258.635009765625,3246.263427734375,3246.263427734375,160589824
2026-01-07 06:00:00+00:00,3247.00830078125,3256.91943359375,3246.375,3248.870361328125,0
2026-01-07 07:00:00+00:00,3250.103759765625,3258.392333984375,3250.103759765625,3251.6865234375,0
2026-01-07 08:00:00+00:00,3253.79150390625,3259.2294921875,3250.33203125,3253.8046875,42057728
2026-01-07 09:00:00+00:00,3247.587646484375,3251.181884765625,3198.7138671875,3199.185302734375,1266386944
2026-01-07 10:00:00+00:00,3195.4375,3218.338134765625,3195.4375,3216.072998046875,528379904
2026-01-07 11:00:00+00:00,3215.472900390625,3224.843994140625,3215.472900390625,3218.352783203125,40656896
2026-01-07 12:00:00+00:00,3218.363525390625,3218.919677734375,3211.1591796875,3211.509521484375,0
2026-01-07 13:00:00+00:00,3211.5927734375,3224.26318359375,3202.151611328125,3208.943359375,0
2026-01-07 14:00:00+00:00,3208.094970703125,3208.094970703125,3176.63330078125,3189.0029296875,0
2026-01-07 15:00:00+00:00,3183.855224609375,3183.855224609375,3148.697021484375,3161.763916015625,277651456
2026-01-07 16:00:00+00:00,3163.972412109375,3174.44775390625,3150.885009765625,3155.96044921875,0
2026-01-07 17:00:00+00:00,3155.2568359375,3167.717529296875,3146.0458984375,3150.594970703125,0
2026-01-07 18:00:00+00:00,3149.802001953125,3160.597900390625,3135.863037109375,3139.7490234375,201748480
2026-01-07 19:00:00+00:00,3143.9189453125,3152.139892578125,3130.520751953125,3144.63720703125,711804928
2026-01-07 20:00:00+00:00,3143.422119140625,3147.478271484375,3127.4541015625,3136.9423828125,0
2026-01-07 21:00:00+00:00,3138.703857421875,3147.8896484375,3136.502197265625,3147.8896484375,0
2026-01-07 22:00:00+00:00,3147.643310546875,3159.48681640625,3141.4248046875,3150.067626953125,0
2026-01-07 23:00:00+00:00,3147.61865234375,3174.484375,3141.69482421875,3166.924072265625,389586944
2026-01-08 00:00:00+00:00,3165.833251953125,3172.419677734375,3154.708251953125,3169.8701171875,0
2026-01-08 01:00:00+00:00,3168.128173828125,3175.477783203125,3166.42578125,3172.994384765625,0
2026-01-08 02:00:00+00:00,3172.859619140625,3178.189697265625,3146.928466796875,3155.228271484375,0
2026-01-08 03:00:00+00:00,3156.0322265625,3161.889892578125,3133.112060546875,3138.333984375,418846720
2026-01-08 04:00:00+00:00,3140.325439453125,3154.3134765625,3136.08544921875,3151.365234375,19730432
2026-01-08 05:00:00+00:00,3152.80615234375,3156.54345703125,3139.017822265625,3139.45068359375,0
2026-01-08 06:00:00+00:00,3139.4892578125,3141.962646484375,3105.690673828125,3105.690673828125,984309760
2026-01-08 07:00:00+00:00,3103.15234375,3126.889892578125,3091.034912109375,3124.7841796875,860196864
2026-01-08 08:00:00+00:00,3123.91064453125,3130.088623046875,3111.586181640625,3111.586181640625,371292160
2026-01-08 09:00:00+00:00,3112.124755859375,3119.07568359375,3102.821044921875,3107.8134765625,0
2026-01-08 10:00:00+00:00,3108.179931640625,3128.593505859375,3095.588623046875,3124.988525390625,0
2026-01-08 11:00:00+00:00,3125.699951171875,3126.559814453125,3109.311767578125,3114.342041015625,339949568
2026-01-08 12:00:00+00:00,3116.6494140625,3116.6494140625,3087.3447265625,3092.858642578125,651689984
2026-01-08 13:00:00+00:00,3092.0458984375,3097.488525390625,3088.4755859375,3092.73876953125,117501952
2026-01-08 14:00:00+00:00,3092.96484375,3092.96484375,3056.358642578125,3074.845458984375,0
2026-01-08 15:00:00+00:00,3074.2353515625,3105.457275390625,3065.785888671875,3100.025390625,0
2026-01-08 16:00:00+00:00,3101.252685546875,3115.09130859375,3087.708984375,3115.018310546875,119572480
2026-01-08 17:00:00+00:00,3118.9140625,3134.232666015625,3109.667724609375,3130.441162109375,202854400
2026-01-08 18:00:00+00:00,3131.78857421875,3131.78857421875,3115.81103515625,3116.1474609375,0
2026-01-08 19:00:00+00:00,3117.662353515625,3124.4228515625,3104.258544921875,3107.18359375,0
2026-01-08 20:00:00+00:00,3108.362548828125,3108.362548828125,3087.34130859375,3104.02734375,194365440
2026-01-08 21:00:00+00:00,3103.884521484375,3117.873779296875,3103.884521484375,3117.873779296875,113946624
2026-01-08 22:00:00+00:00,3116.93896484375,3126.30419921875,3106.388916015625,3115.511474609375,0
2026-01-08 23:00:00+00:00,3116.27734375,3119.158203125,3103.9755859375,3104.90087890625,0
2026-01-09 00:00:00+00:00,3104.1357421875,3114.07373046875,3102.062255859375,3112.942626953125,0
2026-01-09 01:00:00+00:00,3112.8291015625,3136.2001953125,3082.30419921875,3102.37939453125,972148736
2026-01-09 02:00:00+00:00,3102.241943359375,3121.59033203125,3101.2587890625,3104.445556640625,0
2026-01-09 03:00:00+00:00,3105.32568359375,3116.95751953125,3102.568359375,3116.037353515625,0
2026-01-09 04:00:00+00:00,3116.023681640625,3119.575439453125,3109.77880859375,3113.876953125,0
2026-01-09 05:00:00+00:00,3113.388671875,3116.613525390625,3110.4267578125,3114.602783203125,0
2026-01-09 06:00:00+00:00,3114.880859375,3120.263671875,3114.1142578125,3119.947021484375,0
2026-01-09 07:00:00+00:00,3119.711669921875,3119.711669921875,3108.463623046875,3109.462158203125,0
2026-01-09 08:00:00+00:00,3108.008544921875,3110.616455078125,3066.177490234375,3077.174072265625,402642944
2026-01-09 09:00:00+00:00,3077.967529296875,3096.1435546875,3077.967529296875,3088.24365234375,164421632
2026-01-09 10:00:00+00:00,3088.505859375,3095.3076171875,3085.292724609375,3093.94970703125,0
2026-01-09 11:00:00+00:00,3093.39404296875,3099.7353515625,3085.7216796875,3086.2578125,0
2026-01-09 12:00:00+00:00,3086.466796875,3091.84912109375,3079.5,3080.854248046875,0
2026-01-09 13:00:00+00:00,3080.989013671875,3103.30126953125,3080.82763671875,3095.7822265625,320253952
2026-01-09 14:00:00+00:00,3095.0517578125,3095.0517578125,3062.210205078125,3071.538330078125,0
2026-01-09 15:00:00+00:00,3073.185546875,3135.76708984375,3059.055908203125,3104.735107421875,696401920
2026-01-09 16:00:00+00:00,3108.295166015625,3138.6064453125,3108.295166015625,3130.600830078125,0
2026-01-09 17:00:00+00:00,3129.895263671875,3129.895263671875,3103.855224609375,3111.995849609375,586508288
2026-01-09 18:00:00+00:00,3111.9609375,3115.198974609375,3078.60595703125,3092.549560546875,0
2026-01-09 19:00:00+00:00,3088.768310546875,3088.882568359375,3068.703125,3078.688720703125,310865920
2026-01-09 20:00:00+00:00,3077.16552734375,3086.3291015625,3068.219970703125,3068.219970703125,1880064
2026-01-09 21:00:00+00:00,3068.8271484375,3087.601806640625,3065.491455078125,3081.80908203125,137039872
2026-01-09 22:00:00+00:00,3081.16943359375,3084.47998046875,3073.77197265625,3081.27685546875,0
2026-01-09 23:00:00+00:00,3082.20556640625,3088.3681640625,3080.467041015625,3083.16650390625,0
2026-01-10 00:00:00+00:00,3082.780029296875,3085.359375,3078.47705078125,3079.271240234375,0
2026-01-10 01:00:00+00:00,3079.459716796875,3086.598388671875,3079.459716796875,3085.787841796875,0
2026-01-10 02:00:00+00:00,3085.759033203125,3089.040283203125,3079.518310546875,3083.209228515625,0
2026-01-10 03:00:00+00:00,3083.565185546875,3083.565185546875,3076.924072265625,3083.36474609375,0
2026-01-10 04:00:00+00:00,3082.56982421875,3083.052490234375,3076.19921875,3076.19921875,0
2026-01-10 05:00:00+00:00,3077.48095703125,3083.225830078125,3075.899658203125,3083.096923828125,127672320
2026-01-10 06:00:00+00:00,3082.54248046875,3083.968017578125,3079.850830078125,3083.2138671875,0
2026-01-10 07:00:00+00:00,3083.251708984375,3088.72021484375,3083.18603515625,3088.394775390625,0
2026-01-10 08:00:00+00:00,3088.72119140625,3088.72119140625,3083.4326171875,3085.568603515625,0
2026-01-10 09:00:00+00:00,3085.885009765625,3093.62841796875,3085.4609375,3091.360595703125,0
2026-01-10 10:00:00+00:00,3091.818603515625,3096.84033203125,3090.76416015625,3095.50634765625,0
2026-01-10 11:00:00+00:00,3098.706787109375,3098.706787109375,3091.44580078125,3092.845947265625,0
2026-01-10 12:00:00+00:00,3092.6796875,3098.868408203125,3090.095703125,3094.68115234375,0
2026-01-10 13:00:00+00:00,3094.93115234375,3094.98291015625,3090.42333984375,3090.42333984375,0
2026-01-10 14:00:00+00:00,3090.82421875,3092.158203125,3086.5419921875,3087.784912109375,0
2026-01-10 15:00:00+00:00,3087.66455078125,3091.8837890625,3087.66455078125,3091.57421875,0
2026-01-10 16:00:00+00:00,3091.71142578125,3092.906982421875,3088.61083984375,3091.415771484375,0
2026-01-10 17:00:00+00:00,3091.499755859375,3094.59326171875,3088.100830078125,3088.100830078125,0
2026-01-10 18:00:00+00:00,3088.80224609375,3089.836669921875,3087.312744140625,3088.772216796875,0
2026-01-10 19:00:00+00:00,3088.660400390625,3089.79931640625,3087.087890625,3087.744140625,0
2026-01-10 20:00:00+00:00,3088.13818359375,3088.696533203125,3084.916259765625,3085.600830078125,0
2026-01-10 21:00:00+00:00,3085.529541015625,3085.672119140625,3081.755859375,3081.755859375,0
2026-01-10 22:00:00+00:00,3081.741943359375,3084.354248046875,3075.20068359375,3077.60107421875,0
2026-01-10 23:00:00+00:00,3076.957275390625,3084.3486328125,3076.873046875,3082.407470703125,3441664
2026-01-11 00:00:00+00:00,3082.353271484375,3088.274169921875,3080.976318359375,3087.770751953125,0
2026-01-11 01:00:00+00:00,3087.833251953125,3090.596435546875,3085.668701171875,3090.596435546875,0
2026-01-11 02:00:00+00:00,3090.78564453125,3093.229736328125,3088.636474609375,3089.2177734375,0
2026-01-11 03:00:00+00:00,3088.9443359375,3093.179931640625,3088.613525390625,3093.1064453125,0
2026-01-11 04:00:00+00:00,3092.894775390625,3094.494140625,3091.18212890625,3093.810791015625,0
2026-01-11 05:00:00+00:00,3094.057373046875,3097.163818359375,3092.802001953125,3094.983642578125,0
2026-01-11 06:00:00+00:00,3095.27978515625,3096.4111328125,3088.146728515625,3093.713134765625,152817152
2026-01-11 07:00:00+00:00,3093.711181640625,3094.574462890625,3088.972900390625,3090.9921875,0
2026-01-11 08:00:00+00:00,3091.345458984375,3102.738037109375,3089.3271484375,3099.843994140625,35798016
2026-01-11 09:00:00+00:00,3099.545654296875,3102.419189453125,3097.218017578125,3100.671630859375,126191104
2026-01-11 10:00:00+00:00,3100.37744140625,3103.75244140625,3098.596923828125,3103.22216796875,0
2026-01-11 11:00:00+00:00,3103.33203125,3103.389892578125,3099.9599609375,3100.307861328125,0
2026-01-11 12:00:00+00:00,3100.67333984375,3111.41552734375,3100.67333984375,3110.514892578125,120014336
2026-01-11 13:00:00+00:00,3110.780029296875,3111.502197265625,3103.546142578125,3106.173828125,450618880
2026-01-11 14:00:00+00:00,3105.49658203125,3121.305419921875,3105.49658203125,3121.305419921875,117716992
2026-01-11 15:00:00+00:00,3121.50048828125,3121.50048828125,3107.787109375,3113.384033203125,363073024
2026-01-11 16:00:00+00:00,3113.722412109375,3141.093994140625,3112.15478515625,3125.103271484375,1071072256
2026-01-11 17:00:00+00:00,3125.241943359375,3128.57421875,3116.129638671875,3122.4833984375,212979712
2026-01-11 18:00:00+00:00,3122.521728515625,3126.479736328125,3116.306640625,3124.607177734375,116957184
2026-01-11 19:00:00+00:00,3124.872802734375,3127.53759765625,3115.541259765625,3120.594970703125,135697408
2026-01-11 20:00:00+00:00,3120.630615234375,3120.630615234375,3099.30712890625,3110.252685546875,385731584
2026-01-11 21:00:00+00:00,3110.94287109375,3118.8037109375,3104.21240234375,3117.10791015625,230425600
2026-01-11 22:00:00+00:00,3116.576416015625,3116.576416015625,3102.78369140625,3106.766845703125,140909568
2026-01-11 23:00:00+00:00,3105.291259765625,3119.264404296875,3090.65869140625,3118.828857421875,780358656
2026-01-12 00:00:00+00:00,3118.572265625,3120.55126953125,3096.845947265625,3114.19091796875,748511232
2026-01-12 01:00:00+00:00,3114.346435546875,3130.85888671875,3113.58544921875,3120.4609375,726974464
2026-01-12 02:00:00+00:00,3120.5966796875,3162.83642578125,3120.5966796875,3155.760009765625,1088515072
2026-01-12 03:00:00+00:00,3153.968994140625,3165.77294921875,3147.87060546875,3147.87060546875,950786048
2026-01-12 04:00:00+00:00,3147.695068359375,3158.91748046875,3145.40625,3154.70849609375,231725056
2026-01-12 05:00:00+00:00,3154.877197265625,3161.8779296875,3152.008056640625,3154.66015625,647120896
2026-01-12 06:00:00+00:00,3154.408935546875,3160.27099609375,3149.14892578125,3150.3076171875,71038976
2026-01-12 07:00:00+00:00,3150.6220703125,3155.762451171875,3129.961669921875,3132.477294921875,471626752
2026-01-12 08:00:00+00:00,3131.487060546875,3141.560546875,3100.923583984375,3113.615234375,500078592
2026-01-12 09:00:00+00:00,3112.75048828125,3118.923583984375,3109.299560546875,3112.7421875,755955712
2026-01-12 10:00:00+00:00,3112.509033203125,3115.015869140625,3101.3623046875,3101.480712890625,220617728
2026-01-12 11:00:00+00:00,3102.467041015625,3116.351806640625,3102.467041015625,3112.355224609375,410492928
2026-01-12 12:00:00+00:00,3111.92919921875,3118.20068359375,3109.298095703125,3113.703857421875,120008704
2026-01-12 13:00:00+00:00,3113.126708984375,3115.5390625,3103.33349609375,3106.49462890625,0
2026-01-12 14:00:00+00:00,3105.978271484375,3108.3759765625,3070.50537109375,3099.5205078125,1870100480
2026-01-12 15:00:00+00:00,3102.050048828125,3126.197509765625,3092.516357421875,3126.194091796875,664250368
2026-01-12 16:00:00+00:00,3127.12353515625,3141.540283203125,3123.61962890625,3128.67236328125,0
2026-01-12 17:00:00+00:00,3128.268310546875,3133.8974609375,3088.6220703125,3102.7177734375,1376942080
2026-01-12 18:00:00+00:00,3102.3671875,3116.216796875,3096.468017578125,3106.080810546875,387160064
2026-01-12 19:00:00+00:00,3105.6884765625,3118.80126953125,3096.436279296875,3118.69189453125,0
2026-01-12 20:00:00+00:00,3118.953125,3124.7880859375,3098.487548828125,3099.43212890625,652263424
2026-01-12 21:00:00+00:00,3100.464599609375,3103.74267578125,3084.102783203125,3086.271240234375,43982848
2026-01-12 22:00:00+00:00,3089.178466796875,3102.96484375,3089.178466796875,3093.86572265625,275621888
2026-01-12 23:00:00+00:00,3092.5224609375,3095.078857421875,3085.720947265625,3092.008544921875,0
2026-01-13 00:00:00+00:00,3092.396240234375,3106.035888671875,3091.64306640625,3105.563232421875,0
2026-01-13 01:00:00+00:00,3105.404296875,3109.363037109375,3088.512939453125,3093.115234375,0
2026-01-13 02:00:00+00:00,3094.138427734375,3103.821533203125,3094.138427734375,3099.715576171875,0
2026-01-13 03:00:00+00:00,3097.8291015625,3112.822265625,3097.8291015625,3112.822265625,0
2026-01-13 04:00:00+00:00,3112.5859375,3119.299072265625,3109.04296875,3118.1962890625,0
2026-01-13 05:00:00+00:00,3118.334716796875,3140.9169921875,3118.334716796875,3126.349609375,635043840
2026-01-13 06:00:00+00:00,3126.939208984375,3133.143310546875,3121.716796875,3131.67822265625,131876864
2026-01-13 07:00:00+00:00,3131.189453125,3131.189453125,3119.3662109375,3119.456787109375,278200320
2026-01-13 08:00:00+00:00,3120.7509765625,3133.701904296875,3119.9580078125,3132.523193359375,0
2026-01-13 09:00:00+00:00,3132.61669921875,3142.67626953125,3128.247802734375,3134.86181640625,160770048
2026-01-13 10:00:00+00:00,3136.326171875,3137.628173828125,3127.25,3131.546142578125,0
2026-01-13 11:00:00+00:00,3131.770263671875,3134.62939453125,3128.9296875,3130.64013671875,0
2026-01-13 12:00:00+00:00,3132.177490234375,3133.802978515625,3127.756103515625,3131.343505859375,149065728
2026-01-13 13:00:00+00:00,3132.14013671875,3153.9619140625,3127.895751953125,3138.9375,1286144000
2026-01-13 14:00:00+00:00,3137.59912109375,3160.712890625,3131.146240234375,3144.048095703125,0
2026-01-13 15:00:00+00:00,3143.450439453125,3178.619140625,3132.797607421875,3178.212890625,0
2026-01-13 16:00:00+00:00,3189.079345703125,3190.701904296875,3171.130126953125,3182.723876953125,1338040320
2026-01-13 17:00:00+00:00,3178.868408203125,3185.042236328125,3173.768798828125,3178.13818359375,0
2026-01-13 18:00:00+00:00,3177.151123046875,3211.630859375,3177.151123046875,3198.866455078125,541349888
2026-01-13 19:00:00+00:00,3199.596923828125,3214.162353515625,3190.58984375,3214.162353515625,431519744
2026-01-13 20:00:00+00:00,3214.899658203125,3215.265380859375,3191.107177734375,3203.44775390625,625682432
2026-01-13 21:00:00+00:00,3203.091552734375,3215.298828125,3203.091552734375,3209.12353515625,292945920
2026-01-13 22:00:00+00:00,3209.667724609375,3346.696533203125,3209.667724609375,3328.763671875,4619548672
2026-01-13 23:00:00+00:00,3326.779541015625,3340.406005859375,3314.375732421875,3322.192138671875,1708054528
2026-01-14 00:00:00+00:00,3323.263671875,3331.83740234375,3314.248291015625,3323.836181640625,1869944832
2026-01-14 01:00:00+00:00,3322.611572265625,3339.455078125,3320.349365234375,3333.3125,601020416
2026-01-14 02:00:00+00:00,3334.2392578125,3353.076416015625,3319.72412109375,3323.0205078125,1277984768
2026-01-14 03:00:00+00:00,3324.3525390625,3347.151611328125,3319.907958984375,3347.151611328125,1420156928
2026-01-14 04:00:00+00:00,3350.321533203125,3353.72607421875,3335.028564453125,3336.825927734375,1087717376
2026-01-14 05:00:00+00:00,3336.98583984375,3336.98583984375,3324.91162109375,3328.727783203125,0
2026-01-14 06:00:00+00:00,3328.762451171875,3333.682861328125,3321.410400390625,3331.81640625,363354112
2026-01-14 07:00:00+00:00,3332.021240234375,3339.485595703125,3326.294677734375,3333.45849609375,530544640
2026-01-14 08:00:00+00:00,3333.4990234375,3340.239990234375,3325.834228515625,3326.9052734375,0
2026-01-14 09:00:00+00:00,3326.349853515625,3333.057861328125,3323.477294921875,3325.782470703125,0
2026-01-14 10:00:00+00:00,3326.150634765625,3330.967529296875,3307.1572265625,3312.41552734375,632317952
2026-01-14 11:00:00+00:00,3311.28271484375,3311.28271484375,3282.48046875,3282.48046875,720166912
2026-01-14 12:00:00+00:00,3283.47216796875,3296.26806640625,3281.7197265625,3294.65478515625,446111744
2026-01-14 13:00:00+00:00,3294.587646484375,3304.23876953125,3288.999267578125,3300.42333984375,0
2026-01-14 14:00:00+00:00,3301.250244140625,3354.71533203125,3300.95361328125,3348.0380859375,902152192
2026-01-14 15:00:00+00:00,3347.33447265625,3359.92041015625,3329.556884765625,3344.540771484375,1029189632
2026-01-14 16:00:00+00:00,3344.38037109375,3391.49755859375,3344.38037109375,3368.241455078125,13017088
2026-01-14 17:00:00+00:00,3369.7021484375,3379.2177734375,3339.24755859375,3341.46826171875,1170444288
2026-01-14 18:00:00+00:00,3342.084228515625,3350.39599609375,3316.77685546875,3340.9208984375,808841216
2026-01-14 19:00:00+00:00,3339.408447265625,3389.095947265625,3332.914794921875,3364.776611328125,990535680
2026-01-14 20:00:00+00:00,3366.543701171875,3388.77197265625,3363.504150390625,3378.23876953125,444137472
2026-01-14 21:00:00+00:00,3382.112548828125,3382.112548828125,3361.466552734375,3365.966796875,0
2026-01-14 22:00:00+00:00,3371.392822265625,3373.49951171875,3348.345947265625,3350.15673828125,0
2026-01-14 23:00:00+00:00,3349.730712890625,3367.3330078125,3349.730712890625,3354.765869140625,0
2026-01-15 00:00:00+00:00,3354.8271484375,3354.8271484375,3326.4169921875,3329.710693359375,0
2026-01-15 01:00:00+00:00,3330.309326171875,3341.498779296875,3320.203857421875,3323.15234375,0
2026-01-15 02:00:00+00:00,3325.100830078125,3330.87841796875,3309.167236328125,3312.302001953125,0
2026-01-15 03:00:00+00:00,3313.258056640625,3318.31884765625,3278.92138671875,3286.70849609375,780580864
2026-01-15 04:00:00+00:00,3285.3779296875,3306.750732421875,3284.047119140625,3302.476318359375,0
2026-01-15 05:00:00+00:00,3302.87451171875,3313.668212890625,3302.87451171875,3311.52392578125,0
2026-01-15 06:00:00+00:00,3311.378662109375,3320.888427734375,3310.953369140625,3315.8935546875,0
2026-01-15 07:00:00+00:00,3315.7568359375,3333.174072265625,3314.297607421875,3327.466552734375,0
2026-01-15 08:00:00+00:00,3328.045166015625,3336.114990234375,3320.2548828125,3335.689453125,24438784
2026-01-15 09:00:00+00:00,3335.68701171875,3370.601318359375,3330.1318359375,3367.17333984375,297091072
2026-01-15 10:00:00+00:00,3364.95166015625,3372.6865234375,3357.450927734375,3363.36865234375,149446656
2026-01-15 11:00:00+00:00,3363.33544921875,3363.7919921875,3347.335205078125,3349.6767578125,0
2026-01-15 12:00:00+00:00,3348.79638671875,3368.1640625,3343.987060546875,3368.1640625,0
2026-01-15 13:00:00+00:00,3368.348388671875,3381.73095703125,3357.959716796875,3370.486572265625,185370624
2026-01-15 14:00:00+00:00,3369.9853515625,3379.977783203125,3324.467529296875,3340.79736328125,0
2026-01-15 15:00:00+00:00,3341.322998046875,3353.060546875,3286.486083984375,3316.739990234375,0
2026-01-15 16:00:00+00:00,3327.807373046875,3332.88818359375,3311.095947265625,3332.88818359375,0
2026-01-15 17:00:00+00:00,3330.1865234375,3334.301025390625,3301.75341796875,3304.694091796875,0
2026-01-15 18:00:00+00:00,3299.1123046875,3303.291259765625,3280.26953125,3285.79296875,294457344
2026-01-15 19:00:00+00:00,3286.40869140625,3296.336669921875,3277.814453125,3292.256591796875,0
2026-01-15 20:00:00+00:00,3293.001953125,3304.005126953125,3277.148681640625,3284.2412109375,0
2026-01-15 21:00:00+00:00,3285.48779296875,3303.406494140625,3283.848388671875,3298.0712890625,0
2026-01-15 22:00:00+00:00,3298.069580078125,3316.2158203125,3296.61083984375,3305.22607421875,0
2026-01-15 23:00:00+00:00,3308.170166015625,3320.035888671875,3302.270751953125,3317.341796875,0
2026-01-16 00:00:00+00:00,3317.557373046875,3325.19482421875,3315.81103515625,3315.81103515625,0
2026-01-16 01:00:00+00:00,3315.886962890625,3317.901123046875,3302.091552734375,3313.74951171875,0
2026-01-16 02:00:00+00:00,3313.474609375,3313.474609375,3292.7802734375,3301.388427734375,0
2026-01-16 03:00:00+00:00,3301.532958984375,3305.795654296875,3294.90283203125,3294.90283203125,0
2026-01-16 04:00:00+00:00,3294.143310546875,3302.36669921875,3276.583251953125,3281.786865234375,84037632
2026-01-16 05:00:00+00:00,3286.541748046875,3311.426025390625,3283.69970703125,3308.265625,269293568
2026-01-16 06:00:00+00:00,3308.051025390625,3315.33154296875,3301.786376953125,3313.0703125,0
2026-01-16 07:00:00+00:00,3313.0234375,3314.309326171875,3302.335205078125,3308.354736328125,0
2026-01-16 08:00:00+00:00,3308.295654296875,3317.130126953125,3308.1708984375,3312.12353515625,0
2026-01-16 09:00:00+00:00,3311.451171875,3314.2783203125,3307.57177734375,3307.778564453125,0
2026-01-16 10:00:00+00:00,3306.789306640625,3306.865966796875,3293.935546875,3295.94287109375,0
2026-01-16 11:00:00+00:00,3295.999267578125,3304.034912109375,3294.134765625,3300.4013671875,0
2026-01-16 12:00:00+00:00,3300.78759765625,3312.510986328125,3300.308837890625,3305.861572265625,0
2026-01-16 13:00:00+00:00,3307.026123046875,3308.942626953125,3296.965087890625,3306.869384765625,0
2026-01-16 14:00:00+00:00,3306.529296875,3311.10107421875,3292.852783203125,3292.852783203125,0
2026-01-16 15:00:00+00:00,3293.033447265625,3308.326416015625,3253.92578125,3263.950927734375,711241728
2026-01-16 16:00:00+00:00,3262.860595703125,3284.8740234375,3260.9443359375,3276.943359375,386244608
2026-01-16 17:00:00+00:00,3277.48779296875,3282.277099609375,3265.990966796875,3280.21435546875,0
2026-01-16 18:00:00+00:00,3283.21044921875,3284.81396484375,3277.41943359375,3278.709716796875,0
2026-01-16 19:00:00+00:00,3277.01220703125,3277.1328125,3268.928466796875,3273.367431640625,0
2026-01-16 20:00:00+00:00,3274.509521484375,3290.055908203125,3263.956298828125,3289.365478515625,231022592
2026-01-16 21:00:00+00:00,3292.45166015625,3297.244140625,3287.82666015625,3292.729248046875,452935680
2026-01-16 22:00:00+00:00,3292.65283203125,3292.65283203125,3281.59375,3291.0361328125,0
2026-01-16 23:00:00+00:00,3292.164306640625,3297.966796875,3291.804931640625,3295.482666015625,105660416
2026-01-17 00:00:00+00:00,3294.87060546875,3295.07275390625,3289.381103515625,3291.20654296875,0
2026-01-17 01:00:00+00:00,3291.112060546875,3294.156982421875,3287.12646484375,3289.1875,0
2026-01-17 02:00:00+00:00,3289.1328125,3290.408203125,3282.8017578125,3290.3251953125,0
2026-01-17 03:00:00+00:00,3290.550537109375,3290.645263671875,3286.478759765625,3289.63330078125,0
2026-01-17 04:00:00+00:00,3288.68310546875,3290.92041015625,3284.955322265625,3290.92041015625,0
2026-01-17 05:00:00+00:00,3290.681640625,3292.33154296875,3288.5087890625,3289.986083984375,0
2026-01-17 06:00:00+00:00,3290.0859375,3290.669189453125,3286.258544921875,3289.614501953125,0
2026-01-17 07:00:00+00:00,3289.68408203125,3290.82568359375,3286.431884765625,3289.87158203125,0
2026-01-17 08:00:00+00:00,3289.6943359375,3294.715576171875,3288.67333984375,3294.62744140625,0
2026-01-17 09:00:00+00:00,3294.582763671875,3300.068603515625,3292.40283203125,3297.7060546875,73195520
2026-01-17 10:00:00+00:00,3297.56005859375,3298.931396484375,3294.23388671875,3294.93798828125,0
2026-01-17 11:00:00+00:00,3294.8291015625,3302.272705078125,3293.676025390625,3301.244873046875,0
2026-01-17 12:00:00+00:00,3301.1865234375,3303.46044921875,3299.231201171875,3301.46826171875,0
2026-01-17 13:00:00+00:00,3301.41357421875,3302.8818359375,3298.374267578125,3302.428955078125,0
2026-01-17 14:00:00+00:00,3302.46240234375,3308.816162109375,3300.577392578125,3308.1611328125,0
2026-01-17 15:00:00+00:00,3309.530517578125,3327.2470703125,3308.277587890625,3325.5322265625,0
2026-01-17 16:00:00+00:00,3324.941162109375,3326.282958984375,3312.17236328125,3317.843505859375,0
2026-01-17 17:00:00+00:00,3317.828369140625,3325.239013671875,3316.37744140625,3317.80078125,0
2026-01-17 18:00:00+00:00,3318.068603515625,3319.185791015625,3314.6484375,3317.02001953125,0
2026-01-17 19:00:00+00:00,3316.825927734375,3319.2734375,3313.659912109375,3315.2412109375,0
2026-01-17 20:00:00+00:00,3315.330078125,3318.012451171875,3313.99755859375,3316.8125,0
2026-01-17 21:00:00+00:00,3316.38427734375,3316.38427734375,3308.5673828125,3310.85986328125,0
2026-01-17 22:00:00+00:00,3311.3798828125,3311.67138671875,3297.846435546875,3304.6875,0
2026-01-17 23:00:00+00:00,3301.16650390625,3308.90576171875,3301.16650390625,3308.90576171875,0
2026-01-18 00:00:00+00:00,3309.15966796875,3312.75341796875,3302.236328125,3303.572265625,0
2026-01-18 01:00:00+00:00,3303.23779296875,3304.9921875,3296.29150390625,3299.79150390625,5565440
2026-01-18 02:00:00+00:00,3299.6767578125,3304.00830078125,3296.135986328125,3302.015625,0
2026-01-18 03:00:00+00:00,3301.89892578125,3316.25244140625,3301.89892578125,3314.905517578125,79418368
2026-01-18 04:00:00+00:00,3313.778076171875,3316.183837890625,3309.15478515625,3310.89794921875,0
2026-01-18 05:00:00+00:00,3310.8193359375,3316.1923828125,3309.904541015625,3315.604736328125,84677632
2026-01-18 06:00:00+00:00,3314.401611328125,3316.004150390625,3310.818359375,3313.763427734375,108407808
2026-01-18 07:00:00+00:00,3314.027099609375,3314.027099609375,3305.496826171875,3306.2451171875,137193472
2026-01-18 08:00:00+00:00,3306.1513671875,3314.629638671875,3303.18212890625,3314.46923828125,60659712
2026-01-18 09:00:00+00:00,3314.226806640625,3322.881591796875,3313.9580078125,3322.822265625,192417792
2026-01-18 10:00:00+00:00,3322.118896484375,3324.519775390625,3317.556640625,3324.519775390625,229490688
2026-01-18 11:00:00+00:00,3324.34033203125,3324.34033203125,3318.174560546875,3320.80029296875,0
2026-01-18 12:00:00+00:00,3320.85888671875,3324.43212890625,3317.9560546875,3320.937744140625,64934912
2026-01-18 13:00:00+00:00,3321.36328125,3327.71875,3313.777587890625,3324.561767578125,308587520
2026-01-18 14:00:00+00:00,3324.882568359375,3341.473388671875,3322.612060546875,3322.612060546875,624224256
2026-01-18 15:00:00+00:00,3323.817626953125,3333.989013671875,3320.372314453125,3332.771240234375,0
2026-01-18 16:00:00+00:00,3332.6591796875,3336.35205078125,3329.492919921875,3334.073974609375,0
2026-01-18 17:00:00+00:00,3333.454345703125,3336.876708984375,3332.71337890625,3336.844482421875,0
2026-01-18 18:00:00+00:00,3343.690673828125,3366.622314453125,3338.34326171875,3362.475830078125,686107648
2026-01-18 19:00:00+00:00,3360.56982421875,3363.3798828125,3344.672119140625,3344.921630859375,321294336
2026-01-18 20:00:00+00:00,3345.279296875,3350.87109375,3339.046875,3339.60107421875,193688576
2026-01-18 21:00:00+00:00,3339.988525390625,3343.877197265625,3336.228759765625,3340.423583984375,0
2026-01-18 22:00:00+00:00,3340.365966796875,3352.918212890625,3339.48681640625,3348.71044921875,0
2026-01-18 23:00:00+00:00,3347.174072265625,3347.87548828125,3280.012939453125,3282.19921875,1798022144
2026-01-19 00:00:00+00:00,3282.393798828125,3282.393798828125,3183.329833984375,3211.415283203125,5645550592
2026-01-19 01:00:00+00:00,3211.9990234375,3218.7578125,3195.149658203125,3204.53515625,1414035456
2026-01-19 02:00:00+00:00,3205.262451171875,3213.53662109375,3195.7509765625,3204.02197265625,1013037056
2026-01-19 03:00:00+00:00,3203.842041015625,3211.389404296875,3197.70068359375,3210.94677734375,606130176
2026-01-19 04:00:00+00:00,3210.911376953125,3215.2255859375,3204.738525390625,3212.194580078125,1067241472
2026-01-19 05:00:00+00:00,3211.478759765625,3213.300537109375,3196.078857421875,3202.26708984375,1140844544
2026-01-19 06:00:00+00:00,3202.014404296875,3202.788330078125,3189.789306640625,3192.9228515625,668733440
2026-01-19 07:00:00+00:00,3194.010986328125,3207.04736328125,3194.010986328125,3206.5185546875,346142720
2026-01-19 08:00:00+00:00,3206.067138671875,3218.822021484375,3197.561767578125,3214.297119140625,776771584
2026-01-19 09:00:00+00:00,3213.151123046875,3213.151123046875,3205.622314453125,3207.26123046875,0
2026-01-19 10:00:00+00:00,3207.283203125,3213.950927734375,3204.654052734375,3213.175537109375,0
2026-01-19 11:00:00+00:00,3213.308837890625,3228.09130859375,3212.001220703125,3222.0322265625,1493448704
2026-01-19 12:00:00+00:00,3222.147216796875,3232.4033203125,3218.88427734375,3222.927001953125,1116135424
2026-01-19 13:00:00+00:00,3223.268310546875,3223.268310546875,3212.883056640625,3216.822509765625,19726336
2026-01-19 14:00:00+00:00,3216.735107421875,3216.982177734375,3206.414306640625,3211.11962890625,0
2026-01-19 15:00:00+00:00,3211.35302734375,3218.689453125,3209.781982421875,3215.538330078125,124715008
2026-01-19 16:00:00+00:00,3214.530517578125,3223.208984375,3212.16748046875,3222.271484375,216371200
2026-01-19 17:00:00+00:00,3222.0576171875,3223.737548828125,3216.427001953125,3218.1884765625,106901504
2026-01-19 18:00:00+00:00,3218.409423828125,3219.422119140625,3207.635498046875,3213.193115234375,0
2026-01-19 19:00:00+00:00,3212.998046875,3222.380126953125,3212.998046875,3218.0546875,0
2026-01-19 20:00:00+00:00,3217.97021484375,3222.42333984375,3211.742431640625,3214.4091796875,118020096
2026-01-19 21:00:00+00:00,3213.37255859375,3218.1728515625,3210.264892578125,3211.867919921875,96790528
2026-01-19 22:00:00+00:00,3211.4228515625,3212.387451171875,3190.940673828125,3190.940673828125,281165824
2026-01-19 23:00:00+00:00,3186.592529296875,3193.308837890625,3166.9091796875,3186.62109375,0
2026-01-20 00:00:00+00:00,3186.9599609375,3197.004638671875,3175.085693359375,3181.721923828125,0
2026-01-20 01:00:00+00:00,3182.39501953125,3195.71875,3175.94189453125,3193.341552734375,0
2026-01-20 02:00:00+00:00,3191.055419921875,3196.1552734375,3178.899658203125,3190.671142578125,0
2026-01-20 03:00:00+00:00,3191.0048828125,3191.0048828125,3182.6181640625,3185.32421875,0
2026-01-20 04:00:00+00:00,3185.823974609375,3186.506591796875,3168.8515625,3169.426025390625,0
2026-01-20 05:00:00+00:00,3169.916259765625,3171.74169921875,3153.760009765625,3170.16748046875,60389376
2026-01-20 06:00:00+00:00,3168.8896484375,3168.8896484375,3109.28369140625,3111.99267578125,795770880
2026-01-20 07:00:00+00:00,3113.439208984375,3126.979736328125,3112.261962890625,3121.391357421875,887666688
2026-01-20 08:00:00+00:00,3121.374267578125,3121.374267578125,3085.685791015625,3101.747802734375,580231168
2026-01-20 09:00:00+00:00,3103.3623046875,3103.3623046875,3087.76611328125,3090.81298828125,678162432
2026-01-20 10:00:00+00:00,3090.712646484375,3104.60595703125,3087.97802734375,3100.61279296875,290129920
2026-01-20 11:00:00+00:00,3100.157470703125,3109.629638671875,3100.157470703125,3107.2080078125,0
2026-01-20 12:00:00+00:00,3106.594970703125,3110.831787109375,3100.29248046875,3108.41650390625,0
2026-01-20 13:00:00+00:00,3108.641845703125,3109.10546875,3075.242919921875,3076.6298828125,585129984
2026-01-20 14:00:00+00:00,3076.353271484375,3085.21533203125,3038.634765625,3046.293212890625,2256209920
2026-01-20 15:00:00+00:00,3044.842041015625,3046.04248046875,2998.335205078125,3024.935302734375,2698803200
2026-01-20 16:00:00+00:00,3029.68359375,3035.4677734375,2998.384765625,3006.839111328125,1085202432
2026-01-20 17:00:00+00:00,3006.336669921875,3018.1162109375,2984.223388671875,2997.13623046875,831488000
2026-01-20 18:00:00+00:00,2997.332763671875,3003.94482421875,2987.380126953125,2989.925537109375,678158336
2026-01-20 19:00:00+00:00,2989.702392578125,2997.97265625,2980.40966796875,2991.9599609375,965386240
2026-01-20 20:00:00+00:00,2992.3818359375,3000.656005859375,2982.5908203125,2996.720703125,435603456
2026-01-20 21:00:00+00:00,3001.27587890625,3001.830078125,2986.6728515625,2990.805908203125,330287104
2026-01-20 22:00:00+00:00,2990.792724609375,2993.60888671875,2932.468994140625,2946.0234375,1175828480
2026-01-20 23:00:00+00:00,2946.468017578125,2948.60791015625,2929.947998046875,2935.882080078125,80873472
2026-01-21 00:00:00+00:00,2936.23193359375,2964.739501953125,2921.62841796875,2958.314208984375,627355648
2026-01-21 01:00:00+00:00,2956.637939453125,2969.475830078125,2952.949462890625,2962.586181640625,275226624
2026-01-21 02:00:00+00:00,2961.79150390625,2970.264892578125,2955.110595703125,2958.6953125,78688256
2026-01-21 03:00:00+00:00,2958.001708984375,2979.224365234375,2958.001708984375,2977.99609375,222902272
2026-01-21 04:00:00+00:00,2977.99609375,2981.18994140625,2972.3759765625,2977.78173828125,32417792
2026-01-21 05:00:00+00:00,2976.735107421875,2997.038818359375,2974.7890625,2988.97265625,0
2026-01-21 06:00:00+00:00,2989.97900390625,2990.097412109375,2973.2998046875,2975.861572265625,0
2026-01-21 07:00:00+00:00,2976.939453125,2981.68798828125,2963.857666015625,2965.843994140625,0
2026-01-21 08:00:00+00:00,2967.681396484375,2970.13232421875,2954.8583984375,2962.2548828125,0
2026-01-21 09:00:00+00:00,2962.036376953125,2970.813232421875,2948.666259765625,2948.666259765625,0
2026-01-21 10:00:00+00:00,2950.542236328125,2966.224609375,2950.372802734375,2961.5146484375,0
2026-01-21 11:00:00+00:00,2961.06787109375,2967.529296875,2940.113525390625,2940.113525390625,0
2026-01-21 12:00:00+00:00,2940.58837890625,2941.706787109375,2902.169921875,2927.639892578125,3056087040
2026-01-21 13:00:00+00:00,2928.130126953125,2941.682861328125,2919.31884765625,2929.366943359375,0
2026-01-21 14:00:00+00:00,2927.20703125,2988.3828125,2922.16845703125,2983.14892578125,904409088
2026-01-21 15:00:00+00:00,2978.689453125,3018.67431640625,2975.773681640625,3001.427490234375,0
2026-01-21 16:00:00+00:00,2999.651611328125,3000.5361328125,2887.6201171875,2896.14599609375,227160064
2026-01-21 17:00:00+00:00,2889.84375,2907.908203125,2867.264404296875,2901.942138671875,2175123456
2026-01-21 18:00:00+00:00,2901.609130859375,2928.841796875,2888.333251953125,2925.15673828125,182020096
2026-01-21 19:00:00+00:00,2924.443359375,3063.312255859375,2915.209716796875,3054.079833984375,2747316224
2026-01-21 20:00:00+00:00,3052.4228515625,3052.4228515625,3002.861083984375,3029.564208984375,1004654592
2026-01-21 21:00:00+00:00,3027.966552734375,3038.01806640625,3021.364501953125,3031.85546875,298991616
2026-01-21 22:00:00+00:00,3029.866943359375,3041.713134765625,3009.306396484375,3009.93896484375,0
2026-01-21 23:00:00+00:00,3008.771728515625,3020.150390625,2972.14306640625,2979.307861328125,0
2026-01-22 00:00:00+00:00,2979.63525390625,3007.111572265625,2979.63525390625,3002.58984375,0
2026-01-22 01:00:00+00:00,3002.677734375,3027.7177734375,3001.745849609375,3026.40576171875,0
2026-01-22 02:00:00+00:00,3025.89306640625,3034.338134765625,3013.79052734375,3015.783203125,0
2026-01-22 03:00:00+00:00,3015.4697265625,3026.958740234375,3001.01513671875,3011.087158203125,642619392
2026-01-22 04:00:00+00:00,3010.37451171875,3021.137451171875,3008.999755859375,3021.137451171875,0
2026-01-22 05:00:00+00:00,3020.3173828125,3022.951416015625,3012.404296875,3013.295166015625,0
2026-01-22 06:00:00+00:00,3016.44384765625,3023.0380859375,3007.193359375,3017.115478515625,381892608
2026-01-22 07:00:00+00:00,3016.191162109375,3017.842529296875,2998.20849609375,2998.20849609375,0
2026-01-22 08:00:00+00:00,2998.224365234375,3004.44921875,2991.32470703125,3002.08642578125,0
2026-01-22 09:00:00+00:00,3001.905029296875,3013.04736328125,3000.917724609375,3011.42333984375,634511360
2026-01-22 10:00:00+00:00,3011.25439453125,3011.765380859375,2997.89501953125,3001.306640625,202883072
2026-01-22 11:00:00+00:00,3001.130126953125,3003.2783203125,2977.3857421875,2983.9384765625,166379520
2026-01-22 12:00:00+00:00,2983.941162109375,2993.553955078125,2978.41943359375,2987.35205078125,0
2026-01-22 13:00:00+00:00,2989.048583984375,3003.057861328125,2962.659423828125,2968.935302734375,304683008
2026-01-22 14:00:00+00:00,2969.985595703125,2977.87158203125,2936.975341796875,2938.2578125,0
2026-01-22 15:00:00+00:00,2938.9638671875,2960.757080078125,2905.562744140625,2940.91845703125,0
2026-01-22 16:00:00+00:00,2941.138916015625,2952.752197265625,2925.73828125,2942.6845703125,0
2026-01-22 17:00:00+00:00,2943.70458984375,2957.678466796875,2933.797119140625,2957.593017578125,0
2026-01-22 18:00:00+00:00,2958.954345703125,2965.281005859375,2935.83203125,2935.83203125,0
2026-01-22 19:00:00+00:00,2936.43310546875,2958.51953125,2930.2314453125,2951.595703125,0
2026-01-22 20:00:00+00:00,2951.38671875,2953.491455078125,2929.087158203125,2936.1787109375,0
2026-01-22 21:00:00+00:00,2940.195068359375,2946.9970703125,2932.438232421875,2942.28564453125,0
2026-01-22 22:00:00+00:00,2942.615234375,2953.580078125,2942.049560546875,2948.1484375,0
2026-01-22 23:00:00+00:00,2946.0908203125,2953.049072265625,2938.5302734375,2949.44580078125,0
2026-01-23 00:00:00+00:00,2949.41748046875,2953.054443359375,2945.209228515625,2950.7861328125,0
2026-01-23 01:00:00+00:00,2950.105224609375,2965.197265625,2950.105224609375,2964.78369140625,0
2026-01-23 02:00:00+00:00,2966.02197265625,2966.02197265625,2951.21044921875,2951.331787109375,0
2026-01-23 03:00:00+00:00,2950.24365234375,2961.9345703125,2949.54296875,2960.040283203125,0
2026-01-23 04:00:00+00:00,2960.37841796875,2979.115234375,2959.85009765625,2977.571533203125,5591040
2026-01-23 05:00:00+00:00,2975.935791015625,2975.935791015625,2962.711669921875,2965.036865234375,302739456
2026-01-23 06:00:00+00:00,2965.509765625,2971.10791015625,2935.650634765625,2936.41357421875,116543488
2026-01-23 07:00:00+00:00,2935.762451171875,2946.84619140625,2933.950927734375,2945.063720703125,398340096
2026-01-23 08:00:00+00:00,2945.101318359375,2946.239013671875,2919.328369140625,2924.12060546875,173621248
2026-01-23 09:00:00+00:00,2924.073974609375,2930.154296875,2912.80224609375,2917.021240234375,416696320
2026-01-23 10:00:00+00:00,2917.2626953125,2929.830078125,2913.49755859375,2926.905517578125,0
2026-01-23 11:00:00+00:00,2927.2080078125,2941.50244140625,2925.741943359375,2935.152587890625,0
2026-01-23 12:00:00+00:00,2936.7255859375,2936.7255859375,2926.768798828125,2932.373291015625,0
2026-01-23 13:00:00+00:00,2931.497314453125,2939.054931640625,2925.483154296875,2926.5244140625,0
2026-01-23 14:00:00+00:00,2927.04150390625,2937.105224609375,2893.209228515625,2913.327880859375,0
2026-01-23 15:00:00+00:00,2912.574951171875,2955.408447265625,2901.669921875,2946.415283203125,0
2026-01-23 16:00:00+00:00,2948.543212890625,2974.024169921875,2939.537353515625,2964.290771484375,0
2026-01-23 17:00:00+00:00,2963.60791015625,3013.9541015625,2958.087890625,2983.4560546875,1782798336
2026-01-23 18:00:00+00:00,2983.592041015625,3002.8251953125,2977.812255859375,2987.438232421875,247699456
2026-01-23 19:00:00+00:00,2985.068359375,2985.068359375,2947.688720703125,2955.701416015625,32983040
2026-01-23 20:00:00+00:00,2955.633544921875,2958.3203125,2928.576171875,2941.109130859375,530905088
2026-01-23 21:00:00+00:00,2936.48193359375,2948.643310546875,2936.48193359375,2940.634033203125,107900928
2026-01-23 22:00:00+00:00,2940.730224609375,2957.203857421875,2940.730224609375,2956.97802734375,0
2026-01-23 23:00:00+00:00,2956.359375,2956.359375,2948.5869140625,2953.23828125,0
2026-01-24 00:00:00+00:00,2952.7431640625,2953.91748046875,2946.25341796875,2948.590576171875,0
2026-01-24 01:00:00+00:00,2946.8349609375,2954.90478515625,2946.8349609375,2951.22021484375,0
2026-01-24 02:00:00+00:00,2951.729248046875,2956.930419921875,2951.47412109375,2954.762939453125,0
2026-01-24 03:00:00+00:00,2954.828369140625,2965.26123046875,2954.252197265625,2958.4296875,162453504
2026-01-24 04:00:00+00:00,2958.311279296875,2961.791259765625,2955.85791015625,2959.24169921875,0
2026-01-24 05:00:00+00:00,2959.147216796875,2961.068115234375,2954.3203125,2955.725341796875,0
2026-01-24 06:00:00+00:00,2956.191650390625,2959.089111328125,2955.00732421875,2957.44677734375,0
2026-01-24 07:00:00+00:00,2957.387451171875,2957.387451171875,2950.94677734375,2953.38330078125,0
2026-01-24 08:00:00+00:00,2953.534912109375,2957.50927734375,2951.415283203125,2957.50927734375,0
2026-01-24 09:00:00+00:00,2957.63427734375,2959.79736328125,2955.846923828125,2956.081787109375,0
2026-01-24 10:00:00+00:00,2956.057373046875,2957.277099609375,2954.6328125,2957.098876953125,0
2026-01-24 11:00:00+00:00,2957.093994140625,2959.5830078125,2956.64453125,2956.64453125,0
2026-01-24 12:00:00+00:00,2956.37060546875,2958.8916015625,2955.036865234375,2958.12744140625,0
2026-01-24 13:00:00+00:00,2958.055908203125,2958.667236328125,2955.408935546875,2955.504638671875,0
2026-01-24 14:00:00+00:00,2951.16650390625,2955.04931640625,2943.447021484375,2954.761474609375,0
2026-01-24 15:00:00+00:00,2954.90869140625,2962.66650390625,2951.504150390625,2951.504150390625,0
2026-01-24 16:00:00+00:00,2952.74560546875,2956.60888671875,2948.413818359375,2954.418701171875,0
2026-01-24 17:00:00+00:00,2954.32177734375,2960.06689453125,2953.82666015625,2959.322509765625,0
2026-01-24 18:00:00+00:00,2959.197021484375,2963.276611328125,2958.18310546875,2959.381103515625,0
2026-01-24 19:00:00+00:00,2959.256591796875,2959.256591796875,2949.366455078125,2950.67041015625,0
2026-01-24 20:00:00+00:00,2949.733642578125,2953.81884765625,2949.323974609375,2952.1396484375,0
2026-01-24 21:00:00+00:00,2952.112060546875,2952.142822265625,2946.234619140625,2952.142822265625,0
2026-01-24 22:00:00+00:00,2953.12109375,2959.389404296875,2953.12109375,2956.851318359375,0
2026-01-24 23:00:00+00:00,2958.0595703125,2959.63720703125,2948.48046875,2948.534423828125,209920
2026-01-25 00:00:00+00:00,2948.65283203125,2953.735107421875,2948.65283203125,2953.735107421875,0
2026-01-25 01:00:00+00:00,2954.11376953125,2954.96044921875,2945.71337890625,2950.361328125,76206080
2026-01-25 02:00:00+00:00,2950.4658203125,2952.71826171875,2948.6708984375,2949.04296875,0
2026-01-25 03:00:00+00:00,2948.716552734375,2949.701416015625,2934.318115234375,2938.7080078125,0
2026-01-25 04:00:00+00:00,2938.48095703125,2944.2548828125,2937.062744140625,2942.110107421875,191442432
2026-01-25 05:00:00+00:00,2940.93359375,2943.78173828125,2938.182373046875,2942.80615234375,47011328
2026-01-25 06:00:00+00:00,2942.661865234375,2942.661865234375,2932.1650390625,2939.370361328125,121939968
2026-01-25 07:00:00+00:00,2939.337646484375,2939.337646484375,2934.58935546875,2934.908935546875,0
2026-01-25 08:00:00+00:00,2935.078857421875,2939.6787109375,2922.491943359375,2926.61865234375,397803520
2026-01-25 09:00:00+00:00,2926.06103515625,2934.39111328125,2923.56591796875,2931.26318359375,113028608
2026-01-25 10:00:00+00:00,2931.230712890625,2942.464599609375,2931.230712890625,2940.928955078125,464528896
2026-01-25 11:00:00+00:00,2940.794189453125,2940.794189453125,2928.0869140625,2932.469482421875,245733376
2026-01-25 12:00:00+00:00,2932.781494140625,2938.394287109375,2928.83642578125,2937.9306640625,172613632
2026-01-25 13:00:00+00:00,2937.9189453125,2940.121826171875,2932.154296875,2938.421630859375,182955008
2026-01-25 14:00:00+00:00,2938.2109375,2938.2109375,2921.921630859375,2928.999755859375,67320832
2026-01-25 15:00:00+00:00,2928.77783203125,2930.738525390625,2919.6728515625,2921.63916015625,0
2026-01-25 16:00:00+00:00,2922.57470703125,2922.57470703125,2878.46337890625,2893.77099609375,2301444096
2026-01-25 17:00:00+00:00,2893.048828125,2893.1044921875,2877.380615234375,2880.1357421875,383022080
2026-01-25 18:00:00+00:00,2880.314208984375,2883.92431640625,2831.651123046875,2845.67578125,2320598016
2026-01-25 19:00:00+00:00,2845.16162109375,2849.15185546875,2799.777099609375,2810.1083984375,2059327488
2026-01-25 20:00:00+00:00,2809.589111328125,2816.74755859375,2786.725341796875,2806.2587890625,2163987456
2026-01-25 21:00:00+00:00,2812.919189453125,2820.458251953125,2803.497802734375,2815.724609375,1254871040
2026-01-25 22:00:00+00:00,2815.454345703125,2815.454345703125,2788.183349609375,2801.603515625,1241792512
2026-01-25 23:00:00+00:00,2803.12060546875,2817.320556640625,2785.896728515625,2815.14404296875,1114122240
2026-01-26 00:00:00+00:00,2815.301513671875,2840.06689453125,2813.182373046875,2837.65185546875,1301995520
2026-01-26 01:00:00+00:00,2838.72900390625,2892.1875,2836.257568359375,2877.47802734375,1569007616
2026-01-26 02:00:00+00:00,2878.766357421875,2880.468994140625,2860.8251953125,2860.8251953125,942215168
2026-01-26 03:00:00+00:00,2861.380126953125,2866.519287109375,2838.3935546875,2843.313720703125,524509184
2026-01-26 04:00:00+00:00,2845.724853515625,2870.080322265625,2845.724853515625,2861.52783203125,354379776
2026-01-26 05:00:00+00:00,2861.8544921875,2867.78662109375,2857.218017578125,2867.00830078125,1202233344
2026-01-26 06:00:00+00:00,2866.75537109375,2887.700439453125,2864.166259765625,2887.700439453125,730214400
2026-01-26 07:00:00+00:00,2887.8564453125,2902.778564453125,2886.727294921875,2900.336669921875,838643712
2026-01-26 08:00:00+00:00,2900.044189453125,2918.569580078125,2895.21240234375,2908.876953125,1111093248
2026-01-26 09:00:00+00:00,2908.86962890625,2908.86962890625,2879.006591796875,2882.495361328125,362213376
2026-01-26 10:00:00+00:00,2882.6943359375,2898.020263671875,2882.6943359375,2893.23193359375,371386368
2026-01-26 11:00:00+00:00,2893.116943359375,2896.97802734375,2887.293212890625,2889.08642578125,361125888
2026-01-26 12:00:00+00:00,2889.065673828125,2908.974853515625,2889.065673828125,2898.58251953125,253335552
2026-01-26 13:00:00+00:00,2899.173095703125,2906.914794921875,2896.0341796875,2906.857666015625,243478528
2026-01-26 14:00:00+00:00,2906.59814453125,2924.912353515625,2877.975830078125,2923.01513671875,2306842624
2026-01-26 15:00:00+00:00,2920.890869140625,2944.810546875,2888.3037109375,2897.884521484375,1992445952
2026-01-26 16:00:00+00:00,2896.220703125,2913.430419921875,2890.04052734375,2900.053955078125,0
2026-01-26 17:00:00+00:00,2898.7236328125,2910.904296875,2885.574462890625,2906.47705078125,293748736
2026-01-26 18:00:00+00:00,2906.479248046875,2928.23388671875,2906.479248046875,2928.23388671875,0
2026-01-26 19:00:00+00:00,2928.80322265625,2930.965576171875,2916.86083984375,2919.920654296875,0
2026-01-26 20:00:00+00:00,2919.67236328125,2925.949951171875,2895.781005859375,2897.830322265625,0
2026-01-26 21:00:00+00:00,2897.806640625,2937.71923828125,2894.0146484375,2926.148681640625,0
2026-01-26 22:00:00+00:00,2926.096435546875,2932.136962890625,2916.96142578125,2923.137939453125,0
2026-01-26 23:00:00+00:00,2920.47607421875,2940.472900390625,2917.0517578125,2926.201171875,0
2026-01-27 00:00:00+00:00,2923.72900390625,2925.83984375,2915.322265625,2916.8349609375,0
2026-01-27 01:00:00+00:00,2917.54443359375,2935.337646484375,2909.979736328125,2928.278564453125,0
2026-01-27 02:00:00+00:00,2928.643310546875,2941.163818359375,2928.643310546875,2941.035400390625,0
2026-01-27 03:00:00+00:00,2941.906982421875,2943.736083984375,2934.312744140625,2937.344970703125,0
2026-01-27 04:00:00+00:00,2937.496337890625,2949.443359375,2934.5478515625,2937.0185546875,0
2026-01-27 05:00:00+00:00,2937.01123046875,2937.905517578125,2930.427978515625,2935.389404296875,0
2026-01-27 06:00:00+00:00,2935.494873046875,2938.10693359375,2921.3759765625,2924.531982421875,0
2026-01-27 07:00:00+00:00,2924.95263671875,2933.3662109375,2924.076416015625,2924.076416015625,0
2026-01-27 08:00:00+00:00,2925.0478515625,2928.65283203125,2917.1357421875,2920.17919921875,0
2026-01-27 09:00:00+00:00,2919.5234375,2919.5234375,2904.1748046875,2904.30712890625,0
2026-01-27 10:00:00+00:00,2903.94482421875,2910.555419921875,2898.4931640625,2899.26513671875,575707136
2026-01-27 11:00:00+00:00,2899.541259765625,2917.778076171875,2898.51708984375,2913.662109375,0
2026-01-27 12:00:00+00:00,2913.144775390625,2922.539306640625,2912.6025390625,2912.8505859375,0
2026-01-27 13:00:00+00:00,2914.019287109375,2914.6123046875,2903.136962890625,2907.791259765625,0
2026-01-27 14:00:00+00:00,2908.29931640625,2937.58837890625,2905.74755859375,2915.189208984375,0
2026-01-27 15:00:00+00:00,2913.917236328125,2934.16796875,2912.815673828125,2934.16796875,0
2026-01-27 16:00:00+00:00,2933.62890625,2991.231201171875,2933.62890625,2986.677001953125,1618397184
2026-01-27 17:00:00+00:00,2986.8134765625,2987.936767578125,2917.542724609375,2924.962158203125,594944000
2026-01-27 18:00:00+00:00,2926.20751953125,2983.322021484375,2923.629150390625,2977.87109375,0
2026-01-27 19:00:00+00:00,2974.156494140625,2986.180908203125,2962.68603515625,2975.71630859375,661317632
2026-01-27 20:00:00+00:00,2976.07421875,3021.516357421875,2975.8740234375,3017.7705078125,1266651136
2026-01-27 21:00:00+00:00,3018.701171875,3025.1435546875,3004.316162109375,3011.4140625,37601280
2026-01-27 22:00:00+00:00,3011.310791015625,3017.468505859375,3001.580078125,3016.22998046875,684275712
2026-01-27 23:00:00+00:00,3015.481201171875,3030.765869140625,3008.024658203125,3022.237548828125,947230720
2026-01-28 00:00:00+00:00,3022.494873046875,3024.519775390625,3011.855224609375,3018.37548828125,0
2026-01-28 01:00:00+00:00,3020.054931640625,3021.164306640625,3005.015869140625,3014.969970703125,0
2026-01-28 02:00:00+00:00,3014.281982421875,3014.281982421875,3002.187744140625,3005.173828125,0
2026-01-28 03:00:00+00:00,3005.577392578125,3006.646484375,2993.48828125,3001.3017578125,0
2026-01-28 04:00:00+00:00,3000.863525390625,3002.241455078125,2989.794189453125,2995.655029296875,0
2026-01-28 05:00:00+00:00,2994.9033203125,3003.244873046875,2992.84521484375,2999.318115234375,0
2026-01-28 06:00:00+00:00,3000.01806640625,3012.733154296875,3000.01806640625,3011.076171875,0
2026-01-28 07:00:00+00:00,3010.291015625,3010.81005859375,2998.628662109375,3000.596435546875,113301504
2026-01-28 08:00:00+00:00,3000.455078125,3001.29833984375,2985.431396484375,2985.941650390625,227014656
2026-01-28 09:00:00+00:00,2986.591552734375,3009.37646484375,2983.227783203125,3006.728515625,6322176
2026-01-28 10:00:00+00:00,3011.4453125,3026.383544921875,3009.837890625,3022.416015625,268519424
2026-01-28 11:00:00+00:00,3021.889892578125,3040.244384765625,3013.1279296875,3036.20703125,192937984
2026-01-28 12:00:00+00:00,3036.021484375,3036.021484375,3021.046630859375,3027.295166015625,297510912
2026-01-28 13:00:00+00:00,3026.85986328125,3038.55322265625,3025.607177734375,3029.42626953125,740597760
2026-01-28 14:00:00+00:00,3029.992431640625,3029.992431640625,3005.657470703125,3009.388671875,0
2026-01-28 15:00:00+00:00,3008.90625,3014.379638671875,2986.56201171875,3005.01513671875,270729216
2026-01-28 16:00:00+00:00,3004.1494140625,3013.143798828125,2993.240966796875,2997.9365234375,0
2026-01-28 17:00:00+00:00,2995.927490234375,3022.460205078125,2991.0634765625,3015.08740234375,0
2026-01-28 18:00:00+00:00,3002.11669921875,3019.9052734375,2998.864013671875,3010.833251953125,0
2026-01-28 19:00:00+00:00,3011.13916015625,3018.49560546875,2995.101806640625,3018.49560546875,685645824
2026-01-28 20:00:00+00:00,3014.796875,3025.945068359375,3005.470703125,3011.856201171875,0
2026-01-28 21:00:00+00:00,3009.61376953125,3017.4658203125,2995.193603515625,3014.8408203125,0
2026-01-28 22:00:00+00:00,3018.32861328125,3021.623046875,3004.4658203125,3014.81884765625,0
2026-01-28 23:00:00+00:00,3014.429443359375,3016.349853515625,3005.22216796875,3006.26171875,3043328
2026-01-29 00:00:00+00:00,3007.909423828125,3007.909423828125,2994.0029296875,3004.06494140625,150362112
2026-01-29 01:00:00+00:00,3004.531005859375,3005.957763671875,2984.43798828125,2988.78173828125,172249088
2026-01-29 02:00:00+00:00,2989.065673828125,2994.240966796875,2944.902587890625,2953.358154296875,1086517248
2026-01-29 03:00:00+00:00,2952.47021484375,2966.68017578125,2944.9599609375,2948.854248046875,492316672
2026-01-29 04:00:00+00:00,2947.980712890625,2955.463623046875,2936.982177734375,2955.463623046875,269398016
2026-01-29 05:00:00+00:00,2955.309326171875,2960.068359375,2944.28369140625,2945.254150390625,0
2026-01-29 06:00:00+00:00,2948.1240234375,2954.78125,2948.1240234375,2951.052001953125,0
2026-01-29 07:00:00+00:00,2951.5400390625,2959.91357421875,2951.5380859375,2959.08447265625,0
2026-01-29 08:00:00+00:00,2956.8671875,2962.543701171875,2940.0634765625,2948.337158203125,472635392
2026-01-29 09:00:00+00:00,2948.133056640625,2950.251708984375,2940.20361328125,2940.38134765625,0
2026-01-29 10:00:00+00:00,2938.9150390625,2943.898681640625,2937.896484375,2939.673828125,0
2026-01-29 11:00:00+00:00,2939.7626953125,2939.7626953125,2920.74658203125,2925.728515625,265275392
2026-01-29 12:00:00+00:00,2926.74609375,2932.973388671875,2923.09375,2931.34716796875,0
2026-01-29 13:00:00+00:00,2931.831298828125,2933.7548828125,2928.107177734375,2929.777099609375,0
2026-01-29 14:00:00+00:00,2930.9375,2931.974853515625,2874.865478515625,2874.865478515625,83636224
2026-01-29 15:00:00+00:00,2872.760009765625,2872.760009765625,2794.35595703125,2818.19140625,3687825408
2026-01-29 16:00:00+00:00,2819.64697265625,2828.236572265625,2800.604736328125,2828.236572265625,2606290944
2026-01-29 17:00:00+00:00,2830.440673828125,2853.162353515625,2816.981201171875,2818.57373046875,2197129216
2026-01-29 18:00:00+00:00,2820.342041015625,2829.509033203125,2756.639892578125,2762.312255859375,2353803264
2026-01-29 19:00:00+00:00,2759.356689453125,2801.670166015625,2756.6572265625,2795.3818359375,823945216
2026-01-29 20:00:00+00:00,2792.222900390625,2803.15625,2784.671875,2798.021240234375,516196352
2026-01-29 21:00:00+00:00,2800.80908203125,2818.68896484375,2800.80908203125,2814.719482421875,1316872192
2026-01-29 22:00:00+00:00,2815.37646484375,2820.242919921875,2807.22119140625,2815.883544921875,259526656
2026-01-29 23:00:00+00:00,2815.498779296875,2822.618896484375,2808.97021484375,2818.135498046875,1187323904
2026-01-30 00:00:00+00:00,2818.053466796875,2823.904052734375,2799.533203125,2802.775634765625,148062208
2026-01-30 01:00:00+00:00,2800.7421875,2807.94677734375,2704.4130859375,2744.84765625,2637877248
2026-01-30 02:00:00+00:00,2743.001708984375,2743.001708984375,2702.10595703125,2728.7958984375,1729019904
2026-01-30 03:00:00+00:00,2731.931640625,2742.114501953125,2730.936767578125,2737.64111328125,426016768
2026-01-30 04:00:00+00:00,2736.59326171875,2768.8740234375,2734.323486328125,2751.895751953125,408182784
2026-01-30 05:00:00+00:00,2748.42333984375,2755.606689453125,2743.807861328125,2745.89208984375,460754944
2026-01-30 06:00:00+00:00,2743.7822265625,2743.7822265625,2695.627685546875,2714.876708984375,913969152
2026-01-30 07:00:00+00:00,2714.677001953125,2742.857421875,2714.677001953125,2736.082763671875,1227583488
2026-01-30 08:00:00+00:00,2736.228515625,2743.337646484375,2719.77978515625,2732.056884765625,0
2026-01-30 09:00:00+00:00,2732.25634765625,2737.236572265625,2707.2236328125,2717.204833984375,386199552
2026-01-30 10:00:00+00:00,2717.6826171875,2731.5712890625,2708.462158203125,2729.220703125,424050688
2026-01-30 11:00:00+00:00,2731.400634765625,2763.110595703125,2730.41357421875,2756.007568359375,0
2026-01-30 12:00:00+00:00,2757.02490234375,2760.70849609375,2733.99658203125,2735.04345703125,304881664
2026-01-30 13:00:00+00:00,2735.743408203125,2740.817138671875,2721.75,2724.38330078125,631263232
2026-01-30 14:00:00+00:00,2725.57568359375,2756.96435546875,2724.38134765625,2729.445068359375,1012502528
2026-01-30 15:00:00+00:00,2730.69140625,2747.212158203125,2696.8671875,2724.660400390625,0
2026-01-30 16:00:00+00:00,2725.697509765625,2735.962158203125,2707.082763671875,2720.476806640625,0
2026-01-30 17:00:00+00:00,2721.44921875,2734.498046875,2703.464599609375,2712.258544921875,0
2026-01-30 18:00:00+00:00,2709.7001953125,2735.0361328125,2639.2998046875,2734.614990234375,0
2026-01-30 19:00:00+00:00,2735.517333984375,2756.6669921875,2733.948974609375,2743.0947265625,63021056
2026-01-30 20:00:00+00:00,2739.88037109375,2739.88037109375,2663.46923828125,2672.138916015625,1601994752
2026-01-30 21:00:00+00:00,2679.0849609375,2707.658447265625,2676.815673828125,2704.89208984375,0
2026-01-30 22:00:00+00:00,2704.630126953125,2704.630126953125,2689.9072265625,2703.648193359375,82788352
2026-01-30 23:00:00+00:00,2705.15234375,2705.2451171875,2691.062255859375,2702.301513671875,0
2026-01-31 00:00:00+00:00,2702.515869140625,2709.524169921875,2699.653564453125,2702.658203125,0
2026-01-31 01:00:00+00:00,2702.62353515625,2708.994384765625,2695.086669921875,2695.086669921875,0
2026-01-31 02:00:00+00:00,2695.18310546875,2702.5078125,2681.65673828125,2698.547607421875,0
2026-01-31 03:00:00+00:00,2698.51806640625,2700.956298828125,2690.546630859375,2692.19775390625,0
2026-01-31 04:00:00+00:00,2691.64306640625,2699.6572265625,2688.979248046875,2690.214599609375,0
2026-01-31 05:00:00+00:00,2690.53857421875,2698.1708984375,2687.716552734375,2693.019287109375,0
2026-01-31 06:00:00+00:00,2692.944580078125,2695.188720703125,2681.066650390625,2688.026123046875,0
2026-01-31 07:00:00+00:00,2687.947021484375,2688.25341796875,2665.36767578125,2675.068115234375,0
2026-01-31 08:00:00+00:00,2674.76416015625,2677.44580078125,2615.446044921875,2639.846923828125,1856434176
2026-01-31 09:00:00+00:00,2639.814697265625,2653.005615234375,2631.1611328125,2646.629638671875,65331200
2026-01-31 10:00:00+00:00,2644.269775390625,2650.424072265625,2633.91650390625,2648.5966796875,0
2026-01-31 11:00:00+00:00,2647.626708984375,2647.626708984375,2631.2958984375,2636.244873046875,0
2026-01-31 12:00:00+00:00,2636.46826171875,2639.029541015625,2626.985595703125,2629.839111328125,0
2026-01-31 13:00:00+00:00,2628.695556640625,2632.0537109375,2615.4267578125,2623.721435546875,97306624
2026-01-31 14:00:00+00:00,2624.3291015625,2631.638916015625,2515.480712890625,2536.607666015625,3520393216
2026-01-31 15:00:00+00:00,2535.531005859375,2546.06396484375,2525.432861328125,2525.432861328125,0
2026-01-31 16:00:00+00:00,2530.14990234375,2540.080078125,2472.41259765625,2477.49365234375,1236901888
2026-01-31 17:00:00+00:00,2479.211181640625,2488.492431640625,2389.780517578125,2396.602294921875,5304274944
2026-01-31 18:00:00+00:00,2398.955322265625,2410.35302734375,2263.35888671875,2374.62353515625,2808377344
2026-01-31 19:00:00+00:00,2377.7529296875,2424.44384765625,2373.22509765625,2385.441162109375,1787617280
2026-01-31 20:00:00+00:00,2380.810546875,2398.814208984375,2358.320556640625,2380.975830078125,0
2026-01-31 21:00:00+00:00,2380.537841796875,2416.357666015625,2371.603515625,2416.357666015625,678072320
2026-01-31 22:00:00+00:00,2415.65087890625,2420.95068359375,2406.842041015625,2418.86767578125,48263168
2026-01-31 23:00:00+00:00,2416.23583984375,2468.62451171875,2416.23583984375,2445.0693359375,1621012480
2026-02-01 00:00:00+00:00,2449.217041015625,2472.598388671875,2444.84521484375,2449.038818359375,841760768
2026-02-01 01:00:00+00:00,2449.489990234375,2452.169677734375,2429.290283203125,2441.927490234375,402534400
2026-02-01 02:00:00+00:00,2442.146240234375,2455.92724609375,2438.19921875,2451.63671875,389304320
2026-02-01 03:00:00+00:00,2451.199951171875,2453.3759765625,2437.168701171875,2442.426513671875,344363008
2026-02-01 04:00:00+00:00,2443.02490234375,2450.837646484375,2439.50244140625,2448.36328125,297525248
2026-02-01 05:00:00+00:00,2446.810302734375,2446.810302734375,2424.27392578125,2427.524169921875,610652160
2026-02-01 06:00:00+00:00,2427.98828125,2436.305908203125,2410.282470703125,2416.227783203125,624611328
2026-02-01 07:00:00+00:00,2416.022705078125,2429.375,2392.283203125,2409.04931640625,845574144
2026-02-01 08:00:00+00:00,2408.418212890625,2424.26220703125,2398.1923828125,2410.522705078125,0
2026-02-01 09:00:00+00:00,2410.438232421875,2434.265869140625,2406.334228515625,2434.265869140625,0
2026-02-01 10:00:00+00:00,2431.456787109375,2435.70947265625,2375.302001953125,2376.948974609375,0
2026-02-01 11:00:00+00:00,2378.961181640625,2420.088623046875,2378.961181640625,2410.064697265625,1331097600
2026-02-01 12:00:00+00:00,2409.62939453125,2409.62939453125,2384.865966796875,2396.14892578125,346210304
2026-02-01 13:00:00+00:00,2393.88671875,2407.427490234375,2374.4501953125,2378.687255859375,0
2026-02-01 14:00:00+00:00,2375.109130859375,2385.00390625,2331.6357421875,2377.378662109375,0
2026-02-01 15:00:00+00:00,2372.33642578125,2372.33642578125,2287.963623046875,2320.238037109375,1300213760
2026-02-01 16:00:00+00:00,2313.127685546875,2327.3671875,2288.06982421875,2303.20947265625,0
2026-02-01 17:00:00+00:00,2303.7958984375,2318.76171875,2297.6513671875,2307.054931640625,0
2026-02-01 18:00:00+00:00,2311.88720703125,2372.927001953125,2311.88720703125,2341.508544921875,0
2026-02-01 19:00:00+00:00,2349.099609375,2349.099609375,2307.048095703125,2314.083251953125,0
2026-02-01 20:00:00+00:00,2317.866943359375,2340.817626953125,2298.3515625,2312.56640625,939073536
2026-02-01 21:00:00+00:00,2313.968994140625,2315.82421875,2283.392822265625,2284.408203125,0
2026-02-01 22:00:00+00:00,2289.144287109375,2324.922607421875,2288.572021484375,2320.21142578125,518955008
2026-02-01 23:00:00+00:00,2316.194091796875,2316.194091796875,2225.599365234375,2267.5625,2388303872
2026-02-02 00:00:00+00:00,2267.340087890625,2318.9736328125,2245.606201171875,2291.189697265625,442662912
2026-02-02 01:00:00+00:00,2291.60986328125,2311.382080078125,2252.365234375,2292.583740234375,1058263040
2026-02-02 02:00:00+00:00,2289.967529296875,2295.58251953125,2260.210205078125,2260.210205078125,167301120
2026-02-02 03:00:00+00:00,2259.5048828125,2263.287841796875,2170.072509765625,2237.751220703125,3770265600
2026-02-02 04:00:00+00:00,2236.228759765625,2261.010986328125,2207.363037109375,2239.57275390625,2039209984
2026-02-02 05:00:00+00:00,2238.30224609375,2238.30224609375,2184.7490234375,2198.148681640625,1065418752
2026-02-02 06:00:00+00:00,2197.04052734375,2228.591552734375,2162.213134765625,2221.765869140625,2200657920
2026-02-02 07:00:00+00:00,2222.0859375,2244.172119140625,2217.911865234375,2229.927734375,457936896
2026-02-02 08:00:00+00:00,2227.29833984375,2254.87109375,2227.29833984375,2252.47509765625,1203433472
2026-02-02 09:00:00+00:00,2247.791259765625,2313.541259765625,2237.1982421875,2288.544677734375,1278853120
2026-02-02 10:00:00+00:00,2287.917236328125,2295.535888671875,2272.940185546875,2274.864501953125,359952384
2026-02-02 11:00:00+00:00,2275.222412109375,2294.576171875,2273.4189453125,2278.506103515625,643567616
2026-02-02 12:00:00+00:00,2281.918701171875,2313.658447265625,2281.918701171875,2311.324951171875,467726336
2026-02-02 13:00:00+00:00,2309.946044921875,2331.528564453125,2301.8994140625,2331.528564453125,431009792
2026-02-02 14:00:00+00:00,2327.9375,2362.86669921875,2298.65771484375,2331.45947265625,1528459264
2026-02-02 15:00:00+00:00,2326.589599609375,2390.296875,2321.958251953125,2370.031005859375,0
2026-02-02 16:00:00+00:00,2370.353515625,2384.48388671875,2350.547607421875,2358.16259765625,445403136
2026-02-02 17:00:00+00:00,2357.60107421875,2377.545654296875,2347.410400390625,2353.023193359375,0
2026-02-02 18:00:00+00:00,2355.109130859375,2355.333251953125,2333.83740234375,2344.072509765625,0
2026-02-02 19:00:00+00:00,2343.500732421875,2346.9580078125,2328.5986328125,2336.821044921875,0
2026-02-02 20:00:00+00:00,2330.8671875,2337.146240234375,2312.770263671875,2318.9287109375,0
2026-02-02 21:00:00+00:00,2319.251708984375,2341.606201171875,2319.251708984375,2339.275634765625,0
2026-02-02 22:00:00+00:00,2339.728271484375,2351.3427734375,2335.765869140625,2347.579345703125,0
2026-02-02 23:00:00+00:00,2349.181884765625,2352.507080078125,2338.798583984375,2344.44580078125,0
2026-02-03 00:00:00+00:00,2344.615234375,2351.0283203125,2324.60009765625,2351.0283203125,0
2026-02-03 01:00:00+00:00,2352.181884765625,2356.781494140625,2337.62158203125,2351.576416015625,0
2026-02-03 02:00:00+00:00,2352.174560546875,2352.174560546875,2297.692138671875,2297.692138671875,0
2026-02-03 03:00:00+00:00,2296.74609375,2341.289306640625,2285.41796875,2341.289306640625,0
2026-02-03 04:00:00+00:00,2341.42236328125,2351.616943359375,2331.828125,2343.185302734375,146014208
2026-02-03 05:00:00+00:00,2343.48583984375,2343.48583984375,2314.730224609375,2314.730224609375,0
2026-02-03 06:00:00+00:00,2314.2275390625,2323.224365234375,2299.25341796875,2320.02685546875,0
2026-02-03 07:00:00+00:00,2319.447265625,2330.089599609375,2312.925537109375,2320.824951171875,0
2026-02-03 08:00:00+00:00,2320.2890625,2328.27880859375,2309.113037109375,2314.1015625,0
2026-02-03 09:00:00+00:00,2314.108642578125,2315.390869140625,2272.49755859375,2290.041015625,0
2026-02-03 10:00:00+00:00,2290.498291015625,2296.07666015625,2275.84033203125,2279.587646484375,0
2026-02-03 11:00:00+00:00,2279.989501953125,2284.553955078125,2269.692138671875,2275.25048828125,0
2026-02-03 12:00:00+00:00,2274.267578125,2302.94873046875,2271.891845703125,2301.085693359375,0
2026-02-03 13:00:00+00:00,2299.5068359375,2312.074462890625,2295.54052734375,2312.074462890625,0
2026-02-03 14:00:00+00:00,2309.601318359375,2313.888916015625,2257.37060546875,2257.37060546875,0
2026-02-03 15:00:00+00:00,2255.861572265625,2304.2880859375,2252.73046875,2303.793701171875,0
2026-02-03 16:00:00+00:00,2301.6767578125,2301.6767578125,2237.473388671875,2243.611083984375,1739431936
2026-02-03 17:00:00+00:00,2240.327880859375,2240.812255859375,2198.969970703125,2198.969970703125,1527779328
2026-02-03 18:00:00+00:00,2201.943359375,2201.943359375,2110.294189453125,2122.767333984375,4131375104
2026-02-03 19:00:00+00:00,2120.018310546875,2209.777099609375,2114.710693359375,2207.01611328125,2652647424
2026-02-03 20:00:00+00:00,2204.081787109375,2305.771728515625,2187.22607421875,2290.723388671875,3754057728
2026-02-03 21:00:00+00:00,2297.20556640625,2331.642578125,2280.03369140625,2281.973388671875,1828413440
2026-02-03 22:00:00+00:00,2281.131103515625,2281.131103515625,2228.75634765625,2232.2294921875,941842432
2026-02-03 23:00:00+00:00,2233.497314453125,2244.19384765625,2214.032958984375,2227.967041015625,352534528
2026-02-04 00:00:00+00:00,2228.46630859375,2252.40283203125,2223.07373046875,2237.656005859375,609697792
2026-02-04 01:00:00+00:00,2237.663818359375,2276.955810546875,2237.663818359375,2265.115234375,357089280
2026-02-04 02:00:00+00:00,2265.61474609375,2271.96142578125,2242.286376953125,2249.512939453125,0
2026-02-04 03:00:00+00:00,2248.79736328125,2291.13134765625,2248.143798828125,2280.9033203125,160669696
2026-02-04 04:00:00+00:00,2280.414794921875,2286.1142578125,2269.3291015625,2270.365478515625,0
2026-02-04 05:00:00+00:00,2270.814453125,2276.5791015625,2254.686767578125,2260.62548828125,0
2026-02-04 06:00:00+00:00,2262.070068359375,2278.986083984375,2258.104736328125,2273.896728515625,0
2026-02-04 07:00:00+00:00,2274.010498046875,2287.268798828125,2262.62451171875,2279.25341796875,69656576
2026-02-04 08:00:00+00:00,2280.50927734375,2281.689697265625,2265.171142578125,2275.671875,0
2026-02-04 09:00:00+00:00,2276.796875,2276.796875,2250.583984375,2258.02001953125,0
2026-02-04 10:00:00+00:00,2257.185546875,2260.45654296875,2248.593994140625,2258.0888671875,0
2026-02-04 11:00:00+00:00,2256.830322265625,2262.71484375,2226.084716796875,2254.01220703125,1069498368
2026-02-04 12:00:00+00:00,2253.403076171875,2258.70703125,2231.65966796875,2241.80517578125,0
2026-02-04 13:00:00+00:00,2241.002685546875,2241.377685546875,2195.895263671875,2195.940185546875,1231945728
2026-02-04 14:00:00+00:00,2195.27490234375,2214.2607421875,2169.734375,2169.734375,954871808
2026-02-04 15:00:00+00:00,2168.81396484375,2185.759033203125,2137.184326171875,2151.681396484375,1521098752
2026-02-04 16:00:00+00:00,2149.0078125,2151.5732421875,2106.1376953125,2132.611572265625,91312128
2026-02-04 17:00:00+00:00,2131.29443359375,2148.71533203125,2097.6474609375,2122.892333984375,881967104
2026-02-04 18:00:00+00:00,2121.353515625,2168.82421875,2074.491455078125,2148.32958984375,0
2026-02-04 19:00:00+00:00,2142.76123046875,2183.783447265625,2130.1044921875,2183.359619140625,0
2026-02-04 20:00:00+00:00,2183.682861328125,2183.682861328125,2158.840087890625,2167.014892578125,0
2026-02-04 21:00:00+00:00,2166.84814453125,2172.178466796875,2105.76611328125,2124.5546875,0
2026-02-04 22:00:00+00:00,2124.9736328125,2161.858154296875,2086.8896484375,2115.184326171875,321822720
2026-02-04 23:00:00+00:00,2116.65771484375,2159.254150390625,2112.012451171875,2144.047607421875,0
2026-02-05 00:00:00+00:00,2143.185302734375,2157.550537109375,2132.560791015625,2144.885986328125,0
2026-02-05 01:00:00+00:00,2145.560302734375,2164.244873046875,2121.850341796875,2145.7236328125,390230016
2026-02-05 02:00:00+00:00,2143.270263671875,2157.43505859375,2114.525146484375,2126.613037109375,767938560
2026-02-05 03:00:00+00:00,2119.50537109375,2129.654541015625,2099.601318359375,2104.270263671875,979587072
2026-02-05 04:00:00+00:00,2105.91259765625,2119.638671875,2085.17578125,2098.530029296875,1739677696
2026-02-05 05:00:00+00:00,2099.759033203125,2115.064208984375,2075.583251953125,2097.16845703125,1301995520
2026-02-05 06:00:00+00:00,2096.9384765625,2100.951171875,2071.10888671875,2082.931396484375,1109909504
2026-02-05 07:00:00+00:00,2083.005859375,2118.344482421875,2083.005859375,2085.529296875,478150656
2026-02-05 08:00:00+00:00,2086.41455078125,2115.98193359375,2086.41455078125,2111.958740234375,1224810496
2026-02-05 09:00:00+00:00,2107.756591796875,2142.76171875,2107.756591796875,2129.334716796875,1045241856
2026-02-05 10:00:00+00:00,2129.595947265625,2135.250732421875,2087.972900390625,2091.323974609375,0
2026-02-05 11:00:00+00:00,2093.613525390625,2100.35009765625,2063.676513671875,2075.181396484375,413556736
2026-02-05 12:00:00+00:00,2075.918212890625,2086.932373046875,2045.15185546875,2060.290771484375,1784856576
2026-02-05 13:00:00+00:00,2059.56494140625,2069.7587890625,2048.4384765625,2052.367919921875,0
2026-02-05 14:00:00+00:00,2054.669189453125,2096.009521484375,2045.100830078125,2045.100830078125,0
2026-02-05 15:00:00+00:00,2044.650634765625,2044.650634765625,1927.3572998046875,1956.20703125,1303408640
2026-02-05 16:00:00+00:00,1958.8409423828125,2008.1112060546875,1942.4422607421875,1993.453369140625,0
2026-02-05 17:00:00+00:00,1994.83154296875,1994.83154296875,1944.498046875,1951.523681640625,602189824
2026-02-05 18:00:00+00:00,1950.9522705078125,1961.0750732421875,1915.255859375,1947.092041015625,0
2026-02-05 19:00:00+00:00,1946.45263671875,1946.45263671875,1915.4996337890625,1922.7735595703125,835989504
2026-02-05 20:00:00+00:00,1924.1485595703125,1935.6639404296875,1830.1025390625,1865.9344482421875,3704819712
2026-02-05 21:00:00+00:00,1865.1068115234375,1900.80029296875,1837.3076171875,1844.1363525390625,2662092800
2026-02-05 22:00:00+00:00,1846.9990234375,1876.448974609375,1818.664306640625,1872.75048828125,1071988736
2026-02-05 23:00:00+00:00,1867.2333984375,1899.8944091796875,1819.3984375,1821.12939453125,0
2026-02-06 00:00:00+00:00,1823.2030029296875,1887.5518798828125,1748.627685546875,1872.6134033203125,7675789312
2026-02-06 01:00:00+00:00,1869.2325439453125,1936.7342529296875,1869.2325439453125,1926.0128173828125,3441176576
2026-02-06 02:00:00+00:00,1928.14208984375,1939.859619140625,1893.343994140625,1901.3408203125,747405312
2026-02-06 03:00:00+00:00,1905.4686279296875,1911.431884765625,1879.146728515625,1888.9052734375,0
2026-02-06 04:00:00+00:00,1890.0206298828125,1915.222900390625,1888.026611328125,1906.1383056640625,0
2026-02-06 05:00:00+00:00,1906.98095703125,1971.097412109375,1905.943115234375,1957.825927734375,0
2026-02-06 06:00:00+00:00,1956.5653076171875,1964.2257080078125,1911.7099609375,1914.3822021484375,390946816
2026-02-06 07:00:00+00:00,1905.91796875,1911.99072265625,1886.631103515625,1897.2008056640625,2491703296
2026-02-06 08:00:00+00:00,1896.8526611328125,1902.9200439453125,1866.9998779296875,1871.3460693359375,1336000512
2026-02-06 09:00:00+00:00,1872.429931640625,1925.650634765625,1871.217041015625,1917.423828125,1963900928
2026-02-06 10:00:00+00:00,1916.7757568359375,1929.5518798828125,1908.609130859375,1924.09228515625,1625923584
2026-02-06 11:00:00+00:00,1924.401611328125,1933.7215576171875,1918.2545166015625,1930.1917724609375,0
2026-02-06 12:00:00+00:00,1930.2158203125,1930.2158203125,1914.5103759765625,1920.4693603515625,0
2026-02-06 13:00:00+00:00,1920.38720703125,1956.670654296875,1918.8416748046875,1949.5361328125,0
2026-02-06 14:00:00+00:00,1947.8531494140625,1999.0474853515625,1932.761474609375,1978.7860107421875,661741568
2026-02-06 15:00:00+00:00,1975.4554443359375,1996.22998046875,1962.311279296875,1982.0,0
2026-02-06 16:00:00+00:00,1980.4561767578125,2044.5799560546875,1974.884033203125,2031.25634765625,0
2026-02-06 17:00:00+00:00,2035.6942138671875,2088.871826171875,2030.4383544921875,2068.46728515625,4383793152
2026-02-06 18:00:00+00:00,2068.23681640625,2068.23681640625,2032.5091552734375,2042.9420166015625,0
2026-02-06 19:00:00+00:00,2043.303955078125,2068.220947265625,2033.5128173828125,2064.68994140625,568074240
2026-02-06 20:00:00+00:00,2064.630859375,2090.328125,2045.814453125,2054.65673828125,0
2026-02-06 21:00:00+00:00,2054.114501953125,2059.176025390625,2043.630859375,2053.3916015625,0
2026-02-06 22:00:00+00:00,2052.2802734375,2082.164306640625,2047.6268310546875,2072.3095703125,0
2026-02-06 23:00:00+00:00,2073.4599609375,2085.159423828125,2053.194580078125,2063.333740234375,17539072
2026-02-07 00:00:00+00:00,2062.044189453125,2062.044189453125,2037.746337890625,2041.7049560546875,0
2026-02-07 01:00:00+00:00,2041.75634765625,2064.12060546875,2032.5072021484375,2064.12060546875,0
2026-02-07 02:00:00+00:00,2062.507080078125,2062.507080078125,2048.4091796875,2056.79052734375,0
2026-02-07 03:00:00+00:00,2058.705078125,2080.625732421875,2057.639892578125,2080.3984375,0
2026-02-07 04:00:00+00:00,2079.897705078125,2114.558837890625,2079.60302734375,2086.310546875,282218496
2026-02-07 05:00:00+00:00,2086.72216796875,2101.94970703125,2078.010009765625,2081.380859375,0
2026-02-07 06:00:00+00:00,2082.09326171875,2090.387451171875,2052.15625,2052.15625,0
2026-02-07 07:00:00+00:00,2046.7889404296875,2052.1708984375,1996.2757568359375,2027.431396484375,101199872
2026-02-07 08:00:00+00:00,2026.9462890625,2029.86279296875,2015.60986328125,2021.8876953125,0
2026-02-07 09:00:00+00:00,2021.2701416015625,2027.53955078125,2004.455078125,2011.3089599609375,0
2026-02-07 10:00:00+00:00,2012.4952392578125,2016.9627685546875,1999.19921875,2010.3944091796875,0
2026-02-07 11:00:00+00:00,2009.906982421875,2018.6556396484375,2007.0269775390625,2018.6556396484375,0
2026-02-07 12:00:00+00:00,2017.3585205078125,2069.377197265625,2017.3585205078125,2039.6904296875,535465984
2026-02-07 13:00:00+00:00,2043.6715087890625,2046.54541015625,2027.547607421875,2036.68603515625,0
2026-02-07 14:00:00+00:00,2038.2236328125,2046.34814453125,2011.58740234375,2019.3265380859375,0
2026-02-07 15:00:00+00:00,2018.369873046875,2057.554443359375,2017.156005859375,2050.132080078125,0
2026-02-07 16:00:00+00:00,2050.621337890625,2084.19970703125,2039.8604736328125,2049.714599609375,7650553856
2026-02-07 17:00:00+00:00,2050.010986328125,2070.10302734375,2034.4154052734375,2059.615966796875,0
2026-02-07 18:00:00+00:00,2059.569091796875,2105.754150390625,2059.569091796875,2095.849365234375,0
2026-02-07 19:00:00+00:00,2095.53173828125,2098.51806640625,2084.16259765625,2088.836181640625,0
2026-02-07 20:00:00+00:00,2090.254638671875,2108.96435546875,2084.596435546875,2103.661865234375,0
2026-02-07 21:00:00+00:00,2103.727294921875,2108.201416015625,2097.301513671875,2099.740478515625,0
2026-02-07 22:00:00+00:00,2099.852294921875,2105.440185546875,2087.462890625,2090.851806640625,0
2026-02-07 23:00:00+00:00,2089.097900390625,2093.5927734375,2072.73046875,2090.63330078125,4071424
2026-02-08 00:00:00+00:00,2089.215576171875,2092.10546875,2076.084228515625,2079.294921875,0
2026-02-08 01:00:00+00:00,2082.76953125,2095.708984375,2081.762451171875,2093.784912109375,0
2026-02-08 02:00:00+00:00,2094.80615234375,2105.39208984375,2081.945068359375,2085.646728515625,0
2026-02-08 03:00:00+00:00,2087.503662109375,2091.129638671875,2076.53076171875,2077.12939453125,0
2026-02-08 04:00:00+00:00,2077.449462890625,2081.365478515625,2066.697021484375,2081.365478515625,0
2026-02-08 05:00:00+00:00,2086.291259765625,2086.291259765625,2078.748291015625,2083.783935546875,180158464
2026-02-08 06:00:00+00:00,2083.39404296875,2086.47705078125,2076.138916015625,2076.865478515625,0
2026-02-08 07:00:00+00:00,2077.781494140625,2082.035888671875,2069.331298828125,2082.035888671875,0
2026-02-08 08:00:00+00:00,2082.35888671875,2118.64208984375,2077.31005859375,2115.045166015625,0
2026-02-08 09:00:00+00:00,2113.49072265625,2116.0498046875,2095.736083984375,2100.2919921875,0
2026-02-08 10:00:00+00:00,2101.130859375,2110.7119140625,2084.482421875,2094.83642578125,0
2026-02-08 11:00:00+00:00,2094.1982421875,2132.03466796875,2093.807861328125,2128.774658203125,336343040
2026-02-08 12:00:00+00:00,2130.663330078125,2140.518798828125,2125.016357421875,2125.33251953125,0
2026-02-08 13:00:00+00:00,2130.641357421875,2138.0712890625,2119.374267578125,2123.792236328125,0
2026-02-08 14:00:00+00:00,2124.669921875,2127.6904296875,2115.853271484375,2123.052490234375,0
2026-02-08 15:00:00+00:00,2124.662841796875,2128.6552734375,2099.62548828125,2107.47705078125,0
2026-02-08 16:00:00+00:00,2107.19873046875,2113.927001953125,2076.74560546875,2077.390380859375,0
2026-02-08 17:00:00+00:00,2079.338623046875,2093.77294921875,2079.338623046875,2090.82373046875,0
2026-02-08 18:00:00+00:00,2090.749755859375,2118.912841796875,2090.692626953125,2110.472412109375,0
2026-02-08 19:00:00+00:00,2108.75,2126.741943359375,2107.07568359375,2125.472900390625,0
2026-02-08 20:00:00+00:00,2125.399658203125,2125.399658203125,2101.90576171875,2102.75048828125,0
2026-02-08 21:00:00+00:00,2102.308837890625,2112.6474609375,2090.227783203125,2095.098876953125,0
2026-02-08 22:00:00+00:00,2095.324462890625,2109.156494140625,2093.878173828125,2109.156494140625,0
2026-02-08 23:00:00+00:00,2107.204345703125,2142.12353515625,2073.86767578125,2087.92138671875,1129132032
2026-02-09 00:00:00+00:00,2088.947021484375,2095.54638671875,2077.484375,2083.68896484375,385765376
2026-02-09 01:00:00+00:00,2083.64404296875,2098.435791015625,2055.8359375,2069.771240234375,613640192
2026-02-09 02:00:00+00:00,2069.5263671875,2092.11962890625,2065.537109375,2080.46435546875,231591936
2026-02-09 03:00:00+00:00,2079.374267578125,2100.103271484375,2079.374267578125,2096.18896484375,306696192
2026-02-09 04:00:00+00:00,2098.796875,2098.796875,2085.96875,2090.797119140625,0
2026-02-09 05:00:00+00:00,2089.173095703125,2093.943115234375,2082.82763671875,2093.320556640625,0
2026-02-09 06:00:00+00:00,2093.809814453125,2093.809814453125,2072.84814453125,2080.763427734375,522864640
2026-02-09 07:00:00+00:00,2079.93701171875,2084.454833984375,2065.034912109375,2066.037109375,35188736
2026-02-09 08:00:00+00:00,2064.260986328125,2067.84521484375,2035.304443359375,2050.93017578125,27625472
2026-02-09 09:00:00+00:00,2049.839599609375,2054.593505859375,2034.0167236328125,2037.2779541015625,97755136
2026-02-09 10:00:00+00:00,2038.982421875,2044.6640625,2013.659912109375,2020.6605224609375,377667584
2026-02-09 11:00:00+00:00,2020.623046875,2033.7098388671875,2019.52685546875,2024.1920166015625,0
2026-02-09 12:00:00+00:00,2024.9139404296875,2036.429443359375,2024.9139404296875,2033.292236328125,0
2026-02-09 13:00:00+00:00,2033.8656005859375,2047.44873046875,2023.8507080078125,2023.8507080078125,0
2026-02-09 14:00:00+00:00,2021.5120849609375,2044.324462890625,2010.770751953125,2041.91796875,1868937216
2026-02-09 15:00:00+00:00,2042.734375,2070.3505859375,2033.150634765625,2060.60498046875,788328448
2026-02-09 16:00:00+00:00,2061.105712890625,2104.12939453125,2047.8543701171875,2091.093505859375,980133888
2026-02-09 17:00:00+00:00,2089.88232421875,2130.5732421875,2077.56591796875,2125.96533203125,890540032
2026-02-09 18:00:00+00:00,2126.249267578125,2138.700927734375,2109.84814453125,2126.43310546875,1016999936
2026-02-09 19:00:00+00:00,2128.371826171875,2134.665283203125,2119.798095703125,2128.853515625,0
2026-02-09 20:00:00+00:00,2129.69384765625,2144.97607421875,2118.647705078125,2126.1728515625,1260500992
2026-02-09 21:00:00+00:00,2125.273193359375,2126.66845703125,2089.817626953125,2121.907470703125,125810688
2026-02-09 22:00:00+00:00,2122.3056640625,2122.688720703125,2110.8740234375,2111.43359375,680978432
2026-02-09 23:00:00+00:00,2113.974853515625,2119.8369140625,2101.276611328125,2104.181884765625,0
2026-02-10 00:00:00+00:00,2103.66162109375,2110.594970703125,2095.552734375,2099.21923828125,0
2026-02-10 01:00:00+00:00,2098.164794921875,2121.76220703125,2095.65380859375,2115.359130859375,0
2026-02-10 02:00:00+00:00,2115.31494140625,2119.10791015625,2102.72998046875,2105.737060546875,0
2026-02-10 03:00:00+00:00,2106.7216796875,2108.92431640625,2055.09033203125,2063.0068359375,716072960
2026-02-10 04:00:00+00:00,2063.41259765625,2072.712158203125,2062.51025390625,2069.312744140625,0
2026-02-10 05:00:00+00:00,2069.184814453125,2070.16455078125,2044.8138427734375,2052.68310546875,275998720
2026-02-10 06:00:00+00:00,2052.00732421875,2055.7490234375,1998.7525634765625,2005.9248046875,2240108544
2026-02-10 07:00:00+00:00,2007.072509765625,2015.615234375,2000.4798583984375,2007.281494140625,913860608
2026-02-10 08:00:00+00:00,2006.212890625,2014.8814697265625,1995.64697265625,2013.13330078125,236670976
2026-02-10 09:00:00+00:00,2013.1123046875,2027.7059326171875,2011.74267578125,2014.26953125,468285440
2026-02-10 10:00:00+00:00,2014.6552734375,2019.735107421875,2008.8367919921875,2013.896240234375,0
2026-02-10 11:00:00+00:00,2012.6329345703125,2020.4295654296875,2000.4228515625,2000.4228515625,0
2026-02-10 12:00:00+00:00,2001.367919921875,2015.261474609375,2001.367919921875,2007.48193359375,232747008
2026-02-10 13:00:00+00:00,2006.6845703125,2025.166748046875,2005.669677734375,2020.2479248046875,8138752
2026-02-10 14:00:00+00:00,2021.1060791015625,2035.5391845703125,1993.2955322265625,2010.3173828125,0
2026-02-10 15:00:00+00:00,2005.154052734375,2027.3089599609375,2005.154052734375,2022.073974609375,0
2026-02-10 16:00:00+00:00,2021.6650390625,2034.233642578125,2013.5987548828125,2025.94580078125,0
2026-02-10 17:00:00+00:00,2025.81201171875,2044.5965576171875,2020.1505126953125,2035.6148681640625,0
2026-02-10 18:00:00+00:00,2039.0263671875,2039.0263671875,1997.03759765625,2011.2469482421875,0
2026-02-10 19:00:00+00:00,2008.40576171875,2022.286376953125,2004.6219482421875,2015.430419921875,0
2026-02-10 20:00:00+00:00,2016.9112548828125,2018.4041748046875,2004.5419921875,2012.8240966796875,0
2026-02-10 21:00:00+00:00,2010.969482421875,2016.2841796875,1997.2177734375,2006.468505859375,0
2026-02-10 22:00:00+00:00,2006.6297607421875,2018.18603515625,2006.625,2016.0819091796875,0
2026-02-10 23:00:00+00:00,2016.2196044921875,2020.16552734375,2012.0916748046875,2019.580078125,0
2026-02-11 00:00:00+00:00,2020.357177734375,2028.3182373046875,2019.160888671875,2025.7398681640625,151574528
2026-02-11 01:00:00+00:00,2025.1376953125,2029.0531005859375,2016.29638671875,2023.046875,169142272
2026-02-11 02:00:00+00:00,2024.084716796875,2029.49267578125,2014.1710205078125,2016.7510986328125,0
2026-02-11 03:00:00+00:00,2016.4644775390625,2018.648193359375,1999.1561279296875,2008.5963134765625,0
2026-02-11 04:00:00+00:00,2008.0057373046875,2008.9281005859375,1965.1240234375,1970.3037109375,631281664
2026-02-11 05:00:00+00:00,1970.4644775390625,1978.7447509765625,1970.4644775390625,1973.644287109375,0
2026-02-11 06:00:00+00:00,1974.8402099609375,1975.56591796875,1944.592529296875,1947.7227783203125,0
2026-02-11 07:00:00+00:00,1948.7425537109375,1956.650634765625,1945.6270751953125,1951.134521484375,0
2026-02-11 08:00:00+00:00,1949.888427734375,1950.546142578125,1939.2081298828125,1948.866943359375,0
2026-02-11 09:00:00+00:00,1949.4818115234375,1952.239013671875,1943.1617431640625,1945.2454833984375,0
2026-02-11 10:00:00+00:00,1944.3956298828125,1944.4085693359375,1932.8016357421875,1937.39501953125,0
2026-02-11 11:00:00+00:00,1939.794189453125,1954.385009765625,1939.794189453125,1952.75830078125,115765248
2026-02-11 12:00:00+00:00,1952.582275390625,1964.8189697265625,1949.3436279296875,1951.2242431640625,154486784
2026-02-11 13:00:00+00:00,1950.9852294921875,1963.16357421875,1942.9722900390625,1962.849853515625,321359872
2026-02-11 14:00:00+00:00,1961.0662841796875,2003.268798828125,1939.838623046875,1939.838623046875,974598144
2026-02-11 15:00:00+00:00,1942.0516357421875,1942.0516357421875,1903.6851806640625,1930.6951904296875,1242546176
2026-02-11 16:00:00+00:00,1928.3179931640625,1953.493408203125,1912.7113037109375,1915.43994140625,244367360
2026-02-11 17:00:00+00:00,1914.673095703125,1939.2957763671875,1910.133544921875,1931.4757080078125,904579072
2026-02-11 18:00:00+00:00,1929.45556640625,1945.77734375,1916.02490234375,1942.6259765625,0
2026-02-11 19:00:00+00:00,1942.3055419921875,1955.9224853515625,1938.662353515625,1951.6099853515625,500166656
2026-02-11 20:00:00+00:00,1951.361328125,1956.6466064453125,1940.2216796875,1956.4346923828125,187254784
2026-02-11 21:00:00+00:00,1953.718994140625,1983.8372802734375,1950.9532470703125,1970.26220703125,1023096832
2026-02-11 22:00:00+00:00,1970.06298828125,1970.965576171875,1948.9285888671875,1951.677490234375,0
2026-02-11 23:00:00+00:00,1948.036865234375,1954.2291259765625,1933.291015625,1940.8411865234375,3471360
2026-02-12 00:00:00+00:00,1941.0098876953125,1960.953857421875,1941.0098876953125,1960.1444091796875,676644864
2026-02-12 01:00:00+00:00,1959.388916015625,1975.25341796875,1959.388916015625,1965.6427001953125,125270016
2026-02-12 02:00:00+00:00,1965.1741943359375,1967.36669921875,1957.2080078125,1957.9884033203125,0
2026-02-12 03:00:00+00:00,1957.285888671875,1967.1075439453125,1957.02783203125,1967.1075439453125,583090176
2026-02-12 04:00:00+00:00,1967.5821533203125,1973.069580078125,1959.9647216796875,1964.963134765625,0
2026-02-12 05:00:00+00:00,1964.8968505859375,1969.34521484375,1953.0938720703125,1967.821533203125,33179648
2026-02-12 06:00:00+00:00,1968.2921142578125,1979.804931640625,1965.4912109375,1969.8309326171875,0
2026-02-12 07:00:00+00:00,1970.0589599609375,1975.951171875,1965.2149658203125,1968.7899169921875,0
2026-02-12 08:00:00+00:00,1968.9742431640625,1971.800537109375,1958.0316162109375,1964.3370361328125,0
2026-02-12 09:00:00+00:00,1963.0799560546875,1986.0860595703125,1962.837646484375,1979.73828125,226560000
2026-02-12 10:00:00+00:00,1981.140625,1992.731201171875,1976.70068359375,1992.61572265625,0
2026-02-12 11:00:00+00:00,1993.3468017578125,1997.5968017578125,1985.338134765625,1988.856689453125,311437312
2026-02-12 12:00:00+00:00,1989.2958984375,1989.2958984375,1975.70458984375,1980.21630859375,0
2026-02-12 13:00:00+00:00,1979.9857177734375,1994.0509033203125,1975.9710693359375,1994.0509033203125,0
2026-02-12 14:00:00+00:00,1993.9998779296875,1993.9998779296875,1974.30224609375,1979.2113037109375,0
2026-02-12 15:00:00+00:00,1978.3502197265625,1980.9051513671875,1946.593505859375,1948.4622802734375,0
2026-02-12 16:00:00+00:00,1947.3587646484375,1948.66064453125,1898.2708740234375,1906.78857421875,325040128
2026-02-12 17:00:00+00:00,1906.5703125,1923.4635009765625,1905.2186279296875,1909.8507080078125,818077696
2026-02-12 18:00:00+00:00,1909.0484619140625,1923.054443359375,1902.1929931640625,1918.8770751953125,211552256
2026-02-12 19:00:00+00:00,1919.5826416015625,1937.3414306640625,1912.2442626953125,1923.9476318359375,0
2026-02-12 20:00:00+00:00,1923.508056640625,1930.4140625,1910.329345703125,1914.54248046875,219627520
2026-02-12 21:00:00+00:00,1913.8985595703125,1924.963134765625,1913.8985595703125,1920.8489990234375,0
2026-02-12 22:00:00+00:00,1921.63330078125,1943.010498046875,1920.4112548828125,1942.3321533203125,0
2026-02-12 23:00:00+00:00,1939.5972900390625,1947.720703125,1939.5972900390625,1946.6107177734375,202655744
2026-02-13 00:00:00+00:00,1946.1683349609375,1951.0394287109375,1929.631103515625,1933.1378173828125,0
2026-02-13 01:00:00+00:00,1932.9071044921875,1947.3509521484375,1932.9071044921875,1940.1651611328125,33216512
2026-02-13 02:00:00+00:00,1941.5,1949.399169921875,1940.954345703125,1948.67333984375,0
2026-02-13 03:00:00+00:00,1948.282470703125,1954.784423828125,1944.0233154296875,1950.6873779296875,521445376
2026-02-13 04:00:00+00:00,1952.4271240234375,1953.04443359375,1945.7669677734375,1945.7669677734375,0
2026-02-13 05:00:00+00:00,1942.8720703125,1944.4053955078125,1932.6165771484375,1932.6165771484375,34031616
2026-02-13 06:00:00+00:00,1933.148681640625,1936.39013671875,1924.57080078125,1935.7216796875,0
2026-02-13 07:00:00+00:00,1935.5059814453125,1946.426025390625,1932.6234130859375,1934.620849609375,222830592
2026-02-13 08:00:00+00:00,1934.3966064453125,1959.5472412109375,1934.3966064453125,1956.789306640625,115021824
2026-02-13 09:00:00+00:00,1957.1578369140625,1963.5418701171875,1952.8133544921875,1960.0076904296875,51789824
2026-02-13 10:00:00+00:00,1960.3114013671875,1966.1556396484375,1955.7318115234375,1957.9599609375,50075648
2026-02-13 11:00:00+00:00,1957.71875,1959.4794921875,1947.2012939453125,1959.2269287109375,0
2026-02-13 12:00:00+00:00,1958.636962890625,1962.3323974609375,1951.8594970703125,1959.6341552734375,0
2026-02-13 13:00:00+00:00,1959.5699462890625,1977.552490234375,1955.5069580078125,1969.0118408203125,966828032
2026-02-13 14:00:00+00:00,1969.02294921875,1998.1866455078125,1962.7147216796875,1987.660400390625,367960064
2026-02-13 15:00:00+00:00,1993.9959716796875,2048.984130859375,1986.383544921875,2031.1822509765625,1393080320
2026-02-13 16:00:00+00:00,2032.8355712890625,2068.44677734375,2031.8580322265625,2060.787353515625,0
2026-02-13 17:00:00+00:00,2055.593994140625,2065.22412109375,2049.00244140625,2060.18701171875,0
2026-02-13 18:00:00+00:00,2058.3876953125,2061.725341796875,2052.36083984375,2055.9052734375,0
2026-02-13 19:00:00+00:00,2056.5615234375,2060.395263671875,2053.007080078125,2057.629150390625,0
2026-02-13 20:00:00+00:00,2057.73291015625,2057.78369140625,2039.6796875,2044.5650634765625,0
2026-02-13 21:00:00+00:00,2044.9913330078125,2056.63671875,2044.9913330078125,2051.8662109375,180764672
2026-02-13 22:00:00+00:00,2052.657470703125,2057.155517578125,2045.58447265625,2051.687744140625,0
2026-02-13 23:00:00+00:00,2052.9921875,2052.9921875,2046.4239501953125,2048.330322265625,0
2026-02-14 00:00:00+00:00,2048.4150390625,2054.49169921875,2042.8388671875,2054.49169921875,0
2026-02-14 01:00:00+00:00,2054.304443359375,2055.697509765625,2050.37158203125,2053.91357421875,0
2026-02-14 02:00:00+00:00,2053.70703125,2053.70703125,2047.5810546875,2049.68701171875,0
2026-02-14 03:00:00+00:00,2049.2412109375,2054.700439453125,2048.699951171875,2053.71533203125,0
2026-02-14 04:00:00+00:00,2053.28125,2056.6640625,2051.930908203125,2052.892578125,0
2026-02-14 05:00:00+00:00,2052.652587890625,2055.0029296875,2050.30078125,2050.30078125,0
2026-02-14 06:00:00+00:00,2050.3955078125,2053.41455078125,2048.685546875,2052.91162109375,0
2026-02-14 07:00:00+00:00,2052.59814453125,2059.14404296875,2050.700927734375,2056.255126953125,0
2026-02-14 08:00:00+00:00,2056.3271484375,2083.226318359375,2056.3271484375,2081.947021484375,584620032
2026-02-14 09:00:00+00:00,2081.37744140625,2086.580322265625,2075.47607421875,2078.759521484375,0
2026-02-14 10:00:00+00:00,2077.47216796875,2077.47216796875,2072.473876953125,2076.384765625,0
2026-02-14 11:00:00+00:00,2076.362548828125,2102.894775390625,2076.362548828125,2098.546630859375,816721920
2026-02-14 12:00:00+00:00,2098.323974609375,2098.323974609375,2069.534423828125,2072.9423828125,713408512
2026-02-14 13:00:00+00:00,2070.6298828125,2074.4873046875,2065.751220703125,2070.595458984375,158373888
2026-02-14 14:00:00+00:00,2070.77392578125,2087.50537109375,2069.874267578125,2085.224609375,0
2026-02-14 15:00:00+00:00,2083.943359375,2091.647216796875,2081.773193359375,2088.013427734375,0
2026-02-14 16:00:00+00:00,2087.3681640625,2087.3681640625,2067.842041015625,2082.770751953125,0
2026-02-14 17:00:00+00:00,2082.504150390625,2087.140625,2078.1328125,2078.660888671875,0
2026-02-14 18:00:00+00:00,2079.522216796875,2085.17529296875,2078.345703125,2083.434326171875,0
2026-02-14 19:00:00+00:00,2083.991943359375,2089.232177734375,2078.82568359375,2087.652099609375,0
2026-02-14 20:00:00+00:00,2087.4541015625,2090.994873046875,2083.21728515625,2088.48486328125,0
2026-02-14 21:00:00+00:00,2088.744873046875,2096.80908203125,2078.6728515625,2084.49365234375,358810624
2026-02-14 22:00:00+00:00,2084.8623046875,2092.895263671875,2084.244873046875,2089.632080078125,72087552
2026-02-14 23:00:00+00:00,2089.416015625,2091.708740234375,2083.85546875,2085.95361328125,190241792
2026-02-15 00:00:00+00:00,2085.51904296875,2087.726806640625,2072.848388671875,2079.2099609375,46158848
2026-02-15 01:00:00+00:00,2079.174072265625,2083.7900390625,2055.29150390625,2062.752197265625,423645184
2026-02-15 02:00:00+00:00,2063.03955078125,2069.41162109375,2050.66015625,2061.884765625,1143758848
2026-02-15 03:00:00+00:00,2060.677490234375,2061.297607421875,2039.2366943359375,2059.48095703125,3149602816
2026-02-15 04:00:00+00:00,2058.69189453125,2084.029296875,2058.69189453125,2074.74365234375,876240896
2026-02-15 05:00:00+00:00,2075.467041015625,2093.766357421875,2075.467041015625,2088.97314453125,855453696
2026-02-15 06:00:00+00:00,2088.51318359375,2092.83837890625,2082.953369140625,2085.15576171875,315688960
2026-02-15 07:00:00+00:00,2085.349365234375,2099.776611328125,2083.45263671875,2090.995849609375,1266266112
2026-02-15 08:00:00+00:00,2090.117431640625,2094.584716796875,2059.484375,2068.0263671875,336537600
2026-02-15 09:00:00+00:00,2068.47412109375,2075.47021484375,2066.36279296875,2067.63818359375,0
2026-02-15 10:00:00+00:00,2067.723388671875,2067.75048828125,2055.2431640625,2061.373779296875,317818880
2026-02-15 11:00:00+00:00,2061.30126953125,2065.546142578125,2059.1083984375,2060.533935546875,0
2026-02-15 12:00:00+00:00,2060.60205078125,2066.71826171875,2016.1788330078125,2016.1788330078125,0
2026-02-15 13:00:00+00:00,2012.32373046875,2024.44921875,1995.5908203125,2000.7767333984375,1124456448
2026-02-15 14:00:00+00:00,2001.712890625,2010.152587890625,1997.4642333984375,2009.4827880859375,176764928
2026-02-15 15:00:00+00:00,2009.4345703125,2013.1246337890625,2003.714111328125,2010.60791015625,137129984
2026-02-15 16:00:00+00:00,2010.476806640625,2010.476806640625,1998.0205078125,2006.4000244140625,294975488
2026-02-15 17:00:00+00:00,2006.0975341796875,2007.8917236328125,1960.19189453125,1971.20166015625,516683776
2026-02-15 18:00:00+00:00,1970.795166015625,1978.971435546875,1954.791748046875,1957.1968994140625,1525389312
2026-02-15 19:00:00+00:00,1958.53466796875,1960.0335693359375,1932.2230224609375,1943.39794921875,2126407680
2026-02-15 20:00:00+00:00,1941.6402587890625,1955.6143798828125,1934.610595703125,1949.458740234375,808308736
2026-02-15 21:00:00+00:00,1949.9913330078125,1960.7489013671875,1949.9913330078125,1958.522216796875,205064192
2026-02-15 22:00:00+00:00,1957.7149658203125,1972.9482421875,1956.371337890625,1969.38720703125,68777984
2026-02-15 23:00:00+00:00,1968.9598388671875,1968.9598388671875,1946.2669677734375,1965.9232177734375,242079744
2026-02-16 00:00:00+00:00,1965.1317138671875,1977.34619140625,1963.875,1968.086669921875,148557824
2026-02-16 01:00:00+00:00,1968.13134765625,1978.4638671875,1957.5111083984375,1963.0035400390625,0
2026-02-16 02:00:00+00:00,1962.458251953125,1965.353271484375,1953.1099853515625,1955.6053466796875,0
2026-02-16 03:00:00+00:00,1956.0062255859375,1958.28662109375,1948.883544921875,1957.790771484375,0
2026-02-16 04:00:00+00:00,1957.8155517578125,1971.4342041015625,1957.8155517578125,1971.273193359375,0
2026-02-16 05:00:00+00:00,1971.692138671875,1971.692138671875,1953.00390625,1957.24951171875,0
2026-02-16 06:00:00+00:00,1957.15234375,1966.1055908203125,1956.0887451171875,1966.1055908203125,0
2026-02-16 07:00:00+00:00,1966.067626953125,1976.7467041015625,1964.205322265625,1970.648681640625,0
2026-02-16 08:00:00+00:00,1970.4451904296875,1976.5062255859375,1969.50341796875,1976.4642333984375,0
2026-02-16 09:00:00+00:00,1976.2808837890625,1991.268798828125,1976.012451171875,1985.896240234375,178991104
2026-02-16 10:00:00+00:00,1986.2681884765625,1987.2391357421875,1978.19970703125,1978.5460205078125,0
2026-02-16 11:00:00+00:00,1978.153564453125,1982.2470703125,1957.3861083984375,1976.166259765625,425857024
2026-02-16 12:00:00+00:00,1975.5533447265625,2007.2799072265625,1972.389892578125,2006.089111328125,79947776
2026-02-16 13:00:00+00:00,2005.51806640625,2019.941162109375,1961.9195556640625,1968.3394775390625,0
2026-02-16 14:00:00+00:00,1967.4549560546875,1976.4593505859375,1958.9923095703125,1972.882080078125,0
2026-02-16 15:00:00+00:00,1971.916259765625,1983.7464599609375,1940.0194091796875,1955.6611328125,940486656
2026-02-16 16:00:00+00:00,1955.46240234375,1975.5728759765625,1955.46240234375,1971.8851318359375,0
2026-02-16 17:00:00+00:00,1972.609619140625,1985.906494140625,1964.7862548828125,1978.146240234375,0
2026-02-16 18:00:00+00:00,1977.8995361328125,1984.09423828125,1967.65234375,1967.8729248046875,0
2026-02-16 19:00:00+00:00,1968.0491943359375,1977.58154296875,1965.877685546875,1975.4761962890625,0
2026-02-16 20:00:00+00:00,1973.2679443359375,1992.302001953125,1971.9278564453125,1992.0313720703125,0
2026-02-16 21:00:00+00:00,1992.4110107421875,2002.2330322265625,1985.9686279296875,2002.2330322265625,82493440
2026-02-16 22:00:00+00:00,1999.962890625,2000.3316650390625,1986.511474609375,1990.2821044921875,122353664
2026-02-16 23:00:00+00:00,1989.742919921875,2001.2755126953125,1988.502197265625,1997.9217529296875,0
2026-02-17 00:00:00+00:00,1997.825927734375,2003.889404296875,1993.162841796875,1997.833984375,0
2026-02-17 01:00:00+00:00,1998.733642578125,2005.6832275390625,1991.1749267578125,1991.9569091796875,0
2026-02-17 02:00:00+00:00,1991.2720947265625,2007.30126953125,1982.023193359375,2001.8828125,302485504
2026-02-17 03:00:00+00:00,1998.2230224609375,1998.2230224609375,1984.7271728515625,1985.5977783203125,0
2026-02-17 04:00:00+00:00,1985.0523681640625,1996.244140625,1982.3919677734375,1988.4300537109375,24870912
2026-02-17 05:00:00+00:00,1988.4456787109375,1989.284912109375,1965.8072509765625,1974.2774658203125,207761408
2026-02-17 06:00:00+00:00,1974.479248046875,1982.4617919921875,1974.479248046875,1981.1005859375,0
2026-02-17 07:00:00+00:00,1980.7239990234375,1986.52294921875,1973.4757080078125,1985.5633544921875,0
2026-02-17 08:00:00+00:00,1984.9791259765625,1989.80126953125,1973.9951171875,1975.927734375,246347776
2026-02-17 09:00:00+00:00,1976.9263916015625,1979.0882568359375,1970.1126708984375,1974.5325927734375,0
2026-02-17 10:00:00+00:00,1974.7315673828125,1975.978271484375,1961.4708251953125,1965.378173828125,121239552
2026-02-17 11:00:00+00:00,1965.922119140625,1970.062255859375,1964.734130859375,1967.4580078125,0
2026-02-17 12:00:00+00:00,1967.2081298828125,1975.6441650390625,1967.2081298828125,1967.2945556640625,0
2026-02-17 13:00:00+00:00,1968.3837890625,1995.892578125,1965.3873291015625,1989.2716064453125,0
2026-02-17 14:00:00+00:00,1989.6004638671875,2000.894775390625,1945.41845703125,1947.7061767578125,926146560
2026-02-17 15:00:00+00:00,1949.480712890625,1966.4189453125,1943.2559814453125,1966.2357177734375,107421696
2026-02-17 16:00:00+00:00,1967.3021240234375,2007.820556640625,1967.3021240234375,1979.6998291015625,829773824
2026-02-17 17:00:00+00:00,1979.5,1982.06005859375,1955.5775146484375,1963.8531494140625,308264960
2026-02-17 18:00:00+00:00,1964.187744140625,2004.5096435546875,1962.531494140625,2000.767333984375,548587520
2026-02-17 19:00:00+00:00,1999.055908203125,2012.3731689453125,1996.5638427734375,1998.769775390625,610572288
2026-02-17 20:00:00+00:00,1997.65625,1999.508056640625,1987.8302001953125,1994.39111328125,251959296
2026-02-17 21:00:00+00:00,1994.93603515625,2000.9976806640625,1992.3541259765625,1999.0562744140625,0
2026-02-17 22:00:00+00:00,1999.0316162109375,2001.8240966796875,1992.7647705078125,1993.5921630859375,0
2026-02-17 23:00:00+00:00,1992.3636474609375,1996.547607421875,1989.9552001953125,1992.195068359375,2211840
2026-02-18 00:00:00+00:00,1991.5255126953125,1995.528564453125,1980.8775634765625,1981.2877197265625,0
2026-02-18 01:00:00+00:00,1981.119140625,1982.5645751953125,1969.075439453125,1976.4403076171875,232136704
2026-02-18 02:00:00+00:00,1976.8916015625,1990.890869140625,1976.8916015625,1987.3607177734375,0
2026-02-18 03:00:00+00:00,1986.9864501953125,1999.1015625,1986.58447265625,1997.69140625,0
2026-02-18 04:00:00+00:00,1996.5606689453125,2001.1904296875,1992.66162109375,1997.5789794921875,0
2026-02-18 05:00:00+00:00,1997.5802001953125,2000.9849853515625,1995.549560546875,1995.9910888671875,0
2026-02-18 06:00:00+00:00,1995.6602783203125,2006.45361328125,1995.2291259765625,2001.7508544921875,0
2026-02-18 07:00:00+00:00,2001.7840576171875,2019.200927734375,1996.4515380859375,2017.08837890625,266762240
2026-02-18 08:00:00+00:00,2017.177490234375,2035.68115234375,2017.12109375,2019.684326171875,180709376
2026-02-18 09:00:00+00:00,2019.550048828125,2021.5697021484375,2015.873291015625,2015.873291015625,0
2026-02-18 10:00:00+00:00,2015.54736328125,2016.9249267578125,1995.2362060546875,1995.2362060546875,7108608
2026-02-18 11:00:00+00:00,1995.675048828125,1996.369140625,1978.1214599609375,1981.702392578125,468236288
2026-02-18 12:00:00+00:00,1979.573486328125,1986.9552001953125,1973.3883056640625,1982.673095703125,91031552
2026-02-18 13:00:00+00:00,1983.0045166015625,1990.2093505859375,1964.398681640625,1969.4482421875,35217408
2026-02-18 14:00:00+00:00,1970.7635498046875,1974.92919921875,1954.8055419921875,1972.3883056640625,0
2026-02-18 15:00:00+00:00,1977.146484375,2006.785400390625,1977.146484375,1983.1591796875,25780224
2026-02-18 16:00:00+00:00,1984.776123046875,1984.776123046875,1964.969482421875,1970.1998291015625,0
2026-02-18 17:00:00+00:00,1971.2969970703125,1985.7037353515625,1970.3253173828125,1972.87158203125,0
2026-02-18 18:00:00+00:00,1974.783203125,1975.7991943359375,1949.001708984375,1952.5955810546875,0
2026-02-18 19:00:00+00:00,1951.737060546875,1959.0972900390625,1926.725830078125,1933.140380859375,241240064
2026-02-18 20:00:00+00:00,1940.0550537109375,1951.34423828125,1935.7493896484375,1941.9407958984375,18497536
2026-02-18 21:00:00+00:00,1941.0638427734375,1946.131103515625,1935.517822265625,1941.823486328125,360030208
2026-02-18 22:00:00+00:00,1941.266357421875,1947.722900390625,1939.7213134765625,1947.722900390625,73869312
2026-02-18 23:00:00+00:00,1947.0545654296875,1955.172607421875,1944.47998046875,1953.994140625,7071744
2026-02-19 00:00:00+00:00,1953.688232421875,1958.9713134765625,1950.701904296875,1955.7393798828125,152178688
2026-02-19 01:00:00+00:00,1955.282470703125,1970.3505859375,1955.282470703125,1966.226806640625,0
2026-02-19 02:00:00+00:00,1966.676025390625,1971.6575927734375,1962.7093505859375,1967.8363037109375,0
2026-02-19 03:00:00+00:00,1966.136962890625,1971.9700927734375,1963.6326904296875,1971.9700927734375,0
2026-02-19 04:00:00+00:00,1972.0723876953125,1976.6781005859375,1969.40625,1969.40625,117434368
2026-02-19 05:00:00+00:00,1968.9857177734375,1971.6033935546875,1964.1060791015625,1969.3729248046875,35137536
2026-02-19 06:00:00+00:00,1970.2371826171875,1984.420166015625,1970.2371826171875,1982.427490234375,144089088
2026-02-19 07:00:00+00:00,1982.6029052734375,1984.8841552734375,1978.8297119140625,1980.0421142578125,0
2026-02-19 08:00:00+00:00,1980.006591796875,1980.783935546875,1967.0609130859375,1969.2840576171875,0
2026-02-19 09:00:00+00:00,1969.49072265625,1978.52294921875,1963.1151123046875,1963.712646484375,0
2026-02-19 10:00:00+00:00,1963.10400390625,1967.06298828125,1958.3533935546875,1959.7847900390625,0
2026-02-19 11:00:00+00:00,1958.199462890625,1962.5172119140625,1948.7508544921875,1948.7508544921875,0
2026-02-19 12:00:00+00:00,1948.6318359375,1954.274169921875,1945.265380859375,1947.181396484375,0
2026-02-19 13:00:00+00:00,1945.15087890625,1946.7490234375,1914.131103515625,1920.2276611328125,285089792
2026-02-19 14:00:00+00:00,1920.6929931640625,1944.80126953125,1915.925048828125,1937.7376708984375,101527552
2026-02-19 15:00:00+00:00,1935.3408203125,1941.7188720703125,1914.242431640625,1923.4669189453125,0
2026-02-19 16:00:00+00:00,1923.950439453125,1928.0567626953125,1913.408935546875,1923.10595703125,0
2026-02-19 17:00:00+00:00,1922.1387939453125,1941.9105224609375,1912.81884765625,1918.212890625,167673856
2026-02-19 18:00:00+00:00,1919.43994140625,1942.3406982421875,1917.2965087890625,1936.26171875,0
2026-02-19 19:00:00+00:00,1939.110595703125,1943.59765625,1929.0640869140625,1939.7535400390625,0
2026-02-19 20:00:00+00:00,1940.4517822265625,1949.45068359375,1936.2257080078125,1948.1395263671875,0
2026-02-19 21:00:00+00:00,1948.4420166015625,1951.118896484375,1946.025634765625,1946.7999267578125,0
2026-02-19 22:00:00+00:00,1946.013427734375,1946.87109375,1937.2099609375,1944.04150390625,0
2026-02-19 23:00:00+00:00,1943.8712158203125,1950.0198974609375,1942.1934814453125,1948.268798828125,11337728
2026-02-20 00:00:00+00:00,1948.3131103515625,1962.2347412109375,1947.7611083984375,1957.1546630859375,322324480
2026-02-20 01:00:00+00:00,1957.4061279296875,1959.452880859375,1950.49169921875,1952.6129150390625,0
2026-02-20 02:00:00+00:00,1952.9061279296875,1955.28759765625,1947.9046630859375,1950.326171875,0
2026-02-20 03:00:00+00:00,1949.5069580078125,1958.6973876953125,1949.5069580078125,1954.4239501953125,187496448
2026-02-20 04:00:00+00:00,1953.9217529296875,1954.2308349609375,1933.7158203125,1938.4036865234375,247756800
2026-02-20 05:00:00+00:00,1939.2296142578125,1961.8177490234375,1936.9310302734375,1954.1561279296875,255633408
2026-02-20 06:00:00+00:00,1954.59130859375,1958.919189453125,1952.3873291015625,1957.5352783203125,189128704
2026-02-20 07:00:00+00:00,1957.730224609375,1967.04541015625,1956.939208984375,1959.66650390625,217985024
2026-02-20 08:00:00+00:00,1960.1319580078125,1964.48974609375,1957.5224609375,1959.85791015625,0
2026-02-20 09:00:00+00:00,1959.4517822265625,1969.5977783203125,1959.3333740234375,1967.625732421875,258709504
2026-02-20 10:00:00+00:00,1967.8682861328125,1971.490478515625,1956.8997802734375,1957.0419921875,0
2026-02-20 11:00:00+00:00,1956.591552734375,1956.591552734375,1942.628662109375,1945.2313232421875,272820224
2026-02-20 12:00:00+00:00,1943.0196533203125,1950.0484619140625,1943.0196533203125,1950.0484619140625,157163520
2026-02-20 13:00:00+00:00,1949.114501953125,1949.114501953125,1925.0902099609375,1933.053466796875,0
2026-02-20 14:00:00+00:00,1933.7974853515625,1951.590087890625,1933.7974853515625,1942.736572265625,225978368
2026-02-20 15:00:00+00:00,1947.68115234375,1974.1820068359375,1936.4505615234375,1962.3543701171875,465842176
2026-02-20 16:00:00+00:00,1963.6292724609375,1971.0625,1954.6363525390625,1968.9615478515625,971515904
2026-02-20 17:00:00+00:00,1970.087890625,1970.087890625,1939.455078125,1965.377197265625,454920192
2026-02-20 18:00:00+00:00,1966.15478515625,1977.7059326171875,1960.03515625,1975.3941650390625,475185152
2026-02-20 19:00:00+00:00,1977.277099609375,1977.277099609375,1961.630859375,1962.9530029296875,163338240
2026-02-20 20:00:00+00:00,1962.76171875,1969.61767578125,1962.76171875,1967.6123046875,0
2026-02-20 21:00:00+00:00,1968.3048095703125,1974.232421875,1967.2099609375,1973.9161376953125,114046976
2026-02-20 22:00:00+00:00,1973.200927734375,1973.200927734375,1964.752685546875,1971.5299072265625,78155776
2026-02-20 23:00:00+00:00,1971.5299072265625,1971.9505615234375,1963.2620849609375,1968.86181640625,50952192
2026-02-21 00:00:00+00:00,1968.4521484375,1968.4521484375,1961.70263671875,1962.2374267578125,0
2026-02-21 01:00:00+00:00,1963.5443115234375,1968.5064697265625,1963.466552734375,1965.6614990234375,37625856
2026-02-21 02:00:00+00:00,1965.7344970703125,1969.58935546875,1964.5911865234375,1966.280029296875,202455040
2026-02-21 03:00:00+00:00,1964.1470947265625,1964.1470947265625,1956.34716796875,1958.4554443359375,118185984
2026-02-21 04:00:00+00:00,1958.1466064453125,1962.2060546875,1956.2623291015625,1962.07763671875,0
2026-02-21 05:00:00+00:00,1961.685791015625,1963.8671875,1961.1468505859375,1961.775390625,0
2026-02-21 06:00:00+00:00,1961.951416015625,1965.1719970703125,1960.5125732421875,1960.8648681640625,0
2026-02-21 07:00:00+00:00,1960.463134765625,1963.515625,1959.9713134765625,1962.0164794921875,0
2026-02-21 08:00:00+00:00,1961.9808349609375,1970.27783203125,1961.9808349609375,1970.27783203125,0
2026-02-21 09:00:00+00:00,1968.771728515625,1976.41455078125,1967.1488037109375,1970.1209716796875,0
2026-02-21 10:00:00+00:00,1969.86083984375,1974.241455078125,1969.86083984375,1972.93896484375,0
2026-02-21 11:00:00+00:00,1973.438720703125,1987.0013427734375,1973.438720703125,1976.5098876953125,0
2026-02-21 12:00:00+00:00,1976.6295166015625,1977.59033203125,1970.27001953125,1975.2911376953125,0
2026-02-21 13:00:00+00:00,1975.3111572265625,1980.197998046875,1973.304931640625,1980.0225830078125,0
2026-02-21 14:00:00+00:00,1980.5802001953125,1992.402587890625,1978.34326171875,1988.0093994140625,0
2026-02-21 15:00:00+00:00,1988.245361328125,1990.4908447265625,1984.6962890625,1988.972900390625,0
2026-02-21 16:00:00+00:00,1988.06298828125,1988.6881103515625,1978.7010498046875,1985.931640625,0
2026-02-21 17:00:00+00:00,1985.9300537109375,1990.9659423828125,1984.9130859375,1988.9129638671875,0
2026-02-21 18:00:00+00:00,1988.339111328125,1994.81005859375,1988.0162353515625,1992.3084716796875,0
2026-02-21 19:00:00+00:00,1991.284423828125,1993.1728515625,1988.079345703125,1988.3167724609375,0
2026-02-21 20:00:00+00:00,1987.9620361328125,1989.8648681640625,1977.330322265625,1978.453857421875,0
2026-02-21 21:00:00+00:00,1974.6871337890625,1981.4339599609375,1973.5576171875,1981.3380126953125,20517888
2026-02-21 22:00:00+00:00,1981.744384765625,1981.744384765625,1973.166015625,1973.166015625,0
2026-02-21 23:00:00+00:00,1973.368896484375,1976.9071044921875,1972.0682373046875,1973.57080078125,36240384
2026-02-22 00:00:00+00:00,1972.64013671875,1974.58203125,1969.031982421875,1971.98828125,0
2026-02-22 01:00:00+00:00,1972.01611328125,1978.544189453125,1972.01611328125,1976.786865234375,51054592
2026-02-22 02:00:00+00:00,1976.58056640625,1980.669677734375,1971.8707275390625,1972.19140625,93319168
2026-02-22 03:00:00+00:00,1972.55322265625,1974.902587890625,1968.9068603515625,1973.5584716796875,0
2026-02-22 04:00:00+00:00,1974.202392578125,1975.3031005859375,1971.0357666015625,1973.169921875,0
2026-02-22 05:00:00+00:00,1973.160400390625,1974.0360107421875,1971.1527099609375,1974.0360107421875,0
2026-02-22 06:00:00+00:00,1973.9677734375,1977.88623046875,1973.9677734375,1975.392333984375,0
2026-02-22 07:00:00+00:00,1975.3492431640625,1977.9493408203125,1974.695556640625,1975.739990234375,0
2026-02-22 08:00:00+00:00,1975.697998046875,1976.23974609375,1970.8779296875,1972.8734130859375,0
2026-02-22 09:00:00+00:00,1973.1622314453125,1975.565185546875,1971.8577880859375,1975.565185546875,0
2026-02-22 10:00:00+00:00,1975.5921630859375,1978.4951171875,1975.2188720703125,1977.291748046875,0
2026-02-22 11:00:00+00:00,1977.7958984375,1981.9677734375,1977.7958984375,1980.2957763671875,0
2026-02-22 12:00:00+00:00,1980.033935546875,1980.6240234375,1963.1612548828125,1966.4031982421875,102300672
2026-02-22 13:00:00+00:00,1966.5120849609375,1967.975341796875,1946.924072265625,1950.7691650390625,235711488
2026-02-22 14:00:00+00:00,1949.8740234375,1953.0914306640625,1946.0421142578125,1949.9183349609375,0
2026-02-22 15:00:00+00:00,1950.1905517578125,1957.7530517578125,1946.2708740234375,1954.0989990234375,0
2026-02-22 16:00:00+00:00,1953.5980224609375,1953.9095458984375,1947.6636962890625,1952.1143798828125,0
2026-02-22 17:00:00+00:00,1951.9014892578125,1952.3349609375,1935.3018798828125,1939.8367919921875,146472960
2026-02-22 18:00:00+00:00,1939.5625,1943.10302734375,1938.5081787109375,1942.4564208984375,0
2026-02-22 19:00:00+00:00,1942.3980712890625,1944.586181640625,1940.9932861328125,1943.3526611328125,0
2026-02-22 20:00:00+00:00,1943.513671875,1944.4727783203125,1939.8514404296875,1940.0980224609375,0
2026-02-22 21:00:00+00:00,1940.9298095703125,1950.6217041015625,1940.9298095703125,1949.9410400390625,0
2026-02-22 22:00:00+00:00,1949.96630859375,1959.92578125,1946.794677734375,1959.503662109375,11258880
2026-02-22 23:00:00+00:00,1958.1143798828125,1959.3975830078125,1948.36865234375,1958.1396484375,3566592
2026-02-23 00:00:00+00:00,1956.9404296875,1957.299072265625,1931.1932373046875,1931.1932373046875,167512064
2026-02-23 01:00:00+00:00,1924.3255615234375,1924.3255615234375,1857.089111328125,1863.36181640625,2827795456
2026-02-23 02:00:00+00:00,1857.955078125,1867.5296630859375,1854.993896484375,1862.1102294921875,1142848512
2026-02-23 03:00:00+00:00,1862.8206787109375,1868.783935546875,1856.1285400390625,1863.0762939453125,441677824
2026-02-23 04:00:00+00:00,1862.8594970703125,1864.4449462890625,1854.427490234375,1859.5579833984375,277353472
2026-02-23 05:00:00+00:00,1859.3740234375,1869.4112548828125,1859.3740234375,1865.203369140625,526255104
2026-02-23 06:00:00+00:00,1865.5228271484375,1881.4063720703125,1864.439208984375,1879.2552490234375,440333312
2026-02-23 07:00:00+00:00,1879.35205078125,1886.5628662109375,1877.3079833984375,1884.7642822265625,842437632
2026-02-23 08:00:00+00:00,1884.951416015625,1887.80322265625,1877.581298828125,1880.28955078125,429770752
2026-02-23 09:00:00+00:00,1880.3328857421875,1917.229248046875,1880.3328857421875,1915.7755126953125,580690944
2026-02-23 10:00:00+00:00,1916.267578125,1925.2698974609375,1912.874267578125,1912.874267578125,766697472
2026-02-23 11:00:00+00:00,1913.375244140625,1920.074951171875,1911.8753662109375,1913.9639892578125,288382976
2026-02-23 12:00:00+00:00,1915.0322265625,1925.70751953125,1907.76708984375,1919.6748046875,360073216
2026-02-23 13:00:00+00:00,1919.8892822265625,1931.8900146484375,1919.0072021484375,1921.4493408203125,167352320
2026-02-23 14:00:00+00:00,1921.302734375,1924.7353515625,1897.9774169921875,1904.567138671875,560211968
2026-02-23 15:00:00+00:00,1906.0550537109375,1911.2047119140625,1896.4449462890625,1896.8095703125,161486848
2026-02-23 16:00:00+00:00,1892.9320068359375,1899.114501953125,1882.705322265625,1883.4345703125,437221376
2026-02-23 17:00:00+00:00,1885.720947265625,1886.35546875,1843.1036376953125,1863.799072265625,1514653696
2026-02-23 18:00:00+00:00,1860.7496337890625,1872.3297119140625,1855.885009765625,1855.885009765625,742766592
2026-02-23 19:00:00+00:00,1857.6851806640625,1863.618408203125,1848.377197265625,1857.3173828125,603076608
2026-02-23 20:00:00+00:00,1856.6195068359375,1861.262451171875,1848.2188720703125,1861.262451171875,220825600
2026-02-23 21:00:00+00:00,1860.1781005859375,1867.85595703125,1858.7667236328125,1862.7762451171875,653660160
2026-02-23 22:00:00+00:00,1863.008544921875,1868.294677734375,1860.1636962890625,1861.4619140625,0
2026-02-23 23:00:00+00:00,1859.91552734375,1865.9930419921875,1850.7529296875,1855.4727783203125,248926208
2026-02-24 00:00:00+00:00,1858.0379638671875,1868.3206787109375,1855.4921875,1866.504150390625,0
2026-02-24 01:00:00+00:00,1866.50244140625,1866.50244140625,1813.8704833984375,1842.0185546875,0
2026-02-24 02:00:00+00:00,1840.99169921875,1853.407958984375,1837.3895263671875,1843.7237548828125,0
2026-02-24 03:00:00+00:00,1841.087158203125,1841.087158203125,1825.452392578125,1830.688720703125,0
2026-02-24 04:00:00+00:00,1831.936279296875,1832.3436279296875,1815.5806884765625,1829.1343994140625,282753024
2026-02-24 05:00:00+00:00,1830.20263671875,1838.3289794921875,1816.148681640625,1825.801025390625,126941184
2026-02-24 06:00:00+00:00,1825.7098388671875,1830.1046142578125,1818.85009765625,1820.3980712890625,0
2026-02-24 07:00:00+00:00,1820.657470703125,1829.455322265625,1816.7177734375,1824.1695556640625,0
2026-02-24 08:00:00+00:00,1824.3363037109375,1834.8321533203125,1818.987548828125,1831.211181640625,203880448
2026-02-24 09:00:00+00:00,1831.27880859375,1833.2149658203125,1816.3037109375,1824.472900390625,0
2026-02-24 10:00:00+00:00,1825.06640625,1828.356201171875,1820.9140625,1826.1390380859375,0
2026-02-24 11:00:00+00:00,1826.0677490234375,1826.298583984375,1819.036376953125,1823.7587890625,87681024
2026-02-24 12:00:00+00:00,1824.303466796875,1828.8551025390625,1821.687744140625,1823.6048583984375,0
2026-02-24 13:00:00+00:00,1823.5108642578125,1826.0380859375,1810.3697509765625,1816.646240234375,0
2026-02-24 14:00:00+00:00,1814.8297119140625,1845.67333984375,1807.5526123046875,1834.0703125,296472576
2026-02-24 15:00:00+00:00,1832.7119140625,1848.301513671875,1831.81201171875,1847.33984375,600774656
2026-02-24 16:00:00+00:00,1847.392822265625,1860.5953369140625,1842.466064453125,1856.23046875,0
2026-02-24 17:00:00+00:00,1858.016357421875,1863.3927001953125,1849.9996337890625,1856.919677734375,0
2026-02-24 18:00:00+00:00,1856.8038330078125,1859.2635498046875,1846.2890625,1856.9971923828125,0
2026-02-24 19:00:00+00:00,1855.1773681640625,1861.8424072265625,1849.012939453125,1853.305419921875,0
2026-02-24 20:00:00+00:00,1852.4344482421875,1860.397705078125,1850.001220703125,1857.8055419921875,0
2026-02-24 21:00:00+00:00,1858.269287109375,1858.269287109375,1847.0706787109375,1854.087646484375,8009728
2026-02-24 22:00:00+00:00,1854.392578125,1861.8291015625,1853.461669921875,1860.6368408203125,0
2026-02-24 23:00:00+00:00,1859.9437255859375,1859.9891357421875,1852.5960693359375,1852.87548828125,1265664
2026-02-25 00:00:00+00:00,1852.074462890625,1856.6240234375,1847.05419921875,1852.122314453125,326432768
2026-02-25 01:00:00+00:00,1851.5255126953125,1921.046630859375,1851.5255126953125,1919.2947998046875,503822336
2026-02-25 02:00:00+00:00,1918.5599365234375,1938.6201171875,1918.5599365234375,1921.64208984375,398288896
2026-02-25 03:00:00+00:00,1921.1483154296875,1921.1483154296875,1905.1749267578125,1906.4058837890625,110516224
2026-02-25 04:00:00+00:00,1905.8896484375,1913.669189453125,1900.0054931640625,1906.5628662109375,0
2026-02-25 05:00:00+00:00,1906.1080322265625,1907.0726318359375,1880.0888671875,1888.136474609375,0
2026-02-25 06:00:00+00:00,1887.891357421875,1894.877197265625,1885.380615234375,1885.388671875,103735296
2026-02-25 07:00:00+00:00,1886.490478515625,1894.4327392578125,1882.794921875,1893.162109375,0
2026-02-25 08:00:00+00:00,1893.2742919921875,1911.940673828125,1890.3416748046875,1910.3485107421875,0
2026-02-25 09:00:00+00:00,1910.2138671875,1915.5069580078125,1908.4024658203125,1914.700927734375,365199360
2026-02-25 10:00:00+00:00,1915.7269287109375,1918.242919921875,1910.62060546875,1910.62060546875,7012352
2026-02-25 11:00:00+00:00,1912.167236328125,1924.881103515625,1909.9822998046875,1922.51513671875,0
2026-02-25 12:00:00+00:00,1926.466552734375,1955.1046142578125,1922.78857421875,1950.2662353515625,643102720
2026-02-25 13:00:00+00:00,1955.5645751953125,1972.3253173828125,1953.602294921875,1964.0491943359375,314347520
2026-02-25 14:00:00+00:00,1965.8984375,1994.77294921875,1964.282958984375,1994.77294921875,317990912
2026-02-25 15:00:00+00:00,1998.766845703125,2025.6275634765625,1988.509765625,2010.1610107421875,847693824
2026-02-25 16:00:00+00:00,2016.4857177734375,2048.9716796875,2015.1253662109375,2048.9716796875,555261952
2026-02-25 17:00:00+00:00,2047.88916015625,2079.649658203125,2047.88916015625,2071.87451171875,1303650304
2026-02-25 18:00:00+00:00,2074.46044921875,2078.927490234375,2059.707763671875,2075.308349609375,1050898432
2026-02-25 19:00:00+00:00,2074.845703125,2074.845703125,2061.7119140625,2071.738037109375,352434176
2026-02-25 20:00:00+00:00,2071.481689453125,2080.2490234375,2061.8115234375,2075.823486328125,656527360
2026-02-25 21:00:00+00:00,2074.072021484375,2145.506103515625,2069.1943359375,2096.123046875,2066221056
2026-02-25 22:00:00+00:00,2100.232177734375,2113.9755859375,2076.031982421875,2083.3095703125,733870080
2026-02-25 23:00:00+00:00,2082.2431640625,2085.69287109375,2036.408935546875,2053.78271484375,491997184
2026-02-26 00:00:00+00:00,2056.853515625,2075.221435546875,2049.843994140625,2062.07470703125,886296576
2026-02-26 01:00:00+00:00,2062.737060546875,2064.603759765625,2050.751708984375,2059.56103515625,0
2026-02-26 02:00:00+00:00,2057.49658203125,2057.49658203125,2041.5980224609375,2054.529052734375,0
2026-02-26 03:00:00+00:00,2052.37841796875,2058.147216796875,2048.975830078125,2055.23095703125,0
2026-02-26 04:00:00+00:00,2055.510986328125,2081.16259765625,2053.409423828125,2076.481201171875,1166368768
2026-02-26 05:00:00+00:00,2075.772216796875,2075.772216796875,2058.038818359375,2066.27587890625,0
2026-02-26 06:00:00+00:00,2065.92578125,2074.671142578125,2060.842529296875,2063.72314453125,3088709632
2026-02-26 07:00:00+00:00,2063.047119140625,2067.392822265625,2052.592041015625,2054.897216796875,0
2026-02-26 08:00:00+00:00,2053.653564453125,2057.0361328125,2047.3153076171875,2053.695556640625,550758400
2026-02-26 09:00:00+00:00,2056.09619140625,2075.7724609375,2053.843017578125,2074.691162109375,0
2026-02-26 10:00:00+00:00,2075.142822265625,2082.78662109375,2063.048095703125,2065.74853515625,262547456
2026-02-26 11:00:00+00:00,2065.046142578125,2065.441650390625,2054.29931640625,2057.065185546875,114884608
2026-02-26 12:00:00+00:00,2059.02197265625,2070.114990234375,2056.424072265625,2069.621337890625,0
2026-02-26 13:00:00+00:00,2069.528076171875,2071.912841796875,2062.1044921875,2065.458984375,0
2026-02-26 14:00:00+00:00,2063.984130859375,2073.657470703125,2039.143798828125,2050.21826171875,0
2026-02-26 15:00:00+00:00,2049.329833984375,2052.614013671875,2014.0814208984375,2033.388427734375,0
2026-02-26 16:00:00+00:00,2033.0855712890625,2036.745849609375,1982.624755859375,1982.624755859375,0
2026-02-26 17:00:00+00:00,1983.6124267578125,1996.2843017578125,1983.6124267578125,1989.7047119140625,0
2026-02-26 18:00:00+00:00,1989.2403564453125,2008.640625,1976.8292236328125,2005.5234375,0
2026-02-26 19:00:00+00:00,2004.0714111328125,2031.3154296875,2004.0714111328125,2028.3690185546875,320112640
2026-02-26 20:00:00+00:00,2030.70751953125,2040.6336669921875,2023.8621826171875,2026.90087890625,0
2026-02-26 21:00:00+00:00,2024.511474609375,2034.4383544921875,2020.36767578125,2030.529541015625,0
2026-02-26 22:00:00+00:00,2030.23876953125,2036.5799560546875,2028.5391845703125,2032.6326904296875,0
2026-02-26 23:00:00+00:00,2031.5751953125,2033.0543212890625,2025.1302490234375,2026.735107421875,0
2026-02-27 00:00:00+00:00,2027.4267578125,2030.09033203125,2009.8687744140625,2013.552001953125,0
2026-02-27 01:00:00+00:00,2014.466796875,2018.5987548828125,2002.2392578125,2018.5987548828125,225163264
2026-02-27 02:00:00+00:00,2021.699951171875,2033.1461181640625,2020.432373046875,2028.4501953125,0
2026-02-27 03:00:00+00:00,2026.5640869140625,2047.3629150390625,2020.1895751953125,2045.952392578125,0
2026-02-27 04:00:00+00:00,2045.3101806640625,2062.627197265625,2045.3101806640625,2045.960693359375,238751744
2026-02-27 05:00:00+00:00,2042.541748046875,2048.6142578125,2039.8372802734375,2041.4666748046875,0
2026-02-27 06:00:00+00:00,2041.418212890625,2042.6778564453125,2030.635009765625,2036.6181640625,90466304
2026-02-27 07:00:00+00:00,2036.4376220703125,2040.0260009765625,2023.2579345703125,2032.5775146484375,85260288
2026-02-27 08:00:00+00:00,2032.344482421875,2043.919677734375,2031.2891845703125,2033.771484375,0
2026-02-27 09:00:00+00:00,2034.1490478515625,2040.7286376953125,2010.56884765625,2011.7950439453125,0
2026-02-27 10:00:00+00:00,2011.4276123046875,2013.133544921875,1980.3134765625,1982.197021484375,558276608
2026-02-27 11:00:00+00:00,1980.9853515625,1984.1002197265625,1957.9176025390625,1963.1783447265625,482568192
2026-02-27 12:00:00+00:00,1962.6710205078125,1967.4908447265625,1951.7706298828125,1957.39404296875,640974848
2026-02-27 13:00:00+00:00,1959.7806396484375,1964.2740478515625,1942.0667724609375,1960.7911376953125,521334784
2026-02-27 14:00:00+00:00,1962.8662109375,1962.8662109375,1942.654052734375,1943.5423583984375,0
2026-02-27 15:00:00+00:00,1954.474365234375,1957.5321044921875,1943.1480712890625,1948.63232421875,0
2026-02-27 16:00:00+00:00,1948.33984375,1948.34716796875,1925.886962890625,1927.24658203125,0
2026-02-27 17:00:00+00:00,1927.614013671875,1933.485107421875,1912.754150390625,1931.227294921875,0
2026-02-27 18:00:00+00:00,1931.133056640625,1931.133056640625,1916.123046875,1918.0804443359375,0
2026-02-27 19:00:00+00:00,1917.9405517578125,1921.7393798828125,1913.1959228515625,1921.7393798828125,0
2026-02-27 20:00:00+00:00,1920.88330078125,1926.050537109375,1920.88330078125,1922.89599609375,0
2026-02-27 21:00:00+00:00,1923.2230224609375,1932.8018798828125,1917.9189453125,1921.1412353515625,0
2026-02-27 22:00:00+00:00,1921.4676513671875,1925.035400390625,1888.6287841796875,1920.0902099609375,662927360
2026-02-27 23:00:00+00:00,1920.10693359375,1931.8922119140625,1920.10693359375,1930.7469482421875,13967360
2026-02-28 00:00:00+00:00,1929.9451904296875,1935.955322265625,1925.421875,1932.8529052734375,44001280
2026-02-28 01:00:00+00:00,1931.9964599609375,1935.1351318359375,1922.434326171875,1926.3038330078125,0
2026-02-28 02:00:00+00:00,1925.2987060546875,1931.2159423828125,1923.0828857421875,1930.824951171875,0
2026-02-28 03:00:00+00:00,1930.5224609375,1930.8953857421875,1922.2371826171875,1924.007080078125,0
2026-02-28 04:00:00+00:00,1923.905517578125,1926.6456298828125,1916.2760009765625,1925.0833740234375,0
2026-02-28 05:00:00+00:00,1925.005126953125,1927.3736572265625,1916.087646484375,1919.400390625,0
2026-02-28 06:00:00+00:00,1920.15966796875,1920.298828125,1838.447509765625,1838.447509765625,1397288960
2026-02-28 07:00:00+00:00,1843.54638671875,1882.505615234375,1843.54638671875,1867.3154296875,1655171072
2026-02-28 08:00:00+00:00,1866.842041015625,1866.842041015625,1849.489990234375,1849.489990234375,0
2026-02-28 09:00:00+00:00,1851.9307861328125,1861.6943359375,1846.381103515625,1855.7568359375,714301440
2026-02-28 10:00:00+00:00,1854.2125244140625,1865.9136962890625,1850.8836669921875,1865.649169921875,0
2026-02-28 11:00:00+00:00,1865.519287109375,1880.042724609375,1862.88525390625,1862.88525390625,0
2026-02-28 12:00:00+00:00,1863.369140625,1873.422119140625,1863.369140625,1869.2578125,36716544
2026-02-28 13:00:00+00:00,1871.430908203125,1906.374267578125,1866.025634765625,1901.19677734375,0
2026-02-28 14:00:00+00:00,1905.630859375,1914.5076904296875,1886.2860107421875,1889.517578125,297263104
2026-02-28 15:00:00+00:00,1888.3963623046875,1902.6514892578125,1880.7125244140625,1899.5020751953125,0
2026-02-28 16:00:00+00:00,1899.084716796875,1908.6624755859375,1892.590576171875,1905.2484130859375,0
2026-02-28 17:00:00+00:00,1904.3643798828125,1908.2802734375,1890.06884765625,1908.2802734375,28647424
2026-02-28 18:00:00+00:00,1907.3238525390625,1945.3206787109375,1901.9892578125,1935.73095703125,53977088
2026-02-28 19:00:00+00:00,1934.9791259765625,1952.1881103515625,1924.125,1944.32958984375,701405184
2026-02-28 20:00:00+00:00,1947.2666015625,1970.4775390625,1940.1175537109375,1965.7398681640625,887330816
2026-02-28 21:00:00+00:00,1961.5194091796875,1962.6827392578125,1947.64208984375,1960.0479736328125,161544192
2026-02-28 22:00:00+00:00,1957.898193359375,1980.937744140625,1957.898193359375,1968.8851318359375,154230784
2026-02-28 23:00:00+00:00,1966.766845703125,1969.4744873046875,1957.9290771484375,1965.3902587890625,166699008
2026-03-01 00:00:00+00:00,1966.3194580078125,1968.3450927734375,1955.494140625,1963.1912841796875,0
2026-03-01 01:00:00+00:00,1960.589111328125,2013.092529296875,1946.2889404296875,2005.623046875,1007482880
2026-03-01 02:00:00+00:00,2011.431640625,2049.764404296875,2011.431640625,2034.43603515625,2377285632
2026-03-01 03:00:00+00:00,2033.6707763671875,2038.644287109375,2018.632568359375,2019.8779296875,1156562944
2026-03-01 04:00:00+00:00,2022.695068359375,2028.22412109375,2000.0245361328125,2015.343017578125,221761536
2026-03-01 05:00:00+00:00,2015.7325439453125,2021.989501953125,2010.8338623046875,2011.10791015625,567207936
2026-03-01 06:00:00+00:00,2011.3304443359375,2011.3304443359375,1990.0687255859375,1999.2684326171875,0
2026-03-01 07:00:00+00:00,1999.2701416015625,2007.52880859375,1993.6912841796875,2006.9381103515625,0
2026-03-01 08:00:00+00:00,2007.3994140625,2009.254150390625,1984.50927734375,1984.520263671875,0
2026-03-01 09:00:00+00:00,1986.4461669921875,1993.536865234375,1979.7353515625,1979.7353515625,816893952
2026-03-01 10:00:00+00:00,1981.8682861328125,1992.347900390625,1974.8564453125,1983.8004150390625,0
2026-03-01 11:00:00+00:00,1984.4034423828125,1989.0494384765625,1982.86669921875,1983.9608154296875,33589248
2026-03-01 12:00:00+00:00,1983.6715087890625,1987.1429443359375,1977.1990966796875,1978.2344970703125,0
2026-03-01 13:00:00+00:00,1979.3968505859375,2014.9462890625,1970.404052734375,2009.3201904296875,0
2026-03-01 14:00:00+00:00,2006.9908447265625,2025.678466796875,1996.0189208984375,2001.68115234375,0
2026-03-01 15:00:00+00:00,2000.4158935546875,2014.886474609375,1996.911376953125,1996.911376953125,0
2026-03-01 16:00:00+00:00,1993.706787109375,2007.80810546875,1970.9254150390625,1974.3157958984375,536424448
2026-03-01 17:00:00+00:00,1970.0457763671875,1974.250244140625,1958.53076171875,1966.2474365234375,257089536
2026-03-01 18:00:00+00:00,1961.296142578125,1993.9715576171875,1961.296142578125,1975.5087890625,194107392
2026-03-01 19:00:00+00:00,1975.8946533203125,1975.8946533203125,1950.6922607421875,1954.3865966796875,0
2026-03-01 20:00:00+00:00,1954.1590576171875,1954.4989013671875,1909.6484375,1913.1446533203125,38535168
2026-03-01 21:00:00+00:00,1914.739013671875,1931.130859375,1914.02685546875,1931.130859375,126160896
2026-03-01 22:00:00+00:00,1928.4822998046875,1956.483642578125,1917.764892578125,1926.2791748046875,228009984
2026-03-01 23:00:00+00:00,1921.644775390625,1944.7803955078125,1921.572998046875,1939.0587158203125,402393088
2026-03-02 00:00:00+00:00,1939.4984130859375,1963.64453125,1938.9693603515625,1960.954833984375,264284160
2026-03-02 01:00:00+00:00,1962.198486328125,1984.5029296875,1962.198486328125,1963.8245849609375,0
2026-03-02 02:00:00+00:00,1963.9132080078125,1964.502685546875,1943.02294921875,1956.6756591796875,0
2026-03-02 03:00:00+00:00,1955.7620849609375,1977.7672119140625,1950.5010986328125,1972.0526123046875,0
2026-03-02 04:00:00+00:00,1972.0933837890625,1979.0028076171875,1969.8968505859375,1971.639892578125,0
2026-03-02 05:00:00+00:00,1972.339111328125,1981.2552490234375,1964.930908203125,1974.149658203125,21270528
2026-03-02 06:00:00+00:00,1971.0089111328125,1971.0089111328125,1939.8282470703125,1944.964111328125,0
2026-03-02 07:00:00+00:00,1944.630615234375,1944.630615234375,1927.892822265625,1941.06884765625,222523392
2026-03-02 08:00:00+00:00,1941.0594482421875,1949.626708984375,1925.990234375,1946.8670654296875,137910272
2026-03-02 09:00:00+00:00,1949.0836181640625,1962.7779541015625,1949.0836181640625,1949.222412109375,277000192
2026-03-02 10:00:00+00:00,1947.712646484375,1954.9052734375,1945.261474609375,1950.7054443359375,0
2026-03-02 11:00:00+00:00,1951.8060302734375,1952.88134765625,1936.4776611328125,1947.8978271484375,529262592
2026-03-02 12:00:00+00:00,1947.9493408203125,1948.653564453125,1932.2620849609375,1938.581298828125,122808320
2026-03-02 13:00:00+00:00,1938.4771728515625,1942.93017578125,1923.034423828125,1927.2745361328125,0
2026-03-02 14:00:00+00:00,1927.7535400390625,1983.299560546875,1922.4390869140625,1977.7510986328125,812769280
2026-03-02 15:00:00+00:00,1978.1451416015625,2061.41357421875,1978.1451416015625,2045.9365234375,2018695168
2026-03-02 16:00:00+00:00,2048.579833984375,2082.920654296875,2046.16552734375,2062.864013671875,2393145344
2026-03-02 17:00:00+00:00,2064.8154296875,2064.8154296875,2028.7347412109375,2040.24072265625,226011136
2026-03-02 18:00:00+00:00,2041.1748046875,2041.1748046875,2027.770263671875,2030.3663330078125,246173696
2026-03-02 19:00:00+00:00,2029.56298828125,2045.09375,2023.454833984375,2042.6102294921875,0
2026-03-02 20:00:00+00:00,2043.7685546875,2055.09130859375,2029.9884033203125,2039.6468505859375,0
2026-03-02 21:00:00+00:00,2037.3211669921875,2047.4814453125,2030.5897216796875,2043.9520263671875,88758272
2026-03-02 22:00:00+00:00,2043.725830078125,2056.8564453125,2043.1949462890625,2052.811279296875,0
2026-03-02 23:00:00+00:00,2052.788330078125,2053.76611328125,2026.5894775390625,2027.407958984375,283179008
2026-03-03 00:00:00+00:00,2027.03515625,2038.628662109375,2021.484375,2032.1151123046875,89710592
2026-03-03 01:00:00+00:00,2035.656494140625,2040.592041015625,2022.835205078125,2022.9605712890625,0
2026-03-03 02:00:00+00:00,2020.3076171875,2020.9227294921875,2000.115234375,2014.78466796875,253788160
2026-03-03 03:00:00+00:00,2014.8359375,2014.984619140625,2006.27099609375,2008.7083740234375,0
2026-03-03 04:00:00+00:00,2008.530517578125,2011.9495849609375,1998.7203369140625,2000.2069091796875,0
2026-03-03 05:00:00+00:00,1999.6002197265625,2015.482177734375,1988.173095703125,1989.5211181640625,319590400
2026-03-03 06:00:00+00:00,1993.6622314453125,1999.097412109375,1989.640869140625,1999.097412109375,0
2026-03-03 07:00:00+00:00,1999.8214111328125,2002.614990234375,1994.9150390625,1995.5128173828125,0
2026-03-03 08:00:00+00:00,1995.749267578125,1999.06396484375,1949.069580078125,1953.021484375,29372416
2026-03-03 09:00:00+00:00,1952.8775634765625,1966.6668701171875,1941.3143310546875,1951.7958984375,421824512
2026-03-03 10:00:00+00:00,1951.2716064453125,1960.9088134765625,1945.7286376953125,1955.99658203125,33308672
2026-03-03 11:00:00+00:00,1957.5494384765625,1965.7581787109375,1952.9476318359375,1962.77734375,622960640
2026-03-03 12:00:00+00:00,1961.8319091796875,1988.527587890625,1961.8319091796875,1967.8785400390625,489824256
2026-03-03 13:00:00+00:00,1967.1513671875,1967.1513671875,1944.8663330078125,1951.667724609375,0
2026-03-03 14:00:00+00:00,1952.427490234375,1970.43408203125,1936.252197265625,1946.055908203125,0
2026-03-03 15:00:00+00:00,1942.243408203125,1968.6572265625,1936.594482421875,1965.88916015625,0
2026-03-03 16:00:00+00:00,1969.88232421875,2010.7611083984375,1962.0589599609375,1985.6324462890625,0
2026-03-03 17:00:00+00:00,1982.8875732421875,1983.8370361328125,1962.6055908203125,1980.3680419921875,377542656
2026-03-03 18:00:00+00:00,1980.9595947265625,1998.6209716796875,1971.0032958984375,1989.3592529296875,41773056
2026-03-03 19:00:00+00:00,1988.364990234375,1993.947509765625,1978.2423095703125,1987.1580810546875,182515712
2026-03-03 20:00:00+00:00,1986.868896484375,1988.3172607421875,1971.333984375,1975.3546142578125,0
2026-03-03 21:00:00+00:00,1977.0606689453125,1977.0606689453125,1960.9014892578125,1969.109619140625,0
2026-03-03 22:00:00+00:00,1969.42138671875,1985.7747802734375,1969.2618408203125,1981.7044677734375,29593600
2026-03-03 23:00:00+00:00,1983.307861328125,2000.548583984375,1981.639892578125,1982.711181640625,874496
2026-03-04 00:00:00+00:00,1982.8787841796875,1985.6380615234375,1964.1568603515625,1979.21142578125,0
2026-03-04 01:00:00+00:00,1977.633544921875,1997.5135498046875,1972.0107421875,1982.875732421875,391127040
2026-03-04 02:00:00+00:00,1982.0048828125,1982.0048828125,1970.59130859375,1979.83544921875,0
2026-03-04 03:00:00+00:00,1979.7744140625,1979.7744140625,1946.78466796875,1959.140869140625,626059264
2026-03-04 04:00:00+00:00,1962.92578125,1963.5526123046875,1952.135009765625,1961.296630859375,0
2026-03-04 05:00:00+00:00,1960.5523681640625,1975.392578125,1957.8525390625,1974.0125732421875,0
2026-03-04 06:00:00+00:00,1971.017822265625,1984.0513916015625,1964.03173828125,1979.1533203125,0
2026-03-04 07:00:00+00:00,1980.2452392578125,2007.13623046875,1975.2047119140625,2004.53759765625,277866496
2026-03-04 08:00:00+00:00,2006.28759765625,2063.066650390625,2002.3509521484375,2063.066650390625,1094588416
2026-03-04 09:00:00+00:00,2062.81103515625,2087.0068359375,2058.32470703125,2072.8837890625,1390462976
2026-03-04 10:00:00+00:00,2072.8837890625,2087.564697265625,2068.071533203125,2070.743896484375,738209792
2026-03-04 11:00:00+00:00,2071.31884765625,2077.679443359375,2050.05615234375,2055.96484375,358154240
2026-03-04 12:00:00+00:00,2055.284912109375,2057.010009765625,2038.3140869140625,2054.58056640625,444825600
2026-03-04 13:00:00+00:00,2054.436767578125,2067.815673828125,2053.907470703125,2065.1728515625,40566784
2026-03-04 14:00:00+00:00,2064.8486328125,2106.734130859375,2064.8486328125,2078.72119140625,365008896
2026-03-04 15:00:00+00:00,2078.9296875,2155.665771484375,2078.9296875,2155.665771484375,1649719296
2026-03-04 16:00:00+00:00,2149.820068359375,2155.722412109375,2133.0361328125,2146.841552734375,456208384
2026-03-04 17:00:00+00:00,2143.1591796875,2154.808837890625,2132.690185546875,2148.2490234375,462016512
2026-03-04 18:00:00+00:00,2147.3115234375,2162.903564453125,2141.234619140625,2159.669189453125,0
2026-03-04 19:00:00+00:00,2161.244873046875,2198.475341796875,2161.244873046875,2180.331787109375,2120353792
2026-03-04 20:00:00+00:00,2179.136962890625,2179.586669921875,2156.633056640625,2156.633056640625,0
2026-03-04 21:00:00+00:00,2152.575439453125,2155.357421875,2144.150146484375,2150.452880859375,960946176
2026-03-04 22:00:00+00:00,2150.731689453125,2163.884033203125,2128.407958984375,2132.966064453125,0
2026-03-04 23:00:00+00:00,2132.280517578125,2135.189697265625,2117.56298828125,2124.773681640625,411699200
2026-03-05 00:00:00+00:00,2128.638427734375,2135.071044921875,2122.8330078125,2129.73779296875,0
2026-03-05 01:00:00+00:00,2129.74755859375,2140.44775390625,2109.88916015625,2113.05517578125,826284032
2026-03-05 02:00:00+00:00,2115.869384765625,2132.60546875,2115.869384765625,2120.68603515625,179957760
2026-03-05 03:00:00+00:00,2122.50048828125,2125.8251953125,2109.397705078125,2119.37451171875,0
2026-03-05 04:00:00+00:00,2120.1806640625,2141.976806640625,2119.796630859375,2137.67138671875,245094400
2026-03-05 05:00:00+00:00,2137.94189453125,2138.984130859375,2115.140625,2115.98583984375,475199488
2026-03-05 06:00:00+00:00,2119.430419921875,2129.496337890625,2111.574462890625,2128.961181640625,0
2026-03-05 07:00:00+00:00,2128.2890625,2130.242919921875,2098.071044921875,2103.128173828125,0
2026-03-05 08:00:00+00:00,2105.372314453125,2117.91943359375,2094.998291015625,2117.91943359375,0
2026-03-05 09:00:00+00:00,2117.52587890625,2137.318115234375,2117.52587890625,2125.98486328125,0
2026-03-05 10:00:00+00:00,2126.216796875,2161.963134765625,2122.159912109375,2159.216064453125,0
2026-03-05 11:00:00+00:00,2156.396728515625,2157.816650390625,2134.841064453125,2137.900146484375,140507136
2026-03-05 12:00:00+00:00,2138.450927734375,2142.59814453125,2125.494384765625,2138.659423828125,0
2026-03-05 13:00:00+00:00,2139.010986328125,2139.010986328125,2112.77197265625,2116.878662109375,0
2026-03-05 14:00:00+00:00,2117.487060546875,2126.27978515625,2099.622314453125,2123.2646484375,0
2026-03-05 15:00:00+00:00,2120.825927734375,2120.825927734375,2071.30712890625,2082.355224609375,0
2026-03-05 16:00:00+00:00,2086.060546875,2086.060546875,2058.846923828125,2079.90966796875,0
2026-03-05 17:00:00+00:00,2080.548583984375,2092.02685546875,2057.57666015625,2060.352294921875,0
2026-03-05 18:00:00+00:00,2059.581787109375,2077.166015625,2059.581787109375,2076.11865234375,143046656
2026-03-05 19:00:00+00:00,2076.5830078125,2089.413330078125,2073.4443359375,2074.6865234375,0
2026-03-05 20:00:00+00:00,2074.432373046875,2093.851806640625,2073.20751953125,2093.045654296875,0
2026-03-05 21:00:00+00:00,2092.574951171875,2098.5068359375,2076.671875,2080.199462890625,70836224
2026-03-05 22:00:00+00:00,2080.585693359375,2084.682861328125,2078.398681640625,2081.39404296875,0
2026-03-05 23:00:00+00:00,2080.640869140625,2083.556884765625,2071.084716796875,2072.025634765625,5771264
2026-03-06 00:00:00+00:00,2072.8310546875,2080.068115234375,2071.080322265625,2073.574462890625,0
2026-03-06 01:00:00+00:00,2074.161376953125,2090.391357421875,2063.677001953125,2087.778076171875,0
2026-03-06 02:00:00+00:00,2087.78125,2092.420166015625,2082.404296875,2082.86279296875,0
2026-03-06 03:00:00+00:00,2083.477294921875,2087.3310546875,2076.89599609375,2081.550537109375,82851840
2026-03-06 04:00:00+00:00,2081.22998046875,2085.2646484375,2063.419189453125,2068.37890625,0
2026-03-06 05:00:00+00:00,2070.634033203125,2073.62255859375,2060.171142578125,2069.26513671875,0
2026-03-06 06:00:00+00:00,2069.4892578125,2078.428466796875,2064.338134765625,2075.48974609375,201402368
2026-03-06 07:00:00+00:00,2074.5478515625,2086.608642578125,2069.52099609375,2082.88916015625,0
2026-03-06 08:00:00+00:00,2082.47119140625,2082.47119140625,2075.317626953125,2075.317626953125,0
2026-03-06 09:00:00+00:00,2075.48291015625,2076.497314453125,2048.47705078125,2059.375,86495232
2026-03-06 10:00:00+00:00,2059.60546875,2068.89453125,2059.60546875,2064.3349609375,0
2026-03-06 11:00:00+00:00,2063.9072265625,2066.631103515625,2050.920166015625,2051.2822265625,0
2026-03-06 12:00:00+00:00,2051.4931640625,2054.35888671875,2038.80908203125,2051.464599609375,72142848
2026-03-06 13:00:00+00:00,2048.889404296875,2056.56982421875,2022.625,2024.7779541015625,375089152
2026-03-06 14:00:00+00:00,2020.914306640625,2021.852294921875,1975.8291015625,1975.8291015625,1480691712
2026-03-06 15:00:00+00:00,1982.5794677734375,1995.91357421875,1968.1907958984375,1977.0291748046875,0
2026-03-06 16:00:00+00:00,1978.013916015625,1984.421630859375,1967.782470703125,1972.444091796875,0
2026-03-06 17:00:00+00:00,1971.411865234375,1979.94921875,1957.0985107421875,1967.4296875,0
2026-03-06 18:00:00+00:00,1967.194091796875,1982.9765625,1967.194091796875,1974.7005615234375,126607360
2026-03-06 19:00:00+00:00,1976.238525390625,1991.1734619140625,1976.238525390625,1984.0960693359375,0
2026-03-06 20:00:00+00:00,1984.0374755859375,1986.7652587890625,1970.6292724609375,1980.740478515625,0
2026-03-06 21:00:00+00:00,1979.319580078125,1983.8984375,1972.71533203125,1983.8984375,0
2026-03-06 22:00:00+00:00,1984.255859375,1988.93701171875,1981.8326416015625,1988.3543701171875,0
2026-03-06 23:00:00+00:00,1987.1632080078125,1987.1632080078125,1977.84326171875,1978.6905517578125,0
2026-03-07 00:00:00+00:00,1978.5302734375,1982.8792724609375,1977.751220703125,1982.353271484375,0
2026-03-07 01:00:00+00:00,1981.7945556640625,1983.171630859375,1977.3948974609375,1981.2340087890625,0
2026-03-07 02:00:00+00:00,1980.8990478515625,1983.0831298828125,1972.87451171875,1983.0831298828125,0
2026-03-07 03:00:00+00:00,1983.92041015625,1993.29541015625,1980.37939453125,1980.82568359375,150089728
2026-03-07 04:00:00+00:00,1980.50244140625,1980.50244140625,1966.908447265625,1976.168701171875,0
2026-03-07 05:00:00+00:00,1976.144775390625,1979.0933837890625,1973.17529296875,1977.5067138671875,0
2026-03-07 06:00:00+00:00,1978.1431884765625,1978.3287353515625,1971.141357421875,1972.7928466796875,0
2026-03-07 07:00:00+00:00,1971.773681640625,1983.16455078125,1967.8707275390625,1983.16455078125,87926784
2026-03-07 08:00:00+00:00,1983.18994140625,1987.1986083984375,1976.88427734375,1977.191650390625,0
2026-03-07 09:00:00+00:00,1977.9473876953125,1988.1038818359375,1976.3050537109375,1986.5958251953125,0
2026-03-07 10:00:00+00:00,1986.287353515625,1988.6376953125,1983.5787353515625,1983.5787353515625,0
2026-03-07 11:00:00+00:00,1984.2362060546875,1993.6361083984375,1982.8778076171875,1989.3802490234375,0
2026-03-07 12:00:00+00:00,1988.74658203125,1990.6143798828125,1980.9659423828125,1982.14013671875,0
2026-03-07 13:00:00+00:00,1982.234619140625,1983.9578857421875,1978.6236572265625,1981.4298095703125,0
2026-03-07 14:00:00+00:00,1981.86083984375,1987.71435546875,1971.277587890625,1987.71435546875,0
2026-03-07 15:00:00+00:00,1987.1439208984375,1987.1439208984375,1976.956298828125,1981.69775390625,0
2026-03-07 16:00:00+00:00,1981.0643310546875,1981.0643310546875,1975.896728515625,1977.091552734375,0
2026-03-07 17:00:00+00:00,1977.1661376953125,1982.7744140625,1977.12939453125,1977.12939453125,0
2026-03-07 18:00:00+00:00,1977.3682861328125,1977.3682861328125,1967.2537841796875,1971.924560546875,0
2026-03-07 19:00:00+00:00,1971.2227783203125,1971.2227783203125,1951.62109375,1954.750244140625,388895744
2026-03-07 20:00:00+00:00,1955.1834716796875,1967.4083251953125,1955.1834716796875,1966.6787109375,0
2026-03-07 21:00:00+00:00,1966.4891357421875,1970.9376220703125,1964.4542236328125,1970.7049560546875,0
2026-03-07 22:00:00+00:00,1970.754150390625,1970.8270263671875,1961.918701171875,1965.3509521484375,41238528
2026-03-07 23:00:00+00:00,1965.823974609375,1973.0355224609375,1965.40625,1969.4522705078125,63879168
2026-03-08 00:00:00+00:00,1969.2655029296875,1976.6146240234375,1966.9715576171875,1969.2332763671875,50211840
2026-03-08 01:00:00+00:00,1968.8016357421875,1971.004638671875,1964.08154296875,1968.65576171875,0
2026-03-08 02:00:00+00:00,1968.7974853515625,1969.431396484375,1940.162109375,1941.6114501953125,954260480
2026-03-08 03:00:00+00:00,1942.1158447265625,1950.4127197265625,1942.1158447265625,1948.58447265625,131377152
2026-03-08 04:00:00+00:00,1948.197509765625,1952.3343505859375,1934.32421875,1937.5570068359375,281435136
2026-03-08 05:00:00+00:00,1939.6468505859375,1951.345703125,1939.6468505859375,1948.72265625,303442944
2026-03-08 06:00:00+00:00,1948.72802734375,1951.3927001953125,1943.810791015625,1948.225830078125,0
2026-03-08 07:00:00+00:00,1947.7724609375,1958.804931640625,1947.7279052734375,1954.8134765625,0
2026-03-08 08:00:00+00:00,1955.5010986328125,1959.8709716796875,1950.163330078125,1959.0255126953125,0
2026-03-08 09:00:00+00:00,1959.5518798828125,1968.6597900390625,1957.110107421875,1964.0108642578125,142223360
2026-03-08 10:00:00+00:00,1963.878173828125,1978.39794921875,1963.878173828125,1972.4871826171875,1028134912
2026-03-08 11:00:00+00:00,1973.7998046875,1973.7998046875,1947.14599609375,1952.3331298828125,194124800
2026-03-08 12:00:00+00:00,1951.778076171875,1954.046630859375,1928.2086181640625,1945.3992919921875,906425344
2026-03-08 13:00:00+00:00,1946.12060546875,1946.568359375,1927.68212890625,1944.5521240234375,496701440
2026-03-08 14:00:00+00:00,1944.8377685546875,1949.471435546875,1938.2940673828125,1944.8828125,0
2026-03-08 15:00:00+00:00,1945.2830810546875,1946.439697265625,1938.2415771484375,1941.5902099609375,244320256
2026-03-08 16:00:00+00:00,1942.0509033203125,1944.3831787109375,1934.99853515625,1934.99853515625,51920896
2026-03-08 17:00:00+00:00,1935.7508544921875,1944.280029296875,1934.66357421875,1935.295654296875,63073280
2026-03-08 18:00:00+00:00,1935.0146484375,1935.613525390625,1928.9942626953125,1931.131591796875,143526912
2026-03-08 19:00:00+00:00,1930.4696044921875,1968.34521484375,1928.5224609375,1964.02099609375,429398016
2026-03-08 20:00:00+00:00,1964.201416015625,1969.7203369140625,1954.391357421875,1958.822509765625,0
2026-03-08 21:00:00+00:00,1958.5462646484375,1960.536865234375,1947.4486083984375,1954.359619140625,258651136
2026-03-08 22:00:00+00:00,1953.152099609375,1953.152099609375,1917.9088134765625,1942.1751708984375,1437864960
2026-03-08 23:00:00+00:00,1942.604736328125,1953.95947265625,1936.637451171875,1936.637451171875,226110464
2026-03-09 00:00:00+00:00,1937.102783203125,1964.1395263671875,1931.7188720703125,1951.8336181640625,787229696
2026-03-09 01:00:00+00:00,1950.9852294921875,1961.274169921875,1945.70166015625,1946.6103515625,389356544
2026-03-09 02:00:00+00:00,1945.8704833984375,1962.502685546875,1939.78076171875,1960.9276123046875,0
2026-03-09 03:00:00+00:00,1960.2220458984375,2002.817138671875,1960.2220458984375,1977.0562744140625,1421414400
2026-03-09 04:00:00+00:00,1977.980224609375,1988.7799072265625,1974.7938232421875,1978.1019287109375,0
2026-03-09 05:00:00+00:00,1977.154296875,2011.72265625,1976.796630859375,2010.1781005859375,1327044608
2026-03-09 06:00:00+00:00,2010.201904296875,2010.201904296875,1985.14453125,1985.6307373046875,449542144
2026-03-09 07:00:00+00:00,1984.3240966796875,1984.7972412109375,1966.953369140625,1983.0596923828125,355518464
2026-03-09 08:00:00+00:00,1984.2711181640625,1998.7686767578125,1981.6370849609375,1996.3536376953125,332603392
2026-03-09 09:00:00+00:00,1996.1229248046875,2020.2957763671875,1989.7703857421875,2003.2996826171875,525768704
2026-03-09 10:00:00+00:00,2003.99560546875,2005.5223388671875,1993.714599609375,1994.6749267578125,0
2026-03-09 11:00:00+00:00,1994.8675537109375,1999.0830078125,1983.2198486328125,1992.5880126953125,10696704
2026-03-09 12:00:00+00:00,1992.156982421875,2010.2252197265625,1992.156982421875,2002.2877197265625,0
2026-03-09 13:00:00+00:00,2002.5384521484375,2027.5499267578125,2001.981201171875,2020.75146484375,706918400
2026-03-09 14:00:00+00:00,2019.4737548828125,2031.3245849609375,2008.62548828125,2022.77734375,1178388480
2026-03-09 15:00:00+00:00,2022.0684814453125,2028.177490234375,2016.64990234375,2026.025146484375,443348992
2026-03-09 16:00:00+00:00,2023.4359130859375,2033.84375,2020.7161865234375,2028.0286865234375,672925696
2026-03-09 17:00:00+00:00,2027.922119140625,2031.0223388671875,2007.046142578125,2018.1634521484375,156598272
2026-03-09 18:00:00+00:00,2017.146484375,2020.009765625,2007.5810546875,2010.78125,545886208
2026-03-09 19:00:00+00:00,2012.917236328125,2048.365478515625,2010.6309814453125,2036.1710205078125,319877120
2026-03-09 20:00:00+00:00,2034.3756103515625,2037.198486328125,2020.911376953125,2027.782470703125,94607360
2026-03-09 21:00:00+00:00,2026.625244140625,2035.89404296875,2023.9595947265625,2029.60986328125,0
2026-03-09 22:00:00+00:00,2030.1483154296875,2030.4857177734375,2000.77001953125,2002.287109375,0
2026-03-09 23:00:00+00:00,2002.824951171875,2006.427978515625,1990.8204345703125,1992.986083984375,318734336
2026-03-10 00:00:00+00:00,1994.333251953125,2021.994873046875,1992.8333740234375,2014.9056396484375,0
2026-03-10 01:00:00+00:00,2016.4423828125,2022.5303955078125,2007.9525146484375,2020.0133056640625,0
2026-03-10 02:00:00+00:00,2021.022216796875,2052.6884765625,2015.2354736328125,2041.9866943359375,179578880
2026-03-10 03:00:00+00:00,2042.8829345703125,2046.31201171875,2025.2757568359375,2026.80908203125,0
2026-03-10 04:00:00+00:00,2027.681884765625,2046.2210693359375,2027.681884765625,2045.6824951171875,0
2026-03-10 05:00:00+00:00,2045.640380859375,2052.257568359375,2041.04248046875,2043.43701171875,0
2026-03-10 06:00:00+00:00,2042.95947265625,2048.183349609375,2037.673828125,2043.066650390625,0
2026-03-10 07:00:00+00:00,2044.5780029296875,2056.1064453125,2041.2008056640625,2049.363525390625,0
2026-03-10 08:00:00+00:00,2050.9677734375,2070.450927734375,2050.9677734375,2057.06591796875,976056320
2026-03-10 09:00:00+00:00,2057.330078125,2071.2021484375,2057.330078125,2068.4775390625,0
2026-03-10 10:00:00+00:00,2068.686767578125,2068.686767578125,2056.18115234375,2062.9404296875,0
2026-03-10 11:00:00+00:00,2062.05224609375,2066.923828125,2057.6259765625,2061.73681640625,259342336
2026-03-10 12:00:00+00:00,2061.82421875,2061.82421875,2049.66796875,2050.208251953125,0
2026-03-10 13:00:00+00:00,2050.10498046875,2059.860595703125,2026.408935546875,2034.254638671875,0
2026-03-10 14:00:00+00:00,2033.451416015625,2077.504638671875,2011.8948974609375,2075.33203125,569384960
2026-03-10 15:00:00+00:00,2081.836181640625,2084.90966796875,2064.324951171875,2080.031982421875,1187926016
2026-03-10 16:00:00+00:00,2080.43994140625,2087.797119140625,2070.964599609375,2080.99365234375,400588800
2026-03-10 17:00:00+00:00,2080.872802734375,2085.296142578125,2062.98095703125,2072.52880859375,193005568
2026-03-10 18:00:00+00:00,2072.060791015625,2072.258056640625,2037.4561767578125,2037.52294921875,598697984
2026-03-10 19:00:00+00:00,2040.0301513671875,2043.550537109375,2029.832763671875,2035.8291015625,0
2026-03-10 20:00:00+00:00,2037.343994140625,2046.6871337890625,2036.868408203125,2043.0498046875,0
2026-03-10 21:00:00+00:00,2042.853759765625,2047.0098876953125,2022.4747314453125,2028.9500732421875,131231744
2026-03-10 22:00:00+00:00,2031.974853515625,2031.974853515625,2021.68408203125,2027.24169921875,0
2026-03-10 23:00:00+00:00,2027.3406982421875,2037.1212158203125,2027.3406982421875,2037.1212158203125,0
2026-03-11 00:00:00+00:00,2037.130126953125,2040.288330078125,2030.0970458984375,2038.614013671875,0
2026-03-11 01:00:00+00:00,2037.8642578125,2039.965576171875,2030.8033447265625,2036.5472412109375,232677376
2026-03-11 02:00:00+00:00,2036.4906005859375,2038.806396484375,2020.9207763671875,2025.8980712890625,0
2026-03-11 03:00:00+00:00,2026.5673828125,2028.37158203125,2019.6800537109375,2020.9947509765625,272789504
2026-03-11 04:00:00+00:00,2020.787841796875,2039.86865234375,2020.0009765625,2038.3841552734375,0
2026-03-11 05:00:00+00:00,2039.4708251953125,2039.8631591796875,2015.6190185546875,2016.6229248046875,0
2026-03-11 06:00:00+00:00,2014.704833984375,2024.92822265625,2014.704833984375,2024.6610107421875,0
2026-03-11 07:00:00+00:00,2024.533447265625,2025.0467529296875,2008.0906982421875,2013.36962890625,173002752
2026-03-11 08:00:00+00:00,2012.723876953125,2024.7056884765625,2010.881103515625,2024.18212890625,0
2026-03-11 09:00:00+00:00,2024.1527099609375,2026.069580078125,2015.52294921875,2015.7694091796875,0
2026-03-11 10:00:00+00:00,2017.8253173828125,2029.6356201171875,2017.724365234375,2028.9471435546875,99102720
2026-03-11 11:00:00+00:00,2028.830078125,2033.3466796875,2017.9132080078125,2018.7266845703125,0
2026-03-11 12:00:00+00:00,2018.0045166015625,2027.744384765625,2013.20361328125,2024.4283447265625,133726208
2026-03-11 13:00:00+00:00,2023.3525390625,2080.249267578125,2022.7607421875,2050.189697265625,547018752
2026-03-11 14:00:00+00:00,2050.93896484375,2073.267333984375,2045.353271484375,2065.83203125,0
2026-03-11 15:00:00+00:00,2062.876953125,2064.23486328125,2034.162841796875,2050.763427734375,0
2026-03-11 16:00:00+00:00,2049.775634765625,2070.219970703125,2048.38671875,2066.7060546875,14776320
2026-03-11 17:00:00+00:00,2067.3134765625,2085.266845703125,2060.9443359375,2068.66650390625,209782784
2026-03-11 18:00:00+00:00,2068.54736328125,2079.534912109375,2065.675048828125,2076.95263671875,0
2026-03-11 19:00:00+00:00,2077.30859375,2077.671142578125,2070.335205078125,2076.216552734375,0
2026-03-11 20:00:00+00:00,2076.5302734375,2076.5302734375,2067.025390625,2068.991943359375,214337536
2026-03-11 21:00:00+00:00,2069.58740234375,2074.12744140625,2064.909912109375,2073.134521484375,0
2026-03-11 22:00:00+00:00,2073.555908203125,2082.570556640625,2060.7314453125,2062.0234375,0
2026-03-11 23:00:00+00:00,2062.322509765625,2064.93896484375,2047.5579833984375,2051.7666015625,156209152
2026-03-12 00:00:00+00:00,2052.380859375,2057.705322265625,2049.473388671875,2056.447998046875,9953280
2026-03-12 01:00:00+00:00,2056.41259765625,2056.41259765625,2044.0299072265625,2045.755126953125,40804352
2026-03-12 02:00:00+00:00,2045.99365234375,2046.8582763671875,2023.53369140625,2025.3829345703125,0
2026-03-12 03:00:00+00:00,2025.0274658203125,2034.0274658203125,2019.541259765625,2023.49365234375,335704064
2026-03-12 04:00:00+00:00,2023.5506591796875,2029.2911376953125,2022.2440185546875,2023.874267578125,0
2026-03-12 05:00:00+00:00,2023.25830078125,2027.53662109375,2020.293701171875,2026.314208984375,33536000
2026-03-12 06:00:00+00:00,2026.6787109375,2030.7734375,2025.9779052734375,2029.97412109375,0
2026-03-12 07:00:00+00:00,2030.2064208984375,2040.8868408203125,2027.0145263671875,2040.14501953125,145262592
2026-03-12 08:00:00+00:00,2040.80908203125,2050.330078125,2039.160400390625,2046.6826171875,0
2026-03-12 09:00:00+00:00,2047.92919921875,2061.7939453125,2040.6298828125,2055.775146484375,383428608
2026-03-12 10:00:00+00:00,2055.958740234375,2074.028564453125,2053.76220703125,2071.469970703125,274499584
2026-03-12 11:00:00+00:00,2070.741943359375,2075.40771484375,2060.628173828125,2061.679443359375,288710656
2026-03-12 12:00:00+00:00,2063.38525390625,2070.98291015625,2058.985107421875,2064.756591796875,0
2026-03-12 13:00:00+00:00,2065.360595703125,2078.668212890625,2053.56494140625,2062.244384765625,0
2026-03-12 14:00:00+00:00,2065.5673828125,2090.654541015625,2039.8236083984375,2043.391845703125,157669376
2026-03-12 15:00:00+00:00,2045.938720703125,2081.60546875,2043.7659912109375,2069.756103515625,434878464
2026-03-12 16:00:00+00:00,2073.26171875,2077.081787109375,2059.035400390625,2069.76953125,1501184
2026-03-12 17:00:00+00:00,2069.93701171875,2074.13330078125,2057.257568359375,2061.1103515625,0
2026-03-12 18:00:00+00:00,2059.55029296875,2060.3447265625,2047.977783203125,2049.0615234375,166051840
2026-03-12 19:00:00+00:00,2049.06494140625,2072.932861328125,2047.622314453125,2072.165771484375,0
2026-03-12 20:00:00+00:00,2070.99560546875,2073.302734375,2061.524658203125,2063.379150390625,0
2026-03-12 21:00:00+00:00,2063.176025390625,2067.8330078125,2058.96240234375,2064.744140625,394739712
2026-03-12 22:00:00+00:00,2063.561279296875,2067.093994140625,2056.81982421875,2062.59765625,190310400
2026-03-12 23:00:00+00:00,2065.743896484375,2091.90771484375,2065.743896484375,2073.289306640625,1017104384
2026-03-13 00:00:00+00:00,2073.826171875,2145.611572265625,2071.806396484375,2115.58935546875,2796744704
2026-03-13 01:00:00+00:00,2119.097412109375,2129.04150390625,2114.044921875,2124.12744140625,444866560
2026-03-13 02:00:00+00:00,2124.71142578125,2125.19580078125,2104.47802734375,2106.34716796875,0
2026-03-13 03:00:00+00:00,2105.805908203125,2119.427734375,2104.886474609375,2118.751708984375,63485952
2026-03-13 04:00:00+00:00,2118.982421875,2119.520751953125,2110.53662109375,2111.01220703125,112068608
2026-03-13 05:00:00+00:00,2110.881103515625,2114.093017578125,2104.060791015625,2111.625,0
2026-03-13 06:00:00+00:00,2111.0380859375,2112.397216796875,2090.933837890625,2095.006591796875,454578176
2026-03-13 07:00:00+00:00,2095.873779296875,2102.659423828125,2095.028564453125,2100.984375,0
2026-03-13 08:00:00+00:00,2099.3037109375,2111.730224609375,2092.377197265625,2099.83349609375,22917120
2026-03-13 09:00:00+00:00,2100.55810546875,2115.672607421875,2098.58447265625,2114.04931640625,552814592
2026-03-13 10:00:00+00:00,2113.87548828125,2132.238037109375,2113.87548828125,2127.605224609375,168019968
2026-03-13 11:00:00+00:00,2127.023193359375,2128.32080078125,2119.041259765625,2121.5205078125,89878528
2026-03-13 12:00:00+00:00,2121.390625,2151.29443359375,2121.270751953125,2149.6767578125,844916736
2026-03-13 13:00:00+00:00,2147.087158203125,2196.798095703125,2143.892578125,2190.424560546875,2014076928
2026-03-13 14:00:00+00:00,2186.894775390625,2205.16845703125,2148.342529296875,2148.811279296875,498325504
2026-03-13 15:00:00+00:00,2151.176025390625,2163.435302734375,2126.343505859375,2127.210693359375,764133376
2026-03-13 16:00:00+00:00,2128.917724609375,2141.87646484375,2113.172607421875,2136.654052734375,870029312
2026-03-13 17:00:00+00:00,2134.0712890625,2140.05517578125,2092.907958984375,2100.51904296875,513896448
2026-03-13 18:00:00+00:00,2102.0185546875,2107.23486328125,2093.870361328125,2101.381591796875,175929344
2026-03-13 19:00:00+00:00,2100.939208984375,2105.67578125,2098.2705078125,2102.09130859375,0
2026-03-13 20:00:00+00:00,2102.539306640625,2113.55224609375,2102.19384765625,2111.70703125,188594176
2026-03-13 21:00:00+00:00,2111.800537109375,2115.84033203125,2102.54345703125,2105.097412109375,0
2026-03-13 22:00:00+00:00,2103.447021484375,2103.873779296875,2079.372802734375,2089.40673828125,70072320
2026-03-13 23:00:00+00:00,2089.122802734375,2093.465087890625,2086.212158203125,2092.558349609375,14336
2026-03-14 00:00:00+00:00,2092.439697265625,2094.5556640625,2083.6220703125,2086.299072265625,0
2026-03-14 01:00:00+00:00,2085.7001953125,2094.078857421875,2082.9482421875,2093.876708984375,0
2026-03-14 02:00:00+00:00,2092.805908203125,2095.089111328125,2090.215087890625,2094.002197265625,0
2026-03-14 03:00:00+00:00,2092.95703125,2102.228271484375,2092.95703125,2100.936279296875,0
2026-03-14 04:00:00+00:00,2101.1201171875,2105.5712890625,2089.14892578125,2090.206787109375,24535040
2026-03-14 05:00:00+00:00,2090.403564453125,2093.855224609375,2087.974853515625,2092.67236328125,0
2026-03-14 06:00:00+00:00,2092.7470703125,2092.7470703125,2073.95458984375,2078.817138671875,0
2026-03-14 07:00:00+00:00,2078.723876953125,2080.661376953125,2076.6953125,2078.352783203125,0
2026-03-14 08:00:00+00:00,2077.88330078125,2080.733642578125,2073.544189453125,2074.7421875,0
2026-03-14 09:00:00+00:00,2074.77734375,2077.58984375,2065.7294921875,2068.376220703125,0
2026-03-14 10:00:00+00:00,2067.80029296875,2069.098388671875,2063.405517578125,2066.601806640625,0
2026-03-14 11:00:00+00:00,2066.7626953125,2076.689208984375,2066.55322265625,2073.813720703125,0
2026-03-14 12:00:00+00:00,2073.946533203125,2077.20751953125,2070.99755859375,2075.210205078125,0
2026-03-14 13:00:00+00:00,2074.832275390625,2079.71728515625,2074.355712890625,2079.04638671875,0
2026-03-14 14:00:00+00:00,2079.296630859375,2080.361328125,2070.795654296875,2073.280029296875,0
2026-03-14 15:00:00+00:00,2071.413818359375,2077.787109375,2071.413818359375,2075.015625,0
2026-03-14 16:00:00+00:00,2074.450439453125,2078.41552734375,2069.904052734375,2077.857421875,0
2026-03-14 17:00:00+00:00,2077.768310546875,2078.155029296875,2074.075927734375,2075.06005859375,0
2026-03-14 18:00:00+00:00,2075.23828125,2078.044921875,2073.462158203125,2078.044921875,0
2026-03-14 19:00:00+00:00,2077.42578125,2079.39892578125,2075.515380859375,2077.917236328125,0
2026-03-14 20:00:00+00:00,2077.9091796875,2087.116455078125,2076.495361328125,2087.116455078125,0
2026-03-14 21:00:00+00:00,2086.444580078125,2088.47998046875,2083.33740234375,2087.666015625,0
2026-03-14 22:00:00+00:00,2087.0712890625,2088.21875,2083.62841796875,2084.055908203125,0
2026-03-14 23:00:00+00:00,2084.26708984375,2098.38623046875,2084.26708984375,2096.880859375,128814080
2026-03-15 00:00:00+00:00,2096.66455078125,2096.676025390625,2087.621826171875,2088.668212890625,0
2026-03-15 01:00:00+00:00,2088.474609375,2090.793701171875,2084.525634765625,2089.360107421875,0
2026-03-15 02:00:00+00:00,2089.018310546875,2106.924072265625,2089.018310546875,2102.072509765625,127401984
2026-03-15 03:00:00+00:00,2102.239013671875,2104.141845703125,2094.2529296875,2096.13916015625,134600704
2026-03-15 04:00:00+00:00,2096.4560546875,2103.826416015625,2096.4560546875,2102.508544921875,0
2026-03-15 05:00:00+00:00,2104.09716796875,2115.430419921875,2102.44482421875,2108.333984375,115486720
2026-03-15 06:00:00+00:00,2108.023681640625,2110.6884765625,2104.176513671875,2107.763427734375,0
2026-03-15 07:00:00+00:00,2107.760498046875,2113.576904296875,2104.143798828125,2105.628662109375,0
2026-03-15 08:00:00+00:00,2105.694091796875,2112.7578125,2105.694091796875,2111.40380859375,123171840
2026-03-15 09:00:00+00:00,2113.061767578125,2122.377685546875,2113.061767578125,2118.072021484375,124529664
2026-03-15 10:00:00+00:00,2117.521240234375,2121.0341796875,2115.482666015625,2119.6787109375,0
2026-03-15 11:00:00+00:00,2119.44384765625,2121.0966796875,2115.771484375,2119.96484375,0
2026-03-15 12:00:00+00:00,2119.9462890625,2120.198486328125,2108.944091796875,2109.338134765625,169540608
2026-03-15 13:00:00+00:00,2109.8037109375,2112.0791015625,2087.817138671875,2095.488525390625,801182720
2026-03-15 14:00:00+00:00,2098.10205078125,2098.10205078125,2087.32861328125,2096.589599609375,78848
2026-03-15 15:00:00+00:00,2096.42626953125,2096.42626953125,2091.470703125,2094.015380859375,153184256
2026-03-15 16:00:00+00:00,2093.953369140625,2098.48291015625,2090.68896484375,2092.118408203125,6326272
2026-03-15 17:00:00+00:00,2092.109130859375,2117.396728515625,2091.973876953125,2110.215087890625,132276224
2026-03-15 18:00:00+00:00,2111.168212890625,2112.119140625,2097.94189453125,2099.207275390625,468890624
2026-03-15 19:00:00+00:00,2100.457763671875,2114.088623046875,2100.457763671875,2113.78662109375,142627840
2026-03-15 20:00:00+00:00,2113.68408203125,2137.470703125,2111.13671875,2130.52490234375,504849408
2026-03-15 21:00:00+00:00,2129.790283203125,2143.738525390625,2124.14404296875,2137.573486328125,224106496
2026-03-15 22:00:00+00:00,2139.048583984375,2191.397705078125,2126.712890625,2185.0146484375,2068969472
2026-03-15 23:00:00+00:00,2183.22265625,2201.888916015625,2166.681884765625,2177.782958984375,1506438144
2026-03-16 00:00:00+00:00,2178.44580078125,2184.424072265625,2167.1025390625,2171.879638671875,544944128
2026-03-16 01:00:00+00:00,2171.49853515625,2188.471435546875,2166.272216796875,2186.246826171875,536998912
2026-03-16 02:00:00+00:00,2185.999267578125,2188.23486328125,2171.390869140625,2181.718017578125,36826112
2026-03-16 03:00:00+00:00,2181.271728515625,2245.39892578125,2178.6201171875,2238.13525390625,2897560576
2026-03-16 04:00:00+00:00,2235.80810546875,2269.72607421875,2235.80810546875,2263.323486328125,2709911552
2026-03-16 05:00:00+00:00,2263.128173828125,2284.3916015625,2260.403564453125,2284.3916015625,1283250176
2026-03-16 06:00:00+00:00,2279.755126953125,2279.8251953125,2261.353515625,2261.353515625,1230141440
2026-03-16 07:00:00+00:00,2261.24462890625,2268.228515625,2246.3232421875,2249.6201171875,870328320
2026-03-16 08:00:00+00:00,2248.9521484375,2258.504638671875,2237.82275390625,2243.578369140625,1127632896
2026-03-16 09:00:00+00:00,2243.623046875,2264.04248046875,2240.768310546875,2260.296630859375,491571200
2026-03-16 10:00:00+00:00,2260.37890625,2277.762939453125,2257.29541015625,2277.762939453125,753096704
2026-03-16 11:00:00+00:00,2278.088134765625,2278.3154296875,2266.669189453125,2270.44482421875,908267520
2026-03-16 12:00:00+00:00,2270.219970703125,2300.50146484375,2270.219970703125,2279.395751953125,1790068736
2026-03-16 13:00:00+00:00,2279.471435546875,2303.97998046875,2273.767333984375,2284.61865234375,759666688
2026-03-16 14:00:00+00:00,2285.518798828125,2303.0048828125,2259.010009765625,2284.226806640625,1489936384
2026-03-16 15:00:00+00:00,2286.806640625,2296.713623046875,2271.9736328125,2272.070068359375,1495375872
2026-03-16 16:00:00+00:00,2273.748779296875,2298.8984375,2271.861328125,2298.8984375,949725184
2026-03-16 17:00:00+00:00,2297.13623046875,2320.10888671875,2295.6015625,2315.321533203125,1190940672
2026-03-16 18:00:00+00:00,2314.791015625,2343.173828125,2314.791015625,2324.0185546875,1304203264
2026-03-16 19:00:00+00:00,2321.05517578125,2342.269287109375,2321.05517578125,2333.68994140625,1243758592
2026-03-16 20:00:00+00:00,2330.442138671875,2346.43310546875,2324.15673828125,2346.185791015625,0
2026-03-16 21:00:00+00:00,2345.561767578125,2370.285888671875,2344.452880859375,2359.873291015625,1271422976
2026-03-16 22:00:00+00:00,2361.775634765625,2383.081298828125,2357.18505859375,2357.18505859375,0
2026-03-16 23:00:00+00:00,2354.240478515625,2360.40478515625,2331.90673828125,2351.134765625,544768
2026-03-17 00:00:00+00:00,2351.62158203125,2374.908935546875,2342.647705078125,2354.617431640625,1147371520
2026-03-17 01:00:00+00:00,2357.25390625,2373.271484375,2348.990478515625,2360.497802734375,1281818624
2026-03-17 02:00:00+00:00,2361.45849609375,2361.45849609375,2345.03466796875,2353.51708984375,187400192
2026-03-17 03:00:00+00:00,2351.872802734375,2354.79541015625,2309.200439453125,2319.906005859375,0
2026-03-17 04:00:00+00:00,2320.260498046875,2329.270751953125,2298.44091796875,2310.414306640625,0
2026-03-17 05:00:00+00:00,2311.133544921875,2317.34375,2299.16650390625,2306.269287109375,0
2026-03-17 06:00:00+00:00,2307.82470703125,2322.00732421875,2299.182373046875,2315.153564453125,0
2026-03-17 07:00:00+00:00,2315.206787109375,2337.20068359375,2315.206787109375,2326.435791015625,0
2026-03-17 08:00:00+00:00,2327.887451171875,2334.370361328125,2318.74755859375,2318.74755859375,0
2026-03-17 09:00:00+00:00,2320.01904296875,2325.713134765625,2309.71142578125,2315.728515625,280125440
2026-03-17 10:00:00+00:00,2315.604248046875,2315.604248046875,2307.620361328125,2312.40478515625,0
2026-03-17 11:00:00+00:00,2312.720703125,2331.83251953125,2312.483642578125,2328.155517578125,25591808
2026-03-17 12:00:00+00:00,2327.2333984375,2334.288818359375,2314.42431640625,2315.154541015625,0
2026-03-17 13:00:00+00:00,2315.79541015625,2342.994873046875,2314.16064453125,2330.265869140625,0
2026-03-17 14:00:00+00:00,2329.1357421875,2348.03466796875,2320.177978515625,2344.531982421875,0
2026-03-17 15:00:00+00:00,2344.564208984375,2356.20263671875,2306.762451171875,2315.868408203125,0
2026-03-17 16:00:00+00:00,2316.387939453125,2335.62451171875,2314.797607421875,2325.663818359375,0
2026-03-17 17:00:00+00:00,2327.03515625,2341.8193359375,2322.481689453125,2340.443359375,0
2026-03-17 18:00:00+00:00,2340.2197265625,2342.297607421875,2329.9970703125,2332.260498046875,0
2026-03-17 19:00:00+00:00,2332.98486328125,2339.662109375,2319.416015625,2320.69189453125,0
2026-03-17 20:00:00+00:00,2322.238037109375,2329.841796875,2319.035888671875,2328.62548828125,169312256
2026-03-17 21:00:00+00:00,2328.509033203125,2341.64892578125,2328.509033203125,2338.958984375,0
2026-03-17 22:00:00+00:00,2338.792724609375,2342.218505859375,2319.488525390625,2329.2763671875,0
2026-03-17 23:00:00+00:00,2329.92138671875,2333.373046875,2318.15966796875,2318.556884765625,0
2026-03-18 00:00:00+00:00,2318.0888671875,2325.12451171875,2309.591552734375,2323.9453125,0
2026-03-18 01:00:00+00:00,2324.309814453125,2334.448974609375,2324.309814453125,2325.8857421875,0
2026-03-18 02:00:00+00:00,2325.538818359375,2339.525146484375,2325.538818359375,2332.255126953125,0
2026-03-18 03:00:00+00:00,2332.080810546875,2348.254638671875,2330.117431640625,2341.412353515625,0
2026-03-18 04:00:00+00:00,2341.37109375,2341.875244140625,2327.5703125,2328.12158203125,0
2026-03-18 05:00:00+00:00,2328.05078125,2330.99365234375,2315.551513671875,2318.271240234375,0
2026-03-18 06:00:00+00:00,2319.100341796875,2330.8291015625,2319.100341796875,2324.03857421875,0
2026-03-18 07:00:00+00:00,2323.159423828125,2323.226318359375,2313.76318359375,2318.22509765625,0
2026-03-18 08:00:00+00:00,2318.298828125,2325.06201171875,2317.85791015625,2322.14111328125,0
2026-03-18 09:00:00+00:00,2322.70068359375,2332.8515625,2322.60693359375,2328.9169921875,0
2026-03-18 10:00:00+00:00,2329.30126953125,2331.399169921875,2310.07958984375,2312.916259765625,0
2026-03-18 11:00:00+00:00,2313.176513671875,2316.31201171875,2265.60009765625,2268.054931640625,986183680
2026-03-18 12:00:00+00:00,2269.9541015625,2269.9541015625,2236.973388671875,2239.122802734375,1066135552
2026-03-18 13:00:00+00:00,2238.40625,2241.603271484375,2226.35302734375,2232.925537109375,14168064
2026-03-18 14:00:00+00:00,2235.8798828125,2236.08837890625,2193.118896484375,2193.118896484375,399366144
2026-03-18 15:00:00+00:00,2190.2060546875,2194.318359375,2176.735595703125,2188.836181640625,591839232
2026-03-18 16:00:00+00:00,2187.87109375,2190.28173828125,2170.0732421875,2182.38720703125,543107072
2026-03-18 17:00:00+00:00,2181.44140625,2210.30810546875,2177.887939453125,2203.81884765625,621932544
2026-03-18 18:00:00+00:00,2211.8193359375,2218.458984375,2176.478515625,2177.54052734375,614668288
2026-03-18 19:00:00+00:00,2181.046142578125,2195.60693359375,2181.046142578125,2184.00732421875,561065984
2026-03-18 20:00:00+00:00,2185.201904296875,2192.03076171875,2155.1220703125,2188.847900390625,537712640
2026-03-18 21:00:00+00:00,2188.269287109375,2206.076416015625,2187.100341796875,2204.831298828125,589727744
2026-03-18 22:00:00+00:00,2204.4052734375,2204.4052734375,2188.9716796875,2193.93896484375,0
2026-03-18 23:00:00+00:00,2194.463134765625,2205.74267578125,2190.33056640625,2203.478759765625,251111424
2026-03-19 00:00:00+00:00,2203.645263671875,2206.149658203125,2191.998779296875,2192.560791015625,0
2026-03-19 01:00:00+00:00,2193.390625,2201.08203125,2188.573486328125,2198.44677734375,34004992
2026-03-19 02:00:00+00:00,2197.338134765625,2204.394287109375,2190.315673828125,2197.02099609375,0
2026-03-19 03:00:00+00:00,2197.08154296875,2231.16455078125,2197.08154296875,2212.20361328125,326057984
2026-03-19 04:00:00+00:00,2212.476318359375,2212.54638671875,2192.162841796875,2194.68798828125,366774272
2026-03-19 05:00:00+00:00,2194.43603515625,2197.870849609375,2187.45947265625,2190.672607421875,0
2026-03-19 06:00:00+00:00,2189.00244140625,2194.154052734375,2178.561279296875,2179.04736328125,0
2026-03-19 07:00:00+00:00,2180.044921875,2181.091796875,2144.364013671875,2167.650146484375,1617145856
2026-03-19 08:00:00+00:00,2166.401611328125,2169.74755859375,2159.0498046875,2159.958251953125,537604096
2026-03-19 09:00:00+00:00,2160.601806640625,2190.031494140625,2160.601806640625,2187.70947265625,514068480
2026-03-19 10:00:00+00:00,2189.021728515625,2189.30517578125,2173.357177734375,2173.357177734375,147783680
2026-03-19 11:00:00+00:00,2172.833984375,2176.76025390625,2166.07470703125,2166.51708984375,0
2026-03-19 12:00:00+00:00,2167.038330078125,2167.038330078125,2132.659423828125,2132.659423828125,0
2026-03-19 13:00:00+00:00,2130.62548828125,2140.30419921875,2113.212158203125,2137.4775390625,933588992
2026-03-19 14:00:00+00:00,2136.845458984375,2142.27392578125,2103.9990234375,2126.250732421875,0
2026-03-19 15:00:00+00:00,2123.98291015625,2133.884765625,2101.839111328125,2120.76318359375,0
2026-03-19 16:00:00+00:00,2119.15771484375,2121.013427734375,2107.86279296875,2114.52392578125,219310080
2026-03-19 17:00:00+00:00,2115.7548828125,2129.725341796875,2106.108154296875,2127.35498046875,0
2026-03-19 18:00:00+00:00,2127.261962890625,2128.257080078125,2115.207763671875,2125.684326171875,0
2026-03-19 19:00:00+00:00,2125.108154296875,2156.0771484375,2125.108154296875,2141.67529296875,317470720
2026-03-19 20:00:00+00:00,2142.339111328125,2151.416748046875,2140.1123046875,2146.05322265625,0
2026-03-19 21:00:00+00:00,2146.637939453125,2154.37451171875,2146.637939453125,2152.44384765625,0
2026-03-19 22:00:00+00:00,2150.446533203125,2151.790283203125,2135.17529296875,2138.841552734375,132939776
2026-03-19 23:00:00+00:00,2140.104248046875,2146.956298828125,2132.42578125,2137.394287109375,0
2026-03-20 00:00:00+00:00,2137.66650390625,2148.482666015625,2136.04296875,2144.9794921875,0
2026-03-20 01:00:00+00:00,2145.82421875,2159.8818359375,2145.82421875,2151.85498046875,35694592
2026-03-20 02:00:00+00:00,2151.412841796875,2151.412841796875,2133.29296875,2145.427001953125,0
2026-03-20 03:00:00+00:00,2145.1435546875,2156.052734375,2144.73779296875,2152.6962890625,0
2026-03-20 04:00:00+00:00,2151.64404296875,2158.4345703125,2140.207275390625,2147.77587890625,0
2026-03-20 05:00:00+00:00,2148.2392578125,2150.738037109375,2139.4609375,2140.026123046875,243759104
2026-03-20 06:00:00+00:00,2139.93408203125,2140.58056640625,2133.439697265625,2136.51611328125,0
2026-03-20 07:00:00+00:00,2136.887451171875,2152.635009765625,2122.281005859375,2151.462646484375,0
2026-03-20 08:00:00+00:00,2151.3310546875,2173.3837890625,2147.5751953125,2164.212158203125,254697472
2026-03-20 09:00:00+00:00,2164.67724609375,2164.67724609375,2136.485107421875,2140.222900390625,0
2026-03-20 10:00:00+00:00,2140.909423828125,2150.017578125,2132.177734375,2148.53857421875,151742464
2026-03-20 11:00:00+00:00,2148.397216796875,2157.4150390625,2137.565185546875,2141.552734375,0
2026-03-20 12:00:00+00:00,2141.488037109375,2151.197021484375,2136.244873046875,2140.388916015625,0
2026-03-20 13:00:00+00:00,2140.599609375,2151.351806640625,2125.937744140625,2125.937744140625,0
2026-03-20 14:00:00+00:00,2127.13330078125,2146.7392578125,2119.926513671875,2130.690673828125,0
2026-03-20 15:00:00+00:00,2129.133056640625,2137.392822265625,2121.40869140625,2133.31787109375,0
2026-03-20 16:00:00+00:00,2133.983154296875,2142.89306640625,2131.6689453125,2139.0654296875,0
2026-03-20 17:00:00+00:00,2137.244384765625,2138.58544921875,2122.478515625,2137.11865234375,0
2026-03-20 18:00:00+00:00,2136.16845703125,2136.70654296875,2118.15625,2121.2939453125,226310144
2026-03-20 19:00:00+00:00,2122.583251953125,2133.44482421875,2117.471923828125,2133.417236328125,0
2026-03-20 20:00:00+00:00,2132.506591796875,2135.939208984375,2124.765380859375,2133.3193359375,48875520
2026-03-20 21:00:00+00:00,2133.10107421875,2153.938720703125,2131.699462890625,2147.743896484375,148377600
2026-03-20 22:00:00+00:00,2147.712890625,2166.629638671875,2147.712890625,2156.46484375,64661504
2026-03-20 23:00:00+00:00,2155.7587890625,2155.7587890625,2144.527099609375,2146.7099609375,0
2026-03-21 00:00:00+00:00,2146.52490234375,2154.935791015625,2145.1513671875,2153.099609375,0
2026-03-21 01:00:00+00:00,2152.968017578125,2157.970458984375,2147.82421875,2147.98583984375,0
2026-03-21 02:00:00+00:00,2147.762451171875,2155.421630859375,2146.366943359375,2153.997802734375,0
2026-03-21 03:00:00+00:00,2154.491455078125,2155.543212890625,2151.478515625,2153.429443359375,0
2026-03-21 04:00:00+00:00,2153.415771484375,2157.55615234375,2151.0185546875,2151.49951171875,0
2026-03-21 05:00:00+00:00,2151.5712890625,2156.14990234375,2151.5712890625,2152.942138671875,7845997568
2026-03-21 06:00:00+00:00,2152.78369140625,2155.512939453125,2152.3642578125,2154.765625,0
2026-03-21 07:00:00+00:00,2155.16552734375,2160.900390625,2154.69775390625,2155.28125,0
2026-03-21 08:00:00+00:00,2155.396484375,2156.327392578125,2149.8232421875,2153.537353515625,0
2026-03-21 09:00:00+00:00,2153.5615234375,2158.33203125,2153.5615234375,2158.249755859375,0
2026-03-21 10:00:00+00:00,2158.38525390625,2158.3935546875,2153.44970703125,2153.945068359375,0
2026-03-21 11:00:00+00:00,2154.012451171875,2157.02783203125,2152.764892578125,2156.985595703125,0
2026-03-21 12:00:00+00:00,2156.939208984375,2160.055908203125,2156.523681640625,2157.330078125,0
2026-03-21 13:00:00+00:00,2157.28271484375,2158.68994140625,2154.671875,2155.484375,0
2026-03-21 14:00:00+00:00,2155.42724609375,2166.7158203125,2150.814697265625,2150.926025390625,0
2026-03-21 15:00:00+00:00,2151.43505859375,2156.72509765625,2147.38037109375,2155.6025390625,0
2026-03-21 16:00:00+00:00,2155.28759765625,2155.28759765625,2145.535400390625,2145.984375,0
2026-03-21 17:00:00+00:00,2146.329833984375,2150.049072265625,2143.52685546875,2148.355224609375,0
2026-03-21 18:00:00+00:00,2148.351806640625,2154.513916015625,2147.751220703125,2151.50927734375,0
2026-03-21 19:00:00+00:00,2151.173583984375,2152.439697265625,2149.03173828125,2152.087646484375,0
2026-03-21 20:00:00+00:00,2152.12744140625,2155.858642578125,2150.36376953125,2155.858642578125,0
2026-03-21 21:00:00+00:00,2155.45849609375,2156.08837890625,2152.81982421875,2153.63232421875,0
2026-03-21 22:00:00+00:00,2153.516357421875,2153.516357421875,2149.68798828125,2150.1630859375,0
2026-03-21 23:00:00+00:00,2150.020751953125,2150.020751953125,2072.885986328125,2077.201171875,874626560
2026-03-22 00:00:00+00:00,2084.689208984375,2091.99560546875,2055.3095703125,2086.3818359375,2082547712
2026-03-22 01:00:00+00:00,2087.324951171875,2092.2421875,2082.9111328125,2089.6455078125,390182912
2026-03-22 02:00:00+00:00,2091.009765625,2105.348388671875,2088.062255859375,2103.9697265625,474047488
2026-03-22 03:00:00+00:00,2103.135009765625,2124.9873046875,2099.059326171875,2113.98095703125,272700416
2026-03-22 04:00:00+00:00,2114.03515625,2121.4150390625,2107.650146484375,2118.511474609375,345551872
2026-03-22 05:00:00+00:00,2119.178466796875,2119.572265625,2113.056640625,2113.056640625,59509760
2026-03-22 06:00:00+00:00,2112.873779296875,2112.873779296875,2107.859619140625,2108.055908203125,114091008
2026-03-22 07:00:00+00:00,2108.35546875,2111.508056640625,2095.222412109375,2095.222412109375,125192192
2026-03-22 08:00:00+00:00,2093.50732421875,2094.44775390625,2078.15283203125,2086.521240234375,676909056
2026-03-22 09:00:00+00:00,2086.437255859375,2091.890625,2080.185302734375,2085.377197265625,271410176
2026-03-22 10:00:00+00:00,2085.1474609375,2085.740966796875,2078.5634765625,2082.1708984375,32265216
2026-03-22 11:00:00+00:00,2081.652587890625,2082.712158203125,2069.0498046875,2069.944580078125,480660480
2026-03-22 12:00:00+00:00,2070.853271484375,2086.802978515625,2069.681640625,2082.413330078125,371765248
2026-03-22 13:00:00+00:00,2082.335693359375,2090.6259765625,2074.366455078125,2080.0615234375,256944128
2026-03-22 14:00:00+00:00,2079.314208984375,2084.455810546875,2072.81884765625,2078.22705078125,0
2026-03-22 15:00:00+00:00,2078.330810546875,2083.1005859375,2076.573486328125,2082.110595703125,0
2026-03-22 16:00:00+00:00,2082.78271484375,2083.17822265625,2079.090576171875,2083.17822265625,36344832
2026-03-22 17:00:00+00:00,2082.656005859375,2084.25341796875,2078.25537109375,2081.1650390625,28212224
2026-03-22 18:00:00+00:00,2079.997314453125,2080.2255859375,2062.7568359375,2069.8115234375,281133056
2026-03-22 19:00:00+00:00,2071.373779296875,2071.373779296875,2055.084228515625,2062.12841796875,324217856
2026-03-22 20:00:00+00:00,2062.661376953125,2071.388671875,2057.246337890625,2059.37939453125,115763200
2026-03-22 21:00:00+00:00,2058.95947265625,2059.287353515625,2028.3013916015625,2044.5177001953125,1105692672
2026-03-22 22:00:00+00:00,2045.793701171875,2063.845703125,2035.0645751953125,2061.3896484375,663876608
2026-03-22 23:00:00+00:00,2062.398193359375,2070.927001953125,2051.546875,2052.953125,0
2026-03-23 00:00:00+00:00,2053.4296875,2062.215576171875,2038.11083984375,2044.3734130859375,100782080
2026-03-23 01:00:00+00:00,2043.09228515625,2061.35400390625,2041.5474853515625,2049.512451171875,0
2026-03-23 02:00:00+00:00,2048.283203125,2067.5732421875,2047.3397216796875,2061.70751953125,0
2026-03-23 03:00:00+00:00,2064.788818359375,2071.4609375,2051.9599609375,2051.9599609375,0
2026-03-23 04:00:00+00:00,2052.010986328125,2063.579833984375,2051.525146484375,2063.579833984375,0
2026-03-23 05:00:00+00:00,2064.914794921875,2070.515869140625,2061.51708984375,2067.990478515625,601954304
2026-03-23 06:00:00+00:00,2068.80029296875,2068.80029296875,2029.6768798828125,2035.427001953125,594195456
2026-03-23 07:00:00+00:00,2036.76806640625,2048.92333984375,2024.2244873046875,2044.3658447265625,330741760
2026-03-23 08:00:00+00:00,2044.303955078125,2056.69140625,2044.303955078125,2048.882080078125,0
2026-03-23 09:00:00+00:00,2047.0400390625,2047.0400390625,2029.742919921875,2041.1224365234375,108491776
2026-03-23 10:00:00+00:00,2043.0001220703125,2052.620849609375,2040.225830078125,2048.826904296875,128385024
2026-03-23 11:00:00+00:00,2048.539306640625,2190.022705078125,2048.539306640625,2135.480224609375,5093426176
2026-03-23 12:00:00+00:00,2133.7431640625,2146.478515625,2114.242431640625,2141.767822265625,2481477632
2026-03-23 13:00:00+00:00,2143.76123046875,2185.6142578125,2141.226318359375,2181.613525390625,1610596352
2026-03-23 14:00:00+00:00,2183.585693359375,2190.2080078125,2171.35107421875,2179.336669921875,1079547904
2026-03-23 15:00:00+00:00,2181.612060546875,2186.201416015625,2126.225830078125,2126.225830078125,954015744
2026-03-23 16:00:00+00:00,2127.926025390625,2141.022216796875,2119.43798828125,2134.45751953125,1913956352
2026-03-23 17:00:00+00:00,2135.337158203125,2155.615478515625,2128.103515625,2152.830078125,858509312
2026-03-23 18:00:00+00:00,2152.2451171875,2169.2490234375,2146.90234375,2169.2490234375,302622720
2026-03-23 19:00:00+00:00,2169.5380859375,2174.815185546875,2153.255859375,2153.255859375,350081024
2026-03-23 20:00:00+00:00,2154.583984375,2164.815185546875,2151.3046875,2161.9853515625,12011520
2026-03-23 21:00:00+00:00,2161.411865234375,2162.765380859375,2154.9560546875,2159.746337890625,0
2026-03-23 22:00:00+00:00,2157.36328125,2157.36328125,2145.399169921875,2152.918212890625,0
2026-03-23 23:00:00+00:00,2152.87939453125,2153.6337890625,2141.255126953125,2152.114501953125,14878720
2026-03-24 00:00:00+00:00,2151.80615234375,2154.435546875,2135.227294921875,2143.9345703125,0
2026-03-24 01:00:00+00:00,2143.216064453125,2148.382568359375,2128.942626953125,2137.1865234375,28043264
2026-03-24 02:00:00+00:00,2137.2861328125,2143.916748046875,2134.575927734375,2135.808837890625,0
2026-03-24 03:00:00+00:00,2135.988525390625,2141.627197265625,2131.718505859375,2141.396728515625,87113728
2026-03-24 04:00:00+00:00,2141.140869140625,2148.45263671875,2132.732421875,2136.30322265625,0
2026-03-24 05:00:00+00:00,2135.81591796875,2137.49462890625,2128.873779296875,2132.861328125,135389184
2026-03-24 06:00:00+00:00,2133.0791015625,2144.9892578125,2132.48974609375,2144.398681640625,0
2026-03-24 07:00:00+00:00,2144.345703125,2167.94287109375,2144.345703125,2167.94287109375,0
2026-03-24 08:00:00+00:00,2165.477294921875,2166.262451171875,2152.90625,2154.12744140625,0
2026-03-24 09:00:00+00:00,2155.086181640625,2165.61669921875,2148.254150390625,2165.057861328125,264976384
2026-03-24 10:00:00+00:00,2164.78173828125,2164.78173828125,2156.4140625,2161.0576171875,226076672
2026-03-24 11:00:00+00:00,2161.18310546875,2174.325927734375,2152.8681640625,2164.7763671875,0
2026-03-24 12:00:00+00:00,2165.2568359375,2168.199462890625,2159.9326171875,2162.445556640625,0
2026-03-24 13:00:00+00:00,2162.13037109375,2164.158447265625,2134.689453125,2136.289794921875,0
2026-03-24 14:00:00+00:00,2137.805419921875,2146.23388671875,2121.80078125,2136.204345703125,0
2026-03-24 15:00:00+00:00,2132.82470703125,2145.296142578125,2132.101806640625,2133.34130859375,0
2026-03-24 16:00:00+00:00,2134.836181640625,2138.87255859375,2121.951904296875,2125.8193359375,0
2026-03-24 17:00:00+00:00,2126.12060546875,2127.68115234375,2103.69921875,2109.71875,33667072
2026-03-24 18:00:00+00:00,2107.922607421875,2126.04931640625,2106.3671875,2118.00634765625,73314304
2026-03-24 19:00:00+00:00,2117.9736328125,2126.038818359375,2114.51416015625,2114.866455078125,0
2026-03-24 20:00:00+00:00,2115.49462890625,2152.705078125,2115.49462890625,2148.3154296875,670413824
2026-03-24 21:00:00+00:00,2147.782958984375,2149.772705078125,2140.333251953125,2147.24755859375,244633600
2026-03-24 22:00:00+00:00,2147.4375,2154.319091796875,2141.5048828125,2146.51708984375,239415296
2026-03-24 23:00:00+00:00,2144.79638671875,2162.5615234375,2143.647705078125,2155.719482421875,156983296
2026-03-25 00:00:00+00:00,2155.78515625,2167.330810546875,2149.41845703125,2162.259521484375,0
2026-03-25 01:00:00+00:00,2161.485107421875,2166.06201171875,2158.179931640625,2158.769775390625,317212672
2026-03-25 02:00:00+00:00,2157.084716796875,2160.23583984375,2153.395263671875,2154.904052734375,0
2026-03-25 03:00:00+00:00,2154.775390625,2159.018310546875,2147.6376953125,2158.688232421875,87934976
2026-03-25 04:00:00+00:00,2157.92578125,2165.678466796875,2156.836669921875,2165.678466796875,0
2026-03-25 05:00:00+00:00,2165.402099609375,2176.39306640625,2164.592041015625,2168.646728515625,457803776
2026-03-25 06:00:00+00:00,2168.514404296875,2172.005126953125,2163.656005859375,2163.817626953125,108756992
2026-03-25 07:00:00+00:00,2163.3642578125,2175.0595703125,2162.7158203125,2165.142822265625,0
2026-03-25 08:00:00+00:00,2164.087646484375,2189.5009765625,2164.087646484375,2176.138671875,390457344
2026-03-25 09:00:00+00:00,2176.375,2186.197509765625,2175.165771484375,2186.197509765625,35760128
2026-03-25 10:00:00+00:00,2186.549560546875,2187.14794921875,2181.231689453125,2184.752197265625,131792896
2026-03-25 11:00:00+00:00,2184.88330078125,2197.837890625,2181.6376953125,2185.52294921875,279521280
2026-03-25 12:00:00+00:00,2186.053466796875,2192.7734375,2167.7783203125,2183.958740234375,674973696
2026-03-25 13:00:00+00:00,2183.37939453125,2195.73046875,2180.826171875,2186.266357421875,0
2026-03-25 14:00:00+00:00,2178.89404296875,2185.0859375,2175.4404296875,2175.582275390625,0
2026-03-25 15:00:00+00:00,2173.441650390625,2175.039794921875,2149.496337890625,2162.51904296875,272488448
2026-03-25 16:00:00+00:00,2162.345458984375,2182.841064453125,2158.119384765625,2173.65478515625,190296064
2026-03-25 17:00:00+00:00,2174.124755859375,2174.5087890625,2161.003173828125,2162.56103515625,0
2026-03-25 18:00:00+00:00,2163.10546875,2172.437255859375,2159.3896484375,2161.145263671875,0
2026-03-25 19:00:00+00:00,2161.367919921875,2174.325439453125,2159.287353515625,2167.970703125,185982976
2026-03-25 20:00:00+00:00,2171.130859375,2171.130859375,2159.66015625,2166.132080078125,0
2026-03-25 21:00:00+00:00,2166.08447265625,2168.28125,2161.78515625,2162.856689453125,0
2026-03-25 22:00:00+00:00,2163.185546875,2180.81689453125,2161.5322265625,2173.693359375,0
2026-03-25 23:00:00+00:00,2173.95849609375,2176.164794921875,2164.499755859375,2168.02880859375,822272
2026-03-26 00:00:00+00:00,2168.2783203125,2170.10107421875,2162.6572265625,2165.013427734375,0
2026-03-26 01:00:00+00:00,2165.5,2167.8974609375,2160.8291015625,2164.85986328125,0
2026-03-26 02:00:00+00:00,2164.75146484375,2164.938232421875,2145.470947265625,2148.41796875,147379200
2026-03-26 03:00:00+00:00,2148.90478515625,2153.933349609375,2145.025390625,2152.4794921875,0
2026-03-26 04:00:00+00:00,2152.345703125,2153.132568359375,2147.2548828125,2148.7529296875,0
2026-03-26 05:00:00+00:00,2148.716552734375,2148.817626953125,2113.664794921875,2117.19140625,139253760
2026-03-26 06:00:00+00:00,2118.07421875,2123.321533203125,2112.056396484375,2121.31298828125,238336000
2026-03-26 07:00:00+00:00,2121.045166015625,2123.174560546875,2112.965576171875,2122.628173828125,19719168
2026-03-26 08:00:00+00:00,2122.517578125,2124.327392578125,2114.54833984375,2118.802001953125,0
2026-03-26 09:00:00+00:00,2118.806396484375,2120.35693359375,2077.260009765625,2082.914306640625,438011904
2026-03-26 10:00:00+00:00,2082.70166015625,2082.70166015625,2074.740966796875,2077.5380859375,636400640
2026-03-26 11:00:00+00:00,2077.579833984375,2079.55517578125,2065.343994140625,2067.52490234375,0
2026-03-26 12:00:00+00:00,2067.64794921875,2073.794189453125,2066.4580078125,2073.293701171875,0
2026-03-26 13:00:00+00:00,2073.211181640625,2091.438720703125,2071.1083984375,2077.380615234375,114285568
2026-03-26 14:00:00+00:00,2080.134033203125,2083.02734375,2069.620849609375,2077.1611328125,165085184
2026-03-26 15:00:00+00:00,2075.626220703125,2075.626220703125,2058.508544921875,2069.50927734375,0
2026-03-26 16:00:00+00:00,2069.582763671875,2069.582763671875,2060.296142578125,2060.296142578125,0
2026-03-26 17:00:00+00:00,2059.560546875,2068.505615234375,2049.40087890625,2049.40087890625,0
2026-03-26 18:00:00+00:00,2047.4617919921875,2052.669921875,2034.1695556640625,2044.374755859375,1251809280
2026-03-26 19:00:00+00:00,2045.507568359375,2052.04150390625,2038.646484375,2048.882568359375,63809536
2026-03-26 20:00:00+00:00,2047.1922607421875,2076.156494140625,2046.0013427734375,2063.20458984375,670388224
2026-03-26 21:00:00+00:00,2063.73779296875,2074.911865234375,2059.578857421875,2069.0986328125,320434176
2026-03-26 22:00:00+00:00,2067.340576171875,2071.3876953125,2056.012451171875,2064.026123046875,0
2026-03-26 23:00:00+00:00,2064.45556640625,2068.000244140625,2057.184814453125,2059.44873046875,46379008
2026-03-27 00:00:00+00:00,2059.044921875,2066.017822265625,2056.14453125,2064.118896484375,0
2026-03-27 01:00:00+00:00,2064.361083984375,2072.52587890625,2062.685791015625,2072.334716796875,36022272
2026-03-27 02:00:00+00:00,2072.539306640625,2074.650146484375,2067.96826171875,2068.138427734375,0
2026-03-27 03:00:00+00:00,2067.275390625,2067.412353515625,2059.19580078125,2059.787841796875,0
2026-03-27 04:00:00+00:00,2060.231689453125,2060.231689453125,2043.33984375,2051.28076171875,318842880
2026-03-27 05:00:00+00:00,2051.662841796875,2064.391357421875,2051.375732421875,2060.12744140625,0
2026-03-27 06:00:00+00:00,2059.856201171875,2065.697021484375,2058.16455078125,2061.319580078125,0
2026-03-27 07:00:00+00:00,2061.32568359375,2069.932861328125,2059.214599609375,2063.61865234375,580450304
2026-03-27 08:00:00+00:00,2064.71435546875,2065.403076171875,2036.2813720703125,2047.384521484375,792668160
2026-03-27 09:00:00+00:00,2046.7684326171875,2050.271728515625,2038.3204345703125,2040.8984375,0
2026-03-27 10:00:00+00:00,2039.85302734375,2042.3736572265625,1989.5452880859375,1992.5352783203125,857729024
2026-03-27 11:00:00+00:00,1991.0531005859375,1997.031494140625,1987.5572509765625,1989.9818115234375,774592512
2026-03-27 12:00:00+00:00,1990.494384765625,1992.2666015625,1981.554443359375,1988.359619140625,129042432
2026-03-27 13:00:00+00:00,1988.5106201171875,1995.7100830078125,1974.9375,1975.72802734375,132052992
2026-03-27 14:00:00+00:00,1977.798828125,1987.776611328125,1971.55224609375,1987.776611328125,0
2026-03-27 15:00:00+00:00,1987.96923828125,2007.6409912109375,1982.7288818359375,1989.9639892578125,879620096
2026-03-27 16:00:00+00:00,1989.948486328125,1989.948486328125,1979.8011474609375,1985.4703369140625,311277568
2026-03-27 17:00:00+00:00,1985.4644775390625,1993.56591796875,1974.87548828125,1976.095703125,0
2026-03-27 18:00:00+00:00,1975.86865234375,1984.2432861328125,1973.5860595703125,1984.0341796875,0
2026-03-27 19:00:00+00:00,1983.1834716796875,1994.5574951171875,1978.3309326171875,1993.27001953125,224518144
2026-03-27 20:00:00+00:00,1992.129150390625,1993.876708984375,1980.3831787109375,1984.402099609375,0
2026-03-27 21:00:00+00:00,1984.3636474609375,1988.8663330078125,1983.92626953125,1984.6522216796875,0
2026-03-27 22:00:00+00:00,1984.2991943359375,1985.3431396484375,1981.27880859375,1984.6380615234375,0
2026-03-27 23:00:00+00:00,1983.9647216796875,1992.166748046875,1980.0025634765625,1991.283447265625,28518400
2026-03-28 00:00:00+00:00,1991.659912109375,1993.548828125,1988.4613037109375,1990.9581298828125,0
2026-03-28 01:00:00+00:00,1991.155029296875,1991.155029296875,1984.23876953125,1987.926513671875,0
2026-03-28 02:00:00+00:00,1988.89501953125,1992.1390380859375,1982.3834228515625,1985.62890625,109389824
2026-03-28 03:00:00+00:00,1985.9571533203125,1989.6510009765625,1985.9571533203125,1987.682861328125,0
2026-03-28 04:00:00+00:00,1988.0418701171875,1990.8424072265625,1986.2767333984375,1988.3094482421875,0
2026-03-28 05:00:00+00:00,1989.333251953125,1993.1728515625,1987.578857421875,1992.963623046875,0
2026-03-28 06:00:00+00:00,1992.9420166015625,2004.2838134765625,1991.9071044921875,1999.9613037109375,0
2026-03-28 07:00:00+00:00,2000.1485595703125,2006.2525634765625,1999.8944091796875,2006.2525634765625,0
2026-03-28 08:00:00+00:00,2005.721435546875,2006.6644287109375,1997.4901123046875,1997.9556884765625,0
2026-03-28 09:00:00+00:00,1997.84375,1998.1619873046875,1994.9454345703125,1998.00634765625,0
2026-03-28 10:00:00+00:00,1998.0325927734375,2002.962890625,1992.02734375,1995.5435791015625,0
2026-03-28 11:00:00+00:00,1995.12109375,1999.0576171875,1994.7701416015625,1996.936767578125,0
2026-03-28 12:00:00+00:00,1996.9307861328125,2002.090087890625,1992.3802490234375,1998.4290771484375,0
2026-03-28 13:00:00+00:00,1998.316162109375,2031.6094970703125,1998.27880859375,2023.9678955078125,0
2026-03-28 14:00:00+00:00,2025.2265625,2026.64013671875,2016.8902587890625,2019.337646484375,0
2026-03-28 15:00:00+00:00,2019.442626953125,2034.629638671875,2017.9981689453125,2024.55126953125,0
2026-03-28 16:00:00+00:00,2025.5740966796875,2028.0364990234375,2021.2496337890625,2023.84814453125,0
2026-03-28 17:00:00+00:00,2023.5704345703125,2025.6297607421875,2016.86669921875,2020.0548095703125,0
2026-03-28 18:00:00+00:00,2019.6865234375,2023.041748046875,2019.6068115234375,2021.42919921875,0
2026-03-28 19:00:00+00:00,2020.9163818359375,2021.3828125,2016.7642822265625,2018.815673828125,0
2026-03-28 20:00:00+00:00,2019.105712890625,2024.5501708984375,2019.105712890625,2023.3675537109375,0
2026-03-28 21:00:00+00:00,2023.0465087890625,2023.9407958984375,2007.3006591796875,2009.18896484375,0
2026-03-28 22:00:00+00:00,2009.1920166015625,2011.3203125,2004.73388671875,2010.1240234375,281352192
2026-03-28 23:00:00+00:00,2010.342529296875,2010.342529296875,1989.6190185546875,1992.69384765625,0
2026-03-29 00:00:00+00:00,1993.3470458984375,1996.9356689453125,1991.4423828125,1995.656982421875,139499520
2026-03-29 01:00:00+00:00,1997.5908203125,2004.6141357421875,1996.9158935546875,2003.2908935546875,0
2026-03-29 02:00:00+00:00,2003.29736328125,2008.217041015625,2001.7393798828125,2007.2314453125,0
2026-03-29 03:00:00+00:00,2007.3814697265625,2015.5404052734375,2006.546875,2009.6341552734375,98526208
2026-03-29 04:00:00+00:00,2009.6566162109375,2010.663330078125,2003.4019775390625,2004.0081787109375,3986432
2026-03-29 05:00:00+00:00,2003.9420166015625,2005.0877685546875,1996.9285888671875,2004.489501953125,0
2026-03-29 06:00:00+00:00,2004.600830078125,2006.1693115234375,1999.2269287109375,2003.6878662109375,0
2026-03-29 07:00:00+00:00,2003.7255859375,2006.716552734375,1998.9925537109375,2005.5433349609375,15340544
2026-03-29 08:00:00+00:00,2004.423828125,2005.5985107421875,2001.66748046875,2002.4991455078125,0
2026-03-29 09:00:00+00:00,2002.6953125,2003.298095703125,1996.52685546875,1997.5712890625,22517248
2026-03-29 10:00:00+00:00,1997.800537109375,1997.800537109375,1991.2935791015625,1994.9949951171875,0
2026-03-29 11:00:00+00:00,1994.6180419921875,2005.367431640625,1994.2354736328125,2002.523681640625,39384064
2026-03-29 12:00:00+00:00,2002.57568359375,2002.84326171875,1997.6812744140625,2000.48486328125,0
2026-03-29 13:00:00+00:00,2000.0570068359375,2000.0570068359375,1984.4442138671875,1985.20556640625,0
2026-03-29 14:00:00+00:00,1985.5233154296875,1996.4715576171875,1983.76318359375,1992.1351318359375,0
2026-03-29 15:00:00+00:00,1992.5606689453125,1995.688232421875,1986.967529296875,1991.366943359375,0
2026-03-29 16:00:00+00:00,1991.0133056640625,2001.03173828125,1990.7921142578125,1996.4229736328125,25277952
2026-03-29 17:00:00+00:00,1996.2413330078125,1997.28466796875,1987.964599609375,1993.5186767578125,0
2026-03-29 18:00:00+00:00,1993.4959716796875,1998.28564453125,1990.5281982421875,1995.6761474609375,95371264
2026-03-29 19:00:00+00:00,1995.7474365234375,1998.0313720703125,1993.1539306640625,1993.673095703125,113910784
2026-03-29 20:00:00+00:00,1993.8287353515625,2005.578857421875,1993.8287353515625,2000.517333984375,82960896
2026-03-29 21:00:00+00:00,2000.9110107421875,2005.0712890625,2000.1937255859375,2005.001953125,0
2026-03-29 22:00:00+00:00,2004.6944580078125,2004.6944580078125,1943.779296875,1972.1695556640625,1079781376
2026-03-29 23:00:00+00:00,1971.8680419921875,1989.3399658203125,1971.8680419921875,1982.5506591796875,948392448
2026-03-30 00:00:00+00:00,1982.7396240234375,2017.94091796875,1980.2283935546875,1997.441650390625,825110528
2026-03-30 01:00:00+00:00,1996.07861328125,2013.51025390625,1996.07861328125,2008.5010986328125,219624448
2026-03-30 02:00:00+00:00,2008.6363525390625,2040.25927734375,2007.8828125,2028.32080078125,733214720
2026-03-30 03:00:00+00:00,2028.32080078125,2039.1279296875,2026.2650146484375,2034.908447265625,387220480
2026-03-30 04:00:00+00:00,2034.2567138671875,2048.5859375,2034.2567138671875,2046.7994384765625,827837440
2026-03-30 05:00:00+00:00,2047.064208984375,2054.5400390625,2046.9818115234375,2047.18212890625,531933184
2026-03-30 06:00:00+00:00,2046.897705078125,2049.73828125,2041.18701171875,2041.6219482421875,326726656
2026-03-30 07:00:00+00:00,2041.0738525390625,2062.119384765625,2040.697021484375,2056.402587890625,307741696
2026-03-30 08:00:00+00:00,2057.592041015625,2067.2421875,2057.592041015625,2061.462158203125,713869312
2026-03-30 09:00:00+00:00,2061.185302734375,2061.254150390625,2052.7705078125,2053.618408203125,219342848
2026-03-30 10:00:00+00:00,2053.585693359375,2055.970458984375,2048.578369140625,2055.49658203125,152919040
2026-03-30 11:00:00+00:00,2056.12255859375,2073.511962890625,2056.12255859375,2067.920654296875,640467968
2026-03-30 12:00:00+00:00,2068.7822265625,2075.125,2068.774658203125,2074.00537109375,326894592
2026-03-30 13:00:00+00:00,2073.6416015625,2081.444091796875,2059.470458984375,2059.470458984375,401065984
2026-03-30 14:00:00+00:00,2058.920166015625,2072.772216796875,2044.940673828125,2070.80859375,629725184
2026-03-30 15:00:00+00:00,2070.507080078125,2077.70361328125,2062.139892578125,2073.0029296875,707963904
2026-03-30 16:00:00+00:00,2072.90966796875,2072.90966796875,2058.291015625,2060.83447265625,125788160
2026-03-30 17:00:00+00:00,2063.531005859375,2067.3671875,2035.12744140625,2038.9593505859375,670564352
2026-03-30 18:00:00+00:00,2039.8055419921875,2041.98828125,2026.7572021484375,2028.980224609375,468074496
2026-03-30 19:00:00+00:00,2030.3248291015625,2030.3248291015625,2012.4656982421875,2021.131103515625,514138112
2026-03-30 20:00:00+00:00,2022.2886962890625,2024.89111328125,2020.1563720703125,2023.254638671875,130400256
2026-03-30 21:00:00+00:00,2022.408203125,2046.50146484375,2020.2020263671875,2036.4232177734375,506241024
2026-03-30 22:00:00+00:00,2035.319091796875,2042.327880859375,2029.478759765625,2031.6497802734375,0
2026-03-30 23:00:00+00:00,2031.589599609375,2031.589599609375,2013.5595703125,2023.5206298828125,2437120
2026-03-31 00:00:00+00:00,2024.5008544921875,2037.9962158203125,2016.0306396484375,2033.32470703125,0
2026-03-31 01:00:00+00:00,2034.4808349609375,2086.43115234375,2031.73779296875,2073.0546875,883318784
2026-03-31 02:00:00+00:00,2072.234375,2079.876953125,2067.4453125,2073.50634765625,0
2026-03-31 03:00:00+00:00,2072.93212890625,2074.4892578125,2060.63720703125,2066.255615234375,0
2026-03-31 04:00:00+00:00,2065.782470703125,2069.727294921875,2056.21826171875,2058.868408203125,0
2026-03-31 05:00:00+00:00,2059.136474609375,2067.03271484375,2054.524169921875,2062.042236328125,0
2026-03-31 06:00:00+00:00,2062.581298828125,2062.581298828125,2054.352783203125,2060.736328125,0
2026-03-31 07:00:00+00:00,2060.693603515625,2060.693603515625,2043.147705078125,2054.0234375,59077632
2026-03-31 08:00:00+00:00,2054.213134765625,2056.8046875,2035.4912109375,2039.8831787109375,0
2026-03-31 09:00:00+00:00,2038.951416015625,2041.0687255859375,2012.5635986328125,2014.5152587890625,417406976
2026-03-31 10:00:00+00:00,2017.5394287109375,2028.126220703125,2016.8328857421875,2024.5086669921875,76755968
2026-03-31 11:00:00+00:00,2024.8355712890625,2041.59521484375,2021.7269287109375,2039.4915771484375,365189120
2026-03-31 12:00:00+00:00,2039.729736328125,2054.678955078125,2034.7430419921875,2045.5721435546875,233056256
2026-03-31 13:00:00+00:00,2046.1075439453125,2076.550537109375,2046.1075439453125,2072.784912109375,14815232
2026-03-31 14:00:00+00:00,2072.193359375,2087.71484375,2040.046142578125,2044.67822265625,267679744
2026-03-31 15:00:00+00:00,2044.6629638671875,2073.86474609375,2044.6629638671875,2054.0,538630144
2026-03-31 16:00:00+00:00,2052.734130859375,2101.988525390625,2052.734130859375,2088.462890625,1123262464
2026-03-31 17:00:00+00:00,2089.548583984375,2117.06591796875,2089.291015625,2090.33984375,1029740544
2026-03-31 18:00:00+00:00,2091.391845703125,2110.700927734375,2091.391845703125,2096.3154296875,571334656
2026-03-31 19:00:00+00:00,2098.146240234375,2101.58203125,2092.659423828125,2093.798828125,0
2026-03-31 20:00:00+00:00,2095.26806640625,2106.4052734375,2095.26806640625,2105.4326171875,155998208
2026-03-31 21:00:00+00:00,2105.7919921875,2105.7919921875,2093.2802734375,2100.22314453125,0
2026-03-31 22:00:00+00:00,2100.8994140625,2101.345947265625,2089.087158203125,2094.710693359375,221800448
2026-03-31 23:00:00+00:00,2094.162109375,2105.223388671875,2091.66162109375,2104.717529296875,26820608
2026-04-01 00:00:00+00:00,2104.250732421875,2112.5205078125,2095.48095703125,2112.5205078125,0
2026-04-01 01:00:00+00:00,2112.43701171875,2112.43701171875,2091.292236328125,2091.506591796875,0
2026-04-01 02:00:00+00:00,2091.086181640625,2093.959716796875,2083.617431640625,2086.667724609375,0
2026-04-01 03:00:00+00:00,2086.911376953125,2104.4814453125,2086.911376953125,2100.595703125,25122816
2026-04-01 04:00:00+00:00,2100.845458984375,2113.5673828125,2099.471435546875,2109.41259765625,0
2026-04-01 05:00:00+00:00,2109.70556640625,2130.74658203125,2105.689697265625,2121.65478515625,395808768
2026-04-01 06:00:00+00:00,2121.551025390625,2152.89990234375,2121.551025390625,2150.81787109375,792823808
2026-04-01 07:00:00+00:00,2150.11669921875,2154.092041015625,2129.943603515625,2129.943603515625,481581056
2026-04-01 08:00:00+00:00,2129.822509765625,2141.117431640625,2125.197265625,2137.327880859375,214491136
2026-04-01 09:00:00+00:00,2136.439697265625,2138.39697265625,2128.0517578125,2135.962646484375,0
2026-04-01 10:00:00+00:00,2135.733154296875,2136.099853515625,2126.5595703125,2130.83349609375,0
2026-04-01 11:00:00+00:00,2131.889892578125,2136.70068359375,2131.041015625,2134.9306640625,47433728
2026-04-01 12:00:00+00:00,2134.8154296875,2137.313232421875,2123.587890625,2129.20703125,12306432
2026-04-01 13:00:00+00:00,2129.373046875,2132.816162109375,2110.518310546875,2118.9423828125,309379072
2026-04-01 14:00:00+00:00,2117.650634765625,2128.2265625,2114.473388671875,2125.775390625,0
2026-04-01 15:00:00+00:00,2125.719970703125,2135.73828125,2122.71435546875,2135.73828125,0
2026-04-01 16:00:00+00:00,2134.718017578125,2148.290771484375,2125.362548828125,2144.82861328125,0
2026-04-01 17:00:00+00:00,2145.51611328125,2164.634033203125,2133.990234375,2136.0107421875,0
2026-04-01 18:00:00+00:00,2136.18603515625,2136.18603515625,2125.192138671875,2126.3759765625,0
2026-04-01 19:00:00+00:00,2127.939697265625,2143.9384765625,2127.939697265625,2142.76171875,560697344
2026-04-01 20:00:00+00:00,2140.275634765625,2146.20654296875,2132.070068359375,2143.640625,18626560
2026-04-01 21:00:00+00:00,2143.348388671875,2161.6953125,2143.28857421875,2161.6953125,591673344
2026-04-01 22:00:00+00:00,2157.626708984375,2157.626708984375,2138.4658203125,2139.337646484375,720414720
2026-04-01 23:00:00+00:00,2139.815673828125,2144.26220703125,2136.624267578125,2138.7236328125,9469952
2026-04-02 00:00:00+00:00,2139.6318359375,2158.142822265625,2137.595703125,2156.428466796875,0
2026-04-02 01:00:00+00:00,2155.8818359375,2155.8818359375,2092.893798828125,2099.548828125,1609259008
2026-04-02 02:00:00+00:00,2099.809814453125,2099.809814453125,2067.2431640625,2073.717529296875,420237312
2026-04-02 03:00:00+00:00,2073.475341796875,2075.318603515625,2049.51025390625,2055.976318359375,751032320
2026-04-02 04:00:00+00:00,2055.934814453125,2056.9609375,2042.84521484375,2045.0712890625,291936256
2026-04-02 05:00:00+00:00,2044.564453125,2049.998046875,2039.865478515625,2049.998046875,0
2026-04-02 06:00:00+00:00,2050.15234375,2052.60888671875,2045.600341796875,2049.264404296875,0
2026-04-02 07:00:00+00:00,2049.537353515625,2055.843505859375,2044.00732421875,2055.53759765625,0
2026-04-02 08:00:00+00:00,2055.334716796875,2055.334716796875,2045.945068359375,2045.945068359375,0
2026-04-02 09:00:00+00:00,2046.0555419921875,2046.9517822265625,2040.6534423828125,2042.7421875,0
2026-04-02 10:00:00+00:00,2042.7437744140625,2043.5076904296875,2033.241455078125,2038.0059814453125,45582336
2026-04-02 11:00:00+00:00,2037.97265625,2038.91552734375,2031.4932861328125,2032.4854736328125,0
2026-04-02 12:00:00+00:00,2032.5250244140625,2032.5250244140625,2025.2239990234375,2026.0872802734375,0
2026-04-02 13:00:00+00:00,2026.2901611328125,2034.9320068359375,2017.6328125,2034.9320068359375,0
2026-04-02 14:00:00+00:00,2038.029541015625,2069.473388671875,2034.072265625,2066.66650390625,809533440
2026-04-02 15:00:00+00:00,2064.337890625,2065.6123046875,2048.9814453125,2058.19384765625,360775680
2026-04-02 16:00:00+00:00,2059.352783203125,2069.140380859375,2053.086669921875,2064.193603515625,109465600
2026-04-02 17:00:00+00:00,2063.226318359375,2069.88232421875,2045.4083251953125,2045.4083251953125,0
2026-04-02 18:00:00+00:00,2046.3734130859375,2060.94580078125,2043.736083984375,2057.864013671875,0
2026-04-02 19:00:00+00:00,2058.04931640625,2065.217529296875,2055.741455078125,2065.14208984375,212353024
2026-04-02 20:00:00+00:00,2064.729736328125,2073.099609375,2061.384033203125,2068.339111328125,0
2026-04-02 21:00:00+00:00,2068.024169921875,2069.22998046875,2057.3232421875,2062.5146484375,0
2026-04-02 22:00:00+00:00,2060.7744140625,2064.2578125,2055.6005859375,2061.254638671875,0
2026-04-02 23:00:00+00:00,2060.03173828125,2060.929931640625,2054.428466796875,2056.704833984375,0
2026-04-03 00:00:00+00:00,2056.783447265625,2058.73046875,2050.496826171875,2051.840576171875,0
2026-04-03 01:00:00+00:00,2052.532470703125,2061.4921875,2045.9210205078125,2049.844482421875,0
2026-04-03 02:00:00+00:00,2049.82373046875,2058.46240234375,2042.3604736328125,2051.3525390625,0
2026-04-03 03:00:00+00:00,2051.83740234375,2056.550537109375,2049.96337890625,2054.169677734375,0
2026-04-03 04:00:00+00:00,2054.07763671875,2056.095703125,2049.24658203125,2054.289306640625,0
2026-04-03 05:00:00+00:00,2054.20556640625,2061.9091796875,2049.39990234375,2056.29296875,0
2026-04-03 06:00:00+00:00,2056.75390625,2065.9140625,2055.91162109375,2063.132080078125,0
2026-04-03 07:00:00+00:00,2063.37158203125,2071.96484375,2063.075927734375,2065.443603515625,0
2026-04-03 08:00:00+00:00,2065.919677734375,2071.226806640625,2058.8515625,2060.89306640625,5945344
2026-04-03 09:00:00+00:00,2060.517578125,2063.22607421875,2057.811767578125,2060.93212890625,0
2026-04-03 10:00:00+00:00,2061.012939453125,2061.012939453125,2053.602294921875,2059.96337890625,0
2026-04-03 11:00:00+00:00,2059.77734375,2063.94873046875,2057.901123046875,2062.5751953125,0
2026-04-03 12:00:00+00:00,2062.582275390625,2066.6025390625,2047.577880859375,2050.2685546875,25723904
2026-04-03 13:00:00+00:00,2049.868408203125,2050.564453125,2042.60791015625,2048.442138671875,0
2026-04-03 14:00:00+00:00,2048.089111328125,2055.570068359375,2046.162841796875,2055.34765625,0
2026-04-03 15:00:00+00:00,2054.806640625,2056.7021484375,2049.589111328125,2051.186279296875,0
2026-04-03 16:00:00+00:00,2051.29248046875,2055.52685546875,2050.009521484375,2054.999755859375,0
2026-04-03 17:00:00+00:00,2054.718994140625,2054.718994140625,2044.6826171875,2049.798828125,0
2026-04-03 18:00:00+00:00,2049.9619140625,2052.67333984375,2047.864013671875,2048.756103515625,0
2026-04-03 19:00:00+00:00,2048.7587890625,2053.02099609375,2046.3101806640625,2052.67822265625,0
2026-04-03 20:00:00+00:00,2052.812255859375,2054.070068359375,2052.017333984375,2053.062744140625,0
2026-04-03 21:00:00+00:00,2052.668701171875,2058.7158203125,2052.566650390625,2058.292236328125,0
2026-04-03 22:00:00+00:00,2058.5009765625,2058.5009765625,2050.847900390625,2051.873046875,97265664
2026-04-03 23:00:00+00:00,2051.819580078125,2053.647705078125,2048.949951171875,2053.58447265625,0
2026-04-04 00:00:00+00:00,2053.509033203125,2053.509033203125,2051.384033203125,2051.70458984375,0
2026-04-04 01:00:00+00:00,2051.798095703125,2053.088134765625,2049.768310546875,2050.819580078125,0
2026-04-04 02:00:00+00:00,2050.89990234375,2052.791748046875,2047.869873046875,2048.5400390625,0
2026-04-04 03:00:00+00:00,2048.943115234375,2051.336669921875,2048.943115234375,2049.638427734375,0
2026-04-04 04:00:00+00:00,2049.790771484375,2050.787353515625,2048.21484375,2050.614501953125,0
2026-04-04 05:00:00+00:00,2050.688232421875,2053.74462890625,2050.449462890625,2053.273193359375,0
2026-04-04 06:00:00+00:00,2053.139404296875,2056.794189453125,2052.77197265625,2056.28515625,0
2026-04-04 07:00:00+00:00,2056.09814453125,2056.596435546875,2051.7333984375,2053.59814453125,0
2026-04-04 08:00:00+00:00,2053.244384765625,2054.3251953125,2049.45849609375,2049.88330078125,0
2026-04-04 09:00:00+00:00,2050.00634765625,2050.984619140625,2049.218505859375,2049.943115234375,0
2026-04-04 10:00:00+00:00,2049.9423828125,2053.8701171875,2047.526123046875,2053.79931640625,0
2026-04-04 11:00:00+00:00,2053.912841796875,2054.29150390625,2050.911376953125,2050.98828125,28116480
2026-04-04 12:00:00+00:00,2051.208740234375,2052.2958984375,2048.15478515625,2049.33349609375,0
2026-04-04 13:00:00+00:00,2049.275390625,2054.021240234375,2049.275390625,2053.4716796875,0
2026-04-04 14:00:00+00:00,2053.244873046875,2053.91748046875,2045.7276611328125,2052.1181640625,0
2026-04-04 15:00:00+00:00,2052.884521484375,2057.936767578125,2052.086181640625,2055.461181640625,62242816
2026-04-04 16:00:00+00:00,2055.71044921875,2060.57080078125,2053.618408203125,2057.714111328125,0
2026-04-04 17:00:00+00:00,2055.387939453125,2057.299560546875,2053.309326171875,2056.695556640625,78295040
2026-04-04 18:00:00+00:00,2056.53857421875,2057.76806640625,2054.8349609375,2055.1416015625,0
2026-04-04 19:00:00+00:00,2055.04443359375,2078.2021484375,2054.931640625,2066.141845703125,531153408
2026-04-04 20:00:00+00:00,2064.878173828125,2064.878173828125,2059.871826171875,2062.415283203125,42992128
2026-04-04 21:00:00+00:00,2062.535400390625,2070.438232421875,2062.535400390625,2068.439208984375,0
2026-04-04 22:00:00+00:00,2068.44873046875,2071.501953125,2068.23779296875,2069.00537109375,0
2026-04-04 23:00:00+00:00,2069.065673828125,2069.065673828125,2062.389404296875,2065.37060546875,228352
2026-04-05 00:00:00+00:00,2064.6982421875,2065.340087890625,2060.919677734375,2060.9384765625,0
2026-04-05 01:00:00+00:00,2061.12255859375,2062.184326171875,2057.254150390625,2057.458251953125,65582080
2026-04-05 02:00:00+00:00,2057.3681640625,2059.426513671875,2054.262939453125,2059.392822265625,0
2026-04-05 03:00:00+00:00,2059.362060546875,2059.602783203125,2055.369384765625,2056.03076171875,0
2026-04-05 04:00:00+00:00,2056.1796875,2057.419921875,2054.12744140625,2054.86279296875,0
2026-04-05 05:00:00+00:00,2054.774169921875,2056.19091796875,2047.294921875,2047.4576416015625,0
2026-04-05 06:00:00+00:00,2047.6842041015625,2047.8270263671875,2028.034423828125,2038.6175537109375,499951616
2026-04-05 07:00:00+00:00,2038.4066162109375,2041.531982421875,2034.553466796875,2036.6468505859375,52205056
2026-04-05 08:00:00+00:00,2036.7965087890625,2038.778564453125,2035.546630859375,2038.778564453125,21467136
2026-04-05 09:00:00+00:00,2038.7237548828125,2045.1861572265625,2038.6806640625,2044.24755859375,5663744
2026-04-05 10:00:00+00:00,2043.9534912109375,2050.158447265625,2042.47705078125,2044.1474609375,0
2026-04-05 11:00:00+00:00,2044.177001953125,2044.8609619140625,2040.3768310546875,2041.9068603515625,0
2026-04-05 12:00:00+00:00,2041.7825927734375,2041.7825927734375,2022.9166259765625,2027.698974609375,329403392
2026-04-05 13:00:00+00:00,2027.9129638671875,2035.7213134765625,2025.4427490234375,2035.7213134765625,77903872
2026-04-05 14:00:00+00:00,2035.804931640625,2041.838623046875,2035.804931640625,2037.7689208984375,37125120
2026-04-05 15:00:00+00:00,2037.84326171875,2065.145751953125,2034.1983642578125,2052.884521484375,358429184
2026-04-05 16:00:00+00:00,2053.35400390625,2057.96875,2050.4912109375,2050.818115234375,617984
2026-04-05 17:00:00+00:00,2051.124755859375,2061.18408203125,2048.982177734375,2061.18408203125,114441728
2026-04-05 18:00:00+00:00,2061.427001953125,2065.274658203125,2057.246337890625,2061.309814453125,233815040
2026-04-05 19:00:00+00:00,2061.793212890625,2068.34375,2057.84033203125,2060.17822265625,0
2026-04-05 20:00:00+00:00,2060.791015625,2071.815673828125,2060.791015625,2068.194580078125,94902272
2026-04-05 21:00:00+00:00,2068.282958984375,2068.282958984375,2056.943115234375,2060.644287109375,137617920
2026-04-05 22:00:00+00:00,2059.343994140625,2085.42822265625,2050.3388671875,2085.42822265625,412319744
2026-04-05 23:00:00+00:00,2084.735595703125,2120.197265625,2082.469482421875,2108.935791015625,1178936320
2026-04-06 00:00:00+00:00,2108.78466796875,2128.188232421875,2108.78466796875,2121.352294921875,1145029632
2026-04-06 01:00:00+00:00,2121.19189453125,2123.031005859375,2112.477294921875,2115.237548828125,480922624
2026-04-06 02:00:00+00:00,2114.2294921875,2138.96044921875,2114.2294921875,2133.113525390625,769198080
2026-04-06 03:00:00+00:00,2132.951171875,2135.754150390625,2126.49365234375,2127.347900390625,423202816
2026-04-06 04:00:00+00:00,2127.865478515625,2133.042236328125,2124.92626953125,2130.078857421875,369502208
2026-04-06 05:00:00+00:00,2130.212890625,2132.1923828125,2128.188232421875,2130.30859375,77728768
2026-04-06 06:00:00+00:00,2130.528076171875,2137.52783203125,2120.485595703125,2126.919921875,46282752
2026-04-06 07:00:00+00:00,2126.69921875,2138.158447265625,2122.70703125,2134.205810546875,328267776
2026-04-06 08:00:00+00:00,2134.17041015625,2143.504150390625,2133.94482421875,2138.45751953125,345988096
2026-04-06 09:00:00+00:00,2137.998046875,2167.12060546875,2137.998046875,2151.405029296875,1566028800
2026-04-06 10:00:00+00:00,2150.636962890625,2156.443115234375,2150.403564453125,2152.04345703125,317365248
2026-04-06 11:00:00+00:00,2152.85986328125,2153.219482421875,2147.923583984375,2150.654052734375,310884352
2026-04-06 12:00:00+00:00,2151.124755859375,2153.398193359375,2143.99169921875,2143.99169921875,0
2026-04-06 13:00:00+00:00,2142.94677734375,2147.7958984375,2139.0859375,2143.6328125,497654784
2026-04-06 14:00:00+00:00,2144.143310546875,2162.4052734375,2138.559326171875,2158.529541015625,1286632448
2026-04-06 15:00:00+00:00,2157.078125,2167.858642578125,2156.663330078125,2163.984130859375,130910208
2026-04-06 16:00:00+00:00,2164.294921875,2165.77392578125,2143.33349609375,2143.33349609375,379168768
2026-04-06 17:00:00+00:00,2141.249755859375,2141.249755859375,2124.353271484375,2135.0693359375,866707456
2026-04-06 18:00:00+00:00,2134.876708984375,2147.47900390625,2132.412841796875,2144.748046875,231862272
2026-04-06 19:00:00+00:00,2144.86376953125,2144.86376953125,2136.726806640625,2144.7587890625,4251648
2026-04-06 20:00:00+00:00,2144.211669921875,2152.958984375,2140.23193359375,2149.94384765625,250632192
2026-04-06 21:00:00+00:00,2149.075927734375,2149.075927734375,2138.335205078125,2139.9072265625,0
2026-04-06 22:00:00+00:00,2139.72119140625,2140.1396484375,2111.744384765625,2111.744384765625,0
2026-04-06 23:00:00+00:00,2106.254638671875,2108.99560546875,2089.66650390625,2107.784912109375,0
2026-04-07 00:00:00+00:00,2107.446533203125,2118.083740234375,2107.0146484375,2113.569580078125,0
2026-04-07 01:00:00+00:00,2112.62255859375,2117.2578125,2098.490478515625,2099.81396484375,0
2026-04-07 02:00:00+00:00,2099.692626953125,2110.049560546875,2094.010009765625,2105.752197265625,0
2026-04-07 03:00:00+00:00,2106.193115234375,2109.030029296875,2104.81982421875,2107.921630859375,0
2026-04-07 04:00:00+00:00,2107.880859375,2118.062255859375,2103.681884765625,2115.56103515625,0
2026-04-07 05:00:00+00:00,2114.044677734375,2114.044677734375,2103.874755859375,2104.580078125,33282048
2026-04-07 06:00:00+00:00,2104.989990234375,2104.989990234375,2096.685546875,2103.48779296875,0
2026-04-07 07:00:00+00:00,2103.673095703125,2105.187255859375,2099.05712890625,2103.8037109375,0
2026-04-07 08:00:00+00:00,2103.7890625,2115.214111328125,2103.7890625,2115.214111328125,0
2026-04-07 09:00:00+00:00,2114.776611328125,2130.860595703125,2114.580810546875,2127.593017578125,0
2026-04-07 10:00:00+00:00,2127.748779296875,2130.00830078125,2087.28662109375,2088.40234375,444383232
2026-04-07 11:00:00+00:00,2088.975830078125,2093.039794921875,2082.858154296875,2089.764892578125,375572480
2026-04-07 12:00:00+00:00,2089.2890625,2089.2890625,2075.32568359375,2087.69189453125,246345728
2026-04-07 13:00:00+00:00,2086.638671875,2091.160888671875,2074.948974609375,2076.43017578125,106476544
2026-04-07 14:00:00+00:00,2076.104248046875,2077.200927734375,2062.679443359375,2071.477783203125,0
2026-04-07 15:00:00+00:00,2069.432861328125,2081.09033203125,2065.142333984375,2079.448974609375,0
2026-04-07 16:00:00+00:00,2079.685546875,2088.608154296875,2077.7763671875,2083.22119140625,0
2026-04-07 17:00:00+00:00,2083.186767578125,2104.1298828125,2080.057373046875,2099.85205078125,0
2026-04-07 18:00:00+00:00,2099.251953125,2100.757080078125,2083.0107421875,2085.90185546875,0
2026-04-07 19:00:00+00:00,2085.75927734375,2113.9130859375,2084.686279296875,2110.76025390625,104253440
2026-04-07 20:00:00+00:00,2113.559814453125,2123.087646484375,2111.25732421875,2114.2001953125,770935808
2026-04-07 21:00:00+00:00,2114.83349609375,2150.84033203125,2114.83349609375,2144.84033203125,1026171904
2026-04-07 22:00:00+00:00,2144.705810546875,2207.716064453125,2144.705810546875,2207.716064453125,989968384
2026-04-07 23:00:00+00:00,2223.91796875,2266.74609375,2217.373291015625,2242.276611328125,3415396352
2026-04-08 00:00:00+00:00,2239.89404296875,2248.41748046875,2228.89306640625,2234.322998046875,1005021184
2026-04-08 01:00:00+00:00,2234.867919921875,2241.406005859375,2231.59814453125,2234.504638671875,234604544
2026-04-08 02:00:00+00:00,2233.442626953125,2243.964111328125,2231.465087890625,2234.5556640625,459864064
2026-04-08 03:00:00+00:00,2234.791259765625,2238.574462890625,2232.42578125,2234.14501953125,222820352
2026-04-08 04:00:00+00:00,2234.5625,2250.93017578125,2234.5625,2244.0888671875,556099584
2026-04-08 05:00:00+00:00,2242.665283203125,2244.41748046875,2238.82568359375,2240.085205078125,212549632
2026-04-08 06:00:00+00:00,2240.00244140625,2251.428466796875,2236.417236328125,2245.58154296875,237637632
2026-04-08 07:00:00+00:00,2245.369140625,2257.76708984375,2244.531494140625,2251.97705078125,687931392
2026-04-08 08:00:00+00:00,2252.7685546875,2258.592529296875,2251.101806640625,2255.31005859375,225363968
2026-04-08 09:00:00+00:00,2256.239990234375,2261.873779296875,2246.54443359375,2249.836669921875,141959168
2026-04-08 10:00:00+00:00,2249.369873046875,2252.645263671875,2243.781494140625,2244.159423828125,0
2026-04-08 11:00:00+00:00,2242.626220703125,2253.500732421875,2239.071533203125,2246.673828125,0
2026-04-08 12:00:00+00:00,2247.085693359375,2256.797607421875,2244.572265625,2256.797607421875,0
2026-04-08 13:00:00+00:00,2256.335205078125,2267.48388671875,2233.355224609375,2233.355224609375,602281984
2026-04-08 14:00:00+00:00,2235.61083984375,2238.631591796875,2189.805419921875,2192.032958984375,1157873664
2026-04-08 15:00:00+00:00,2193.518310546875,2216.0283203125,2193.518310546875,2215.535400390625,439023616
2026-04-08 16:00:00+00:00,2214.929443359375,2223.787841796875,2212.970458984375,2222.696044921875,0
2026-04-08 17:00:00+00:00,2221.2109375,2237.83984375,2214.252197265625,2231.94921875,230201344
2026-04-08 18:00:00+00:00,2231.829345703125,2231.829345703125,2200.61328125,2202.603271484375,137347072
2026-04-08 19:00:00+00:00,2199.14013671875,2208.645751953125,2198.6884765625,2207.2421875,0
2026-04-08 20:00:00+00:00,2211.24169921875,2216.284912109375,2206.30615234375,2209.8583984375,0
2026-04-08 21:00:00+00:00,2210.063232421875,2221.89453125,2208.46484375,2213.467529296875,0
2026-04-08 22:00:00+00:00,2213.8193359375,2213.8193359375,2190.786865234375,2190.786865234375,0
2026-04-08 23:00:00+00:00,2184.435546875,2193.02392578125,2182.9873046875,2190.33251953125,0
2026-04-09 00:00:00+00:00,2189.210205078125,2193.619140625,2180.682373046875,2184.303955078125,0
2026-04-09 01:00:00+00:00,2183.49658203125,2184.548583984375,2165.9912109375,2177.101318359375,0
2026-04-09 02:00:00+00:00,2178.0419921875,2184.18310546875,2174.8466796875,2182.252685546875,0
2026-04-09 03:00:00+00:00,2181.059326171875,2183.44287109375,2176.6796875,2182.721435546875,0
2026-04-09 04:00:00+00:00,2182.59716796875,2182.59716796875,2177.35693359375,2178.12744140625,0
2026-04-09 05:00:00+00:00,2178.125732421875,2188.340087890625,2176.275146484375,2181.812744140625,16015360
2026-04-09 06:00:00+00:00,2181.964111328125,2185.658935546875,2176.365234375,2181.066162109375,0
2026-04-09 07:00:00+00:00,2181.4541015625,2185.197998046875,2180.834228515625,2181.2568359375,0
2026-04-09 08:00:00+00:00,2181.1259765625,2190.087890625,2177.12353515625,2186.138427734375,0
2026-04-09 09:00:00+00:00,2186.189208984375,2195.016845703125,2179.95263671875,2194.21728515625,0
2026-04-09 10:00:00+00:00,2192.09814453125,2195.36572265625,2188.35302734375,2191.62744140625,166029312
2026-04-09 11:00:00+00:00,2191.18115234375,2191.8193359375,2178.73779296875,2180.07373046875,0
2026-04-09 12:00:00+00:00,2180.111572265625,2185.344970703125,2175.242919921875,2182.8046875,0
2026-04-09 13:00:00+00:00,2182.475830078125,2182.475830078125,2159.87060546875,2165.81005859375,0
2026-04-09 14:00:00+00:00,2165.262451171875,2180.1689453125,2159.475830078125,2176.185546875,0
2026-04-09 15:00:00+00:00,2177.529296875,2221.951904296875,2170.526123046875,2216.553466796875,575271936
2026-04-09 16:00:00+00:00,2222.187744140625,2227.395751953125,2195.4169921875,2206.358154296875,598628352
2026-04-09 17:00:00+00:00,2209.6259765625,2223.56689453125,2207.744873046875,2222.94189453125,0
2026-04-09 18:00:00+00:00,2222.979736328125,2222.979736328125,2202.620849609375,2207.31298828125,66506752
2026-04-09 19:00:00+00:00,2206.790283203125,2222.16015625,2205.26123046875,2215.8515625,153649152
2026-04-09 20:00:00+00:00,2216.853271484375,2221.60498046875,2211.423095703125,2212.383056640625,236742656
2026-04-09 21:00:00+00:00,2213.070556640625,2223.72509765625,2208.525146484375,2210.994873046875,57745408
2026-04-09 22:00:00+00:00,2210.8671875,2238.341064453125,2200.763671875,2200.763671875,401630208
2026-04-09 23:00:00+00:00,2198.1220703125,2200.38818359375,2185.29052734375,2189.380859375,48457728
2026-04-10 00:00:00+00:00,2189.994384765625,2196.293701171875,2183.181640625,2194.187744140625,162707456
2026-04-10 01:00:00+00:00,2194.388671875,2203.356201171875,2179.488037109375,2195.364990234375,77025280
2026-04-10 02:00:00+00:00,2195.138671875,2197.82568359375,2187.833740234375,2187.833740234375,0
2026-04-10 03:00:00+00:00,2188.427978515625,2191.000732421875,2184.04052734375,2185.91455078125,182253568
2026-04-10 04:00:00+00:00,2186.814453125,2196.1484375,2186.57275390625,2194.935791015625,75065344
2026-04-10 05:00:00+00:00,2195.32373046875,2202.542236328125,2193.14697265625,2196.36669921875,181487616
2026-04-10 06:00:00+00:00,2196.615966796875,2197.302490234375,2184.158447265625,2184.5625,0
2026-04-10 07:00:00+00:00,2186.1669921875,2188.1220703125,2176.976318359375,2178.8916015625,282255360
2026-04-10 08:00:00+00:00,2179.255859375,2189.254150390625,2177.58935546875,2185.644775390625,1849344
2026-04-10 09:00:00+00:00,2185.7958984375,2196.56103515625,2185.676513671875,2195.873779296875,116234240
2026-04-10 10:00:00+00:00,2196.018798828125,2197.59619140625,2191.487060546875,2197.59619140625,0
2026-04-10 11:00:00+00:00,2197.490478515625,2223.196533203125,2197.490478515625,2216.36279296875,608782336
2026-04-10 12:00:00+00:00,2216.13916015625,2226.86669921875,2212.475830078125,2219.6689453125,364976128
2026-04-10 13:00:00+00:00,2219.27783203125,2225.1083984375,2208.897216796875,2224.94140625,0
2026-04-10 14:00:00+00:00,2224.013671875,2253.079345703125,2222.692138671875,2243.239013671875,1157367808
2026-04-10 15:00:00+00:00,2243.1708984375,2255.626220703125,2222.22216796875,2222.22216796875,0
2026-04-10 16:00:00+00:00,2223.36474609375,2246.218994140625,2222.571533203125,2246.218994140625,0
2026-04-10 17:00:00+00:00,2245.661865234375,2249.068603515625,2240.548828125,2248.6123046875,0
2026-04-10 18:00:00+00:00,2248.7958984375,2250.43701171875,2241.24365234375,2250.43701171875,0
2026-04-10 19:00:00+00:00,2249.984130859375,2255.936767578125,2245.046875,2254.203857421875,0
2026-04-10 20:00:00+00:00,2253.040771484375,2256.85400390625,2244.369140625,2255.794677734375,24287232
2026-04-10 21:00:00+00:00,2255.8369140625,2255.8369140625,2245.455078125,2254.81396484375,0
2026-04-10 22:00:00+00:00,2255.404296875,2255.404296875,2238.4189453125,2243.603759765625,0
2026-04-10 23:00:00+00:00,2241.952880859375,2245.267822265625,2240.5400390625,2245.1044921875,0
2026-04-11 00:00:00+00:00,2245.39599609375,2245.39599609375,2237.337158203125,2239.365478515625,0
2026-04-11 01:00:00+00:00,2239.32958984375,2246.54833984375,2236.59228515625,2244.89404296875,0
2026-04-11 02:00:00+00:00,2245.3896484375,2251.16455078125,2243.705322265625,2248.259033203125,0
2026-04-11 03:00:00+00:00,2248.44091796875,2250.97607421875,2237.318115234375,2237.318115234375,0
2026-04-11 04:00:00+00:00,2238.107177734375,2242.682373046875,2236.817138671875,2241.3876953125,233661440
2026-04-11 05:00:00+00:00,2241.870849609375,2242.250244140625,2231.298583984375,2234.203369140625,0
2026-04-11 06:00:00+00:00,2232.692626953125,2236.898193359375,2231.177734375,2236.59375,0
2026-04-11 07:00:00+00:00,2236.829833984375,2236.96630859375,2231.6845703125,2232.64208984375,0
2026-04-11 08:00:00+00:00,2232.90185546875,2235.645263671875,2232.90185546875,2234.305419921875,0
2026-04-11 09:00:00+00:00,2233.883544921875,2249.004150390625,2233.64111328125,2244.118896484375,0
2026-04-11 10:00:00+00:00,2244.495361328125,2245.504150390625,2239.259521484375,2241.593994140625,0
2026-04-11 11:00:00+00:00,2241.309326171875,2247.581298828125,2239.97412109375,2246.861083984375,0
2026-04-11 12:00:00+00:00,2246.68798828125,2246.78271484375,2242.354248046875,2246.046142578125,0
2026-04-11 13:00:00+00:00,2245.103515625,2245.103515625,2235.64404296875,2241.637939453125,0
2026-04-11 14:00:00+00:00,2240.834716796875,2243.745849609375,2239.44677734375,2242.893798828125,0
2026-04-11 15:00:00+00:00,2242.9638671875,2252.3212890625,2242.410888671875,2250.48193359375,0
2026-04-11 16:00:00+00:00,2250.21044921875,2264.11474609375,2247.605224609375,2260.735107421875,0
2026-04-11 17:00:00+00:00,2259.671142578125,2264.424560546875,2255.1953125,2260.230224609375,0
2026-04-11 18:00:00+00:00,2260.570068359375,2309.057861328125,2258.55712890625,2303.382080078125,997294080
2026-04-11 19:00:00+00:00,2304.740966796875,2326.536865234375,2304.740966796875,2314.1494140625,596641792
2026-04-11 20:00:00+00:00,2315.088134765625,2315.928466796875,2292.06298828125,2298.8974609375,520247296
2026-04-11 21:00:00+00:00,2298.09228515625,2303.810302734375,2295.37451171875,2301.52294921875,62307328
2026-04-11 22:00:00+00:00,2300.173828125,2307.39404296875,2290.8828125,2296.623046875,68651008
2026-04-11 23:00:00+00:00,2296.880859375,2296.880859375,2279.0341796875,2285.43017578125,260471808
2026-04-12 00:00:00+00:00,2285.3359375,2286.9541015625,2279.92626953125,2285.00830078125,182438912
2026-04-12 01:00:00+00:00,2285.660400390625,2288.3388671875,2212.877685546875,2219.621337890625,1354156032
2026-04-12 02:00:00+00:00,2219.321533203125,2232.978271484375,2211.180908203125,2225.388671875,734056448
2026-04-12 03:00:00+00:00,2224.758544921875,2225.840087890625,2215.511962890625,2217.085205078125,338794496
2026-04-12 04:00:00+00:00,2214.73974609375,2215.938232421875,2212.0185546875,2212.627197265625,287517696
2026-04-12 05:00:00+00:00,2212.60693359375,2219.1123046875,2211.034912109375,2218.37255859375,75963392
2026-04-12 06:00:00+00:00,2218.0361328125,2221.17041015625,2215.55224609375,2216.65283203125,43610112
2026-04-12 07:00:00+00:00,2216.850341796875,2220.810791015625,2213.76123046875,2220.261962890625,28524544
2026-04-12 08:00:00+00:00,2219.303955078125,2219.328369140625,2213.806884765625,2214.71826171875,39202816
2026-04-12 09:00:00+00:00,2214.954345703125,2216.22900390625,2212.469970703125,2214.85546875,0
2026-04-12 10:00:00+00:00,2214.919677734375,2217.90625,2197.9638671875,2201.350341796875,220972032
2026-04-12 11:00:00+00:00,2201.710205078125,2206.260009765625,2200.43701171875,2205.47021484375,278189056
2026-04-12 12:00:00+00:00,2205.502685546875,2207.88720703125,2194.108642578125,2196.66748046875,144239616
2026-04-12 13:00:00+00:00,2196.07666015625,2196.593017578125,2186.838134765625,2187.53759765625,779839488
2026-04-12 14:00:00+00:00,2187.43310546875,2193.337646484375,2180.981689453125,2182.873046875,493063168
2026-04-12 15:00:00+00:00,2181.96923828125,2187.259765625,2178.890625,2186.484375,232830976
2026-04-12 16:00:00+00:00,2185.966064453125,2189.625,2184.682861328125,2186.697265625,0
2026-04-12 17:00:00+00:00,2188.10009765625,2204.81005859375,2188.10009765625,2204.169921875,0
2026-04-12 18:00:00+00:00,2203.070068359375,2207.18017578125,2201.459716796875,2201.48681640625,0
2026-04-12 19:00:00+00:00,2201.580322265625,2205.28759765625,2198.651611328125,2199.21484375,0
2026-04-12 20:00:00+00:00,2199.109619140625,2216.642578125,2194.21484375,2213.770751953125,0
2026-04-12 21:00:00+00:00,2213.875244140625,2217.32373046875,2206.29541015625,2209.100830078125,0
2026-04-12 22:00:00+00:00,2196.132080078125,2199.9169921875,2184.7685546875,2198.842041015625,382987264
2026-04-12 23:00:00+00:00,2199.759033203125,2199.759033203125,2186.866455078125,2192.33154296875,193467392
2026-04-13 00:00:00+00:00,2191.664306640625,2207.2353515625,2188.181396484375,2205.302001953125,42371072
2026-04-13 01:00:00+00:00,2205.401611328125,2208.25732421875,2201.4658203125,2204.558349609375,0
2026-04-13 02:00:00+00:00,2203.94775390625,2204.380126953125,2193.615966796875,2194.668701171875,0
2026-04-13 03:00:00+00:00,2194.050537109375,2194.9580078125,2191.851318359375,2193.9443359375,0
2026-04-13 04:00:00+00:00,2193.918212890625,2198.63916015625,2188.578125,2191.113037109375,0
2026-04-13 05:00:00+00:00,2190.48486328125,2190.48486328125,2184.19140625,2188.98876953125,0
2026-04-13 06:00:00+00:00,2190.158447265625,2199.580078125,2190.158447265625,2199.580078125,338403328
2026-04-13 07:00:00+00:00,2198.092041015625,2198.092041015625,2183.744873046875,2187.827880859375,0
2026-04-13 08:00:00+00:00,2186.3056640625,2188.4189453125,2181.140380859375,2184.580078125,657076224
2026-04-13 09:00:00+00:00,2184.580078125,2193.2646484375,2184.580078125,2188.53759765625,29019136
2026-04-13 10:00:00+00:00,2188.208251953125,2188.21630859375,2179.8544921875,2182.772216796875,0
2026-04-13 11:00:00+00:00,2182.846923828125,2190.408935546875,2182.846923828125,2188.283203125,0
2026-04-13 12:00:00+00:00,2187.57861328125,2195.83056640625,2176.668701171875,2193.1240234375,75295744
2026-04-13 13:00:00+00:00,2192.76904296875,2212.0009765625,2183.614501953125,2212.0009765625,515981312
2026-04-13 14:00:00+00:00,2215.01904296875,2234.368896484375,2204.513427734375,2234.368896484375,791037952
2026-04-13 15:00:00+00:00,2234.301513671875,2234.301513671875,2202.210205078125,2208.329345703125,829068288
2026-04-13 16:00:00+00:00,2209.886474609375,2233.858642578125,2207.02001953125,2226.77734375,656659456
2026-04-13 17:00:00+00:00,2225.111572265625,2240.31494140625,2223.568115234375,2225.1416015625,356451328
2026-04-13 18:00:00+00:00,2225.501953125,2233.8994140625,2220.080322265625,2233.057861328125,147333120
2026-04-13 19:00:00+00:00,2232.68798828125,2267.103515625,2229.064697265625,2264.910888671875,1264070656
2026-04-13 20:00:00+00:00,2263.839599609375,2263.839599609375,2248.955078125,2253.409912109375,581867520
2026-04-13 21:00:00+00:00,2253.989990234375,2266.449951171875,2250.739990234375,2260.919921875,77125632
2026-04-13 22:00:00+00:00,2260.5,2362.800048828125,2260.5,2353.699951171875,1932797952
2026-04-13 23:00:00+00:00,2356.27001953125,2393.840087890625,2342.43994140625,2369.800048828125,3334197248
2026-04-14 00:00:00+00:00,2370.39990234375,2375.5400390625,2361.02001953125,2362.5400390625,462409728
2026-04-14 01:00:00+00:00,2362.39990234375,2374.60009765625,2355.81005859375,2369.6201171875,641335296
2026-04-14 02:00:00+00:00,2370.10009765625,2378.800048828125,2367.60009765625,2368.419921875,439582720
2026-04-14 03:00:00+00:00,2368.110107421875,2371.169921875,2363.080078125,2366.300048828125,443717632
2026-04-14 04:00:00+00:00,2366.5,2369.090087890625,2363.199951171875,2365.02001953125,193478656
2026-04-14 05:00:00+00:00,2365.300048828125,2369.659912109375,2355.639892578125,2356.6201171875,268355584
2026-04-14 06:00:00+00:00,2357.300048828125,2377.27001953125,2357.199951171875,2374.2099609375,99426304
2026-04-14 07:00:00+00:00,2374.0,2389.090087890625,2372.260009765625,2378.39990234375,840861696
2026-04-14 08:00:00+00:00,2379.10009765625,2397.0,2375.43994140625,2388.949951171875,736303104
2026-04-14 09:00:00+00:00,2390.090087890625,2395.699951171875,2385.840087890625,2388.35009765625,395290624
2026-04-14 10:00:00+00:00,2388.330078125,2389.090087890625,2374.050048828125,2376.0,489472
2026-04-14 11:00:00+00:00,2375.360107421875,2378.35009765625,2368.5,2374.800048828125,750118912
2026-04-14 12:00:00+00:00,2375.090087890625,2378.580078125,2369.300048828125,2374.639892578125,285188096
2026-04-14 13:00:00+00:00,2375.02001953125,2396.39990234375,2373.2099609375,2393.10009765625,376807424
2026-04-14 14:00:00+00:00,2393.110107421875,2416.10009765625,2355.989990234375,2355.989990234375,929132544
2026-04-14 15:00:00+00:00,2355.239990234375,2372.719970703125,2336.610107421875,2365.89990234375,859582464
2026-04-14 16:00:00+00:00,2365.89990234375,2372.35009765625,2330.89990234375,2335.719970703125,335976448
2026-04-14 17:00:00+00:00,2332.919921875,2346.580078125,2324.75,2339.39990234375,282460160
2026-04-14 18:00:00+00:00,2340.60009765625,2345.949951171875,2311.760009765625,2315.81005859375,379226112
2026-04-14 19:00:00+00:00,2314.68994140625,2324.340087890625,2304.6298828125,2314.090087890625,0
2026-04-14 20:00:00+00:00,2314.669921875,2323.06005859375,2309.919921875,2316.0,0
2026-04-14 21:00:00+00:00,2316.5,2327.18994140625,2316.199951171875,2324.929931640625,0
2026-04-14 22:00:00+00:00,2323.219970703125,2332.860107421875,2313.22998046875,2316.199951171875,0
2026-04-14 23:00:00+00:00,2316.68994140625,2327.7900390625,2315.60009765625,2323.6298828125,0
2026-04-15 00:00:00+00:00,2323.0,2343.800048828125,2322.780029296875,2334.909912109375,0
2026-04-15 01:00:00+00:00,2334.199951171875,2343.68994140625,2331.969970703125,2336.610107421875,0
2026-04-15 02:00:00+00:00,2336.739990234375,2338.68994140625,2318.5,2325.550048828125,329801728
2026-04-15 03:00:00+00:00,2325.719970703125,2330.199951171875,2321.389892578125,2329.919921875,0
2026-04-15 04:00:00+00:00,2329.52001953125,2335.300048828125,2328.989990234375,2333.81005859375,0
2026-04-15 05:00:00+00:00,2333.919921875,2338.8798828125,2315.699951171875,2320.300048828125,0
2026-04-15 06:00:00+00:00,2320.60009765625,2321.469970703125,2316.300048828125,2318.14990234375,0
2026-04-15 07:00:00+00:00,2319.0,2324.419921875,2310.679931640625,2317.1201171875,0
2026-04-15 08:00:00+00:00,2317.5,2333.679931640625,2314.719970703125,2328.840087890625,0
2026-04-15 09:00:00+00:00,2328.830078125,2330.81005859375,2318.8701171875,2320.300048828125,0
2026-04-15 10:00:00+00:00,2319.10009765625,2328.840087890625,2312.60009765625,2317.3701171875,0
2026-04-15 11:00:00+00:00,2317.699951171875,2338.419921875,2317.14990234375,2338.2900390625,0
2026-04-15 12:00:00+00:00,2338.2099609375,2340.840087890625,2330.5400390625,2333.699951171875,0
2026-04-15 13:00:00+00:00,2333.300048828125,2334.4599609375,2318.22998046875,2327.4599609375,0
2026-04-15 14:00:00+00:00,2327.60009765625,2345.60009765625,2323.179931640625,2338.6298828125,0
2026-04-15 15:00:00+00:00,2340.1298828125,2349.5400390625,2321.860107421875,2333.0,0
2026-04-15 16:00:00+00:00,2332.469970703125,2350.199951171875,2330.25,2341.56005859375,0
2026-04-15 17:00:00+00:00,2342.090087890625,2358.139892578125,2340.340087890625,2349.72998046875,0
2026-04-15 18:00:00+00:00,2349.179931640625,2360.919921875,2347.3798828125,2359.5400390625,0
2026-04-15 19:00:00+00:00,2359.52001953125,2386.14990234375,2358.110107421875,2376.070068359375,53469184
2026-04-15 20:00:00+00:00,2377.02001953125,2377.669921875,2354.81005859375,2363.669921875,258368512
2026-04-15 21:00:00+00:00,2363.47998046875,2364.469970703125,2349.719970703125,2361.530029296875,111748096
2026-04-15 22:00:00+00:00,2361.489990234375,2380.320068359375,2360.860107421875,2364.469970703125,235083776
2026-04-15 23:00:00+00:00,2363.89990234375,2364.330078125,2350.89990234375,2360.550048828125,309971968
2026-04-16 00:00:00+00:00,2360.639892578125,2364.090087890625,2350.969970703125,2361.14990234375,0
2026-04-16 01:00:00+00:00,2360.64990234375,2360.64990234375,2346.89990234375,2352.429931640625,0
2026-04-16 02:00:00+00:00,2353.050048828125,2369.89990234375,2350.89990234375,2357.39990234375,85178368
2026-04-16 03:00:00+00:00,2356.68994140625,2366.639892578125,2356.64990234375,2358.4599609375,178614272
2026-04-16 04:00:00+00:00,2358.090087890625,2364.2099609375,2349.800048828125,2354.800048828125,142442496
2026-04-16 05:00:00+00:00,2354.2900390625,2362.840087890625,2350.639892578125,2357.5,0
2026-04-16 06:00:00+00:00,2358.8798828125,2361.39990234375,2350.56005859375,2356.89990234375,0
2026-04-16 07:00:00+00:00,2356.1298828125,2357.820068359375,2336.969970703125,2341.81005859375,1702912
2026-04-16 08:00:00+00:00,2341.2900390625,2346.2900390625,2335.030029296875,2339.3701171875,0
2026-04-16 09:00:00+00:00,2339.18994140625,2349.0,2338.010009765625,2338.60009765625,265501696
2026-04-16 10:00:00+00:00,2338.5,2340.68994140625,2328.550048828125,2332.25,244740096
2026-04-16 11:00:00+00:00,2332.719970703125,2336.5,2329.830078125,2336.18994140625,0
2026-04-16 12:00:00+00:00,2336.39990234375,2347.820068359375,2336.2900390625,2340.89990234375,0
2026-04-16 13:00:00+00:00,2340.989990234375,2351.93994140625,2294.43994140625,2308.4599609375,0
2026-04-16 14:00:00+00:00,2308.110107421875,2316.830078125,2286.159912109375,2310.989990234375,1656364032
2026-04-16 15:00:00+00:00,2310.43994140625,2349.0,2308.800048828125,2339.7099609375,1636796416
2026-04-16 16:00:00+00:00,2339.510009765625,2349.3701171875,2310.300048828125,2316.820068359375,0
2026-04-16 17:00:00+00:00,2316.3798828125,2329.889892578125,2310.530029296875,2325.7900390625,504754176
2026-04-16 18:00:00+00:00,2325.639892578125,2347.81005859375,2320.260009765625,2344.18994140625,132798464
2026-04-16 19:00:00+00:00,2346.18994140625,2362.409912109375,2335.800048828125,2361.179931640625,378210304
2026-04-16 20:00:00+00:00,2361.340087890625,2364.25,2342.1201171875,2350.699951171875,337620992
2026-04-16 21:00:00+00:00,2350.699951171875,2357.25,2336.89990234375,2341.669921875,0
2026-04-16 22:00:00+00:00,2344.010009765625,2351.10009765625,2339.909912109375,2342.969970703125,0
2026-04-16 23:00:00+00:00,2341.9599609375,2355.1298828125,2341.9599609375,2348.610107421875,0
2026-04-17 00:00:00+00:00,2348.60009765625,2351.469970703125,2341.530029296875,2344.989990234375,0
2026-04-17 01:00:00+00:00,2344.760009765625,2349.8701171875,2327.590087890625,2335.929931640625,0
2026-04-17 02:00:00+00:00,2335.550048828125,2339.43994140625,2325.93994140625,2332.68994140625,0
2026-04-17 03:00:00+00:00,2332.530029296875,2332.530029296875,2324.949951171875,2325.77001953125,0
2026-04-17 04:00:00+00:00,2325.840087890625,2334.10009765625,2324.340087890625,2329.60009765625,0
2026-04-17 05:00:00+00:00,2329.719970703125,2330.0,2318.52001953125,2319.75,0
2026-04-17 06:00:00+00:00,2319.610107421875,2333.2099609375,2318.110107421875,2332.070068359375,196210688
2026-04-17 07:00:00+00:00,2332.280029296875,2342.860107421875,2330.510009765625,2333.580078125,0
2026-04-17 08:00:00+00:00,2334.199951171875,2359.22998046875,2333.2099609375,2355.18994140625,95131648
2026-04-17 09:00:00+00:00,2355.89990234375,2376.010009765625,2349.06005859375,2360.080078125,742660096
2026-04-17 10:00:00+00:00,2360.0,2361.780029296875,2337.219970703125,2344.81005859375,314007552
2026-04-17 11:00:00+00:00,2345.0,2357.77001953125,2343.60009765625,2355.800048828125,174297088
2026-04-17 12:00:00+00:00,2356.39990234375,2381.7099609375,2350.6298828125,2373.199951171875,449536000
2026-04-17 13:00:00+00:00,2372.18994140625,2442.0,2368.0,2437.820068359375,2707810304
2026-04-17 14:00:00+00:00,2439.6201171875,2458.25,2428.43994140625,2448.800048828125,865824768
2026-04-17 15:00:00+00:00,2446.93994140625,2451.22998046875,2435.070068359375,2443.260009765625,61237248
2026-04-17 16:00:00+00:00,2443.489990234375,2466.14990234375,2442.60009765625,2452.590087890625,0
2026-04-17 17:00:00+00:00,2452.3701171875,2453.39990234375,2424.800048828125,2441.7099609375,491137024
2026-04-17 18:00:00+00:00,2441.60009765625,2444.280029296875,2416.449951171875,2421.110107421875,179083264
2026-04-17 19:00:00+00:00,2421.7099609375,2433.89990234375,2418.3798828125,2431.0,0
2026-04-17 20:00:00+00:00,2430.389892578125,2436.60009765625,2418.02001953125,2428.06005859375,0
2026-04-17 21:00:00+00:00,2427.81005859375,2434.300048828125,2420.300048828125,2430.409912109375,0
2026-04-17 22:00:00+00:00,2429.10009765625,2442.93994140625,2423.7099609375,2434.2099609375,867870720
2026-04-17 23:00:00+00:00,2433.199951171875,2434.06005859375,2416.68994140625,2419.570068359375,329115648
2026-04-18 00:00:00+00:00,2419.610107421875,2424.5,2411.199951171875,2421.050048828125,0
2026-04-18 01:00:00+00:00,2421.699951171875,2428.5,2418.090087890625,2422.050048828125,182595584
2026-04-18 02:00:00+00:00,2422.0,2425.39990234375,2417.7099609375,2420.3798828125,0
2026-04-18 03:00:00+00:00,2419.60009765625,2420.179931640625,2402.080078125,2406.260009765625,105312256
2026-04-18 04:00:00+00:00,2405.0,2411.2099609375,2401.159912109375,2408.330078125,148066304
2026-04-18 05:00:00+00:00,2408.330078125,2414.570068359375,2406.81005859375,2409.8798828125,0
2026-04-18 06:00:00+00:00,2409.8701171875,2412.9599609375,2406.510009765625,2410.68994140625,0
2026-04-18 07:00:00+00:00,2409.429931640625,2411.93994140625,2402.510009765625,2404.5400390625,0
2026-04-18 08:00:00+00:00,2404.360107421875,2405.699951171875,2369.860107421875,2381.68994140625,163440640
2026-04-18 09:00:00+00:00,2381.10009765625,2381.739990234375,2370.919921875,2376.800048828125,0
2026-04-18 10:00:00+00:00,2376.469970703125,2376.469970703125,2355.43994140625,2359.800048828125,0
2026-04-18 11:00:00+00:00,2359.969970703125,2361.199951171875,2345.31005859375,2353.7099609375,649230336
2026-04-18 12:00:00+00:00,2354.300048828125,2362.989990234375,2352.85009765625,2359.0,0
2026-04-18 13:00:00+00:00,2358.699951171875,2361.139892578125,2346.550048828125,2356.22998046875,0
2026-04-18 14:00:00+00:00,2356.7900390625,2365.89990234375,2350.860107421875,2365.89990234375,0
2026-04-18 15:00:00+00:00,2365.89990234375,2369.300048828125,2359.429931640625,2364.389892578125,0
2026-04-18 16:00:00+00:00,2363.85009765625,2375.0,2357.260009765625,2361.610107421875,0
2026-04-18 17:00:00+00:00,2361.570068359375,2365.7900390625,2356.10009765625,2362.5,0
2026-04-18 18:00:00+00:00,2362.2099609375,2364.60009765625,2340.510009765625,2347.89990234375,0
2026-04-18 19:00:00+00:00,2347.5,2356.510009765625,2347.340087890625,2349.510009765625,0
2026-04-18 20:00:00+00:00,2349.89990234375,2355.919921875,2345.719970703125,2353.340087890625,0
2026-04-18 21:00:00+00:00,2353.449951171875,2356.419921875,2348.56005859375,2356.419921875,0
2026-04-18 22:00:00+00:00,2355.800048828125,2360.239990234375,2349.800048828125,2357.610107421875,0
2026-04-18 23:00:00+00:00,2357.610107421875,2359.989990234375,2350.969970703125,2351.199951171875,0
2026-04-19 00:00:00+00:00,2351.3798828125,2356.699951171875,2345.510009765625,2350.10009765625,0
2026-04-19 01:00:00+00:00,2350.800048828125,2353.89990234375,2342.81005859375,2349.090087890625,0
2026-04-19 02:00:00+00:00,2348.85009765625,2350.199951171875,2335.0,2339.2099609375,76504064
2026-04-19 03:00:00+00:00,2339.3798828125,2345.090087890625,2333.989990234375,2340.800048828125,0
2026-04-19 04:00:00+00:00,2340.909912109375,2347.300048828125,2322.39990234375,2334.449951171875,51674112
2026-04-19 05:00:00+00:00,2334.199951171875,2339.60009765625,2329.97998046875,2333.679931640625,89365504
2026-04-19 06:00:00+00:00,2333.199951171875,2334.110107421875,2322.969970703125,2328.199951171875,476296192
2026-04-19 07:00:00+00:00,2327.800048828125,2328.300048828125,2301.10009765625,2316.909912109375,856730624
2026-04-19 08:00:00+00:00,2315.800048828125,2321.5,2312.610107421875,2319.75,0
2026-04-19 09:00:00+00:00,2319.330078125,2320.199951171875,2307.10009765625,2310.840087890625,38183936
2026-04-19 10:00:00+00:00,2310.110107421875,2320.60009765625,2307.800048828125,2318.75,0
2026-04-19 11:00:00+00:00,2318.699951171875,2331.800048828125,2318.010009765625,2330.080078125,0
2026-04-19 12:00:00+00:00,2330.60009765625,2338.60009765625,2326.110107421875,2332.85009765625,0
2026-04-19 13:00:00+00:00,2332.18994140625,2350.419921875,2332.18994140625,2339.7900390625,375536640
2026-04-19 14:00:00+00:00,2339.780029296875,2344.090087890625,2327.469970703125,2339.300048828125,0
2026-04-19 15:00:00+00:00,2339.4599609375,2342.56005859375,2317.699951171875,2331.780029296875,0
2026-04-19 16:00:00+00:00,2331.72998046875,2332.199951171875,2306.2900390625,2312.5,0
2026-04-19 17:00:00+00:00,2311.31005859375,2318.110107421875,2295.969970703125,2296.699951171875,476365824
2026-04-19 18:00:00+00:00,2296.43994140625,2301.889892578125,2289.050048828125,2296.89990234375,353725440
2026-04-19 19:00:00+00:00,2298.340087890625,2305.590087890625,2295.39990234375,2300.179931640625,201285632
2026-04-19 20:00:00+00:00,2300.699951171875,2300.739990234375,2275.830078125,2281.18994140625,128790528
2026-04-19 21:00:00+00:00,2280.89990234375,2291.0,2275.7099609375,2276.8798828125,552167424
2026-04-19 22:00:00+00:00,2275.89990234375,2276.68994140625,2253.909912109375,2271.5,1212264448
2026-04-19 23:00:00+00:00,2270.010009765625,2270.159912109375,2257.699951171875,2263.25,587196416
2026-04-20 00:00:00+00:00,2264.0,2284.1201171875,2261.510009765625,2281.39990234375,398645248
2026-04-20 01:00:00+00:00,2281.800048828125,2294.860107421875,2278.68994140625,2287.25,244453376
2026-04-20 02:00:00+00:00,2287.06005859375,2287.610107421875,2273.110107421875,2278.510009765625,0
2026-04-20 03:00:00+00:00,2278.530029296875,2288.81005859375,2276.7099609375,2287.22998046875,53190656
2026-04-20 04:00:00+00:00,2287.1201171875,2287.1201171875,2279.419921875,2284.219970703125,0
2026-04-20 05:00:00+00:00,2283.699951171875,2283.989990234375,2264.10009765625,2270.81005859375,468580352
2026-04-20 06:00:00+00:00,2271.5,2289.2900390625,2269.25,2286.7900390625,0
2026-04-20 07:00:00+00:00,2287.22998046875,2332.2099609375,2284.0,2298.89990234375,266981376
2026-04-20 08:00:00+00:00,2299.179931640625,2308.889892578125,2290.77001953125,2294.719970703125,354881536
2026-04-20 09:00:00+00:00,2294.159912109375,2314.489990234375,2294.010009765625,2310.0,98803712
2026-04-20 10:00:00+00:00,2310.60009765625,2321.280029296875,2303.510009765625,2303.9599609375,134481920
2026-04-20 11:00:00+00:00,2304.0,2313.0400390625,2300.739990234375,2308.429931640625,0
2026-04-20 12:00:00+00:00,2308.409912109375,2323.340087890625,2304.81005859375,2320.10009765625,196505600
2026-04-20 13:00:00+00:00,2320.739990234375,2326.889892578125,2303.0,2311.800048828125,130179072
2026-04-20 14:00:00+00:00,2311.389892578125,2321.52001953125,2283.550048828125,2291.389892578125,613722112
2026-04-20 15:00:00+00:00,2292.68994140625,2319.489990234375,2279.2099609375,2314.669921875,1167550464
2026-04-20 16:00:00+00:00,2315.110107421875,2315.110107421875,2299.389892578125,2300.9599609375,0
2026-04-20 17:00:00+00:00,2300.93994140625,2323.699951171875,2298.919921875,2317.72998046875,0
2026-04-20 18:00:00+00:00,2318.699951171875,2345.139892578125,2318.699951171875,2335.340087890625,243761152
2026-04-20 19:00:00+00:00,2335.760009765625,2337.179931640625,2328.10009765625,2332.669921875,221245440
2026-04-20 20:00:00+00:00,2332.159912109375,2340.68994140625,2326.929931640625,2338.610107421875,0
2026-04-20 21:00:00+00:00,2339.070068359375,2347.580078125,2316.330078125,2322.179931640625,259307520
2026-04-20 22:00:00+00:00,2323.909912109375,2329.330078125,2317.639892578125,2320.39990234375,0
2026-04-20 23:00:00+00:00,2315.449951171875,2317.39990234375,2308.340087890625,2314.7900390625,0
2026-04-21 00:00:00+00:00,2314.93994140625,2324.9599609375,2312.6201171875,2322.719970703125,0
2026-04-21 01:00:00+00:00,2321.22998046875,2327.5,2313.43994140625,2315.909912109375,0
2026-04-21 02:00:00+00:00,2316.030029296875,2316.590087890625,2307.409912109375,2309.010009765625,16750592
2026-04-21 03:00:00+00:00,2308.6298828125,2313.300048828125,2300.89990234375,2312.2099609375,98136064
2026-04-21 04:00:00+00:00,2312.179931640625,2316.169921875,2305.0,2315.2099609375,0
2026-04-21 05:00:00+00:00,2315.010009765625,2321.199951171875,2313.7900390625,2314.919921875,0
2026-04-21 06:00:00+00:00,2315.39990234375,2327.280029296875,2308.679931640625,2318.300048828125,0
2026-04-21 07:00:00+00:00,2318.219970703125,2325.760009765625,2312.760009765625,2319.43994140625,99670016
2026-04-21 08:00:00+00:00,2319.429931640625,2339.10009765625,2314.800048828125,2324.510009765625,0
2026-04-21 09:00:00+00:00,2324.300048828125,2328.60009765625,2319.300048828125,2325.889892578125,0
2026-04-21 10:00:00+00:00,2326.52001953125,2338.10009765625,2325.89990234375,2331.969970703125,0
2026-04-21 11:00:00+00:00,2332.3701171875,2332.3701171875,2317.18994140625,2320.610107421875,250883072
2026-04-21 12:00:00+00:00,2320.89990234375,2323.52001953125,2294.820068359375,2309.5,5257216
2026-04-21 13:00:00+00:00,2310.0,2317.9599609375,2302.050048828125,2313.699951171875,631750656
2026-04-21 14:00:00+00:00,2314.0,2327.64990234375,2296.43994140625,2299.85009765625,0
2026-04-21 15:00:00+00:00,2299.860107421875,2311.56005859375,2291.81005859375,2311.25,0
2026-04-21 16:00:00+00:00,2312.260009765625,2325.699951171875,2307.419921875,2308.669921875,44783616
2026-04-21 17:00:00+00:00,2308.1201171875,2318.47998046875,2287.3798828125,2307.25,354231296
2026-04-21 18:00:00+00:00,2306.070068359375,2314.179931640625,2301.889892578125,2313.639892578125,0
2026-04-21 19:00:00+00:00,2313.820068359375,2331.830078125,2287.60009765625,2299.47998046875,442937344
2026-04-21 20:00:00+00:00,2297.080078125,2326.110107421875,2297.080078125,2314.93994140625,468469760
2026-04-21 21:00:00+00:00,2316.489990234375,2318.60009765625,2310.510009765625,2313.22998046875,0
2026-04-21 22:00:00+00:00,2312.300048828125,2317.489990234375,2302.8701171875,2312.2099609375,0
2026-04-21 23:00:00+00:00,2311.780029296875,2330.39990234375,2311.7099609375,2327.989990234375,2386944
2026-04-22 00:00:00+00:00,2329.010009765625,2331.10009765625,2323.090087890625,2324.300048828125,322689024
2026-04-22 01:00:00+00:00,2325.89990234375,2329.590087890625,2313.89990234375,2323.050048828125,87017472
2026-04-22 02:00:00+00:00,2323.6201171875,2375.72998046875,2320.550048828125,2370.5,1160196096
2026-04-22 03:00:00+00:00,2371.18994140625,2379.75,2358.3701171875,2364.159912109375,682579968
2026-04-22 04:00:00+00:00,2364.489990234375,2369.3798828125,2358.909912109375,2364.0,364253184
2026-04-22 05:00:00+00:00,2364.699951171875,2412.77001953125,2361.8701171875,2396.1201171875,1880811520
2026-04-22 06:00:00+00:00,2395.719970703125,2396.199951171875,2389.409912109375,2393.0400390625,560207872
2026-04-22 07:00:00+00:00,2393.2099609375,2397.199951171875,2384.909912109375,2390.39990234375,37416960
2026-04-22 08:00:00+00:00,2390.800048828125,2393.89990234375,2383.64990234375,2388.989990234375,59682816
2026-04-22 09:00:00+00:00,2388.199951171875,2394.820068359375,2385.3701171875,2388.110107421875,129226752
2026-04-22 10:00:00+00:00,2388.699951171875,2394.510009765625,2385.510009765625,2391.27001953125,16146432
2026-04-22 11:00:00+00:00,2391.31005859375,2401.889892578125,2387.510009765625,2399.590087890625,0
2026-04-22 12:00:00+00:00,2400.1201171875,2407.5,2397.010009765625,2406.0400390625,103714816
2026-04-22 13:00:00+00:00,2405.8798828125,2422.02001953125,2402.9599609375,2418.77001953125,902504448
2026-04-22 14:00:00+00:00,2420.06005859375,2424.6298828125,2392.760009765625,2404.360107421875,617947136
2026-04-22 15:00:00+00:00,2404.5,2414.889892578125,2392.81005859375,2403.93994140625,573491200
2026-04-22 16:00:00+00:00,2405.639892578125,2414.919921875,2384.909912109375,2386.7099609375,158451712
2026-04-22 17:00:00+00:00,2386.909912109375,2403.760009765625,2386.909912109375,2399.320068359375,0
2026-04-22 18:00:00+00:00,2399.659912109375,2405.300048828125,2395.5,2397.60009765625,0
2026-04-22 19:00:00+00:00,2395.469970703125,2408.010009765625,2389.8798828125,2398.489990234375,0
2026-04-22 20:00:00+00:00,2399.360107421875,2403.3701171875,2391.3798828125,2392.300048828125,0
2026-04-22 21:00:00+00:00,2392.56005859375,2407.280029296875,2392.510009765625,2403.159912109375,15491072
2026-04-22 22:00:00+00:00,2402.6201171875,2406.10009765625,2394.699951171875,2401.56005859375,550928384
2026-04-22 23:00:00+00:00,2401.6201171875,2401.6201171875,2375.090087890625,2375.090087890625,134109184
2026-04-23 00:00:00+00:00,2375.389892578125,2381.2099609375,2345.510009765625,2373.300048828125,875137024
2026-04-23 01:00:00+00:00,2372.0,2372.800048828125,2361.8798828125,2367.510009765625,216649728
2026-04-23 02:00:00+00:00,2367.179931640625,2367.179931640625,2345.110107421875,2352.610107421875,0
2026-04-23 03:00:00+00:00,2352.669921875,2353.300048828125,2332.639892578125,2342.0,0
2026-04-23 04:00:00+00:00,2340.590087890625,2349.889892578125,2337.6201171875,2348.840087890625,0
2026-04-23 05:00:00+00:00,2348.8798828125,2353.81005859375,2342.10009765625,2349.2099609375,0
2026-04-23 06:00:00+00:00,2350.1298828125,2359.72998046875,2350.1298828125,2355.3701171875,0
2026-04-23 07:00:00+00:00,2356.330078125,2357.949951171875,2342.1298828125,2345.300048828125,159457280
2026-04-23 08:00:00+00:00,2345.419921875,2345.85009765625,2335.360107421875,2340.389892578125,153874432
2026-04-23 09:00:00+00:00,2340.179931640625,2340.389892578125,2315.330078125,2317.030029296875,643155968
2026-04-23 10:00:00+00:00,2316.25,2320.110107421875,2307.0,2314.989990234375,589553664
2026-04-23 11:00:00+00:00,2315.6201171875,2332.889892578125,2314.8701171875,2329.659912109375,0
2026-04-23 12:00:00+00:00,2329.47998046875,2336.510009765625,2322.260009765625,2330.199951171875,0
2026-04-23 13:00:00+00:00,2330.239990234375,2333.510009765625,2315.7099609375,2320.22998046875,0
2026-04-23 14:00:00+00:00,2319.659912109375,2336.0,2316.43994140625,2335.419921875,0
2026-04-23 15:00:00+00:00,2335.340087890625,2344.18994140625,2324.489990234375,2334.419921875,0
2026-04-23 16:00:00+00:00,2334.330078125,2336.199951171875,2323.969970703125,2326.989990234375,0
2026-04-23 17:00:00+00:00,2327.3701171875,2330.1201171875,2285.820068359375,2311.199951171875,1098637312
2026-04-23 18:00:00+00:00,2310.570068359375,2319.489990234375,2306.139892578125,2306.510009765625,432363520
2026-04-23 19:00:00+00:00,2305.89990234375,2320.0400390625,2301.31005859375,2313.830078125,0
2026-04-23 20:00:00+00:00,2315.4599609375,2329.360107421875,2315.070068359375,2325.7900390625,67846144
2026-04-23 21:00:00+00:00,2326.139892578125,2329.6298828125,2321.56005859375,2323.81005859375,0
2026-04-23 22:00:00+00:00,2322.5400390625,2339.429931640625,2322.5400390625,2333.260009765625,74577920
2026-04-23 23:00:00+00:00,2331.800048828125,2334.239990234375,2325.06005859375,2331.14990234375,0
2026-04-24 00:00:00+00:00,2331.449951171875,2338.360107421875,2327.679931640625,2333.159912109375,0
2026-04-24 01:00:00+00:00,2333.510009765625,2334.60009765625,2319.300048828125,2333.590087890625,0
2026-04-24 02:00:00+00:00,2333.5,2335.679931640625,2316.14990234375,2321.0400390625,0
2026-04-24 03:00:00+00:00,2320.659912109375,2322.669921875,2301.969970703125,2309.22998046875,0
2026-04-24 04:00:00+00:00,2308.820068359375,2311.9599609375,2302.02001953125,2307.0,0
2026-04-24 05:00:00+00:00,2306.2900390625,2317.35009765625,2300.800048828125,2315.35009765625,75560960
2026-04-24 06:00:00+00:00,2315.919921875,2317.860107421875,2309.5,2309.909912109375,0
2026-04-24 07:00:00+00:00,2309.199951171875,2317.340087890625,2309.199951171875,2312.77001953125,58093568
2026-04-24 08:00:00+00:00,2312.6298828125,2323.93994140625,2308.10009765625,2316.64990234375,0
2026-04-24 09:00:00+00:00,2316.760009765625,2317.22998046875,2305.080078125,2310.929931640625,0
2026-04-24 10:00:00+00:00,2310.31005859375,2320.02001953125,2306.7099609375,2317.22998046875,0
2026-04-24 11:00:00+00:00,2317.25,2334.06005859375,2317.22998046875,2329.4599609375,230031360
2026-04-24 12:00:00+00:00,2330.52001953125,2333.929931640625,2319.080078125,2325.8701171875,0
2026-04-24 13:00:00+00:00,2326.239990234375,2331.699951171875,2310.830078125,2317.580078125,0
2026-04-24 14:00:00+00:00,2315.85009765625,2319.030029296875,2304.31005859375,2314.550048828125,179054592
2026-04-24 15:00:00+00:00,2314.35009765625,2331.070068359375,2302.02001953125,2324.6298828125,0
2026-04-24 16:00:00+00:00,2324.840087890625,2325.02001953125,2310.60009765625,2317.469970703125,111764480
2026-04-24 17:00:00+00:00,2316.840087890625,2322.0,2308.81005859375,2320.429931640625,0
2026-04-24 18:00:00+00:00,2320.469970703125,2322.3798828125,2310.590087890625,2320.64990234375,0
2026-04-24 19:00:00+00:00,2321.4599609375,2326.090087890625,2319.739990234375,2322.340087890625,0
2026-04-24 20:00:00+00:00,2321.68994140625,2328.949951171875,2315.800048828125,2327.320068359375,0
2026-04-24 21:00:00+00:00,2326.780029296875,2328.800048828125,2313.830078125,2315.830078125,126136320
2026-04-24 22:00:00+00:00,2316.110107421875,2316.860107421875,2308.219970703125,2312.72998046875,0
2026-04-24 23:00:00+00:00,2313.260009765625,2316.800048828125,2313.090087890625,2315.81005859375,0
2026-04-25 00:00:00+00:00,2315.530029296875,2316.780029296875,2311.97998046875,2316.419921875,0
2026-04-25 01:00:00+00:00,2316.60009765625,2321.7900390625,2316.010009765625,2318.679931640625,0
2026-04-25 02:00:00+00:00,2318.679931640625,2319.969970703125,2315.2099609375,2317.800048828125,0
2026-04-25 03:00:00+00:00,2318.280029296875,2320.81005859375,2316.179931640625,2319.280029296875,0
2026-04-25 04:00:00+00:00,2319.530029296875,2320.06005859375,2316.7099609375,2317.25,0
2026-04-25 05:00:00+00:00,2316.68994140625,2317.0,2313.840087890625,2316.60009765625,0
2026-04-25 06:00:00+00:00,2316.719970703125,2317.949951171875,2315.260009765625,2316.429931640625,0
2026-04-25 07:00:00+00:00,2316.080078125,2319.10009765625,2314.610107421875,2317.14990234375,0
2026-04-25 08:00:00+00:00,2316.72998046875,2321.3701171875,2316.239990234375,2319.929931640625,0
2026-04-25 09:00:00+00:00,2320.199951171875,2323.7900390625,2317.77001953125,2319.659912109375,0
2026-04-25 10:00:00+00:00,2319.219970703125,2323.530029296875,2319.2099609375,2320.929931640625,0
2026-04-25 11:00:00+00:00,2320.919921875,2320.929931640625,2311.929931640625,2314.330078125,0
2026-04-25 12:00:00+00:00,2314.679931640625,2317.9599609375,2312.14990234375,2314.010009765625,0
2026-04-25 13:00:00+00:00,2314.260009765625,2318.4599609375,2314.260009765625,2316.64990234375,0
2026-04-25 14:00:00+00:00,2316.699951171875,2319.47998046875,2315.830078125,2316.419921875,0
2026-04-25 15:00:00+00:00,2316.419921875,2319.10009765625,2306.7099609375,2308.780029296875,0
2026-04-25 16:00:00+00:00,2307.2900390625,2311.2900390625,2301.47998046875,2310.1201171875,97700864
2026-04-25 17:00:00+00:00,2309.530029296875,2313.820068359375,2307.72998046875,2309.580078125,0
2026-04-25 18:00:00+00:00,2308.909912109375,2314.35009765625,2308.909912109375,2311.919921875,0
2026-04-25 19:00:00+00:00,2311.89990234375,2312.610107421875,2307.60009765625,2310.340087890625,0
2026-04-25 20:00:00+00:00,2311.139892578125,2314.139892578125,2309.22998046875,2313.989990234375,0
2026-04-25 21:00:00+00:00,2314.159912109375,2318.0400390625,2313.8701171875,2316.239990234375,0
2026-04-25 22:00:00+00:00,2316.31005859375,2321.27001953125,2315.7099609375,2318.489990234375,0
2026-04-25 23:00:00+00:00,2318.889892578125,2320.27001953125,2317.570068359375,2319.889892578125,796672
2026-04-26 00:00:00+00:00,2319.929931640625,2320.199951171875,2313.169921875,2315.7099609375,0
2026-04-26 01:00:00+00:00,2316.090087890625,2318.489990234375,2314.080078125,2314.550048828125,2968064
2026-04-26 02:00:00+00:00,2314.159912109375,2319.14990234375,2314.159912109375,2315.639892578125,0
2026-04-26 03:00:00+00:00,2315.6298828125,2317.080078125,2307.1298828125,2310.219970703125,18056192
2026-04-26 04:00:00+00:00,2310.2900390625,2320.449951171875,2309.260009765625,2318.27001953125,74886144
2026-04-26 05:00:00+00:00,2318.659912109375,2335.139892578125,2318.199951171875,2328.699951171875,572603392
2026-04-26 06:00:00+00:00,2328.7099609375,2334.239990234375,2328.489990234375,2330.830078125,71019008
2026-04-26 07:00:00+00:00,2331.699951171875,2333.25,2329.3798828125,2332.179931640625,90479104
2026-04-26 08:00:00+00:00,2332.580078125,2338.31005859375,2331.179931640625,2333.169921875,126794752
2026-04-26 09:00:00+00:00,2332.989990234375,2336.199951171875,2330.669921875,2335.320068359375,0
2026-04-26 10:00:00+00:00,2334.909912109375,2337.199951171875,2332.489990234375,2333.6201171875,5113344
2026-04-26 11:00:00+00:00,2333.2099609375,2338.56005859375,2333.2099609375,2337.0400390625,0
2026-04-26 12:00:00+00:00,2336.830078125,2337.320068359375,2326.22998046875,2329.64990234375,0
2026-04-26 13:00:00+00:00,2329.739990234375,2336.409912109375,2328.659912109375,2335.949951171875,153056256
2026-04-26 14:00:00+00:00,2335.68994140625,2351.860107421875,2334.300048828125,2346.81005859375,283197440
2026-04-26 15:00:00+00:00,2347.919921875,2349.6201171875,2344.81005859375,2348.909912109375,84334592
2026-04-26 16:00:00+00:00,2349.669921875,2350.260009765625,2343.409912109375,2343.409912109375,0
2026-04-26 17:00:00+00:00,2343.389892578125,2350.9599609375,2341.199951171875,2350.3798828125,0
2026-04-26 18:00:00+00:00,2350.330078125,2369.72998046875,2348.3701171875,2362.5,609426944
2026-04-26 19:00:00+00:00,2363.010009765625,2376.1201171875,2360.429931640625,2368.530029296875,464937472
2026-04-26 20:00:00+00:00,2369.2099609375,2373.679931640625,2364.1298828125,2364.1298828125,212525056
2026-04-26 21:00:00+00:00,2363.39990234375,2370.31005859375,2350.239990234375,2364.89990234375,335861760
2026-04-26 22:00:00+00:00,2363.610107421875,2379.929931640625,2354.679931640625,2362.47998046875,878607360
2026-04-26 23:00:00+00:00,2361.489990234375,2379.06005859375,2357.699951171875,2370.419921875,509912064
2026-04-27 00:00:00+00:00,2370.590087890625,2390.449951171875,2360.64990234375,2389.7099609375,437693440
2026-04-27 01:00:00+00:00,2391.2900390625,2404.659912109375,2378.2099609375,2395.300048828125,1127088128
2026-04-27 02:00:00+00:00,2395.75,2397.929931640625,2388.0400390625,2393.080078125,349119488
2026-04-27 03:00:00+00:00,2392.300048828125,2401.10009765625,2391.3798828125,2395.27001953125,298910720
2026-04-27 04:00:00+00:00,2395.7099609375,2396.699951171875,2381.090087890625,2383.1201171875,187359232
2026-04-27 05:00:00+00:00,2383.530029296875,2383.530029296875,2319.1201171875,2323.18994140625,985085952
2026-04-27 06:00:00+00:00,2321.85009765625,2328.800048828125,2313.510009765625,2321.320068359375,766572544
2026-04-27 07:00:00+00:00,2321.18994140625,2323.530029296875,2315.5,2315.739990234375,301609984
2026-04-27 08:00:00+00:00,2315.7900390625,2320.0,2309.090087890625,2319.7099609375,114030592
2026-04-27 09:00:00+00:00,2319.070068359375,2325.360107421875,2315.52001953125,2322.31005859375,552444928
2026-04-27 10:00:00+00:00,2321.659912109375,2324.179931640625,2318.77001953125,2319.989990234375,81206272
2026-04-27 11:00:00+00:00,2319.77001953125,2323.110107421875,2317.0,2320.449951171875,120828928
2026-04-27 12:00:00+00:00,2320.389892578125,2321.47998046875,2312.22998046875,2313.97998046875,97953792
2026-04-27 13:00:00+00:00,2313.360107421875,2319.909912109375,2303.510009765625,2312.60009765625,426339328
2026-04-27 14:00:00+00:00,2312.070068359375,2329.89990234375,2308.969970703125,2315.0,178738176
2026-04-27 15:00:00+00:00,2315.02001953125,2315.18994140625,2266.489990234375,2274.820068359375,1923628032
2026-04-27 16:00:00+00:00,2273.110107421875,2280.409912109375,2270.47998046875,2277.81005859375,453507072
2026-04-27 17:00:00+00:00,2278.320068359375,2292.820068359375,2278.030029296875,2286.6201171875,542373888
2026-04-27 18:00:00+00:00,2285.800048828125,2292.050048828125,2284.159912109375,2288.860107421875,0
2026-04-27 19:00:00+00:00,2287.949951171875,2291.199951171875,2275.409912109375,2289.2900390625,0
2026-04-27 20:00:00+00:00,2289.760009765625,2296.330078125,2289.169921875,2291.340087890625,0
2026-04-27 21:00:00+00:00,2291.199951171875,2292.409912109375,2286.639892578125,2287.25,0
2026-04-27 22:00:00+00:00,2287.89990234375,2295.7099609375,2284.72998046875,2294.1201171875,0
2026-04-27 23:00:00+00:00,2293.52001953125,2307.909912109375,2291.0,2303.5,7860224
2026-04-28 00:00:00+00:00,2304.219970703125,2310.7900390625,2299.1298828125,2306.8798828125,0
2026-04-28 01:00:00+00:00,2306.199951171875,2308.919921875,2297.77001953125,2298.719970703125,0
2026-04-28 02:00:00+00:00,2299.2900390625,2300.719970703125,2281.469970703125,2288.6298828125,0
2026-04-28 03:00:00+00:00,2288.260009765625,2290.68994140625,2282.10009765625,2290.570068359375,0
2026-04-28 04:00:00+00:00,2290.5400390625,2293.989990234375,2283.10009765625,2288.510009765625,0
2026-04-28 05:00:00+00:00,2289.679931640625,2297.5,2286.81005859375,2288.179931640625,0
2026-04-28 06:00:00+00:00,2288.56005859375,2290.97998046875,2270.72998046875,2277.610107421875,0
2026-04-28 07:00:00+00:00,2277.070068359375,2287.919921875,2270.72998046875,2287.43994140625,24217600
2026-04-28 08:00:00+00:00,2288.030029296875,2291.75,2283.330078125,2287.199951171875,0
2026-04-28 09:00:00+00:00,2287.199951171875,2288.300048828125,2276.2900390625,2282.0,0
2026-04-28 10:00:00+00:00,2282.0400390625,2286.929931640625,2280.610107421875,2284.320068359375,122273792
2026-04-28 11:00:00+00:00,2284.719970703125,2285.159912109375,2269.830078125,2274.9599609375,365680640
2026-04-28 12:00:00+00:00,2276.0400390625,2280.330078125,2271.2900390625,2277.89990234375,133420032
2026-04-28 13:00:00+00:00,2278.10009765625,2285.719970703125,2258.030029296875,2276.510009765625,231271424
2026-04-28 14:00:00+00:00,2276.280029296875,2276.639892578125,2260.800048828125,2273.1201171875,0
2026-04-28 15:00:00+00:00,2273.679931640625,2280.60009765625,2269.050048828125,2279.5400390625,0
2026-04-28 16:00:00+00:00,2279.43994140625,2287.530029296875,2273.800048828125,2286.0,0
2026-04-28 17:00:00+00:00,2285.360107421875,2293.39990234375,2278.260009765625,2290.35009765625,0
2026-04-28 18:00:00+00:00,2290.409912109375,2298.2099609375,2287.60009765625,2296.8701171875,0
2026-04-28 19:00:00+00:00,2297.050048828125,2305.280029296875,2290.0,2301.27001953125,0
2026-04-28 20:00:00+00:00,2301.27001953125,2304.81005859375,2295.06005859375,2295.06005859375,16716800
2026-04-28 21:00:00+00:00,2295.1298828125,2297.050048828125,2286.4599609375,2290.010009765625,0
2026-04-28 22:00:00+00:00,2290.719970703125,2294.56005859375,2285.2099609375,2286.27001953125,33460224
2026-04-28 23:00:00+00:00,2285.739990234375,2289.949951171875,2283.949951171875,2289.2900390625,0
2026-04-29 00:00:00+00:00,2289.199951171875,2293.5400390625,2285.050048828125,2291.989990234375,0
2026-04-29 01:00:00+00:00,2291.77001953125,2296.080078125,2278.909912109375,2292.35009765625,355859456
2026-04-29 02:00:00+00:00,2292.47998046875,2295.43994140625,2284.280029296875,2288.3798828125,77251584
2026-04-29 03:00:00+00:00,2288.719970703125,2315.760009765625,2287.389892578125,2311.469970703125,473474048
2026-04-29 04:00:00+00:00,2312.010009765625,2342.239990234375,2309.2099609375,2326.81005859375,845050880
2026-04-29 05:00:00+00:00,2327.159912109375,2331.800048828125,2322.43994140625,2328.6201171875,506745856
2026-04-29 06:00:00+00:00,2328.639892578125,2335.75,2320.570068359375,2324.239990234375,78824448
2026-04-29 07:00:00+00:00,2324.530029296875,2330.070068359375,2321.2099609375,2323.3701171875,0
2026-04-29 08:00:00+00:00,2324.239990234375,2328.9599609375,2320.81005859375,2325.43994140625,133320704
2026-04-29 09:00:00+00:00,2325.360107421875,2346.580078125,2322.64990234375,2339.760009765625,273146880
2026-04-29 10:00:00+00:00,2341.5,2346.889892578125,2330.5,2333.050048828125,505177088
2026-04-29 11:00:00+00:00,2333.2099609375,2336.050048828125,2328.449951171875,2331.47998046875,0
2026-04-29 12:00:00+00:00,2331.25,2331.969970703125,2308.219970703125,2315.800048828125,609824768
2026-04-29 13:00:00+00:00,2315.60009765625,2317.56005859375,2289.659912109375,2302.4599609375,20521984
2026-04-29 14:00:00+00:00,2302.3701171875,2307.14990234375,2293.169921875,2298.5400390625,46974976
2026-04-29 15:00:00+00:00,2298.60009765625,2300.669921875,2262.4599609375,2271.39990234375,763124736
2026-04-29 16:00:00+00:00,2270.18994140625,2279.0,2262.300048828125,2266.0,842432512
2026-04-29 17:00:00+00:00,2266.5,2281.77001953125,2265.110107421875,2281.77001953125,96798720
2026-04-29 18:00:00+00:00,2284.239990234375,2284.239990234375,2219.570068359375,2238.25,1663121408
2026-04-29 19:00:00+00:00,2238.969970703125,2241.43994140625,2224.719970703125,2232.56005859375,843622400
2026-04-29 20:00:00+00:00,2233.570068359375,2247.389892578125,2229.47998046875,2239.60009765625,491853824
2026-04-29 21:00:00+00:00,2239.550048828125,2261.030029296875,2237.659912109375,2252.169921875,541505536
2026-04-29 22:00:00+00:00,2251.889892578125,2257.919921875,2249.35009765625,2256.93994140625,186841088
2026-04-29 23:00:00+00:00,2257.169921875,2259.6298828125,2249.3798828125,2251.840087890625,190703616
2026-04-30 00:00:00+00:00,2253.0,2273.64990234375,2248.85009765625,2271.820068359375,2947072
2026-04-30 01:00:00+00:00,2271.77001953125,2278.4599609375,2266.110107421875,2268.889892578125,133134336
2026-04-30 02:00:00+00:00,2269.0,2272.7900390625,2235.669921875,2243.75,332191744
2026-04-30 03:00:00+00:00,2243.530029296875,2256.1201171875,2242.679931640625,2252.550048828125,0
2026-04-30 04:00:00+00:00,2252.449951171875,2253.260009765625,2235.719970703125,2238.06005859375,0
2026-04-30 05:00:00+00:00,2238.47998046875,2247.25,2231.280029296875,2241.89990234375,0
2026-04-30 06:00:00+00:00,2241.780029296875,2251.7900390625,2240.919921875,2247.199951171875,0
2026-04-30 07:00:00+00:00,2247.35009765625,2261.3798828125,2243.3701171875,2259.72998046875,0
2026-04-30 08:00:00+00:00,2260.179931640625,2261.889892578125,2254.93994140625,2256.2099609375,333842432
2026-04-30 09:00:00+00:00,2255.909912109375,2270.610107421875,2255.219970703125,2261.4599609375,0
2026-04-30 10:00:00+00:00,2261.4599609375,2265.18994140625,2256.0,2261.110107421875,0
2026-04-30 11:00:00+00:00,2262.0,2272.25,2251.93994140625,2257.419921875,0
2026-04-30 12:00:00+00:00,2257.60009765625,2270.77001953125,2256.820068359375,2264.35009765625,0
2026-04-30 13:00:00+00:00,2264.8701171875,2271.679931640625,2253.800048828125,2262.949951171875,0
2026-04-30 14:00:00+00:00,2262.780029296875,2270.669921875,2245.9599609375,2261.43994140625,19654656
2026-04-30 15:00:00+00:00,2264.280029296875,2274.56005859375,2256.659912109375,2265.070068359375,0
2026-04-30 16:00:00+00:00,2265.159912109375,2266.639892578125,2254.139892578125,2256.0,0
2026-04-30 17:00:00+00:00,2255.89990234375,2259.659912109375,2250.39990234375,2257.360107421875,0
2026-04-30 18:00:00+00:00,2256.719970703125,2264.4599609375,2253.550048828125,2259.699951171875,0
2026-04-30 19:00:00+00:00,2258.429931640625,2266.530029296875,2257.5400390625,2261.860107421875,0
2026-04-30 20:00:00+00:00,2261.050048828125,2266.52001953125,2259.919921875,2263.510009765625,0
2026-04-30 21:00:00+00:00,2263.2900390625,2263.989990234375,2253.570068359375,2255.1298828125,0
2026-04-30 22:00:00+00:00,2255.60009765625,2260.68994140625,2251.760009765625,2253.409912109375,0
2026-04-30 23:00:00+00:00,2254.320068359375,2258.39990234375,2253.0,2256.800048828125,2843648
2026-05-01 00:00:00+00:00,2256.860107421875,2265.10009765625,2256.860107421875,2259.300048828125,0
2026-05-01 01:00:00+00:00,2259.43994140625,2269.760009765625,2259.3798828125,2266.800048828125,0
2026-05-01 02:00:00+00:00,2267.43994140625,2269.219970703125,2264.280029296875,2266.2900390625,0
2026-05-01 03:00:00+00:00,2266.27001953125,2293.070068359375,2265.219970703125,2282.0,368883712
2026-05-01 04:00:00+00:00,2282.610107421875,2285.090087890625,2277.06005859375,2279.340087890625,0
2026-05-01 05:00:00+00:00,2279.340087890625,2285.7900390625,2278.199951171875,2282.639892578125,0
2026-05-01 06:00:00+00:00,2282.8701171875,2286.030029296875,2272.239990234375,2277.0400390625,0
2026-05-01 07:00:00+00:00,2276.639892578125,2280.52001953125,2272.7099609375,2279.199951171875,0
2026-05-01 08:00:00+00:00,2279.0,2288.780029296875,2277.010009765625,2286.7900390625,0
2026-05-01 09:00:00+00:00,2287.0,2287.0,2279.7099609375,2281.81005859375,0
2026-05-01 10:00:00+00:00,2281.389892578125,2285.800048828125,2276.85009765625,2282.330078125,0
2026-05-01 11:00:00+00:00,2282.570068359375,2292.820068359375,2281.300048828125,2286.320068359375,0
2026-05-01 12:00:00+00:00,2286.340087890625,2312.300048828125,2283.919921875,2301.239990234375,739891200
2026-05-01 13:00:00+00:00,2301.22998046875,2324.530029296875,2301.22998046875,2318.659912109375,333867008
2026-05-01 14:00:00+00:00,2318.469970703125,2325.590087890625,2301.260009765625,2307.60009765625,394971136
2026-05-01 15:00:00+00:00,2307.489990234375,2316.68994140625,2299.639892578125,2307.860107421875,237719552
2026-05-01 16:00:00+00:00,2308.39990234375,2314.43994140625,2297.219970703125,2301.530029296875,551280640
2026-05-01 17:00:00+00:00,2300.800048828125,2313.2099609375,2298.409912109375,2311.81005859375,45646848
2026-05-01 18:00:00+00:00,2312.0,2312.489990234375,2303.52001953125,2304.409912109375,3824640
2026-05-01 19:00:00+00:00,2304.699951171875,2307.699951171875,2301.969970703125,2304.590087890625,0
2026-05-01 20:00:00+00:00,2305.02001953125,2305.2900390625,2279.39990234375,2285.0,106035200
2026-05-01 21:00:00+00:00,2284.2099609375,2294.0,2284.070068359375,2292.6298828125,367657984
2026-05-01 22:00:00+00:00,2292.590087890625,2299.5,2290.909912109375,2293.389892578125,0
2026-05-01 23:00:00+00:00,2291.780029296875,2295.639892578125,2288.89990234375,2295.5400390625,86691840
2026-05-02 00:00:00+00:00,2295.570068359375,2299.389892578125,2292.699951171875,2297.489990234375,0
2026-05-02 01:00:00+00:00,2296.7099609375,2300.5,2295.610107421875,2298.68994140625,5407744
2026-05-02 02:00:00+00:00,2298.409912109375,2307.510009765625,2295.18994140625,2303.139892578125,0
2026-05-02 03:00:00+00:00,2303.330078125,2308.1298828125,2300.639892578125,2304.0400390625,0
2026-05-02 04:00:00+00:00,2303.9599609375,2304.760009765625,2299.510009765625,2301.070068359375,0
2026-05-02 05:00:00+00:00,2301.5,2301.5,2296.7099609375,2299.31005859375,0
2026-05-02 06:00:00+00:00,2299.489990234375,2305.860107421875,2297.110107421875,2305.110107421875,0
2026-05-02 07:00:00+00:00,2305.0,2305.989990234375,2300.60009765625,2300.610107421875,0
2026-05-02 08:00:00+00:00,2300.860107421875,2304.10009765625,2298.610107421875,2303.239990234375,0
2026-05-02 09:00:00+00:00,2303.239990234375,2307.3798828125,2302.97998046875,2304.89990234375,0
2026-05-02 10:00:00+00:00,2304.89990234375,2305.780029296875,2302.280029296875,2303.31005859375,0
2026-05-02 11:00:00+00:00,2302.699951171875,2304.830078125,2299.93994140625,2301.989990234375,0
2026-05-02 12:00:00+00:00,2301.820068359375,2305.199951171875,2300.989990234375,2303.300048828125,0
2026-05-02 13:00:00+00:00,2303.8798828125,2311.8798828125,2303.8798828125,2307.9599609375,0
2026-05-02 14:00:00+00:00,2307.9599609375,2308.530029296875,2304.8798828125,2306.39990234375,0
2026-05-02 15:00:00+00:00,2306.39990234375,2309.5400390625,2305.199951171875,2308.969970703125,0
2026-05-02 16:00:00+00:00,2309.010009765625,2313.39990234375,2307.77001953125,2309.300048828125,0
2026-05-02 17:00:00+00:00,2309.64990234375,2309.8798828125,2305.280029296875,2305.7900390625,0
2026-05-02 18:00:00+00:00,2305.800048828125,2310.9599609375,2303.81005859375,2309.6298828125,0
2026-05-02 19:00:00+00:00,2310.030029296875,2312.4599609375,2308.699951171875,2310.68994140625,0
2026-05-02 20:00:00+00:00,2310.989990234375,2312.0,2309.5,2311.68994140625,0
2026-05-02 21:00:00+00:00,2311.949951171875,2341.5400390625,2311.010009765625,2325.489990234375,234264576
2026-05-02 22:00:00+00:00,2326.669921875,2328.0,2317.300048828125,2326.800048828125,260295168
2026-05-02 23:00:00+00:00,2325.889892578125,2325.97998046875,2314.43994140625,2316.77001953125,153642496
2026-05-03 00:00:00+00:00,2317.419921875,2317.489990234375,2309.659912109375,2314.0,128382464
2026-05-03 01:00:00+00:00,2314.02001953125,2314.030029296875,2303.2099609375,2303.889892578125,144079360
2026-05-03 02:00:00+00:00,2303.2099609375,2306.489990234375,2299.02001953125,2303.080078125,71232000
2026-05-03 03:00:00+00:00,2302.909912109375,2303.860107421875,2300.0,2301.89990234375,19999744
2026-05-03 04:00:00+00:00,2301.199951171875,2303.699951171875,2297.60009765625,2301.22998046875,15065088
2026-05-03 05:00:00+00:00,2301.219970703125,2304.3701171875,2300.889892578125,2303.800048828125,0
2026-05-03 06:00:00+00:00,2303.199951171875,2305.68994140625,2299.320068359375,2304.0,0
2026-05-03 07:00:00+00:00,2304.0,2313.56005859375,2304.0,2309.260009765625,28572672
2026-05-03 08:00:00+00:00,2309.010009765625,2312.4599609375,2307.320068359375,2307.860107421875,0
2026-05-03 09:00:00+00:00,2308.10009765625,2321.300048828125,2307.25,2316.10009765625,187336192
2026-05-03 10:00:00+00:00,2316.110107421875,2316.25,2310.89990234375,2311.280029296875,0
2026-05-03 11:00:00+00:00,2311.10009765625,2326.97998046875,2310.010009765625,2319.4599609375,162363904
2026-05-03 12:00:00+00:00,2320.010009765625,2332.2099609375,2320.010009765625,2325.419921875,307364864
2026-05-03 13:00:00+00:00,2325.409912109375,2328.22998046875,2320.300048828125,2321.6298828125,0
2026-05-03 14:00:00+00:00,2321.610107421875,2328.929931640625,2320.77001953125,2328.31005859375,121214976
2026-05-03 15:00:00+00:00,2327.909912109375,2332.300048828125,2324.60009765625,2327.840087890625,184209408
2026-05-03 16:00:00+00:00,2329.60009765625,2334.10009765625,2321.72998046875,2328.159912109375,173114880
2026-05-03 17:00:00+00:00,2328.159912109375,2335.199951171875,2324.31005859375,2331.81005859375,163730944
2026-05-03 18:00:00+00:00,2331.719970703125,2333.169921875,2327.919921875,2330.75,21047808
2026-05-03 19:00:00+00:00,2330.739990234375,2337.510009765625,2328.18994140625,2335.679931640625,183491072
2026-05-03 20:00:00+00:00,2335.389892578125,2343.780029296875,2328.31005859375,2329.679931640625,496211968
2026-05-03 21:00:00+00:00,2330.10009765625,2334.199951171875,2316.159912109375,2323.929931640625,0
2026-05-03 22:00:00+00:00,2325.5400390625,2355.840087890625,2323.89990234375,2343.7099609375,745801728
2026-05-03 23:00:00+00:00,2342.75,2347.2099609375,2319.800048828125,2322.5,295941120
2026-05-04 00:00:00+00:00,2321.7900390625,2321.7900390625,2308.60009765625,2318.72998046875,333976576
2026-05-04 01:00:00+00:00,2319.199951171875,2352.10009765625,2312.89990234375,2350.590087890625,483276800
2026-05-04 02:00:00+00:00,2355.0,2387.340087890625,2345.43994140625,2374.389892578125,2204684288
2026-05-04 03:00:00+00:00,2375.090087890625,2390.570068359375,2371.64990234375,2385.010009765625,1473048576
2026-05-04 04:00:00+00:00,2385.110107421875,2398.02001953125,2384.320068359375,2389.8798828125,844491776
2026-05-04 05:00:00+00:00,2390.300048828125,2391.110107421875,2374.919921875,2375.8798828125,845571072
2026-05-04 06:00:00+00:00,2376.300048828125,2377.919921875,2354.139892578125,2367.739990234375,814741504
2026-05-04 07:00:00+00:00,2368.0,2373.10009765625,2361.7900390625,2362.090087890625,390353920
2026-05-04 08:00:00+00:00,2362.1298828125,2364.39990234375,2356.75,2359.5400390625,460853248
2026-05-04 09:00:00+00:00,2359.0,2370.830078125,2357.3701171875,2368.239990234375,524034048
2026-05-04 10:00:00+00:00,2369.56005859375,2369.56005859375,2313.389892578125,2338.260009765625,2407231488
2026-05-04 11:00:00+00:00,2337.6201171875,2343.830078125,2333.199951171875,2337.3701171875,0
2026-05-04 12:00:00+00:00,2337.389892578125,2344.0400390625,2333.10009765625,2336.719970703125,24188928
2026-05-04 13:00:00+00:00,2334.340087890625,2344.300048828125,2325.389892578125,2336.419921875,735401984
2026-05-04 14:00:00+00:00,2336.280029296875,2381.840087890625,2327.639892578125,2371.800048828125,1528897536
2026-05-04 15:00:00+00:00,2372.860107421875,2374.320068359375,2335.7900390625,2350.080078125,2047635456
2026-05-04 16:00:00+00:00,2349.699951171875,2364.919921875,2336.260009765625,2355.360107421875,992178176
2026-05-04 17:00:00+00:00,2355.25,2379.6201171875,2354.110107421875,2370.1298828125,456294400
2026-05-04 18:00:00+00:00,2370.800048828125,2375.1298828125,2356.610107421875,2361.39990234375,726661120
2026-05-04 19:00:00+00:00,2362.320068359375,2364.2099609375,2353.52001953125,2355.610107421875,203532288
2026-05-04 20:00:00+00:00,2354.6298828125,2358.7099609375,2347.1201171875,2349.719970703125,0
2026-05-04 21:00:00+00:00,2349.889892578125,2364.139892578125,2349.760009765625,2360.6298828125,0
2026-05-04 22:00:00+00:00,2361.110107421875,2365.449951171875,2353.570068359375,2354.35009765625,0
2026-05-04 23:00:00+00:00,2353.10009765625,2353.659912109375,2344.2900390625,2346.739990234375,499712
2026-05-05 00:00:00+00:00,2347.030029296875,2359.0,2344.77001953125,2358.77001953125,0
2026-05-05 01:00:00+00:00,2359.14990234375,2364.60009765625,2355.1201171875,2361.97998046875,0
2026-05-05 02:00:00+00:00,2361.719970703125,2376.9599609375,2359.389892578125,2367.469970703125,0
2026-05-05 03:00:00+00:00,2367.679931640625,2388.409912109375,2364.510009765625,2382.489990234375,0
2026-05-05 04:00:00+00:00,2383.050048828125,2385.75,2376.5,2380.949951171875,0
2026-05-05 05:00:00+00:00,2380.179931640625,2389.919921875,2376.9599609375,2379.989990234375,0
2026-05-05 06:00:00+00:00,2380.800048828125,2381.4599609375,2367.699951171875,2378.909912109375,0
2026-05-05 07:00:00+00:00,2378.64990234375,2388.60009765625,2375.409912109375,2380.610107421875,38617088
2026-05-05 08:00:00+00:00,2380.409912109375,2384.550048828125,2372.739990234375,2376.580078125,0
2026-05-05 09:00:00+00:00,2376.64990234375,2376.659912109375,2366.639892578125,2369.360107421875,0
2026-05-05 10:00:00+00:00,2368.989990234375,2379.719970703125,2366.840087890625,2378.530029296875,0
2026-05-05 11:00:00+00:00,2378.760009765625,2382.800048828125,2373.139892578125,2379.6201171875,0
2026-05-05 12:00:00+00:00,2380.070068359375,2390.659912109375,2376.27001953125,2389.1201171875,313812992
2026-05-05 13:00:00+00:00,2389.320068359375,2400.0,2383.760009765625,2388.889892578125,350711808
2026-05-05 14:00:00+00:00,2388.43994140625,2392.590087890625,2370.0,2378.889892578125,0
2026-05-05 15:00:00+00:00,2378.610107421875,2388.25,2375.60009765625,2381.989990234375,0
2026-05-05 16:00:00+00:00,2383.3701171875,2384.080078125,2360.949951171875,2365.070068359375,0
2026-05-05 17:00:00+00:00,2365.030029296875,2369.39990234375,2359.60009765625,2362.56005859375,0
2026-05-05 18:00:00+00:00,2362.820068359375,2374.75,2362.669921875,2372.3701171875,0
2026-05-05 19:00:00+00:00,2372.610107421875,2376.639892578125,2368.9599609375,2371.72998046875,0
2026-05-05 20:00:00+00:00,2371.64990234375,2386.8798828125,2371.39990234375,2382.239990234375,330677248
2026-05-05 21:00:00+00:00,2382.550048828125,2388.159912109375,2368.85009765625,2375.4599609375,304327680
2026-05-05 22:00:00+00:00,2376.199951171875,2381.719970703125,2355.889892578125,2367.489990234375,308850688
2026-05-05 23:00:00+00:00,2366.909912109375,2369.830078125,2354.2900390625,2360.800048828125,313317376
2026-05-06 00:00:00+00:00,2359.7099609375,2366.830078125,2354.659912109375,2363.909912109375,174858240
2026-05-06 01:00:00+00:00,2364.090087890625,2375.340087890625,2362.10009765625,2372.949951171875,228405248
2026-05-06 02:00:00+00:00,2372.919921875,2372.919921875,2359.56005859375,2368.85009765625,0
2026-05-06 03:00:00+00:00,2369.02001953125,2380.47998046875,2367.280029296875,2376.5,0
2026-05-06 04:00:00+00:00,2377.070068359375,2379.409912109375,2362.199951171875,2366.110107421875,0
2026-05-06 05:00:00+00:00,2365.889892578125,2366.75,2354.47998046875,2364.610107421875,0
2026-05-06 06:00:00+00:00,2364.610107421875,2370.969970703125,2360.429931640625,2370.169921875,195471360
2026-05-06 07:00:00+00:00,2370.510009765625,2374.860107421875,2368.199951171875,2371.4599609375,0
2026-05-06 08:00:00+00:00,2371.010009765625,2396.2099609375,2369.280029296875,2394.679931640625,295911424
2026-05-06 09:00:00+00:00,2395.56005859375,2418.25,2384.820068359375,2412.409912109375,1483860992
2026-05-06 10:00:00+00:00,2413.739990234375,2414.7099609375,2405.97998046875,2410.389892578125,835196928
2026-05-06 11:00:00+00:00,2409.010009765625,2424.0,2408.889892578125,2410.780029296875,968753152
2026-05-06 12:00:00+00:00,2410.7900390625,2413.570068359375,2400.4599609375,2405.10009765625,313806848
2026-05-06 13:00:00+00:00,2405.0,2405.0,2364.43994140625,2368.179931640625,446220288
2026-05-06 14:00:00+00:00,2368.10009765625,2372.919921875,2346.330078125,2359.35009765625,646795264
2026-05-06 15:00:00+00:00,2358.39990234375,2365.840087890625,2353.7900390625,2358.60009765625,657381376
2026-05-06 16:00:00+00:00,2358.02001953125,2365.699951171875,2350.090087890625,2357.68994140625,0
2026-05-06 17:00:00+00:00,2358.18994140625,2360.760009765625,2347.39990234375,2349.659912109375,701628416
2026-05-06 18:00:00+00:00,2349.739990234375,2352.1201171875,2338.0,2344.8701171875,365561856
2026-05-06 19:00:00+00:00,2344.679931640625,2349.75,2341.4599609375,2347.7900390625,157071360
2026-05-06 20:00:00+00:00,2348.81005859375,2357.0400390625,2345.0,2350.7099609375,0
2026-05-06 21:00:00+00:00,2351.030029296875,2356.909912109375,2345.840087890625,2354.6298828125,0
2026-05-06 22:00:00+00:00,2355.06005859375,2355.06005859375,2345.0,2347.449951171875,0
2026-05-06 23:00:00+00:00,2347.0,2351.3701171875,2338.320068359375,2350.64990234375,905216
2026-05-07 00:00:00+00:00,2350.64990234375,2352.25,2329.409912109375,2329.449951171875,143314944
2026-05-07 01:00:00+00:00,2329.4599609375,2335.10009765625,2314.300048828125,2327.429931640625,524982272
2026-05-07 02:00:00+00:00,2327.070068359375,2327.409912109375,2313.889892578125,2321.8701171875,427157504
2026-05-07 03:00:00+00:00,2321.010009765625,2325.510009765625,2315.429931640625,2321.929931640625,157161472
2026-05-07 04:00:00+00:00,2321.909912109375,2327.389892578125,2317.93994140625,2327.280029296875,0
2026-05-07 05:00:00+00:00,2327.2900390625,2333.669921875,2326.85009765625,2331.0,109602816
2026-05-07 06:00:00+00:00,2330.8798828125,2338.469970703125,2319.7900390625,2337.239990234375,133124096
2026-05-07 07:00:00+00:00,2337.070068359375,2347.06005859375,2336.800048828125,2344.7099609375,432068608
2026-05-07 08:00:00+00:00,2345.18994140625,2346.81005859375,2331.969970703125,2333.6298828125,0
2026-05-07 09:00:00+00:00,2333.6298828125,2336.81005859375,2326.510009765625,2328.25,0
2026-05-07 10:00:00+00:00,2328.56005859375,2331.2900390625,2316.949951171875,2326.5,0
2026-05-07 11:00:00+00:00,2327.219970703125,2331.43994140625,2325.110107421875,2329.889892578125,0
2026-05-07 12:00:00+00:00,2328.969970703125,2336.10009765625,2328.7099609375,2332.81005859375,0
2026-05-07 13:00:00+00:00,2332.139892578125,2332.139892578125,2304.75,2313.989990234375,0
2026-05-07 14:00:00+00:00,2313.919921875,2318.030029296875,2289.3701171875,2299.0400390625,0
2026-05-07 15:00:00+00:00,2298.280029296875,2304.68994140625,2286.5,2293.780029296875,358244352
2026-05-07 16:00:00+00:00,2292.8701171875,2297.97998046875,2285.110107421875,2291.5,238454784
2026-05-07 17:00:00+00:00,2291.699951171875,2301.530029296875,2280.0,2300.39990234375,439476224
2026-05-07 18:00:00+00:00,2300.010009765625,2304.469970703125,2291.60009765625,2296.300048828125,0
2026-05-07 19:00:00+00:00,2296.360107421875,2297.050048828125,2288.43994140625,2295.5,551909376
2026-05-07 20:00:00+00:00,2295.340087890625,2301.510009765625,2288.27001953125,2289.090087890625,632035328
2026-05-07 21:00:00+00:00,2289.10009765625,2293.739990234375,2281.2099609375,2287.39990234375,259041280
2026-05-07 22:00:00+00:00,2287.320068359375,2290.090087890625,2280.610107421875,2286.8798828125,228698112
2026-05-07 23:00:00+00:00,2286.68994140625,2293.070068359375,2285.909912109375,2290.590087890625,0
2026-05-08 00:00:00+00:00,2291.530029296875,2293.909912109375,2283.239990234375,2286.2099609375,0
2026-05-08 01:00:00+00:00,2287.5,2289.159912109375,2280.5,2282.419921875,0
2026-05-08 03:00:00+00:00,2270.732666015625,2280.37939453125,2266.173583984375,2279.18896484375,1683953664
2026-05-08 04:00:00+00:00,2279.396728515625,2283.52001953125,2276.24169921875,2281.435791015625,0
2026-05-08 05:00:00+00:00,2280.983154296875,2283.135498046875,2276.48681640625,2277.983154296875,0
2026-05-08 06:00:00+00:00,2276.235595703125,2277.212890625,2270.073974609375,2273.66259765625,710850560
2026-05-08 07:00:00+00:00,2274.087890625,2281.500244140625,2267.5546875,2280.0400390625,0
2026-05-08 08:00:00+00:00,2280.135498046875,2287.8896484375,2279.890625,2284.8818359375,182994944
2026-05-08 09:00:00+00:00,2283.715576171875,2290.677978515625,2280.705322265625,2283.001708984375,39401472
2026-05-08 10:00:00+00:00,2283.076171875,2289.96337890625,2281.464111328125,2288.2412109375,0
2026-05-08 11:00:00+00:00,2288.074951171875,2294.935791015625,2287.70458984375,2294.935791015625,346798080
2026-05-08 12:00:00+00:00,2295.94775390625,2300.60009765625,2283.139892578125,2284.300048828125,0
2026-05-08 13:00:00+00:00,2283.89990234375,2286.699951171875,2269.679931640625,2274.909912109375,0
2026-05-08 14:00:00+00:00,2276.699951171875,2291.22998046875,2273.800048828125,2285.3701171875,0
2026-05-08 15:00:00+00:00,2285.300048828125,2293.89990234375,2274.580078125,2293.25,0
2026-05-08 16:00:00+00:00,2293.5400390625,2293.830078125,2285.830078125,2289.39990234375,0
2026-05-08 17:00:00+00:00,2289.110107421875,2315.5,2289.10009765625,2304.800048828125,0
2026-05-08 18:00:00+00:00,2305.5,2321.18994140625,2305.5,2314.25,304822272
2026-05-08 19:00:00+00:00,2313.580078125,2320.429931640625,2312.510009765625,2315.5,0
2026-05-08 20:00:00+00:00,2315.47998046875,2316.0,2305.02001953125,2306.590087890625,0
2026-05-08 21:00:00+00:00,2306.739990234375,2314.81005859375,2304.06005859375,2314.219970703125,82274304
2026-05-08 22:00:00+00:00,2314.0400390625,2318.669921875,2310.510009765625,2310.860107421875,0
2026-05-08 23:00:00+00:00,2310.580078125,2310.6298828125,2302.93994140625,2307.239990234375,50700288
2026-05-09 00:00:00+00:00,2307.239990234375,2312.139892578125,2304.2900390625,2308.68994140625,0
2026-05-09 01:00:00+00:00,2308.7099609375,2318.2900390625,2308.31005859375,2314.580078125,0
2026-05-09 02:00:00+00:00,2314.72998046875,2320.4599609375,2314.010009765625,2317.1201171875,0
2026-05-09 03:00:00+00:00,2316.85009765625,2320.469970703125,2312.72998046875,2315.530029296875,0
2026-05-09 04:00:00+00:00,2315.590087890625,2324.889892578125,2311.610107421875,2312.679931640625,488921088
2026-05-09 05:00:00+00:00,2312.679931640625,2318.449951171875,2311.18994140625,2314.580078125,0
2026-05-09 06:00:00+00:00,2314.64990234375,2319.0,2312.510009765625,2314.22998046875,0
2026-05-09 07:00:00+00:00,2314.22998046875,2318.320068359375,2311.010009765625,2314.52001953125,0
2026-05-09 08:00:00+00:00,2314.199951171875,2319.949951171875,2313.699951171875,2316.929931640625,0
2026-05-09 09:00:00+00:00,2316.93994140625,2317.419921875,2311.2099609375,2313.1298828125,0
2026-05-09 10:00:00+00:00,2312.989990234375,2314.669921875,2309.830078125,2312.27001953125,0
2026-05-09 11:00:00+00:00,2311.89990234375,2315.409912109375,2311.89990234375,2314.330078125,0
2026-05-09 12:00:00+00:00,2314.320068359375,2318.139892578125,2313.070068359375,2316.219970703125,0
2026-05-09 13:00:00+00:00,2316.2099609375,2316.330078125,2311.590087890625,2314.27001953125,0
2026-05-09 14:00:00+00:00,2314.429931640625,2314.699951171875,2304.800048828125,2307.820068359375,0
2026-05-09 15:00:00+00:00,2307.639892578125,2317.3701171875,2300.659912109375,2317.360107421875,0
2026-05-09 16:00:00+00:00,2317.719970703125,2324.97998046875,2314.919921875,2319.800048828125,0
2026-05-09 17:00:00+00:00,2320.2099609375,2333.77001953125,2320.2099609375,2329.449951171875,0
2026-05-09 18:00:00+00:00,2330.389892578125,2337.60009765625,2328.52001953125,2329.919921875,0
2026-05-09 19:00:00+00:00,2330.159912109375,2333.1298828125,2326.570068359375,2331.840087890625,0
2026-05-09 20:00:00+00:00,2332.070068359375,2332.7900390625,2327.2900390625,2329.090087890625,0
2026-05-09 21:00:00+00:00,2329.389892578125,2331.7099609375,2328.5,2330.8701171875,0
2026-05-09 22:00:00+00:00,2330.860107421875,2333.389892578125,2327.219970703125,2329.780029296875,0
2026-05-09 23:00:00+00:00,2329.090087890625,2331.60009765625,2324.169921875,2326.159912109375,0
2026-05-10 00:00:00+00:00,2326.14990234375,2329.52001953125,2322.06005859375,2323.7099609375,0
2026-05-10 01:00:00+00:00,2323.739990234375,2324.570068359375,2318.179931640625,2323.3798828125,0
2026-05-10 02:00:00+00:00,2323.2099609375,2327.639892578125,2319.830078125,2327.02001953125,0
2026-05-10 03:00:00+00:00,2327.2900390625,2332.590087890625,2323.5,2327.409912109375,0
2026-05-10 04:00:00+00:00,2327.409912109375,2330.669921875,2326.090087890625,2328.0,0
2026-05-10 05:00:00+00:00,2327.8798828125,2330.0,2326.449951171875,2327.050048828125,0
2026-05-10 06:00:00+00:00,2326.93994140625,2330.010009765625,2326.43994140625,2329.080078125,0
2026-05-10 07:00:00+00:00,2329.090087890625,2331.72998046875,2327.159912109375,2327.159912109375,0
2026-05-10 08:00:00+00:00,2327.1298828125,2331.7099609375,2326.139892578125,2329.679931640625,0
2026-05-10 09:00:00+00:00,2329.97998046875,2333.340087890625,2326.580078125,2327.820068359375,0
2026-05-10 10:00:00+00:00,2327.760009765625,2328.60009765625,2322.72998046875,2325.02001953125,159036416
2026-05-10 11:00:00+00:00,2325.02001953125,2327.469970703125,2318.739990234375,2322.679931640625,146788352
2026-05-10 12:00:00+00:00,2322.3701171875,2325.2900390625,2320.43994140625,2324.260009765625,75604992
2026-05-10 13:00:00+00:00,2324.0400390625,2331.840087890625,2323.280029296875,2329.840087890625,38714368
2026-05-10 14:00:00+00:00,2330.06005859375,2334.800048828125,2327.280029296875,2330.969970703125,386861056
2026-05-10 15:00:00+00:00,2331.0,2349.860107421875,2331.0,2347.389892578125,329831424
2026-05-10 16:00:00+00:00,2349.10009765625,2350.510009765625,2340.27001953125,2349.949951171875,153106432
2026-05-10 17:00:00+00:00,2349.7900390625,2367.7099609375,2345.330078125,2364.0,3320525824
2026-05-10 18:00:00+00:00,2364.6201171875,2366.5,2356.570068359375,2358.610107421875,194129920
2026-05-10 19:00:00+00:00,2358.4599609375,2366.739990234375,2351.39990234375,2365.7900390625,192885760
2026-05-10 20:00:00+00:00,2365.820068359375,2369.989990234375,2312.679931640625,2328.739990234375,997106688
2026-05-10 21:00:00+00:00,2327.860107421875,2337.1201171875,2324.469970703125,2330.77001953125,713913344
2026-05-10 22:00:00+00:00,2328.830078125,2377.14990234375,2327.7900390625,2373.5,1141753856
2026-05-10 23:00:00+00:00,2376.10009765625,2381.77001953125,2367.969970703125,2369.080078125,977952768
2026-05-11 00:00:00+00:00,2371.0,2374.699951171875,2344.60009765625,2352.760009765625,501688320
2026-05-11 01:00:00+00:00,2352.2900390625,2365.320068359375,2345.429931640625,2358.489990234375,312064000
2026-05-11 02:00:00+00:00,2358.719970703125,2360.429931640625,2342.949951171875,2344.68994140625,0
2026-05-11 03:00:00+00:00,2345.080078125,2345.090087890625,2319.719970703125,2329.889892578125,966627328
2026-05-11 04:00:00+00:00,2329.35009765625,2335.4599609375,2326.090087890625,2332.510009765625,131147776
2026-05-11 05:00:00+00:00,2332.14990234375,2339.72998046875,2331.6201171875,2334.3701171875,0
2026-05-11 06:00:00+00:00,2334.340087890625,2340.7900390625,2329.8701171875,2333.27001953125,482007040
2026-05-11 07:00:00+00:00,2333.0,2333.0,2327.820068359375,2329.81005859375,0
2026-05-11 08:00:00+00:00,2330.1298828125,2334.030029296875,2326.3798828125,2330.02001953125,448083968
2026-05-11 09:00:00+00:00,2329.840087890625,2338.110107421875,2329.64990234375,2335.260009765625,0
2026-05-11 10:00:00+00:00,2335.409912109375,2339.27001953125,2329.27001953125,2329.300048828125,0
2026-05-11 11:00:00+00:00,2329.5400390625,2335.530029296875,2327.110107421875,2335.2900390625,0
2026-05-11 12:00:00+00:00,2335.280029296875,2338.919921875,2328.080078125,2328.39990234375,91013120
2026-05-11 13:00:00+00:00,2329.360107421875,2331.9599609375,2313.68994140625,2321.489990234375,519704576
2026-05-11 14:00:00+00:00,2321.0,2328.22998046875,2303.5400390625,2315.39990234375,517357568
2026-05-11 15:00:00+00:00,2315.389892578125,2335.139892578125,2312.27001953125,2333.18994140625,49713152
2026-05-11 16:00:00+00:00,2332.239990234375,2340.75,2326.75,2329.239990234375,180207616
2026-05-11 17:00:00+00:00,2330.239990234375,2343.469970703125,2322.969970703125,2336.5400390625,0
2026-05-11 18:00:00+00:00,2336.31005859375,2344.2099609375,2334.570068359375,2334.820068359375,0
2026-05-11 19:00:00+00:00,2335.6201171875,2343.739990234375,2331.56005859375,2339.909912109375,0
2026-05-11 20:00:00+00:00,2340.800048828125,2344.97998046875,2335.840087890625,2337.659912109375,0
2026-05-11 21:00:00+00:00,2337.68994140625,2342.39990234375,2335.85009765625,2340.260009765625,0
2026-05-11 22:00:00+00:00,2340.6201171875,2345.300048828125,2336.02001953125,2340.820068359375,0
2026-05-11 23:00:00+00:00,2340.820068359375,2341.6298828125,2334.639892578125,2339.389892578125,0
2026-05-12 00:00:00+00:00,2339.0,2340.39990234375,2331.570068359375,2333.030029296875,0
2026-05-12 01:00:00+00:00,2332.85009765625,2334.89990234375,2296.010009765625,2310.679931640625,454039552
2026-05-12 02:00:00+00:00,2310.639892578125,2316.469970703125,2307.320068359375,2315.139892578125,0
2026-05-12 03:00:00+00:00,2314.820068359375,2316.60009765625,2306.830078125,2308.889892578125,0
2026-05-12 04:00:00+00:00,2308.1298828125,2313.6298828125,2305.60009765625,2310.22998046875,0
2026-05-12 05:00:00+00:00,2310.070068359375,2313.27001953125,2308.8701171875,2309.64990234375,0
2026-05-12 06:00:00+00:00,2309.429931640625,2313.3701171875,2302.010009765625,2303.0400390625,0
2026-05-12 07:00:00+00:00,2302.5,2303.909912109375,2292.5400390625,2294.75,380423168
2026-05-12 08:00:00+00:00,2293.610107421875,2294.75,2280.300048828125,2287.3701171875,721561600
2026-05-12 09:00:00+00:00,2286.610107421875,2294.169921875,2280.679931640625,2291.9599609375,501622784
2026-05-12 10:00:00+00:00,2291.639892578125,2292.969970703125,2281.719970703125,2285.39990234375,188448768
2026-05-12 11:00:00+00:00,2285.8798828125,2286.580078125,2278.340087890625,2286.18994140625,184807424
2026-05-12 12:00:00+00:00,2285.929931640625,2293.429931640625,2280.47998046875,2288.5,256373760
2026-05-12 13:00:00+00:00,2288.68994140625,2291.6298828125,2267.530029296875,2270.360107421875,0
2026-05-12 14:00:00+00:00,2271.010009765625,2280.949951171875,2261.840087890625,2268.35009765625,249738240
2026-05-12 15:00:00+00:00,2267.550048828125,2273.590087890625,2255.919921875,2260.639892578125,139978752
2026-05-12 16:00:00+00:00,2260.340087890625,2270.409912109375,2256.159912109375,2263.070068359375,0
2026-05-12 17:00:00+00:00,2263.77001953125,2277.199951171875,2263.6201171875,2276.159912109375,220257280
2026-05-12 18:00:00+00:00,2276.010009765625,2284.02001953125,2274.4599609375,2278.800048828125,0
2026-05-12 19:00:00+00:00,2279.419921875,2287.080078125,2278.719970703125,2284.7099609375,0
2026-05-12 20:00:00+00:00,2285.489990234375,2286.919921875,2281.14990234375,2284.8798828125,0
2026-05-12 21:00:00+00:00,2285.25,2287.2900390625,2282.6201171875,2285.110107421875,250515456
2026-05-12 22:00:00+00:00,2286.5,2290.860107421875,2282.0,2282.110107421875,0
2026-05-12 23:00:00+00:00,2281.860107421875,2283.7099609375,2272.97998046875,2274.429931640625,71923712
2026-05-13 00:00:00+00:00,2274.25,2285.77001953125,2272.830078125,2281.02001953125,0
2026-05-13 01:00:00+00:00,2281.27001953125,2295.199951171875,2280.47998046875,2289.6298828125,0
2026-05-13 02:00:00+00:00,2289.6201171875,2298.9599609375,2286.719970703125,2293.489990234375,0
2026-05-13 03:00:00+00:00,2293.1298828125,2303.43994140625,2291.830078125,2301.43994140625,64293888
2026-05-13 04:00:00+00:00,2301.760009765625,2307.39990234375,2298.330078125,2306.389892578125,47031296
2026-05-13 05:00:00+00:00,2306.760009765625,2307.199951171875,2295.469970703125,2297.239990234375,46971904
2026-05-13 06:00:00+00:00,2297.360107421875,2304.7900390625,2297.1201171875,2301.1201171875,0
2026-05-13 07:00:00+00:00,2300.780029296875,2302.179931640625,2296.179931640625,2300.610107421875,0
2026-05-13 08:00:00+00:00,2300.5,2316.5,2300.2099609375,2316.43994140625,0
2026-05-13 09:00:00+00:00,2316.639892578125,2322.919921875,2314.0,2320.39990234375,28708864
2026-05-13 10:00:00+00:00,2320.39990234375,2320.909912109375,2305.260009765625,2307.719970703125,0
2026-05-13 11:00:00+00:00,2307.4599609375,2308.070068359375,2298.300048828125,2300.8798828125,0
2026-05-13 12:00:00+00:00,2300.639892578125,2306.739990234375,2269.469970703125,2283.5,211680256
2026-05-13 13:00:00+00:00,2283.0400390625,2287.159912109375,2258.199951171875,2261.409912109375,86765568
2026-05-13 14:00:00+00:00,2259.800048828125,2269.699951171875,2250.570068359375,2266.469970703125,315626496
2026-05-13 15:00:00+00:00,2266.68994140625,2269.10009765625,2233.070068359375,2235.300048828125,0
2026-05-13 16:00:00+00:00,2235.300048828125,2252.22998046875,2234.610107421875,2249.580078125,810880000
2026-05-13 17:00:00+00:00,2250.60009765625,2260.56005859375,2250.510009765625,2257.39990234375,0
2026-05-13 18:00:00+00:00,2257.7900390625,2267.2099609375,2257.31005859375,2258.449951171875,309580800
2026-05-13 19:00:00+00:00,2258.81005859375,2259.60009765625,2249.31005859375,2254.7099609375,0
2026-05-13 20:00:00+00:00,2255.909912109375,2263.60009765625,2255.300048828125,2262.820068359375,0
2026-05-13 21:00:00+00:00,2263.10009765625,2263.18994140625,2253.3701171875,2255.0,0
2026-05-13 22:00:00+00:00,2256.39990234375,2259.52001953125,2249.8701171875,2258.360107421875,0
2026-05-13 23:00:00+00:00,2258.60009765625,2260.909912109375,2253.699951171875,2257.85009765625,1382400
2026-05-14 00:00:00+00:00,2257.889892578125,2268.419921875,2257.199951171875,2265.7099609375,46086144
2026-05-14 01:00:00+00:00,2264.699951171875,2268.340087890625,2258.75,2263.89990234375,0
2026-05-14 02:00:00+00:00,2263.89990234375,2265.800048828125,2246.989990234375,2250.580078125,43652096
2026-05-14 03:00:00+00:00,2250.4599609375,2254.0,2237.840087890625,2240.929931640625,0
2026-05-14 04:00:00+00:00,2241.39990234375,2257.139892578125,2238.489990234375,2255.77001953125,528379904
2026-05-14 05:00:00+00:00,2255.2099609375,2272.2099609375,2254.60009765625,2267.260009765625,157292544
2026-05-14 06:00:00+00:00,2267.93994140625,2273.39990234375,2266.199951171875,2266.739990234375,303054848
2026-05-14 07:00:00+00:00,2265.679931640625,2269.97998046875,2263.0,2264.570068359375,7484416
2026-05-14 08:00:00+00:00,2264.85009765625,2270.159912109375,2261.199951171875,2265.6201171875,1328128
2026-05-14 09:00:00+00:00,2265.929931640625,2267.239990234375,2251.699951171875,2256.60009765625,0
2026-05-14 10:00:00+00:00,2255.889892578125,2264.97998046875,2254.47998046875,2261.1201171875,0
2026-05-14 11:00:00+00:00,2261.159912109375,2263.1298828125,2251.409912109375,2252.7099609375,33129472
2026-05-14 12:00:00+00:00,2251.739990234375,2261.89990234375,2247.5400390625,2260.570068359375,0
2026-05-14 13:00:00+00:00,2260.4599609375,2264.3798828125,2247.820068359375,2248.719970703125,0
2026-05-14 14:00:00+00:00,2247.340087890625,2288.239990234375,2245.75,2286.199951171875,16699392
2026-05-14 15:00:00+00:00,2287.590087890625,2299.179931640625,2280.199951171875,2298.139892578125,228908032
2026-05-14 16:00:00+00:00,2299.510009765625,2317.739990234375,2294.25,2316.35009765625,598392832
2026-05-14 17:00:00+00:00,2316.159912109375,2319.489990234375,2296.010009765625,2308.340087890625,933193728
2026-05-14 18:00:00+00:00,2308.2099609375,2316.659912109375,2303.0,2309.8701171875,78286848
2026-05-14 19:00:00+00:00,2309.81005859375,2312.489990234375,2297.080078125,2297.300048828125,241065984
2026-05-14 20:00:00+00:00,2298.260009765625,2301.179931640625,2288.0400390625,2297.610107421875,130804736
2026-05-14 21:00:00+00:00,2298.969970703125,2299.919921875,2289.72998046875,2296.929931640625,148158464
2026-05-14 22:00:00+00:00,2296.2900390625,2300.760009765625,2294.820068359375,2297.919921875,168218624
2026-05-14 23:00:00+00:00,2295.840087890625,2296.800048828125,2280.360107421875,2283.02001953125,52670464
2026-05-15 00:00:00+00:00,2282.97998046875,2299.699951171875,2281.89990234375,2290.929931640625,158932992
2026-05-15 01:00:00+00:00,2291.199951171875,2294.360107421875,2274.35009765625,2274.590087890625,389027840
2026-05-15 02:00:00+00:00,2274.070068359375,2278.89990234375,2260.0,2276.02001953125,562573312
2026-05-15 03:00:00+00:00,2276.260009765625,2278.97998046875,2267.5400390625,2272.659912109375,208994304
2026-05-15 04:00:00+00:00,2272.639892578125,2273.090087890625,2262.139892578125,2262.360107421875,0
2026-05-15 05:00:00+00:00,2262.820068359375,2266.31005859375,2237.659912109375,2245.31005859375,699942912
2026-05-15 06:00:00+00:00,2244.47998046875,2256.31005859375,2243.360107421875,2254.6201171875,110510080
2026-05-15 07:00:00+00:00,2254.81005859375,2270.530029296875,2253.0,2264.39990234375,336054272
2026-05-15 08:00:00+00:00,2264.239990234375,2264.4599609375,2249.469970703125,2256.659912109375,159821824
2026-05-15 09:00:00+00:00,2256.639892578125,2259.4599609375,2250.14990234375,2254.070068359375,0
2026-05-15 10:00:00+00:00,2253.31005859375,2264.1201171875,2251.8798828125,2261.60009765625,0
2026-05-15 11:00:00+00:00,2262.2900390625,2263.3701171875,2256.469970703125,2256.64990234375,41709568
2026-05-15 12:00:00+00:00,2256.56005859375,2260.300048828125,2250.699951171875,2253.699951171875,0
2026-05-15 13:00:00+00:00,2253.06005859375,2253.06005859375,2210.010009765625,2211.179931640625,873476096
2026-05-15 14:00:00+00:00,2211.68994140625,2222.72998046875,2203.969970703125,2212.2900390625,395626496
2026-05-15 15:00:00+00:00,2212.659912109375,2223.050048828125,2208.530029296875,2221.68994140625,0
2026-05-15 16:00:00+00:00,2221.2900390625,2229.3701171875,2217.68994140625,2223.60009765625,0
2026-05-15 17:00:00+00:00,2223.469970703125,2231.010009765625,2223.0400390625,2228.31005859375,0
2026-05-15 18:00:00+00:00,2228.360107421875,2231.969970703125,2223.52001953125,2226.64990234375,0
2026-05-15 19:00:00+00:00,2226.860107421875,2227.18994140625,2220.7099609375,2222.02001953125,0
2026-05-15 20:00:00+00:00,2222.239990234375,2224.679931640625,2215.989990234375,2218.889892578125,0
2026-05-15 21:00:00+00:00,2218.5,2223.949951171875,2214.080078125,2215.7099609375,0
2026-05-15 22:00:00+00:00,2216.60009765625,2222.800048828125,2215.860107421875,2222.35009765625,2580480
2026-05-15 23:00:00+00:00,2222.10009765625,2224.81005859375,2221.159912109375,2223.0,0
2026-05-16 00:00:00+00:00,2222.7099609375,2229.8798828125,2222.10009765625,2225.550048828125,0
2026-05-16 01:00:00+00:00,2225.60009765625,2229.25,2221.93994140625,2228.010009765625,0
2026-05-16 02:00:00+00:00,2228.590087890625,2229.590087890625,2225.60009765625,2228.260009765625,0
2026-05-16 03:00:00+00:00,2228.300048828125,2229.31005859375,2225.840087890625,2226.64990234375,0
2026-05-16 04:00:00+00:00,2226.510009765625,2227.3701171875,2217.550048828125,2224.510009765625,18094080
2026-05-16 05:00:00+00:00,2224.52001953125,2225.85009765625,2221.840087890625,2224.360107421875,0
2026-05-16 06:00:00+00:00,2224.1298828125,2225.6201171875,2208.840087890625,2214.159912109375,0
2026-05-16 07:00:00+00:00,2214.669921875,2214.669921875,2180.889892578125,2193.81005859375,755850240
2026-05-16 08:00:00+00:00,2193.27001953125,2196.219970703125,2191.280029296875,2192.1298828125,0
2026-05-16 09:00:00+00:00,2192.1298828125,2192.85009765625,2165.93994140625,2172.550048828125,670536704
2026-05-16 10:00:00+00:00,2171.989990234375,2173.929931640625,2162.139892578125,2173.1298828125,391103488
2026-05-16 11:00:00+00:00,2173.5,2179.820068359375,2173.5,2175.14990234375,86533120
2026-05-16 12:00:00+00:00,2175.070068359375,2178.3701171875,2172.949951171875,2175.3701171875,85004288
2026-05-16 13:00:00+00:00,2175.179931640625,2178.39990234375,2171.139892578125,2176.1298828125,0
2026-05-16 14:00:00+00:00,2177.1298828125,2186.52001953125,2172.60009765625,2179.030029296875,0
2026-05-16 15:00:00+00:00,2179.02001953125,2182.739990234375,2176.239990234375,2178.89990234375,0
2026-05-16 16:00:00+00:00,2178.25,2182.14990234375,2169.7900390625,2173.43994140625,0
2026-05-16 17:00:00+00:00,2173.699951171875,2180.090087890625,2173.389892578125,2177.97998046875,0
2026-05-16 18:00:00+00:00,2178.14990234375,2184.010009765625,2175.510009765625,2180.360107421875,0
2026-05-16 19:00:00+00:00,2180.570068359375,2181.8798828125,2178.0400390625,2178.780029296875,0
2026-05-16 20:00:00+00:00,2179.800048828125,2181.889892578125,2178.919921875,2180.699951171875,0
2026-05-16 21:00:00+00:00,2180.22998046875,2182.4599609375,2180.18994140625,2181.5400390625,0
2026-05-16 22:00:00+00:00,2180.7900390625,2182.280029296875,2178.830078125,2179.409912109375,0
2026-05-16 23:00:00+00:00,2179.2900390625,2182.199951171875,2178.239990234375,2179.97998046875,0
2026-05-17 00:00:00+00:00,2179.9599609375,2184.7900390625,2172.929931640625,2176.449951171875,80065536
2026-05-17 01:00:00+00:00,2177.0,2182.5400390625,2167.199951171875,2168.60009765625,283353088
2026-05-17 02:00:00+00:00,2169.39990234375,2175.25,2169.139892578125,2173.360107421875,72829952
2026-05-17 03:00:00+00:00,2173.159912109375,2182.9599609375,2173.159912109375,2180.4599609375,101141504
2026-05-17 04:00:00+00:00,2180.4599609375,2188.550048828125,2180.090087890625,2186.25,13526016
2026-05-17 05:00:00+00:00,2186.35009765625,2193.39990234375,2184.659912109375,2185.090087890625,91326464
2026-05-17 06:00:00+00:00,2185.25,2187.1298828125,2180.77001953125,2184.179931640625,0
2026-05-17 07:00:00+00:00,2184.419921875,2187.22998046875,2181.7099609375,2185.5,0
2026-05-17 08:00:00+00:00,2186.02001953125,2186.320068359375,2182.330078125,2185.179931640625,0
2026-05-17 09:00:00+00:00,2185.159912109375,2190.43994140625,2184.85009765625,2189.330078125,0
2026-05-17 10:00:00+00:00,2189.340087890625,2197.06005859375,2189.330078125,2193.10009765625,0
2026-05-17 11:00:00+00:00,2192.820068359375,2194.080078125,2187.010009765625,2191.199951171875,0
2026-05-17 12:00:00+00:00,2191.179931640625,2197.300048828125,2190.449951171875,2193.760009765625,0
2026-05-17 13:00:00+00:00,2193.169921875,2194.35009765625,2186.89990234375,2191.31005859375,0
2026-05-17 14:00:00+00:00,2191.330078125,2191.330078125,2178.260009765625,2185.719970703125,0
2026-05-17 15:00:00+00:00,2185.5400390625,2187.739990234375,2180.5,2185.409912109375,0
2026-05-17 16:00:00+00:00,2186.030029296875,2187.909912109375,2181.280029296875,2181.489990234375,0
2026-05-17 17:00:00+00:00,2181.580078125,2183.989990234375,2175.989990234375,2182.77001953125,218928640
2026-05-17 18:00:00+00:00,2182.610107421875,2187.419921875,2178.2099609375,2187.360107421875,0
2026-05-17 19:00:00+00:00,2187.6298828125,2192.669921875,2186.47998046875,2191.2900390625,8306688
2026-05-17 20:00:00+00:00,2191.679931640625,2192.780029296875,2185.85009765625,2188.35009765625,161602560
2026-05-17 21:00:00+00:00,2187.639892578125,2193.8701171875,2186.300048828125,2190.760009765625,49652224
2026-05-17 22:00:00+00:00,2190.340087890625,2190.699951171875,2173.320068359375,2178.469970703125,322110976
2026-05-17 23:00:00+00:00,2176.780029296875,2177.97998046875,2094.889892578125,2129.7099609375,2516971008
2026-05-18 00:00:00+00:00,2129.300048828125,2130.530029296875,2104.3798828125,2114.419921875,1452920832
2026-05-18 01:00:00+00:00,2114.5,2120.0,2105.18994140625,2116.43994140625,203153408
2026-05-18 02:00:00+00:00,2115.830078125,2123.159912109375,2111.469970703125,2115.39990234375,329606144
2026-05-18 03:00:00+00:00,2115.050048828125,2122.52001953125,2114.97998046875,2117.239990234375,134551552
2026-05-18 04:00:00+00:00,2117.81005859375,2124.570068359375,2113.39990234375,2123.6298828125,126907392
2026-05-18 05:00:00+00:00,2124.070068359375,2124.7099609375,2116.030029296875,2117.0,153322496
2026-05-18 06:00:00+00:00,2116.929931640625,2120.090087890625,2109.139892578125,2117.68994140625,231672832
2026-05-18 07:00:00+00:00,2119.080078125,2122.159912109375,2110.7900390625,2119.300048828125,461286400
2026-05-18 08:00:00+00:00,2119.47998046875,2122.43994140625,2115.820068359375,2119.969970703125,282552320
2026-05-18 09:00:00+00:00,2119.969970703125,2120.489990234375,2114.179931640625,2116.0,97163264
2026-05-18 10:00:00+00:00,2115.739990234375,2116.330078125,2110.860107421875,2113.199951171875,81947648
2026-05-18 11:00:00+00:00,2113.56005859375,2138.530029296875,2108.760009765625,2132.77001953125,458767360
2026-05-18 12:00:00+00:00,2133.1201171875,2156.360107421875,2133.0,2150.179931640625,818108416
2026-05-18 13:00:00+00:00,2150.320068359375,2150.39990234375,2120.1201171875,2129.35009765625,851619840
2026-05-18 14:00:00+00:00,2128.300048828125,2128.81005859375,2098.300048828125,2108.60009765625,957549568
2026-05-18 15:00:00+00:00,2108.639892578125,2109.510009765625,2092.360107421875,2105.639892578125,1249093632
2026-05-18 16:00:00+00:00,2105.14990234375,2109.0400390625,2089.199951171875,2095.89990234375,696641536
2026-05-18 17:00:00+00:00,2095.780029296875,2108.60009765625,2093.64990234375,2106.320068359375,269654016
2026-05-18 18:00:00+00:00,2105.81005859375,2107.18994140625,2078.0,2079.39990234375,821882880
2026-05-18 19:00:00+00:00,2078.969970703125,2127.239990234375,2078.969970703125,2122.889892578125,841605120
2026-05-18 20:00:00+00:00,2123.860107421875,2128.699951171875,2113.2099609375,2115.72998046875,854761472
2026-05-18 21:00:00+00:00,2115.989990234375,2140.5,2113.199951171875,2135.5400390625,513245184
2026-05-18 22:00:00+00:00,2137.39990234375,2140.590087890625,2128.800048828125,2134.02001953125,0
2026-05-18 23:00:00+00:00,2133.800048828125,2137.320068359375,2126.070068359375,2128.570068359375,0
2026-05-19 00:00:00+00:00,2128.860107421875,2145.010009765625,2127.070068359375,2134.18994140625,0
2026-05-19 01:00:00+00:00,2134.199951171875,2136.800048828125,2122.18994140625,2123.419921875,0
2026-05-19 02:00:00+00:00,2123.219970703125,2133.800048828125,2117.85009765625,2121.6201171875,0
2026-05-19 03:00:00+00:00,2120.93994140625,2132.8701171875,2120.39990234375,2129.830078125,150269952
2026-05-19 04:00:00+00:00,2129.820068359375,2135.06005859375,2126.639892578125,2132.35009765625,0
2026-05-19 05:00:00+00:00,2132.330078125,2135.760009765625,2122.030029296875,2133.60009765625,52109312
2026-05-19 06:00:00+00:00,2133.739990234375,2138.56005859375,2131.409912109375,2135.81005859375,0
2026-05-19 07:00:00+00:00,2135.72998046875,2143.300048828125,2133.81005859375,2139.419921875,0
2026-05-19 08:00:00+00:00,2139.590087890625,2139.7900390625,2129.280029296875,2131.7099609375,0
2026-05-19 09:00:00+00:00,2131.580078125,2132.4599609375,2109.889892578125,2112.659912109375,211820544
2026-05-19 10:00:00+00:00,2112.43994140625,2119.97998046875,2105.080078125,2116.389892578125,0
2026-05-19 11:00:00+00:00,2117.090087890625,2118.43994140625,2107.360107421875,2108.56005859375,0
2026-05-19 12:00:00+00:00,2108.43994140625,2117.669921875,2106.6201171875,2116.530029296875,0
2026-05-19 13:00:00+00:00,2116.81005859375,2125.179931640625,2105.570068359375,2116.909912109375,0
2026-05-19 14:00:00+00:00,2116.1201171875,2121.7099609375,2093.330078125,2104.360107421875,0
2026-05-19 15:00:00+00:00,2104.300048828125,2111.27001953125,2101.919921875,2108.14990234375,0
2026-05-19 16:00:00+00:00,2108.919921875,2120.8798828125,2105.31005859375,2119.570068359375,0
2026-05-19 17:00:00+00:00,2120.139892578125,2123.580078125,2111.050048828125,2113.919921875,0
2026-05-19 18:00:00+00:00,2113.989990234375,2117.85009765625,2109.0400390625,2113.159912109375,0
2026-05-19 19:00:00+00:00,2113.919921875,2121.360107421875,2108.5,2111.47998046875,0
2026-05-19 20:00:00+00:00,2111.43994140625,2117.1298828125,2110.530029296875,2116.6201171875,0
2026-05-19 21:00:00+00:00,2116.449951171875,2118.81005859375,2114.840087890625,2115.1201171875,0
2026-05-19 22:00:00+00:00,2114.699951171875,2114.699951171875,2100.590087890625,2104.39990234375,0
2026-05-19 23:00:00+00:00,2104.31005859375,2116.43994140625,2102.81005859375,2110.070068359375,0
2026-05-20 00:00:00+00:00,2109.52001953125,2113.669921875,2101.56005859375,2109.1201171875,0
2026-05-20 01:00:00+00:00,2109.10009765625,2115.919921875,2101.260009765625,2113.300048828125,0
2026-05-20 02:00:00+00:00,2112.97998046875,2114.989990234375,2104.320068359375,2106.9599609375,0
2026-05-20 03:00:00+00:00,2106.97998046875,2113.85009765625,2103.85009765625,2109.280029296875,0
2026-05-20 04:00:00+00:00,2109.360107421875,2112.60009765625,2105.010009765625,2111.199951171875,0
2026-05-20 05:00:00+00:00,2111.6298828125,2128.159912109375,2111.6298828125,2123.52001953125,226283520
2026-05-20 06:00:00+00:00,2123.639892578125,2131.889892578125,2123.639892578125,2131.739990234375,19020800
2026-05-20 07:00:00+00:00,2132.139892578125,2134.22998046875,2126.35009765625,2127.6298828125,16575488
2026-05-20 08:00:00+00:00,2127.840087890625,2135.93994140625,2126.60009765625,2129.679931640625,4292608
2026-05-20 09:00:00+00:00,2129.580078125,2130.909912109375,2125.4599609375,2127.199951171875,0
2026-05-20 10:00:00+00:00,2127.43994140625,2134.68994140625,2127.35009765625,2128.669921875,0
2026-05-20 11:00:00+00:00,2128.68994140625,2130.139892578125,2122.409912109375,2125.909912109375,0
2026-05-20 12:00:00+00:00,2125.64990234375,2137.5,2124.909912109375,2132.1298828125,46994432
2026-05-20 13:00:00+00:00,2132.72998046875,2133.639892578125,2113.820068359375,2118.4599609375,0
2026-05-20 14:00:00+00:00,2118.659912109375,2137.35009765625,2112.300048828125,2133.300048828125,0
2026-05-20 15:00:00+00:00,2134.0400390625,2146.969970703125,2127.010009765625,2134.5,476146688
2026-05-20 16:00:00+00:00,2135.39990234375,2138.2900390625,2121.9599609375,2133.22998046875,254907392
2026-05-20 17:00:00+00:00,2133.239990234375,2146.969970703125,2129.919921875,2138.52001953125,186213376
2026-05-20 18:00:00+00:00,2138.1201171875,2139.260009765625,2129.0400390625,2130.030029296875,85374976
2026-05-20 19:00:00+00:00,2129.489990234375,2139.35009765625,2126.8798828125,2137.0,0
2026-05-20 20:00:00+00:00,2136.85009765625,2138.6201171875,2127.75,2134.070068359375,221469696
2026-05-20 21:00:00+00:00,2133.760009765625,2136.60009765625,2128.360107421875,2128.429931640625,0
2026-05-20 22:00:00+00:00,2128.14990234375,2128.219970703125,2116.360107421875,2126.340087890625,36744192
2026-05-20 23:00:00+00:00,2125.050048828125,2127.89990234375,2120.81005859375,2127.409912109375,0
2026-05-21 00:00:00+00:00,2127.419921875,2143.0,2126.43994140625,2140.85009765625,0
2026-05-21 01:00:00+00:00,2141.39990234375,2154.81005859375,2137.090087890625,2138.97998046875,257888256
2026-05-21 02:00:00+00:00,2138.52001953125,2145.860107421875,2137.35009765625,2139.5400390625,5968896
2026-05-21 03:00:00+00:00,2139.679931640625,2145.179931640625,2138.929931640625,2143.820068359375,0
2026-05-21 04:00:00+00:00,2144.14990234375,2146.949951171875,2140.659912109375,2142.780029296875,0
2026-05-21 05:00:00+00:00,2142.77001953125,2146.22998046875,2132.39990234375,2134.2900390625,0
2026-05-21 06:00:00+00:00,2133.949951171875,2136.6201171875,2125.35009765625,2126.5400390625,0
2026-05-21 07:00:00+00:00,2125.639892578125,2134.739990234375,2122.239990234375,2132.89990234375,90750976
2026-05-21 08:00:00+00:00,2133.389892578125,2146.070068359375,2132.56005859375,2135.989990234375,233611264
2026-05-21 09:00:00+00:00,2135.8701171875,2138.830078125,2125.429931640625,2125.60009765625,218800128
2026-05-21 10:00:00+00:00,2125.0400390625,2127.2900390625,2107.389892578125,2111.919921875,654363648
2026-05-21 11:00:00+00:00,2111.5,2117.56005859375,2110.030029296875,2112.8798828125,532561920
2026-05-21 12:00:00+00:00,2113.179931640625,2117.39990234375,2109.989990234375,2114.820068359375,452938752
2026-05-21 13:00:00+00:00,2114.429931640625,2122.1298828125,2102.60009765625,2118.419921875,0
2026-05-21 14:00:00+00:00,2118.75,2123.72998046875,2108.639892578125,2120.030029296875,32399360
2026-05-21 15:00:00+00:00,2120.6298828125,2135.389892578125,2117.239990234375,2130.340087890625,0
2026-05-21 16:00:00+00:00,2130.52001953125,2134.64990234375,2120.8701171875,2125.60009765625,0
2026-05-21 17:00:00+00:00,2126.43994140625,2151.449951171875,2123.780029296875,2144.39990234375,430811136
2026-05-21 18:00:00+00:00,2143.929931640625,2145.969970703125,2119.52001953125,2124.639892578125,38422528
2026-05-21 19:00:00+00:00,2124.239990234375,2142.85009765625,2124.090087890625,2140.18994140625,506092544
2026-05-21 20:00:00+00:00,2140.639892578125,2141.340087890625,2135.070068359375,2136.409912109375,3631104
2026-05-21 21:00:00+00:00,2137.050048828125,2138.800048828125,2132.199951171875,2133.360107421875,0
2026-05-21 22:00:00+00:00,2133.68994140625,2134.85009765625,2128.580078125,2129.780029296875,0
2026-05-21 23:00:00+00:00,2129.2900390625,2134.889892578125,2125.39990234375,2131.800048828125,0
2026-05-22 00:00:00+00:00,2131.889892578125,2132.93994140625,2126.64990234375,2127.280029296875,0
2026-05-22 01:00:00+00:00,2126.60009765625,2134.93994140625,2123.68994140625,2133.89990234375,0
2026-05-22 02:00:00+00:00,2134.550048828125,2137.989990234375,2132.25,2135.840087890625,11058176
2026-05-22 03:00:00+00:00,2136.010009765625,2138.77001953125,2133.169921875,2135.85009765625,0
2026-05-22 04:00:00+00:00,2137.050048828125,2139.340087890625,2130.550048828125,2131.56005859375,0
2026-05-22 05:00:00+00:00,2131.570068359375,2133.840087890625,2125.64990234375,2127.080078125,7714816
2026-05-22 06:00:00+00:00,2127.159912109375,2128.570068359375,2121.6298828125,2123.330078125,0
2026-05-22 07:00:00+00:00,2122.830078125,2130.18994140625,2119.570068359375,2126.22998046875,0
2026-05-22 08:00:00+00:00,2126.2099609375,2130.85009765625,2117.610107421875,2120.0,100942848
2026-05-22 09:00:00+00:00,2119.330078125,2122.7900390625,2116.5,2121.4599609375,0
2026-05-22 10:00:00+00:00,2121.010009765625,2122.7900390625,2118.070068359375,2120.780029296875,0
2026-05-22 11:00:00+00:00,2121.280029296875,2128.72998046875,2117.5,2128.489990234375,0
2026-05-22 12:00:00+00:00,2128.68994140625,2135.6298828125,2127.06005859375,2132.590087890625,0
2026-05-22 13:00:00+00:00,2132.830078125,2133.169921875,2121.1201171875,2127.56005859375,0
2026-05-22 14:00:00+00:00,2125.72998046875,2126.280029296875,2110.06005859375,2114.27001953125,9830400
2026-05-22 15:00:00+00:00,2114.050048828125,2123.0,2110.030029296875,2116.81005859375,0
2026-05-22 16:00:00+00:00,2117.0400390625,2121.75,2115.39990234375,2120.530029296875,0
2026-05-22 17:00:00+00:00,2120.639892578125,2127.56005859375,2116.64990234375,2117.10009765625,0
2026-05-22 18:00:00+00:00,2117.090087890625,2119.050048828125,2085.179931640625,2097.389892578125,0
2026-05-22 19:00:00+00:00,2096.7099609375,2100.219970703125,2056.830078125,2062.679931640625,1611408384
2026-05-22 20:00:00+00:00,2062.469970703125,2076.18994140625,2062.1201171875,2070.840087890625,416259072
2026-05-22 21:00:00+00:00,2070.7099609375,2077.239990234375,2068.949951171875,2075.77001953125,212060160
2026-05-22 22:00:00+00:00,2075.739990234375,2077.14990234375,2064.699951171875,2070.090087890625,208059392
2026-05-22 23:00:00+00:00,2070.43994140625,2074.52001953125,2055.719970703125,2063.409912109375,165520384
2026-05-23 00:00:00+00:00,2063.580078125,2067.93994140625,2051.6201171875,2061.85009765625,814980096
2026-05-23 01:00:00+00:00,2062.090087890625,2066.93994140625,2060.169921875,2066.300048828125,0
2026-05-23 02:00:00+00:00,2066.8798828125,2067.840087890625,2062.7099609375,2066.169921875,0
2026-05-23 03:00:00+00:00,2065.68994140625,2069.389892578125,2065.52001953125,2068.02001953125,28956672
2026-05-23 04:00:00+00:00,2068.02001953125,2068.25,2062.85009765625,2064.659912109375,212619264
2026-05-23 05:00:00+00:00,2064.659912109375,2064.909912109375,2059.580078125,2062.52001953125,0
2026-05-23 06:00:00+00:00,2062.510009765625,2063.27001953125,2058.110107421875,2059.18994140625,0
2026-05-23 07:00:00+00:00,2059.639892578125,2060.510009765625,2009.0999755859375,2026.010009765625,992873472
2026-05-23 08:00:00+00:00,2025.3599853515625,2029.31005859375,2018.800048828125,2027.6500244140625,641288192
2026-05-23 09:00:00+00:00,2027.9000244140625,2028.4300537109375,2024.6500244140625,2024.9000244140625,0
2026-05-23 10:00:00+00:00,2024.9300537109375,2030.9300537109375,2024.56005859375,2029.06005859375,0
2026-05-23 11:00:00+00:00,2028.8599853515625,2033.0400390625,2028.4000244140625,2029.239990234375,0
2026-05-23 12:00:00+00:00,2029.06005859375,2029.6700439453125,2024.780029296875,2028.7900390625,0
2026-05-23 13:00:00+00:00,2028.760009765625,2043.52001953125,2028.760009765625,2042.239990234375,59851776
2026-05-23 14:00:00+00:00,2043.0,2062.570068359375,2038.5699462890625,2059.080078125,0
2026-05-23 15:00:00+00:00,2060.0,2066.010009765625,2053.110107421875,2057.570068359375,329722880
2026-05-23 16:00:00+00:00,2058.0,2062.080078125,2054.699951171875,2058.9599609375,8368128
2026-05-23 17:00:00+00:00,2059.110107421875,2062.679931640625,2056.780029296875,2061.4599609375,0
2026-05-23 18:00:00+00:00,2061.639892578125,2079.72998046875,2061.070068359375,2071.739990234375,0
2026-05-23 19:00:00+00:00,2071.68994140625,2077.909912109375,2067.60009765625,2075.0400390625,0
2026-05-23 20:00:00+00:00,2075.60009765625,2143.699951171875,2072.199951171875,2143.2099609375,1462583296
2026-05-23 21:00:00+00:00,2143.800048828125,2146.360107421875,2104.669921875,2114.1298828125,1310556160
2026-05-23 22:00:00+00:00,2114.8701171875,2117.489990234375,2101.199951171875,2113.840087890625,44328960
2026-05-23 23:00:00+00:00,2112.489990234375,2119.10009765625,2111.81005859375,2114.989990234375,0
2026-05-24 00:00:00+00:00,2115.1201171875,2118.39990234375,2110.5400390625,2116.800048828125,0
2026-05-24 01:00:00+00:00,2116.5,2122.56005859375,2115.72998046875,2119.81005859375,29629440
2026-05-24 02:00:00+00:00,2119.81005859375,2122.550048828125,2115.6201171875,2119.919921875,177596416
2026-05-24 03:00:00+00:00,2119.530029296875,2124.389892578125,2114.419921875,2116.260009765625,125092864
2026-05-24 04:00:00+00:00,2117.590087890625,2121.239990234375,2117.300048828125,2117.659912109375,5127168
2026-05-24 05:00:00+00:00,2117.659912109375,2118.75,2111.35009765625,2117.239990234375,0
2026-05-24 06:00:00+00:00,2117.22998046875,2127.02001953125,2114.949951171875,2125.60009765625,36799488
2026-05-24 07:00:00+00:00,2125.68994140625,2126.610107421875,2117.010009765625,2118.3798828125,0
2026-05-24 08:00:00+00:00,2118.550048828125,2120.580078125,2116.6298828125,2117.719970703125,0
2026-05-24 09:00:00+00:00,2117.72998046875,2121.47998046875,2116.449951171875,2120.8701171875,0
2026-05-24 10:00:00+00:00,2121.0400390625,2126.110107421875,2116.800048828125,2119.760009765625,156683264
2026-05-24 11:00:00+00:00,2119.5400390625,2124.840087890625,2119.5400390625,2123.550048828125,13297664
2026-05-24 12:00:00+00:00,2123.760009765625,2124.10009765625,2114.75,2117.489990234375,35390464
2026-05-24 13:00:00+00:00,2117.610107421875,2118.3798828125,2102.8798828125,2107.31005859375,0
2026-05-24 14:00:00+00:00,2107.39990234375,2109.5,2077.469970703125,2095.429931640625,612719616
2026-05-24 15:00:00+00:00,2094.81005859375,2097.31005859375,2091.580078125,2093.35009765625,0
2026-05-24 16:00:00+00:00,2092.909912109375,2106.199951171875,2092.679931640625,2101.06005859375,0
2026-05-24 17:00:00+00:00,2100.7900390625,2103.2900390625,2098.77001953125,2100.219970703125,0
2026-05-24 18:00:00+00:00,2100.320068359375,2102.1201171875,2095.179931640625,2097.27001953125,0
2026-05-24 19:00:00+00:00,2097.27001953125,2099.639892578125,2093.5400390625,2098.090087890625,0
2026-05-24 20:00:00+00:00,2098.909912109375,2099.090087890625,2089.199951171875,2090.469970703125,0
2026-05-24 21:00:00+00:00,2090.4599609375,2096.0,2059.330078125,2068.080078125,0
2026-05-24 22:00:00+00:00,2070.860107421875,2096.6298828125,2068.449951171875,2089.679931640625,255459328
2026-05-24 23:00:00+00:00,2089.639892578125,2103.419921875,2089.010009765625,2097.239990234375,40284160
2026-05-25 00:00:00+00:00,2097.800048828125,2106.610107421875,2097.52001953125,2102.409912109375,6942720
2026-05-25 01:00:00+00:00,2102.7099609375,2105.25,2090.8798828125,2091.77001953125,0
2026-05-25 02:00:00+00:00,2092.989990234375,2109.8798828125,2092.409912109375,2095.52001953125,212167680
2026-05-25 03:00:00+00:00,2095.409912109375,2097.340087890625,2090.02001953125,2092.949951171875,0
2026-05-25 04:00:00+00:00,2093.39990234375,2105.699951171875,2090.179931640625,2103.320068359375,107491328
2026-05-25 05:00:00+00:00,2102.77001953125,2109.1298828125,2101.77001953125,2105.739990234375,49244160
2026-05-25 06:00:00+00:00,2105.60009765625,2108.27001953125,2097.050048828125,2106.77001953125,201645056
2026-05-25 07:00:00+00:00,2106.77001953125,2114.4599609375,2104.260009765625,2113.68994140625,312216576
2026-05-25 08:00:00+00:00,2113.919921875,2115.419921875,2109.280029296875,2114.280029296875,0
2026-05-25 09:00:00+00:00,2114.530029296875,2121.659912109375,2113.679931640625,2114.830078125,122073088
2026-05-25 10:00:00+00:00,2114.5400390625,2119.050048828125,2112.81005859375,2114.72998046875,202303488
2026-05-25 11:00:00+00:00,2114.75,2118.60009765625,2112.330078125,2113.14990234375,0
2026-05-25 12:00:00+00:00,2112.989990234375,2117.699951171875,2110.27001953125,2115.25,75359232
2026-05-25 13:00:00+00:00,2114.699951171875,2117.75,2112.489990234375,2114.18994140625,0
2026-05-25 14:00:00+00:00,2114.2900390625,2127.989990234375,2113.550048828125,2126.360107421875,0
2026-05-25 15:00:00+00:00,2126.47998046875,2135.330078125,2120.97998046875,2124.909912109375,380123136
2026-05-25 16:00:00+00:00,2125.5,2139.06005859375,2123.070068359375,2134.43994140625,0
2026-05-25 17:00:00+00:00,2137.7900390625,2138.639892578125,2126.4599609375,2127.080078125,337344512
2026-05-25 18:00:00+00:00,2126.639892578125,2131.9599609375,2124.85009765625,2124.929931640625,0
2026-05-25 19:00:00+00:00,2124.820068359375,2124.929931640625,2114.77001953125,2119.610107421875,156615680
2026-05-25 20:00:00+00:00,2119.199951171875,2121.110107421875,2105.820068359375,2106.919921875,0
2026-05-25 21:00:00+00:00,2106.989990234375,2111.489990234375,2105.530029296875,2108.820068359375,0
2026-05-25 22:00:00+00:00,2109.56005859375,2113.669921875,2100.89990234375,2101.7900390625,0
2026-05-25 23:00:00+00:00,2101.18994140625,2112.0,2100.610107421875,2110.929931640625,0
2026-05-26 00:00:00+00:00,2111.5,2112.050048828125,2083.56005859375,2095.679931640625,151627776
2026-05-26 01:00:00+00:00,2094.10009765625,2098.280029296875,2086.199951171875,2092.3798828125,336645120
2026-05-26 02:00:00+00:00,2093.39990234375,2093.530029296875,2083.199951171875,2086.669921875,133586944
2026-05-26 03:00:00+00:00,2086.389892578125,2091.699951171875,2082.699951171875,2091.14990234375,0
2026-05-26 04:00:00+00:00,2091.72998046875,2094.320068359375,2086.77001953125,2091.639892578125,96047104
2026-05-26 05:00:00+00:00,2091.6298828125,2101.3798828125,2089.760009765625,2098.610107421875,0
2026-05-26 06:00:00+00:00,2098.110107421875,2102.1201171875,2093.60009765625,2099.639892578125,0
2026-05-26 07:00:00+00:00,2100.10009765625,2100.5,2089.300048828125,2093.0400390625,0
2026-05-26 08:00:00+00:00,2093.070068359375,2097.860107421875,2092.68994140625,2095.06005859375,49116160
2026-05-26 09:00:00+00:00,2095.35009765625,2097.68994140625,2091.760009765625,2094.260009765625,0
2026-05-26 10:00:00+00:00,2093.419921875,2134.989990234375,2091.919921875,2125.3798828125,842394624
2026-05-26 11:00:00+00:00,2125.669921875,2128.199951171875,2116.1298828125,2118.7099609375,286184448
2026-05-26 12:00:00+00:00,2118.820068359375,2124.4599609375,2109.010009765625,2124.260009765625,209920000
2026-05-26 13:00:00+00:00,2124.5,2129.219970703125,2108.070068359375,2122.56005859375,582208512
2026-05-26 14:00:00+00:00,2124.070068359375,2138.550048828125,2104.75,2106.860107421875,1023396864
2026-05-26 15:00:00+00:00,2106.889892578125,2109.699951171875,2075.989990234375,2084.469970703125,779536384
2026-05-26 16:00:00+00:00,2085.199951171875,2087.219970703125,2071.60009765625,2076.8701171875,718063616
2026-05-26 17:00:00+00:00,2076.5,2081.179931640625,2052.9599609375,2067.6298828125,772582400
2026-05-26 18:00:00+00:00,2066.22998046875,2076.989990234375,2063.139892578125,2065.35009765625,410249216
2026-05-26 19:00:00+00:00,2065.550048828125,2073.52001953125,2062.239990234375,2070.72998046875,126384128
2026-05-26 20:00:00+00:00,2071.419921875,2075.699951171875,2070.760009765625,2075.6201171875,11742208
2026-05-26 21:00:00+00:00,2075.3798828125,2075.969970703125,2066.530029296875,2070.070068359375,0
2026-05-26 22:00:00+00:00,2070.31005859375,2073.639892578125,2062.919921875,2065.81005859375,0
2026-05-26 23:00:00+00:00,2066.239990234375,2074.02001953125,2066.239990234375,2070.8701171875,204225536
2026-05-27 00:00:00+00:00,2071.280029296875,2081.199951171875,2070.760009765625,2080.260009765625,0
2026-05-27 01:00:00+00:00,2080.3701171875,2080.919921875,2068.8798828125,2071.39990234375,0
2026-05-27 02:00:00+00:00,2071.409912109375,2072.800048828125,2066.0400390625,2072.800048828125,0
2026-05-27 03:00:00+00:00,2073.39990234375,2077.0,2066.360107421875,2066.780029296875,0
2026-05-27 04:00:00+00:00,2066.489990234375,2069.800048828125,2054.909912109375,2068.97998046875,240272384
2026-05-27 05:00:00+00:00,2069.22998046875,2075.1201171875,2068.550048828125,2074.280029296875,23416832
2026-05-27 06:00:00+00:00,2074.3701171875,2078.199951171875,2071.590087890625,2076.3798828125,160001024
2026-05-27 07:00:00+00:00,2076.429931640625,2081.0,2072.8701171875,2080.219970703125,0
2026-05-27 08:00:00+00:00,2080.0400390625,2093.409912109375,2080.0400390625,2082.080078125,365065216
2026-05-27 09:00:00+00:00,2081.8701171875,2084.7099609375,2075.989990234375,2080.5,0
2026-05-27 10:00:00+00:00,2080.510009765625,2085.080078125,2076.489990234375,2076.929931640625,0
2026-05-27 11:00:00+00:00,2076.590087890625,2082.5400390625,2075.64990234375,2077.39990234375,0
2026-05-27 12:00:00+00:00,2077.75,2093.580078125,2071.47998046875,2075.800048828125,0
2026-05-27 13:00:00+00:00,2076.469970703125,2077.449951171875,2048.1201171875,2060.389892578125,678524928
2026-05-27 14:00:00+00:00,2061.39990234375,2067.739990234375,2051.330078125,2058.760009765625,0
2026-05-27 15:00:00+00:00,2058.47998046875,2075.06005859375,2057.989990234375,2067.570068359375,0
2026-05-27 16:00:00+00:00,2067.449951171875,2070.389892578125,2056.1298828125,2066.60009765625,0
2026-05-27 17:00:00+00:00,2066.760009765625,2066.760009765625,2042.1099853515625,2047.969970703125,0
2026-05-27 18:00:00+00:00,2047.4000244140625,2052.9599609375,2040.3499755859375,2052.719970703125,0
2026-05-27 19:00:00+00:00,2052.7099609375,2056.97998046875,2050.22998046875,2053.169921875,0
2026-05-27 20:00:00+00:00,2053.080078125,2061.590087890625,2053.080078125,2059.590087890625,0
2026-05-27 21:00:00+00:00,2059.139892578125,2059.260009765625,2013.6099853515625,2017.739990234375,488905728
2026-05-27 22:00:00+00:00,2016.489990234375,2031.1099853515625,2013.800048828125,2022.3699951171875,706960384
2026-05-27 23:00:00+00:00,2022.1300048828125,2027.0899658203125,2015.199951171875,2021.739990234375,279662592
2026-05-28 00:00:00+00:00,2020.68994140625,2025.6700439453125,2017.699951171875,2025.050048828125,14015488
2026-05-28 01:00:00+00:00,2025.47998046875,2025.75,2010.6600341796875,2016.8399658203125,241420288
2026-05-28 02:00:00+00:00,2018.06005859375,2018.510009765625,2011.6099853515625,2014.3599853515625,152664064
2026-05-28 03:00:00+00:00,2013.949951171875,2017.43994140625,1971.3699951171875,1978.3399658203125,1590137856
2026-05-28 04:00:00+00:00,1978.5,1983.0799560546875,1965.0999755859375,1978.6199951171875,1152022528
2026-05-28 05:00:00+00:00,1978.219970703125,1979.8199462890625,1972.2099609375,1974.6800537109375,354074624
2026-05-28 06:00:00+00:00,1974.6300048828125,1980.9599609375,1969.0,1980.5699462890625,153831424
2026-05-28 07:00:00+00:00,1980.68994140625,1992.949951171875,1979.0899658203125,1991.72998046875,595851264
2026-05-28 08:00:00+00:00,1992.0899658203125,1992.0899658203125,1981.5,1984.780029296875,0
2026-05-28 09:00:00+00:00,1984.800048828125,1992.030029296875,1981.2900390625,1990.72998046875,0
2026-05-28 10:00:00+00:00,1990.5400390625,1995.030029296875,1986.280029296875,1986.9000244140625,0
2026-05-28 11:00:00+00:00,1987.06005859375,1989.530029296875,1983.199951171875,1986.4300537109375,190760960
2026-05-28 12:00:00+00:00,1986.22998046875,1990.5,1978.27001953125,1988.300048828125,0
2026-05-28 13:00:00+00:00,1987.9000244140625,1991.47998046875,1971.81005859375,1977.9000244140625,0
2026-05-28 14:00:00+00:00,1978.4300537109375,1998.68994140625,1964.469970703125,1990.030029296875,745558016
2026-05-28 15:00:00+00:00,1989.52001953125,1995.6700439453125,1980.699951171875,1987.1099853515625,0
2026-05-28 16:00:00+00:00,1986.449951171875,2011.469970703125,1981.6099853515625,2010.0699462890625,485150720
2026-05-28 17:00:00+00:00,2010.8900146484375,2023.7900390625,2006.010009765625,2016.27001953125,0
2026-05-28 18:00:00+00:00,2016.31005859375,2025.8699951171875,2015.1199951171875,2021.9000244140625,178577408
2026-05-28 19:00:00+00:00,2021.3599853515625,2021.8499755859375,2010.510009765625,2011.1199951171875,0
2026-05-28 20:00:00+00:00,2011.1500244140625,2016.97998046875,2003.0,2010.77001953125,193132544
2026-05-28 21:00:00+00:00,2011.18994140625,2021.5,2010.1800537109375,2017.010009765625,0
2026-05-28 22:00:00+00:00,2016.8299560546875,2019.969970703125,2002.6700439453125,2002.8199462890625,0
2026-05-28 23:00:00+00:00,2004.3699951171875,2008.5400390625,2002.81005859375,2006.699951171875,17385472
2026-05-29 00:00:00+00:00,2006.800048828125,2014.260009765625,2006.800048828125,2009.5999755859375,0
2026-05-29 01:00:00+00:00,2010.22998046875,2013.6199951171875,2003.1199951171875,2005.199951171875,0
2026-05-29 02:00:00+00:00,2005.1700439453125,2007.43994140625,1994.68994140625,1996.4200439453125,56238080
2026-05-29 03:00:00+00:00,1997.4300537109375,2004.699951171875,1996.8800048828125,1999.989990234375,0
2026-05-29 04:00:00+00:00,1999.8399658203125,2005.68994140625,1995.5799560546875,2005.56005859375,0
2026-05-29 05:00:00+00:00,2005.800048828125,2012.1300048828125,2005.31005859375,2011.6099853515625,0
2026-05-29 06:00:00+00:00,2011.469970703125,2018.0899658203125,2009.300048828125,2015.239990234375,0
2026-05-29 07:00:00+00:00,2015.0699462890625,2016.5999755859375,2000.3399658203125,2004.1199951171875,0
2026-05-29 08:00:00+00:00,2004.1099853515625,2010.5899658203125,2002.1700439453125,2003.010009765625,21895168
2026-05-29 09:00:00+00:00,2003.1099853515625,2013.1199951171875,2002.72998046875,2011.9300537109375,0
2026-05-29 10:00:00+00:00,2011.7099609375,2011.969970703125,2006.9100341796875,2008.469970703125,0
2026-05-29 11:00:00+00:00,2008.3800048828125,2011.3699951171875,1999.8499755859375,2004.969970703125,0
2026-05-29 12:00:00+00:00,2004.6800537109375,2004.699951171875,1992.3199462890625,1996.8299560546875,3978240
2026-05-29 13:00:00+00:00,1996.22998046875,2002.5,1985.8900146484375,1996.1700439453125,0
2026-05-29 14:00:00+00:00,1997.0899658203125,2000.8800048828125,1973.3599853515625,1998.5899658203125,0
2026-05-29 15:00:00+00:00,1998.9599609375,2043.1099853515625,1996.43994140625,2028.5,1621622784
2026-05-29 16:00:00+00:00,2029.4100341796875,2039.7900390625,2019.0400390625,2037.489990234375,12264448
2026-05-29 17:00:00+00:00,2037.6199951171875,2041.4000244140625,2023.1600341796875,2025.1099853515625,9820160
2026-05-29 18:00:00+00:00,2025.6300048828125,2028.6800537109375,2003.6600341796875,2008.5999755859375,211005440
2026-05-29 19:00:00+00:00,2009.0899658203125,2019.5899658203125,2002.18994140625,2013.760009765625,190015488
2026-05-29 20:00:00+00:00,2014.489990234375,2020.97998046875,2012.1500244140625,2015.1300048828125,0
2026-05-29 21:00:00+00:00,2015.5,2021.0,2005.800048828125,2006.9000244140625,29264896
2026-05-29 22:00:00+00:00,2006.719970703125,2014.0899658203125,2005.0799560546875,2010.969970703125,0
2026-05-29 23:00:00+00:00,2010.5999755859375,2012.530029296875,2004.22998046875,2011.6500244140625,208191488
2026-05-30 00:00:00+00:00,2011.68994140625,2013.469970703125,2007.989990234375,2012.1400146484375,0
2026-05-30 01:00:00+00:00,2012.1700439453125,2018.9200439453125,2010.8399658203125,2016.719970703125,9097216
2026-05-30 02:00:00+00:00,2016.719970703125,2018.5799560546875,2014.31005859375,2018.5799560546875,0
2026-05-30 03:00:00+00:00,2018.199951171875,2020.68994140625,2012.22998046875,2014.02001953125,41052160
2026-05-30 04:00:00+00:00,2014.18994140625,2015.7099609375,1999.5999755859375,2008.3499755859375,45165568
2026-05-30 05:00:00+00:00,2008.219970703125,2015.52001953125,2005.6400146484375,2013.0999755859375,167798784
2026-05-30 06:00:00+00:00,2013.2900390625,2017.719970703125,2010.1099853515625,2014.949951171875,0
2026-05-30 07:00:00+00:00,2014.6700439453125,2015.0,2010.93994140625,2013.5999755859375,0
2026-05-30 08:00:00+00:00,2013.5899658203125,2013.5899658203125,2011.0899658203125,2011.4200439453125,0
2026-05-30 09:00:00+00:00,2011.6800537109375,2014.550048828125,2011.18994140625,2014.0699462890625,0
2026-05-30 10:00:00+00:00,2014.199951171875,2019.31005859375,2013.800048828125,2015.489990234375,0
2026-05-30 11:00:00+00:00,2015.31005859375,2016.3499755859375,2012.5799560546875,2014.6199951171875,0
2026-05-30 12:00:00+00:00,2014.7099609375,2017.81005859375,2014.3199462890625,2017.1400146484375,0
2026-05-30 13:00:00+00:00,2017.1500244140625,2019.4200439453125,2014.6099853515625,2017.949951171875,0
2026-05-30 14:00:00+00:00,2018.02001953125,2027.3499755859375,2017.6099853515625,2023.81005859375,0
2026-05-30 15:00:00+00:00,2024.199951171875,2029.0,2021.3599853515625,2023.52001953125,0
2026-05-30 16:00:00+00:00,2023.9000244140625,2025.469970703125,2021.699951171875,2023.989990234375,0
2026-05-30 17:00:00+00:00,2023.989990234375,2026.0999755859375,2017.3800048828125,2024.43994140625,0
2026-05-30 18:00:00+00:00,2024.199951171875,2027.3800048828125,2021.81005859375,2024.5999755859375,0
2026-05-30 19:00:00+00:00,2024.5400390625,2026.1199951171875,2021.780029296875,2025.8299560546875,0
2026-05-30 20:00:00+00:00,2025.93994140625,2026.6099853515625,2022.81005859375,2024.0699462890625,0
2026-05-30 21:00:00+00:00,2024.5999755859375,2028.4599609375,2024.4000244140625,2025.5400390625,0
2026-05-30 22:00:00+00:00,2024.9300537109375,2024.9300537109375,2017.9100341796875,2020.4100341796875,0
2026-05-30 23:00:00+00:00,2020.2900390625,2023.47998046875,2017.31005859375,2019.199951171875,0
2026-05-31 00:00:00+00:00,2019.7900390625,2024.81005859375,2017.8800048828125,2023.9100341796875,0
2026-05-31 01:00:00+00:00,2023.9300537109375,2031.260009765625,2023.6400146484375,2025.969970703125,0
2026-05-31 02:00:00+00:00,2025.9300537109375,2034.199951171875,2024.8900146484375,2031.0999755859375,165669376
2026-05-31 03:00:00+00:00,2031.8299560546875,2033.8299560546875,2029.4100341796875,2030.4100341796875,2255872
2026-05-31 04:00:00+00:00,2030.4000244140625,2031.800048828125,2028.18994140625,2030.7900390625,0
2026-05-31 05:00:00+00:00,2030.43994140625,2030.8299560546875,2026.3199462890625,2027.0699462890625,0
2026-05-31 06:00:00+00:00,2026.969970703125,2027.8900146484375,2025.530029296875,2026.8699951171875,0
2026-05-31 07:00:00+00:00,2026.5,2026.5,2019.780029296875,2021.1600341796875,7334912
2026-05-31 08:00:00+00:00,2021.1300048828125,2026.0999755859375,2020.0999755859375,2024.5899658203125,76418560
2026-05-31 09:00:00+00:00,2024.31005859375,2025.3399658203125,2016.5,2018.2900390625,139323392
2026-05-31 10:00:00+00:00,2018.1199951171875,2018.5,2012.81005859375,2018.0699462890625,128087552
2026-05-31 11:00:00+00:00,2017.9000244140625,2021.27001953125,2017.9000244140625,2020.52001953125,23126016
2026-05-31 12:00:00+00:00,2020.6099853515625,2022.3199462890625,2016.699951171875,2019.47998046875,33302016
2026-05-31 13:00:00+00:00,2019.510009765625,2023.469970703125,2017.02001953125,2017.47998046875,12444160
2026-05-31 14:00:00+00:00,2017.4599609375,2018.699951171875,2003.2099609375,2005.18994140625,135315968
2026-05-31 15:00:00+00:00,2005.5,2012.1500244140625,2004.719970703125,2007.6600341796875,15732224
2026-05-31 16:00:00+00:00,2007.5699462890625,2009.699951171875,1995.989990234375,1999.4200439453125,313846784
2026-05-31 17:00:00+00:00,1998.8199462890625,2005.239990234375,1994.6199951171875,2002.9200439453125,122621440
2026-05-31 18:00:00+00:00,2003.43994140625,2003.5999755859375,1996.31005859375,1998.0400390625,51828736
2026-05-31 19:00:00+00:00,1998.280029296875,1999.77001953125,1991.3399658203125,1996.8199462890625,217784832
2026-05-31 20:00:00+00:00,1997.760009765625,2005.1800537109375,1997.5400390625,2004.280029296875,49658368
2026-05-31 21:00:00+00:00,2004.31005859375,2011.469970703125,2002.2099609375,2009.4599609375,297491968
2026-05-31 22:00:00+00:00,2009.1400146484375,2011.199951171875,2002.199951171875,2009.469970703125,268345344
2026-05-31 23:00:00+00:00,2010.0899658203125,2019.9000244140625,1997.0999755859375,2004.0,351427584
2026-06-01 00:00:00+00:00,2004.010009765625,2018.199951171875,2003.1199951171875,2012.6199951171875,739454976
2026-06-01 01:00:00+00:00,2013.8299560546875,2013.8299560546875,1991.6099853515625,1992.1400146484375,399183872
2026-06-01 02:00:00+00:00,1991.5999755859375,2014.5,1988.280029296875,2009.199951171875,339311616
2026-06-01 03:00:00+00:00,2009.4200439453125,2014.5,2006.0999755859375,2006.47998046875,311731200
2026-06-01 04:00:00+00:00,2006.5699462890625,2009.3199462890625,1991.3800048828125,1996.97998046875,410102784
2026-06-01 05:00:00+00:00,1996.6099853515625,1998.5999755859375,1989.4100341796875,1991.93994140625,301461504
2026-06-01 06:00:00+00:00,1992.27001953125,1992.6300048828125,1977.8800048828125,1985.199951171875,436926464
2026-06-01 07:00:00+00:00,1984.9200439453125,1987.8199462890625,1969.280029296875,1973.739990234375,381104128
2026-06-01 08:00:00+00:00,1974.199951171875,1982.300048828125,1969.4000244140625,1981.469970703125,743590912
2026-06-01 09:00:00+00:00,1981.4599609375,1987.31005859375,1981.1400146484375,1985.31005859375,353893376
2026-06-01 10:00:00+00:00,1985.699951171875,1986.8299560546875,1978.9599609375,1982.1800537109375,120422400
2026-06-01 11:00:00+00:00,1982.050048828125,1984.43994140625,1976.25,1979.1800537109375,134775808
2026-06-01 12:00:00+00:00,1980.0699462890625,1991.6400146484375,1966.4200439453125,1987.4300537109375,856132608
2026-06-01 13:00:00+00:00,1987.3599853515625,1987.5999755859375,1956.1800537109375,1967.4100341796875,1132928000
2026-06-01 14:00:00+00:00,1967.8599853515625,1974.0,1961.550048828125,1964.6099853515625,904112128
2026-06-01 15:00:00+00:00,1965.8499755859375,1976.8199462890625,1957.260009765625,1964.989990234375,681657344
2026-06-01 16:00:00+00:00,1965.1800537109375,1975.1500244140625,1955.77001953125,1974.52001953125,162953216
2026-06-01 17:00:00+00:00,1975.0400390625,1993.8599853515625,1974.47998046875,1988.0999755859375,849715200
2026-06-01 18:00:00+00:00,1987.8199462890625,1993.1300048828125,1980.3199462890625,1990.1099853515625,337201152
2026-06-01 19:00:00+00:00,1990.510009765625,2006.0400390625,1989.5,2001.739990234375,367456256
2026-06-01 20:00:00+00:00,2002.199951171875,2005.8900146484375,1998.27001953125,2003.1199951171875,86599680
2026-06-01 21:00:00+00:00,2003.1500244140625,2005.800048828125,1989.5999755859375,1991.3199462890625,275765248
2026-06-01 22:00:00+00:00,1991.68994140625,2003.280029296875,1981.9599609375,2001.3299560546875,0
2026-06-01 23:00:00+00:00,2001.72998046875,2005.199951171875,1995.550048828125,2004.0,59457536
2026-06-02 00:00:00+00:00,2003.9100341796875,2004.030029296875,1993.3299560546875,1993.8199462890625,0
2026-06-02 01:00:00+00:00,1994.27001953125,1996.1099853515625,1977.0,1977.0,1587200
2026-06-02 02:00:00+00:00,1978.18994140625,1993.280029296875,1960.0799560546875,1993.0400390625,254732288
2026-06-02 03:00:00+00:00,1993.6800537109375,2002.0799560546875,1992.030029296875,2000.760009765625,15710208
2026-06-02 04:00:00+00:00,2001.7900390625,2003.75,1992.9200439453125,1993.81005859375,0
2026-06-02 05:00:00+00:00,1993.8800048828125,1998.199951171875,1981.7900390625,1981.8800048828125,11745280
2026-06-02 06:00:00+00:00,1981.6700439453125,1985.5899658203125,1975.4599609375,1979.3800048828125,136644608
2026-06-02 07:00:00+00:00,1980.0,1987.0,1971.43994140625,1978.8299560546875,66150400
2026-06-02 08:00:00+00:00,1978.93994140625,1985.9000244140625,1973.760009765625,1976.199951171875,0
2026-06-02 09:00:00+00:00,1976.4000244140625,1976.7900390625,1963.8599853515625,1972.0799560546875,153970688
2026-06-02 10:00:00+00:00,1972.1500244140625,1981.0999755859375,1968.6099853515625,1980.5999755859375,87889920
2026-06-02 11:00:00+00:00,1980.7900390625,1980.97998046875,1973.1500244140625,1976.1099853515625,240091136
2026-06-02 12:00:00+00:00,1975.699951171875,1980.0899658203125,1969.3399658203125,1973.5999755859375,0
2026-06-02 13:00:00+00:00,1973.4300537109375,1978.68994140625,1968.7099609375,1970.699951171875,265398272
2026-06-02 14:00:00+00:00,1971.4000244140625,1971.4000244140625,1924.77001953125,1937.550048828125,772511744
2026-06-02 15:00:00+00:00,1936.75,1937.52001953125,1892.300048828125,1911.199951171875,1750927360
2026-06-02 16:00:00+00:00,1910.25,1938.81005859375,1906.1500244140625,1917.56005859375,514613248
2026-06-02 17:00:00+00:00,1917.3900146484375,1928.0,1916.7099609375,1920.4300537109375,0
2026-06-02 18:00:00+00:00,1920.3499755859375,1924.5899658203125,1901.3299560546875,1909.6800537109375,29124608
2026-06-02 19:00:00+00:00,1909.739990234375,1914.2099609375,1881.9300537109375,1909.1800537109375,725880832
2026-06-02 20:00:00+00:00,1907.3599853515625,1915.6099853515625,1893.3900146484375,1903.760009765625,576143360
2026-06-02 21:00:00+00:00,1903.8299560546875,1907.9200439453125,1894.31005859375,1897.5400390625,5443584
2026-06-02 22:00:00+00:00,1896.969970703125,1906.5999755859375,1861.8599853515625,1865.43994140625,748638208
2026-06-02 23:00:00+00:00,1865.9000244140625,1870.6700439453125,1838.0899658203125,1857.2099609375,2516912128
2026-06-03 00:00:00+00:00,1857.4000244140625,1871.5699462890625,1852.3399658203125,1865.030029296875,529887232
2026-06-03 01:00:00+00:00,1865.1400146484375,1867.56005859375,1847.8299560546875,1861.6099853515625,238901248
2026-06-03 02:00:00+00:00,1861.719970703125,1861.719970703125,1848.9200439453125,1851.47998046875,0
2026-06-03 03:00:00+00:00,1851.9300537109375,1854.06005859375,1814.800048828125,1825.4200439453125,864651264
2026-06-03 04:00:00+00:00,1826.5899658203125,1849.25,1826.469970703125,1848.1600341796875,806430720
2026-06-03 05:00:00+00:00,1849.0799560546875,1873.31005859375,1847.260009765625,1870.739990234375,796465152
2026-06-03 06:00:00+00:00,1871.3900146484375,1881.1199951171875,1867.9300537109375,1869.199951171875,246685696
2026-06-03 07:00:00+00:00,1869.3499755859375,1877.5999755859375,1865.5699462890625,1875.719970703125,175081472
2026-06-03 08:00:00+00:00,1875.6199951171875,1880.469970703125,1870.68994140625,1877.4599609375,78028800
2026-06-03 09:00:00+00:00,1877.989990234375,1882.56005859375,1867.0799560546875,1873.5999755859375,0
2026-06-03 10:00:00+00:00,1873.75,1889.6700439453125,1872.1300048828125,1882.0400390625,0
2026-06-03 11:00:00+00:00,1881.6099853515625,1885.3199462890625,1873.7099609375,1875.5,0
2026-06-03 12:00:00+00:00,1875.6199951171875,1877.469970703125,1865.780029296875,1873.9100341796875,356139008
2026-06-03 13:00:00+00:00,1874.3900146484375,1876.77001953125,1858.6800537109375,1864.219970703125,0
2026-06-03 14:00:00+00:00,1863.9100341796875,1864.8299560546875,1849.72998046875,1855.5799560546875,0
2026-06-03 15:00:00+00:00,1854.780029296875,1856.9200439453125,1833.6700439453125,1834.0999755859375,0
2026-06-03 16:00:00+00:00,1834.7900390625,1840.800048828125,1809.25,1829.68994140625,0
2026-06-03 17:00:00+00:00,1830.239990234375,1836.3199462890625,1816.18994140625,1825.3900146484375,439160832
2026-06-03 18:00:00+00:00,1825.4300537109375,1831.8800048828125,1818.8599853515625,1829.7900390625,39997440
2026-06-03 19:00:00+00:00,1829.719970703125,1831.0699462890625,1794.510009765625,1801.1400146484375,0
2026-06-03 20:00:00+00:00,1799.56005859375,1809.97998046875,1772.0699462890625,1779.4599609375,772536320
2026-06-03 21:00:00+00:00,1779.469970703125,1846.719970703125,1775.4000244140625,1846.6700439453125,458932224
2026-06-03 22:00:00+00:00,1845.0899658203125,1846.97998046875,1820.9100341796875,1826.0400390625,0
2026-06-03 23:00:00+00:00,1826.3599853515625,1828.1700439453125,1810.239990234375,1810.5799560546875,0
2026-06-04 00:00:00+00:00,1809.93994140625,1818.0,1780.800048828125,1791.22998046875,818749440
2026-06-04 01:00:00+00:00,1791.3800048828125,1797.4000244140625,1753.1600341796875,1757.3499755859375,1111678976
2026-06-04 02:00:00+00:00,1758.739990234375,1776.3699951171875,1717.06005859375,1764.5799560546875,2406184960
2026-06-04 03:00:00+00:00,1765.0,1810.02001953125,1765.0,1806.760009765625,0
2026-06-04 04:00:00+00:00,1806.6700439453125,1815.4599609375,1800.949951171875,1803.4000244140625,0
2026-06-04 05:00:00+00:00,1803.1199951171875,1803.1199951171875,1779.6500244140625,1782.3699951171875,194017280
2026-06-04 06:00:00+00:00,1781.5,1799.22998046875,1780.300048828125,1788.010009765625,0
2026-06-04 07:00:00+00:00,1788.469970703125,1789.0,1771.7900390625,1775.5999755859375,0
2026-06-04 08:00:00+00:00,1775.9100341796875,1781.0400390625,1762.199951171875,1770.949951171875,2256896
2026-06-04 09:00:00+00:00,1771.4000244140625,1771.4000244140625,1742.93994140625,1763.800048828125,504797184
2026-06-04 10:00:00+00:00,1763.9000244140625,1763.9000244140625,1729.6099853515625,1735.5400390625,465063936
2026-06-04 11:00:00+00:00,1736.5799560546875,1752.6500244140625,1730.9599609375,1749.300048828125,596129792
2026-06-04 12:00:00+00:00,1749.7099609375,1780.27001953125,1742.199951171875,1776.0999755859375,1627170816
2026-06-04 13:00:00+00:00,1775.5,1787.6099853515625,1754.9000244140625,1783.219970703125,817694720
2026-06-04 14:00:00+00:00,1785.0999755859375,1791.8900146484375,1764.9200439453125,1772.6600341796875,0
2026-06-04 15:00:00+00:00,1772.010009765625,1789.5,1768.5999755859375,1774.6400146484375,0
2026-06-04 16:00:00+00:00,1774.6199951171875,1778.0799560546875,1764.1400146484375,1769.81005859375,0
2026-06-04 17:00:00+00:00,1769.780029296875,1773.989990234375,1752.6600341796875,1765.550048828125,0
2026-06-04 18:00:00+00:00,1766.5,1781.2900390625,1757.81005859375,1774.1800537109375,857982976
2026-06-04 19:00:00+00:00,1773.4599609375,1784.1800537109375,1768.6800537109375,1774.8800048828125,0
2026-06-04 20:00:00+00:00,1774.9000244140625,1775.1700439453125,1762.4200439453125,1772.3199462890625,0
2026-06-04 21:00:00+00:00,1772.97998046875,1781.1700439453125,1755.5799560546875,1759.4100341796875,0
2026-06-04 22:00:00+00:00,1758.0999755859375,1768.27001953125,1750.8699951171875,1767.0699462890625,0
2026-06-04 23:00:00+00:00,1766.9000244140625,1774.75,1755.489990234375,1768.8299560546875,227690496
2026-06-05 00:00:00+00:00,1767.18994140625,1772.1500244140625,1756.489990234375,1757.780029296875,0
2026-06-05 01:00:00+00:00,1757.4100341796875,1761.280029296875,1745.780029296875,1751.25,0
2026-06-05 02:00:00+00:00,1750.800048828125,1752.0999755859375,1726.2099609375,1728.8699951171875,0
2026-06-05 03:00:00+00:00,1728.5999755859375,1737.4000244140625,1720.3499755859375,1727.530029296875,0
2026-06-05 04:00:00+00:00,1728.1400146484375,1743.449951171875,1717.31005859375,1742.5999755859375,64206848
2026-06-05 05:00:00+00:00,1743.800048828125,1745.4200439453125,1680.2900390625,1682.8900146484375,282277888
2026-06-05 06:00:00+00:00,1683.02001953125,1687.0699462890625,1623.43994140625,1654.9000244140625,3538255872
2026-06-05 07:00:00+00:00,1655.030029296875,1677.800048828125,1632.050048828125,1677.6500244140625,488550400
2026-06-05 08:00:00+00:00,1677.52001953125,1677.52001953125,1658.5799560546875,1662.18994140625,375984128
2026-06-05 09:00:00+00:00,1662.0,1686.5,1661.9000244140625,1681.43994140625,0
2026-06-05 10:00:00+00:00,1682.0400390625,1683.72998046875,1670.719970703125,1675.4300537109375,0
2026-06-05 11:00:00+00:00,1675.1099853515625,1680.0899658203125,1661.52001953125,1661.77001953125,117454848
2026-06-05 12:00:00+00:00,1662.1500244140625,1669.6600341796875,1645.2099609375,1655.969970703125,0
2026-06-05 13:00:00+00:00,1656.9000244140625,1675.47998046875,1613.6800537109375,1615.0400390625,0
2026-06-05 14:00:00+00:00,1613.5400390625,1622.72998046875,1595.219970703125,1599.68994140625,3334162432
2026-06-05 15:00:00+00:00,1599.0400390625,1602.800048828125,1571.6800537109375,1582.510009765625,1785982976
2026-06-05 16:00:00+00:00,1581.030029296875,1610.4200439453125,1547.0999755859375,1607.2099609375,2370871296
2026-06-05 17:00:00+00:00,1608.3199462890625,1611.6199951171875,1586.530029296875,1593.2099609375,320286720
2026-06-05 18:00:00+00:00,1593.5999755859375,1597.280029296875,1545.9599609375,1551.8499755859375,944990208
2026-06-05 19:00:00+00:00,1552.1099853515625,1578.18994140625,1539.8499755859375,1572.699951171875,1671135232
2026-06-05 20:00:00+00:00,1572.9000244140625,1606.8199462890625,1556.989990234375,1603.4000244140625,1779142656
2026-06-05 21:00:00+00:00,1603.31005859375,1618.6199951171875,1601.8399658203125,1609.6600341796875,761475072
2026-06-05 22:00:00+00:00,1608.9200439453125,1609.800048828125,1590.780029296875,1596.8900146484375,149561344
2026-06-05 23:00:00+00:00,1598.6700439453125,1602.8599853515625,1560.780029296875,1582.8499755859375,620953600
2026-06-06 00:00:00+00:00,1582.219970703125,1600.219970703125,1582.219970703125,1592.4200439453125,452243456
2026-06-06 01:00:00+00:00,1593.1400146484375,1596.2900390625,1577.800048828125,1583.5699462890625,0
2026-06-06 02:00:00+00:00,1582.8499755859375,1584.8699951171875,1566.43994140625,1575.719970703125,0
2026-06-06 03:00:00+00:00,1575.52001953125,1575.52001953125,1556.22998046875,1562.8900146484375,658751488
2026-06-06 04:00:00+00:00,1562.3800048828125,1568.469970703125,1511.27001953125,1521.8399658203125,174862336
2026-06-06 05:00:00+00:00,1520.4100341796875,1567.300048828125,1506.3900146484375,1566.1400146484375,399179776
2026-06-06 06:00:00+00:00,1566.5899658203125,1580.5999755859375,1555.9100341796875,1559.5899658203125,0
2026-06-06 07:00:00+00:00,1559.7099609375,1579.06005859375,1555.5999755859375,1574.3699951171875,0
2026-06-06 08:00:00+00:00,1574.3900146484375,1591.800048828125,1569.2099609375,1581.5999755859375,0
2026-06-06 09:00:00+00:00,1581.0,1587.77001953125,1565.3299560546875,1569.5999755859375,26816512
2026-06-06 10:00:00+00:00,1569.47998046875,1569.6300048828125,1534.77001953125,1547.4599609375,276099072
2026-06-06 11:00:00+00:00,1546.6199951171875,1565.949951171875,1546.2900390625,1558.06005859375,0
2026-06-06 12:00:00+00:00,1557.8499755859375,1573.719970703125,1551.010009765625,1570.280029296875,0
2026-06-06 13:00:00+00:00,1569.199951171875,1572.530029296875,1553.31005859375,1555.9000244140625,0
2026-06-06 14:00:00+00:00,1556.1800537109375,1566.0,1555.300048828125,1557.0999755859375,0
2026-06-06 15:00:00+00:00,1557.4000244140625,1565.0,1545.6700439453125,1559.7099609375,0
2026-06-06 16:00:00+00:00,1559.199951171875,1564.9000244140625,1553.3399658203125,1562.8900146484375,0
2026-06-06 17:00:00+00:00,1563.25,1565.68994140625,1546.6800537109375,1552.8199462890625,0
2026-06-06 18:00:00+00:00,1552.8599853515625,1565.3900146484375,1549.93994140625,1555.9300537109375,0
2026-06-06 19:00:00+00:00,1555.9200439453125,1562.5999755859375,1552.739990234375,1553.8900146484375,0
2026-06-06 20:00:00+00:00,1553.47998046875,1558.9599609375,1550.4000244140625,1556.699951171875,0
2026-06-06 21:00:00+00:00,1556.77001953125,1564.3699951171875,1556.77001953125,1557.3499755859375,0
2026-06-06 22:00:00+00:00,1557.199951171875,1561.0999755859375,1551.030029296875,1558.699951171875,0
2026-06-06 23:00:00+00:00,1557.3499755859375,1569.1300048828125,1555.97998046875,1568.8699951171875,0
2026-06-07 00:00:00+00:00,1568.6300048828125,1571.5,1563.199951171875,1564.6199951171875,0
2026-06-07 01:00:00+00:00,1564.3299560546875,1595.5,1563.43994140625,1589.4100341796875,339562496
2026-06-07 02:00:00+00:00,1589.0,1593.6400146484375,1581.5999755859375,1592.1099853515625,0
2026-06-07 03:00:00+00:00,1591.780029296875,1599.22998046875,1589.1600341796875,1594.280029296875,0
2026-06-07 04:00:00+00:00,1594.010009765625,1597.800048828125,1584.18994140625,1596.31005859375,0
2026-06-07 05:00:00+00:00,1596.010009765625,1607.6700439453125,1592.800048828125,1603.2099609375,0
2026-06-07 06:00:00+00:00,1603.239990234375,1622.0699462890625,1597.7099609375,1611.5699462890625,0
2026-06-07 07:00:00+00:00,1609.9100341796875,1615.6400146484375,1606.81005859375,1614.3599853515625,0
2026-06-07 08:00:00+00:00,1614.2900390625,1641.1600341796875,1608.199951171875,1640.7099609375,74913792
2026-06-07 09:00:00+00:00,1640.4000244140625,1646.72998046875,1628.8599853515625,1632.81005859375,412719104
2026-06-07 10:00:00+00:00,1632.9200439453125,1634.8900146484375,1624.3900146484375,1625.010009765625,0
2026-06-07 11:00:00+00:00,1625.1800537109375,1633.3199462890625,1622.050048828125,1629.6400146484375,0
2026-06-07 12:00:00+00:00,1629.6700439453125,1630.4200439453125,1606.5799560546875,1619.43994140625,509981696
2026-06-07 13:00:00+00:00,1619.300048828125,1621.989990234375,1612.7099609375,1617.0400390625,0
2026-06-07 14:00:00+00:00,1616.8900146484375,1637.4200439453125,1616.4200439453125,1627.5699462890625,0
2026-06-07 15:00:00+00:00,1627.239990234375,1635.4200439453125,1620.25,1629.3599853515625,0
2026-06-07 16:00:00+00:00,1630.300048828125,1632.800048828125,1622.7900390625,1627.9300537109375,0
2026-06-07 17:00:00+00:00,1627.0999755859375,1637.7099609375,1627.0999755859375,1630.530029296875,42924032
2026-06-07 18:00:00+00:00,1630.800048828125,1635.989990234375,1628.260009765625,1629.510009765625,0
2026-06-07 19:00:00+00:00,1629.760009765625,1629.8399658203125,1604.1099853515625,1612.6199951171875,467604480
2026-06-07 20:00:00+00:00,1612.0999755859375,1630.3599853515625,1608.719970703125,1627.2099609375,5332992
2026-06-07 21:00:00+00:00,1627.5999755859375,1633.699951171875,1623.3299560546875,1633.699951171875,0
2026-06-07 22:00:00+00:00,1635.8900146484375,1719.5799560546875,1628.0999755859375,1671.0799560546875,1635405824
2026-06-07 23:00:00+00:00,1670.1500244140625,1689.75,1670.010009765625,1689.75,226379776
2026-06-08 00:00:00+00:00,1689.050048828125,1710.550048828125,1682.8800048828125,1697.1400146484375,769598464
2026-06-08 01:00:00+00:00,1697.0,1698.530029296875,1670.5699462890625,1686.699951171875,0
2026-06-08 02:00:00+00:00,1686.260009765625,1688.469970703125,1677.6300048828125,1683.77001953125,310462464
2026-06-08 03:00:00+00:00,1683.6800537109375,1691.97998046875,1676.0799560546875,1678.7900390625,0
2026-06-08 04:00:00+00:00,1678.8800048828125,1679.77001953125,1655.3699951171875,1657.31005859375,323122176
2026-06-08 05:00:00+00:00,1656.6800537109375,1659.18994140625,1644.0799560546875,1652.6500244140625,0
2026-06-08 06:00:00+00:00,1652.280029296875,1668.719970703125,1651.6800537109375,1665.510009765625,143586304
2026-06-08 07:00:00+00:00,1666.260009765625,1676.800048828125,1660.8599853515625,1672.300048828125,362877952
2026-06-08 08:00:00+00:00,1671.5999755859375,1671.5999755859375,1657.6700439453125,1659.719970703125,0
2026-06-08 09:00:00+00:00,1659.9200439453125,1670.5,1655.9000244140625,1669.760009765625,0
2026-06-08 10:00:00+00:00,1669.5899658203125,1673.0899658203125,1662.4000244140625,1670.9200439453125,0
2026-06-08 11:00:00+00:00,1670.969970703125,1695.1800537109375,1666.3599853515625,1682.300048828125,848837632
2026-06-08 12:00:00+00:00,1682.0799560546875,1697.199951171875,1666.5999755859375,1693.02001953125,270432256
2026-06-08 13:00:00+00:00,1694.5699462890625,1694.8900146484375,1677.199951171875,1680.3699951171875,517661696
2026-06-08 14:00:00+00:00,1680.7900390625,1693.3800048828125,1676.4000244140625,1690.5999755859375,449072128
2026-06-08 15:00:00+00:00,1691.1400146484375,1704.3800048828125,1688.25,1690.739990234375,476760064
2026-06-08 16:00:00+00:00,1690.8499755859375,1703.0,1682.0,1682.0,0
2026-06-08 17:00:00+00:00,1682.6800537109375,1687.0799560546875,1675.3299560546875,1686.02001953125,680980480
2026-06-08 18:00:00+00:00,1686.4000244140625,1691.9000244140625,1677.75,1684.1700439453125,160737280
2026-06-08 19:00:00+00:00,1683.93994140625,1689.9300537109375,1680.449951171875,1684.260009765625,6721536
2026-06-08 20:00:00+00:00,1685.0400390625,1689.260009765625,1678.72998046875,1689.260009765625,71262208
2026-06-08 21:00:00+00:00,1689.52001953125,1713.7099609375,1689.43994140625,1703.27001953125,0
2026-06-08 22:00:00+00:00,1701.3900146484375,1703.5999755859375,1688.199951171875,1702.4599609375,0
2026-06-08 23:00:00+00:00,1702.9000244140625,1713.4200439453125,1686.52001953125,1690.030029296875,0
2026-06-09 00:00:00+00:00,1689.18994140625,1696.199951171875,1660.010009765625,1663.2900390625,0
2026-06-09 01:00:00+00:00,1662.4000244140625,1673.4200439453125,1658.7099609375,1668.219970703125,113605632
2026-06-09 02:00:00+00:00,1668.469970703125,1671.5999755859375,1654.5799560546875,1667.300048828125,0
2026-06-09 03:00:00+00:00,1667.47998046875,1670.8399658203125,1663.3599853515625,1668.8199462890625,0
2026-06-09 04:00:00+00:00,1668.300048828125,1694.1199951171875,1663.77001953125,1685.5999755859375,568548352
2026-06-09 05:00:00+00:00,1685.5,1694.0999755859375,1680.699951171875,1687.3900146484375,0
2026-06-09 06:00:00+00:00,1687.6099853515625,1694.300048828125,1683.1800537109375,1685.25,0
2026-06-09 07:00:00+00:00,1686.300048828125,1690.6300048828125,1674.5,1679.0,0
2026-06-09 08:00:00+00:00,1679.43994140625,1679.699951171875,1668.1199951171875,1674.3699951171875,0
2026-06-09 09:00:00+00:00,1674.510009765625,1679.5799560546875,1665.02001953125,1669.6500244140625,0
2026-06-09 10:00:00+00:00,1670.0999755859375,1675.1300048828125,1666.6500244140625,1674.0,0
2026-06-09 11:00:00+00:00,1673.5400390625,1674.4000244140625,1665.1300048828125,1670.989990234375,0
2026-06-09 12:00:00+00:00,1669.9599609375,1682.0799560546875,1669.9599609375,1675.75,53537792
2026-06-09 13:00:00+00:00,1675.780029296875,1679.199951171875,1663.5400390625,1665.4000244140625,0
2026-06-09 14:00:00+00:00,1665.1400146484375,1669.780029296875,1633.47998046875,1644.800048828125,497754112
2026-06-09 15:00:00+00:00,1644.0899658203125,1652.0699462890625,1633.0799560546875,1635.3599853515625,0
2026-06-09 16:00:00+00:00,1634.1600341796875,1638.1400146484375,1613.010009765625,1631.219970703125,579543040
2026-06-09 17:00:00+00:00,1631.5899658203125,1648.219970703125,1631.06005859375,1641.5899658203125,188013568
2026-06-09 18:00:00+00:00,1641.6600341796875,1653.6800537109375,1638.7900390625,1650.9200439453125,0
2026-06-09 19:00:00+00:00,1650.93994140625,1657.9200439453125,1646.47998046875,1656.699951171875,0
2026-06-09 20:00:00+00:00,1656.300048828125,1661.949951171875,1654.0,1659.3499755859375,499526656
2026-06-09 21:00:00+00:00,1659.43994140625,1660.47998046875,1646.260009765625,1648.56005859375,0
2026-06-09 22:00:00+00:00,1648.72998046875,1653.8299560546875,1638.47998046875,1638.8800048828125,13379584
2026-06-09 23:00:00+00:00,1639.0400390625,1641.5899658203125,1630.31005859375,1638.449951171875,0
2026-06-10 00:00:00+00:00,1639.18994140625,1645.5,1628.949951171875,1644.800048828125,0
2026-06-10 01:00:00+00:00,1644.6500244140625,1645.8699951171875,1632.6700439453125,1637.6700439453125,0
2026-06-10 02:00:00+00:00,1638.239990234375,1641.4000244140625,1620.5899658203125,1622.969970703125,0
2026-06-10 03:00:00+00:00,1622.5999755859375,1634.9599609375,1622.3199462890625,1629.7099609375,0
2026-06-10 04:00:00+00:00,1629.3599853515625,1631.6800537109375,1621.030029296875,1624.719970703125,0
2026-06-10 05:00:00+00:00,1625.1600341796875,1628.6700439453125,1615.1400146484375,1626.81005859375,0
2026-06-10 06:00:00+00:00,1627.280029296875,1632.9599609375,1621.530029296875,1630.75,56221696
2026-06-10 07:00:00+00:00,1630.8900146484375,1641.77001953125,1629.2900390625,1638.8499755859375,0
2026-06-10 08:00:00+00:00,1639.1400146484375,1639.5799560546875,1616.719970703125,1619.9300537109375,0
2026-06-10 09:00:00+00:00,1620.4000244140625,1624.6400146484375,1606.02001953125,1622.4200439453125,0
2026-06-10 10:00:00+00:00,1622.6600341796875,1629.0400390625,1616.780029296875,1627.0400390625,150148096
2026-06-10 11:00:00+00:00,1626.739990234375,1629.02001953125,1610.780029296875,1618.9599609375,308006912
2026-06-10 12:00:00+00:00,1619.0,1642.3800048828125,1614.3499755859375,1634.1400146484375,217206784
2026-06-10 13:00:00+00:00,1634.0899658203125,1666.22998046875,1630.93994140625,1650.4200439453125,0
2026-06-10 14:00:00+00:00,1649.760009765625,1654.1800537109375,1635.510009765625,1645.1199951171875,0
2026-06-10 15:00:00+00:00,1645.550048828125,1662.72998046875,1634.4599609375,1656.5999755859375,108547072
2026-06-10 16:00:00+00:00,1656.0799560546875,1657.2900390625,1631.0799560546875,1640.300048828125,0
2026-06-10 17:00:00+00:00,1640.469970703125,1646.27001953125,1621.1600341796875,1630.8699951171875,795483136
2026-06-10 18:00:00+00:00,1631.1199951171875,1634.449951171875,1621.52001953125,1629.0999755859375,0
2026-06-10 19:00:00+00:00,1628.739990234375,1632.1700439453125,1621.300048828125,1628.0699462890625,0
2026-06-10 20:00:00+00:00,1628.1199951171875,1634.7099609375,1621.8399658203125,1628.9000244140625,92457984
2026-06-10 21:00:00+00:00,1628.4300537109375,1628.4300537109375,1604.8900146484375,1609.5899658203125,0
2026-06-10 22:00:00+00:00,1609.8199462890625,1621.3399658203125,1602.93994140625,1615.18994140625,924317696
2026-06-10 23:00:00+00:00,1613.780029296875,1623.1400146484375,1607.77001953125,1620.2099609375,1931264
2026-06-11 00:00:00+00:00,1620.1800537109375,1633.22998046875,1620.1800537109375,1626.9100341796875,0
2026-06-11 01:00:00+00:00,1627.3599853515625,1645.8399658203125,1627.1300048828125,1641.3699951171875,0
2026-06-11 02:00:00+00:00,1641.8599853515625,1643.4200439453125,1629.0,1639.010009765625,359365632
2026-06-11 03:00:00+00:00,1639.22998046875,1658.0400390625,1634.1199951171875,1651.6600341796875,261534720
2026-06-11 04:00:00+00:00,1651.989990234375,1657.56005859375,1648.0899658203125,1654.8299560546875,152826880
2026-06-11 05:00:00+00:00,1654.6800537109375,1654.6800537109375,1645.760009765625,1646.1600341796875,0
2026-06-11 06:00:00+00:00,1645.9100341796875,1661.1199951171875,1644.4200439453125,1652.9200439453125,596408320
2026-06-11 07:00:00+00:00,1652.3499755859375,1656.239990234375,1649.8499755859375,1652.469970703125,93334528
2026-06-11 08:00:00+00:00,1652.4599609375,1661.5899658203125,1652.4599609375,1657.8900146484375,0
2026-06-11 09:00:00+00:00,1657.3900146484375,1660.1600341796875,1654.3399658203125,1657.1199951171875,0
2026-06-11 10:00:00+00:00,1657.0999755859375,1660.0,1652.280029296875,1657.219970703125,0
2026-06-11 11:00:00+00:00,1656.8499755859375,1670.8499755859375,1655.1199951171875,1665.1099853515625,0
2026-06-11 12:00:00+00:00,1665.0999755859375,1665.3599853515625,1642.239990234375,1650.2099609375,0
2026-06-11 13:00:00+00:00,1650.050048828125,1657.7900390625,1642.6400146484375,1651.239990234375,0
2026-06-11 14:00:00+00:00,1650.9000244140625,1653.6400146484375,1637.239990234375,1641.050048828125,134678528
2026-06-11 15:00:00+00:00,1640.7099609375,1648.6600341796875,1634.5400390625,1643.75,0
2026-06-11 16:00:00+00:00,1643.9100341796875,1647.719970703125,1636.3800048828125,1637.5899658203125,0
2026-06-11 17:00:00+00:00,1637.43994140625,1690.77001953125,1631.1500244140625,1686.530029296875,97122304
2026-06-11 18:00:00+00:00,1686.75,1689.9200439453125,1675.0,1682.1400146484375,566041600
2026-06-11 19:00:00+00:00,1681.97998046875,1690.699951171875,1674.510009765625,1680.4100341796875,578412544
2026-06-11 20:00:00+00:00,1680.8599853515625,1681.4200439453125,1665.699951171875,1670.6700439453125,0
2026-06-11 21:00:00+00:00,1670.6800537109375,1681.3599853515625,1670.489990234375,1675.4200439453125,0
2026-06-11 22:00:00+00:00,1675.280029296875,1681.4200439453125,1673.6300048828125,1674.4200439453125,0
2026-06-11 23:00:00+00:00,1673.1400146484375,1677.0799560546875,1668.469970703125,1671.719970703125,0
2026-06-12 00:00:00+00:00,1671.6800537109375,1675.8399658203125,1667.93994140625,1671.1500244140625,0
2026-06-12 01:00:00+00:00,1670.969970703125,1670.969970703125,1659.7099609375,1665.1500244140625,74789888
2026-06-12 02:00:00+00:00,1665.1500244140625,1675.3900146484375,1664.9599609375,1673.4200439453125,0
2026-06-12 03:00:00+00:00,1673.52001953125,1674.239990234375,1666.4000244140625,1670.800048828125,258441216
2026-06-12 04:00:00+00:00,1670.8800048828125,1679.010009765625,1666.8399658203125,1675.06005859375,0
2026-06-12 05:00:00+00:00,1675.52001953125,1675.52001953125,1660.1500244140625,1661.8499755859375,0
2026-06-12 06:00:00+00:00,1661.1199951171875,1664.47998046875,1650.010009765625,1655.1800537109375,0
2026-06-12 07:00:00+00:00,1655.3800048828125,1661.989990234375,1654.02001953125,1659.9300537109375,487029760
2026-06-12 08:00:00+00:00,1660.1800537109375,1675.47998046875,1659.9300537109375,1671.239990234375,0
2026-06-12 09:00:00+00:00,1671.25,1683.3800048828125,1669.3599853515625,1678.31005859375,520714240
2026-06-12 10:00:00+00:00,1678.300048828125,1681.4100341796875,1669.72998046875,1672.969970703125,121562112
2026-06-12 11:00:00+00:00,1672.8900146484375,1676.5400390625,1669.989990234375,1671.800048828125,0
2026-06-12 12:00:00+00:00,1671.31005859375,1671.31005859375,1661.2900390625,1664.6500244140625,0
2026-06-12 13:00:00+00:00,1664.3900146484375,1667.050048828125,1651.6800537109375,1655.1099853515625,79597568
2026-06-12 14:00:00+00:00,1654.5400390625,1685.0999755859375,1654.5400390625,1684.6400146484375,0
2026-06-12 15:00:00+00:00,1683.8299560546875,1689.800048828125,1657.77001953125,1658.449951171875,593134592
2026-06-12 16:00:00+00:00,1658.4000244140625,1674.489990234375,1656.1099853515625,1671.8699951171875,408941568
2026-06-12 17:00:00+00:00,1671.699951171875,1676.260009765625,1666.31005859375,1667.8900146484375,0
2026-06-12 18:00:00+00:00,1667.9100341796875,1672.219970703125,1662.550048828125,1665.4100341796875,0
2026-06-12 19:00:00+00:00,1665.9100341796875,1671.0999755859375,1663.800048828125,1664.5,0
2026-06-12 20:00:00+00:00,1665.219970703125,1667.0799560546875,1661.0400390625,1664.0400390625,0
2026-06-12 21:00:00+00:00,1664.31005859375,1667.010009765625,1662.2099609375,1663.0999755859375,316702720
2026-06-12 22:00:00+00:00,1663.5999755859375,1666.4200439453125,1660.510009765625,1661.56005859375,0
2026-06-12 23:00:00+00:00,1661.5400390625,1665.550048828125,1658.7099609375,1665.52001953125,506880
2026-06-13 00:00:00+00:00,1665.219970703125,1668.06005859375,1664.31005859375,1666.449951171875,303426560
2026-06-13 01:00:00+00:00,1666.47998046875,1674.4599609375,1665.6300048828125,1672.43994140625,0
2026-06-13 02:00:00+00:00,1673.030029296875,1673.4599609375,1664.4200439453125,1667.010009765625,0
2026-06-13 03:00:00+00:00,1666.9100341796875,1668.5400390625,1662.3900146484375,1664.1700439453125,41547776
2026-06-13 04:00:00+00:00,1664.260009765625,1667.199951171875,1662.5899658203125,1663.5,0
2026-06-13 05:00:00+00:00,1663.699951171875,1664.6099853515625,1661.3399658203125,1664.3699951171875,0
2026-06-13 06:00:00+00:00,1664.4599609375,1669.06005859375,1662.780029296875,1668.780029296875,0
2026-06-13 07:00:00+00:00,1668.7099609375,1676.3299560546875,1667.2900390625,1675.1400146484375,0
2026-06-13 08:00:00+00:00,1675.1700439453125,1678.1400146484375,1672.449951171875,1673.5,0
2026-06-13 09:00:00+00:00,1673.449951171875,1675.27001953125,1671.97998046875,1672.699951171875,0
2026-06-13 10:00:00+00:00,1672.6199951171875,1675.260009765625,1671.77001953125,1672.9599609375,0
2026-06-13 11:00:00+00:00,1673.22998046875,1677.6600341796875,1672.2099609375,1677.260009765625,0
2026-06-13 12:00:00+00:00,1677.27001953125,1682.1300048828125,1675.8699951171875,1679.4100341796875,0
2026-06-13 13:00:00+00:00,1679.5400390625,1680.5,1675.6500244140625,1676.949951171875,0
2026-06-13 14:00:00+00:00,1676.9000244140625,1680.4000244140625,1676.5,1678.8499755859375,0
2026-06-13 15:00:00+00:00,1679.0,1685.0,1677.510009765625,1681.1099853515625,0
2026-06-13 16:00:00+00:00,1681.31005859375,1681.31005859375,1670.199951171875,1675.760009765625,0
2026-06-13 17:00:00+00:00,1676.0699462890625,1677.199951171875,1672.1700439453125,1673.260009765625,0
2026-06-13 18:00:00+00:00,1673.219970703125,1682.3399658203125,1673.219970703125,1677.760009765625,0
2026-06-13 19:00:00+00:00,1677.510009765625,1679.239990234375,1675.06005859375,1677.5799560546875,0
2026-06-13 20:00:00+00:00,1677.6099853515625,1677.6099853515625,1674.219970703125,1675.75,370266624
2026-06-13 21:00:00+00:00,1675.7900390625,1692.8299560546875,1674.1199951171875,1685.5699462890625,141778944
2026-06-13 22:00:00+00:00,1685.5899658203125,1685.5899658203125,1680.6800537109375,1680.81005859375,17541632
2026-06-13 23:00:00+00:00,1680.5999755859375,1683.4200439453125,1677.5699462890625,1679.510009765625,0
2026-06-14 00:00:00+00:00,1680.3699951171875,1682.68994140625,1677.9000244140625,1681.199951171875,30390272
2026-06-14 01:00:00+00:00,1681.1199951171875,1689.1600341796875,1679.4100341796875,1683.4000244140625,0
2026-06-14 02:00:00+00:00,1683.0,1684.9300537109375,1680.719970703125,1681.510009765625,111576064
2026-06-14 03:00:00+00:00,1681.4100341796875,1682.4200439453125,1678.8199462890625,1680.93994140625,0
2026-06-14 04:00:00+00:00,1680.8900146484375,1681.81005859375,1675.510009765625,1677.1099853515625,493666304
2026-06-14 05:00:00+00:00,1677.4000244140625,1678.4200439453125,1673.3699951171875,1677.0999755859375,100588544
2026-06-14 06:00:00+00:00,1677.52001953125,1681.27001953125,1674.699951171875,1675.56005859375,112513536
2026-06-14 07:00:00+00:00,1675.5400390625,1676.5999755859375,1672.9300537109375,1674.8299560546875,0
2026-06-14 08:00:00+00:00,1674.9100341796875,1677.6300048828125,1673.52001953125,1674.4100341796875,0
2026-06-14 09:00:00+00:00,1674.43994140625,1677.6300048828125,1668.510009765625,1677.0899658203125,101064192
2026-06-14 10:00:00+00:00,1677.0799560546875,1677.3299560546875,1672.0699462890625,1672.1300048828125,0
2026-06-14 11:00:00+00:00,1672.0899658203125,1675.800048828125,1671.219970703125,1672.550048828125,0
2026-06-14 12:00:00+00:00,1672.800048828125,1673.3499755859375,1664.5999755859375,1665.699951171875,446948864
2026-06-14 13:00:00+00:00,1666.0699462890625,1667.8299560546875,1663.6099853515625,1665.1199951171875,0
2026-06-14 14:00:00+00:00,1665.43994140625,1668.800048828125,1654.199951171875,1658.6600341796875,262625792
2026-06-14 15:00:00+00:00,1658.6700439453125,1663.8299560546875,1658.6700439453125,1662.1300048828125,0
2026-06-14 16:00:00+00:00,1661.81005859375,1667.6199951171875,1658.0799560546875,1659.8900146484375,0
2026-06-14 17:00:00+00:00,1659.780029296875,1665.3699951171875,1659.4200439453125,1660.9000244140625,45923328
2026-06-14 18:00:00+00:00,1661.239990234375,1662.199951171875,1657.989990234375,1660.719970703125,48099840
2026-06-14 19:00:00+00:00,1660.719970703125,1666.719970703125,1660.1800537109375,1664.0899658203125,0
2026-06-14 20:00:00+00:00,1664.6300048828125,1672.489990234375,1661.449951171875,1669.43994140625,148600320
2026-06-14 21:00:00+00:00,1669.75,1731.3900146484375,1668.6500244140625,1717.8399658203125,1017259520
2026-06-14 22:00:00+00:00,1723.6600341796875,1727.75,1711.530029296875,1721.530029296875,870092800
2026-06-14 23:00:00+00:00,1721.68994140625,1725.3199462890625,1716.0,1724.72998046875,524783104
2026-06-15 00:00:00+00:00,1725.5,1730.6700439453125,1718.8900146484375,1719.97998046875,553200640
2026-06-15 01:00:00+00:00,1720.0,1720.800048828125,1708.97998046875,1715.06005859375,233672704
2026-06-15 02:00:00+00:00,1715.18994140625,1725.4000244140625,1713.3599853515625,1716.0699462890625,154553344
2026-06-15 03:00:00+00:00,1715.969970703125,1723.3599853515625,1714.6500244140625,1719.6199951171875,268750848
2026-06-15 04:00:00+00:00,1719.8199462890625,1719.8199462890625,1715.06005859375,1716.1700439453125,293175296
2026-06-15 05:00:00+00:00,1715.97998046875,1721.780029296875,1715.0999755859375,1719.550048828125,48958464
2026-06-15 06:00:00+00:00,1719.719970703125,1722.199951171875,1717.280029296875,1718.8900146484375,0
2026-06-15 07:00:00+00:00,1718.81005859375,1722.4100341796875,1715.1300048828125,1715.3199462890625,701444096
2026-06-15 08:00:00+00:00,1715.4000244140625,1720.9599609375,1714.52001953125,1719.280029296875,234911744
2026-06-15 09:00:00+00:00,1719.199951171875,1725.6400146484375,1711.4300537109375,1717.3599853515625,228901888
2026-06-15 10:00:00+00:00,1717.3499755859375,1743.6099853515625,1717.1199951171875,1736.43994140625,442598400
2026-06-15 11:00:00+00:00,1736.050048828125,1765.449951171875,1733.0400390625,1763.75,1284745216
2026-06-15 12:00:00+00:00,1764.3800048828125,1776.4000244140625,1759.530029296875,1776.2900390625,975078400
2026-06-15 13:00:00+00:00,1776.1300048828125,1825.949951171875,1773.75,1813.199951171875,2104374272
2026-06-15 14:00:00+00:00,1813.7099609375,1817.280029296875,1803.699951171875,1813.4000244140625,518917120
2026-06-15 15:00:00+00:00,1813.3699951171875,1848.3900146484375,1812.489990234375,1844.4000244140625,957200384
2026-06-15 16:00:00+00:00,1844.780029296875,1846.0,1836.77001953125,1842.1400146484375,953348096
2026-06-15 17:00:00+00:00,1841.5999755859375,1841.5999755859375,1823.3399658203125,1828.31005859375,759488512
2026-06-15 18:00:00+00:00,1828.280029296875,1834.5400390625,1824.9100341796875,1827.260009765625,280035328
2026-06-15 19:00:00+00:00,1826.52001953125,1833.72998046875,1812.2900390625,1820.5699462890625,427931648
2026-06-15 20:00:00+00:00,1820.27001953125,1825.050048828125,1814.5899658203125,1815.8599853515625,43745280
2026-06-15 21:00:00+00:00,1815.969970703125,1820.6300048828125,1808.3399658203125,1810.3499755859375,0
2026-06-15 22:00:00+00:00,1810.27001953125,1812.3299560546875,1786.050048828125,1788.6500244140625,0
2026-06-15 23:00:00+00:00,1788.5999755859375,1795.6800537109375,1783.3199462890625,1795.010009765625,0
2026-06-16 00:00:00+00:00,1794.6099853515625,1799.989990234375,1787.8399658203125,1788.5999755859375,195608576
2026-06-16 01:00:00+00:00,1788.52001953125,1796.18994140625,1787.9000244140625,1791.0999755859375,0
2026-06-16 02:00:00+00:00,1791.030029296875,1792.989990234375,1766.4599609375,1769.0999755859375,251768832
2026-06-16 03:00:00+00:00,1769.219970703125,1779.300048828125,1763.949951171875,1777.97998046875,242849792
2026-06-16 04:00:00+00:00,1778.0799560546875,1781.9300537109375,1758.1600341796875,1759.699951171875,122238976
2026-06-16 05:00:00+00:00,1759.6300048828125,1765.0,1759.6300048828125,1761.010009765625,121538560
2026-06-16 06:00:00+00:00,1761.5699462890625,1772.9200439453125,1761.3699951171875,1770.4200439453125,141348864
2026-06-16 07:00:00+00:00,1770.6500244140625,1775.4300537109375,1768.010009765625,1773.260009765625,81915904
2026-06-16 08:00:00+00:00,1773.1300048828125,1805.9599609375,1772.280029296875,1801.550048828125,313796608
2026-06-16 09:00:00+00:00,1801.2099609375,1804.25,1785.72998046875,1788.280029296875,292089856
2026-06-16 10:00:00+00:00,1788.550048828125,1798.8800048828125,1787.300048828125,1792.239990234375,0
2026-06-16 11:00:00+00:00,1792.280029296875,1798.4000244140625,1789.75,1798.1099853515625,0
2026-06-16 12:00:00+00:00,1798.4300537109375,1838.0,1795.3299560546875,1813.0799560546875,262938624
2026-06-16 13:00:00+00:00,1813.4599609375,1815.239990234375,1791.030029296875,1795.9300537109375,0
2026-06-16 14:00:00+00:00,1796.3599853515625,1803.97998046875,1762.3699951171875,1778.989990234375,482354176
2026-06-16 15:00:00+00:00,1778.780029296875,1786.3199462890625,1773.31005859375,1780.9300537109375,0
2026-06-16 16:00:00+00:00,1780.8299560546875,1784.0400390625,1771.760009765625,1776.4200439453125,0
2026-06-16 17:00:00+00:00,1776.949951171875,1798.260009765625,1776.1199951171875,1793.56005859375,0
2026-06-16 18:00:00+00:00,1793.9200439453125,1806.6099853515625,1791.1700439453125,1797.760009765625,172509184
2026-06-16 19:00:00+00:00,1797.0,1799.5999755859375,1788.7099609375,1793.739990234375,0
2026-06-16 20:00:00+00:00,1792.47998046875,1796.8499755859375,1787.93994140625,1796.2900390625,41939968
2026-06-16 21:00:00+00:00,1796.4599609375,1799.1099853515625,1789.2099609375,1794.43994140625,0
2026-06-16 22:00:00+00:00,1794.469970703125,1797.5899658203125,1789.3699951171875,1794.6400146484375,0
2026-06-16 23:00:00+00:00,1794.7900390625,1797.22998046875,1789.6199951171875,1791.239990234375,1306624
2026-06-17 00:00:00+00:00,1791.6199951171875,1797.31005859375,1790.56005859375,1792.300048828125,0
2026-06-17 01:00:00+00:00,1792.300048828125,1797.530029296875,1778.5999755859375,1795.81005859375,129264640
2026-06-17 02:00:00+00:00,1796.0400390625,1807.449951171875,1786.989990234375,1793.8299560546875,0
2026-06-17 03:00:00+00:00,1793.8800048828125,1795.010009765625,1785.8800048828125,1791.9200439453125,151093248
2026-06-17 04:00:00+00:00,1792.43994140625,1798.9300537109375,1790.52001953125,1792.47998046875,0
2026-06-17 05:00:00+00:00,1792.6800537109375,1797.5899658203125,1787.52001953125,1792.3399658203125,0
2026-06-17 06:00:00+00:00,1792.4200439453125,1795.3399658203125,1784.9599609375,1788.6099853515625,372441088
2026-06-17 07:00:00+00:00,1788.719970703125,1790.7900390625,1777.199951171875,1783.4599609375,0
2026-06-17 08:00:00+00:00,1783.3599853515625,1784.449951171875,1759.280029296875,1763.550048828125,0
2026-06-17 09:00:00+00:00,1763.219970703125,1775.56005859375,1763.219970703125,1771.3399658203125,304522240
2026-06-17 10:00:00+00:00,1771.510009765625,1774.219970703125,1765.719970703125,1766.8699951171875,0
2026-06-17 11:00:00+00:00,1767.4000244140625,1768.8599853515625,1758.5,1762.4100341796875,51284992
2026-06-17 12:00:00+00:00,1762.8399658203125,1764.199951171875,1742.18994140625,1757.989990234375,0
2026-06-17 13:00:00+00:00,1757.5899658203125,1770.31005859375,1753.300048828125,1760.0,31069184
2026-06-17 14:00:00+00:00,1759.4300537109375,1764.010009765625,1741.0799560546875,1753.6700439453125,495980544
2026-06-17 15:00:00+00:00,1754.0400390625,1775.800048828125,1750.0,1771.949951171875,1410081792
2026-06-17 16:00:00+00:00,1772.5799560546875,1790.239990234375,1768.2099609375,1770.510009765625,1338973184
2026-06-17 17:00:00+00:00,1771.050048828125,1793.5999755859375,1767.1700439453125,1787.5,1531351040
2026-06-17 18:00:00+00:00,1780.510009765625,1785.3800048828125,1745.6400146484375,1772.699951171875,1377411072
