timestamp,open,high,low,close,volume
2026-03-30 00:00:00+00:00,1982.7396240234375,2017.94091796875,1980.2283935546875,1997.441650390625,155931648
2026-03-30 01:00:00+00:00,1996.07861328125,2013.51025390625,1996.07861328125,2008.5010986328125,219624448
2026-03-30 02:00:00+00:00,2008.6363525390625,2040.25927734375,2007.8828125,2028.32080078125,733214720
2026-03-30 03:00:00+00:00,2028.32080078125,2039.1279296875,2026.2650146484375,2034.908447265625,387220480
2026-03-30 04:00:00+00:00,2034.2567138671875,2048.5859375,2034.2567138671875,2046.7994384765625,827837440
2026-03-30 05:00:00+00:00,2047.064208984375,2054.5400390625,2046.9818115234375,2047.18212890625,531933184
2026-03-30 06:00:00+00:00,2046.897705078125,2049.73828125,2041.18701171875,2041.6219482421875,326726656
2026-03-30 07:00:00+00:00,2041.0738525390625,2062.119384765625,2040.697021484375,2056.402587890625,307741696
2026-03-30 08:00:00+00:00,2057.592041015625,2067.2421875,2057.592041015625,2061.462158203125,713869312
2026-03-30 09:00:00+00:00,2061.185302734375,2061.254150390625,2052.7705078125,2053.618408203125,219342848
2026-03-30 10:00:00+00:00,2053.585693359375,2055.970458984375,2048.578369140625,2055.49658203125,152919040
2026-03-30 11:00:00+00:00,2056.12255859375,2073.511962890625,2056.12255859375,2067.920654296875,640467968
2026-03-30 12:00:00+00:00,2068.7822265625,2075.125,2068.774658203125,2074.00537109375,326894592
2026-03-30 13:00:00+00:00,2073.6416015625,2081.444091796875,2059.470458984375,2059.470458984375,401065984
2026-03-30 14:00:00+00:00,2058.920166015625,2072.772216796875,2044.940673828125,2070.80859375,629725184
2026-03-30 15:00:00+00:00,2070.507080078125,2077.70361328125,2062.139892578125,2073.0029296875,707963904
2026-03-30 16:00:00+00:00,2072.90966796875,2072.90966796875,2058.291015625,2060.83447265625,125788160
2026-03-30 17:00:00+00:00,2063.531005859375,2067.3671875,2035.12744140625,2038.9593505859375,670564352
2026-03-30 18:00:00+00:00,2039.8055419921875,2041.98828125,2026.7572021484375,2028.980224609375,468074496
2026-03-30 19:00:00+00:00,2030.3248291015625,2030.3248291015625,2012.4656982421875,2021.131103515625,514138112
2026-03-30 20:00:00+00:00,2022.2886962890625,2024.89111328125,2020.1563720703125,2023.254638671875,130400256
2026-03-30 21:00:00+00:00,2022.408203125,2046.50146484375,2020.2020263671875,2036.4232177734375,506241024
2026-03-30 22:00:00+00:00,2035.319091796875,2042.327880859375,2029.478759765625,2031.6497802734375,0
2026-03-30 23:00:00+00:00,2031.589599609375,2031.589599609375,2013.5595703125,2023.5206298828125,2437120
2026-03-31 00:00:00+00:00,2024.5008544921875,2037.9962158203125,2016.0306396484375,2033.32470703125,0
2026-03-31 01:00:00+00:00,2034.4808349609375,2086.43115234375,2031.73779296875,2073.0546875,883318784
2026-03-31 02:00:00+00:00,2072.234375,2079.876953125,2067.4453125,2073.50634765625,0
2026-03-31 03:00:00+00:00,2072.93212890625,2074.4892578125,2060.63720703125,2066.255615234375,0
2026-03-31 04:00:00+00:00,2065.782470703125,2069.727294921875,2056.21826171875,2058.868408203125,0
2026-03-31 05:00:00+00:00,2059.136474609375,2067.03271484375,2054.524169921875,2062.042236328125,0
2026-03-31 06:00:00+00:00,2062.581298828125,2062.581298828125,2054.352783203125,2060.736328125,0
2026-03-31 07:00:00+00:00,2060.693603515625,2060.693603515625,2043.147705078125,2054.0234375,59077632
2026-03-31 08:00:00+00:00,2054.213134765625,2056.8046875,2035.4912109375,2039.8831787109375,0
2026-03-31 09:00:00+00:00,2038.951416015625,2041.0687255859375,2012.5635986328125,2014.5152587890625,417406976
2026-03-31 10:00:00+00:00,2017.5394287109375,2028.126220703125,2016.8328857421875,2024.5086669921875,76755968
2026-03-31 11:00:00+00:00,2024.8355712890625,2041.59521484375,2021.7269287109375,2039.4915771484375,365189120
2026-03-31 12:00:00+00:00,2039.729736328125,2054.678955078125,2034.7430419921875,2045.5721435546875,233056256
2026-03-31 13:00:00+00:00,2046.1075439453125,2076.550537109375,2046.1075439453125,2072.784912109375,14815232
2026-03-31 14:00:00+00:00,2072.193359375,2087.71484375,2040.046142578125,2044.67822265625,267679744
2026-03-31 15:00:00+00:00,2044.6629638671875,2073.86474609375,2044.6629638671875,2054.0,538630144
2026-03-31 16:00:00+00:00,2052.734130859375,2101.988525390625,2052.734130859375,2088.462890625,1123262464
2026-03-31 17:00:00+00:00,2089.548583984375,2117.06591796875,2089.291015625,2090.33984375,1029740544
2026-03-31 18:00:00+00:00,2091.391845703125,2110.700927734375,2091.391845703125,2096.3154296875,571334656
2026-03-31 19:00:00+00:00,2098.146240234375,2101.58203125,2092.659423828125,2093.798828125,0
2026-03-31 20:00:00+00:00,2095.26806640625,2106.4052734375,2095.26806640625,2105.4326171875,155998208
2026-03-31 21:00:00+00:00,2105.7919921875,2105.7919921875,2093.2802734375,2100.22314453125,0
2026-03-31 22:00:00+00:00,2100.8994140625,2101.345947265625,2089.087158203125,2094.710693359375,221800448
2026-03-31 23:00:00+00:00,2094.162109375,2105.223388671875,2091.66162109375,2104.717529296875,26820608
2026-04-01 00:00:00+00:00,2104.250732421875,2112.5205078125,2095.48095703125,2112.5205078125,0
2026-04-01 01:00:00+00:00,2112.43701171875,2112.43701171875,2091.292236328125,2091.506591796875,0
2026-04-01 02:00:00+00:00,2091.086181640625,2093.959716796875,2083.617431640625,2086.667724609375,0
2026-04-01 03:00:00+00:00,2086.911376953125,2104.4814453125,2086.911376953125,2100.595703125,25122816
2026-04-01 04:00:00+00:00,2100.845458984375,2113.5673828125,2099.471435546875,2109.41259765625,0
2026-04-01 05:00:00+00:00,2109.70556640625,2130.74658203125,2105.689697265625,2121.65478515625,395808768
2026-04-01 06:00:00+00:00,2121.551025390625,2152.89990234375,2121.551025390625,2150.81787109375,792823808
2026-04-01 07:00:00+00:00,2150.11669921875,2154.092041015625,2129.943603515625,2129.943603515625,481581056
2026-04-01 08:00:00+00:00,2129.822509765625,2141.117431640625,2125.197265625,2137.327880859375,214491136
2026-04-01 09:00:00+00:00,2136.439697265625,2138.39697265625,2128.0517578125,2135.962646484375,0
2026-04-01 10:00:00+00:00,2135.733154296875,2136.099853515625,2126.5595703125,2130.83349609375,0
2026-04-01 11:00:00+00:00,2131.889892578125,2136.70068359375,2131.041015625,2134.9306640625,47433728
2026-04-01 12:00:00+00:00,2134.8154296875,2137.313232421875,2123.587890625,2129.20703125,12306432
2026-04-01 13:00:00+00:00,2129.373046875,2132.816162109375,2110.518310546875,2118.9423828125,309379072
2026-04-01 14:00:00+00:00,2117.650634765625,2128.2265625,2114.473388671875,2125.775390625,0
2026-04-01 15:00:00+00:00,2125.719970703125,2135.73828125,2122.71435546875,2135.73828125,0
2026-04-01 16:00:00+00:00,2134.718017578125,2148.290771484375,2125.362548828125,2144.82861328125,0
2026-04-01 17:00:00+00:00,2145.51611328125,2164.634033203125,2133.990234375,2136.0107421875,0
2026-04-01 18:00:00+00:00,2136.18603515625,2136.18603515625,2125.192138671875,2126.3759765625,0
2026-04-01 19:00:00+00:00,2127.939697265625,2143.9384765625,2127.939697265625,2142.76171875,560697344
2026-04-01 20:00:00+00:00,2140.275634765625,2146.20654296875,2132.070068359375,2143.640625,18626560
2026-04-01 21:00:00+00:00,2143.348388671875,2161.6953125,2143.28857421875,2161.6953125,591673344
2026-04-01 22:00:00+00:00,2157.626708984375,2157.626708984375,2138.4658203125,2139.337646484375,720414720
2026-04-01 23:00:00+00:00,2139.815673828125,2144.26220703125,2136.624267578125,2138.7236328125,9469952
2026-04-02 00:00:00+00:00,2139.6318359375,2158.142822265625,2137.595703125,2156.428466796875,0
2026-04-02 01:00:00+00:00,2155.8818359375,2155.8818359375,2092.893798828125,2099.548828125,1609259008
2026-04-02 02:00:00+00:00,2099.809814453125,2099.809814453125,2067.2431640625,2073.717529296875,420237312
2026-04-02 03:00:00+00:00,2073.475341796875,2075.318603515625,2049.51025390625,2055.976318359375,751032320
2026-04-02 04:00:00+00:00,2055.934814453125,2056.9609375,2042.84521484375,2045.0712890625,291936256
2026-04-02 05:00:00+00:00,2044.564453125,2049.998046875,2039.865478515625,2049.998046875,0
2026-04-02 06:00:00+00:00,2050.15234375,2052.60888671875,2045.600341796875,2049.264404296875,0
2026-04-02 07:00:00+00:00,2049.537353515625,2055.843505859375,2044.00732421875,2055.53759765625,0
2026-04-02 08:00:00+00:00,2055.334716796875,2055.334716796875,2045.945068359375,2045.945068359375,0
2026-04-02 09:00:00+00:00,2046.0555419921875,2046.9517822265625,2040.6534423828125,2042.7421875,0
2026-04-02 10:00:00+00:00,2042.7437744140625,2043.5076904296875,2033.241455078125,2038.0059814453125,45582336
2026-04-02 11:00:00+00:00,2037.97265625,2038.91552734375,2031.4932861328125,2032.4854736328125,0
2026-04-02 12:00:00+00:00,2032.5250244140625,2032.5250244140625,2025.2239990234375,2026.0872802734375,0
2026-04-02 13:00:00+00:00,2026.2901611328125,2034.9320068359375,2017.6328125,2034.9320068359375,0
2026-04-02 14:00:00+00:00,2038.029541015625,2069.473388671875,2034.072265625,2066.66650390625,809533440
2026-04-02 15:00:00+00:00,2064.337890625,2065.6123046875,2048.9814453125,2058.19384765625,360775680
2026-04-02 16:00:00+00:00,2059.352783203125,2069.140380859375,2053.086669921875,2064.193603515625,109465600
2026-04-02 17:00:00+00:00,2063.226318359375,2069.88232421875,2045.4083251953125,2045.4083251953125,0
2026-04-02 18:00:00+00:00,2046.3734130859375,2060.94580078125,2043.736083984375,2057.864013671875,0
2026-04-02 19:00:00+00:00,2058.04931640625,2065.217529296875,2055.741455078125,2065.14208984375,212353024
2026-04-02 20:00:00+00:00,2064.729736328125,2073.099609375,2061.384033203125,2068.339111328125,0
2026-04-02 21:00:00+00:00,2068.024169921875,2069.22998046875,2057.3232421875,2062.5146484375,0
2026-04-02 22:00:00+00:00,2060.7744140625,2064.2578125,2055.6005859375,2061.254638671875,0
2026-04-02 23:00:00+00:00,2060.03173828125,2060.929931640625,2054.428466796875,2056.704833984375,0
2026-04-03 00:00:00+00:00,2056.783447265625,2058.73046875,2050.496826171875,2051.840576171875,0
2026-04-03 01:00:00+00:00,2052.532470703125,2061.4921875,2045.9210205078125,2049.844482421875,0
2026-04-03 02:00:00+00:00,2049.82373046875,2058.46240234375,2042.3604736328125,2051.3525390625,0
2026-04-03 03:00:00+00:00,2051.83740234375,2056.550537109375,2049.96337890625,2054.169677734375,0
2026-04-03 04:00:00+00:00,2054.07763671875,2056.095703125,2049.24658203125,2054.289306640625,0
2026-04-03 05:00:00+00:00,2054.20556640625,2061.9091796875,2049.39990234375,2056.29296875,0
2026-04-03 06:00:00+00:00,2056.75390625,2065.9140625,2055.91162109375,2063.132080078125,0
2026-04-03 07:00:00+00:00,2063.37158203125,2071.96484375,2063.075927734375,2065.443603515625,0
2026-04-03 08:00:00+00:00,2065.919677734375,2071.226806640625,2058.8515625,2060.89306640625,5945344
2026-04-03 09:00:00+00:00,2060.517578125,2063.22607421875,2057.811767578125,2060.93212890625,0
2026-04-03 10:00:00+00:00,2061.012939453125,2061.012939453125,2053.602294921875,2059.96337890625,0
2026-04-03 11:00:00+00:00,2059.77734375,2063.94873046875,2057.901123046875,2062.5751953125,0
2026-04-03 12:00:00+00:00,2062.582275390625,2066.6025390625,2047.577880859375,2050.2685546875,25723904
2026-04-03 13:00:00+00:00,2049.868408203125,2050.564453125,2042.60791015625,2048.442138671875,0
2026-04-03 14:00:00+00:00,2048.089111328125,2055.570068359375,2046.162841796875,2055.34765625,0
2026-04-03 15:00:00+00:00,2054.806640625,2056.7021484375,2049.589111328125,2051.186279296875,0
2026-04-03 16:00:00+00:00,2051.29248046875,2055.52685546875,2050.009521484375,2054.999755859375,0
2026-04-03 17:00:00+00:00,2054.718994140625,2054.718994140625,2044.6826171875,2049.798828125,0
2026-04-03 18:00:00+00:00,2049.9619140625,2052.67333984375,2047.864013671875,2048.756103515625,0
2026-04-03 19:00:00+00:00,2048.7587890625,2053.02099609375,2046.3101806640625,2052.67822265625,0
2026-04-03 20:00:00+00:00,2052.812255859375,2054.070068359375,2052.017333984375,2053.062744140625,0
2026-04-03 21:00:00+00:00,2052.668701171875,2058.7158203125,2052.566650390625,2058.292236328125,0
2026-04-03 22:00:00+00:00,2058.5009765625,2058.5009765625,2050.847900390625,2051.873046875,97265664
2026-04-03 23:00:00+00:00,2051.819580078125,2053.647705078125,2048.949951171875,2053.58447265625,0
2026-04-04 00:00:00+00:00,2053.509033203125,2053.509033203125,2051.384033203125,2051.70458984375,0
2026-04-04 01:00:00+00:00,2051.798095703125,2053.088134765625,2049.768310546875,2050.819580078125,0
2026-04-04 02:00:00+00:00,2050.89990234375,2052.791748046875,2047.869873046875,2048.5400390625,0
2026-04-04 03:00:00+00:00,2048.943115234375,2051.336669921875,2048.943115234375,2049.638427734375,0
2026-04-04 04:00:00+00:00,2049.790771484375,2050.787353515625,2048.21484375,2050.614501953125,0
2026-04-04 05:00:00+00:00,2050.688232421875,2053.74462890625,2050.449462890625,2053.273193359375,0
2026-04-04 06:00:00+00:00,2053.139404296875,2056.794189453125,2052.77197265625,2056.28515625,0
2026-04-04 07:00:00+00:00,2056.09814453125,2056.596435546875,2051.7333984375,2053.59814453125,0
2026-04-04 08:00:00+00:00,2053.244384765625,2054.3251953125,2049.45849609375,2049.88330078125,0
2026-04-04 09:00:00+00:00,2050.00634765625,2050.984619140625,2049.218505859375,2049.943115234375,0
2026-04-04 10:00:00+00:00,2049.9423828125,2053.8701171875,2047.526123046875,2053.79931640625,0
2026-04-04 11:00:00+00:00,2053.912841796875,2054.29150390625,2050.911376953125,2050.98828125,28116480
2026-04-04 12:00:00+00:00,2051.208740234375,2052.2958984375,2048.15478515625,2049.33349609375,0
2026-04-04 13:00:00+00:00,2049.275390625,2054.021240234375,2049.275390625,2053.4716796875,0
2026-04-04 14:00:00+00:00,2053.244873046875,2053.91748046875,2045.7276611328125,2052.1181640625,0
2026-04-04 15:00:00+00:00,2052.884521484375,2057.936767578125,2052.086181640625,2055.461181640625,62242816
2026-04-04 16:00:00+00:00,2055.71044921875,2060.57080078125,2053.618408203125,2057.714111328125,0
2026-04-04 17:00:00+00:00,2055.387939453125,2057.299560546875,2053.309326171875,2056.695556640625,78295040
2026-04-04 18:00:00+00:00,2056.53857421875,2057.76806640625,2054.8349609375,2055.1416015625,0
2026-04-04 19:00:00+00:00,2055.04443359375,2078.2021484375,2054.931640625,2066.141845703125,531153408
2026-04-04 20:00:00+00:00,2064.878173828125,2064.878173828125,2059.871826171875,2062.415283203125,42992128
2026-04-04 21:00:00+00:00,2062.535400390625,2070.438232421875,2062.535400390625,2068.439208984375,0
2026-04-04 22:00:00+00:00,2068.44873046875,2071.501953125,2068.23779296875,2069.00537109375,0
2026-04-04 23:00:00+00:00,2069.065673828125,2069.065673828125,2062.389404296875,2065.37060546875,228352
2026-04-05 00:00:00+00:00,2064.6982421875,2065.340087890625,2060.919677734375,2060.9384765625,0
2026-04-05 01:00:00+00:00,2061.12255859375,2062.184326171875,2057.254150390625,2057.458251953125,65582080
2026-04-05 02:00:00+00:00,2057.3681640625,2059.426513671875,2054.262939453125,2059.392822265625,0
2026-04-05 03:00:00+00:00,2059.362060546875,2059.602783203125,2055.369384765625,2056.03076171875,0
2026-04-05 04:00:00+00:00,2056.1796875,2057.419921875,2054.12744140625,2054.86279296875,0
2026-04-05 05:00:00+00:00,2054.774169921875,2056.19091796875,2047.294921875,2047.4576416015625,0
2026-04-05 06:00:00+00:00,2047.6842041015625,2047.8270263671875,2028.034423828125,2038.6175537109375,499951616
2026-04-05 07:00:00+00:00,2038.4066162109375,2041.531982421875,2034.553466796875,2036.6468505859375,52205056
2026-04-05 08:00:00+00:00,2036.7965087890625,2038.778564453125,2035.546630859375,2038.778564453125,21467136
2026-04-05 09:00:00+00:00,2038.7237548828125,2045.1861572265625,2038.6806640625,2044.24755859375,5663744
2026-04-05 10:00:00+00:00,2043.9534912109375,2050.158447265625,2042.47705078125,2044.1474609375,0
2026-04-05 11:00:00+00:00,2044.177001953125,2044.8609619140625,2040.3768310546875,2041.9068603515625,0
2026-04-05 12:00:00+00:00,2041.7825927734375,2041.7825927734375,2022.9166259765625,2027.698974609375,329403392
2026-04-05 13:00:00+00:00,2027.9129638671875,2035.7213134765625,2025.4427490234375,2035.7213134765625,77903872
2026-04-05 14:00:00+00:00,2035.804931640625,2041.838623046875,2035.804931640625,2037.7689208984375,37125120
2026-04-05 15:00:00+00:00,2037.84326171875,2065.145751953125,2034.1983642578125,2052.884521484375,358429184
2026-04-05 16:00:00+00:00,2053.35400390625,2057.96875,2050.4912109375,2050.818115234375,617984
2026-04-05 17:00:00+00:00,2051.124755859375,2061.18408203125,2048.982177734375,2061.18408203125,114441728
2026-04-05 18:00:00+00:00,2061.427001953125,2065.274658203125,2057.246337890625,2061.309814453125,233815040
2026-04-05 19:00:00+00:00,2061.793212890625,2068.34375,2057.84033203125,2060.17822265625,0
2026-04-05 20:00:00+00:00,2060.791015625,2071.815673828125,2060.791015625,2068.194580078125,94902272
2026-04-05 21:00:00+00:00,2068.282958984375,2068.282958984375,2056.943115234375,2060.644287109375,137617920
2026-04-05 22:00:00+00:00,2059.343994140625,2085.42822265625,2050.3388671875,2085.42822265625,412319744
2026-04-05 23:00:00+00:00,2084.735595703125,2120.197265625,2082.469482421875,2108.935791015625,1178936320
2026-04-06 00:00:00+00:00,2108.78466796875,2128.188232421875,2108.78466796875,2121.352294921875,1145029632
2026-04-06 01:00:00+00:00,2121.19189453125,2123.031005859375,2112.477294921875,2115.237548828125,480922624
2026-04-06 02:00:00+00:00,2114.2294921875,2138.96044921875,2114.2294921875,2133.113525390625,769198080
2026-04-06 03:00:00+00:00,2132.951171875,2135.754150390625,2126.49365234375,2127.347900390625,423202816
2026-04-06 04:00:00+00:00,2127.865478515625,2133.042236328125,2124.92626953125,2130.078857421875,369502208
2026-04-06 05:00:00+00:00,2130.212890625,2132.1923828125,2128.188232421875,2130.30859375,77728768
2026-04-06 06:00:00+00:00,2130.528076171875,2137.52783203125,2120.485595703125,2126.919921875,46282752
2026-04-06 07:00:00+00:00,2126.69921875,2138.158447265625,2122.70703125,2134.205810546875,328267776
2026-04-06 08:00:00+00:00,2134.17041015625,2143.504150390625,2133.94482421875,2138.45751953125,345988096
2026-04-06 09:00:00+00:00,2137.998046875,2167.12060546875,2137.998046875,2151.405029296875,1566028800
2026-04-06 10:00:00+00:00,2150.636962890625,2156.443115234375,2150.403564453125,2152.04345703125,317365248
2026-04-06 11:00:00+00:00,2152.85986328125,2153.219482421875,2147.923583984375,2150.654052734375,310884352
2026-04-06 12:00:00+00:00,2151.124755859375,2153.398193359375,2143.99169921875,2143.99169921875,0
2026-04-06 13:00:00+00:00,2142.94677734375,2147.7958984375,2139.0859375,2143.6328125,497654784
2026-04-06 14:00:00+00:00,2144.143310546875,2162.4052734375,2138.559326171875,2158.529541015625,1286632448
2026-04-06 15:00:00+00:00,2157.078125,2167.858642578125,2156.663330078125,2163.984130859375,130910208
2026-04-06 16:00:00+00:00,2164.294921875,2165.77392578125,2143.33349609375,2143.33349609375,379168768
2026-04-06 17:00:00+00:00,2141.249755859375,2141.249755859375,2124.353271484375,2135.0693359375,866707456
2026-04-06 18:00:00+00:00,2134.876708984375,2147.47900390625,2132.412841796875,2144.748046875,231862272
2026-04-06 19:00:00+00:00,2144.86376953125,2144.86376953125,2136.726806640625,2144.7587890625,4251648
2026-04-06 20:00:00+00:00,2144.211669921875,2152.958984375,2140.23193359375,2149.94384765625,250632192
2026-04-06 21:00:00+00:00,2149.075927734375,2149.075927734375,2138.335205078125,2139.9072265625,0
2026-04-06 22:00:00+00:00,2139.72119140625,2140.1396484375,2111.744384765625,2111.744384765625,0
2026-04-06 23:00:00+00:00,2106.254638671875,2108.99560546875,2089.66650390625,2107.784912109375,0
2026-04-07 00:00:00+00:00,2107.446533203125,2118.083740234375,2107.0146484375,2113.569580078125,0
2026-04-07 01:00:00+00:00,2112.62255859375,2117.2578125,2098.490478515625,2099.81396484375,0
2026-04-07 02:00:00+00:00,2099.692626953125,2110.049560546875,2094.010009765625,2105.752197265625,0
2026-04-07 03:00:00+00:00,2106.193115234375,2109.030029296875,2104.81982421875,2107.921630859375,0
2026-04-07 04:00:00+00:00,2107.880859375,2118.062255859375,2103.681884765625,2115.56103515625,0
2026-04-07 05:00:00+00:00,2114.044677734375,2114.044677734375,2103.874755859375,2104.580078125,33282048
2026-04-07 06:00:00+00:00,2104.989990234375,2104.989990234375,2096.685546875,2103.48779296875,0
2026-04-07 07:00:00+00:00,2103.673095703125,2105.187255859375,2099.05712890625,2103.8037109375,0
2026-04-07 08:00:00+00:00,2103.7890625,2115.214111328125,2103.7890625,2115.214111328125,0
2026-04-07 09:00:00+00:00,2114.776611328125,2130.860595703125,2114.580810546875,2127.593017578125,0
2026-04-07 10:00:00+00:00,2127.748779296875,2130.00830078125,2087.28662109375,2088.40234375,444383232
2026-04-07 11:00:00+00:00,2088.975830078125,2093.039794921875,2082.858154296875,2089.764892578125,375572480
2026-04-07 12:00:00+00:00,2089.2890625,2089.2890625,2075.32568359375,2087.69189453125,246345728
2026-04-07 13:00:00+00:00,2086.638671875,2091.160888671875,2074.948974609375,2076.43017578125,106476544
2026-04-07 14:00:00+00:00,2076.104248046875,2077.200927734375,2062.679443359375,2071.477783203125,0
2026-04-07 15:00:00+00:00,2069.432861328125,2081.09033203125,2065.142333984375,2079.448974609375,0
2026-04-07 16:00:00+00:00,2079.685546875,2088.608154296875,2077.7763671875,2083.22119140625,0
2026-04-07 17:00:00+00:00,2083.186767578125,2104.1298828125,2080.057373046875,2099.85205078125,0
2026-04-07 18:00:00+00:00,2099.251953125,2100.757080078125,2083.0107421875,2085.90185546875,0
2026-04-07 19:00:00+00:00,2085.75927734375,2113.9130859375,2084.686279296875,2110.76025390625,104253440
2026-04-07 20:00:00+00:00,2113.559814453125,2123.087646484375,2111.25732421875,2114.2001953125,770935808
2026-04-07 21:00:00+00:00,2114.83349609375,2150.84033203125,2114.83349609375,2144.84033203125,1026171904
2026-04-07 22:00:00+00:00,2144.705810546875,2207.716064453125,2144.705810546875,2207.716064453125,989968384
2026-04-07 23:00:00+00:00,2223.91796875,2266.74609375,2217.373291015625,2242.276611328125,3415396352
2026-04-08 00:00:00+00:00,2239.89404296875,2248.41748046875,2228.89306640625,2234.322998046875,1005021184
2026-04-08 01:00:00+00:00,2234.867919921875,2241.406005859375,2231.59814453125,2234.504638671875,234604544
2026-04-08 02:00:00+00:00,2233.442626953125,2243.964111328125,2231.465087890625,2234.5556640625,459864064
2026-04-08 03:00:00+00:00,2234.791259765625,2238.574462890625,2232.42578125,2234.14501953125,222820352
2026-04-08 04:00:00+00:00,2234.5625,2250.93017578125,2234.5625,2244.0888671875,556099584
2026-04-08 05:00:00+00:00,2242.665283203125,2244.41748046875,2238.82568359375,2240.085205078125,212549632
2026-04-08 06:00:00+00:00,2240.00244140625,2251.428466796875,2236.417236328125,2245.58154296875,237637632
2026-04-08 07:00:00+00:00,2245.369140625,2257.76708984375,2244.531494140625,2251.97705078125,687931392
2026-04-08 08:00:00+00:00,2252.7685546875,2258.592529296875,2251.101806640625,2255.31005859375,225363968
2026-04-08 09:00:00+00:00,2256.239990234375,2261.873779296875,2246.54443359375,2249.836669921875,141959168
2026-04-08 10:00:00+00:00,2249.369873046875,2252.645263671875,2243.781494140625,2244.159423828125,0
2026-04-08 11:00:00+00:00,2242.626220703125,2253.500732421875,2239.071533203125,2246.673828125,0
2026-04-08 12:00:00+00:00,2247.085693359375,2256.797607421875,2244.572265625,2256.797607421875,0
2026-04-08 13:00:00+00:00,2256.335205078125,2267.48388671875,2233.355224609375,2233.355224609375,602281984
2026-04-08 14:00:00+00:00,2235.61083984375,2238.631591796875,2189.805419921875,2192.032958984375,1157873664
2026-04-08 15:00:00+00:00,2193.518310546875,2216.0283203125,2193.518310546875,2215.535400390625,439023616
2026-04-08 16:00:00+00:00,2214.929443359375,2223.787841796875,2212.970458984375,2222.696044921875,0
2026-04-08 17:00:00+00:00,2221.2109375,2237.83984375,2214.252197265625,2231.94921875,230201344
2026-04-08 18:00:00+00:00,2231.829345703125,2231.829345703125,2200.61328125,2202.603271484375,137347072
2026-04-08 19:00:00+00:00,2199.14013671875,2208.645751953125,2198.6884765625,2207.2421875,0
2026-04-08 20:00:00+00:00,2211.24169921875,2216.284912109375,2206.30615234375,2209.8583984375,0
2026-04-08 21:00:00+00:00,2210.063232421875,2221.89453125,2208.46484375,2213.467529296875,0
2026-04-08 22:00:00+00:00,2213.8193359375,2213.8193359375,2190.786865234375,2190.786865234375,0
2026-04-08 23:00:00+00:00,2184.435546875,2193.02392578125,2182.9873046875,2190.33251953125,0
2026-04-09 00:00:00+00:00,2189.210205078125,2193.619140625,2180.682373046875,2184.303955078125,0
2026-04-09 01:00:00+00:00,2183.49658203125,2184.548583984375,2165.9912109375,2177.101318359375,0
2026-04-09 02:00:00+00:00,2178.0419921875,2184.18310546875,2174.8466796875,2182.252685546875,0
2026-04-09 03:00:00+00:00,2181.059326171875,2183.44287109375,2176.6796875,2182.721435546875,0
2026-04-09 04:00:00+00:00,2182.59716796875,2182.59716796875,2177.35693359375,2178.12744140625,0
2026-04-09 05:00:00+00:00,2178.125732421875,2188.340087890625,2176.275146484375,2181.812744140625,16015360
2026-04-09 06:00:00+00:00,2181.964111328125,2185.658935546875,2176.365234375,2181.066162109375,0
2026-04-09 07:00:00+00:00,2181.4541015625,2185.197998046875,2180.834228515625,2181.2568359375,0
2026-04-09 08:00:00+00:00,2181.1259765625,2190.087890625,2177.12353515625,2186.138427734375,0
2026-04-09 09:00:00+00:00,2186.189208984375,2195.016845703125,2179.95263671875,2194.21728515625,0
2026-04-09 10:00:00+00:00,2192.09814453125,2195.36572265625,2188.35302734375,2191.62744140625,166029312
2026-04-09 11:00:00+00:00,2191.18115234375,2191.8193359375,2178.73779296875,2180.07373046875,0
2026-04-09 12:00:00+00:00,2180.111572265625,2185.344970703125,2175.242919921875,2182.8046875,0
2026-04-09 13:00:00+00:00,2182.475830078125,2182.475830078125,2159.87060546875,2165.81005859375,0
2026-04-09 14:00:00+00:00,2165.262451171875,2180.1689453125,2159.475830078125,2176.185546875,0
2026-04-09 15:00:00+00:00,2177.529296875,2221.951904296875,2170.526123046875,2216.553466796875,575271936
2026-04-09 16:00:00+00:00,2222.187744140625,2227.395751953125,2195.4169921875,2206.358154296875,598628352
2026-04-09 17:00:00+00:00,2209.6259765625,2223.56689453125,2207.744873046875,2222.94189453125,0
2026-04-09 18:00:00+00:00,2222.979736328125,2222.979736328125,2202.620849609375,2207.31298828125,66506752
2026-04-09 19:00:00+00:00,2206.790283203125,2222.16015625,2205.26123046875,2215.8515625,153649152
2026-04-09 20:00:00+00:00,2216.853271484375,2221.60498046875,2211.423095703125,2212.383056640625,236742656
2026-04-09 21:00:00+00:00,2213.070556640625,2223.72509765625,2208.525146484375,2210.994873046875,57745408
2026-04-09 22:00:00+00:00,2210.8671875,2238.341064453125,2200.763671875,2200.763671875,401630208
2026-04-09 23:00:00+00:00,2198.1220703125,2200.38818359375,2185.29052734375,2189.380859375,48457728
2026-04-10 00:00:00+00:00,2189.994384765625,2196.293701171875,2183.181640625,2194.187744140625,162707456
2026-04-10 01:00:00+00:00,2194.388671875,2203.356201171875,2179.488037109375,2195.364990234375,77025280
2026-04-10 02:00:00+00:00,2195.138671875,2197.82568359375,2187.833740234375,2187.833740234375,0
2026-04-10 03:00:00+00:00,2188.427978515625,2191.000732421875,2184.04052734375,2185.91455078125,182253568
2026-04-10 04:00:00+00:00,2186.814453125,2196.1484375,2186.57275390625,2194.935791015625,75065344
2026-04-10 05:00:00+00:00,2195.32373046875,2202.542236328125,2193.14697265625,2196.36669921875,181487616
2026-04-10 06:00:00+00:00,2196.615966796875,2197.302490234375,2184.158447265625,2184.5625,0
2026-04-10 07:00:00+00:00,2186.1669921875,2188.1220703125,2176.976318359375,2178.8916015625,282255360
2026-04-10 08:00:00+00:00,2179.255859375,2189.254150390625,2177.58935546875,2185.644775390625,1849344
2026-04-10 09:00:00+00:00,2185.7958984375,2196.56103515625,2185.676513671875,2195.873779296875,116234240
2026-04-10 10:00:00+00:00,2196.018798828125,2197.59619140625,2191.487060546875,2197.59619140625,0
2026-04-10 11:00:00+00:00,2197.490478515625,2223.196533203125,2197.490478515625,2216.36279296875,608782336
2026-04-10 12:00:00+00:00,2216.13916015625,2226.86669921875,2212.475830078125,2219.6689453125,364976128
2026-04-10 13:00:00+00:00,2219.27783203125,2225.1083984375,2208.897216796875,2224.94140625,0
2026-04-10 14:00:00+00:00,2224.013671875,2253.079345703125,2222.692138671875,2243.239013671875,1157367808
2026-04-10 15:00:00+00:00,2243.1708984375,2255.626220703125,2222.22216796875,2222.22216796875,0
2026-04-10 16:00:00+00:00,2223.36474609375,2246.218994140625,2222.571533203125,2246.218994140625,0
2026-04-10 17:00:00+00:00,2245.661865234375,2249.068603515625,2240.548828125,2248.6123046875,0
2026-04-10 18:00:00+00:00,2248.7958984375,2250.43701171875,2241.24365234375,2250.43701171875,0
2026-04-10 19:00:00+00:00,2249.984130859375,2255.936767578125,2245.046875,2254.203857421875,0
2026-04-10 20:00:00+00:00,2253.040771484375,2256.85400390625,2244.369140625,2255.794677734375,24287232
2026-04-10 21:00:00+00:00,2255.8369140625,2255.8369140625,2245.455078125,2254.81396484375,0
2026-04-10 22:00:00+00:00,2255.404296875,2255.404296875,2238.4189453125,2243.603759765625,0
2026-04-10 23:00:00+00:00,2241.952880859375,2245.267822265625,2240.5400390625,2245.1044921875,0
2026-04-11 00:00:00+00:00,2245.39599609375,2245.39599609375,2237.337158203125,2239.365478515625,0
2026-04-11 01:00:00+00:00,2239.32958984375,2246.54833984375,2236.59228515625,2244.89404296875,0
2026-04-11 02:00:00+00:00,2245.3896484375,2251.16455078125,2243.705322265625,2248.259033203125,0
2026-04-11 03:00:00+00:00,2248.44091796875,2250.97607421875,2237.318115234375,2237.318115234375,0
2026-04-11 04:00:00+00:00,2238.107177734375,2242.682373046875,2236.817138671875,2241.3876953125,233661440
2026-04-11 05:00:00+00:00,2241.870849609375,2242.250244140625,2231.298583984375,2234.203369140625,0
2026-04-11 06:00:00+00:00,2232.692626953125,2236.898193359375,2231.177734375,2236.59375,0
2026-04-11 07:00:00+00:00,2236.829833984375,2236.96630859375,2231.6845703125,2232.64208984375,0
2026-04-11 08:00:00+00:00,2232.90185546875,2235.645263671875,2232.90185546875,2234.305419921875,0
2026-04-11 09:00:00+00:00,2233.883544921875,2249.004150390625,2233.64111328125,2244.118896484375,0
2026-04-11 10:00:00+00:00,2244.495361328125,2245.504150390625,2239.259521484375,2241.593994140625,0
2026-04-11 11:00:00+00:00,2241.309326171875,2247.581298828125,2239.97412109375,2246.861083984375,0
2026-04-11 12:00:00+00:00,2246.68798828125,2246.78271484375,2242.354248046875,2246.046142578125,0
2026-04-11 13:00:00+00:00,2245.103515625,2245.103515625,2235.64404296875,2241.637939453125,0
2026-04-11 14:00:00+00:00,2240.834716796875,2243.745849609375,2239.44677734375,2242.893798828125,0
2026-04-11 15:00:00+00:00,2242.9638671875,2252.3212890625,2242.410888671875,2250.48193359375,0
2026-04-11 16:00:00+00:00,2250.21044921875,2264.11474609375,2247.605224609375,2260.735107421875,0
2026-04-11 17:00:00+00:00,2259.671142578125,2264.424560546875,2255.1953125,2260.230224609375,0
2026-04-11 18:00:00+00:00,2260.570068359375,2309.057861328125,2258.55712890625,2303.382080078125,997294080
2026-04-11 19:00:00+00:00,2304.740966796875,2326.536865234375,2304.740966796875,2314.1494140625,596641792
2026-04-11 20:00:00+00:00,2315.088134765625,2315.928466796875,2292.06298828125,2298.8974609375,520247296
2026-04-11 21:00:00+00:00,2298.09228515625,2303.810302734375,2295.37451171875,2301.52294921875,62307328
2026-04-11 22:00:00+00:00,2300.173828125,2307.39404296875,2290.8828125,2296.623046875,68651008
2026-04-11 23:00:00+00:00,2296.880859375,2296.880859375,2279.0341796875,2285.43017578125,260471808
2026-04-12 00:00:00+00:00,2285.3359375,2286.9541015625,2279.92626953125,2285.00830078125,182438912
2026-04-12 01:00:00+00:00,2285.660400390625,2288.3388671875,2212.877685546875,2219.621337890625,1354156032
2026-04-12 02:00:00+00:00,2219.321533203125,2232.978271484375,2211.180908203125,2225.388671875,734056448
2026-04-12 03:00:00+00:00,2224.758544921875,2225.840087890625,2215.511962890625,2217.085205078125,338794496
2026-04-12 04:00:00+00:00,2214.73974609375,2215.938232421875,2212.0185546875,2212.627197265625,287517696
2026-04-12 05:00:00+00:00,2212.60693359375,2219.1123046875,2211.034912109375,2218.37255859375,75963392
2026-04-12 06:00:00+00:00,2218.0361328125,2221.17041015625,2215.55224609375,2216.65283203125,43610112
2026-04-12 07:00:00+00:00,2216.850341796875,2220.810791015625,2213.76123046875,2220.261962890625,28524544
2026-04-12 08:00:00+00:00,2219.303955078125,2219.328369140625,2213.806884765625,2214.71826171875,39202816
2026-04-12 09:00:00+00:00,2214.954345703125,2216.22900390625,2212.469970703125,2214.85546875,0
2026-04-12 10:00:00+00:00,2214.919677734375,2217.90625,2197.9638671875,2201.350341796875,220972032
2026-04-12 11:00:00+00:00,2201.710205078125,2206.260009765625,2200.43701171875,2205.47021484375,278189056
2026-04-12 12:00:00+00:00,2205.502685546875,2207.88720703125,2194.108642578125,2196.66748046875,144239616
2026-04-12 13:00:00+00:00,2196.07666015625,2196.593017578125,2186.838134765625,2187.53759765625,779839488
2026-04-12 14:00:00+00:00,2187.43310546875,2193.337646484375,2180.981689453125,2182.873046875,493063168
2026-04-12 15:00:00+00:00,2181.96923828125,2187.259765625,2178.890625,2186.484375,232830976
2026-04-12 16:00:00+00:00,2185.966064453125,2189.625,2184.682861328125,2186.697265625,0
2026-04-12 17:00:00+00:00,2188.10009765625,2204.81005859375,2188.10009765625,2204.169921875,0
2026-04-12 18:00:00+00:00,2203.070068359375,2207.18017578125,2201.459716796875,2201.48681640625,0
2026-04-12 19:00:00+00:00,2201.580322265625,2205.28759765625,2198.651611328125,2199.21484375,0
2026-04-12 20:00:00+00:00,2199.109619140625,2216.642578125,2194.21484375,2213.770751953125,0
2026-04-12 21:00:00+00:00,2213.875244140625,2217.32373046875,2206.29541015625,2209.100830078125,0
2026-04-12 22:00:00+00:00,2196.132080078125,2199.9169921875,2184.7685546875,2198.842041015625,382987264
2026-04-12 23:00:00+00:00,2199.759033203125,2199.759033203125,2186.866455078125,2192.33154296875,193467392
2026-04-13 00:00:00+00:00,2191.664306640625,2207.2353515625,2188.181396484375,2205.302001953125,42371072
2026-04-13 01:00:00+00:00,2205.401611328125,2208.25732421875,2201.4658203125,2204.558349609375,0
2026-04-13 02:00:00+00:00,2203.94775390625,2204.380126953125,2193.615966796875,2194.668701171875,0
2026-04-13 03:00:00+00:00,2194.050537109375,2194.9580078125,2191.851318359375,2193.9443359375,0
2026-04-13 04:00:00+00:00,2193.918212890625,2198.63916015625,2188.578125,2191.113037109375,0
2026-04-13 05:00:00+00:00,2190.48486328125,2190.48486328125,2184.19140625,2188.98876953125,0
2026-04-13 06:00:00+00:00,2190.158447265625,2199.580078125,2190.158447265625,2199.580078125,338403328
2026-04-13 07:00:00+00:00,2198.092041015625,2198.092041015625,2183.744873046875,2187.827880859375,0
2026-04-13 08:00:00+00:00,2186.3056640625,2188.4189453125,2181.140380859375,2184.580078125,657076224
2026-04-13 09:00:00+00:00,2184.580078125,2193.2646484375,2184.580078125,2188.53759765625,29019136
2026-04-13 10:00:00+00:00,2188.208251953125,2188.21630859375,2179.8544921875,2182.772216796875,0
2026-04-13 11:00:00+00:00,2182.846923828125,2190.408935546875,2182.846923828125,2188.283203125,0
2026-04-13 12:00:00+00:00,2187.57861328125,2195.83056640625,2176.668701171875,2193.1240234375,75295744
2026-04-13 13:00:00+00:00,2192.76904296875,2212.0009765625,2183.614501953125,2212.0009765625,515981312
2026-04-13 14:00:00+00:00,2215.01904296875,2234.368896484375,2204.513427734375,2234.368896484375,791037952
2026-04-13 15:00:00+00:00,2234.301513671875,2234.301513671875,2202.210205078125,2208.329345703125,829068288
2026-04-13 16:00:00+00:00,2209.886474609375,2233.858642578125,2207.02001953125,2226.77734375,656659456
2026-04-13 17:00:00+00:00,2225.111572265625,2240.31494140625,2223.568115234375,2225.1416015625,356451328
2026-04-13 18:00:00+00:00,2225.501953125,2233.8994140625,2220.080322265625,2233.057861328125,147333120
2026-04-13 19:00:00+00:00,2232.68798828125,2267.103515625,2229.064697265625,2264.910888671875,1264070656
2026-04-13 20:00:00+00:00,2263.839599609375,2263.839599609375,2248.955078125,2253.409912109375,581867520
2026-04-13 21:00:00+00:00,2253.989990234375,2266.449951171875,2250.739990234375,2260.919921875,77125632
2026-04-13 22:00:00+00:00,2260.5,2362.800048828125,2260.5,2353.699951171875,1932797952
2026-04-13 23:00:00+00:00,2356.27001953125,2393.840087890625,2342.43994140625,2369.800048828125,3334197248
2026-04-14 00:00:00+00:00,2370.39990234375,2375.5400390625,2361.02001953125,2362.5400390625,462409728
2026-04-14 01:00:00+00:00,2362.39990234375,2374.60009765625,2355.81005859375,2369.6201171875,641335296
2026-04-14 02:00:00+00:00,2370.10009765625,2378.800048828125,2367.60009765625,2368.419921875,439582720
2026-04-14 03:00:00+00:00,2368.110107421875,2371.169921875,2363.080078125,2366.300048828125,443717632
2026-04-14 04:00:00+00:00,2366.5,2369.090087890625,2363.199951171875,2365.02001953125,193478656
2026-04-14 05:00:00+00:00,2365.300048828125,2369.659912109375,2355.639892578125,2356.6201171875,268355584
2026-04-14 06:00:00+00:00,2357.300048828125,2377.27001953125,2357.199951171875,2374.2099609375,99426304
2026-04-14 07:00:00+00:00,2374.0,2389.090087890625,2372.260009765625,2378.39990234375,840861696
2026-04-14 08:00:00+00:00,2379.10009765625,2397.0,2375.43994140625,2388.949951171875,736303104
2026-04-14 09:00:00+00:00,2390.090087890625,2395.699951171875,2385.840087890625,2388.35009765625,395290624
2026-04-14 10:00:00+00:00,2388.330078125,2389.090087890625,2374.050048828125,2376.0,489472
2026-04-14 11:00:00+00:00,2375.360107421875,2378.35009765625,2368.5,2374.800048828125,750118912
2026-04-14 12:00:00+00:00,2375.090087890625,2378.580078125,2369.300048828125,2374.639892578125,285188096
2026-04-14 13:00:00+00:00,2375.02001953125,2396.39990234375,2373.2099609375,2393.10009765625,376807424
2026-04-14 14:00:00+00:00,2393.110107421875,2416.10009765625,2355.989990234375,2355.989990234375,929132544
2026-04-14 15:00:00+00:00,2355.239990234375,2372.719970703125,2336.610107421875,2365.89990234375,859582464
2026-04-14 16:00:00+00:00,2365.89990234375,2372.35009765625,2330.89990234375,2335.719970703125,335976448
2026-04-14 17:00:00+00:00,2332.919921875,2346.580078125,2324.75,2339.39990234375,282460160
2026-04-14 18:00:00+00:00,2340.60009765625,2345.949951171875,2311.760009765625,2315.81005859375,379226112
2026-04-14 19:00:00+00:00,2314.68994140625,2324.340087890625,2304.6298828125,2314.090087890625,0
2026-04-14 20:00:00+00:00,2314.669921875,2323.06005859375,2309.919921875,2316.0,0
2026-04-14 21:00:00+00:00,2316.5,2327.18994140625,2316.199951171875,2324.929931640625,0
2026-04-14 22:00:00+00:00,2323.219970703125,2332.860107421875,2313.22998046875,2316.199951171875,0
2026-04-14 23:00:00+00:00,2316.68994140625,2327.7900390625,2315.60009765625,2323.6298828125,0
2026-04-15 00:00:00+00:00,2323.0,2343.800048828125,2322.780029296875,2334.909912109375,0
2026-04-15 01:00:00+00:00,2334.199951171875,2343.68994140625,2331.969970703125,2336.610107421875,0
2026-04-15 02:00:00+00:00,2336.739990234375,2338.68994140625,2318.5,2325.550048828125,329801728
2026-04-15 03:00:00+00:00,2325.719970703125,2330.199951171875,2321.389892578125,2329.919921875,0
2026-04-15 04:00:00+00:00,2329.52001953125,2335.300048828125,2328.989990234375,2333.81005859375,0
2026-04-15 05:00:00+00:00,2333.919921875,2338.8798828125,2315.699951171875,2320.300048828125,0
2026-04-15 06:00:00+00:00,2320.60009765625,2321.469970703125,2316.300048828125,2318.14990234375,0
2026-04-15 07:00:00+00:00,2319.0,2324.419921875,2310.679931640625,2317.1201171875,0
2026-04-15 08:00:00+00:00,2317.5,2333.679931640625,2314.719970703125,2328.840087890625,0
2026-04-15 09:00:00+00:00,2328.830078125,2330.81005859375,2318.8701171875,2320.300048828125,0
2026-04-15 10:00:00+00:00,2319.10009765625,2328.840087890625,2312.60009765625,2317.3701171875,0
2026-04-15 11:00:00+00:00,2317.699951171875,2338.419921875,2317.14990234375,2338.2900390625,0
2026-04-15 12:00:00+00:00,2338.2099609375,2340.840087890625,2330.5400390625,2333.699951171875,0
2026-04-15 13:00:00+00:00,2333.300048828125,2334.4599609375,2318.22998046875,2327.4599609375,0
2026-04-15 14:00:00+00:00,2327.60009765625,2345.60009765625,2323.179931640625,2338.6298828125,0
2026-04-15 15:00:00+00:00,2340.1298828125,2349.5400390625,2321.860107421875,2333.0,0
2026-04-15 16:00:00+00:00,2332.469970703125,2350.199951171875,2330.25,2341.56005859375,0
2026-04-15 17:00:00+00:00,2342.090087890625,2358.139892578125,2340.340087890625,2349.72998046875,0
2026-04-15 18:00:00+00:00,2349.179931640625,2360.919921875,2347.3798828125,2359.5400390625,0
2026-04-15 19:00:00+00:00,2359.52001953125,2386.14990234375,2358.110107421875,2376.070068359375,53469184
2026-04-15 20:00:00+00:00,2377.02001953125,2377.669921875,2354.81005859375,2363.669921875,258368512
2026-04-15 21:00:00+00:00,2363.47998046875,2364.469970703125,2349.719970703125,2361.530029296875,111748096
2026-04-15 22:00:00+00:00,2361.489990234375,2380.320068359375,2360.860107421875,2364.469970703125,235083776
2026-04-15 23:00:00+00:00,2363.89990234375,2364.330078125,2350.89990234375,2360.550048828125,309971968
2026-04-16 00:00:00+00:00,2360.639892578125,2364.090087890625,2350.969970703125,2361.14990234375,0
2026-04-16 01:00:00+00:00,2360.64990234375,2360.64990234375,2346.89990234375,2352.429931640625,0
2026-04-16 02:00:00+00:00,2353.050048828125,2369.89990234375,2350.89990234375,2357.39990234375,85178368
2026-04-16 03:00:00+00:00,2356.68994140625,2366.639892578125,2356.64990234375,2358.4599609375,178614272
2026-04-16 04:00:00+00:00,2358.090087890625,2364.2099609375,2349.800048828125,2354.800048828125,142442496
2026-04-16 05:00:00+00:00,2354.2900390625,2362.840087890625,2350.639892578125,2357.5,0
2026-04-16 06:00:00+00:00,2358.8798828125,2361.39990234375,2350.56005859375,2356.89990234375,0
2026-04-16 07:00:00+00:00,2356.1298828125,2357.820068359375,2336.969970703125,2341.81005859375,1702912
2026-04-16 08:00:00+00:00,2341.2900390625,2346.2900390625,2335.030029296875,2339.3701171875,0
2026-04-16 09:00:00+00:00,2339.18994140625,2349.0,2338.010009765625,2338.60009765625,265501696
2026-04-16 10:00:00+00:00,2338.5,2340.68994140625,2328.550048828125,2332.25,244740096
2026-04-16 11:00:00+00:00,2332.719970703125,2336.5,2329.830078125,2336.18994140625,0
2026-04-16 12:00:00+00:00,2336.39990234375,2347.820068359375,2336.2900390625,2340.89990234375,0
2026-04-16 13:00:00+00:00,2340.989990234375,2351.93994140625,2294.43994140625,2308.4599609375,0
2026-04-16 14:00:00+00:00,2308.110107421875,2316.830078125,2286.159912109375,2310.989990234375,1656364032
2026-04-16 15:00:00+00:00,2310.43994140625,2349.0,2308.800048828125,2339.7099609375,1636796416
2026-04-16 16:00:00+00:00,2339.510009765625,2349.3701171875,2310.300048828125,2316.820068359375,0
2026-04-16 17:00:00+00:00,2316.3798828125,2329.889892578125,2310.530029296875,2325.7900390625,504754176
2026-04-16 18:00:00+00:00,2325.639892578125,2347.81005859375,2320.260009765625,2344.18994140625,132798464
2026-04-16 19:00:00+00:00,2346.18994140625,2362.409912109375,2335.800048828125,2361.179931640625,378210304
2026-04-16 20:00:00+00:00,2361.340087890625,2364.25,2342.1201171875,2350.699951171875,337620992
2026-04-16 21:00:00+00:00,2350.699951171875,2357.25,2336.89990234375,2341.669921875,0
2026-04-16 22:00:00+00:00,2344.010009765625,2351.10009765625,2339.909912109375,2342.969970703125,0
2026-04-16 23:00:00+00:00,2341.9599609375,2355.1298828125,2341.9599609375,2348.610107421875,0
2026-04-17 00:00:00+00:00,2348.60009765625,2351.469970703125,2341.530029296875,2344.989990234375,0
2026-04-17 01:00:00+00:00,2344.760009765625,2349.8701171875,2327.590087890625,2335.929931640625,0
2026-04-17 02:00:00+00:00,2335.550048828125,2339.43994140625,2325.93994140625,2332.68994140625,0
2026-04-17 03:00:00+00:00,2332.530029296875,2332.530029296875,2324.949951171875,2325.77001953125,0
2026-04-17 04:00:00+00:00,2325.840087890625,2334.10009765625,2324.340087890625,2329.60009765625,0
2026-04-17 05:00:00+00:00,2329.719970703125,2330.0,2318.52001953125,2319.75,0
2026-04-17 06:00:00+00:00,2319.610107421875,2333.2099609375,2318.110107421875,2332.070068359375,196210688
2026-04-17 07:00:00+00:00,2332.280029296875,2342.860107421875,2330.510009765625,2333.580078125,0
2026-04-17 08:00:00+00:00,2334.199951171875,2359.22998046875,2333.2099609375,2355.18994140625,95131648
2026-04-17 09:00:00+00:00,2355.89990234375,2376.010009765625,2349.06005859375,2360.080078125,742660096
2026-04-17 10:00:00+00:00,2360.0,2361.780029296875,2337.219970703125,2344.81005859375,314007552
2026-04-17 11:00:00+00:00,2345.0,2357.77001953125,2343.60009765625,2355.800048828125,174297088
2026-04-17 12:00:00+00:00,2356.39990234375,2381.7099609375,2350.6298828125,2373.199951171875,449536000
2026-04-17 13:00:00+00:00,2372.18994140625,2442.0,2368.0,2437.820068359375,2707810304
2026-04-17 14:00:00+00:00,2439.6201171875,2458.25,2428.43994140625,2448.800048828125,865824768
2026-04-17 15:00:00+00:00,2446.93994140625,2451.22998046875,2435.070068359375,2443.260009765625,61237248
2026-04-17 16:00:00+00:00,2443.489990234375,2466.14990234375,2442.60009765625,2452.590087890625,0
2026-04-17 17:00:00+00:00,2452.3701171875,2453.39990234375,2424.800048828125,2441.7099609375,491137024
2026-04-17 18:00:00+00:00,2441.60009765625,2444.280029296875,2416.449951171875,2421.110107421875,179083264
2026-04-17 19:00:00+00:00,2421.7099609375,2433.89990234375,2418.3798828125,2431.0,0
2026-04-17 20:00:00+00:00,2430.389892578125,2436.60009765625,2418.02001953125,2428.06005859375,0
2026-04-17 21:00:00+00:00,2427.81005859375,2434.300048828125,2420.300048828125,2430.409912109375,0
2026-04-17 22:00:00+00:00,2429.10009765625,2442.93994140625,2423.7099609375,2434.2099609375,867870720
2026-04-17 23:00:00+00:00,2433.199951171875,2434.06005859375,2416.68994140625,2419.570068359375,329115648
2026-04-18 00:00:00+00:00,2419.610107421875,2424.5,2411.199951171875,2421.050048828125,0
2026-04-18 01:00:00+00:00,2421.699951171875,2428.5,2418.090087890625,2422.050048828125,182595584
2026-04-18 02:00:00+00:00,2422.0,2425.39990234375,2417.7099609375,2420.3798828125,0
2026-04-18 03:00:00+00:00,2419.60009765625,2420.179931640625,2402.080078125,2406.260009765625,105312256
2026-04-18 04:00:00+00:00,2405.0,2411.2099609375,2401.159912109375,2408.330078125,148066304
2026-04-18 05:00:00+00:00,2408.330078125,2414.570068359375,2406.81005859375,2409.8798828125,0
2026-04-18 06:00:00+00:00,2409.8701171875,2412.9599609375,2406.510009765625,2410.68994140625,0
2026-04-18 07:00:00+00:00,2409.429931640625,2411.93994140625,2402.510009765625,2404.5400390625,0
2026-04-18 08:00:00+00:00,2404.360107421875,2405.699951171875,2369.860107421875,2381.68994140625,163440640
2026-04-18 09:00:00+00:00,2381.10009765625,2381.739990234375,2370.919921875,2376.800048828125,0
2026-04-18 10:00:00+00:00,2376.469970703125,2376.469970703125,2355.43994140625,2359.800048828125,0
2026-04-18 11:00:00+00:00,2359.969970703125,2361.199951171875,2345.31005859375,2353.7099609375,649230336
2026-04-18 12:00:00+00:00,2354.300048828125,2362.989990234375,2352.85009765625,2359.0,0
2026-04-18 13:00:00+00:00,2358.699951171875,2361.139892578125,2346.550048828125,2356.22998046875,0
2026-04-18 14:00:00+00:00,2356.7900390625,2365.89990234375,2350.860107421875,2365.89990234375,0
2026-04-18 15:00:00+00:00,2365.89990234375,2369.300048828125,2359.429931640625,2364.389892578125,0
2026-04-18 16:00:00+00:00,2363.85009765625,2375.0,2357.260009765625,2361.610107421875,0
2026-04-18 17:00:00+00:00,2361.570068359375,2365.7900390625,2356.10009765625,2362.5,0
2026-04-18 18:00:00+00:00,2362.2099609375,2364.60009765625,2340.510009765625,2347.89990234375,0
2026-04-18 19:00:00+00:00,2347.5,2356.510009765625,2347.340087890625,2349.510009765625,0
2026-04-18 20:00:00+00:00,2349.89990234375,2355.919921875,2345.719970703125,2353.340087890625,0
2026-04-18 21:00:00+00:00,2353.449951171875,2356.419921875,2348.56005859375,2356.419921875,0
2026-04-18 22:00:00+00:00,2355.800048828125,2360.239990234375,2349.800048828125,2357.610107421875,0
2026-04-18 23:00:00+00:00,2357.610107421875,2359.989990234375,2350.969970703125,2351.199951171875,0
2026-04-19 00:00:00+00:00,2351.3798828125,2356.699951171875,2345.510009765625,2350.10009765625,0
2026-04-19 01:00:00+00:00,2350.800048828125,2353.89990234375,2342.81005859375,2349.090087890625,0
2026-04-19 02:00:00+00:00,2348.85009765625,2350.199951171875,2335.0,2339.2099609375,76504064
2026-04-19 03:00:00+00:00,2339.3798828125,2345.090087890625,2333.989990234375,2340.800048828125,0
2026-04-19 04:00:00+00:00,2340.909912109375,2347.300048828125,2322.39990234375,2334.449951171875,51674112
2026-04-19 05:00:00+00:00,2334.199951171875,2339.60009765625,2329.97998046875,2333.679931640625,89365504
2026-04-19 06:00:00+00:00,2333.199951171875,2334.110107421875,2322.969970703125,2328.199951171875,476296192
2026-04-19 07:00:00+00:00,2327.800048828125,2328.300048828125,2301.10009765625,2316.909912109375,856730624
2026-04-19 08:00:00+00:00,2315.800048828125,2321.5,2312.610107421875,2319.75,0
2026-04-19 09:00:00+00:00,2319.330078125,2320.199951171875,2307.10009765625,2310.840087890625,38183936
2026-04-19 10:00:00+00:00,2310.110107421875,2320.60009765625,2307.800048828125,2318.75,0
2026-04-19 11:00:00+00:00,2318.699951171875,2331.800048828125,2318.010009765625,2330.080078125,0
2026-04-19 12:00:00+00:00,2330.60009765625,2338.60009765625,2326.110107421875,2332.85009765625,0
2026-04-19 13:00:00+00:00,2332.18994140625,2350.419921875,2332.18994140625,2339.7900390625,375536640
2026-04-19 14:00:00+00:00,2339.780029296875,2344.090087890625,2327.469970703125,2339.300048828125,0
2026-04-19 15:00:00+00:00,2339.4599609375,2342.56005859375,2317.699951171875,2331.780029296875,0
2026-04-19 16:00:00+00:00,2331.72998046875,2332.199951171875,2306.2900390625,2312.5,0
2026-04-19 17:00:00+00:00,2311.31005859375,2318.110107421875,2295.969970703125,2296.699951171875,476365824
2026-04-19 18:00:00+00:00,2296.43994140625,2301.889892578125,2289.050048828125,2296.89990234375,353725440
2026-04-19 19:00:00+00:00,2298.340087890625,2305.590087890625,2295.39990234375,2300.179931640625,201285632
2026-04-19 20:00:00+00:00,2300.699951171875,2300.739990234375,2275.830078125,2281.18994140625,128790528
2026-04-19 21:00:00+00:00,2280.89990234375,2291.0,2275.7099609375,2276.8798828125,552167424
2026-04-19 22:00:00+00:00,2275.89990234375,2276.68994140625,2253.909912109375,2271.5,1212264448
2026-04-19 23:00:00+00:00,2270.010009765625,2270.159912109375,2257.699951171875,2263.25,587196416
2026-04-20 00:00:00+00:00,2264.0,2284.1201171875,2261.510009765625,2281.39990234375,398645248
2026-04-20 01:00:00+00:00,2281.800048828125,2294.860107421875,2278.68994140625,2287.25,244453376
2026-04-20 02:00:00+00:00,2287.06005859375,2287.610107421875,2273.110107421875,2278.510009765625,0
2026-04-20 03:00:00+00:00,2278.530029296875,2288.81005859375,2276.7099609375,2287.22998046875,53190656
2026-04-20 04:00:00+00:00,2287.1201171875,2287.1201171875,2279.419921875,2284.219970703125,0
2026-04-20 05:00:00+00:00,2283.699951171875,2283.989990234375,2264.10009765625,2270.81005859375,468580352
2026-04-20 06:00:00+00:00,2271.5,2289.2900390625,2269.25,2286.7900390625,0
2026-04-20 07:00:00+00:00,2287.22998046875,2332.2099609375,2284.0,2298.89990234375,266981376
2026-04-20 08:00:00+00:00,2299.179931640625,2308.889892578125,2290.77001953125,2294.719970703125,354881536
2026-04-20 09:00:00+00:00,2294.159912109375,2314.489990234375,2294.010009765625,2310.0,98803712
2026-04-20 10:00:00+00:00,2310.60009765625,2321.280029296875,2303.510009765625,2303.9599609375,134481920
2026-04-20 11:00:00+00:00,2304.0,2313.0400390625,2300.739990234375,2308.429931640625,0
2026-04-20 12:00:00+00:00,2308.409912109375,2323.340087890625,2304.81005859375,2320.10009765625,196505600
2026-04-20 13:00:00+00:00,2320.739990234375,2326.889892578125,2303.0,2311.800048828125,130179072
2026-04-20 14:00:00+00:00,2311.389892578125,2321.52001953125,2283.550048828125,2291.389892578125,613722112
2026-04-20 15:00:00+00:00,2292.68994140625,2319.489990234375,2279.2099609375,2314.669921875,1167550464
2026-04-20 16:00:00+00:00,2315.110107421875,2315.110107421875,2299.389892578125,2300.9599609375,0
2026-04-20 17:00:00+00:00,2300.93994140625,2323.699951171875,2298.919921875,2317.72998046875,0
2026-04-20 18:00:00+00:00,2318.699951171875,2345.139892578125,2318.699951171875,2335.340087890625,243761152
2026-04-20 19:00:00+00:00,2335.760009765625,2337.179931640625,2328.10009765625,2332.669921875,221245440
2026-04-20 20:00:00+00:00,2332.159912109375,2340.68994140625,2326.929931640625,2338.610107421875,0
2026-04-20 21:00:00+00:00,2339.070068359375,2347.580078125,2316.330078125,2322.179931640625,259307520
2026-04-20 22:00:00+00:00,2323.909912109375,2329.330078125,2317.639892578125,2320.39990234375,0
2026-04-20 23:00:00+00:00,2315.449951171875,2317.39990234375,2308.340087890625,2314.7900390625,0
2026-04-21 00:00:00+00:00,2314.93994140625,2324.9599609375,2312.6201171875,2322.719970703125,0
2026-04-21 01:00:00+00:00,2321.22998046875,2327.5,2313.43994140625,2315.909912109375,0
2026-04-21 02:00:00+00:00,2316.030029296875,2316.590087890625,2307.409912109375,2309.010009765625,16750592
2026-04-21 03:00:00+00:00,2308.6298828125,2313.300048828125,2300.89990234375,2312.2099609375,98136064
2026-04-21 04:00:00+00:00,2312.179931640625,2316.169921875,2305.0,2315.2099609375,0
2026-04-21 05:00:00+00:00,2315.010009765625,2321.199951171875,2313.7900390625,2314.919921875,0
2026-04-21 06:00:00+00:00,2315.39990234375,2327.280029296875,2308.679931640625,2318.300048828125,0
2026-04-21 07:00:00+00:00,2318.219970703125,2325.760009765625,2312.760009765625,2319.43994140625,99670016
2026-04-21 08:00:00+00:00,2319.429931640625,2339.10009765625,2314.800048828125,2324.510009765625,0
2026-04-21 09:00:00+00:00,2324.300048828125,2328.60009765625,2319.300048828125,2325.889892578125,0
2026-04-21 10:00:00+00:00,2326.52001953125,2338.10009765625,2325.89990234375,2331.969970703125,0
2026-04-21 11:00:00+00:00,2332.3701171875,2332.3701171875,2317.18994140625,2320.610107421875,250883072
2026-04-21 12:00:00+00:00,2320.89990234375,2323.52001953125,2294.820068359375,2309.5,5257216
2026-04-21 13:00:00+00:00,2310.0,2317.9599609375,2302.050048828125,2313.699951171875,631750656
2026-04-21 14:00:00+00:00,2314.0,2327.64990234375,2296.43994140625,2299.85009765625,0
2026-04-21 15:00:00+00:00,2299.860107421875,2311.56005859375,2291.81005859375,2311.25,0
2026-04-21 16:00:00+00:00,2312.260009765625,2325.699951171875,2307.419921875,2308.669921875,44783616
2026-04-21 17:00:00+00:00,2308.1201171875,2318.47998046875,2287.3798828125,2307.25,354231296
2026-04-21 18:00:00+00:00,2306.070068359375,2314.179931640625,2301.889892578125,2313.639892578125,0
2026-04-21 19:00:00+00:00,2313.820068359375,2331.830078125,2287.60009765625,2299.47998046875,442937344
2026-04-21 20:00:00+00:00,2297.080078125,2326.110107421875,2297.080078125,2314.93994140625,468469760
2026-04-21 21:00:00+00:00,2316.489990234375,2318.60009765625,2310.510009765625,2313.22998046875,0
2026-04-21 22:00:00+00:00,2312.300048828125,2317.489990234375,2302.8701171875,2312.2099609375,0
2026-04-21 23:00:00+00:00,2311.780029296875,2330.39990234375,2311.7099609375,2327.989990234375,2386944
2026-04-22 00:00:00+00:00,2329.010009765625,2331.10009765625,2323.090087890625,2324.300048828125,322689024
2026-04-22 01:00:00+00:00,2325.89990234375,2329.590087890625,2313.89990234375,2323.050048828125,87017472
2026-04-22 02:00:00+00:00,2323.6201171875,2375.72998046875,2320.550048828125,2370.5,1160196096
2026-04-22 03:00:00+00:00,2371.18994140625,2379.75,2358.3701171875,2364.159912109375,682579968
2026-04-22 04:00:00+00:00,2364.489990234375,2369.3798828125,2358.909912109375,2364.0,364253184
2026-04-22 05:00:00+00:00,2364.699951171875,2412.77001953125,2361.8701171875,2396.1201171875,1880811520
2026-04-22 06:00:00+00:00,2395.719970703125,2396.199951171875,2389.409912109375,2393.0400390625,560207872
2026-04-22 07:00:00+00:00,2393.2099609375,2397.199951171875,2384.909912109375,2390.39990234375,37416960
2026-04-22 08:00:00+00:00,2390.800048828125,2393.89990234375,2383.64990234375,2388.989990234375,59682816
2026-04-22 09:00:00+00:00,2388.199951171875,2394.820068359375,2385.3701171875,2388.110107421875,129226752
2026-04-22 10:00:00+00:00,2388.699951171875,2394.510009765625,2385.510009765625,2391.27001953125,16146432
2026-04-22 11:00:00+00:00,2391.31005859375,2401.889892578125,2387.510009765625,2399.590087890625,0
2026-04-22 12:00:00+00:00,2400.1201171875,2407.5,2397.010009765625,2406.0400390625,103714816
2026-04-22 13:00:00+00:00,2405.8798828125,2422.02001953125,2402.9599609375,2418.77001953125,902504448
2026-04-22 14:00:00+00:00,2420.06005859375,2424.6298828125,2392.760009765625,2404.360107421875,617947136
2026-04-22 15:00:00+00:00,2404.5,2414.889892578125,2392.81005859375,2403.93994140625,573491200
2026-04-22 16:00:00+00:00,2405.639892578125,2414.919921875,2384.909912109375,2386.7099609375,158451712
2026-04-22 17:00:00+00:00,2386.909912109375,2403.760009765625,2386.909912109375,2399.320068359375,0
2026-04-22 18:00:00+00:00,2399.659912109375,2405.300048828125,2395.5,2397.60009765625,0
2026-04-22 19:00:00+00:00,2395.469970703125,2408.010009765625,2389.8798828125,2398.489990234375,0
2026-04-22 20:00:00+00:00,2399.360107421875,2403.3701171875,2391.3798828125,2392.300048828125,0
2026-04-22 21:00:00+00:00,2392.56005859375,2407.280029296875,2392.510009765625,2403.159912109375,15491072
2026-04-22 22:00:00+00:00,2402.6201171875,2406.10009765625,2394.699951171875,2401.56005859375,550928384
2026-04-22 23:00:00+00:00,2401.6201171875,2401.6201171875,2375.090087890625,2375.090087890625,134109184
2026-04-23 00:00:00+00:00,2375.389892578125,2381.2099609375,2345.510009765625,2373.300048828125,875137024
2026-04-23 01:00:00+00:00,2372.0,2372.800048828125,2361.8798828125,2367.510009765625,216649728
2026-04-23 02:00:00+00:00,2367.179931640625,2367.179931640625,2345.110107421875,2352.610107421875,0
2026-04-23 03:00:00+00:00,2352.669921875,2353.300048828125,2332.639892578125,2342.0,0
2026-04-23 04:00:00+00:00,2340.590087890625,2349.889892578125,2337.6201171875,2348.840087890625,0
2026-04-23 05:00:00+00:00,2348.8798828125,2353.81005859375,2342.10009765625,2349.2099609375,0
2026-04-23 06:00:00+00:00,2350.1298828125,2359.72998046875,2350.1298828125,2355.3701171875,0
2026-04-23 07:00:00+00:00,2356.330078125,2357.949951171875,2342.1298828125,2345.300048828125,159457280
2026-04-23 08:00:00+00:00,2345.419921875,2345.85009765625,2335.360107421875,2340.389892578125,153874432
2026-04-23 09:00:00+00:00,2340.179931640625,2340.389892578125,2315.330078125,2317.030029296875,643155968
2026-04-23 10:00:00+00:00,2316.25,2320.110107421875,2307.0,2314.989990234375,589553664
2026-04-23 11:00:00+00:00,2315.6201171875,2332.889892578125,2314.8701171875,2329.659912109375,0
2026-04-23 12:00:00+00:00,2329.47998046875,2336.510009765625,2322.260009765625,2330.199951171875,0
2026-04-23 13:00:00+00:00,2330.239990234375,2333.510009765625,2315.7099609375,2320.22998046875,0
2026-04-23 14:00:00+00:00,2319.659912109375,2336.0,2316.43994140625,2335.419921875,0
2026-04-23 15:00:00+00:00,2335.340087890625,2344.18994140625,2324.489990234375,2334.419921875,0
2026-04-23 16:00:00+00:00,2334.330078125,2336.199951171875,2323.969970703125,2326.989990234375,0
2026-04-23 17:00:00+00:00,2327.3701171875,2330.1201171875,2285.820068359375,2311.199951171875,1098637312
2026-04-23 18:00:00+00:00,2310.570068359375,2319.489990234375,2306.139892578125,2306.510009765625,432363520
2026-04-23 19:00:00+00:00,2305.89990234375,2320.0400390625,2301.31005859375,2313.830078125,0
2026-04-23 20:00:00+00:00,2315.4599609375,2329.360107421875,2315.070068359375,2325.7900390625,67846144
2026-04-23 21:00:00+00:00,2326.139892578125,2329.6298828125,2321.56005859375,2323.81005859375,0
2026-04-23 22:00:00+00:00,2322.5400390625,2339.429931640625,2322.5400390625,2333.260009765625,74577920
2026-04-23 23:00:00+00:00,2331.800048828125,2334.239990234375,2325.06005859375,2331.14990234375,0
2026-04-24 00:00:00+00:00,2331.449951171875,2338.360107421875,2327.679931640625,2333.159912109375,0
2026-04-24 01:00:00+00:00,2333.510009765625,2334.60009765625,2319.300048828125,2333.590087890625,0
2026-04-24 02:00:00+00:00,2333.5,2335.679931640625,2316.14990234375,2321.0400390625,0
2026-04-24 03:00:00+00:00,2320.659912109375,2322.669921875,2301.969970703125,2309.22998046875,0
2026-04-24 04:00:00+00:00,2308.820068359375,2311.9599609375,2302.02001953125,2307.0,0
2026-04-24 05:00:00+00:00,2306.2900390625,2317.35009765625,2300.800048828125,2315.35009765625,75560960
2026-04-24 06:00:00+00:00,2315.919921875,2317.860107421875,2309.5,2309.909912109375,0
2026-04-24 07:00:00+00:00,2309.199951171875,2317.340087890625,2309.199951171875,2312.77001953125,58093568
2026-04-24 08:00:00+00:00,2312.6298828125,2323.93994140625,2308.10009765625,2316.64990234375,0
2026-04-24 09:00:00+00:00,2316.760009765625,2317.22998046875,2305.080078125,2310.929931640625,0
2026-04-24 10:00:00+00:00,2310.31005859375,2320.02001953125,2306.7099609375,2317.22998046875,0
2026-04-24 11:00:00+00:00,2317.25,2334.06005859375,2317.22998046875,2329.4599609375,230031360
2026-04-24 12:00:00+00:00,2330.52001953125,2333.929931640625,2319.080078125,2325.8701171875,0
2026-04-24 13:00:00+00:00,2326.239990234375,2331.699951171875,2310.830078125,2317.580078125,0
2026-04-24 14:00:00+00:00,2315.85009765625,2319.030029296875,2304.31005859375,2314.550048828125,179054592
2026-04-24 15:00:00+00:00,2314.35009765625,2331.070068359375,2302.02001953125,2324.6298828125,0
2026-04-24 16:00:00+00:00,2324.840087890625,2325.02001953125,2310.60009765625,2317.469970703125,111764480
2026-04-24 17:00:00+00:00,2316.840087890625,2322.0,2308.81005859375,2320.429931640625,0
2026-04-24 18:00:00+00:00,2320.469970703125,2322.3798828125,2310.590087890625,2320.64990234375,0
2026-04-24 19:00:00+00:00,2321.4599609375,2326.090087890625,2319.739990234375,2322.340087890625,0
2026-04-24 20:00:00+00:00,2321.68994140625,2328.949951171875,2315.800048828125,2327.320068359375,0
2026-04-24 21:00:00+00:00,2326.780029296875,2328.800048828125,2313.830078125,2315.830078125,126136320
2026-04-24 22:00:00+00:00,2316.110107421875,2316.860107421875,2308.219970703125,2312.72998046875,0
2026-04-24 23:00:00+00:00,2313.260009765625,2316.800048828125,2313.090087890625,2315.81005859375,0
2026-04-25 00:00:00+00:00,2315.530029296875,2316.780029296875,2311.97998046875,2316.419921875,0
2026-04-25 01:00:00+00:00,2316.60009765625,2321.7900390625,2316.010009765625,2318.679931640625,0
2026-04-25 02:00:00+00:00,2318.679931640625,2319.969970703125,2315.2099609375,2317.800048828125,0
2026-04-25 03:00:00+00:00,2318.280029296875,2320.81005859375,2316.179931640625,2319.280029296875,0
2026-04-25 04:00:00+00:00,2319.530029296875,2320.06005859375,2316.7099609375,2317.25,0
2026-04-25 05:00:00+00:00,2316.68994140625,2317.0,2313.840087890625,2316.60009765625,0
2026-04-25 06:00:00+00:00,2316.719970703125,2317.949951171875,2315.260009765625,2316.429931640625,0
2026-04-25 07:00:00+00:00,2316.080078125,2319.10009765625,2314.610107421875,2317.14990234375,0
2026-04-25 08:00:00+00:00,2316.72998046875,2321.3701171875,2316.239990234375,2319.929931640625,0
2026-04-25 09:00:00+00:00,2320.199951171875,2323.7900390625,2317.77001953125,2319.659912109375,0
2026-04-25 10:00:00+00:00,2319.219970703125,2323.530029296875,2319.2099609375,2320.929931640625,0
2026-04-25 11:00:00+00:00,2320.919921875,2320.929931640625,2311.929931640625,2314.330078125,0
2026-04-25 12:00:00+00:00,2314.679931640625,2317.9599609375,2312.14990234375,2314.010009765625,0
2026-04-25 13:00:00+00:00,2314.260009765625,2318.4599609375,2314.260009765625,2316.64990234375,0
2026-04-25 14:00:00+00:00,2316.699951171875,2319.47998046875,2315.830078125,2316.419921875,0
2026-04-25 15:00:00+00:00,2316.419921875,2319.10009765625,2306.7099609375,2308.780029296875,0
2026-04-25 16:00:00+00:00,2307.2900390625,2311.2900390625,2301.47998046875,2310.1201171875,97700864
2026-04-25 17:00:00+00:00,2309.530029296875,2313.820068359375,2307.72998046875,2309.580078125,0
2026-04-25 18:00:00+00:00,2308.909912109375,2314.35009765625,2308.909912109375,2311.919921875,0
2026-04-25 19:00:00+00:00,2311.89990234375,2312.610107421875,2307.60009765625,2310.340087890625,0
2026-04-25 20:00:00+00:00,2311.139892578125,2314.139892578125,2309.22998046875,2313.989990234375,0
2026-04-25 21:00:00+00:00,2314.159912109375,2318.0400390625,2313.8701171875,2316.239990234375,0
2026-04-25 22:00:00+00:00,2316.31005859375,2321.27001953125,2315.7099609375,2318.489990234375,0
2026-04-25 23:00:00+00:00,2318.889892578125,2320.27001953125,2317.570068359375,2319.889892578125,796672
2026-04-26 00:00:00+00:00,2319.929931640625,2320.199951171875,2313.169921875,2315.7099609375,0
2026-04-26 01:00:00+00:00,2316.090087890625,2318.489990234375,2314.080078125,2314.550048828125,2968064
2026-04-26 02:00:00+00:00,2314.159912109375,2319.14990234375,2314.159912109375,2315.639892578125,0
2026-04-26 03:00:00+00:00,2315.6298828125,2317.080078125,2307.1298828125,2310.219970703125,18056192
2026-04-26 04:00:00+00:00,2310.2900390625,2320.449951171875,2309.260009765625,2318.27001953125,74886144
2026-04-26 05:00:00+00:00,2318.659912109375,2335.139892578125,2318.199951171875,2328.699951171875,572603392
2026-04-26 06:00:00+00:00,2328.7099609375,2334.239990234375,2328.489990234375,2330.830078125,71019008
2026-04-26 07:00:00+00:00,2331.699951171875,2333.25,2329.3798828125,2332.179931640625,90479104
2026-04-26 08:00:00+00:00,2332.580078125,2338.31005859375,2331.179931640625,2333.169921875,126794752
2026-04-26 09:00:00+00:00,2332.989990234375,2336.199951171875,2330.669921875,2335.320068359375,0
2026-04-26 10:00:00+00:00,2334.909912109375,2337.199951171875,2332.489990234375,2333.6201171875,5113344
2026-04-26 11:00:00+00:00,2333.2099609375,2338.56005859375,2333.2099609375,2337.0400390625,0
2026-04-26 12:00:00+00:00,2336.830078125,2337.320068359375,2326.22998046875,2329.64990234375,0
2026-04-26 13:00:00+00:00,2329.739990234375,2336.409912109375,2328.659912109375,2335.949951171875,153056256
2026-04-26 14:00:00+00:00,2335.68994140625,2351.860107421875,2334.300048828125,2346.81005859375,283197440
2026-04-26 15:00:00+00:00,2347.919921875,2349.6201171875,2344.81005859375,2348.909912109375,84334592
2026-04-26 16:00:00+00:00,2349.669921875,2350.260009765625,2343.409912109375,2343.409912109375,0
2026-04-26 17:00:00+00:00,2343.389892578125,2350.9599609375,2341.199951171875,2350.3798828125,0
2026-04-26 18:00:00+00:00,2350.330078125,2369.72998046875,2348.3701171875,2362.5,609426944
2026-04-26 19:00:00+00:00,2363.010009765625,2376.1201171875,2360.429931640625,2368.530029296875,464937472
2026-04-26 20:00:00+00:00,2369.2099609375,2373.679931640625,2364.1298828125,2364.1298828125,212525056
2026-04-26 21:00:00+00:00,2363.39990234375,2370.31005859375,2350.239990234375,2364.89990234375,335861760
2026-04-26 22:00:00+00:00,2363.610107421875,2379.929931640625,2354.679931640625,2362.47998046875,878607360
2026-04-26 23:00:00+00:00,2361.489990234375,2379.06005859375,2357.699951171875,2370.419921875,509912064
2026-04-27 00:00:00+00:00,2370.590087890625,2390.449951171875,2360.64990234375,2389.7099609375,437693440
2026-04-27 01:00:00+00:00,2391.2900390625,2404.659912109375,2378.2099609375,2395.300048828125,1127088128
2026-04-27 02:00:00+00:00,2395.75,2397.929931640625,2388.0400390625,2393.080078125,349119488
2026-04-27 03:00:00+00:00,2392.300048828125,2401.10009765625,2391.3798828125,2395.27001953125,298910720
2026-04-27 04:00:00+00:00,2395.7099609375,2396.699951171875,2381.090087890625,2383.1201171875,187359232
2026-04-27 05:00:00+00:00,2383.530029296875,2383.530029296875,2319.1201171875,2323.18994140625,985085952
2026-04-27 06:00:00+00:00,2321.85009765625,2328.800048828125,2313.510009765625,2321.320068359375,766572544
2026-04-27 07:00:00+00:00,2321.18994140625,2323.530029296875,2315.5,2315.739990234375,301609984
2026-04-27 08:00:00+00:00,2315.7900390625,2320.0,2309.090087890625,2319.7099609375,114030592
2026-04-27 09:00:00+00:00,2319.070068359375,2325.360107421875,2315.52001953125,2322.31005859375,552444928
2026-04-27 10:00:00+00:00,2321.659912109375,2324.179931640625,2318.77001953125,2319.989990234375,81206272
2026-04-27 11:00:00+00:00,2319.77001953125,2323.110107421875,2317.0,2320.449951171875,120828928
2026-04-27 12:00:00+00:00,2320.389892578125,2321.47998046875,2312.22998046875,2313.97998046875,97953792
2026-04-27 13:00:00+00:00,2313.360107421875,2319.909912109375,2303.510009765625,2312.60009765625,426339328
2026-04-27 14:00:00+00:00,2312.070068359375,2329.89990234375,2308.969970703125,2315.0,178738176
2026-04-27 15:00:00+00:00,2315.02001953125,2315.18994140625,2266.489990234375,2274.820068359375,1923628032
2026-04-27 16:00:00+00:00,2273.110107421875,2280.409912109375,2270.47998046875,2277.81005859375,453507072
2026-04-27 17:00:00+00:00,2278.320068359375,2292.820068359375,2278.030029296875,2286.6201171875,542373888
2026-04-27 18:00:00+00:00,2285.800048828125,2292.050048828125,2284.159912109375,2288.860107421875,0
2026-04-27 19:00:00+00:00,2287.949951171875,2291.199951171875,2275.409912109375,2289.2900390625,0
2026-04-27 20:00:00+00:00,2289.760009765625,2296.330078125,2289.169921875,2291.340087890625,0
2026-04-27 21:00:00+00:00,2291.199951171875,2292.409912109375,2286.639892578125,2287.25,0
2026-04-27 22:00:00+00:00,2287.89990234375,2295.7099609375,2284.72998046875,2294.1201171875,0
2026-04-27 23:00:00+00:00,2293.52001953125,2307.909912109375,2291.0,2303.5,7860224
2026-04-28 00:00:00+00:00,2304.219970703125,2310.7900390625,2299.1298828125,2306.8798828125,0
2026-04-28 01:00:00+00:00,2306.199951171875,2308.919921875,2297.77001953125,2298.719970703125,0
2026-04-28 02:00:00+00:00,2299.2900390625,2300.719970703125,2281.469970703125,2288.6298828125,0
2026-04-28 03:00:00+00:00,2288.260009765625,2290.68994140625,2282.10009765625,2290.570068359375,0
2026-04-28 04:00:00+00:00,2290.5400390625,2293.989990234375,2283.10009765625,2288.510009765625,0
2026-04-28 05:00:00+00:00,2289.679931640625,2297.5,2286.81005859375,2288.179931640625,0
2026-04-28 06:00:00+00:00,2288.56005859375,2290.97998046875,2270.72998046875,2277.610107421875,0
2026-04-28 07:00:00+00:00,2277.070068359375,2287.919921875,2270.72998046875,2287.43994140625,24217600
2026-04-28 08:00:00+00:00,2288.030029296875,2291.75,2283.330078125,2287.199951171875,0
2026-04-28 09:00:00+00:00,2287.199951171875,2288.300048828125,2276.2900390625,2282.0,0
2026-04-28 10:00:00+00:00,2282.0400390625,2286.929931640625,2280.610107421875,2284.320068359375,122273792
2026-04-28 11:00:00+00:00,2284.719970703125,2285.159912109375,2269.830078125,2274.9599609375,365680640
2026-04-28 12:00:00+00:00,2276.0400390625,2280.330078125,2271.2900390625,2277.89990234375,133420032
2026-04-28 13:00:00+00:00,2278.10009765625,2285.719970703125,2258.030029296875,2276.510009765625,231271424
2026-04-28 14:00:00+00:00,2276.280029296875,2276.639892578125,2260.800048828125,2273.1201171875,0
2026-04-28 15:00:00+00:00,2273.679931640625,2280.60009765625,2269.050048828125,2279.5400390625,0
2026-04-28 16:00:00+00:00,2279.43994140625,2287.530029296875,2273.800048828125,2286.0,0
2026-04-28 17:00:00+00:00,2285.360107421875,2293.39990234375,2278.260009765625,2290.35009765625,0
2026-04-28 18:00:00+00:00,2290.409912109375,2298.2099609375,2287.60009765625,2296.8701171875,0
2026-04-28 19:00:00+00:00,2297.050048828125,2305.280029296875,2290.0,2301.27001953125,0
2026-04-28 20:00:00+00:00,2301.27001953125,2304.81005859375,2295.06005859375,2295.06005859375,16716800
2026-04-28 21:00:00+00:00,2295.1298828125,2297.050048828125,2286.4599609375,2290.010009765625,0
2026-04-28 22:00:00+00:00,2290.719970703125,2294.56005859375,2285.2099609375,2286.27001953125,33460224
2026-04-28 23:00:00+00:00,2285.739990234375,2289.949951171875,2283.949951171875,2289.2900390625,0
2026-04-29 00:00:00+00:00,2289.199951171875,2293.5400390625,2285.050048828125,2291.989990234375,0
2026-04-29 01:00:00+00:00,2291.77001953125,2296.080078125,2278.909912109375,2292.35009765625,355859456
2026-04-29 02:00:00+00:00,2292.47998046875,2295.43994140625,2284.280029296875,2288.3798828125,77251584
2026-04-29 03:00:00+00:00,2288.719970703125,2315.760009765625,2287.389892578125,2311.469970703125,473474048
2026-04-29 04:00:00+00:00,2312.010009765625,2342.239990234375,2309.2099609375,2326.81005859375,845050880
2026-04-29 05:00:00+00:00,2327.159912109375,2331.800048828125,2322.43994140625,2328.6201171875,506745856
2026-04-29 06:00:00+00:00,2328.639892578125,2335.75,2320.570068359375,2324.239990234375,78824448
2026-04-29 07:00:00+00:00,2324.530029296875,2330.070068359375,2321.2099609375,2323.3701171875,0
2026-04-29 08:00:00+00:00,2324.239990234375,2328.9599609375,2320.81005859375,2325.43994140625,133320704
2026-04-29 09:00:00+00:00,2325.360107421875,2346.580078125,2322.64990234375,2339.760009765625,273146880
2026-04-29 10:00:00+00:00,2341.5,2346.889892578125,2330.5,2333.050048828125,505177088
2026-04-29 11:00:00+00:00,2333.2099609375,2336.050048828125,2328.449951171875,2331.47998046875,0
2026-04-29 12:00:00+00:00,2331.25,2331.969970703125,2308.219970703125,2315.800048828125,609824768
2026-04-29 13:00:00+00:00,2315.60009765625,2317.56005859375,2289.659912109375,2302.4599609375,20521984
2026-04-29 14:00:00+00:00,2302.3701171875,2307.14990234375,2293.169921875,2298.5400390625,46974976
2026-04-29 15:00:00+00:00,2298.60009765625,2300.669921875,2262.4599609375,2271.39990234375,763124736
2026-04-29 16:00:00+00:00,2270.18994140625,2279.0,2262.300048828125,2266.0,842432512
2026-04-29 17:00:00+00:00,2266.5,2281.77001953125,2265.110107421875,2281.77001953125,96798720
2026-04-29 18:00:00+00:00,2284.239990234375,2284.239990234375,2219.570068359375,2238.25,1663121408
2026-04-29 19:00:00+00:00,2238.969970703125,2241.43994140625,2224.719970703125,2232.56005859375,843622400
2026-04-29 20:00:00+00:00,2233.570068359375,2247.389892578125,2229.47998046875,2239.60009765625,491853824
2026-04-29 21:00:00+00:00,2239.550048828125,2261.030029296875,2237.659912109375,2252.169921875,541505536
2026-04-29 22:00:00+00:00,2251.889892578125,2257.919921875,2249.35009765625,2256.93994140625,186841088
2026-04-29 23:00:00+00:00,2257.169921875,2259.6298828125,2249.3798828125,2251.840087890625,190703616
2026-04-30 00:00:00+00:00,2253.0,2273.64990234375,2248.85009765625,2271.820068359375,2947072
2026-04-30 01:00:00+00:00,2271.77001953125,2278.4599609375,2266.110107421875,2268.889892578125,133134336
2026-04-30 02:00:00+00:00,2269.0,2272.7900390625,2235.669921875,2243.75,332191744
2026-04-30 03:00:00+00:00,2243.530029296875,2256.1201171875,2242.679931640625,2252.550048828125,0
2026-04-30 04:00:00+00:00,2252.449951171875,2253.260009765625,2235.719970703125,2238.06005859375,0
2026-04-30 05:00:00+00:00,2238.47998046875,2247.25,2231.280029296875,2241.89990234375,0
2026-04-30 06:00:00+00:00,2241.780029296875,2251.7900390625,2240.919921875,2247.199951171875,0
2026-04-30 07:00:00+00:00,2247.35009765625,2261.3798828125,2243.3701171875,2259.72998046875,0
2026-04-30 08:00:00+00:00,2260.179931640625,2261.889892578125,2254.93994140625,2256.2099609375,333842432
2026-04-30 09:00:00+00:00,2255.909912109375,2270.610107421875,2255.219970703125,2261.4599609375,0
2026-04-30 10:00:00+00:00,2261.4599609375,2265.18994140625,2256.0,2261.110107421875,0
2026-04-30 11:00:00+00:00,2262.0,2272.25,2251.93994140625,2257.419921875,0
2026-04-30 12:00:00+00:00,2257.60009765625,2270.77001953125,2256.820068359375,2264.35009765625,0
2026-04-30 13:00:00+00:00,2264.8701171875,2271.679931640625,2253.800048828125,2262.949951171875,0
2026-04-30 14:00:00+00:00,2262.780029296875,2270.669921875,2245.9599609375,2261.43994140625,19654656
2026-04-30 15:00:00+00:00,2264.280029296875,2274.56005859375,2256.659912109375,2265.070068359375,0
2026-04-30 16:00:00+00:00,2265.159912109375,2266.639892578125,2254.139892578125,2256.0,0
2026-04-30 17:00:00+00:00,2255.89990234375,2259.659912109375,2250.39990234375,2257.360107421875,0
2026-04-30 18:00:00+00:00,2256.719970703125,2264.4599609375,2253.550048828125,2259.699951171875,0
2026-04-30 19:00:00+00:00,2258.429931640625,2266.530029296875,2257.5400390625,2261.860107421875,0
2026-04-30 20:00:00+00:00,2261.050048828125,2266.52001953125,2259.919921875,2263.510009765625,0
2026-04-30 21:00:00+00:00,2263.2900390625,2263.989990234375,2253.570068359375,2255.1298828125,0
2026-04-30 22:00:00+00:00,2255.60009765625,2260.68994140625,2251.760009765625,2253.409912109375,0
2026-04-30 23:00:00+00:00,2254.320068359375,2258.39990234375,2253.0,2256.800048828125,2843648
2026-05-01 00:00:00+00:00,2256.860107421875,2265.10009765625,2256.860107421875,2259.300048828125,0
2026-05-01 01:00:00+00:00,2259.43994140625,2269.760009765625,2259.3798828125,2266.800048828125,0
2026-05-01 02:00:00+00:00,2267.43994140625,2269.219970703125,2264.280029296875,2266.2900390625,0
2026-05-01 03:00:00+00:00,2266.27001953125,2293.070068359375,2265.219970703125,2282.0,368883712
2026-05-01 04:00:00+00:00,2282.610107421875,2285.090087890625,2277.06005859375,2279.340087890625,0
2026-05-01 05:00:00+00:00,2279.340087890625,2285.7900390625,2278.199951171875,2282.639892578125,0
2026-05-01 06:00:00+00:00,2282.8701171875,2286.030029296875,2272.239990234375,2277.0400390625,0
2026-05-01 07:00:00+00:00,2276.639892578125,2280.52001953125,2272.7099609375,2279.199951171875,0
2026-05-01 08:00:00+00:00,2279.0,2288.780029296875,2277.010009765625,2286.7900390625,0
2026-05-01 09:00:00+00:00,2287.0,2287.0,2279.7099609375,2281.81005859375,0
2026-05-01 10:00:00+00:00,2281.389892578125,2285.800048828125,2276.85009765625,2282.330078125,0
2026-05-01 11:00:00+00:00,2282.570068359375,2292.820068359375,2281.300048828125,2286.320068359375,0
2026-05-01 12:00:00+00:00,2286.340087890625,2312.300048828125,2283.919921875,2301.239990234375,739891200
2026-05-01 13:00:00+00:00,2301.22998046875,2324.530029296875,2301.22998046875,2318.659912109375,333867008
2026-05-01 14:00:00+00:00,2318.469970703125,2325.590087890625,2301.260009765625,2307.60009765625,394971136
2026-05-01 15:00:00+00:00,2307.489990234375,2316.68994140625,2299.639892578125,2307.860107421875,237719552
2026-05-01 16:00:00+00:00,2308.39990234375,2314.43994140625,2297.219970703125,2301.530029296875,551280640
2026-05-01 17:00:00+00:00,2300.800048828125,2313.2099609375,2298.409912109375,2311.81005859375,45646848
2026-05-01 18:00:00+00:00,2312.0,2312.489990234375,2303.52001953125,2304.409912109375,3824640
2026-05-01 19:00:00+00:00,2304.699951171875,2307.699951171875,2301.969970703125,2304.590087890625,0
2026-05-01 20:00:00+00:00,2305.02001953125,2305.2900390625,2279.39990234375,2285.0,106035200
2026-05-01 21:00:00+00:00,2284.2099609375,2294.0,2284.070068359375,2292.6298828125,367657984
2026-05-01 22:00:00+00:00,2292.590087890625,2299.5,2290.909912109375,2293.389892578125,0
2026-05-01 23:00:00+00:00,2291.780029296875,2295.639892578125,2288.89990234375,2295.5400390625,86691840
2026-05-02 00:00:00+00:00,2295.570068359375,2299.389892578125,2292.699951171875,2297.489990234375,0
2026-05-02 01:00:00+00:00,2296.7099609375,2300.5,2295.610107421875,2298.68994140625,5407744
2026-05-02 02:00:00+00:00,2298.409912109375,2307.510009765625,2295.18994140625,2303.139892578125,0
2026-05-02 03:00:00+00:00,2303.330078125,2308.1298828125,2300.639892578125,2304.0400390625,0
2026-05-02 04:00:00+00:00,2303.9599609375,2304.760009765625,2299.510009765625,2301.070068359375,0
2026-05-02 05:00:00+00:00,2301.5,2301.5,2296.7099609375,2299.31005859375,0
2026-05-02 06:00:00+00:00,2299.489990234375,2305.860107421875,2297.110107421875,2305.110107421875,0
2026-05-02 07:00:00+00:00,2305.0,2305.989990234375,2300.60009765625,2300.610107421875,0
2026-05-02 08:00:00+00:00,2300.860107421875,2304.10009765625,2298.610107421875,2303.239990234375,0
2026-05-02 09:00:00+00:00,2303.239990234375,2307.3798828125,2302.97998046875,2304.89990234375,0
2026-05-02 10:00:00+00:00,2304.89990234375,2305.780029296875,2302.280029296875,2303.31005859375,0
2026-05-02 11:00:00+00:00,2302.699951171875,2304.830078125,2299.93994140625,2301.989990234375,0
2026-05-02 12:00:00+00:00,2301.820068359375,2305.199951171875,2300.989990234375,2303.300048828125,0
2026-05-02 13:00:00+00:00,2303.8798828125,2311.8798828125,2303.8798828125,2307.9599609375,0
2026-05-02 14:00:00+00:00,2307.9599609375,2308.530029296875,2304.8798828125,2306.39990234375,0
2026-05-02 15:00:00+00:00,2306.39990234375,2309.5400390625,2305.199951171875,2308.969970703125,0
2026-05-02 16:00:00+00:00,2309.010009765625,2313.39990234375,2307.77001953125,2309.300048828125,0
2026-05-02 17:00:00+00:00,2309.64990234375,2309.8798828125,2305.280029296875,2305.7900390625,0
2026-05-02 18:00:00+00:00,2305.800048828125,2310.9599609375,2303.81005859375,2309.6298828125,0
2026-05-02 19:00:00+00:00,2310.030029296875,2312.4599609375,2308.699951171875,2310.68994140625,0
2026-05-02 20:00:00+00:00,2310.989990234375,2312.0,2309.5,2311.68994140625,0
2026-05-02 21:00:00+00:00,2311.949951171875,2341.5400390625,2311.010009765625,2325.489990234375,234264576
2026-05-02 22:00:00+00:00,2326.669921875,2328.0,2317.300048828125,2326.800048828125,260295168
2026-05-02 23:00:00+00:00,2325.889892578125,2325.97998046875,2314.43994140625,2316.77001953125,153642496
2026-05-03 00:00:00+00:00,2317.419921875,2317.489990234375,2309.659912109375,2314.0,128382464
2026-05-03 01:00:00+00:00,2314.02001953125,2314.030029296875,2303.2099609375,2303.889892578125,144079360
2026-05-03 02:00:00+00:00,2303.2099609375,2306.489990234375,2299.02001953125,2303.080078125,71232000
2026-05-03 03:00:00+00:00,2302.909912109375,2303.860107421875,2300.0,2301.89990234375,19999744
2026-05-03 04:00:00+00:00,2301.199951171875,2303.699951171875,2297.60009765625,2301.22998046875,15065088
2026-05-03 05:00:00+00:00,2301.219970703125,2304.3701171875,2300.889892578125,2303.800048828125,0
2026-05-03 06:00:00+00:00,2303.199951171875,2305.68994140625,2299.320068359375,2304.0,0
2026-05-03 07:00:00+00:00,2304.0,2313.56005859375,2304.0,2309.260009765625,28572672
2026-05-03 08:00:00+00:00,2309.010009765625,2312.4599609375,2307.320068359375,2307.860107421875,0
2026-05-03 09:00:00+00:00,2308.10009765625,2321.300048828125,2307.25,2316.10009765625,187336192
2026-05-03 10:00:00+00:00,2316.110107421875,2316.25,2310.89990234375,2311.280029296875,0
2026-05-03 11:00:00+00:00,2311.10009765625,2326.97998046875,2310.010009765625,2319.4599609375,162363904
2026-05-03 12:00:00+00:00,2320.010009765625,2332.2099609375,2320.010009765625,2325.419921875,307364864
2026-05-03 13:00:00+00:00,2325.409912109375,2328.22998046875,2320.300048828125,2321.6298828125,0
2026-05-03 14:00:00+00:00,2321.610107421875,2328.929931640625,2320.77001953125,2328.31005859375,121214976
2026-05-03 15:00:00+00:00,2327.909912109375,2332.300048828125,2324.60009765625,2327.840087890625,184209408
2026-05-03 16:00:00+00:00,2329.60009765625,2334.10009765625,2321.72998046875,2328.159912109375,173114880
2026-05-03 17:00:00+00:00,2328.159912109375,2335.199951171875,2324.31005859375,2331.81005859375,163730944
2026-05-03 18:00:00+00:00,2331.719970703125,2333.169921875,2327.919921875,2330.75,21047808
2026-05-03 19:00:00+00:00,2330.739990234375,2337.510009765625,2328.18994140625,2335.679931640625,183491072
2026-05-03 20:00:00+00:00,2335.389892578125,2343.780029296875,2328.31005859375,2329.679931640625,496211968
2026-05-03 21:00:00+00:00,2330.10009765625,2334.199951171875,2316.159912109375,2323.929931640625,0
2026-05-03 22:00:00+00:00,2325.5400390625,2355.840087890625,2323.89990234375,2343.7099609375,745801728
2026-05-03 23:00:00+00:00,2342.75,2347.2099609375,2319.800048828125,2322.5,295941120
2026-05-04 00:00:00+00:00,2321.7900390625,2321.7900390625,2308.60009765625,2318.72998046875,333976576
2026-05-04 01:00:00+00:00,2319.199951171875,2352.10009765625,2312.89990234375,2350.590087890625,483276800
2026-05-04 02:00:00+00:00,2355.0,2387.340087890625,2345.43994140625,2374.389892578125,2204684288
2026-05-04 03:00:00+00:00,2375.090087890625,2390.570068359375,2371.64990234375,2385.010009765625,1473048576
2026-05-04 04:00:00+00:00,2385.110107421875,2398.02001953125,2384.320068359375,2389.8798828125,844491776
2026-05-04 05:00:00+00:00,2390.300048828125,2391.110107421875,2374.919921875,2375.8798828125,845571072
2026-05-04 06:00:00+00:00,2376.300048828125,2377.919921875,2354.139892578125,2367.739990234375,814741504
2026-05-04 07:00:00+00:00,2368.0,2373.10009765625,2361.7900390625,2362.090087890625,390353920
2026-05-04 08:00:00+00:00,2362.1298828125,2364.39990234375,2356.75,2359.5400390625,460853248
2026-05-04 09:00:00+00:00,2359.0,2370.830078125,2357.3701171875,2368.239990234375,524034048
2026-05-04 10:00:00+00:00,2369.56005859375,2369.56005859375,2313.389892578125,2338.260009765625,2407231488
2026-05-04 11:00:00+00:00,2337.6201171875,2343.830078125,2333.199951171875,2337.3701171875,0
2026-05-04 12:00:00+00:00,2337.389892578125,2344.0400390625,2333.10009765625,2336.719970703125,24188928
2026-05-04 13:00:00+00:00,2334.340087890625,2344.300048828125,2325.389892578125,2336.419921875,735401984
2026-05-04 14:00:00+00:00,2336.280029296875,2381.840087890625,2327.639892578125,2371.800048828125,1528897536
2026-05-04 15:00:00+00:00,2372.860107421875,2374.320068359375,2335.7900390625,2350.080078125,2047635456
2026-05-04 16:00:00+00:00,2349.699951171875,2364.919921875,2336.260009765625,2355.360107421875,992178176
2026-05-04 17:00:00+00:00,2355.25,2379.6201171875,2354.110107421875,2370.1298828125,456294400
2026-05-04 18:00:00+00:00,2370.800048828125,2375.1298828125,2356.610107421875,2361.39990234375,726661120
2026-05-04 19:00:00+00:00,2362.320068359375,2364.2099609375,2353.52001953125,2355.610107421875,203532288
2026-05-04 20:00:00+00:00,2354.6298828125,2358.7099609375,2347.1201171875,2349.719970703125,0
2026-05-04 21:00:00+00:00,2349.889892578125,2364.139892578125,2349.760009765625,2360.6298828125,0
2026-05-04 22:00:00+00:00,2361.110107421875,2365.449951171875,2353.570068359375,2354.35009765625,0
2026-05-04 23:00:00+00:00,2353.10009765625,2353.659912109375,2344.2900390625,2346.739990234375,499712
2026-05-05 00:00:00+00:00,2347.030029296875,2359.0,2344.77001953125,2358.77001953125,0
2026-05-05 01:00:00+00:00,2359.14990234375,2364.60009765625,2355.1201171875,2361.97998046875,0
2026-05-05 02:00:00+00:00,2361.719970703125,2376.9599609375,2359.389892578125,2367.469970703125,0
2026-05-05 03:00:00+00:00,2367.679931640625,2388.409912109375,2364.510009765625,2382.489990234375,0
2026-05-05 04:00:00+00:00,2383.050048828125,2385.75,2376.5,2380.949951171875,0
2026-05-05 05:00:00+00:00,2380.179931640625,2389.919921875,2376.9599609375,2379.989990234375,0
2026-05-05 06:00:00+00:00,2380.800048828125,2381.4599609375,2367.699951171875,2378.909912109375,0
2026-05-05 07:00:00+00:00,2378.64990234375,2388.60009765625,2375.409912109375,2380.610107421875,38617088
2026-05-05 08:00:00+00:00,2380.409912109375,2384.550048828125,2372.739990234375,2376.580078125,0
2026-05-05 09:00:00+00:00,2376.64990234375,2376.659912109375,2366.639892578125,2369.360107421875,0
2026-05-05 10:00:00+00:00,2368.989990234375,2379.719970703125,2366.840087890625,2378.530029296875,0
2026-05-05 11:00:00+00:00,2378.760009765625,2382.800048828125,2373.139892578125,2379.6201171875,0
2026-05-05 12:00:00+00:00,2380.070068359375,2390.659912109375,2376.27001953125,2389.1201171875,313812992
2026-05-05 13:00:00+00:00,2389.320068359375,2400.0,2383.760009765625,2388.889892578125,350711808
2026-05-05 14:00:00+00:00,2388.43994140625,2392.590087890625,2370.0,2378.889892578125,0
2026-05-05 15:00:00+00:00,2378.610107421875,2388.25,2375.60009765625,2381.989990234375,0
2026-05-05 16:00:00+00:00,2383.3701171875,2384.080078125,2360.949951171875,2365.070068359375,0
2026-05-05 17:00:00+00:00,2365.030029296875,2369.39990234375,2359.60009765625,2362.56005859375,0
2026-05-05 18:00:00+00:00,2362.820068359375,2374.75,2362.669921875,2372.3701171875,0
2026-05-05 19:00:00+00:00,2372.610107421875,2376.639892578125,2368.9599609375,2371.72998046875,0
2026-05-05 20:00:00+00:00,2371.64990234375,2386.8798828125,2371.39990234375,2382.239990234375,330677248
2026-05-05 21:00:00+00:00,2382.550048828125,2388.159912109375,2368.85009765625,2375.4599609375,304327680
2026-05-05 22:00:00+00:00,2376.199951171875,2381.719970703125,2355.889892578125,2367.489990234375,308850688
2026-05-05 23:00:00+00:00,2366.909912109375,2369.830078125,2354.2900390625,2360.800048828125,313317376
2026-05-06 00:00:00+00:00,2359.7099609375,2366.830078125,2354.659912109375,2363.909912109375,174858240
2026-05-06 01:00:00+00:00,2364.090087890625,2375.340087890625,2362.10009765625,2372.949951171875,228405248
2026-05-06 02:00:00+00:00,2372.919921875,2372.919921875,2359.56005859375,2368.85009765625,0
2026-05-06 03:00:00+00:00,2369.02001953125,2380.47998046875,2367.280029296875,2376.5,0
2026-05-06 04:00:00+00:00,2377.070068359375,2379.409912109375,2362.199951171875,2366.110107421875,0
2026-05-06 05:00:00+00:00,2365.889892578125,2366.75,2354.47998046875,2364.610107421875,0
2026-05-06 06:00:00+00:00,2364.610107421875,2370.969970703125,2360.429931640625,2370.169921875,195471360
2026-05-06 07:00:00+00:00,2370.510009765625,2374.860107421875,2368.199951171875,2371.4599609375,0
2026-05-06 08:00:00+00:00,2371.010009765625,2396.2099609375,2369.280029296875,2394.679931640625,295911424
2026-05-06 09:00:00+00:00,2395.56005859375,2418.25,2384.820068359375,2412.409912109375,1483860992
2026-05-06 10:00:00+00:00,2413.739990234375,2414.7099609375,2405.97998046875,2410.389892578125,835196928
2026-05-06 11:00:00+00:00,2409.010009765625,2424.0,2408.889892578125,2410.780029296875,968753152
2026-05-06 12:00:00+00:00,2410.7900390625,2413.570068359375,2400.4599609375,2405.10009765625,313806848
2026-05-06 13:00:00+00:00,2405.0,2405.0,2364.43994140625,2368.179931640625,446220288
2026-05-06 14:00:00+00:00,2368.10009765625,2372.919921875,2346.330078125,2359.35009765625,646795264
2026-05-06 15:00:00+00:00,2358.39990234375,2365.840087890625,2353.7900390625,2358.60009765625,657381376
2026-05-06 16:00:00+00:00,2358.02001953125,2365.699951171875,2350.090087890625,2357.68994140625,0
2026-05-06 17:00:00+00:00,2358.18994140625,2360.760009765625,2347.39990234375,2349.659912109375,701628416
2026-05-06 18:00:00+00:00,2349.739990234375,2352.1201171875,2338.0,2344.8701171875,365561856
2026-05-06 19:00:00+00:00,2344.679931640625,2349.75,2341.4599609375,2347.7900390625,157071360
2026-05-06 20:00:00+00:00,2348.81005859375,2357.0400390625,2345.0,2350.7099609375,0
2026-05-06 21:00:00+00:00,2351.030029296875,2356.909912109375,2345.840087890625,2354.6298828125,0
2026-05-06 22:00:00+00:00,2355.06005859375,2355.06005859375,2345.0,2347.449951171875,0
2026-05-06 23:00:00+00:00,2347.0,2351.3701171875,2338.320068359375,2350.64990234375,905216
2026-05-07 00:00:00+00:00,2350.64990234375,2352.25,2329.409912109375,2329.449951171875,143314944
2026-05-07 01:00:00+00:00,2329.4599609375,2335.10009765625,2314.300048828125,2327.429931640625,524982272
2026-05-07 02:00:00+00:00,2327.070068359375,2327.409912109375,2313.889892578125,2321.8701171875,427157504
2026-05-07 03:00:00+00:00,2321.010009765625,2325.510009765625,2315.429931640625,2321.929931640625,157161472
2026-05-07 04:00:00+00:00,2321.909912109375,2327.389892578125,2317.93994140625,2327.280029296875,0
2026-05-07 05:00:00+00:00,2327.2900390625,2333.669921875,2326.85009765625,2331.0,109602816
2026-05-07 06:00:00+00:00,2330.8798828125,2338.469970703125,2319.7900390625,2337.239990234375,133124096
2026-05-07 07:00:00+00:00,2337.070068359375,2347.06005859375,2336.800048828125,2344.7099609375,432068608
2026-05-07 08:00:00+00:00,2345.18994140625,2346.81005859375,2331.969970703125,2333.6298828125,0
2026-05-07 09:00:00+00:00,2333.6298828125,2336.81005859375,2326.510009765625,2328.25,0
2026-05-07 10:00:00+00:00,2328.56005859375,2331.2900390625,2316.949951171875,2326.5,0
2026-05-07 11:00:00+00:00,2327.219970703125,2331.43994140625,2325.110107421875,2329.889892578125,0
2026-05-07 12:00:00+00:00,2328.969970703125,2336.10009765625,2328.7099609375,2332.81005859375,0
2026-05-07 13:00:00+00:00,2332.139892578125,2332.139892578125,2304.75,2313.989990234375,0
2026-05-07 14:00:00+00:00,2313.919921875,2318.030029296875,2289.3701171875,2299.0400390625,0
2026-05-07 15:00:00+00:00,2298.280029296875,2304.68994140625,2286.5,2293.780029296875,358244352
2026-05-07 16:00:00+00:00,2292.8701171875,2297.97998046875,2285.110107421875,2291.5,238454784
2026-05-07 17:00:00+00:00,2291.699951171875,2301.530029296875,2280.0,2300.39990234375,439476224
2026-05-07 18:00:00+00:00,2300.010009765625,2304.469970703125,2291.60009765625,2296.300048828125,0
2026-05-07 19:00:00+00:00,2296.360107421875,2297.050048828125,2288.43994140625,2295.5,551909376
2026-05-07 20:00:00+00:00,2295.340087890625,2301.510009765625,2288.27001953125,2289.090087890625,632035328
2026-05-07 21:00:00+00:00,2289.10009765625,2293.739990234375,2281.2099609375,2287.39990234375,259041280
2026-05-07 22:00:00+00:00,2287.320068359375,2290.090087890625,2280.610107421875,2286.8798828125,228698112
2026-05-07 23:00:00+00:00,2286.68994140625,2293.070068359375,2285.909912109375,2290.590087890625,0
2026-05-08 00:00:00+00:00,2291.530029296875,2293.909912109375,2283.239990234375,2286.2099609375,0
2026-05-08 01:00:00+00:00,2287.5,2289.159912109375,2280.5,2282.419921875,0
2026-05-08 03:00:00+00:00,2270.732666015625,2280.37939453125,2266.173583984375,2279.18896484375,1683953664
2026-05-08 04:00:00+00:00,2279.396728515625,2283.52001953125,2276.24169921875,2281.435791015625,0
2026-05-08 05:00:00+00:00,2280.983154296875,2283.135498046875,2276.48681640625,2277.983154296875,0
2026-05-08 06:00:00+00:00,2276.235595703125,2277.212890625,2270.073974609375,2273.66259765625,710850560
2026-05-08 07:00:00+00:00,2274.087890625,2281.500244140625,2267.5546875,2280.0400390625,0
2026-05-08 08:00:00+00:00,2280.135498046875,2287.8896484375,2279.890625,2284.8818359375,182994944
2026-05-08 09:00:00+00:00,2283.715576171875,2290.677978515625,2280.705322265625,2283.001708984375,39401472
2026-05-08 10:00:00+00:00,2283.076171875,2289.96337890625,2281.464111328125,2288.2412109375,0
2026-05-08 11:00:00+00:00,2288.074951171875,2294.935791015625,2287.70458984375,2294.935791015625,346798080
2026-05-08 12:00:00+00:00,2295.94775390625,2300.60009765625,2283.139892578125,2284.300048828125,0
2026-05-08 13:00:00+00:00,2283.89990234375,2286.699951171875,2269.679931640625,2274.909912109375,0
2026-05-08 14:00:00+00:00,2276.699951171875,2291.22998046875,2273.800048828125,2285.3701171875,0
2026-05-08 15:00:00+00:00,2285.300048828125,2293.89990234375,2274.580078125,2293.25,0
2026-05-08 16:00:00+00:00,2293.5400390625,2293.830078125,2285.830078125,2289.39990234375,0
2026-05-08 17:00:00+00:00,2289.110107421875,2315.5,2289.10009765625,2304.800048828125,0
2026-05-08 18:00:00+00:00,2305.5,2321.18994140625,2305.5,2314.25,304822272
2026-05-08 19:00:00+00:00,2313.580078125,2320.429931640625,2312.510009765625,2315.5,0
2026-05-08 20:00:00+00:00,2315.47998046875,2316.0,2305.02001953125,2306.590087890625,0
2026-05-08 21:00:00+00:00,2306.739990234375,2314.81005859375,2304.06005859375,2314.219970703125,82274304
2026-05-08 22:00:00+00:00,2314.0400390625,2318.669921875,2310.510009765625,2310.860107421875,0
2026-05-08 23:00:00+00:00,2310.580078125,2310.6298828125,2302.93994140625,2307.239990234375,50700288
2026-05-09 00:00:00+00:00,2307.239990234375,2312.139892578125,2304.2900390625,2308.68994140625,0
2026-05-09 01:00:00+00:00,2308.7099609375,2318.2900390625,2308.31005859375,2314.580078125,0
2026-05-09 02:00:00+00:00,2314.72998046875,2320.4599609375,2314.010009765625,2317.1201171875,0
2026-05-09 03:00:00+00:00,2316.85009765625,2320.469970703125,2312.72998046875,2315.530029296875,0
2026-05-09 04:00:00+00:00,2315.590087890625,2324.889892578125,2311.610107421875,2312.679931640625,488921088
2026-05-09 05:00:00+00:00,2312.679931640625,2318.449951171875,2311.18994140625,2314.580078125,0
2026-05-09 06:00:00+00:00,2314.64990234375,2319.0,2312.510009765625,2314.22998046875,0
2026-05-09 07:00:00+00:00,2314.22998046875,2318.320068359375,2311.010009765625,2314.52001953125,0
2026-05-09 08:00:00+00:00,2314.199951171875,2319.949951171875,2313.699951171875,2316.929931640625,0
2026-05-09 09:00:00+00:00,2316.93994140625,2317.419921875,2311.2099609375,2313.1298828125,0
2026-05-09 10:00:00+00:00,2312.989990234375,2314.669921875,2309.830078125,2312.27001953125,0
2026-05-09 11:00:00+00:00,2311.89990234375,2315.409912109375,2311.89990234375,2314.330078125,0
2026-05-09 12:00:00+00:00,2314.320068359375,2318.139892578125,2313.070068359375,2316.219970703125,0
2026-05-09 13:00:00+00:00,2316.2099609375,2316.330078125,2311.590087890625,2314.27001953125,0
2026-05-09 14:00:00+00:00,2314.429931640625,2314.699951171875,2304.800048828125,2307.820068359375,0
2026-05-09 15:00:00+00:00,2307.639892578125,2317.3701171875,2300.659912109375,2317.360107421875,0
2026-05-09 16:00:00+00:00,2317.719970703125,2324.97998046875,2314.919921875,2319.800048828125,0
2026-05-09 17:00:00+00:00,2320.2099609375,2333.77001953125,2320.2099609375,2329.449951171875,0
2026-05-09 18:00:00+00:00,2330.389892578125,2337.60009765625,2328.52001953125,2329.919921875,0
2026-05-09 19:00:00+00:00,2330.159912109375,2333.1298828125,2326.570068359375,2331.840087890625,0
2026-05-09 20:00:00+00:00,2332.070068359375,2332.7900390625,2327.2900390625,2329.090087890625,0
2026-05-09 21:00:00+00:00,2329.389892578125,2331.7099609375,2328.5,2330.8701171875,0
2026-05-09 22:00:00+00:00,2330.860107421875,2333.389892578125,2327.219970703125,2329.780029296875,0
2026-05-09 23:00:00+00:00,2329.090087890625,2331.60009765625,2324.169921875,2326.159912109375,0
2026-05-10 00:00:00+00:00,2326.14990234375,2329.52001953125,2322.06005859375,2323.7099609375,0
2026-05-10 01:00:00+00:00,2323.739990234375,2324.570068359375,2318.179931640625,2323.3798828125,0
2026-05-10 02:00:00+00:00,2323.2099609375,2327.639892578125,2319.830078125,2327.02001953125,0
2026-05-10 03:00:00+00:00,2327.2900390625,2332.590087890625,2323.5,2327.409912109375,0
2026-05-10 04:00:00+00:00,2327.409912109375,2330.669921875,2326.090087890625,2328.0,0
2026-05-10 05:00:00+00:00,2327.8798828125,2330.0,2326.449951171875,2327.050048828125,0
2026-05-10 06:00:00+00:00,2326.93994140625,2330.010009765625,2326.43994140625,2329.080078125,0
2026-05-10 07:00:00+00:00,2329.090087890625,2331.72998046875,2327.159912109375,2327.159912109375,0
2026-05-10 08:00:00+00:00,2327.1298828125,2331.7099609375,2326.139892578125,2329.679931640625,0
2026-05-10 09:00:00+00:00,2329.97998046875,2333.340087890625,2326.580078125,2327.820068359375,0
2026-05-10 10:00:00+00:00,2327.760009765625,2328.60009765625,2322.72998046875,2325.02001953125,159036416
2026-05-10 11:00:00+00:00,2325.02001953125,2327.469970703125,2318.739990234375,2322.679931640625,146788352
2026-05-10 12:00:00+00:00,2322.3701171875,2325.2900390625,2320.43994140625,2324.260009765625,75604992
2026-05-10 13:00:00+00:00,2324.0400390625,2331.840087890625,2323.280029296875,2329.840087890625,38714368
2026-05-10 14:00:00+00:00,2330.06005859375,2334.800048828125,2327.280029296875,2330.969970703125,386861056
2026-05-10 15:00:00+00:00,2331.0,2349.860107421875,2331.0,2347.389892578125,329831424
2026-05-10 16:00:00+00:00,2349.10009765625,2350.510009765625,2340.27001953125,2349.949951171875,153106432
2026-05-10 17:00:00+00:00,2349.7900390625,2367.7099609375,2345.330078125,2364.0,3320525824
2026-05-10 18:00:00+00:00,2364.6201171875,2366.5,2356.570068359375,2358.610107421875,194129920
2026-05-10 19:00:00+00:00,2358.4599609375,2366.739990234375,2351.39990234375,2365.7900390625,192885760
2026-05-10 20:00:00+00:00,2365.820068359375,2369.989990234375,2312.679931640625,2328.739990234375,997106688
2026-05-10 21:00:00+00:00,2327.860107421875,2337.1201171875,2324.469970703125,2330.77001953125,713913344
2026-05-10 22:00:00+00:00,2328.830078125,2377.14990234375,2327.7900390625,2373.5,1141753856
2026-05-10 23:00:00+00:00,2376.10009765625,2381.77001953125,2367.969970703125,2369.080078125,977952768
2026-05-11 00:00:00+00:00,2371.0,2374.699951171875,2344.60009765625,2352.760009765625,501688320
2026-05-11 01:00:00+00:00,2352.2900390625,2365.320068359375,2345.429931640625,2358.489990234375,312064000
2026-05-11 02:00:00+00:00,2358.719970703125,2360.429931640625,2342.949951171875,2344.68994140625,0
2026-05-11 03:00:00+00:00,2345.080078125,2345.090087890625,2319.719970703125,2329.889892578125,966627328
2026-05-11 04:00:00+00:00,2329.35009765625,2335.4599609375,2326.090087890625,2332.510009765625,131147776
2026-05-11 05:00:00+00:00,2332.14990234375,2339.72998046875,2331.6201171875,2334.3701171875,0
2026-05-11 06:00:00+00:00,2334.340087890625,2340.7900390625,2329.8701171875,2333.27001953125,482007040
2026-05-11 07:00:00+00:00,2333.0,2333.0,2327.820068359375,2329.81005859375,0
2026-05-11 08:00:00+00:00,2330.1298828125,2334.030029296875,2326.3798828125,2330.02001953125,448083968
2026-05-11 09:00:00+00:00,2329.840087890625,2338.110107421875,2329.64990234375,2335.260009765625,0
2026-05-11 10:00:00+00:00,2335.409912109375,2339.27001953125,2329.27001953125,2329.300048828125,0
2026-05-11 11:00:00+00:00,2329.5400390625,2335.530029296875,2327.110107421875,2335.2900390625,0
2026-05-11 12:00:00+00:00,2335.280029296875,2338.919921875,2328.080078125,2328.39990234375,91013120
2026-05-11 13:00:00+00:00,2329.360107421875,2331.9599609375,2313.68994140625,2321.489990234375,519704576
2026-05-11 14:00:00+00:00,2321.0,2328.22998046875,2303.5400390625,2315.39990234375,517357568
2026-05-11 15:00:00+00:00,2315.389892578125,2335.139892578125,2312.27001953125,2333.18994140625,49713152
2026-05-11 16:00:00+00:00,2332.239990234375,2340.75,2326.75,2329.239990234375,180207616
2026-05-11 17:00:00+00:00,2330.239990234375,2343.469970703125,2322.969970703125,2336.5400390625,0
2026-05-11 18:00:00+00:00,2336.31005859375,2344.2099609375,2334.570068359375,2334.820068359375,0
2026-05-11 19:00:00+00:00,2335.6201171875,2343.739990234375,2331.56005859375,2339.909912109375,0
2026-05-11 20:00:00+00:00,2340.800048828125,2344.97998046875,2335.840087890625,2337.659912109375,0
2026-05-11 21:00:00+00:00,2337.68994140625,2342.39990234375,2335.85009765625,2340.260009765625,0
2026-05-11 22:00:00+00:00,2340.6201171875,2345.300048828125,2336.02001953125,2340.820068359375,0
2026-05-11 23:00:00+00:00,2340.820068359375,2341.6298828125,2334.639892578125,2339.389892578125,0
2026-05-12 00:00:00+00:00,2339.0,2340.39990234375,2331.570068359375,2333.030029296875,0
2026-05-12 01:00:00+00:00,2332.85009765625,2334.89990234375,2296.010009765625,2310.679931640625,454039552
2026-05-12 02:00:00+00:00,2310.639892578125,2316.469970703125,2307.320068359375,2315.139892578125,0
2026-05-12 03:00:00+00:00,2314.820068359375,2316.60009765625,2306.830078125,2308.889892578125,0
2026-05-12 04:00:00+00:00,2308.1298828125,2313.6298828125,2305.60009765625,2310.22998046875,0
2026-05-12 05:00:00+00:00,2310.070068359375,2313.27001953125,2308.8701171875,2309.64990234375,0
2026-05-12 06:00:00+00:00,2309.429931640625,2313.3701171875,2302.010009765625,2303.0400390625,0
2026-05-12 07:00:00+00:00,2302.5,2303.909912109375,2292.5400390625,2294.75,380423168
2026-05-12 08:00:00+00:00,2293.610107421875,2294.75,2280.300048828125,2287.3701171875,721561600
2026-05-12 09:00:00+00:00,2286.610107421875,2294.169921875,2280.679931640625,2291.9599609375,501622784
2026-05-12 10:00:00+00:00,2291.639892578125,2292.969970703125,2281.719970703125,2285.39990234375,188448768
2026-05-12 11:00:00+00:00,2285.8798828125,2286.580078125,2278.340087890625,2286.18994140625,184807424
2026-05-12 12:00:00+00:00,2285.929931640625,2293.429931640625,2280.47998046875,2288.5,256373760
2026-05-12 13:00:00+00:00,2288.68994140625,2291.6298828125,2267.530029296875,2270.360107421875,0
2026-05-12 14:00:00+00:00,2271.010009765625,2280.949951171875,2261.840087890625,2268.35009765625,249738240
2026-05-12 15:00:00+00:00,2267.550048828125,2273.590087890625,2255.919921875,2260.639892578125,139978752
2026-05-12 16:00:00+00:00,2260.340087890625,2270.409912109375,2256.159912109375,2263.070068359375,0
2026-05-12 17:00:00+00:00,2263.77001953125,2277.199951171875,2263.6201171875,2276.159912109375,220257280
2026-05-12 18:00:00+00:00,2276.010009765625,2284.02001953125,2274.4599609375,2278.800048828125,0
2026-05-12 19:00:00+00:00,2279.419921875,2287.080078125,2278.719970703125,2284.7099609375,0
2026-05-12 20:00:00+00:00,2285.489990234375,2286.919921875,2281.14990234375,2284.8798828125,0
2026-05-12 21:00:00+00:00,2285.25,2287.2900390625,2282.6201171875,2285.110107421875,250515456
2026-05-12 22:00:00+00:00,2286.5,2290.860107421875,2282.0,2282.110107421875,0
2026-05-12 23:00:00+00:00,2281.860107421875,2283.7099609375,2272.97998046875,2274.429931640625,71923712
2026-05-13 00:00:00+00:00,2274.25,2285.77001953125,2272.830078125,2281.02001953125,0
2026-05-13 01:00:00+00:00,2281.27001953125,2295.199951171875,2280.47998046875,2289.6298828125,0
2026-05-13 02:00:00+00:00,2289.6201171875,2298.9599609375,2286.719970703125,2293.489990234375,0
2026-05-13 03:00:00+00:00,2293.1298828125,2303.43994140625,2291.830078125,2301.43994140625,64293888
2026-05-13 04:00:00+00:00,2301.760009765625,2307.39990234375,2298.330078125,2306.389892578125,47031296
2026-05-13 05:00:00+00:00,2306.760009765625,2307.199951171875,2295.469970703125,2297.239990234375,46971904
2026-05-13 06:00:00+00:00,2297.360107421875,2304.7900390625,2297.1201171875,2301.1201171875,0
2026-05-13 07:00:00+00:00,2300.780029296875,2302.179931640625,2296.179931640625,2300.610107421875,0
2026-05-13 08:00:00+00:00,2300.5,2316.5,2300.2099609375,2316.43994140625,0
2026-05-13 09:00:00+00:00,2316.639892578125,2322.919921875,2314.0,2320.39990234375,28708864
2026-05-13 10:00:00+00:00,2320.39990234375,2320.909912109375,2305.260009765625,2307.719970703125,0
2026-05-13 11:00:00+00:00,2307.4599609375,2308.070068359375,2298.300048828125,2300.8798828125,0
2026-05-13 12:00:00+00:00,2300.639892578125,2306.739990234375,2269.469970703125,2283.5,211680256
2026-05-13 13:00:00+00:00,2283.0400390625,2287.159912109375,2258.199951171875,2261.409912109375,86765568
2026-05-13 14:00:00+00:00,2259.800048828125,2269.699951171875,2250.570068359375,2266.469970703125,315626496
2026-05-13 15:00:00+00:00,2266.68994140625,2269.10009765625,2233.070068359375,2235.300048828125,0
2026-05-13 16:00:00+00:00,2235.300048828125,2252.22998046875,2234.610107421875,2249.580078125,810880000
2026-05-13 17:00:00+00:00,2250.60009765625,2260.56005859375,2250.510009765625,2257.39990234375,0
2026-05-13 18:00:00+00:00,2257.7900390625,2267.2099609375,2257.31005859375,2258.449951171875,309580800
2026-05-13 19:00:00+00:00,2258.81005859375,2259.60009765625,2249.31005859375,2254.7099609375,0
2026-05-13 20:00:00+00:00,2255.909912109375,2263.60009765625,2255.300048828125,2262.820068359375,0
2026-05-13 21:00:00+00:00,2263.10009765625,2263.18994140625,2253.3701171875,2255.0,0
2026-05-13 22:00:00+00:00,2256.39990234375,2259.52001953125,2249.8701171875,2258.360107421875,0
2026-05-13 23:00:00+00:00,2258.60009765625,2260.909912109375,2253.699951171875,2257.85009765625,1382400
2026-05-14 00:00:00+00:00,2257.889892578125,2268.419921875,2257.199951171875,2265.7099609375,46086144
2026-05-14 01:00:00+00:00,2264.699951171875,2268.340087890625,2258.75,2263.89990234375,0
2026-05-14 02:00:00+00:00,2263.89990234375,2265.800048828125,2246.989990234375,2250.580078125,43652096
2026-05-14 03:00:00+00:00,2250.4599609375,2254.0,2237.840087890625,2240.929931640625,0
2026-05-14 04:00:00+00:00,2241.39990234375,2257.139892578125,2238.489990234375,2255.77001953125,528379904
2026-05-14 05:00:00+00:00,2255.2099609375,2272.2099609375,2254.60009765625,2267.260009765625,157292544
2026-05-14 06:00:00+00:00,2267.93994140625,2273.39990234375,2266.199951171875,2266.739990234375,303054848
2026-05-14 07:00:00+00:00,2265.679931640625,2269.97998046875,2263.0,2264.570068359375,7484416
2026-05-14 08:00:00+00:00,2264.85009765625,2270.159912109375,2261.199951171875,2265.6201171875,1328128
2026-05-14 09:00:00+00:00,2265.929931640625,2267.239990234375,2251.699951171875,2256.60009765625,0
2026-05-14 10:00:00+00:00,2255.889892578125,2264.97998046875,2254.47998046875,2261.1201171875,0
2026-05-14 11:00:00+00:00,2261.159912109375,2263.1298828125,2251.409912109375,2252.7099609375,33129472
2026-05-14 12:00:00+00:00,2251.739990234375,2261.89990234375,2247.5400390625,2260.570068359375,0
2026-05-14 13:00:00+00:00,2260.4599609375,2264.3798828125,2247.820068359375,2248.719970703125,0
2026-05-14 14:00:00+00:00,2247.340087890625,2288.239990234375,2245.75,2286.199951171875,16699392
2026-05-14 15:00:00+00:00,2287.590087890625,2299.179931640625,2280.199951171875,2298.139892578125,228908032
2026-05-14 16:00:00+00:00,2299.510009765625,2317.739990234375,2294.25,2316.35009765625,598392832
2026-05-14 17:00:00+00:00,2316.159912109375,2319.489990234375,2296.010009765625,2308.340087890625,933193728
2026-05-14 18:00:00+00:00,2308.2099609375,2316.659912109375,2303.0,2309.8701171875,78286848
2026-05-14 19:00:00+00:00,2309.81005859375,2312.489990234375,2297.080078125,2297.300048828125,241065984
2026-05-14 20:00:00+00:00,2298.260009765625,2301.179931640625,2288.0400390625,2297.610107421875,130804736
2026-05-14 21:00:00+00:00,2298.969970703125,2299.919921875,2289.72998046875,2296.929931640625,148158464
2026-05-14 22:00:00+00:00,2296.2900390625,2300.760009765625,2294.820068359375,2297.919921875,168218624
2026-05-14 23:00:00+00:00,2295.840087890625,2296.800048828125,2280.360107421875,2283.02001953125,52670464
2026-05-15 00:00:00+00:00,2282.97998046875,2299.699951171875,2281.89990234375,2290.929931640625,158932992
2026-05-15 01:00:00+00:00,2291.199951171875,2294.360107421875,2274.35009765625,2274.590087890625,389027840
2026-05-15 02:00:00+00:00,2274.070068359375,2278.89990234375,2260.0,2276.02001953125,562573312
2026-05-15 03:00:00+00:00,2276.260009765625,2278.97998046875,2267.5400390625,2272.659912109375,208994304
2026-05-15 04:00:00+00:00,2272.639892578125,2273.090087890625,2262.139892578125,2262.360107421875,0
2026-05-15 05:00:00+00:00,2262.820068359375,2266.31005859375,2237.659912109375,2245.31005859375,699942912
2026-05-15 06:00:00+00:00,2244.47998046875,2256.31005859375,2243.360107421875,2254.6201171875,110510080
2026-05-15 07:00:00+00:00,2254.81005859375,2270.530029296875,2253.0,2264.39990234375,336054272
2026-05-15 08:00:00+00:00,2264.239990234375,2264.4599609375,2249.469970703125,2256.659912109375,159821824
2026-05-15 09:00:00+00:00,2256.639892578125,2259.4599609375,2250.14990234375,2254.070068359375,0
2026-05-15 10:00:00+00:00,2253.31005859375,2264.1201171875,2251.8798828125,2261.60009765625,0
2026-05-15 11:00:00+00:00,2262.2900390625,2263.3701171875,2256.469970703125,2256.64990234375,41709568
2026-05-15 12:00:00+00:00,2256.56005859375,2260.300048828125,2250.699951171875,2253.699951171875,0
2026-05-15 13:00:00+00:00,2253.06005859375,2253.06005859375,2210.010009765625,2211.179931640625,873476096
2026-05-15 14:00:00+00:00,2211.68994140625,2222.72998046875,2203.969970703125,2212.2900390625,395626496
2026-05-15 15:00:00+00:00,2212.659912109375,2223.050048828125,2208.530029296875,2221.68994140625,0
2026-05-15 16:00:00+00:00,2221.2900390625,2229.3701171875,2217.68994140625,2223.60009765625,0
2026-05-15 17:00:00+00:00,2223.469970703125,2231.010009765625,2223.0400390625,2228.31005859375,0
2026-05-15 18:00:00+00:00,2228.360107421875,2231.969970703125,2223.52001953125,2226.64990234375,0
2026-05-15 19:00:00+00:00,2226.860107421875,2227.18994140625,2220.7099609375,2222.02001953125,0
2026-05-15 20:00:00+00:00,2222.239990234375,2224.679931640625,2215.989990234375,2218.889892578125,0
2026-05-15 21:00:00+00:00,2218.5,2223.949951171875,2214.080078125,2215.7099609375,0
2026-05-15 22:00:00+00:00,2216.60009765625,2222.800048828125,2215.860107421875,2222.35009765625,2580480
2026-05-15 23:00:00+00:00,2222.10009765625,2224.81005859375,2221.159912109375,2223.0,0
2026-05-16 00:00:00+00:00,2222.7099609375,2229.8798828125,2222.10009765625,2225.550048828125,0
2026-05-16 01:00:00+00:00,2225.60009765625,2229.25,2221.93994140625,2228.010009765625,0
2026-05-16 02:00:00+00:00,2228.590087890625,2229.590087890625,2225.60009765625,2228.260009765625,0
2026-05-16 03:00:00+00:00,2228.300048828125,2229.31005859375,2225.840087890625,2226.64990234375,0
2026-05-16 04:00:00+00:00,2226.510009765625,2227.3701171875,2217.550048828125,2224.510009765625,18094080
2026-05-16 05:00:00+00:00,2224.52001953125,2225.85009765625,2221.840087890625,2224.360107421875,0
2026-05-16 06:00:00+00:00,2224.1298828125,2225.6201171875,2208.840087890625,2214.159912109375,0
2026-05-16 07:00:00+00:00,2214.669921875,2214.669921875,2180.889892578125,2193.81005859375,755850240
2026-05-16 08:00:00+00:00,2193.27001953125,2196.219970703125,2191.280029296875,2192.1298828125,0
2026-05-16 09:00:00+00:00,2192.1298828125,2192.85009765625,2165.93994140625,2172.550048828125,670536704
2026-05-16 10:00:00+00:00,2171.989990234375,2173.929931640625,2162.139892578125,2173.1298828125,391103488
2026-05-16 11:00:00+00:00,2173.5,2179.820068359375,2173.5,2175.14990234375,86533120
2026-05-16 12:00:00+00:00,2175.070068359375,2178.3701171875,2172.949951171875,2175.3701171875,85004288
2026-05-16 13:00:00+00:00,2175.179931640625,2178.39990234375,2171.139892578125,2176.1298828125,0
2026-05-16 14:00:00+00:00,2177.1298828125,2186.52001953125,2172.60009765625,2179.030029296875,0
2026-05-16 15:00:00+00:00,2179.02001953125,2182.739990234375,2176.239990234375,2178.89990234375,0
2026-05-16 16:00:00+00:00,2178.25,2182.14990234375,2169.7900390625,2173.43994140625,0
2026-05-16 17:00:00+00:00,2173.699951171875,2180.090087890625,2173.389892578125,2177.97998046875,0
2026-05-16 18:00:00+00:00,2178.14990234375,2184.010009765625,2175.510009765625,2180.360107421875,0
2026-05-16 19:00:00+00:00,2180.570068359375,2181.8798828125,2178.0400390625,2178.780029296875,0
2026-05-16 20:00:00+00:00,2179.800048828125,2181.889892578125,2178.919921875,2180.699951171875,0
2026-05-16 21:00:00+00:00,2180.22998046875,2182.4599609375,2180.18994140625,2181.5400390625,0
2026-05-16 22:00:00+00:00,2180.7900390625,2182.280029296875,2178.830078125,2179.409912109375,0
2026-05-16 23:00:00+00:00,2179.2900390625,2182.199951171875,2178.239990234375,2179.97998046875,0
2026-05-17 00:00:00+00:00,2179.9599609375,2184.7900390625,2172.929931640625,2176.449951171875,80065536
2026-05-17 01:00:00+00:00,2177.0,2182.5400390625,2167.199951171875,2168.60009765625,283353088
2026-05-17 02:00:00+00:00,2169.39990234375,2175.25,2169.139892578125,2173.360107421875,72829952
2026-05-17 03:00:00+00:00,2173.159912109375,2182.9599609375,2173.159912109375,2180.4599609375,101141504
2026-05-17 04:00:00+00:00,2180.4599609375,2188.550048828125,2180.090087890625,2186.25,13526016
2026-05-17 05:00:00+00:00,2186.35009765625,2193.39990234375,2184.659912109375,2185.090087890625,91326464
2026-05-17 06:00:00+00:00,2185.25,2187.1298828125,2180.77001953125,2184.179931640625,0
2026-05-17 07:00:00+00:00,2184.419921875,2187.22998046875,2181.7099609375,2185.5,0
2026-05-17 08:00:00+00:00,2186.02001953125,2186.320068359375,2182.330078125,2185.179931640625,0
2026-05-17 09:00:00+00:00,2185.159912109375,2190.43994140625,2184.85009765625,2189.330078125,0
2026-05-17 10:00:00+00:00,2189.340087890625,2197.06005859375,2189.330078125,2193.10009765625,0
2026-05-17 11:00:00+00:00,2192.820068359375,2194.080078125,2187.010009765625,2191.199951171875,0
2026-05-17 12:00:00+00:00,2191.179931640625,2197.300048828125,2190.449951171875,2193.760009765625,0
2026-05-17 13:00:00+00:00,2193.169921875,2194.35009765625,2186.89990234375,2191.31005859375,0
2026-05-17 14:00:00+00:00,2191.330078125,2191.330078125,2178.260009765625,2185.719970703125,0
2026-05-17 15:00:00+00:00,2185.5400390625,2187.739990234375,2180.5,2185.409912109375,0
2026-05-17 16:00:00+00:00,2186.030029296875,2187.909912109375,2181.280029296875,2181.489990234375,0
2026-05-17 17:00:00+00:00,2181.580078125,2183.989990234375,2175.989990234375,2182.77001953125,218928640
2026-05-17 18:00:00+00:00,2182.610107421875,2187.419921875,2178.2099609375,2187.360107421875,0
2026-05-17 19:00:00+00:00,2187.6298828125,2192.669921875,2186.47998046875,2191.2900390625,8306688
2026-05-17 20:00:00+00:00,2191.679931640625,2192.780029296875,2185.85009765625,2188.35009765625,161602560
2026-05-17 21:00:00+00:00,2187.639892578125,2193.8701171875,2186.300048828125,2190.760009765625,49652224
2026-05-17 22:00:00+00:00,2190.340087890625,2190.699951171875,2173.320068359375,2178.469970703125,322110976
2026-05-17 23:00:00+00:00,2176.780029296875,2177.97998046875,2094.889892578125,2129.7099609375,2516971008
2026-05-18 00:00:00+00:00,2129.300048828125,2130.530029296875,2104.3798828125,2114.419921875,1452920832
2026-05-18 01:00:00+00:00,2114.5,2120.0,2105.18994140625,2116.43994140625,203153408
2026-05-18 02:00:00+00:00,2115.830078125,2123.159912109375,2111.469970703125,2115.39990234375,329606144
2026-05-18 03:00:00+00:00,2115.050048828125,2122.52001953125,2114.97998046875,2117.239990234375,134551552
2026-05-18 04:00:00+00:00,2117.81005859375,2124.570068359375,2113.39990234375,2123.6298828125,126907392
2026-05-18 05:00:00+00:00,2124.070068359375,2124.7099609375,2116.030029296875,2117.0,153322496
2026-05-18 06:00:00+00:00,2116.929931640625,2120.090087890625,2109.139892578125,2117.68994140625,231672832
2026-05-18 07:00:00+00:00,2119.080078125,2122.159912109375,2110.7900390625,2119.300048828125,461286400
2026-05-18 08:00:00+00:00,2119.47998046875,2122.43994140625,2115.820068359375,2119.969970703125,282552320
2026-05-18 09:00:00+00:00,2119.969970703125,2120.489990234375,2114.179931640625,2116.0,97163264
2026-05-18 10:00:00+00:00,2115.739990234375,2116.330078125,2110.860107421875,2113.199951171875,81947648
2026-05-18 11:00:00+00:00,2113.56005859375,2138.530029296875,2108.760009765625,2132.77001953125,458767360
2026-05-18 12:00:00+00:00,2133.1201171875,2156.360107421875,2133.0,2150.179931640625,818108416
2026-05-18 13:00:00+00:00,2150.320068359375,2150.39990234375,2120.1201171875,2129.35009765625,851619840
2026-05-18 14:00:00+00:00,2128.300048828125,2128.81005859375,2098.300048828125,2108.60009765625,957549568
2026-05-18 15:00:00+00:00,2108.639892578125,2109.510009765625,2092.360107421875,2105.639892578125,1249093632
2026-05-18 16:00:00+00:00,2105.14990234375,2109.0400390625,2089.199951171875,2095.89990234375,696641536
2026-05-18 17:00:00+00:00,2095.780029296875,2108.60009765625,2093.64990234375,2106.320068359375,269654016
2026-05-18 18:00:00+00:00,2105.81005859375,2107.18994140625,2078.0,2079.39990234375,821882880
2026-05-18 19:00:00+00:00,2078.969970703125,2127.239990234375,2078.969970703125,2122.889892578125,841605120
2026-05-18 20:00:00+00:00,2123.860107421875,2128.699951171875,2113.2099609375,2115.72998046875,854761472
2026-05-18 21:00:00+00:00,2115.989990234375,2140.5,2113.199951171875,2135.5400390625,513245184
2026-05-18 22:00:00+00:00,2137.39990234375,2140.590087890625,2128.800048828125,2134.02001953125,0
2026-05-18 23:00:00+00:00,2133.800048828125,2137.320068359375,2126.070068359375,2128.570068359375,0
2026-05-19 00:00:00+00:00,2128.860107421875,2145.010009765625,2127.070068359375,2134.18994140625,0
2026-05-19 01:00:00+00:00,2134.199951171875,2136.800048828125,2122.18994140625,2123.419921875,0
2026-05-19 02:00:00+00:00,2123.219970703125,2133.800048828125,2117.85009765625,2121.6201171875,0
2026-05-19 03:00:00+00:00,2120.93994140625,2132.8701171875,2120.39990234375,2129.830078125,150269952
2026-05-19 04:00:00+00:00,2129.820068359375,2135.06005859375,2126.639892578125,2132.35009765625,0
2026-05-19 05:00:00+00:00,2132.330078125,2135.760009765625,2122.030029296875,2133.60009765625,52109312
2026-05-19 06:00:00+00:00,2133.739990234375,2138.56005859375,2131.409912109375,2135.81005859375,0
2026-05-19 07:00:00+00:00,2135.72998046875,2143.300048828125,2133.81005859375,2139.419921875,0
2026-05-19 08:00:00+00:00,2139.590087890625,2139.7900390625,2129.280029296875,2131.7099609375,0
2026-05-19 09:00:00+00:00,2131.580078125,2132.4599609375,2109.889892578125,2112.659912109375,211820544
2026-05-19 10:00:00+00:00,2112.43994140625,2119.97998046875,2105.080078125,2116.389892578125,0
2026-05-19 11:00:00+00:00,2117.090087890625,2118.43994140625,2107.360107421875,2108.56005859375,0
2026-05-19 12:00:00+00:00,2108.43994140625,2117.669921875,2106.6201171875,2116.530029296875,0
2026-05-19 13:00:00+00:00,2116.81005859375,2125.179931640625,2105.570068359375,2116.909912109375,0
2026-05-19 14:00:00+00:00,2116.1201171875,2121.7099609375,2093.330078125,2104.360107421875,0
2026-05-19 15:00:00+00:00,2104.300048828125,2111.27001953125,2101.919921875,2108.14990234375,0
2026-05-19 16:00:00+00:00,2108.919921875,2120.8798828125,2105.31005859375,2119.570068359375,0
2026-05-19 17:00:00+00:00,2120.139892578125,2123.580078125,2111.050048828125,2113.919921875,0
2026-05-19 18:00:00+00:00,2113.989990234375,2117.85009765625,2109.0400390625,2113.159912109375,0
2026-05-19 19:00:00+00:00,2113.919921875,2121.360107421875,2108.5,2111.47998046875,0
2026-05-19 20:00:00+00:00,2111.43994140625,2117.1298828125,2110.530029296875,2116.6201171875,0
2026-05-19 21:00:00+00:00,2116.449951171875,2118.81005859375,2114.840087890625,2115.1201171875,0
2026-05-19 22:00:00+00:00,2114.699951171875,2114.699951171875,2100.590087890625,2104.39990234375,0
2026-05-19 23:00:00+00:00,2104.31005859375,2116.43994140625,2102.81005859375,2110.070068359375,0
2026-05-20 00:00:00+00:00,2109.52001953125,2113.669921875,2101.56005859375,2109.1201171875,0
2026-05-20 01:00:00+00:00,2109.10009765625,2115.919921875,2101.260009765625,2113.300048828125,0
2026-05-20 02:00:00+00:00,2112.97998046875,2114.989990234375,2104.320068359375,2106.9599609375,0
2026-05-20 03:00:00+00:00,2106.97998046875,2113.85009765625,2103.85009765625,2109.280029296875,0
2026-05-20 04:00:00+00:00,2109.360107421875,2112.60009765625,2105.010009765625,2111.199951171875,0
2026-05-20 05:00:00+00:00,2111.6298828125,2128.159912109375,2111.6298828125,2123.52001953125,226283520
2026-05-20 06:00:00+00:00,2123.639892578125,2131.889892578125,2123.639892578125,2131.739990234375,19020800
2026-05-20 07:00:00+00:00,2132.139892578125,2134.22998046875,2126.35009765625,2127.6298828125,16575488
2026-05-20 08:00:00+00:00,2127.840087890625,2135.93994140625,2126.60009765625,2129.679931640625,4292608
2026-05-20 09:00:00+00:00,2129.580078125,2130.909912109375,2125.4599609375,2127.199951171875,0
2026-05-20 10:00:00+00:00,2127.43994140625,2134.68994140625,2127.35009765625,2128.669921875,0
2026-05-20 11:00:00+00:00,2128.68994140625,2130.139892578125,2122.409912109375,2125.909912109375,0
2026-05-20 12:00:00+00:00,2125.64990234375,2137.5,2124.909912109375,2132.1298828125,46994432
2026-05-20 13:00:00+00:00,2132.72998046875,2133.639892578125,2113.820068359375,2118.4599609375,0
2026-05-20 14:00:00+00:00,2118.659912109375,2137.35009765625,2112.300048828125,2133.300048828125,0
2026-05-20 15:00:00+00:00,2134.0400390625,2146.969970703125,2127.010009765625,2134.5,476146688
2026-05-20 16:00:00+00:00,2135.39990234375,2138.2900390625,2121.9599609375,2133.22998046875,254907392
2026-05-20 17:00:00+00:00,2133.239990234375,2146.969970703125,2129.919921875,2138.52001953125,186213376
2026-05-20 18:00:00+00:00,2138.1201171875,2139.260009765625,2129.0400390625,2130.030029296875,85374976
2026-05-20 19:00:00+00:00,2129.489990234375,2139.35009765625,2126.8798828125,2137.0,0
2026-05-20 20:00:00+00:00,2136.85009765625,2138.6201171875,2127.75,2134.070068359375,221469696
2026-05-20 21:00:00+00:00,2133.760009765625,2136.60009765625,2128.360107421875,2128.429931640625,0
2026-05-20 22:00:00+00:00,2128.14990234375,2128.219970703125,2116.360107421875,2126.340087890625,36744192
2026-05-20 23:00:00+00:00,2125.050048828125,2127.89990234375,2120.81005859375,2127.409912109375,0
2026-05-21 00:00:00+00:00,2127.419921875,2143.0,2126.43994140625,2140.85009765625,0
2026-05-21 01:00:00+00:00,2141.39990234375,2154.81005859375,2137.090087890625,2138.97998046875,257888256
2026-05-21 02:00:00+00:00,2138.52001953125,2145.860107421875,2137.35009765625,2139.5400390625,5968896
2026-05-21 03:00:00+00:00,2139.679931640625,2145.179931640625,2138.929931640625,2143.820068359375,0
2026-05-21 04:00:00+00:00,2144.14990234375,2146.949951171875,2140.659912109375,2142.780029296875,0
2026-05-21 05:00:00+00:00,2142.77001953125,2146.22998046875,2132.39990234375,2134.2900390625,0
2026-05-21 06:00:00+00:00,2133.949951171875,2136.6201171875,2125.35009765625,2126.5400390625,0
2026-05-21 07:00:00+00:00,2125.639892578125,2134.739990234375,2122.239990234375,2132.89990234375,90750976
2026-05-21 08:00:00+00:00,2133.389892578125,2146.070068359375,2132.56005859375,2135.989990234375,233611264
2026-05-21 09:00:00+00:00,2135.8701171875,2138.830078125,2125.429931640625,2125.60009765625,218800128
2026-05-21 10:00:00+00:00,2125.0400390625,2127.2900390625,2107.389892578125,2111.919921875,654363648
2026-05-21 11:00:00+00:00,2111.5,2117.56005859375,2110.030029296875,2112.8798828125,532561920
2026-05-21 12:00:00+00:00,2113.179931640625,2117.39990234375,2109.989990234375,2114.820068359375,452938752
2026-05-21 13:00:00+00:00,2114.429931640625,2122.1298828125,2102.60009765625,2118.419921875,0
2026-05-21 14:00:00+00:00,2118.75,2123.72998046875,2108.639892578125,2120.030029296875,32399360
2026-05-21 15:00:00+00:00,2120.6298828125,2135.389892578125,2117.239990234375,2130.340087890625,0
2026-05-21 16:00:00+00:00,2130.52001953125,2134.64990234375,2120.8701171875,2125.60009765625,0
2026-05-21 17:00:00+00:00,2126.43994140625,2151.449951171875,2123.780029296875,2144.39990234375,430811136
2026-05-21 18:00:00+00:00,2143.929931640625,2145.969970703125,2119.52001953125,2124.639892578125,38422528
2026-05-21 19:00:00+00:00,2124.239990234375,2142.85009765625,2124.090087890625,2140.18994140625,506092544
2026-05-21 20:00:00+00:00,2140.639892578125,2141.340087890625,2135.070068359375,2136.409912109375,3631104
2026-05-21 21:00:00+00:00,2137.050048828125,2138.800048828125,2132.199951171875,2133.360107421875,0
2026-05-21 22:00:00+00:00,2133.68994140625,2134.85009765625,2128.580078125,2129.780029296875,0
2026-05-21 23:00:00+00:00,2129.2900390625,2134.889892578125,2125.39990234375,2131.800048828125,0
2026-05-22 00:00:00+00:00,2131.889892578125,2132.93994140625,2126.64990234375,2127.280029296875,0
2026-05-22 01:00:00+00:00,2126.60009765625,2134.93994140625,2123.68994140625,2133.89990234375,0
2026-05-22 02:00:00+00:00,2134.550048828125,2137.989990234375,2132.25,2135.840087890625,11058176
2026-05-22 03:00:00+00:00,2136.010009765625,2138.77001953125,2133.169921875,2135.85009765625,0
2026-05-22 04:00:00+00:00,2137.050048828125,2139.340087890625,2130.550048828125,2131.56005859375,0
2026-05-22 05:00:00+00:00,2131.570068359375,2133.840087890625,2125.64990234375,2127.080078125,7714816
2026-05-22 06:00:00+00:00,2127.159912109375,2128.570068359375,2121.6298828125,2123.330078125,0
2026-05-22 07:00:00+00:00,2122.830078125,2130.18994140625,2119.570068359375,2126.22998046875,0
2026-05-22 08:00:00+00:00,2126.2099609375,2130.85009765625,2117.610107421875,2120.0,100942848
2026-05-22 09:00:00+00:00,2119.330078125,2122.7900390625,2116.5,2121.4599609375,0
2026-05-22 10:00:00+00:00,2121.010009765625,2122.7900390625,2118.070068359375,2120.780029296875,0
2026-05-22 11:00:00+00:00,2121.280029296875,2128.72998046875,2117.5,2128.489990234375,0
2026-05-22 12:00:00+00:00,2128.68994140625,2135.6298828125,2127.06005859375,2132.590087890625,0
2026-05-22 13:00:00+00:00,2132.830078125,2133.169921875,2121.1201171875,2127.56005859375,0
2026-05-22 14:00:00+00:00,2125.72998046875,2126.280029296875,2110.06005859375,2114.27001953125,9830400
2026-05-22 15:00:00+00:00,2114.050048828125,2123.0,2110.030029296875,2116.81005859375,0
2026-05-22 16:00:00+00:00,2117.0400390625,2121.75,2115.39990234375,2120.530029296875,0
2026-05-22 17:00:00+00:00,2120.639892578125,2127.56005859375,2116.64990234375,2117.10009765625,0
2026-05-22 18:00:00+00:00,2117.090087890625,2119.050048828125,2085.179931640625,2097.389892578125,0
2026-05-22 19:00:00+00:00,2096.7099609375,2100.219970703125,2056.830078125,2062.679931640625,1611408384
2026-05-22 20:00:00+00:00,2062.469970703125,2076.18994140625,2062.1201171875,2070.840087890625,416259072
2026-05-22 21:00:00+00:00,2070.7099609375,2077.239990234375,2068.949951171875,2075.77001953125,212060160
2026-05-22 22:00:00+00:00,2075.739990234375,2077.14990234375,2064.699951171875,2070.090087890625,208059392
2026-05-22 23:00:00+00:00,2070.43994140625,2074.52001953125,2055.719970703125,2063.409912109375,165520384
2026-05-23 00:00:00+00:00,2063.580078125,2067.93994140625,2051.6201171875,2061.85009765625,814980096
2026-05-23 01:00:00+00:00,2062.090087890625,2066.93994140625,2060.169921875,2066.300048828125,0
2026-05-23 02:00:00+00:00,2066.8798828125,2067.840087890625,2062.7099609375,2066.169921875,0
2026-05-23 03:00:00+00:00,2065.68994140625,2069.389892578125,2065.52001953125,2068.02001953125,28956672
2026-05-23 04:00:00+00:00,2068.02001953125,2068.25,2062.85009765625,2064.659912109375,212619264
2026-05-23 05:00:00+00:00,2064.659912109375,2064.909912109375,2059.580078125,2062.52001953125,0
2026-05-23 06:00:00+00:00,2062.510009765625,2063.27001953125,2058.110107421875,2059.18994140625,0
2026-05-23 07:00:00+00:00,2059.639892578125,2060.510009765625,2009.0999755859375,2026.010009765625,992873472
2026-05-23 08:00:00+00:00,2025.3599853515625,2029.31005859375,2018.800048828125,2027.6500244140625,641288192
2026-05-23 09:00:00+00:00,2027.9000244140625,2028.4300537109375,2024.6500244140625,2024.9000244140625,0
2026-05-23 10:00:00+00:00,2024.9300537109375,2030.9300537109375,2024.56005859375,2029.06005859375,0
2026-05-23 11:00:00+00:00,2028.8599853515625,2033.0400390625,2028.4000244140625,2029.239990234375,0
2026-05-23 12:00:00+00:00,2029.06005859375,2029.6700439453125,2024.780029296875,2028.7900390625,0
2026-05-23 13:00:00+00:00,2028.760009765625,2043.52001953125,2028.760009765625,2042.239990234375,59851776
2026-05-23 14:00:00+00:00,2043.0,2062.570068359375,2038.5699462890625,2059.080078125,0
2026-05-23 15:00:00+00:00,2060.0,2066.010009765625,2053.110107421875,2057.570068359375,329722880
2026-05-23 16:00:00+00:00,2058.0,2062.080078125,2054.699951171875,2058.9599609375,8368128
2026-05-23 17:00:00+00:00,2059.110107421875,2062.679931640625,2056.780029296875,2061.4599609375,0
2026-05-23 18:00:00+00:00,2061.639892578125,2079.72998046875,2061.070068359375,2071.739990234375,0
2026-05-23 19:00:00+00:00,2071.68994140625,2077.909912109375,2067.60009765625,2075.0400390625,0
2026-05-23 20:00:00+00:00,2075.60009765625,2143.699951171875,2072.199951171875,2143.2099609375,1462583296
2026-05-23 21:00:00+00:00,2143.800048828125,2146.360107421875,2104.669921875,2114.1298828125,1310556160
2026-05-23 22:00:00+00:00,2114.8701171875,2117.489990234375,2101.199951171875,2113.840087890625,44328960
2026-05-23 23:00:00+00:00,2112.489990234375,2119.10009765625,2111.81005859375,2114.989990234375,0
2026-05-24 00:00:00+00:00,2115.1201171875,2118.39990234375,2110.5400390625,2116.800048828125,0
2026-05-24 01:00:00+00:00,2116.5,2122.56005859375,2115.72998046875,2119.81005859375,29629440
2026-05-24 02:00:00+00:00,2119.81005859375,2122.550048828125,2115.6201171875,2119.919921875,177596416
2026-05-24 03:00:00+00:00,2119.530029296875,2124.389892578125,2114.419921875,2116.260009765625,125092864
2026-05-24 04:00:00+00:00,2117.590087890625,2121.239990234375,2117.300048828125,2117.659912109375,5127168
2026-05-24 05:00:00+00:00,2117.659912109375,2118.75,2111.35009765625,2117.239990234375,0
2026-05-24 06:00:00+00:00,2117.22998046875,2127.02001953125,2114.949951171875,2125.60009765625,36799488
2026-05-24 07:00:00+00:00,2125.68994140625,2126.610107421875,2117.010009765625,2118.3798828125,0
2026-05-24 08:00:00+00:00,2118.550048828125,2120.580078125,2116.6298828125,2117.719970703125,0
2026-05-24 09:00:00+00:00,2117.72998046875,2121.47998046875,2116.449951171875,2120.8701171875,0
2026-05-24 10:00:00+00:00,2121.0400390625,2126.110107421875,2116.800048828125,2119.760009765625,156683264
2026-05-24 11:00:00+00:00,2119.5400390625,2124.840087890625,2119.5400390625,2123.550048828125,13297664
2026-05-24 12:00:00+00:00,2123.760009765625,2124.10009765625,2114.75,2117.489990234375,35390464
2026-05-24 13:00:00+00:00,2117.610107421875,2118.3798828125,2102.8798828125,2107.31005859375,0
2026-05-24 14:00:00+00:00,2107.39990234375,2109.5,2077.469970703125,2095.429931640625,612719616
2026-05-24 15:00:00+00:00,2094.81005859375,2097.31005859375,2091.580078125,2093.35009765625,0
2026-05-24 16:00:00+00:00,2092.909912109375,2106.199951171875,2092.679931640625,2101.06005859375,0
2026-05-24 17:00:00+00:00,2100.7900390625,2103.2900390625,2098.77001953125,2100.219970703125,0
2026-05-24 18:00:00+00:00,2100.320068359375,2102.1201171875,2095.179931640625,2097.27001953125,0
2026-05-24 19:00:00+00:00,2097.27001953125,2099.639892578125,2093.5400390625,2098.090087890625,0
2026-05-24 20:00:00+00:00,2098.909912109375,2099.090087890625,2089.199951171875,2090.469970703125,0
2026-05-24 21:00:00+00:00,2090.4599609375,2096.0,2059.330078125,2068.080078125,0
2026-05-24 22:00:00+00:00,2070.860107421875,2096.6298828125,2068.449951171875,2089.679931640625,255459328
2026-05-24 23:00:00+00:00,2089.639892578125,2103.419921875,2089.010009765625,2097.239990234375,40284160
2026-05-25 00:00:00+00:00,2097.800048828125,2106.610107421875,2097.52001953125,2102.409912109375,6942720
2026-05-25 01:00:00+00:00,2102.7099609375,2105.25,2090.8798828125,2091.77001953125,0
2026-05-25 02:00:00+00:00,2092.989990234375,2109.8798828125,2092.409912109375,2095.52001953125,212167680
2026-05-25 03:00:00+00:00,2095.409912109375,2097.340087890625,2090.02001953125,2092.949951171875,0
2026-05-25 04:00:00+00:00,2093.39990234375,2105.699951171875,2090.179931640625,2103.320068359375,107491328
2026-05-25 05:00:00+00:00,2102.77001953125,2109.1298828125,2101.77001953125,2105.739990234375,49244160
2026-05-25 06:00:00+00:00,2105.60009765625,2108.27001953125,2097.050048828125,2106.77001953125,201645056
2026-05-25 07:00:00+00:00,2106.77001953125,2114.4599609375,2104.260009765625,2113.68994140625,312216576
2026-05-25 08:00:00+00:00,2113.919921875,2115.419921875,2109.280029296875,2114.280029296875,0
2026-05-25 09:00:00+00:00,2114.530029296875,2121.659912109375,2113.679931640625,2114.830078125,122073088
2026-05-25 10:00:00+00:00,2114.5400390625,2119.050048828125,2112.81005859375,2114.72998046875,202303488
2026-05-25 11:00:00+00:00,2114.75,2118.60009765625,2112.330078125,2113.14990234375,0
2026-05-25 12:00:00+00:00,2112.989990234375,2117.699951171875,2110.27001953125,2115.25,75359232
2026-05-25 13:00:00+00:00,2114.699951171875,2117.75,2112.489990234375,2114.18994140625,0
2026-05-25 14:00:00+00:00,2114.2900390625,2127.989990234375,2113.550048828125,2126.360107421875,0
2026-05-25 15:00:00+00:00,2126.47998046875,2135.330078125,2120.97998046875,2124.909912109375,380123136
2026-05-25 16:00:00+00:00,2125.5,2139.06005859375,2123.070068359375,2134.43994140625,0
2026-05-25 17:00:00+00:00,2137.7900390625,2138.639892578125,2126.4599609375,2127.080078125,337344512
2026-05-25 18:00:00+00:00,2126.639892578125,2131.9599609375,2124.85009765625,2124.929931640625,0
2026-05-25 19:00:00+00:00,2124.820068359375,2124.929931640625,2114.77001953125,2119.610107421875,156615680
2026-05-25 20:00:00+00:00,2119.199951171875,2121.110107421875,2105.820068359375,2106.919921875,0
2026-05-25 21:00:00+00:00,2106.989990234375,2111.489990234375,2105.530029296875,2108.820068359375,0
2026-05-25 22:00:00+00:00,2109.56005859375,2113.669921875,2100.89990234375,2101.7900390625,0
2026-05-25 23:00:00+00:00,2101.18994140625,2112.0,2100.610107421875,2110.929931640625,0
2026-05-26 00:00:00+00:00,2111.5,2112.050048828125,2083.56005859375,2095.679931640625,151627776
2026-05-26 01:00:00+00:00,2094.10009765625,2098.280029296875,2086.199951171875,2092.3798828125,336645120
2026-05-26 02:00:00+00:00,2093.39990234375,2093.530029296875,2083.199951171875,2086.669921875,133586944
2026-05-26 03:00:00+00:00,2086.389892578125,2091.699951171875,2082.699951171875,2091.14990234375,0
2026-05-26 04:00:00+00:00,2091.72998046875,2094.320068359375,2086.77001953125,2091.639892578125,96047104
2026-05-26 05:00:00+00:00,2091.6298828125,2101.3798828125,2089.760009765625,2098.610107421875,0
2026-05-26 06:00:00+00:00,2098.110107421875,2102.1201171875,2093.60009765625,2099.639892578125,0
2026-05-26 07:00:00+00:00,2100.10009765625,2100.5,2089.300048828125,2093.0400390625,0
2026-05-26 08:00:00+00:00,2093.070068359375,2097.860107421875,2092.68994140625,2095.06005859375,49116160
2026-05-26 09:00:00+00:00,2095.35009765625,2097.68994140625,2091.760009765625,2094.260009765625,0
2026-05-26 10:00:00+00:00,2093.419921875,2134.989990234375,2091.919921875,2125.3798828125,842394624
2026-05-26 11:00:00+00:00,2125.669921875,2128.199951171875,2116.1298828125,2118.7099609375,286184448
2026-05-26 12:00:00+00:00,2118.820068359375,2124.4599609375,2109.010009765625,2124.260009765625,209920000
2026-05-26 13:00:00+00:00,2124.5,2129.219970703125,2108.070068359375,2122.56005859375,582208512
2026-05-26 14:00:00+00:00,2124.070068359375,2138.550048828125,2104.75,2106.860107421875,1023396864
2026-05-26 15:00:00+00:00,2106.889892578125,2109.699951171875,2075.989990234375,2084.469970703125,779536384
2026-05-26 16:00:00+00:00,2085.199951171875,2087.219970703125,2071.60009765625,2076.8701171875,718063616
2026-05-26 17:00:00+00:00,2076.5,2081.179931640625,2052.9599609375,2067.6298828125,772582400
2026-05-26 18:00:00+00:00,2066.22998046875,2076.989990234375,2063.139892578125,2065.35009765625,410249216
2026-05-26 19:00:00+00:00,2065.550048828125,2073.52001953125,2062.239990234375,2070.72998046875,126384128
2026-05-26 20:00:00+00:00,2071.419921875,2075.699951171875,2070.760009765625,2075.6201171875,11742208
2026-05-26 21:00:00+00:00,2075.3798828125,2075.969970703125,2066.530029296875,2070.070068359375,0
2026-05-26 22:00:00+00:00,2070.31005859375,2073.639892578125,2062.919921875,2065.81005859375,0
2026-05-26 23:00:00+00:00,2066.239990234375,2074.02001953125,2066.239990234375,2070.8701171875,204225536
2026-05-27 00:00:00+00:00,2071.280029296875,2081.199951171875,2070.760009765625,2080.260009765625,0
2026-05-27 01:00:00+00:00,2080.3701171875,2080.919921875,2068.8798828125,2071.39990234375,0
2026-05-27 02:00:00+00:00,2071.409912109375,2072.800048828125,2066.0400390625,2072.800048828125,0
2026-05-27 03:00:00+00:00,2073.39990234375,2077.0,2066.360107421875,2066.780029296875,0
2026-05-27 04:00:00+00:00,2066.489990234375,2069.800048828125,2054.909912109375,2068.97998046875,240272384
2026-05-27 05:00:00+00:00,2069.22998046875,2075.1201171875,2068.550048828125,2074.280029296875,23416832
2026-05-27 06:00:00+00:00,2074.3701171875,2078.199951171875,2071.590087890625,2076.3798828125,160001024
2026-05-27 07:00:00+00:00,2076.429931640625,2081.0,2072.8701171875,2080.219970703125,0
2026-05-27 08:00:00+00:00,2080.0400390625,2093.409912109375,2080.0400390625,2082.080078125,365065216
2026-05-27 09:00:00+00:00,2081.8701171875,2084.7099609375,2075.989990234375,2080.5,0
2026-05-27 10:00:00+00:00,2080.510009765625,2085.080078125,2076.489990234375,2076.929931640625,0
2026-05-27 11:00:00+00:00,2076.590087890625,2082.5400390625,2075.64990234375,2077.39990234375,0
2026-05-27 12:00:00+00:00,2077.75,2093.580078125,2071.47998046875,2075.800048828125,0
2026-05-27 13:00:00+00:00,2076.469970703125,2077.449951171875,2048.1201171875,2060.389892578125,678524928
2026-05-27 14:00:00+00:00,2061.39990234375,2067.739990234375,2051.330078125,2058.760009765625,0
2026-05-27 15:00:00+00:00,2058.47998046875,2075.06005859375,2057.989990234375,2067.570068359375,0
2026-05-27 16:00:00+00:00,2067.449951171875,2070.389892578125,2056.1298828125,2066.60009765625,0
2026-05-27 17:00:00+00:00,2066.760009765625,2066.760009765625,2042.1099853515625,2047.969970703125,0
2026-05-27 18:00:00+00:00,2047.4000244140625,2052.9599609375,2040.3499755859375,2052.719970703125,0
2026-05-27 19:00:00+00:00,2052.7099609375,2056.97998046875,2050.22998046875,2053.169921875,0
2026-05-27 20:00:00+00:00,2053.080078125,2061.590087890625,2053.080078125,2059.590087890625,0
2026-05-27 21:00:00+00:00,2059.139892578125,2059.260009765625,2013.6099853515625,2017.739990234375,488905728
2026-05-27 22:00:00+00:00,2016.489990234375,2031.1099853515625,2013.800048828125,2022.3699951171875,706960384
2026-05-27 23:00:00+00:00,2022.1300048828125,2027.0899658203125,2015.199951171875,2021.739990234375,279662592
2026-05-28 00:00:00+00:00,2020.68994140625,2025.6700439453125,2017.699951171875,2025.050048828125,14015488
2026-05-28 01:00:00+00:00,2025.47998046875,2025.75,2010.6600341796875,2016.8399658203125,241420288
2026-05-28 02:00:00+00:00,2018.06005859375,2018.510009765625,2011.6099853515625,2014.3599853515625,152664064
2026-05-28 03:00:00+00:00,2013.949951171875,2017.43994140625,1971.3699951171875,1978.3399658203125,1590137856
2026-05-28 04:00:00+00:00,1978.5,1983.0799560546875,1965.0999755859375,1978.6199951171875,1152022528
2026-05-28 05:00:00+00:00,1978.219970703125,1979.8199462890625,1972.2099609375,1974.6800537109375,354074624
2026-05-28 06:00:00+00:00,1974.6300048828125,1980.9599609375,1969.0,1980.5699462890625,153831424
2026-05-28 07:00:00+00:00,1980.68994140625,1992.949951171875,1979.0899658203125,1991.72998046875,595851264
2026-05-28 08:00:00+00:00,1992.0899658203125,1992.0899658203125,1981.5,1984.780029296875,0
2026-05-28 09:00:00+00:00,1984.800048828125,1992.030029296875,1981.2900390625,1990.72998046875,0
2026-05-28 10:00:00+00:00,1990.5400390625,1995.030029296875,1986.280029296875,1986.9000244140625,0
2026-05-28 11:00:00+00:00,1987.06005859375,1989.530029296875,1983.199951171875,1986.4300537109375,190760960
2026-05-28 12:00:00+00:00,1986.22998046875,1990.5,1978.27001953125,1988.300048828125,0
2026-05-28 13:00:00+00:00,1987.9000244140625,1991.47998046875,1971.81005859375,1977.9000244140625,0
2026-05-28 14:00:00+00:00,1978.4300537109375,1998.68994140625,1964.469970703125,1990.030029296875,745558016
2026-05-28 15:00:00+00:00,1989.52001953125,1995.6700439453125,1980.699951171875,1987.1099853515625,0
2026-05-28 16:00:00+00:00,1986.449951171875,2011.469970703125,1981.6099853515625,2010.0699462890625,485150720
2026-05-28 17:00:00+00:00,2010.8900146484375,2023.7900390625,2006.010009765625,2016.27001953125,0
2026-05-28 18:00:00+00:00,2016.31005859375,2025.8699951171875,2015.1199951171875,2021.9000244140625,178577408
2026-05-28 19:00:00+00:00,2021.3599853515625,2021.8499755859375,2010.510009765625,2011.1199951171875,0
2026-05-28 20:00:00+00:00,2011.1500244140625,2016.97998046875,2003.0,2010.77001953125,193132544
2026-05-28 21:00:00+00:00,2011.18994140625,2021.5,2010.1800537109375,2017.010009765625,0
2026-05-28 22:00:00+00:00,2016.8299560546875,2019.969970703125,2002.6700439453125,2002.8199462890625,0
2026-05-28 23:00:00+00:00,2004.3699951171875,2008.5400390625,2002.81005859375,2006.699951171875,17385472
2026-05-29 00:00:00+00:00,2006.800048828125,2014.260009765625,2006.800048828125,2009.5999755859375,0
2026-05-29 01:00:00+00:00,2010.22998046875,2013.6199951171875,2003.1199951171875,2005.199951171875,0
2026-05-29 02:00:00+00:00,2005.1700439453125,2007.43994140625,1994.68994140625,1996.4200439453125,56238080
2026-05-29 03:00:00+00:00,1997.4300537109375,2004.699951171875,1996.8800048828125,1999.989990234375,0
2026-05-29 04:00:00+00:00,1999.8399658203125,2005.68994140625,1995.5799560546875,2005.56005859375,0
2026-05-29 05:00:00+00:00,2005.800048828125,2012.1300048828125,2005.31005859375,2011.6099853515625,0
2026-05-29 06:00:00+00:00,2011.469970703125,2018.0899658203125,2009.300048828125,2015.239990234375,0
2026-05-29 07:00:00+00:00,2015.0699462890625,2016.5999755859375,2000.3399658203125,2004.1199951171875,0
2026-05-29 08:00:00+00:00,2004.1099853515625,2010.5899658203125,2002.1700439453125,2003.010009765625,21895168
2026-05-29 09:00:00+00:00,2003.1099853515625,2013.1199951171875,2002.72998046875,2011.9300537109375,0
2026-05-29 10:00:00+00:00,2011.7099609375,2011.969970703125,2006.9100341796875,2008.469970703125,0
2026-05-29 11:00:00+00:00,2008.3800048828125,2011.3699951171875,1999.8499755859375,2004.969970703125,0
2026-05-29 12:00:00+00:00,2004.6800537109375,2004.699951171875,1992.3199462890625,1996.8299560546875,3978240
2026-05-29 13:00:00+00:00,1996.22998046875,2002.5,1985.8900146484375,1996.1700439453125,0
2026-05-29 14:00:00+00:00,1997.0899658203125,2000.8800048828125,1973.3599853515625,1998.5899658203125,0
2026-05-29 15:00:00+00:00,1998.9599609375,2043.1099853515625,1996.43994140625,2028.5,1621622784
2026-05-29 16:00:00+00:00,2029.4100341796875,2039.7900390625,2019.0400390625,2037.489990234375,12264448
2026-05-29 17:00:00+00:00,2037.6199951171875,2041.4000244140625,2023.1600341796875,2025.1099853515625,9820160
2026-05-29 18:00:00+00:00,2025.6300048828125,2028.6800537109375,2003.6600341796875,2008.5999755859375,211005440
2026-05-29 19:00:00+00:00,2009.0899658203125,2019.5899658203125,2002.18994140625,2013.760009765625,190015488
2026-05-29 20:00:00+00:00,2014.489990234375,2020.97998046875,2012.1500244140625,2015.1300048828125,0
2026-05-29 21:00:00+00:00,2015.5,2021.0,2005.800048828125,2006.9000244140625,29264896
2026-05-29 22:00:00+00:00,2006.719970703125,2014.0899658203125,2005.0799560546875,2010.969970703125,0
2026-05-29 23:00:00+00:00,2010.5999755859375,2012.530029296875,2004.22998046875,2011.6500244140625,208191488
2026-05-30 00:00:00+00:00,2011.68994140625,2013.469970703125,2007.989990234375,2012.1400146484375,0
2026-05-30 01:00:00+00:00,2012.1700439453125,2018.9200439453125,2010.8399658203125,2016.719970703125,9097216
2026-05-30 02:00:00+00:00,2016.719970703125,2018.5799560546875,2014.31005859375,2018.5799560546875,0
2026-05-30 03:00:00+00:00,2018.199951171875,2020.68994140625,2012.22998046875,2014.02001953125,41052160
2026-05-30 04:00:00+00:00,2014.18994140625,2015.7099609375,1999.5999755859375,2008.3499755859375,45165568
2026-05-30 05:00:00+00:00,2008.219970703125,2015.52001953125,2005.6400146484375,2013.0999755859375,167798784
2026-05-30 06:00:00+00:00,2013.2900390625,2017.719970703125,2010.1099853515625,2014.949951171875,0
2026-05-30 07:00:00+00:00,2014.6700439453125,2015.0,2010.93994140625,2013.5999755859375,0
2026-05-30 08:00:00+00:00,2013.5899658203125,2013.5899658203125,2011.0899658203125,2011.4200439453125,0
2026-05-30 09:00:00+00:00,2011.6800537109375,2014.550048828125,2011.18994140625,2014.0699462890625,0
2026-05-30 10:00:00+00:00,2014.199951171875,2019.31005859375,2013.800048828125,2015.489990234375,0
2026-05-30 11:00:00+00:00,2015.31005859375,2016.3499755859375,2012.5799560546875,2014.6199951171875,0
2026-05-30 12:00:00+00:00,2014.7099609375,2017.81005859375,2014.3199462890625,2017.1400146484375,0
2026-05-30 13:00:00+00:00,2017.1500244140625,2019.4200439453125,2014.6099853515625,2017.949951171875,0
2026-05-30 14:00:00+00:00,2018.02001953125,2027.3499755859375,2017.6099853515625,2023.81005859375,0
2026-05-30 15:00:00+00:00,2024.199951171875,2029.0,2021.3599853515625,2023.52001953125,0
2026-05-30 16:00:00+00:00,2023.9000244140625,2025.469970703125,2021.699951171875,2023.989990234375,0
2026-05-30 17:00:00+00:00,2023.989990234375,2026.0999755859375,2017.3800048828125,2024.43994140625,0
2026-05-30 18:00:00+00:00,2024.199951171875,2027.3800048828125,2021.81005859375,2024.5999755859375,0
2026-05-30 19:00:00+00:00,2024.5400390625,2026.1199951171875,2021.780029296875,2025.8299560546875,0
2026-05-30 20:00:00+00:00,2025.93994140625,2026.6099853515625,2022.81005859375,2024.0699462890625,0
2026-05-30 21:00:00+00:00,2024.5999755859375,2028.4599609375,2024.4000244140625,2025.5400390625,0
2026-05-30 22:00:00+00:00,2024.9300537109375,2024.9300537109375,2017.9100341796875,2020.4100341796875,0
2026-05-30 23:00:00+00:00,2020.2900390625,2023.47998046875,2017.31005859375,2019.199951171875,0
2026-05-31 00:00:00+00:00,2019.7900390625,2024.81005859375,2017.8800048828125,2023.9100341796875,0
2026-05-31 01:00:00+00:00,2023.9300537109375,2031.260009765625,2023.6400146484375,2025.969970703125,0
2026-05-31 02:00:00+00:00,2025.9300537109375,2034.199951171875,2024.8900146484375,2031.0999755859375,165669376
2026-05-31 03:00:00+00:00,2031.8299560546875,2033.8299560546875,2029.4100341796875,2030.4100341796875,2255872
2026-05-31 04:00:00+00:00,2030.4000244140625,2031.800048828125,2028.18994140625,2030.7900390625,0
2026-05-31 05:00:00+00:00,2030.43994140625,2030.8299560546875,2026.3199462890625,2027.0699462890625,0
2026-05-31 06:00:00+00:00,2026.969970703125,2027.8900146484375,2025.530029296875,2026.8699951171875,0
2026-05-31 07:00:00+00:00,2026.5,2026.5,2019.780029296875,2021.1600341796875,7334912
2026-05-31 08:00:00+00:00,2021.1300048828125,2026.0999755859375,2020.0999755859375,2024.5899658203125,76418560
2026-05-31 09:00:00+00:00,2024.31005859375,2025.3399658203125,2016.5,2018.2900390625,139323392
2026-05-31 10:00:00+00:00,2018.1199951171875,2018.5,2012.81005859375,2018.0699462890625,128087552
2026-05-31 11:00:00+00:00,2017.9000244140625,2021.27001953125,2017.9000244140625,2020.52001953125,23126016
2026-05-31 12:00:00+00:00,2020.6099853515625,2022.3199462890625,2016.699951171875,2019.47998046875,33302016
2026-05-31 13:00:00+00:00,2019.510009765625,2023.469970703125,2017.02001953125,2017.47998046875,12444160
2026-05-31 14:00:00+00:00,2017.4599609375,2018.699951171875,2003.2099609375,2005.18994140625,135315968
2026-05-31 15:00:00+00:00,2005.5,2012.1500244140625,2004.719970703125,2007.6600341796875,15732224
2026-05-31 16:00:00+00:00,2007.5699462890625,2009.699951171875,1995.989990234375,1999.4200439453125,313846784
2026-05-31 17:00:00+00:00,1998.8199462890625,2005.239990234375,1994.6199951171875,2002.9200439453125,122621440
2026-05-31 18:00:00+00:00,2003.43994140625,2003.5999755859375,1996.31005859375,1998.0400390625,51828736
2026-05-31 19:00:00+00:00,1998.280029296875,1999.77001953125,1991.3399658203125,1996.8199462890625,217784832
2026-05-31 20:00:00+00:00,1997.760009765625,2005.1800537109375,1997.5400390625,2004.280029296875,49658368
2026-05-31 21:00:00+00:00,2004.31005859375,2011.469970703125,2002.2099609375,2009.4599609375,297491968
2026-05-31 22:00:00+00:00,2009.1400146484375,2011.199951171875,2002.199951171875,2009.469970703125,268345344
2026-05-31 23:00:00+00:00,2010.0899658203125,2019.9000244140625,1997.0999755859375,2004.0,351427584
2026-06-01 00:00:00+00:00,2004.010009765625,2018.199951171875,2003.1199951171875,2012.6199951171875,739454976
2026-06-01 01:00:00+00:00,2013.8299560546875,2013.8299560546875,1991.6099853515625,1992.1400146484375,399183872
2026-06-01 02:00:00+00:00,1991.5999755859375,2014.5,1988.280029296875,2009.199951171875,339311616
2026-06-01 03:00:00+00:00,2009.4200439453125,2014.5,2006.0999755859375,2006.47998046875,311731200
2026-06-01 04:00:00+00:00,2006.5699462890625,2009.3199462890625,1991.3800048828125,1996.97998046875,410102784
2026-06-01 05:00:00+00:00,1996.6099853515625,1998.5999755859375,1989.4100341796875,1991.93994140625,301461504
2026-06-01 06:00:00+00:00,1992.27001953125,1992.6300048828125,1977.8800048828125,1985.199951171875,436926464
2026-06-01 07:00:00+00:00,1984.9200439453125,1987.8199462890625,1969.280029296875,1973.739990234375,381104128
2026-06-01 08:00:00+00:00,1974.199951171875,1982.300048828125,1969.4000244140625,1981.469970703125,743590912
2026-06-01 09:00:00+00:00,1981.4599609375,1987.31005859375,1981.1400146484375,1985.31005859375,353893376
2026-06-01 10:00:00+00:00,1985.699951171875,1986.8299560546875,1978.9599609375,1982.1800537109375,120422400
2026-06-01 11:00:00+00:00,1982.050048828125,1984.43994140625,1976.25,1979.1800537109375,134775808
2026-06-01 12:00:00+00:00,1980.0699462890625,1991.6400146484375,1966.4200439453125,1987.4300537109375,856132608
2026-06-01 13:00:00+00:00,1987.3599853515625,1987.5999755859375,1956.1800537109375,1967.4100341796875,1132928000
2026-06-01 14:00:00+00:00,1967.8599853515625,1974.0,1961.550048828125,1964.6099853515625,904112128
2026-06-01 15:00:00+00:00,1965.8499755859375,1976.8199462890625,1957.260009765625,1964.989990234375,681657344
2026-06-01 16:00:00+00:00,1965.1800537109375,1975.1500244140625,1955.77001953125,1974.52001953125,162953216
2026-06-01 17:00:00+00:00,1975.0400390625,1993.8599853515625,1974.47998046875,1988.0999755859375,849715200
2026-06-01 18:00:00+00:00,1987.8199462890625,1993.1300048828125,1980.3199462890625,1990.1099853515625,337201152
2026-06-01 19:00:00+00:00,1990.510009765625,2006.0400390625,1989.5,2001.739990234375,367456256
2026-06-01 20:00:00+00:00,2002.199951171875,2005.8900146484375,1998.27001953125,2003.1199951171875,86599680
2026-06-01 21:00:00+00:00,2003.1500244140625,2005.800048828125,1989.5999755859375,1991.3199462890625,275765248
2026-06-01 22:00:00+00:00,1991.68994140625,2003.280029296875,1981.9599609375,2001.3299560546875,0
2026-06-01 23:00:00+00:00,2001.72998046875,2005.199951171875,1995.550048828125,2004.0,59457536
2026-06-02 00:00:00+00:00,2003.9100341796875,2004.030029296875,1993.3299560546875,1993.8199462890625,0
2026-06-02 01:00:00+00:00,1994.27001953125,1996.1099853515625,1977.0,1977.0,1587200
2026-06-02 02:00:00+00:00,1978.18994140625,1993.280029296875,1960.0799560546875,1993.0400390625,254732288
2026-06-02 03:00:00+00:00,1993.6800537109375,2002.0799560546875,1992.030029296875,2000.760009765625,15710208
2026-06-02 04:00:00+00:00,2001.7900390625,2003.75,1992.9200439453125,1993.81005859375,0
2026-06-02 05:00:00+00:00,1993.8800048828125,1998.199951171875,1981.7900390625,1981.8800048828125,11745280
2026-06-02 06:00:00+00:00,1981.6700439453125,1985.5899658203125,1975.4599609375,1979.3800048828125,136644608
2026-06-02 07:00:00+00:00,1980.0,1987.0,1971.43994140625,1978.8299560546875,66150400
2026-06-02 08:00:00+00:00,1978.93994140625,1985.9000244140625,1973.760009765625,1976.199951171875,0
2026-06-02 09:00:00+00:00,1976.4000244140625,1976.7900390625,1963.8599853515625,1972.0799560546875,153970688
2026-06-02 10:00:00+00:00,1972.1500244140625,1981.0999755859375,1968.6099853515625,1980.5999755859375,87889920
2026-06-02 11:00:00+00:00,1980.7900390625,1980.97998046875,1973.1500244140625,1976.1099853515625,240091136
2026-06-02 12:00:00+00:00,1975.699951171875,1980.0899658203125,1969.3399658203125,1973.5999755859375,0
2026-06-02 13:00:00+00:00,1973.4300537109375,1978.68994140625,1968.7099609375,1970.699951171875,265398272
2026-06-02 14:00:00+00:00,1971.4000244140625,1971.4000244140625,1924.77001953125,1937.550048828125,772511744
2026-06-02 15:00:00+00:00,1936.75,1937.52001953125,1892.300048828125,1911.199951171875,1750927360
2026-06-02 16:00:00+00:00,1910.25,1938.81005859375,1906.1500244140625,1917.56005859375,514613248
2026-06-02 17:00:00+00:00,1917.3900146484375,1928.0,1916.7099609375,1920.4300537109375,0
2026-06-02 18:00:00+00:00,1920.3499755859375,1924.5899658203125,1901.3299560546875,1909.6800537109375,29124608
2026-06-02 19:00:00+00:00,1909.739990234375,1914.2099609375,1881.9300537109375,1909.1800537109375,725880832
2026-06-02 20:00:00+00:00,1907.3599853515625,1915.6099853515625,1893.3900146484375,1903.760009765625,576143360
2026-06-02 21:00:00+00:00,1903.8299560546875,1907.9200439453125,1894.31005859375,1897.5400390625,5443584
2026-06-02 22:00:00+00:00,1896.969970703125,1906.5999755859375,1861.8599853515625,1865.43994140625,748638208
2026-06-02 23:00:00+00:00,1865.9000244140625,1870.6700439453125,1838.0899658203125,1857.2099609375,2516912128
2026-06-03 00:00:00+00:00,1857.4000244140625,1871.5699462890625,1852.3399658203125,1865.030029296875,529887232
2026-06-03 01:00:00+00:00,1865.1400146484375,1867.56005859375,1847.8299560546875,1861.6099853515625,238901248
2026-06-03 02:00:00+00:00,1861.719970703125,1861.719970703125,1848.9200439453125,1851.47998046875,0
2026-06-03 03:00:00+00:00,1851.9300537109375,1854.06005859375,1814.800048828125,1825.4200439453125,864651264
2026-06-03 04:00:00+00:00,1826.5899658203125,1849.25,1826.469970703125,1848.1600341796875,806430720
2026-06-03 05:00:00+00:00,1849.0799560546875,1873.31005859375,1847.260009765625,1870.739990234375,796465152
2026-06-03 06:00:00+00:00,1871.3900146484375,1881.1199951171875,1867.9300537109375,1869.199951171875,246685696
2026-06-03 07:00:00+00:00,1869.3499755859375,1877.5999755859375,1865.5699462890625,1875.719970703125,175081472
2026-06-03 08:00:00+00:00,1875.6199951171875,1880.469970703125,1870.68994140625,1877.4599609375,78028800
2026-06-03 09:00:00+00:00,1877.989990234375,1882.56005859375,1867.0799560546875,1873.5999755859375,0
2026-06-03 10:00:00+00:00,1873.75,1889.6700439453125,1872.1300048828125,1882.0400390625,0
2026-06-03 11:00:00+00:00,1881.6099853515625,1885.3199462890625,1873.7099609375,1875.5,0
2026-06-03 12:00:00+00:00,1875.6199951171875,1877.469970703125,1865.780029296875,1873.9100341796875,356139008
2026-06-03 13:00:00+00:00,1874.3900146484375,1876.77001953125,1858.6800537109375,1864.219970703125,0
2026-06-03 14:00:00+00:00,1863.9100341796875,1864.8299560546875,1849.72998046875,1855.5799560546875,0
2026-06-03 15:00:00+00:00,1854.780029296875,1856.9200439453125,1833.6700439453125,1834.0999755859375,0
2026-06-03 16:00:00+00:00,1834.7900390625,1840.800048828125,1809.25,1829.68994140625,0
2026-06-03 17:00:00+00:00,1830.239990234375,1836.3199462890625,1816.18994140625,1825.3900146484375,439160832
2026-06-03 18:00:00+00:00,1825.4300537109375,1831.8800048828125,1818.8599853515625,1829.7900390625,39997440
2026-06-03 19:00:00+00:00,1829.719970703125,1831.0699462890625,1794.510009765625,1801.1400146484375,0
2026-06-03 20:00:00+00:00,1799.56005859375,1809.97998046875,1772.0699462890625,1779.4599609375,772536320
2026-06-03 21:00:00+00:00,1779.469970703125,1846.719970703125,1775.4000244140625,1846.6700439453125,458932224
2026-06-03 22:00:00+00:00,1845.0899658203125,1846.97998046875,1820.9100341796875,1826.0400390625,0
2026-06-03 23:00:00+00:00,1826.3599853515625,1828.1700439453125,1810.239990234375,1810.5799560546875,0
2026-06-04 00:00:00+00:00,1809.93994140625,1818.0,1780.800048828125,1791.22998046875,818749440
2026-06-04 01:00:00+00:00,1791.3800048828125,1797.4000244140625,1753.1600341796875,1757.3499755859375,1111678976
2026-06-04 02:00:00+00:00,1758.739990234375,1776.3699951171875,1717.06005859375,1764.5799560546875,2406184960
2026-06-04 03:00:00+00:00,1765.0,1810.02001953125,1765.0,1806.760009765625,0
2026-06-04 04:00:00+00:00,1806.6700439453125,1815.4599609375,1800.949951171875,1803.4000244140625,0
2026-06-04 05:00:00+00:00,1803.1199951171875,1803.1199951171875,1779.6500244140625,1782.3699951171875,194017280
2026-06-04 06:00:00+00:00,1781.5,1799.22998046875,1780.300048828125,1788.010009765625,0
2026-06-04 07:00:00+00:00,1788.469970703125,1789.0,1771.7900390625,1775.5999755859375,0
2026-06-04 08:00:00+00:00,1775.9100341796875,1781.0400390625,1762.199951171875,1770.949951171875,2256896
2026-06-04 09:00:00+00:00,1771.4000244140625,1771.4000244140625,1742.93994140625,1763.800048828125,504797184
2026-06-04 10:00:00+00:00,1763.9000244140625,1763.9000244140625,1729.6099853515625,1735.5400390625,465063936
2026-06-04 11:00:00+00:00,1736.5799560546875,1752.6500244140625,1730.9599609375,1749.300048828125,596129792
2026-06-04 12:00:00+00:00,1749.7099609375,1780.27001953125,1742.199951171875,1776.0999755859375,1627170816
2026-06-04 13:00:00+00:00,1775.5,1787.6099853515625,1754.9000244140625,1783.219970703125,817694720
2026-06-04 14:00:00+00:00,1785.0999755859375,1791.8900146484375,1764.9200439453125,1772.6600341796875,0
2026-06-04 15:00:00+00:00,1772.010009765625,1789.5,1768.5999755859375,1774.6400146484375,0
2026-06-04 16:00:00+00:00,1774.6199951171875,1778.0799560546875,1764.1400146484375,1769.81005859375,0
2026-06-04 17:00:00+00:00,1769.780029296875,1773.989990234375,1752.6600341796875,1765.550048828125,0
2026-06-04 18:00:00+00:00,1766.5,1781.2900390625,1757.81005859375,1774.1800537109375,857982976
2026-06-04 19:00:00+00:00,1773.4599609375,1784.1800537109375,1768.6800537109375,1774.8800048828125,0
2026-06-04 20:00:00+00:00,1774.9000244140625,1775.1700439453125,1762.4200439453125,1772.3199462890625,0
2026-06-04 21:00:00+00:00,1772.97998046875,1781.1700439453125,1755.5799560546875,1759.4100341796875,0
2026-06-04 22:00:00+00:00,1758.0999755859375,1768.27001953125,1750.8699951171875,1767.0699462890625,0
2026-06-04 23:00:00+00:00,1766.9000244140625,1774.75,1755.489990234375,1768.8299560546875,227690496
2026-06-05 00:00:00+00:00,1767.18994140625,1772.1500244140625,1756.489990234375,1757.780029296875,0
2026-06-05 01:00:00+00:00,1757.4100341796875,1761.280029296875,1745.780029296875,1751.25,0
2026-06-05 02:00:00+00:00,1750.800048828125,1752.0999755859375,1726.2099609375,1728.8699951171875,0
2026-06-05 03:00:00+00:00,1728.5999755859375,1737.4000244140625,1720.3499755859375,1727.530029296875,0
2026-06-05 04:00:00+00:00,1728.1400146484375,1743.449951171875,1717.31005859375,1742.5999755859375,64206848
2026-06-05 05:00:00+00:00,1743.800048828125,1745.4200439453125,1680.2900390625,1682.8900146484375,282277888
2026-06-05 06:00:00+00:00,1683.02001953125,1687.0699462890625,1623.43994140625,1654.9000244140625,3538255872
2026-06-05 07:00:00+00:00,1655.030029296875,1677.800048828125,1632.050048828125,1677.6500244140625,488550400
2026-06-05 08:00:00+00:00,1677.52001953125,1677.52001953125,1658.5799560546875,1662.18994140625,375984128
2026-06-05 09:00:00+00:00,1662.0,1686.5,1661.9000244140625,1681.43994140625,0
2026-06-05 10:00:00+00:00,1682.0400390625,1683.72998046875,1670.719970703125,1675.4300537109375,0
2026-06-05 11:00:00+00:00,1675.1099853515625,1680.0899658203125,1661.52001953125,1661.77001953125,117454848
2026-06-05 12:00:00+00:00,1662.1500244140625,1669.6600341796875,1645.2099609375,1655.969970703125,0
2026-06-05 13:00:00+00:00,1656.9000244140625,1675.47998046875,1613.6800537109375,1615.0400390625,0
2026-06-05 14:00:00+00:00,1613.5400390625,1622.72998046875,1595.219970703125,1599.68994140625,3334162432
2026-06-05 15:00:00+00:00,1599.0400390625,1602.800048828125,1571.6800537109375,1582.510009765625,1785982976
2026-06-05 16:00:00+00:00,1581.030029296875,1610.4200439453125,1547.0999755859375,1607.2099609375,2370871296
2026-06-05 17:00:00+00:00,1608.3199462890625,1611.6199951171875,1586.530029296875,1593.2099609375,320286720
2026-06-05 18:00:00+00:00,1593.5999755859375,1597.280029296875,1545.9599609375,1551.8499755859375,944990208
2026-06-05 19:00:00+00:00,1552.1099853515625,1578.18994140625,1539.8499755859375,1572.699951171875,1671135232
2026-06-05 20:00:00+00:00,1572.9000244140625,1606.8199462890625,1556.989990234375,1603.4000244140625,1779142656
2026-06-05 21:00:00+00:00,1603.31005859375,1618.6199951171875,1601.8399658203125,1609.6600341796875,761475072
2026-06-05 22:00:00+00:00,1608.9200439453125,1609.800048828125,1590.780029296875,1596.8900146484375,149561344
2026-06-05 23:00:00+00:00,1598.6700439453125,1602.8599853515625,1560.780029296875,1582.8499755859375,620953600
2026-06-06 00:00:00+00:00,1582.219970703125,1600.219970703125,1582.219970703125,1592.4200439453125,452243456
2026-06-06 01:00:00+00:00,1593.1400146484375,1596.2900390625,1577.800048828125,1583.5699462890625,0
2026-06-06 02:00:00+00:00,1582.8499755859375,1584.8699951171875,1566.43994140625,1575.719970703125,0
2026-06-06 03:00:00+00:00,1575.52001953125,1575.52001953125,1556.22998046875,1562.8900146484375,658751488
2026-06-06 04:00:00+00:00,1562.3800048828125,1568.469970703125,1511.27001953125,1521.8399658203125,174862336
2026-06-06 05:00:00+00:00,1520.4100341796875,1567.300048828125,1506.3900146484375,1566.1400146484375,399179776
2026-06-06 06:00:00+00:00,1566.5899658203125,1580.5999755859375,1555.9100341796875,1559.5899658203125,0
2026-06-06 07:00:00+00:00,1559.7099609375,1579.06005859375,1555.5999755859375,1574.3699951171875,0
2026-06-06 08:00:00+00:00,1574.3900146484375,1591.800048828125,1569.2099609375,1581.5999755859375,0
2026-06-06 09:00:00+00:00,1581.0,1587.77001953125,1565.3299560546875,1569.5999755859375,26816512
2026-06-06 10:00:00+00:00,1569.47998046875,1569.6300048828125,1534.77001953125,1547.4599609375,276099072
2026-06-06 11:00:00+00:00,1546.6199951171875,1565.949951171875,1546.2900390625,1558.06005859375,0
2026-06-06 12:00:00+00:00,1557.8499755859375,1573.719970703125,1551.010009765625,1570.280029296875,0
2026-06-06 13:00:00+00:00,1569.199951171875,1572.530029296875,1553.31005859375,1555.9000244140625,0
2026-06-06 14:00:00+00:00,1556.1800537109375,1566.0,1555.300048828125,1557.0999755859375,0
2026-06-06 15:00:00+00:00,1557.4000244140625,1565.0,1545.6700439453125,1559.7099609375,0
2026-06-06 16:00:00+00:00,1559.199951171875,1564.9000244140625,1553.3399658203125,1562.8900146484375,0
2026-06-06 17:00:00+00:00,1563.25,1565.68994140625,1546.6800537109375,1552.8199462890625,0
2026-06-06 18:00:00+00:00,1552.8599853515625,1565.3900146484375,1549.93994140625,1555.9300537109375,0
2026-06-06 19:00:00+00:00,1555.9200439453125,1562.5999755859375,1552.739990234375,1553.8900146484375,0
2026-06-06 20:00:00+00:00,1553.47998046875,1558.9599609375,1550.4000244140625,1556.699951171875,0
2026-06-06 21:00:00+00:00,1556.77001953125,1564.3699951171875,1556.77001953125,1557.3499755859375,0
2026-06-06 22:00:00+00:00,1557.199951171875,1561.0999755859375,1551.030029296875,1558.699951171875,0
2026-06-06 23:00:00+00:00,1557.3499755859375,1569.1300048828125,1555.97998046875,1568.8699951171875,0
2026-06-07 00:00:00+00:00,1568.6300048828125,1571.5,1563.199951171875,1564.6199951171875,0
2026-06-07 01:00:00+00:00,1564.3299560546875,1595.5,1563.43994140625,1589.4100341796875,339562496
2026-06-07 02:00:00+00:00,1589.0,1593.6400146484375,1581.5999755859375,1592.1099853515625,0
2026-06-07 03:00:00+00:00,1591.780029296875,1599.22998046875,1589.1600341796875,1594.280029296875,0
2026-06-07 04:00:00+00:00,1594.010009765625,1597.800048828125,1584.18994140625,1596.31005859375,0
2026-06-07 05:00:00+00:00,1596.010009765625,1607.6700439453125,1592.800048828125,1603.2099609375,0
2026-06-07 06:00:00+00:00,1603.239990234375,1622.0699462890625,1597.7099609375,1611.5699462890625,0
2026-06-07 07:00:00+00:00,1609.9100341796875,1615.6400146484375,1606.81005859375,1614.3599853515625,0
2026-06-07 08:00:00+00:00,1614.2900390625,1641.1600341796875,1608.199951171875,1640.7099609375,74913792
2026-06-07 09:00:00+00:00,1640.4000244140625,1646.72998046875,1628.8599853515625,1632.81005859375,412719104
2026-06-07 10:00:00+00:00,1632.9200439453125,1634.8900146484375,1624.3900146484375,1625.010009765625,0
2026-06-07 11:00:00+00:00,1625.1800537109375,1633.3199462890625,1622.050048828125,1629.6400146484375,0
2026-06-07 12:00:00+00:00,1629.6700439453125,1630.4200439453125,1606.5799560546875,1619.43994140625,509981696
2026-06-07 13:00:00+00:00,1619.300048828125,1621.989990234375,1612.7099609375,1617.0400390625,0
2026-06-07 14:00:00+00:00,1616.8900146484375,1637.4200439453125,1616.4200439453125,1627.5699462890625,0
2026-06-07 15:00:00+00:00,1627.239990234375,1635.4200439453125,1620.25,1629.3599853515625,0
2026-06-07 16:00:00+00:00,1630.300048828125,1632.800048828125,1622.7900390625,1627.9300537109375,0
2026-06-07 17:00:00+00:00,1627.0999755859375,1637.7099609375,1627.0999755859375,1630.530029296875,42924032
2026-06-07 18:00:00+00:00,1630.800048828125,1635.989990234375,1628.260009765625,1629.510009765625,0
2026-06-07 19:00:00+00:00,1629.760009765625,1629.8399658203125,1604.1099853515625,1612.6199951171875,467604480
2026-06-07 20:00:00+00:00,1612.0999755859375,1630.3599853515625,1608.719970703125,1627.2099609375,5332992
2026-06-07 21:00:00+00:00,1627.5999755859375,1633.699951171875,1623.3299560546875,1633.699951171875,0
2026-06-07 22:00:00+00:00,1635.8900146484375,1719.5799560546875,1628.0999755859375,1671.0799560546875,1635405824
2026-06-07 23:00:00+00:00,1670.1500244140625,1689.75,1670.010009765625,1689.75,226379776
2026-06-08 00:00:00+00:00,1689.050048828125,1710.550048828125,1682.8800048828125,1697.1400146484375,769598464
2026-06-08 01:00:00+00:00,1697.0,1698.530029296875,1670.5699462890625,1686.699951171875,0
2026-06-08 02:00:00+00:00,1686.260009765625,1688.469970703125,1677.6300048828125,1683.77001953125,310462464
2026-06-08 03:00:00+00:00,1683.6800537109375,1691.97998046875,1676.0799560546875,1678.7900390625,0
2026-06-08 04:00:00+00:00,1678.8800048828125,1679.77001953125,1655.3699951171875,1657.31005859375,323122176
2026-06-08 05:00:00+00:00,1656.6800537109375,1659.18994140625,1644.0799560546875,1652.6500244140625,0
2026-06-08 06:00:00+00:00,1652.280029296875,1668.719970703125,1651.6800537109375,1665.510009765625,143586304
2026-06-08 07:00:00+00:00,1666.260009765625,1676.800048828125,1660.8599853515625,1672.300048828125,362877952
2026-06-08 08:00:00+00:00,1671.5999755859375,1671.5999755859375,1657.6700439453125,1659.719970703125,0
2026-06-08 09:00:00+00:00,1659.9200439453125,1670.5,1655.9000244140625,1669.760009765625,0
2026-06-08 10:00:00+00:00,1669.5899658203125,1673.0899658203125,1662.4000244140625,1670.9200439453125,0
2026-06-08 11:00:00+00:00,1670.969970703125,1695.1800537109375,1666.3599853515625,1682.300048828125,848837632
2026-06-08 12:00:00+00:00,1682.0799560546875,1697.199951171875,1666.5999755859375,1693.02001953125,270432256
2026-06-08 13:00:00+00:00,1694.5699462890625,1694.8900146484375,1677.199951171875,1680.3699951171875,517661696
2026-06-08 14:00:00+00:00,1680.7900390625,1693.3800048828125,1676.4000244140625,1690.5999755859375,449072128
2026-06-08 15:00:00+00:00,1691.1400146484375,1704.3800048828125,1688.25,1690.739990234375,476760064
2026-06-08 16:00:00+00:00,1690.8499755859375,1703.0,1682.0,1682.0,0
2026-06-08 17:00:00+00:00,1682.6800537109375,1687.0799560546875,1675.3299560546875,1686.02001953125,680980480
2026-06-08 18:00:00+00:00,1686.4000244140625,1691.9000244140625,1677.75,1684.1700439453125,160737280
2026-06-08 19:00:00+00:00,1683.93994140625,1689.9300537109375,1680.449951171875,1684.260009765625,6721536
2026-06-08 20:00:00+00:00,1685.0400390625,1689.260009765625,1678.72998046875,1689.260009765625,71262208
2026-06-08 21:00:00+00:00,1689.52001953125,1713.7099609375,1689.43994140625,1703.27001953125,0
2026-06-08 22:00:00+00:00,1701.3900146484375,1703.5999755859375,1688.199951171875,1702.4599609375,0
2026-06-08 23:00:00+00:00,1702.9000244140625,1713.4200439453125,1686.52001953125,1690.030029296875,0
2026-06-09 00:00:00+00:00,1689.18994140625,1696.199951171875,1660.010009765625,1663.2900390625,0
2026-06-09 01:00:00+00:00,1662.4000244140625,1673.4200439453125,1658.7099609375,1668.219970703125,113605632
2026-06-09 02:00:00+00:00,1668.469970703125,1671.5999755859375,1654.5799560546875,1667.300048828125,0
2026-06-09 03:00:00+00:00,1667.47998046875,1670.8399658203125,1663.3599853515625,1668.8199462890625,0
2026-06-09 04:00:00+00:00,1668.300048828125,1694.1199951171875,1663.77001953125,1685.5999755859375,568548352
2026-06-09 05:00:00+00:00,1685.5,1694.0999755859375,1680.699951171875,1687.3900146484375,0
2026-06-09 06:00:00+00:00,1687.6099853515625,1694.300048828125,1683.1800537109375,1685.25,0
2026-06-09 07:00:00+00:00,1686.300048828125,1690.6300048828125,1674.5,1679.0,0
2026-06-09 08:00:00+00:00,1679.43994140625,1679.699951171875,1668.1199951171875,1674.3699951171875,0
2026-06-09 09:00:00+00:00,1674.510009765625,1679.5799560546875,1665.02001953125,1669.6500244140625,0
2026-06-09 10:00:00+00:00,1670.0999755859375,1675.1300048828125,1666.6500244140625,1674.0,0
2026-06-09 11:00:00+00:00,1673.5400390625,1674.4000244140625,1665.1300048828125,1670.989990234375,0
2026-06-09 12:00:00+00:00,1669.9599609375,1682.0799560546875,1669.9599609375,1675.75,53537792
2026-06-09 13:00:00+00:00,1675.780029296875,1679.199951171875,1663.5400390625,1665.4000244140625,0
2026-06-09 14:00:00+00:00,1665.1400146484375,1669.780029296875,1633.47998046875,1644.800048828125,497754112
2026-06-09 15:00:00+00:00,1644.0899658203125,1652.0699462890625,1633.0799560546875,1635.3599853515625,0
2026-06-09 16:00:00+00:00,1634.1600341796875,1638.1400146484375,1613.010009765625,1631.219970703125,579543040
2026-06-09 17:00:00+00:00,1631.5899658203125,1648.219970703125,1631.06005859375,1641.5899658203125,188013568
2026-06-09 18:00:00+00:00,1641.6600341796875,1653.6800537109375,1638.7900390625,1650.9200439453125,0
2026-06-09 19:00:00+00:00,1650.93994140625,1657.9200439453125,1646.47998046875,1656.699951171875,0
2026-06-09 20:00:00+00:00,1656.300048828125,1661.949951171875,1654.0,1659.3499755859375,499526656
2026-06-09 21:00:00+00:00,1659.43994140625,1660.47998046875,1646.260009765625,1648.56005859375,0
2026-06-09 22:00:00+00:00,1648.72998046875,1653.8299560546875,1638.47998046875,1638.8800048828125,13379584
2026-06-09 23:00:00+00:00,1639.0400390625,1641.5899658203125,1630.31005859375,1638.449951171875,0
2026-06-10 00:00:00+00:00,1639.18994140625,1645.5,1628.949951171875,1644.800048828125,0
2026-06-10 01:00:00+00:00,1644.6500244140625,1645.8699951171875,1632.6700439453125,1637.6700439453125,0
2026-06-10 02:00:00+00:00,1638.239990234375,1641.4000244140625,1620.5899658203125,1622.969970703125,0
2026-06-10 03:00:00+00:00,1622.5999755859375,1634.9599609375,1622.3199462890625,1629.7099609375,0
2026-06-10 04:00:00+00:00,1629.3599853515625,1631.6800537109375,1621.030029296875,1624.719970703125,0
2026-06-10 05:00:00+00:00,1625.1600341796875,1628.6700439453125,1615.1400146484375,1626.81005859375,0
2026-06-10 06:00:00+00:00,1627.280029296875,1632.9599609375,1621.530029296875,1630.75,56221696
2026-06-10 07:00:00+00:00,1630.8900146484375,1641.77001953125,1629.2900390625,1638.8499755859375,0
2026-06-10 08:00:00+00:00,1639.1400146484375,1639.5799560546875,1616.719970703125,1619.9300537109375,0
2026-06-10 09:00:00+00:00,1620.4000244140625,1624.6400146484375,1606.02001953125,1622.4200439453125,0
2026-06-10 10:00:00+00:00,1622.6600341796875,1629.0400390625,1616.780029296875,1627.0400390625,150148096
2026-06-10 11:00:00+00:00,1626.739990234375,1629.02001953125,1610.780029296875,1618.9599609375,308006912
2026-06-10 12:00:00+00:00,1619.0,1642.3800048828125,1614.3499755859375,1634.1400146484375,217206784
2026-06-10 13:00:00+00:00,1634.0899658203125,1666.22998046875,1630.93994140625,1650.4200439453125,0
2026-06-10 14:00:00+00:00,1649.760009765625,1654.1800537109375,1635.510009765625,1645.1199951171875,0
2026-06-10 15:00:00+00:00,1645.550048828125,1662.72998046875,1634.4599609375,1656.5999755859375,108547072
2026-06-10 16:00:00+00:00,1656.0799560546875,1657.2900390625,1631.0799560546875,1640.300048828125,0
2026-06-10 17:00:00+00:00,1640.469970703125,1646.27001953125,1621.1600341796875,1630.8699951171875,795483136
2026-06-10 18:00:00+00:00,1631.1199951171875,1634.449951171875,1621.52001953125,1629.0999755859375,0
2026-06-10 19:00:00+00:00,1628.739990234375,1632.1700439453125,1621.300048828125,1628.0699462890625,0
2026-06-10 20:00:00+00:00,1628.1199951171875,1634.7099609375,1621.8399658203125,1628.9000244140625,92457984
2026-06-10 21:00:00+00:00,1628.4300537109375,1628.4300537109375,1604.8900146484375,1609.5899658203125,0
2026-06-10 22:00:00+00:00,1609.8199462890625,1621.3399658203125,1602.93994140625,1615.18994140625,924317696
2026-06-10 23:00:00+00:00,1613.780029296875,1623.1400146484375,1607.77001953125,1620.2099609375,1931264
2026-06-11 00:00:00+00:00,1620.1800537109375,1633.22998046875,1620.1800537109375,1626.9100341796875,0
2026-06-11 01:00:00+00:00,1627.3599853515625,1645.8399658203125,1627.1300048828125,1641.3699951171875,0
2026-06-11 02:00:00+00:00,1641.8599853515625,1643.4200439453125,1629.0,1639.010009765625,359365632
2026-06-11 03:00:00+00:00,1639.22998046875,1658.0400390625,1634.1199951171875,1651.6600341796875,261534720
2026-06-11 04:00:00+00:00,1651.989990234375,1657.56005859375,1648.0899658203125,1654.8299560546875,152826880
2026-06-11 05:00:00+00:00,1654.6800537109375,1654.6800537109375,1645.760009765625,1646.1600341796875,0
2026-06-11 06:00:00+00:00,1645.9100341796875,1661.1199951171875,1644.4200439453125,1652.9200439453125,596408320
2026-06-11 07:00:00+00:00,1652.3499755859375,1656.239990234375,1649.8499755859375,1652.469970703125,93334528
2026-06-11 08:00:00+00:00,1652.4599609375,1661.5899658203125,1652.4599609375,1657.8900146484375,0
2026-06-11 09:00:00+00:00,1657.3900146484375,1660.1600341796875,1654.3399658203125,1657.1199951171875,0
2026-06-11 10:00:00+00:00,1657.0999755859375,1660.0,1652.280029296875,1657.219970703125,0
2026-06-11 11:00:00+00:00,1656.8499755859375,1670.8499755859375,1655.1199951171875,1665.1099853515625,0
2026-06-11 12:00:00+00:00,1665.0999755859375,1665.3599853515625,1642.239990234375,1650.2099609375,0
2026-06-11 13:00:00+00:00,1650.050048828125,1657.7900390625,1642.6400146484375,1651.239990234375,0
2026-06-11 14:00:00+00:00,1650.9000244140625,1653.6400146484375,1637.239990234375,1641.050048828125,134678528
2026-06-11 15:00:00+00:00,1640.7099609375,1648.6600341796875,1634.5400390625,1643.75,0
2026-06-11 16:00:00+00:00,1643.9100341796875,1647.719970703125,1636.3800048828125,1637.5899658203125,0
2026-06-11 17:00:00+00:00,1637.43994140625,1690.77001953125,1631.1500244140625,1686.530029296875,97122304
2026-06-11 18:00:00+00:00,1686.75,1689.9200439453125,1675.0,1682.1400146484375,566041600
2026-06-11 19:00:00+00:00,1681.97998046875,1690.699951171875,1674.510009765625,1680.4100341796875,578412544
2026-06-11 20:00:00+00:00,1680.8599853515625,1681.4200439453125,1665.699951171875,1670.6700439453125,0
2026-06-11 21:00:00+00:00,1670.6800537109375,1681.3599853515625,1670.489990234375,1675.4200439453125,0
2026-06-11 22:00:00+00:00,1675.280029296875,1681.4200439453125,1673.6300048828125,1674.4200439453125,0
2026-06-11 23:00:00+00:00,1673.1400146484375,1677.0799560546875,1668.469970703125,1671.719970703125,0
2026-06-12 00:00:00+00:00,1671.6800537109375,1675.8399658203125,1667.93994140625,1671.1500244140625,0
2026-06-12 01:00:00+00:00,1670.969970703125,1670.969970703125,1659.7099609375,1665.1500244140625,74789888
2026-06-12 02:00:00+00:00,1665.1500244140625,1675.3900146484375,1664.9599609375,1673.4200439453125,0
2026-06-12 03:00:00+00:00,1673.52001953125,1674.239990234375,1666.4000244140625,1670.800048828125,258441216
2026-06-12 04:00:00+00:00,1670.8800048828125,1679.010009765625,1666.8399658203125,1675.06005859375,0
2026-06-12 05:00:00+00:00,1675.52001953125,1675.52001953125,1660.1500244140625,1661.8499755859375,0
2026-06-12 06:00:00+00:00,1661.1199951171875,1664.47998046875,1650.010009765625,1655.1800537109375,0
2026-06-12 07:00:00+00:00,1655.3800048828125,1661.989990234375,1654.02001953125,1659.9300537109375,487029760
2026-06-12 08:00:00+00:00,1660.1800537109375,1675.47998046875,1659.9300537109375,1671.239990234375,0
2026-06-12 09:00:00+00:00,1671.25,1683.3800048828125,1669.3599853515625,1678.31005859375,520714240
2026-06-12 10:00:00+00:00,1678.300048828125,1681.4100341796875,1669.72998046875,1672.969970703125,121562112
2026-06-12 11:00:00+00:00,1672.8900146484375,1676.5400390625,1669.989990234375,1671.800048828125,0
2026-06-12 12:00:00+00:00,1671.31005859375,1671.31005859375,1661.2900390625,1664.6500244140625,0
2026-06-12 13:00:00+00:00,1664.3900146484375,1667.050048828125,1651.6800537109375,1655.1099853515625,79597568
2026-06-12 14:00:00+00:00,1654.5400390625,1685.0999755859375,1654.5400390625,1684.6400146484375,0
2026-06-12 15:00:00+00:00,1683.8299560546875,1689.800048828125,1657.77001953125,1658.449951171875,593134592
2026-06-12 16:00:00+00:00,1658.4000244140625,1674.489990234375,1656.1099853515625,1671.8699951171875,408941568
2026-06-12 17:00:00+00:00,1671.699951171875,1676.260009765625,1666.31005859375,1667.8900146484375,0
2026-06-12 18:00:00+00:00,1667.9100341796875,1672.219970703125,1662.550048828125,1665.4100341796875,0
2026-06-12 19:00:00+00:00,1665.9100341796875,1671.0999755859375,1663.800048828125,1664.5,0
2026-06-12 20:00:00+00:00,1665.219970703125,1667.0799560546875,1661.0400390625,1664.0400390625,0
2026-06-12 21:00:00+00:00,1664.31005859375,1667.010009765625,1662.2099609375,1663.0999755859375,316702720
2026-06-12 22:00:00+00:00,1663.5999755859375,1666.4200439453125,1660.510009765625,1661.56005859375,0
2026-06-12 23:00:00+00:00,1661.5400390625,1665.550048828125,1658.7099609375,1665.52001953125,506880
2026-06-13 00:00:00+00:00,1665.219970703125,1668.06005859375,1664.31005859375,1666.449951171875,303426560
2026-06-13 01:00:00+00:00,1666.47998046875,1674.4599609375,1665.6300048828125,1672.43994140625,0
2026-06-13 02:00:00+00:00,1673.030029296875,1673.4599609375,1664.4200439453125,1667.010009765625,0
2026-06-13 03:00:00+00:00,1666.9100341796875,1668.5400390625,1662.3900146484375,1664.1700439453125,41547776
2026-06-13 04:00:00+00:00,1664.260009765625,1667.199951171875,1662.5899658203125,1663.5,0
2026-06-13 05:00:00+00:00,1663.699951171875,1664.6099853515625,1661.3399658203125,1664.3699951171875,0
2026-06-13 06:00:00+00:00,1664.4599609375,1669.06005859375,1662.780029296875,1668.780029296875,0
2026-06-13 07:00:00+00:00,1668.7099609375,1676.3299560546875,1667.2900390625,1675.1400146484375,0
2026-06-13 08:00:00+00:00,1675.1700439453125,1678.1400146484375,1672.449951171875,1673.5,0
2026-06-13 09:00:00+00:00,1673.449951171875,1675.27001953125,1671.97998046875,1672.699951171875,0
2026-06-13 10:00:00+00:00,1672.6199951171875,1675.260009765625,1671.77001953125,1672.9599609375,0
2026-06-13 11:00:00+00:00,1673.22998046875,1677.6600341796875,1672.2099609375,1677.260009765625,0
2026-06-13 12:00:00+00:00,1677.27001953125,1682.1300048828125,1675.8699951171875,1679.4100341796875,0
2026-06-13 13:00:00+00:00,1679.5400390625,1680.5,1675.6500244140625,1676.949951171875,0
2026-06-13 14:00:00+00:00,1676.9000244140625,1680.4000244140625,1676.5,1678.8499755859375,0
2026-06-13 15:00:00+00:00,1679.0,1685.0,1677.510009765625,1681.1099853515625,0
2026-06-13 16:00:00+00:00,1681.31005859375,1681.31005859375,1670.199951171875,1675.760009765625,0
2026-06-13 17:00:00+00:00,1676.0699462890625,1677.199951171875,1672.1700439453125,1673.260009765625,0
2026-06-13 18:00:00+00:00,1673.219970703125,1682.3399658203125,1673.219970703125,1677.760009765625,0
2026-06-13 19:00:00+00:00,1677.510009765625,1679.239990234375,1675.06005859375,1677.5799560546875,0
2026-06-13 20:00:00+00:00,1677.6099853515625,1677.6099853515625,1674.219970703125,1675.75,370266624
2026-06-13 21:00:00+00:00,1675.7900390625,1692.8299560546875,1674.1199951171875,1685.5699462890625,141778944
2026-06-13 22:00:00+00:00,1685.5899658203125,1685.5899658203125,1680.6800537109375,1680.81005859375,17541632
2026-06-13 23:00:00+00:00,1680.5999755859375,1683.4200439453125,1677.5699462890625,1679.510009765625,0
2026-06-14 00:00:00+00:00,1680.3699951171875,1682.68994140625,1677.9000244140625,1681.199951171875,30390272
2026-06-14 01:00:00+00:00,1681.1199951171875,1689.1600341796875,1679.4100341796875,1683.4000244140625,0
2026-06-14 02:00:00+00:00,1683.0,1684.9300537109375,1680.719970703125,1681.510009765625,111576064
2026-06-14 03:00:00+00:00,1681.4100341796875,1682.4200439453125,1678.8199462890625,1680.93994140625,0
2026-06-14 04:00:00+00:00,1680.8900146484375,1681.81005859375,1675.510009765625,1677.1099853515625,493666304
2026-06-14 05:00:00+00:00,1677.4000244140625,1678.4200439453125,1673.3699951171875,1677.0999755859375,100588544
2026-06-14 06:00:00+00:00,1677.52001953125,1681.27001953125,1674.699951171875,1675.56005859375,112513536
2026-06-14 07:00:00+00:00,1675.5400390625,1676.5999755859375,1672.9300537109375,1674.8299560546875,0
2026-06-14 08:00:00+00:00,1674.9100341796875,1677.6300048828125,1673.52001953125,1674.4100341796875,0
2026-06-14 09:00:00+00:00,1674.43994140625,1677.6300048828125,1668.510009765625,1677.0899658203125,101064192
2026-06-14 10:00:00+00:00,1677.0799560546875,1677.3299560546875,1672.0699462890625,1672.1300048828125,0
2026-06-14 11:00:00+00:00,1672.0899658203125,1675.800048828125,1671.219970703125,1672.550048828125,0
2026-06-14 12:00:00+00:00,1672.800048828125,1673.3499755859375,1664.5999755859375,1665.699951171875,446948864
2026-06-14 13:00:00+00:00,1666.0699462890625,1667.8299560546875,1663.6099853515625,1665.1199951171875,0
2026-06-14 14:00:00+00:00,1665.43994140625,1668.800048828125,1654.199951171875,1658.6600341796875,262625792
2026-06-14 15:00:00+00:00,1658.6700439453125,1663.8299560546875,1658.6700439453125,1662.1300048828125,0
2026-06-14 16:00:00+00:00,1661.81005859375,1667.6199951171875,1658.0799560546875,1659.8900146484375,0
2026-06-14 17:00:00+00:00,1659.780029296875,1665.3699951171875,1659.4200439453125,1660.9000244140625,45923328
2026-06-14 18:00:00+00:00,1661.239990234375,1662.199951171875,1657.989990234375,1660.719970703125,48099840
2026-06-14 19:00:00+00:00,1660.719970703125,1666.719970703125,1660.1800537109375,1664.0899658203125,0
2026-06-14 20:00:00+00:00,1664.6300048828125,1672.489990234375,1661.449951171875,1669.43994140625,148600320
2026-06-14 21:00:00+00:00,1669.75,1731.3900146484375,1668.6500244140625,1717.8399658203125,1017259520
2026-06-14 22:00:00+00:00,1723.6600341796875,1727.75,1711.530029296875,1721.530029296875,870092800
2026-06-14 23:00:00+00:00,1721.68994140625,1725.3199462890625,1716.0,1724.72998046875,524783104
2026-06-15 00:00:00+00:00,1725.5,1730.6700439453125,1718.8900146484375,1719.97998046875,553200640
2026-06-15 01:00:00+00:00,1720.0,1720.800048828125,1708.97998046875,1715.06005859375,233672704
2026-06-15 02:00:00+00:00,1715.18994140625,1725.4000244140625,1713.3599853515625,1716.0699462890625,154553344
2026-06-15 03:00:00+00:00,1715.969970703125,1723.3599853515625,1714.6500244140625,1719.6199951171875,268750848
2026-06-15 04:00:00+00:00,1719.8199462890625,1719.8199462890625,1715.06005859375,1716.1700439453125,293175296
2026-06-15 05:00:00+00:00,1715.97998046875,1721.780029296875,1715.0999755859375,1719.550048828125,48958464
2026-06-15 06:00:00+00:00,1719.719970703125,1722.199951171875,1717.280029296875,1718.8900146484375,0
2026-06-15 07:00:00+00:00,1718.81005859375,1722.4100341796875,1715.1300048828125,1715.3199462890625,701444096
2026-06-15 08:00:00+00:00,1715.4000244140625,1720.9599609375,1714.52001953125,1719.280029296875,234911744
2026-06-15 09:00:00+00:00,1719.199951171875,1725.6400146484375,1711.4300537109375,1717.3599853515625,228901888
2026-06-15 10:00:00+00:00,1717.3499755859375,1743.6099853515625,1717.1199951171875,1736.43994140625,442598400
2026-06-15 11:00:00+00:00,1736.050048828125,1765.449951171875,1733.0400390625,1763.75,1284745216
2026-06-15 12:00:00+00:00,1764.3800048828125,1776.4000244140625,1759.530029296875,1776.2900390625,975078400
2026-06-15 13:00:00+00:00,1776.1300048828125,1825.949951171875,1773.75,1813.199951171875,2104374272
2026-06-15 14:00:00+00:00,1813.7099609375,1817.280029296875,1803.699951171875,1813.4000244140625,518917120
2026-06-15 15:00:00+00:00,1813.3699951171875,1848.3900146484375,1812.489990234375,1844.4000244140625,957200384
2026-06-15 16:00:00+00:00,1844.780029296875,1846.0,1836.77001953125,1842.1400146484375,953348096
2026-06-15 17:00:00+00:00,1841.5999755859375,1841.5999755859375,1823.3399658203125,1828.31005859375,759488512
2026-06-15 18:00:00+00:00,1828.280029296875,1834.5400390625,1824.9100341796875,1827.260009765625,280035328
2026-06-15 19:00:00+00:00,1826.52001953125,1833.72998046875,1812.2900390625,1820.5699462890625,427931648
2026-06-15 20:00:00+00:00,1820.27001953125,1825.050048828125,1814.5899658203125,1815.8599853515625,43745280
2026-06-15 21:00:00+00:00,1815.969970703125,1820.6300048828125,1808.3399658203125,1810.3499755859375,0
2026-06-15 22:00:00+00:00,1810.27001953125,1812.3299560546875,1786.050048828125,1788.6500244140625,0
2026-06-15 23:00:00+00:00,1788.5999755859375,1795.6800537109375,1783.3199462890625,1795.010009765625,0
2026-06-16 00:00:00+00:00,1794.6099853515625,1799.989990234375,1787.8399658203125,1788.5999755859375,195608576
2026-06-16 01:00:00+00:00,1788.52001953125,1796.18994140625,1787.9000244140625,1791.0999755859375,0
2026-06-16 02:00:00+00:00,1791.030029296875,1792.989990234375,1766.4599609375,1769.0999755859375,251768832
2026-06-16 03:00:00+00:00,1769.219970703125,1779.300048828125,1763.949951171875,1777.97998046875,242849792
2026-06-16 04:00:00+00:00,1778.0799560546875,1781.9300537109375,1758.1600341796875,1759.699951171875,122238976
2026-06-16 05:00:00+00:00,1759.6300048828125,1765.0,1759.6300048828125,1761.010009765625,121538560
2026-06-16 06:00:00+00:00,1761.5699462890625,1772.9200439453125,1761.3699951171875,1770.4200439453125,141348864
2026-06-16 07:00:00+00:00,1770.6500244140625,1775.4300537109375,1768.010009765625,1773.260009765625,81915904
2026-06-16 08:00:00+00:00,1773.1300048828125,1805.9599609375,1772.280029296875,1801.550048828125,313796608
2026-06-16 09:00:00+00:00,1801.2099609375,1804.25,1785.72998046875,1788.280029296875,292089856
2026-06-16 10:00:00+00:00,1788.550048828125,1798.8800048828125,1787.300048828125,1792.239990234375,0
2026-06-16 11:00:00+00:00,1792.280029296875,1798.4000244140625,1789.75,1798.1099853515625,0
2026-06-16 12:00:00+00:00,1798.4300537109375,1838.0,1795.3299560546875,1813.0799560546875,262938624
2026-06-16 13:00:00+00:00,1813.4599609375,1815.239990234375,1791.030029296875,1795.9300537109375,0
2026-06-16 14:00:00+00:00,1796.3599853515625,1803.97998046875,1762.3699951171875,1778.989990234375,482354176
2026-06-16 15:00:00+00:00,1778.780029296875,1786.3199462890625,1773.31005859375,1780.9300537109375,0
2026-06-16 16:00:00+00:00,1780.8299560546875,1784.0400390625,1771.760009765625,1776.4200439453125,0
2026-06-16 17:00:00+00:00,1776.949951171875,1798.260009765625,1776.1199951171875,1793.56005859375,0
2026-06-16 18:00:00+00:00,1793.9200439453125,1806.6099853515625,1791.1700439453125,1797.760009765625,172509184
2026-06-16 19:00:00+00:00,1797.0,1799.5999755859375,1788.7099609375,1793.739990234375,0
2026-06-16 20:00:00+00:00,1792.47998046875,1796.8499755859375,1787.93994140625,1796.2900390625,41939968
2026-06-16 21:00:00+00:00,1796.4599609375,1799.1099853515625,1789.2099609375,1794.43994140625,0
2026-06-16 22:00:00+00:00,1794.469970703125,1797.5899658203125,1789.3699951171875,1794.6400146484375,0
2026-06-16 23:00:00+00:00,1794.7900390625,1797.22998046875,1789.6199951171875,1791.239990234375,1306624
2026-06-17 00:00:00+00:00,1791.6199951171875,1797.31005859375,1790.56005859375,1792.300048828125,0
2026-06-17 01:00:00+00:00,1792.300048828125,1797.530029296875,1778.5999755859375,1795.81005859375,129264640
2026-06-17 02:00:00+00:00,1796.0400390625,1807.449951171875,1786.989990234375,1793.8299560546875,0
2026-06-17 03:00:00+00:00,1793.8800048828125,1795.010009765625,1785.8800048828125,1791.9200439453125,151093248
2026-06-17 04:00:00+00:00,1792.43994140625,1798.9300537109375,1790.52001953125,1792.47998046875,0
2026-06-17 05:00:00+00:00,1792.6800537109375,1797.5899658203125,1787.52001953125,1792.3399658203125,0
2026-06-17 06:00:00+00:00,1792.4200439453125,1795.3399658203125,1784.9599609375,1788.6099853515625,372441088
2026-06-17 07:00:00+00:00,1788.719970703125,1790.7900390625,1777.199951171875,1783.4599609375,0
2026-06-17 08:00:00+00:00,1783.3599853515625,1784.449951171875,1759.280029296875,1763.550048828125,0
2026-06-17 09:00:00+00:00,1763.219970703125,1775.56005859375,1763.219970703125,1771.3399658203125,304522240
2026-06-17 10:00:00+00:00,1771.510009765625,1774.219970703125,1765.719970703125,1766.8699951171875,0
2026-06-17 11:00:00+00:00,1767.4000244140625,1768.8599853515625,1758.5,1762.4100341796875,51284992
2026-06-17 12:00:00+00:00,1762.8399658203125,1764.199951171875,1742.18994140625,1757.989990234375,0
2026-06-17 13:00:00+00:00,1757.5899658203125,1770.31005859375,1753.300048828125,1760.0,31069184
2026-06-17 14:00:00+00:00,1759.4300537109375,1764.010009765625,1741.0799560546875,1753.6700439453125,0
2026-06-17 15:00:00+00:00,1754.0400390625,1775.800048828125,1750.0,1771.949951171875,411371520
2026-06-17 16:00:00+00:00,1772.5799560546875,1790.239990234375,1768.2099609375,1770.510009765625,343012352
2026-06-17 17:00:00+00:00,1771.050048828125,1793.5999755859375,1767.1700439453125,1787.5,10875904
2026-06-17 18:00:00+00:00,1780.510009765625,1785.3800048828125,1745.6400146484375,1769.260009765625,1144056832
2026-06-17 19:00:00+00:00,1768.9200439453125,1773.510009765625,1761.510009765625,1764.800048828125,31380480
