timestamp,open,high,low,close,volume
2026-03-30 00:00:00+00:00,81.42665100097656,82.57003021240234,81.20548248291016,81.81427001953125,20613632
2026-03-30 01:00:00+00:00,81.81239318847656,82.71461486816406,81.81239318847656,82.66777038574219,62750720
2026-03-30 02:00:00+00:00,82.66902923583984,83.672607421875,82.51065063476562,83.27318572998047,143211520
2026-03-30 03:00:00+00:00,83.27873229980469,83.32405090332031,83.03874969482422,83.23512268066406,110691328
2026-03-30 04:00:00+00:00,83.21672058105469,83.65399932861328,83.21672058105469,83.65399932861328,100410112
2026-03-30 05:00:00+00:00,83.65969848632812,83.9291763305664,83.50611114501953,83.63887023925781,120711680
2026-03-30 06:00:00+00:00,83.61505889892578,83.72636413574219,83.40792846679688,83.43714141845703,36638208
2026-03-30 07:00:00+00:00,83.43144226074219,83.9842300415039,83.38360595703125,83.92030334472656,67676928
2026-03-30 08:00:00+00:00,83.9372787475586,84.6596450805664,83.9372787475586,84.45512390136719,172453888
2026-03-30 09:00:00+00:00,84.45339965820312,84.45339965820312,84.09210968017578,84.09877014160156,68435200
2026-03-30 10:00:00+00:00,84.09285736083984,84.09725189208984,83.69098663330078,83.8372573852539,42816256
2026-03-30 11:00:00+00:00,83.83016967773438,84.19318389892578,83.83016967773438,84.16824340820312,84604672
2026-03-30 12:00:00+00:00,84.16947937011719,84.4957046508789,84.1520767211914,84.4957046508789,62473728
2026-03-30 13:00:00+00:00,84.48504638671875,84.71199798583984,84.04641723632812,84.04641723632812,84190720
2026-03-30 14:00:00+00:00,84.0431137084961,84.47720336914062,83.70780181884766,84.26275634765625,119483648
2026-03-30 15:00:00+00:00,84.2702407836914,84.63460540771484,83.94828796386719,84.47032165527344,44477696
2026-03-30 16:00:00+00:00,84.46315002441406,84.46315002441406,84.0018539428711,84.0018539428711,49235456
2026-03-30 17:00:00+00:00,84.0497817993164,84.21373748779297,83.14666748046875,83.14666748046875,83962880
2026-03-30 18:00:00+00:00,83.17041778564453,83.27015686035156,82.50130462646484,82.50640106201172,52730112
2026-03-30 19:00:00+00:00,82.57787322998047,82.58679962158203,82.10537719726562,82.35213470458984,140391424
2026-03-30 20:00:00+00:00,82.35082244873047,82.79994201660156,82.32154083251953,82.7449951171875,46489856
2026-03-30 21:00:00+00:00,82.74072265625,83.49925231933594,82.67555236816406,83.2133560180664,83096832
2026-03-30 22:00:00+00:00,83.20850372314453,83.2964859008789,82.69912719726562,82.77857971191406,0
2026-03-30 23:00:00+00:00,82.77498626708984,82.77498626708984,82.16947937011719,82.44381713867188,0
2026-03-31 00:00:00+00:00,82.45137023925781,82.80380249023438,82.22057342529297,82.5784683227539,0
2026-03-31 01:00:00+00:00,82.59393310546875,84.20421600341797,82.59393310546875,83.80934143066406,96498176
2026-03-31 02:00:00+00:00,83.81432342529297,83.90930938720703,83.64134979248047,83.83613586425781,0
2026-03-31 03:00:00+00:00,83.83267974853516,83.83267974853516,83.32066345214844,83.48226165771484,0
2026-03-31 04:00:00+00:00,83.49079895019531,83.75028228759766,83.30668640136719,83.32540130615234,0
2026-03-31 05:00:00+00:00,83.32499694824219,83.58768463134766,82.9629898071289,83.56317138671875,0
2026-03-31 06:00:00+00:00,83.5759048461914,83.6436996459961,83.05982208251953,83.36772155761719,36730880
2026-03-31 07:00:00+00:00,83.37255096435547,83.37255096435547,82.75897979736328,83.02458190917969,15208448
2026-03-31 08:00:00+00:00,83.02739715576172,83.15666198730469,82.28447723388672,82.28447723388672,0
2026-03-31 09:00:00+00:00,82.27799224853516,82.3502197265625,80.3004150390625,80.3004150390625,123926784
2026-03-31 10:00:00+00:00,80.4841079711914,80.74345397949219,80.41793060302734,80.5969009399414,170981120
2026-03-31 11:00:00+00:00,80.5793685913086,80.81282043457031,80.32623291015625,80.68693542480469,248875520
2026-03-31 12:00:00+00:00,80.69454956054688,80.97866821289062,80.4330062866211,80.71786499023438,46633728
2026-03-31 13:00:00+00:00,80.72945404052734,81.86825561523438,80.72308349609375,81.78742980957031,35951616
2026-03-31 14:00:00+00:00,81.71562957763672,82.2593002319336,80.53876495361328,80.55593872070312,77261312
2026-03-31 15:00:00+00:00,80.60505676269531,81.49003601074219,80.60505676269531,80.96736907958984,87159296
2026-03-31 16:00:00+00:00,80.86725616455078,82.62149810791016,80.86725616455078,82.19827270507812,139530240
2026-03-31 17:00:00+00:00,82.21317291259766,83.1473159790039,82.21317291259766,82.24554443359375,189755392
2026-03-31 18:00:00+00:00,82.26018524169922,82.9054946899414,82.26018524169922,82.7488784790039,17602560
2026-03-31 19:00:00+00:00,82.76818084716797,82.84192657470703,82.51212310791016,82.60064697265625,0
2026-03-31 20:00:00+00:00,82.65928649902344,83.20674133300781,82.6114501953125,83.04812622070312,41607168
2026-03-31 21:00:00+00:00,83.0499038696289,83.07200622558594,82.64078521728516,82.86526489257812,0
2026-03-31 22:00:00+00:00,82.85391235351562,82.85391235351562,82.40689849853516,82.694580078125,15713280
2026-03-31 23:00:00+00:00,82.69270324707031,83.12017822265625,82.65908813476562,83.10919952392578,9241088
2026-04-01 00:00:00+00:00,83.10765838623047,83.3362808227539,82.86280059814453,83.30094146728516,0
2026-04-01 01:00:00+00:00,83.29303741455078,83.34526824951172,82.76172637939453,82.76172637939453,0
2026-04-01 02:00:00+00:00,82.7612075805664,82.80020904541016,82.53463745117188,82.59478759765625,12087296
2026-04-01 03:00:00+00:00,82.59608459472656,83.33086395263672,82.59608459472656,83.33086395263672,14046208
2026-04-01 04:00:00+00:00,83.328857421875,83.65325164794922,83.25772857666016,83.59532928466797,13896704
2026-04-01 05:00:00+00:00,83.6014633178711,84.08917999267578,83.35584259033203,84.03010559082031,69457408
2026-04-01 06:00:00+00:00,84.07244110107422,84.55497741699219,84.04550170898438,84.43958282470703,30727168
2026-04-01 07:00:00+00:00,84.43090057373047,84.59304809570312,83.84512329101562,83.84512329101562,48071680
2026-04-01 08:00:00+00:00,83.8382339477539,83.88314819335938,83.54446411132812,83.67874145507812,14563328
2026-04-01 09:00:00+00:00,83.65348052978516,83.69940185546875,83.1697769165039,83.39620208740234,0
2026-04-01 10:00:00+00:00,83.38875579833984,83.38875579833984,83.12681579589844,83.26751708984375,0
2026-04-01 11:00:00+00:00,83.29994201660156,83.43263244628906,83.21498107910156,83.3431167602539,0
2026-04-01 12:00:00+00:00,83.3443832397461,83.4355239868164,82.86959075927734,83.01953125,25960704
2026-04-01 13:00:00+00:00,83.0215072631836,83.34213256835938,82.5530776977539,82.73253631591797,0
2026-04-01 14:00:00+00:00,82.7140121459961,83.44559478759766,82.63311004638672,83.31956481933594,0
2026-04-01 15:00:00+00:00,83.33867645263672,83.63334655761719,83.16348266601562,83.61788177490234,0
2026-04-01 16:00:00+00:00,83.60118865966797,85.18113708496094,83.17376708984375,85.0394287109375,97030144
2026-04-01 17:00:00+00:00,85.0701675415039,86.35435485839844,84.49656677246094,84.49656677246094,175624960
2026-04-01 18:00:00+00:00,84.4820327758789,84.4820327758789,83.64607238769531,83.64607238769531,68635136
2026-04-01 19:00:00+00:00,83.65850067138672,84.25667572021484,83.65850067138672,83.73426818847656,10050560
2026-04-01 20:00:00+00:00,83.7738037109375,83.79322052001953,82.44093322753906,82.61163330078125,167079936
2026-04-01 21:00:00+00:00,82.607421875,82.84391784667969,81.5733871459961,81.82805633544922,175718400
2026-04-01 22:00:00+00:00,81.81919860839844,81.8302993774414,80.93795776367188,81.04691314697266,248861696
2026-04-01 23:00:00+00:00,81.0560531616211,81.35629272460938,81.0560531616211,81.19540405273438,40178176
2026-04-02 00:00:00+00:00,81.18940734863281,81.7002944946289,81.05096435546875,81.67292022705078,43664896
2026-04-02 01:00:00+00:00,81.5384292602539,81.5384292602539,79.15176391601562,79.34780883789062,435897344
2026-04-02 02:00:00+00:00,79.36058044433594,79.36058044433594,78.46951293945312,78.78091430664062,186607104
2026-04-02 03:00:00+00:00,78.83596801757812,79.29043579101562,78.80411529541016,78.96286010742188,112800256
2026-04-02 04:00:00+00:00,78.9648666381836,79.11238861083984,78.89674377441406,78.93183135986328,52230656
2026-04-02 05:00:00+00:00,78.92546081542969,79.28470611572266,78.67007446289062,79.28209686279297,10514432
2026-04-02 06:00:00+00:00,79.27930450439453,79.3846206665039,78.99351501464844,79.08613586425781,0
2026-04-02 07:00:00+00:00,79.08733367919922,79.59170532226562,79.0450439453125,79.59170532226562,0
2026-04-02 08:00:00+00:00,79.5887680053711,79.5887680053711,79.08422088623047,79.11621856689453,0
2026-04-02 09:00:00+00:00,79.1173324584961,79.2884292602539,79.034912109375,79.21746063232422,255488
2026-04-02 10:00:00+00:00,79.22371673583984,79.23273468017578,78.85546112060547,78.85911560058594,8829440
2026-04-02 11:00:00+00:00,78.85884094238281,78.90421295166016,78.33734893798828,78.33734893798828,51181056
2026-04-02 12:00:00+00:00,78.34236907958984,78.4211196899414,77.9599609375,77.9599609375,1139712
2026-04-02 13:00:00+00:00,77.96511840820312,78.10491943359375,76.83522033691406,77.6521987915039,120930304
2026-04-02 14:00:00+00:00,77.64892578125,79.3681869506836,77.61540985107422,79.23548126220703,234177024
2026-04-02 15:00:00+00:00,79.18500518798828,79.18500518798828,78.5435791015625,78.95011901855469,34066432
2026-04-02 16:00:00+00:00,78.965576171875,79.60958862304688,78.80303955078125,79.52677154541016,0
2026-04-02 17:00:00+00:00,79.523193359375,79.5911865234375,78.72969055175781,78.72969055175781,0
2026-04-02 18:00:00+00:00,78.7129898071289,79.16301727294922,78.51941680908203,79.08751678466797,0
2026-04-02 19:00:00+00:00,79.08948516845703,79.2088851928711,78.79975891113281,79.10269165039062,0
2026-04-02 20:00:00+00:00,79.05975341796875,79.29610443115234,78.83495330810547,79.18224334716797,0
2026-04-02 21:00:00+00:00,79.17692565917969,79.18788146972656,78.77275848388672,78.92693328857422,0
2026-04-02 22:00:00+00:00,78.93529510498047,79.0811767578125,78.8475341796875,79.05834197998047,0
2026-04-02 23:00:00+00:00,79.05887603759766,79.05887603759766,78.8527603149414,78.9513168334961,0
2026-04-03 00:00:00+00:00,78.95040130615234,79.27151489257812,78.9258041381836,79.17704772949219,0
2026-04-03 01:00:00+00:00,79.18009185791016,79.68071746826172,79.078369140625,79.15230560302734,0
2026-04-03 02:00:00+00:00,79.15357971191406,79.46466827392578,78.98542022705078,79.2906494140625,0
2026-04-03 03:00:00+00:00,79.30792236328125,79.34986877441406,79.07119750976562,79.07119750976562,0
2026-04-03 04:00:00+00:00,79.06565856933594,79.3371353149414,79.0466537475586,79.32148742675781,0
2026-04-03 05:00:00+00:00,79.31645202636719,79.50806427001953,79.14642333984375,79.2946548461914,0
2026-04-03 06:00:00+00:00,79.2976303100586,79.6529541015625,79.27101135253906,79.63565063476562,0
2026-04-03 07:00:00+00:00,79.64012908935547,79.97794342041016,79.4902572631836,79.90882110595703,0
2026-04-03 08:00:00+00:00,79.9090347290039,80.04979705810547,79.68826293945312,79.75721740722656,0
2026-04-03 09:00:00+00:00,79.76102447509766,80.10603332519531,79.71826171875,79.92864990234375,0
2026-04-03 10:00:00+00:00,79.92779541015625,80.1082992553711,79.74481201171875,79.97779083251953,0
2026-04-03 11:00:00+00:00,80.0121078491211,80.30763244628906,79.93207550048828,80.08004760742188,0
2026-04-03 12:00:00+00:00,80.08531188964844,80.39856719970703,79.37651062011719,79.39067840576172,0
2026-04-03 13:00:00+00:00,79.3861083984375,79.53936767578125,79.24358367919922,79.53936767578125,0
2026-04-03 14:00:00+00:00,79.5452880859375,80.25899505615234,79.53125,80.25131225585938,0
2026-04-03 15:00:00+00:00,80.25775146484375,80.49589538574219,80.20794677734375,80.44251251220703,0
2026-04-03 16:00:00+00:00,80.44941711425781,80.55880737304688,80.30731201171875,80.54500579833984,0
2026-04-03 17:00:00+00:00,80.55575561523438,80.55575561523438,80.00995635986328,80.22763061523438,0
2026-04-03 18:00:00+00:00,80.2217025756836,80.37590026855469,80.12345123291016,80.13558197021484,0
2026-04-03 19:00:00+00:00,80.13461303710938,80.24761199951172,79.94987487792969,80.21511840820312,0
2026-04-03 20:00:00+00:00,80.21348571777344,80.29161071777344,80.19149780273438,80.22127532958984,0
2026-04-03 21:00:00+00:00,80.21448516845703,80.50896453857422,80.15760040283203,80.45523071289062,0
2026-04-03 22:00:00+00:00,80.45356750488281,80.45356750488281,80.07566833496094,80.16571807861328,0
2026-04-03 23:00:00+00:00,80.15904235839844,80.3687515258789,80.14073181152344,80.3687515258789,256000
2026-04-04 00:00:00+00:00,80.37296295166016,80.37296295166016,80.1915283203125,80.2069091796875,0
2026-04-04 01:00:00+00:00,80.20942687988281,80.28656005859375,80.07366180419922,80.10456848144531,0
2026-04-04 02:00:00+00:00,80.1077651977539,80.25411224365234,80.1033706665039,80.11758422851562,0
2026-04-04 03:00:00+00:00,80.12571716308594,80.24872589111328,80.12571716308594,80.1894760131836,0
2026-04-04 04:00:00+00:00,80.1903076171875,80.27040100097656,80.16730499267578,80.2518539428711,0
2026-04-04 05:00:00+00:00,80.25077056884766,80.25077056884766,80.14566040039062,80.17154693603516,0
2026-04-04 06:00:00+00:00,80.17107391357422,80.4727554321289,80.15420532226562,80.4727554321289,0
2026-04-04 07:00:00+00:00,80.46620178222656,80.46620178222656,80.23920440673828,80.26805877685547,0
2026-04-04 08:00:00+00:00,80.26593017578125,80.35099792480469,79.9684829711914,79.9684829711914,0
2026-04-04 09:00:00+00:00,79.97607421875,80.04644012451172,79.94120025634766,80.01730346679688,0
2026-04-04 10:00:00+00:00,80.02745819091797,80.24742889404297,80.02745819091797,80.21501159667969,0
2026-04-04 11:00:00+00:00,80.21736145019531,80.23719787597656,80.0987548828125,80.18265533447266,0
2026-04-04 12:00:00+00:00,80.18598175048828,80.22246551513672,80.04852294921875,80.09003448486328,0
2026-04-04 13:00:00+00:00,80.08790588378906,80.16140747070312,80.01092529296875,80.06578063964844,0
2026-04-04 14:00:00+00:00,80.05694580078125,80.0700912475586,79.75580596923828,79.98728942871094,0
2026-04-04 15:00:00+00:00,80.03801727294922,81.23502349853516,80.03801727294922,80.95256042480469,118324608
2026-04-04 16:00:00+00:00,80.96826934814453,81.27477264404297,80.92160034179688,81.0739974975586,0
2026-04-04 17:00:00+00:00,81.00779724121094,81.00779724121094,80.71504211425781,80.91864776611328,0
2026-04-04 18:00:00+00:00,80.91877746582031,81.03445434570312,80.769287109375,80.89312744140625,0
2026-04-04 19:00:00+00:00,80.89065551757812,81.13926696777344,80.80453491210938,80.86434936523438,8926208
2026-04-04 20:00:00+00:00,80.86083984375,80.86083984375,80.69224548339844,80.77766418457031,0
2026-04-04 21:00:00+00:00,80.7771987915039,80.96721649169922,80.7771987915039,80.93428039550781,45280000
2026-04-04 22:00:00+00:00,80.93368530273438,81.00643920898438,80.92047882080078,80.9822998046875,0
2026-04-04 23:00:00+00:00,80.98235321044922,80.98235321044922,80.73246765136719,80.81089782714844,0
2026-04-05 00:00:00+00:00,80.82125854492188,80.82125854492188,80.6501693725586,80.6502914428711,0
2026-04-05 01:00:00+00:00,80.6538314819336,80.75357055664062,80.56935119628906,80.56935119628906,0
2026-04-05 02:00:00+00:00,80.56523132324219,80.5967788696289,80.4090576171875,80.56165313720703,0
2026-04-05 03:00:00+00:00,80.5618896484375,80.5882339477539,80.45684814453125,80.54090118408203,0
2026-04-05 04:00:00+00:00,80.5410385131836,80.5410385131836,80.4354248046875,80.45726013183594,0
2026-04-05 05:00:00+00:00,80.44778442382812,80.44778442382812,80.18549346923828,80.18549346923828,0
2026-04-05 06:00:00+00:00,80.20297241210938,80.2642822265625,79.4993667602539,79.68912506103516,94191872
2026-04-05 07:00:00+00:00,79.68246459960938,79.80479431152344,79.56562805175781,79.60965728759766,40017024
2026-04-05 08:00:00+00:00,79.60242462158203,79.65461730957031,79.57256317138672,79.61615753173828,551424
2026-04-05 09:00:00+00:00,79.6139144897461,79.82543182373047,79.6139144897461,79.82202911376953,0
2026-04-05 10:00:00+00:00,79.82569122314453,80.07937622070312,79.8174819946289,79.84737396240234,0
2026-04-05 11:00:00+00:00,79.818115234375,79.87429809570312,79.78952026367188,79.87346649169922,0
2026-04-05 12:00:00+00:00,79.87427520751953,79.88805389404297,78.88236999511719,78.96603393554688,60350720
2026-04-05 13:00:00+00:00,78.96646881103516,79.12812805175781,78.60298156738281,79.08676147460938,50178816
2026-04-05 14:00:00+00:00,79.08560943603516,79.38563537597656,79.08560943603516,79.30122375488281,0
2026-04-05 15:00:00+00:00,79.29804229736328,79.97884368896484,79.10841369628906,79.74018859863281,0
2026-04-05 16:00:00+00:00,79.69634246826172,79.73656463623047,79.43797302246094,79.44141387939453,0
2026-04-05 17:00:00+00:00,79.44493865966797,79.87537384033203,79.43370056152344,79.87537384033203,0
2026-04-05 18:00:00+00:00,79.8699722290039,80.02144622802734,79.7480697631836,79.91209411621094,12593664
2026-04-05 19:00:00+00:00,79.9217529296875,80.15235137939453,79.60990905761719,79.71713256835938,0
2026-04-05 20:00:00+00:00,79.73409271240234,80.13758087158203,79.73409271240234,80.1240234375,22562944
2026-04-05 21:00:00+00:00,80.1299057006836,80.13838195800781,79.57540893554688,79.80510711669922,0
2026-04-05 22:00:00+00:00,79.72613525390625,80.48185729980469,79.21974182128906,80.48185729980469,110068992
2026-04-05 23:00:00+00:00,80.47996520996094,81.9607162475586,80.47996520996094,81.8546371459961,258628608
2026-04-06 00:00:00+00:00,81.99552917480469,82.81195068359375,81.99552917480469,82.38420867919922,232591104
2026-04-06 01:00:00+00:00,82.37771606445312,82.37771606445312,81.79122161865234,81.82746887207031,98229504
2026-04-06 02:00:00+00:00,81.81075286865234,82.6567153930664,81.7298355102539,82.44098663330078,100377856
2026-04-06 03:00:00+00:00,82.43669128417969,82.43669128417969,81.97103881835938,82.00804901123047,110976512
2026-04-06 04:00:00+00:00,82.0160903930664,82.21497344970703,81.79641723632812,82.01326751708984,54438912
2026-04-06 05:00:00+00:00,82.01101684570312,82.01533508300781,81.87214660644531,81.8985595703125,17618432
2026-04-06 06:00:00+00:00,81.89776611328125,82.01209259033203,81.16596221923828,81.48283386230469,1601536
2026-04-06 07:00:00+00:00,81.4758529663086,81.88948822021484,81.36864471435547,81.81351470947266,40695296
2026-04-06 08:00:00+00:00,81.80782318115234,82.13780212402344,81.77729034423828,81.98896789550781,64836864
2026-04-06 09:00:00+00:00,81.98246765136719,82.83343505859375,81.96249389648438,82.48483276367188,212317952
2026-04-06 10:00:00+00:00,82.48255157470703,82.83706665039062,82.48255157470703,82.58102416992188,67404032
2026-04-06 11:00:00+00:00,82.59834289550781,82.6376953125,82.37100219726562,82.37556457519531,49688064
2026-04-06 12:00:00+00:00,82.38621520996094,82.45638275146484,82.24998474121094,82.25397491455078,0
2026-04-06 13:00:00+00:00,82.2529296875,82.51324462890625,82.24292755126953,82.41078186035156,14046976
2026-04-06 14:00:00+00:00,82.41362762451172,82.56697845458984,81.87761688232422,82.19100952148438,130683648
2026-04-06 15:00:00+00:00,82.19084930419922,82.37350463867188,82.0628433227539,82.26277160644531,0
2026-04-06 16:00:00+00:00,82.26860809326172,82.33162689208984,81.69591522216797,81.69591522216797,15420160
2026-04-06 17:00:00+00:00,81.67188262939453,81.67561340332031,81.2904052734375,81.63932800292969,65783552
2026-04-06 18:00:00+00:00,81.63996887207031,82.12532806396484,81.58853149414062,81.90287780761719,19955456
2026-04-06 19:00:00+00:00,81.9024887084961,81.9024887084961,81.61066436767578,81.70130920410156,0
2026-04-06 20:00:00+00:00,81.81588745117188,82.11090850830078,81.81588745117188,82.00972747802734,5870080
2026-04-06 21:00:00+00:00,81.98726654052734,81.98992919921875,81.46886444091797,81.47317504882812,0
2026-04-06 22:00:00+00:00,81.47472381591797,81.47472381591797,80.36683654785156,80.36683654785156,0
2026-04-06 23:00:00+00:00,80.32646942138672,80.32646942138672,79.73516845703125,80.14375305175781,573696
2026-04-07 00:00:00+00:00,80.12904357910156,80.12904357910156,79.65364074707031,79.95321655273438,0
2026-04-07 01:00:00+00:00,79.95052337646484,80.07774353027344,79.51873016357422,79.51873016357422,0
2026-04-07 02:00:00+00:00,79.52460479736328,79.819580078125,79.51770782470703,79.70162200927734,0
2026-04-07 03:00:00+00:00,79.70338439941406,79.86479187011719,79.70338439941406,79.77416229248047,0
2026-04-07 04:00:00+00:00,79.773193359375,80.04114532470703,79.71334838867188,79.97494506835938,0
2026-04-07 05:00:00+00:00,79.97026824951172,79.97026824951172,79.51010131835938,79.51334381103516,40116992
2026-04-07 06:00:00+00:00,79.52249908447266,79.57589721679688,79.34844207763672,79.53750610351562,0
2026-04-07 07:00:00+00:00,79.5348892211914,79.87106323242188,79.483154296875,79.86553192138672,93440
2026-04-07 08:00:00+00:00,79.86431884765625,80.25321960449219,79.84907531738281,80.10022735595703,37170688
2026-04-07 09:00:00+00:00,80.09473419189453,80.4724349975586,80.09473419189453,80.34371185302734,0
2026-04-07 10:00:00+00:00,80.34729766845703,80.38634490966797,79.37663269042969,79.37663269042969,44233472
2026-04-07 11:00:00+00:00,79.37261962890625,79.4723892211914,79.07305908203125,79.20059204101562,90655488
2026-04-07 12:00:00+00:00,79.19782257080078,79.26972198486328,78.81089782714844,79.16841125488281,126469120
2026-04-07 13:00:00+00:00,79.12366485595703,79.15779876708984,78.89077758789062,78.96199035644531,42074368
2026-04-07 14:00:00+00:00,78.95297241210938,78.99374389648438,78.45934295654297,78.69893646240234,46592
2026-04-07 15:00:00+00:00,78.68556213378906,78.91989135742188,78.4357681274414,78.82470703125,37818112
2026-04-07 16:00:00+00:00,78.82841491699219,79.03105926513672,78.698974609375,78.86958312988281,18144512
2026-04-07 17:00:00+00:00,78.87100982666016,80.20182037353516,78.86590576171875,80.0321273803711,194064384
2026-04-07 18:00:00+00:00,80.038330078125,80.14801788330078,79.63982391357422,79.70213317871094,50866944
2026-04-07 19:00:00+00:00,79.71788024902344,81.59934997558594,79.71788024902344,81.59934997558594,299987712
2026-04-07 20:00:00+00:00,81.60655975341797,82.2325439453125,81.60655975341797,81.96546936035156,228494336
2026-04-07 21:00:00+00:00,81.9552001953125,83.03966522216797,81.93489074707031,82.86669158935547,243952640
2026-04-07 22:00:00+00:00,82.86400604248047,84.71981811523438,82.86400604248047,84.71981811523438,425330176
2026-04-07 23:00:00+00:00,84.78680419921875,86.76972961425781,84.78680419921875,85.64922332763672,527367680
2026-04-08 00:00:00+00:00,85.62785339355469,85.73664093017578,84.38504028320312,84.61419677734375,114223104
2026-04-08 01:00:00+00:00,84.62403106689453,84.89895629882812,84.45263671875,84.69456481933594,53829632
2026-04-08 02:00:00+00:00,84.69489288330078,84.87572479248047,84.47836303710938,84.61161041259766,78333952
2026-04-08 03:00:00+00:00,84.59786224365234,84.61236572265625,84.47756958007812,84.5103988647461,109953536
2026-04-08 04:00:00+00:00,84.5111083984375,84.92850494384766,84.5111083984375,84.56024169921875,114338816
2026-04-08 05:00:00+00:00,84.55635833740234,84.68524169921875,84.32359313964844,84.32359313964844,30331392
2026-04-08 06:00:00+00:00,84.31375885009766,84.64984893798828,83.9764404296875,84.51416015625,85118464
2026-04-08 07:00:00+00:00,84.51775360107422,84.64180755615234,84.2617416381836,84.35757446289062,34148864
2026-04-08 08:00:00+00:00,84.45663452148438,84.71485137939453,84.45663452148438,84.71485137939453,0
2026-04-08 09:00:00+00:00,84.83905792236328,84.87553405761719,84.56887817382812,84.67164611816406,5708288
2026-04-08 10:00:00+00:00,84.67241668701172,84.71110534667969,84.56055450439453,84.61190032958984,0
2026-04-08 11:00:00+00:00,84.60281372070312,84.76286315917969,84.25770568847656,84.46440124511719,30248960
2026-04-08 12:00:00+00:00,84.46730041503906,84.6346664428711,84.2879867553711,84.5877456665039,0
2026-04-08 13:00:00+00:00,84.57771301269531,84.75038146972656,84.03849792480469,84.15310668945312,162973184
2026-04-08 14:00:00+00:00,84.13236236572266,84.13236236572266,82.63777923583984,82.68220520019531,178374656
2026-04-08 15:00:00+00:00,82.71814727783203,83.37535095214844,82.71814727783203,83.37023162841797,78914048
2026-04-08 16:00:00+00:00,83.34552001953125,83.52584075927734,83.12609100341797,83.52584075927734,0
2026-04-08 17:00:00+00:00,83.48815155029297,83.97664642333984,83.42504119873047,83.92527770996094,0
2026-04-08 18:00:00+00:00,83.91402435302734,83.98920440673828,82.9501953125,82.95062255859375,11511296
2026-04-08 19:00:00+00:00,82.89544677734375,83.0727767944336,82.84568786621094,83.03041076660156,0
2026-04-08 20:00:00+00:00,83.07270812988281,83.31504821777344,83.07270812988281,83.23580932617188,0
2026-04-08 21:00:00+00:00,83.2330551147461,83.52146911621094,83.22486877441406,83.3979721069336,0
2026-04-08 22:00:00+00:00,83.4035415649414,83.4035415649414,82.69324493408203,82.69324493408203,0
2026-04-08 23:00:00+00:00,82.57732391357422,82.88109588623047,82.35811614990234,82.58191680908203,0
2026-04-09 00:00:00+00:00,82.56200408935547,82.6184310913086,82.1449203491211,82.26644134521484,0
2026-04-09 01:00:00+00:00,82.25878143310547,82.25878143310547,81.86710357666016,82.18567657470703,37185536
2026-04-09 02:00:00+00:00,82.22752380371094,82.36632537841797,82.15271759033203,82.1578140258789,0
2026-04-09 03:00:00+00:00,82.150390625,82.150390625,81.95903778076172,82.07616424560547,0
2026-04-09 04:00:00+00:00,82.07472229003906,82.07472229003906,81.86741638183594,81.9000473022461,0
2026-04-09 05:00:00+00:00,81.84346008300781,82.26395416259766,81.83377075195312,82.10416412353516,0
2026-04-09 06:00:00+00:00,82.16564178466797,82.30401611328125,81.98802947998047,82.16554260253906,0
2026-04-09 07:00:00+00:00,82.2025375366211,82.46256256103516,82.2025375366211,82.33785247802734,0
2026-04-09 08:00:00+00:00,82.33428955078125,82.56735229492188,82.21639251708984,82.46949768066406,0
2026-04-09 09:00:00+00:00,82.47237396240234,82.59953308105469,82.20905303955078,82.58918762207031,0
2026-04-09 10:00:00+00:00,82.59150695800781,82.62488555908203,82.43864440917969,82.59854888916016,0
2026-04-09 11:00:00+00:00,82.58258819580078,82.58909606933594,82.1531982421875,82.19576263427734,0
2026-04-09 12:00:00+00:00,82.19295501708984,82.26219940185547,82.10450744628906,82.26004028320312,0
2026-04-09 13:00:00+00:00,82.25629425048828,82.29468536376953,81.74087524414062,81.74822998046875,0
2026-04-09 14:00:00+00:00,81.75572967529297,82.2071762084961,81.56681060791016,82.14080810546875,0
2026-04-09 15:00:00+00:00,82.16268157958984,83.8322525024414,81.96955108642578,83.78858184814453,102502912
2026-04-09 16:00:00+00:00,83.79203796386719,84.09162139892578,83.07947540283203,83.3971939086914,166657280
2026-04-09 17:00:00+00:00,83.59461212158203,84.54927062988281,83.59461212158203,84.54927062988281,128667136
2026-04-09 18:00:00+00:00,84.55957794189453,84.64026641845703,83.66742706298828,83.9858169555664,82144256
2026-04-09 19:00:00+00:00,83.95724487304688,84.1083984375,83.50785064697266,84.01789093017578,36928000
2026-04-09 20:00:00+00:00,84.0477066040039,84.49036407470703,84.0477066040039,84.3590316772461,58557952
2026-04-09 21:00:00+00:00,84.34780883789062,84.53672790527344,84.21416473388672,84.31616973876953,65044480
2026-04-09 22:00:00+00:00,84.30640411376953,85.59851837158203,84.13983154296875,84.13983154296875,213103872
2026-04-09 23:00:00+00:00,84.03595733642578,84.03595733642578,83.25216674804688,83.29124450683594,0
2026-04-10 00:00:00+00:00,83.30602264404297,83.31436157226562,82.96910858154297,83.09288787841797,0
2026-04-10 01:00:00+00:00,83.0857925415039,83.57638549804688,83.02324676513672,83.36945343017578,0
2026-04-10 02:00:00+00:00,83.36334228515625,83.40898132324219,83.06942749023438,83.07860565185547,12786176
2026-04-10 03:00:00+00:00,83.11265563964844,83.1790542602539,82.82035827636719,82.94335174560547,14956544
2026-04-10 04:00:00+00:00,82.939453125,83.3823013305664,82.92919158935547,83.35427856445312,20742144
2026-04-10 05:00:00+00:00,83.36126708984375,83.53750610351562,83.17487335205078,83.3498306274414,32427520
2026-04-10 06:00:00+00:00,83.3619613647461,83.42410278320312,83.17179870605469,83.17869567871094,0
2026-04-10 07:00:00+00:00,83.1795654296875,83.23419952392578,82.9402084350586,82.94611358642578,358400
2026-04-10 08:00:00+00:00,82.9437484741211,83.07411193847656,82.76795196533203,82.9001693725586,258733568
2026-04-10 09:00:00+00:00,82.90069580078125,83.50326538085938,82.90069580078125,83.50326538085938,727464960
2026-04-10 10:00:00+00:00,83.50150299072266,83.52442932128906,83.19261169433594,83.29144287109375,554891776
2026-04-10 11:00:00+00:00,83.29312896728516,83.69402313232422,83.29312896728516,83.55352783203125,392790528
2026-04-10 12:00:00+00:00,83.55615997314453,84.31640625,83.44992065429688,84.16765594482422,876106240
2026-04-10 13:00:00+00:00,84.1633529663086,84.3277816772461,83.7155990600586,84.32222747802734,1032879104
2026-04-10 14:00:00+00:00,84.31425476074219,85.16500091552734,84.26617431640625,85.07074737548828,898429952
2026-04-10 15:00:00+00:00,85.07280731201172,85.328857421875,84.33048248291016,84.33048248291016,1025097728
2026-04-10 16:00:00+00:00,84.33100128173828,84.84786987304688,84.23593139648438,84.84786987304688,787309568
2026-04-10 17:00:00+00:00,84.84294128417969,84.8560562133789,84.58076477050781,84.8560562133789,296612864
2026-04-10 18:00:00+00:00,84.85708618164062,85.21595001220703,84.70005798339844,85.21354675292969,178298880
2026-04-10 19:00:00+00:00,85.23118591308594,85.4429702758789,85.17675018310547,85.40299224853516,291740672
2026-04-10 20:00:00+00:00,85.44503021240234,85.48059844970703,85.14344024658203,85.46076965332031,323412992
2026-04-10 21:00:00+00:00,85.45633697509766,85.45633697509766,85.02938842773438,85.22607421875,316196864
2026-04-10 22:00:00+00:00,85.22754669189453,85.25117492675781,84.73544311523438,84.85894775390625,28352512
2026-04-10 23:00:00+00:00,84.86859893798828,84.89844512939453,84.81280517578125,84.82858276367188,232813568
2026-04-11 00:00:00+00:00,84.83027648925781,84.84098815917969,84.6297607421875,84.71186828613281,94212096
2026-04-11 01:00:00+00:00,84.69751739501953,84.71656036376953,84.46531677246094,84.68013763427734,58286080
2026-04-11 02:00:00+00:00,84.681396484375,84.89109802246094,84.66341400146484,84.77500915527344,185547776
2026-04-11 03:00:00+00:00,84.78227996826172,84.89208984375,84.41976165771484,84.41976165771484,123737088
2026-04-11 04:00:00+00:00,84.42807006835938,84.57159423828125,84.31340789794922,84.3917465209961,237721600
2026-04-11 05:00:00+00:00,84.39434814453125,84.41761016845703,84.17704010009766,84.17829895019531,211175424
2026-04-11 06:00:00+00:00,84.16949462890625,84.16949462890625,84.012939453125,84.16101837158203,338149376
2026-04-11 07:00:00+00:00,84.1601333618164,84.33307647705078,84.12469482421875,84.26702117919922,257017856
2026-04-11 08:00:00+00:00,84.26962280273438,84.4238052368164,84.25604248046875,84.26075744628906,0
2026-04-11 09:00:00+00:00,84.22496795654297,84.70986938476562,84.22222900390625,84.54698181152344,0
2026-04-11 10:00:00+00:00,84.55233001708984,84.55233001708984,84.0425796508789,84.12136840820312,0
2026-04-11 11:00:00+00:00,84.1185531616211,84.26592254638672,84.01509094238281,84.26498413085938,0
2026-04-11 12:00:00+00:00,84.27147674560547,84.42981719970703,84.16915893554688,84.25408172607422,0
2026-04-11 13:00:00+00:00,84.24594116210938,84.25364685058594,84.02611541748047,84.19231414794922,0
2026-04-11 14:00:00+00:00,84.18912506103516,84.39778137207031,84.15142059326172,84.35376739501953,0
2026-04-11 15:00:00+00:00,84.3670425415039,84.75697326660156,84.3239517211914,84.6800765991211,0
2026-04-11 16:00:00+00:00,84.68436431884766,85.22254943847656,84.68436431884766,85.0567398071289,0
2026-04-11 17:00:00+00:00,85.05611419677734,85.05611419677734,84.77530670166016,84.84242248535156,0
2026-04-11 18:00:00+00:00,84.84335327148438,85.64983367919922,84.72413635253906,85.44292449951172,93175808
2026-04-11 19:00:00+00:00,85.4441909790039,86.16703033447266,85.4441909790039,85.95111846923828,702013440
2026-04-11 20:00:00+00:00,85.96544647216797,86.02876281738281,85.25737762451172,85.4542007446289,332868608
2026-04-11 21:00:00+00:00,85.45451354980469,85.49226379394531,85.28307342529297,85.40338897705078,23137280
2026-04-11 22:00:00+00:00,85.40086364746094,85.9175033569336,85.15715026855469,85.25944519042969,0
2026-04-11 23:00:00+00:00,85.26749420166016,85.26749420166016,84.70753479003906,84.94941711425781,295012352
2026-04-12 00:00:00+00:00,84.95109558105469,84.99324035644531,84.863525390625,84.8873291015625,150204416
2026-04-12 01:00:00+00:00,84.89164733886719,84.96304321289062,82.27836608886719,82.2955093383789,95927296
2026-04-12 02:00:00+00:00,82.30408477783203,82.86868286132812,82.14744567871094,82.69926452636719,1673338880
2026-04-12 03:00:00+00:00,82.69815063476562,82.76366424560547,82.47825622558594,82.47825622558594,792180736
2026-04-12 04:00:00+00:00,82.4666976928711,82.4666976928711,82.23025512695312,82.23783111572266,238198784
2026-04-12 05:00:00+00:00,82.23344421386719,82.4622573852539,82.20198822021484,82.43929290771484,140367872
2026-04-12 06:00:00+00:00,82.43790435791016,82.47001647949219,82.26761627197266,82.27007293701172,29804544
2026-04-12 07:00:00+00:00,82.27112579345703,82.44816589355469,82.27112579345703,82.37349700927734,85012480
2026-04-12 08:00:00+00:00,82.33165740966797,82.33541870117188,82.2386474609375,82.26876831054688,17928192
2026-04-12 09:00:00+00:00,82.267578125,82.34569549560547,82.23682403564453,82.23682403564453,40078336
2026-04-12 10:00:00+00:00,82.2386474609375,82.32760620117188,82.08495330810547,82.08495330810547,0
2026-04-12 11:00:00+00:00,82.09208679199219,82.36279296875,82.06560516357422,82.2552719116211,28442624
2026-04-12 12:00:00+00:00,82.25907897949219,82.48192596435547,82.16279602050781,82.16279602050781,297027584
2026-04-12 13:00:00+00:00,82.09477233886719,82.19951629638672,81.91781616210938,81.9424819946289,384236544
2026-04-12 14:00:00+00:00,81.92552947998047,82.07363891601562,81.4367446899414,81.59001922607422,0
2026-04-12 15:00:00+00:00,81.58444213867188,81.79987335205078,81.48514556884766,81.6365966796875,0
2026-04-12 16:00:00+00:00,81.63345336914062,81.8497314453125,81.60623168945312,81.82819366455078,0
2026-04-12 17:00:00+00:00,81.8433609008789,82.2096176147461,81.8253402709961,82.19676208496094,0
2026-04-12 18:00:00+00:00,82.19629669189453,82.22709655761719,82.11809539794922,82.18997192382812,0
2026-04-12 19:00:00+00:00,82.18640899658203,82.26949310302734,82.00491333007812,82.00491333007812,0
2026-04-12 20:00:00+00:00,82.00530242919922,82.75059509277344,81.99497985839844,82.67013549804688,0
2026-04-12 21:00:00+00:00,82.67115783691406,82.7951889038086,82.58766174316406,82.72061157226562,18762752
2026-04-12 22:00:00+00:00,82.74473571777344,82.74473571777344,81.50304412841797,81.92988586425781,87875584
2026-04-12 23:00:00+00:00,81.94941711425781,81.94941711425781,81.4126968383789,81.53523254394531,0
2026-04-13 00:00:00+00:00,81.53652954101562,82.1392822265625,81.51051330566406,82.11491394042969,12428800
2026-04-13 01:00:00+00:00,82.11473083496094,82.28560638427734,82.01698303222656,82.28560638427734,0
2026-04-13 02:00:00+00:00,82.28752136230469,82.36749267578125,81.95626068115234,81.95832061767578,0
2026-04-13 03:00:00+00:00,81.95359802246094,82.01142120361328,81.8473892211914,81.93085479736328,0
2026-04-13 04:00:00+00:00,81.92910766601562,82.20142364501953,81.90154266357422,82.0102310180664,0
2026-04-13 05:00:00+00:00,82.00182342529297,82.00182342529297,81.64195251464844,81.81340789794922,0
2026-04-13 06:00:00+00:00,81.82195281982422,82.53022003173828,81.82195281982422,82.42298889160156,42926592
2026-04-13 07:00:00+00:00,82.41434478759766,82.41434478759766,81.92352294921875,82.15455627441406,0
2026-04-13 08:00:00+00:00,82.15387725830078,82.20809173583984,81.80889892578125,81.85298156738281,209269760
2026-04-13 09:00:00+00:00,81.85298156738281,82.1732406616211,81.85298156738281,81.91155242919922,30160640
2026-04-13 10:00:00+00:00,81.91014862060547,81.93505859375,81.78524780273438,81.80077362060547,3349504
2026-04-13 11:00:00+00:00,81.8185806274414,81.97395324707031,81.77845764160156,81.88842010498047,0
2026-04-13 12:00:00+00:00,81.88017272949219,82.67552947998047,81.8661880493164,82.509033203125,18131712
2026-04-13 13:00:00+00:00,82.52311706542969,83.48067474365234,82.45137786865234,83.48067474365234,115419136
2026-04-13 14:00:00+00:00,83.63220977783203,83.63220977783203,82.9578628540039,83.52738189697266,94271232
2026-04-13 15:00:00+00:00,83.55119323730469,83.766845703125,82.49525451660156,82.62997436523438,115752960
2026-04-13 16:00:00+00:00,82.69093322753906,83.56844329833984,82.56195831298828,83.3036117553711,160679936
2026-04-13 17:00:00+00:00,83.35029602050781,83.7788314819336,83.09205627441406,83.09205627441406,76446720
2026-04-13 18:00:00+00:00,83.08061981201172,83.2506332397461,82.77935791015625,83.2506332397461,63668480
2026-04-13 19:00:00+00:00,83.2533950805664,84.21944427490234,83.16327667236328,84.21944427490234,178716672
2026-04-13 20:00:00+00:00,84.19503021240234,84.25588989257812,83.91694641113281,83.99430084228516,133751808
2026-04-13 21:00:00+00:00,83.98639678955078,84.08645629882812,83.90336608886719,84.05059814453125,25926144
2026-04-13 22:00:00+00:00,84.04029083251953,86.28348541259766,84.01256561279297,86.28348541259766,234655744
2026-04-13 23:00:00+00:00,86.26627349853516,86.67378234863281,86.15727996826172,86.67378234863281,320847360
2026-04-14 00:00:00+00:00,86.63960266113281,86.66732788085938,85.86727142333984,85.88871002197266,204015616
2026-04-14 01:00:00+00:00,85.87699890136719,86.09111785888672,85.83174133300781,86.03596496582031,108133376
2026-04-14 02:00:00+00:00,86.03346252441406,86.33639526367188,85.96411895751953,86.2756576538086,107020800
2026-04-14 03:00:00+00:00,86.27639770507812,86.27639770507812,86.06087493896484,86.06159973144531,28960256
2026-04-14 04:00:00+00:00,86.0643539428711,86.0643539428711,85.66967010498047,85.83047485351562,62913024
2026-04-14 05:00:00+00:00,85.84912109375,85.87694549560547,85.54415893554688,85.54415893554688,24693248
2026-04-14 06:00:00+00:00,85.53816986083984,86.0699462890625,85.53816986083984,86.03742980957031,0
2026-04-14 07:00:00+00:00,86.02947998046875,86.11634826660156,85.87984466552734,85.89624786376953,103746048
2026-04-14 08:00:00+00:00,85.88756561279297,86.27974700927734,85.81368255615234,86.12625122070312,33465344
2026-04-14 09:00:00+00:00,86.12937927246094,86.25178527832031,86.0462875366211,86.13307189941406,10294272
2026-04-14 10:00:00+00:00,86.12950134277344,86.44577026367188,86.11617279052734,86.12870025634766,75757056
2026-04-14 11:00:00+00:00,86.04110717773438,86.04110717773438,85.6999282836914,85.9002456665039,94133248
2026-04-14 12:00:00+00:00,85.82992553710938,85.95354461669922,85.67642211914062,85.92060089111328,26565120
2026-04-14 13:00:00+00:00,85.95819091796875,87.33238983154297,85.95819091796875,87.33238983154297,97710592
2026-04-14 14:00:00+00:00,87.33392333984375,87.43460083007812,86.23676300048828,86.23676300048828,176527360
2026-04-14 15:00:00+00:00,86.08700561523438,86.1952133178711,85.52716064453125,86.10417175292969,106337280
2026-04-14 16:00:00+00:00,86.08091735839844,86.10923767089844,84.95818328857422,84.97340393066406,37565952
2026-04-14 17:00:00+00:00,84.99703216552734,85.41946411132812,84.78548431396484,85.22834014892578,57411072
2026-04-14 18:00:00+00:00,85.2833480834961,85.37663269042969,84.10424041748047,84.10424041748047,45031424
2026-04-14 19:00:00+00:00,84.10836791992188,84.32795715332031,83.84920501708984,83.86100769042969,0
2026-04-14 20:00:00+00:00,83.96794128417969,84.11786651611328,83.49889373779297,83.50220489501953,0
2026-04-14 21:00:00+00:00,83.52355194091797,83.87000274658203,83.52355194091797,83.8499984741211,0
2026-04-14 22:00:00+00:00,83.7699966430664,83.94000244140625,83.3499984741211,83.54000091552734,0
2026-04-14 23:00:00+00:00,83.51000213623047,84.08000183105469,83.5,83.7699966430664,0
2026-04-15 00:00:00+00:00,83.75,84.0999984741211,83.5999984741211,83.80999755859375,0
2026-04-15 01:00:00+00:00,83.73999786376953,84.05999755859375,83.5999984741211,83.95999908447266,0
2026-04-15 02:00:00+00:00,83.94999694824219,84.05000305175781,83.18000030517578,83.44000244140625,0
2026-04-15 03:00:00+00:00,83.44000244140625,83.55000305175781,83.33000183105469,83.5,0
2026-04-15 04:00:00+00:00,83.48999786376953,83.69000244140625,83.37000274658203,83.63999938964844,0
2026-04-15 05:00:00+00:00,83.62000274658203,83.83000183105469,83.0,83.18000030517578,41774592
2026-04-15 06:00:00+00:00,83.16000366210938,83.18000030517578,82.91000366210938,83.05000305175781,0
2026-04-15 07:00:00+00:00,83.05000305175781,83.2699966430664,82.69000244140625,82.95999908447266,0
2026-04-15 08:00:00+00:00,82.97000122070312,83.30999755859375,82.7699966430664,83.16999816894531,0
2026-04-15 09:00:00+00:00,83.19000244140625,83.29000091552734,82.91000366210938,83.19999694824219,0
2026-04-15 10:00:00+00:00,83.18000030517578,83.63999938964844,82.94999694824219,83.16999816894531,983040
2026-04-15 11:00:00+00:00,83.19999694824219,83.69000244140625,83.06999969482422,83.62000274658203,0
2026-04-15 12:00:00+00:00,83.62000274658203,83.91000366210938,83.43000030517578,83.73999786376953,0
2026-04-15 13:00:00+00:00,83.75,83.83000183105469,83.2699966430664,83.66000366210938,0
2026-04-15 14:00:00+00:00,83.6500015258789,84.52999877929688,83.43000030517578,84.31999969482422,0
2026-04-15 15:00:00+00:00,84.41000366210938,84.48999786376953,83.55000305175781,84.0199966430664,0
2026-04-15 16:00:00+00:00,83.9800033569336,84.7300033569336,83.93000030517578,84.56999969482422,0
2026-04-15 17:00:00+00:00,84.61000061035156,85.16999816894531,84.4800033569336,84.73999786376953,1003520
2026-04-15 18:00:00+00:00,84.72000122070312,85.08999633789062,84.5999984741211,85.05000305175781,0
2026-04-15 19:00:00+00:00,85.05000305175781,85.83000183105469,84.95999908447266,85.52999877929688,0
2026-04-15 20:00:00+00:00,85.55000305175781,85.58999633789062,84.66999816894531,84.81999969482422,0
2026-04-15 21:00:00+00:00,84.80999755859375,84.88999938964844,84.23999786376953,84.81999969482422,14705152
2026-04-15 22:00:00+00:00,84.80999755859375,85.54000091552734,84.7699966430664,85.04000091552734,0
2026-04-15 23:00:00+00:00,85.0199966430664,85.05000305175781,84.69999694824219,84.91999816894531,221696
2026-04-16 00:00:00+00:00,84.93000030517578,85.08000183105469,84.51000213623047,84.94999694824219,0
2026-04-16 01:00:00+00:00,84.94000244140625,84.97000122070312,84.48999786376953,84.87000274658203,0
2026-04-16 02:00:00+00:00,84.88999938964844,85.58999633789062,84.7300033569336,85.12999725341797,0
2026-04-16 03:00:00+00:00,85.11000061035156,85.51000213623047,85.11000061035156,85.30999755859375,53230592
2026-04-16 04:00:00+00:00,85.27999877929688,85.56999969482422,85.0199966430664,85.26000213623047,20121600
2026-04-16 05:00:00+00:00,85.25,85.54000091552734,85.08000183105469,85.41000366210938,0
2026-04-16 06:00:00+00:00,85.44000244140625,85.55999755859375,85.22000122070312,85.4800033569336,0
2026-04-16 07:00:00+00:00,85.4800033569336,85.6500015258789,85.1500015258789,85.2300033569336,0
2026-04-16 08:00:00+00:00,85.19999694824219,85.31999969482422,84.91000366210938,85.08000183105469,20631552
2026-04-16 09:00:00+00:00,85.01000213623047,85.52999877929688,84.98999786376953,85.22000122070312,21873664
2026-04-16 10:00:00+00:00,85.20999908447266,85.2699966430664,84.6500015258789,85.06999969482422,30119936
2026-04-16 11:00:00+00:00,85.0999984741211,85.16000366210938,84.97000122070312,85.0999984741211,0
2026-04-16 12:00:00+00:00,85.08000183105469,85.5,85.08000183105469,85.38999938964844,0
2026-04-16 13:00:00+00:00,85.38999938964844,86.26000213623047,83.91000366210938,84.79000091552734,138759168
2026-04-16 14:00:00+00:00,84.7699966430664,85.68000030517578,84.0999984741211,85.4000015258789,112658944
2026-04-16 15:00:00+00:00,85.41000366210938,87.05999755859375,85.33999633789062,86.6500015258789,268091392
2026-04-16 16:00:00+00:00,86.66000366210938,87.0999984741211,85.66999816894531,85.95999908447266,121761280
2026-04-16 17:00:00+00:00,85.94999694824219,86.80000305175781,85.77999877929688,86.68000030517578,26290688
2026-04-16 18:00:00+00:00,86.68000030517578,89.06999969482422,86.55999755859375,89.01000213623047,452047872
2026-04-16 19:00:00+00:00,89.12999725341797,90.16000366210938,88.70999908447266,90.12000274658203,365133824
2026-04-16 20:00:00+00:00,90.18000030517578,90.43000030517578,89.27999877929688,89.5999984741211,203444736
2026-04-16 21:00:00+00:00,89.5999984741211,89.76000213623047,88.76000213623047,88.94999694824219,94339584
2026-04-16 22:00:00+00:00,89.01000213623047,89.4800033569336,88.88999938964844,89.02999877929688,21693440
2026-04-16 23:00:00+00:00,89.01000213623047,89.2300033569336,88.8499984741211,89.08999633789062,4234752
2026-04-17 00:00:00+00:00,89.08999633789062,89.22000122070312,88.62999725341797,88.83000183105469,0
2026-04-17 01:00:00+00:00,88.83000183105469,89.04000091552734,87.94999694824219,88.26000213623047,57630208
2026-04-17 02:00:00+00:00,88.2699966430664,88.37999725341797,87.5999984741211,87.88999938964844,14196736
2026-04-17 03:00:00+00:00,87.88999938964844,87.9800033569336,87.51000213623047,87.73999786376953,0
2026-04-17 04:00:00+00:00,87.76000213623047,88.29000091552734,87.72000122070312,88.0199966430664,3987968
2026-04-17 05:00:00+00:00,88.02999877929688,88.02999877929688,87.44999694824219,87.45999908447266,21484544
2026-04-17 06:00:00+00:00,87.44000244140625,88.12000274658203,87.4000015258789,88.02999877929688,27830272
2026-04-17 07:00:00+00:00,88.08000183105469,88.48999786376953,87.98999786376953,88.1500015258789,26344960
2026-04-17 08:00:00+00:00,88.16000366210938,89.06999969482422,88.13999938964844,88.94000244140625,86083072
2026-04-17 09:00:00+00:00,88.95999908447266,89.52999877929688,88.36000061035156,88.73999786376953,143021568
2026-04-17 10:00:00+00:00,88.69000244140625,88.76000213623047,87.41000366210938,87.72000122070312,68695552
2026-04-17 11:00:00+00:00,87.69000244140625,88.36000061035156,87.66999816894531,88.23999786376953,74073600
2026-04-17 12:00:00+00:00,88.27999877929688,88.94999694824219,87.95999908447266,88.91000366210938,95379456
2026-04-17 13:00:00+00:00,88.81999969482422,90.56999969482422,88.63999938964844,90.12999725341797,771124224
2026-04-17 14:00:00+00:00,90.16999816894531,90.7699966430664,89.69000244140625,90.05000305175781,177225728
2026-04-17 15:00:00+00:00,90.04000091552734,90.22000122070312,89.54000091552734,90.0,0
2026-04-17 16:00:00+00:00,89.95999908447266,90.5199966430664,89.95999908447266,90.45999908447266,0
2026-04-17 17:00:00+00:00,90.43000030517578,90.44999694824219,89.13999938964844,89.79000091552734,27138560
2026-04-17 18:00:00+00:00,89.83000183105469,89.8499984741211,88.93000030517578,89.20999908447266,0
2026-04-17 19:00:00+00:00,89.2300033569336,89.54000091552734,88.9800033569336,89.31999969482422,0
2026-04-17 20:00:00+00:00,89.25,89.37999725341797,88.58000183105469,89.02999877929688,0
2026-04-17 21:00:00+00:00,89.04000091552734,89.30000305175781,88.83999633789062,89.16000366210938,0
2026-04-17 22:00:00+00:00,89.16000366210938,89.48999786376953,88.98999786376953,89.25,0
2026-04-17 23:00:00+00:00,89.2300033569336,89.2300033569336,88.54000091552734,88.80000305175781,0
2026-04-18 00:00:00+00:00,88.77999877929688,89.16999816894531,88.70999908447266,89.0,0
2026-04-18 01:00:00+00:00,89.01000213623047,89.19999694824219,88.75,88.91000366210938,0
2026-04-18 02:00:00+00:00,88.91000366210938,89.12999725341797,88.72000122070312,88.97000122070312,0
2026-04-18 03:00:00+00:00,88.94999694824219,88.94999694824219,88.27999877929688,88.33999633789062,0
2026-04-18 04:00:00+00:00,88.33000183105469,88.5999984741211,88.27999877929688,88.4000015258789,3254784
2026-04-18 05:00:00+00:00,88.37999725341797,88.69000244140625,88.22000122070312,88.44000244140625,519680
2026-04-18 06:00:00+00:00,88.44000244140625,88.66000366210938,88.3499984741211,88.55999755859375,0
2026-04-18 07:00:00+00:00,88.52999877929688,88.58999633789062,88.33999633789062,88.47000122070312,0
2026-04-18 08:00:00+00:00,88.48999786376953,88.54000091552734,87.12000274658203,87.55999755859375,40001536
2026-04-18 09:00:00+00:00,87.54000091552734,87.70999908447266,87.19000244140625,87.6500015258789,0
2026-04-18 10:00:00+00:00,87.63999938964844,87.66000366210938,86.79000091552734,86.98999786376953,0
2026-04-18 11:00:00+00:00,86.98999786376953,86.98999786376953,86.33000183105469,86.58000183105469,0
2026-04-18 12:00:00+00:00,86.58000183105469,87.0,86.55000305175781,86.94000244140625,0
2026-04-18 13:00:00+00:00,86.91999816894531,87.0199966430664,86.44999694824219,86.7699966430664,0
2026-04-18 14:00:00+00:00,86.79000091552734,86.9000015258789,86.5,86.86000061035156,0
2026-04-18 15:00:00+00:00,86.8499984741211,86.98999786376953,86.62999725341797,86.79000091552734,0
2026-04-18 16:00:00+00:00,86.77999877929688,86.97000122070312,86.5,86.72000122070312,0
2026-04-18 17:00:00+00:00,86.69000244140625,86.87999725341797,86.55000305175781,86.77999877929688,0
2026-04-18 18:00:00+00:00,86.79000091552734,86.79000091552734,85.86000061035156,86.01000213623047,0
2026-04-18 19:00:00+00:00,85.98999786376953,86.30999755859375,85.98999786376953,86.16000366210938,0
2026-04-18 20:00:00+00:00,86.16000366210938,86.3499984741211,86.05000305175781,86.20999908447266,0
2026-04-18 21:00:00+00:00,86.22000122070312,86.30000305175781,86.08000183105469,86.26000213623047,0
2026-04-18 22:00:00+00:00,86.2699966430664,86.38999938964844,85.97000122070312,86.33999633789062,0
2026-04-18 23:00:00+00:00,86.33999633789062,86.44000244140625,86.16000366210938,86.20999908447266,0
2026-04-19 00:00:00+00:00,86.19000244140625,86.41999816894531,85.9000015258789,86.05000305175781,0
2026-04-19 01:00:00+00:00,86.05000305175781,86.26000213623047,85.6500015258789,85.79000091552734,0
2026-04-19 02:00:00+00:00,85.79000091552734,85.9000015258789,85.33000183105469,85.58000183105469,35331328
2026-04-19 03:00:00+00:00,85.58000183105469,85.81999969482422,85.36000061035156,85.63999938964844,0
2026-04-19 04:00:00+00:00,85.63999938964844,85.98999786376953,85.25,85.62000274658203,5712640
2026-04-19 05:00:00+00:00,85.62000274658203,85.83000183105469,85.44000244140625,85.5199966430664,0
2026-04-19 06:00:00+00:00,85.47000122070312,85.69000244140625,85.19999694824219,85.48999786376953,30947072
2026-04-19 07:00:00+00:00,85.44999694824219,85.47000122070312,84.4800033569336,84.91999816894531,134755328
2026-04-19 08:00:00+00:00,84.87999725341797,85.18000030517578,84.63999938964844,84.83000183105469,0
2026-04-19 09:00:00+00:00,84.83000183105469,85.05999755859375,84.61000061035156,84.6500015258789,0
2026-04-19 10:00:00+00:00,84.62000274658203,84.91999816894531,84.4800033569336,84.81999969482422,0
2026-04-19 11:00:00+00:00,84.81999969482422,85.72000122070312,84.80000305175781,85.6500015258789,0
2026-04-19 12:00:00+00:00,85.66999816894531,85.93000030517578,85.58999633789062,85.83999633789062,644096
2026-04-19 13:00:00+00:00,85.80000305175781,86.95999908447266,85.80000305175781,86.36000061035156,123766016
2026-04-19 14:00:00+00:00,86.37000274658203,87.11000061035156,86.02999877929688,86.56999969482422,109782016
2026-04-19 15:00:00+00:00,86.55999755859375,86.70999908447266,85.6500015258789,86.38999938964844,89222400
2026-04-19 16:00:00+00:00,86.4000015258789,86.54000091552734,85.79000091552734,85.87999725341797,9163008
2026-04-19 17:00:00+00:00,85.86000061035156,86.0199966430664,85.05000305175781,85.16000366210938,99963136
2026-04-19 18:00:00+00:00,85.16000366210938,85.31999969482422,84.93000030517578,85.13999938964844,0
2026-04-19 19:00:00+00:00,85.18000030517578,85.58999633789062,85.18000030517578,85.36000061035156,23530752
2026-04-19 20:00:00+00:00,85.36000061035156,85.38999938964844,84.83000183105469,84.98999786376953,62137600
2026-04-19 21:00:00+00:00,84.95999908447266,85.2699966430664,84.66999816894531,84.73999786376953,34815232
2026-04-19 22:00:00+00:00,84.69000244140625,84.70999908447266,82.9800033569336,83.80000305175781,331137024
2026-04-19 23:00:00+00:00,83.79000091552734,83.80999755859375,83.37999725341797,83.4800033569336,81408512
2026-04-20 00:00:00+00:00,83.51000213623047,84.16000366210938,83.38999938964844,84.04000091552734,78323200
2026-04-20 01:00:00+00:00,84.06999969482422,84.58000183105469,83.98999786376953,84.38999938964844,54937600
2026-04-20 02:00:00+00:00,84.41999816894531,84.43000030517578,83.79000091552734,84.23999786376953,0
2026-04-20 03:00:00+00:00,84.26000213623047,84.6500015258789,84.16000366210938,84.62000274658203,14161920
2026-04-20 04:00:00+00:00,84.61000061035156,84.6500015258789,84.30000305175781,84.5999984741211,0
2026-04-20 05:00:00+00:00,84.5999984741211,84.61000061035156,83.77999877929688,83.88999938964844,2386432
2026-04-20 06:00:00+00:00,83.93000030517578,84.75,83.83000183105469,84.48999786376953,25362432
2026-04-20 07:00:00+00:00,84.56999969482422,85.7699966430664,84.4800033569336,84.76000213623047,12337152
2026-04-20 08:00:00+00:00,84.7699966430664,85.11000061035156,84.58999633789062,84.70999908447266,0
2026-04-20 09:00:00+00:00,84.69999694824219,85.29000091552734,84.68000030517578,85.11000061035156,0
2026-04-20 10:00:00+00:00,85.16000366210938,85.43000030517578,84.86000061035156,84.9000015258789,1338368
2026-04-20 11:00:00+00:00,84.9000015258789,85.38999938964844,84.80000305175781,85.12000274658203,0
2026-04-20 12:00:00+00:00,85.0999984741211,85.58000183105469,84.88999938964844,85.3499984741211,16539648
2026-04-20 13:00:00+00:00,85.36000061035156,85.55999755859375,84.91000366210938,85.37000274658203,0
2026-04-20 14:00:00+00:00,85.33999633789062,85.83000183105469,84.5999984741211,84.83000183105469,53152256
2026-04-20 15:00:00+00:00,84.83999633789062,85.9000015258789,84.48999786376953,85.88999938964844,89820672
2026-04-20 16:00:00+00:00,85.88999938964844,85.91999816894531,85.29000091552734,85.33000183105469,11119104
2026-04-20 17:00:00+00:00,85.3499984741211,86.13999938964844,85.29000091552734,85.7300033569336,0
2026-04-20 18:00:00+00:00,85.76000213623047,86.22000122070312,85.75,86.0999984741211,80623616
2026-04-20 19:00:00+00:00,86.12999725341797,86.13999938964844,85.80999755859375,85.81999969482422,3828736
2026-04-20 20:00:00+00:00,85.81999969482422,86.19999694824219,85.70999908447266,85.98999786376953,922112
2026-04-20 21:00:00+00:00,86.0,86.2300033569336,85.62999725341797,85.8499984741211,20541952
2026-04-20 22:00:00+00:00,85.8499984741211,86.08999633789062,85.6500015258789,85.7300033569336,0
2026-04-20 23:00:00+00:00,85.62999725341797,85.62999725341797,85.23999786376953,85.30999755859375,0
2026-04-21 00:00:00+00:00,85.33000183105469,85.79000091552734,85.27999877929688,85.70999908447266,0
2026-04-21 01:00:00+00:00,85.68000030517578,85.8499984741211,85.38999938964844,85.47000122070312,0
2026-04-21 02:00:00+00:00,85.47000122070312,85.48999786376953,85.22000122070312,85.31999969482422,0
2026-04-21 03:00:00+00:00,85.31999969482422,85.55999755859375,85.04000091552734,85.19999694824219,59257088
2026-04-21 04:00:00+00:00,85.20999908447266,85.48999786376953,85.05000305175781,85.47000122070312,32023040
2026-04-21 05:00:00+00:00,85.45999908447266,85.86000061035156,85.44999694824219,85.70999908447266,9019136
2026-04-21 06:00:00+00:00,85.73999786376953,85.94999694824219,85.19999694824219,85.70999908447266,1568512
2026-04-21 07:00:00+00:00,85.70999908447266,86.0,85.45999908447266,85.73999786376953,0
2026-04-21 08:00:00+00:00,85.73999786376953,86.41000366210938,85.66999816894531,85.83999633789062,0
2026-04-21 09:00:00+00:00,85.83000183105469,85.93000030517578,85.58000183105469,85.91000366210938,0
2026-04-21 10:00:00+00:00,85.94000244140625,86.3499984741211,85.88999938964844,86.19000244140625,0
2026-04-21 11:00:00+00:00,86.19999694824219,86.19999694824219,85.76000213623047,85.87999725341797,297728
2026-04-21 12:00:00+00:00,85.9000015258789,86.05000305175781,85.20999908447266,85.56999969482422,0
2026-04-21 13:00:00+00:00,85.58000183105469,85.87000274658203,85.33999633789062,85.86000061035156,68981760
2026-04-21 14:00:00+00:00,85.83999633789062,86.91999816894531,85.6500015258789,85.80999755859375,0
2026-04-21 15:00:00+00:00,85.83999633789062,86.30999755859375,85.43000030517578,86.06999969482422,0
2026-04-21 16:00:00+00:00,86.11000061035156,86.30000305175781,85.69000244140625,85.72000122070312,0
2026-04-21 17:00:00+00:00,85.69000244140625,85.80000305175781,84.79000091552734,85.33000183105469,72394752
2026-04-21 18:00:00+00:00,85.31999969482422,85.41000366210938,84.75,85.26000213623047,0
2026-04-21 19:00:00+00:00,85.26000213623047,85.72000122070312,84.33999633789062,84.58000183105469,62802688
2026-04-21 20:00:00+00:00,84.55999755859375,85.76000213623047,84.45999908447266,85.41999816894531,103937536
2026-04-21 21:00:00+00:00,85.47000122070312,85.58999633789062,85.05000305175781,85.18000030517578,0
2026-04-21 22:00:00+00:00,85.13999938964844,85.45999908447266,85.04000091552734,85.38999938964844,21367552
2026-04-21 23:00:00+00:00,85.37999725341797,86.12000274658203,85.37999725341797,86.06999969482422,17503488
2026-04-22 00:00:00+00:00,86.11000061035156,86.55000305175781,86.02999877929688,86.52999877929688,54629888
2026-04-22 01:00:00+00:00,86.51000213623047,86.55000305175781,86.11000061035156,86.30000305175781,45924096
2026-04-22 02:00:00+00:00,86.31999969482422,87.58999633789062,86.2300033569336,87.44999694824219,212713216
2026-04-22 03:00:00+00:00,87.45999908447266,87.91000366210938,87.1500015258789,87.29000091552734,74105344
2026-04-22 04:00:00+00:00,87.33000183105469,87.37000274658203,86.98999786376953,87.08000183105469,0
2026-04-22 05:00:00+00:00,87.12000274658203,88.31999969482422,87.04000091552734,88.0199966430664,221291520
2026-04-22 06:00:00+00:00,87.97000122070312,88.19000244140625,87.81999969482422,87.9800033569336,65189376
2026-04-22 07:00:00+00:00,87.97000122070312,88.2300033569336,87.72000122070312,88.08000183105469,73317376
2026-04-22 08:00:00+00:00,88.11000061035156,88.30000305175781,87.63999938964844,88.01000213623047,28022272
2026-04-22 09:00:00+00:00,87.98999786376953,88.87000274658203,87.87000274658203,88.30999755859375,136343552
2026-04-22 10:00:00+00:00,88.31999969482422,88.4000015258789,88.16000366210938,88.36000061035156,2631168
2026-04-22 11:00:00+00:00,88.37000274658203,88.47000122070312,88.19999694824219,88.3499984741211,0
2026-04-22 12:00:00+00:00,88.3499984741211,88.69000244140625,88.23999786376953,88.61000061035156,25630720
2026-04-22 13:00:00+00:00,88.58999633789062,89.16999816894531,88.48999786376953,89.13999938964844,124130816
2026-04-22 14:00:00+00:00,89.19999694824219,89.3499984741211,88.55999755859375,88.77999877929688,85336576
2026-04-22 15:00:00+00:00,88.79000091552734,88.83000183105469,88.08999633789062,88.19999694824219,68183552
2026-04-22 16:00:00+00:00,88.2699966430664,88.5,87.58999633789062,87.68000030517578,65863168
2026-04-22 17:00:00+00:00,87.69000244140625,88.05000305175781,87.66999816894531,87.87000274658203,0
2026-04-22 18:00:00+00:00,87.87000274658203,88.41000366210938,87.83000183105469,87.83999633789062,0
2026-04-22 19:00:00+00:00,87.77999877929688,87.87000274658203,87.12000274658203,87.4000015258789,11490816
2026-04-22 20:00:00+00:00,87.41999816894531,87.52999877929688,87.11000061035156,87.13999938964844,0
2026-04-22 21:00:00+00:00,87.12999725341797,87.68000030517578,87.12999725341797,87.62999725341797,0
2026-04-22 22:00:00+00:00,87.58999633789062,87.75,87.33000183105469,87.47000122070312,0
2026-04-22 23:00:00+00:00,87.47000122070312,87.51000213623047,86.86000061035156,86.9000015258789,0
2026-04-23 00:00:00+00:00,86.91000366210938,87.1500015258789,86.04000091552734,86.88999938964844,78766080
2026-04-23 01:00:00+00:00,86.87999725341797,86.9000015258789,86.13999938964844,86.4800033569336,14085120
2026-04-23 02:00:00+00:00,86.47000122070312,86.4800033569336,85.75,85.9800033569336,0
2026-04-23 03:00:00+00:00,85.9800033569336,86.0999984741211,85.52999877929688,85.81999969482422,0
2026-04-23 04:00:00+00:00,85.7699966430664,86.0199966430664,85.68000030517578,86.0,20492800
2026-04-23 05:00:00+00:00,85.98999786376953,86.16000366210938,85.52999877929688,85.86000061035156,0
2026-04-23 06:00:00+00:00,85.88999938964844,86.2300033569336,85.86000061035156,86.19999694824219,0
2026-04-23 07:00:00+00:00,86.20999908447266,86.2300033569336,85.88999938964844,85.94000244140625,0
2026-04-23 08:00:00+00:00,85.94000244140625,85.9800033569336,85.56999969482422,85.70999908447266,0
2026-04-23 09:00:00+00:00,85.70999908447266,85.72000122070312,85.30000305175781,85.55000305175781,0
2026-04-23 10:00:00+00:00,85.5199966430664,85.62999725341797,85.25,85.44999694824219,26385920
2026-04-23 11:00:00+00:00,85.5,85.93000030517578,85.43000030517578,85.8499984741211,30321664
2026-04-23 12:00:00+00:00,85.86000061035156,86.11000061035156,85.7699966430664,85.98999786376953,0
2026-04-23 13:00:00+00:00,86.0,86.05999755859375,85.5999984741211,85.79000091552734,0
2026-04-23 14:00:00+00:00,85.7300033569336,86.19999694824219,85.58000183105469,86.08000183105469,0
2026-04-23 15:00:00+00:00,86.05999755859375,86.63999938964844,85.81999969482422,86.37000274658203,0
2026-04-23 16:00:00+00:00,86.36000061035156,86.43000030517578,85.80999755859375,85.83999633789062,0
2026-04-23 17:00:00+00:00,85.83999633789062,85.91000366210938,84.51000213623047,85.37999725341797,201695232
2026-04-23 18:00:00+00:00,85.37999725341797,85.69000244140625,85.29000091552734,85.31999969482422,146510336
2026-04-23 19:00:00+00:00,85.29000091552734,85.58000183105469,85.16999816894531,85.3499984741211,0
2026-04-23 20:00:00+00:00,85.3499984741211,85.86000061035156,85.30999755859375,85.63999938964844,61140992
2026-04-23 21:00:00+00:00,85.62999725341797,86.0199966430664,85.54000091552734,85.81999969482422,27790336
2026-04-23 22:00:00+00:00,85.83999633789062,86.27999877929688,85.83999633789062,86.02999877929688,37367808
2026-04-23 23:00:00+00:00,86.0,86.23999786376953,85.62999725341797,86.16000366210938,0
2026-04-24 00:00:00+00:00,86.19000244140625,86.4000015258789,86.08000183105469,86.2300033569336,0
2026-04-24 01:00:00+00:00,86.2300033569336,86.36000061035156,85.86000061035156,86.31999969482422,0
2026-04-24 02:00:00+00:00,86.27999877929688,86.4000015258789,85.81999969482422,85.91999816894531,0
2026-04-24 03:00:00+00:00,85.93000030517578,85.97000122070312,85.44999694824219,85.73999786376953,0
2026-04-24 04:00:00+00:00,85.7300033569336,85.75,85.19999694824219,85.3499984741211,0
2026-04-24 05:00:00+00:00,85.33000183105469,85.83000183105469,85.19000244140625,85.69999694824219,0
2026-04-24 06:00:00+00:00,85.7300033569336,85.76000213623047,85.33999633789062,85.44999694824219,0
2026-04-24 07:00:00+00:00,85.44000244140625,85.63999938964844,85.36000061035156,85.5199966430664,0
2026-04-24 08:00:00+00:00,85.5199966430664,85.75,85.30000305175781,85.37999725341797,0
2026-04-24 09:00:00+00:00,85.37000274658203,85.4800033569336,85.0,85.4800033569336,0
2026-04-24 10:00:00+00:00,85.36000061035156,85.77999877929688,85.22000122070312,85.76000213623047,0
2026-04-24 11:00:00+00:00,85.76000213623047,86.30000305175781,85.75,86.2300033569336,83508736
2026-04-24 12:00:00+00:00,86.2300033569336,86.80999755859375,86.12000274658203,86.37999725341797,88130560
2026-04-24 13:00:00+00:00,86.37000274658203,86.5999984741211,85.9000015258789,86.12000274658203,483328
2026-04-24 14:00:00+00:00,86.08000183105469,86.2699966430664,85.70999908447266,86.11000061035156,26603008
2026-04-24 15:00:00+00:00,86.0999984741211,86.5999984741211,85.56999969482422,86.55000305175781,0
2026-04-24 16:00:00+00:00,86.55999755859375,86.62000274658203,86.12999725341797,86.37999725341797,0
2026-04-24 17:00:00+00:00,86.36000061035156,86.58000183105469,86.16000366210938,86.51000213623047,0
2026-04-24 18:00:00+00:00,86.5199966430664,86.56999969482422,85.9800033569336,86.38999938964844,0
2026-04-24 19:00:00+00:00,86.44000244140625,86.55999755859375,86.2699966430664,86.38999938964844,0
2026-04-24 20:00:00+00:00,86.33000183105469,86.95999908447266,86.26000213623047,86.91000366210938,0
2026-04-24 21:00:00+00:00,86.88999938964844,86.9800033569336,86.43000030517578,86.5,5124096
2026-04-24 22:00:00+00:00,86.4800033569336,86.48999786376953,86.16999816894531,86.20999908447266,0
2026-04-24 23:00:00+00:00,86.23999786376953,86.33000183105469,86.19000244140625,86.22000122070312,0
2026-04-25 00:00:00+00:00,86.22000122070312,86.30000305175781,86.05000305175781,86.27999877929688,0
2026-04-25 01:00:00+00:00,86.27999877929688,86.38999938964844,86.16999816894531,86.30999755859375,0
2026-04-25 02:00:00+00:00,86.30999755859375,86.43000030517578,86.19999694824219,86.30000305175781,0
2026-04-25 03:00:00+00:00,86.33000183105469,86.52999877929688,86.30999755859375,86.5,0
2026-04-25 04:00:00+00:00,86.5199966430664,86.54000091552734,86.31999969482422,86.36000061035156,0
2026-04-25 05:00:00+00:00,86.33999633789062,86.33999633789062,86.16000366210938,86.2300033569336,0
2026-04-25 06:00:00+00:00,86.25,86.68000030517578,86.23999786376953,86.47000122070312,0
2026-04-25 07:00:00+00:00,86.44000244140625,86.54000091552734,86.27999877929688,86.38999938964844,0
2026-04-25 08:00:00+00:00,86.37000274658203,86.83000183105469,86.33000183105469,86.63999938964844,0
2026-04-25 09:00:00+00:00,86.66000366210938,86.79000091552734,86.58999633789062,86.5999984741211,0
2026-04-25 10:00:00+00:00,86.61000061035156,86.75,86.5999984741211,86.66000366210938,0
2026-04-25 11:00:00+00:00,86.6500015258789,86.6500015258789,86.27999877929688,86.4000015258789,0
2026-04-25 12:00:00+00:00,86.38999938964844,86.4800033569336,86.23999786376953,86.41999816894531,0
2026-04-25 13:00:00+00:00,86.41000366210938,86.69999694824219,86.41000366210938,86.62999725341797,0
2026-04-25 14:00:00+00:00,86.66000366210938,86.69000244140625,86.4800033569336,86.4800033569336,0
2026-04-25 15:00:00+00:00,86.47000122070312,86.66000366210938,86.20999908447266,86.25,0
2026-04-25 16:00:00+00:00,86.20999908447266,86.33999633789062,85.66999816894531,85.91999816894531,0
2026-04-25 17:00:00+00:00,85.88999938964844,85.9000015258789,85.56999969482422,85.56999969482422,0
2026-04-25 18:00:00+00:00,85.56999969482422,85.8499984741211,85.56999969482422,85.7300033569336,50857984
2026-04-25 19:00:00+00:00,85.69000244140625,85.75,85.5999984741211,85.70999908447266,7045888
2026-04-25 20:00:00+00:00,85.70999908447266,85.94999694824219,85.63999938964844,85.94000244140625,0
2026-04-25 21:00:00+00:00,85.94000244140625,86.12000274658203,85.7699966430664,85.93000030517578,0
2026-04-25 22:00:00+00:00,85.94000244140625,86.19999694824219,85.87999725341797,86.12000274658203,0
2026-04-25 23:00:00+00:00,86.13999938964844,86.19999694824219,86.05999755859375,86.19999694824219,0
2026-04-26 00:00:00+00:00,86.19999694824219,86.2300033569336,85.95999908447266,86.05000305175781,0
2026-04-26 01:00:00+00:00,86.05000305175781,86.13999938964844,86.0,86.01000213623047,0
2026-04-26 02:00:00+00:00,86.0,86.4000015258789,85.98999786376953,86.4000015258789,5600512
2026-04-26 03:00:00+00:00,86.45999908447266,86.45999908447266,85.86000061035156,86.0,56805376
2026-04-26 04:00:00+00:00,86.0,86.7300033569336,85.95999908447266,86.45999908447266,67202048
2026-04-26 05:00:00+00:00,86.45999908447266,86.70999908447266,86.19999694824219,86.45999908447266,95173632
2026-04-26 06:00:00+00:00,86.5,86.5999984741211,86.4000015258789,86.51000213623047,0
2026-04-26 07:00:00+00:00,86.5199966430664,86.66000366210938,86.45999908447266,86.6500015258789,0
2026-04-26 08:00:00+00:00,86.69000244140625,86.77999877929688,86.52999877929688,86.58999633789062,0
2026-04-26 09:00:00+00:00,86.58000183105469,86.61000061035156,86.4800033569336,86.55999755859375,0
2026-04-26 10:00:00+00:00,86.55000305175781,86.63999938964844,86.45999908447266,86.51000213623047,0
2026-04-26 11:00:00+00:00,86.52999877929688,86.66000366210938,86.48999786376953,86.51000213623047,0
2026-04-26 12:00:00+00:00,86.51000213623047,86.5199966430664,85.93000030517578,86.11000061035156,46003456
2026-04-26 13:00:00+00:00,86.11000061035156,86.2699966430664,85.98999786376953,86.1500015258789,68667648
2026-04-26 14:00:00+00:00,86.13999938964844,86.51000213623047,86.08000183105469,86.43000030517578,34843136
2026-04-26 15:00:00+00:00,86.44999694824219,86.61000061035156,86.37999725341797,86.58000183105469,19428608
2026-04-26 16:00:00+00:00,86.58999633789062,86.62000274658203,86.41999816894531,86.44999694824219,0
2026-04-26 17:00:00+00:00,86.43000030517578,86.61000061035156,86.30000305175781,86.56999969482422,0
2026-04-26 18:00:00+00:00,86.55999755859375,86.93000030517578,86.45999908447266,86.83999633789062,0
2026-04-26 19:00:00+00:00,86.87999725341797,87.16999816894531,86.69999694824219,86.91000366210938,39385856
2026-04-26 20:00:00+00:00,86.93000030517578,86.95999908447266,86.63999938964844,86.73999786376953,28002304
2026-04-26 21:00:00+00:00,86.73999786376953,87.1500015258789,86.27999877929688,86.86000061035156,60583424
2026-04-26 22:00:00+00:00,86.80999755859375,87.31999969482422,86.37999725341797,86.7699966430664,139347712
2026-04-26 23:00:00+00:00,86.69999694824219,87.16999816894531,86.55000305175781,86.94999694824219,56654336
2026-04-27 00:00:00+00:00,86.95999908447266,87.33999633789062,86.58000183105469,87.30999755859375,211959552
2026-04-27 01:00:00+00:00,87.4000015258789,87.87999725341797,87.30000305175781,87.83999633789062,268277760
2026-04-27 02:00:00+00:00,87.88999938964844,88.08000183105469,87.37999725341797,87.81999969482422,89740800
2026-04-27 03:00:00+00:00,87.77999877929688,88.08999633789062,87.72000122070312,87.73999786376953,21020416
2026-04-27 04:00:00+00:00,87.75,87.83999633789062,87.44999694824219,87.54000091552734,0
2026-04-27 05:00:00+00:00,87.55000305175781,87.55999755859375,85.81999969482422,85.98999786376953,200389888
2026-04-27 06:00:00+00:00,85.93000030517578,86.06999969482422,85.47000122070312,85.75,139614464
2026-04-27 07:00:00+00:00,85.73999786376953,85.80999755859375,85.25,85.2699966430664,107855616
2026-04-27 08:00:00+00:00,85.29000091552734,85.51000213623047,85.06999969482422,85.5,102550272
2026-04-27 09:00:00+00:00,85.51000213623047,85.62000274658203,85.16000366210938,85.47000122070312,129317376
2026-04-27 10:00:00+00:00,85.47000122070312,85.58000183105469,85.1500015258789,85.19999694824219,112314880
2026-04-27 11:00:00+00:00,85.19999694824219,85.29000091552734,85.08000183105469,85.26000213623047,29279232
2026-04-27 12:00:00+00:00,85.26000213623047,85.27999877929688,84.94000244140625,85.11000061035156,0
2026-04-27 13:00:00+00:00,85.08000183105469,85.37000274658203,84.7300033569336,85.16000366210938,11644928
2026-04-27 14:00:00+00:00,85.13999938964844,85.81999969482422,85.0,85.20999908447266,121964544
2026-04-27 15:00:00+00:00,85.2300033569336,85.2300033569336,83.6500015258789,84.16000366210938,277325312
2026-04-27 16:00:00+00:00,84.12000274658203,84.37000274658203,84.04000091552734,84.26000213623047,77677568
2026-04-27 17:00:00+00:00,84.29000091552734,84.66000366210938,84.2699966430664,84.44999694824219,72923648
2026-04-27 18:00:00+00:00,84.41000366210938,84.68000030517578,84.38999938964844,84.55999755859375,0
2026-04-27 19:00:00+00:00,84.55000305175781,84.63999938964844,83.83999633789062,84.1500015258789,20392448
2026-04-27 20:00:00+00:00,84.16999816894531,84.33000183105469,84.13999938964844,84.27999877929688,17020928
2026-04-27 21:00:00+00:00,84.25,84.47000122070312,84.08999633789062,84.26000213623047,0
2026-04-27 22:00:00+00:00,84.26000213623047,84.58999633789062,84.19000244140625,84.5199966430664,0
2026-04-27 23:00:00+00:00,84.48999786376953,84.88999938964844,84.44000244140625,84.80000305175781,89600
2026-04-28 00:00:00+00:00,84.81999969482422,84.91999816894531,84.58000183105469,84.80999755859375,0
2026-04-28 01:00:00+00:00,84.80000305175781,84.86000061035156,84.38999938964844,84.38999938964844,0
2026-04-28 02:00:00+00:00,84.4000015258789,84.62999725341797,83.93000030517578,84.16999816894531,0
2026-04-28 03:00:00+00:00,84.16999816894531,84.18000030517578,84.01000213623047,84.16999816894531,0
2026-04-28 04:00:00+00:00,84.16999816894531,84.41000366210938,83.83000183105469,84.05999755859375,133014784
2026-04-28 05:00:00+00:00,84.08000183105469,84.43000030517578,84.06999969482422,84.18000030517578,0
2026-04-28 06:00:00+00:00,84.2300033569336,84.30999755859375,83.69999694824219,83.94999694824219,0
2026-04-28 07:00:00+00:00,83.93000030517578,84.05000305175781,83.6500015258789,84.01000213623047,0
2026-04-28 08:00:00+00:00,84.01000213623047,84.18000030517578,83.76000213623047,83.94999694824219,0
2026-04-28 09:00:00+00:00,83.94999694824219,83.95999908447266,83.43000030517578,83.63999938964844,0
2026-04-28 10:00:00+00:00,83.62999725341797,83.80999755859375,83.62999725341797,83.80000305175781,0
2026-04-28 11:00:00+00:00,83.80999755859375,83.83999633789062,83.29000091552734,83.4000015258789,2822656
2026-04-28 12:00:00+00:00,83.41000366210938,83.77999877929688,83.25,83.66999816894531,18227712
2026-04-28 13:00:00+00:00,83.69000244140625,83.9800033569336,83.18000030517578,83.52999877929688,2091264
2026-04-28 14:00:00+00:00,83.5,83.51000213623047,82.97000122070312,83.37999725341797,0
2026-04-28 15:00:00+00:00,83.41000366210938,83.5,83.19999694824219,83.44999694824219,0
2026-04-28 16:00:00+00:00,83.44999694824219,83.6500015258789,83.30000305175781,83.58000183105469,0
2026-04-28 17:00:00+00:00,83.58000183105469,83.79000091552734,83.3499984741211,83.61000061035156,0
2026-04-28 18:00:00+00:00,83.5999984741211,83.83000183105469,83.58999633789062,83.80000305175781,0
2026-04-28 19:00:00+00:00,83.79000091552734,84.01000213623047,83.69999694824219,83.87999725341797,0
2026-04-28 20:00:00+00:00,83.9000015258789,83.9800033569336,83.76000213623047,83.77999877929688,0
2026-04-28 21:00:00+00:00,83.77999877929688,83.94000244140625,83.62999725341797,83.70999908447266,0
2026-04-28 22:00:00+00:00,83.72000122070312,83.9000015258789,83.56999969482422,83.72000122070312,25126400
2026-04-28 23:00:00+00:00,83.70999908447266,84.13999938964844,83.63999938964844,84.05000305175781,12901376
2026-04-29 00:00:00+00:00,84.05000305175781,84.19999694824219,83.83000183105469,84.05999755859375,52483840
2026-04-29 01:00:00+00:00,84.04000091552734,84.19000244140625,83.80000305175781,84.08000183105469,10335232
2026-04-29 02:00:00+00:00,84.12000274658203,84.20999908447266,83.93000030517578,84.04000091552734,0
2026-04-29 03:00:00+00:00,84.04000091552734,84.70999908447266,84.04000091552734,84.58000183105469,46683904
2026-04-29 04:00:00+00:00,84.58999633789062,85.05000305175781,84.44999694824219,84.95999908447266,0
2026-04-29 05:00:00+00:00,84.94999694824219,85.01000213623047,84.70999908447266,84.83999633789062,9010176
2026-04-29 06:00:00+00:00,84.80999755859375,84.97000122070312,84.5199966430664,84.62000274658203,0
2026-04-29 07:00:00+00:00,84.62000274658203,84.83999633789062,84.58000183105469,84.69999694824219,0
2026-04-29 08:00:00+00:00,84.7300033569336,84.73999786376953,84.3499984741211,84.5,0
2026-04-29 09:00:00+00:00,84.48999786376953,85.47000122070312,84.45999908447266,85.27999877929688,89989888
2026-04-29 10:00:00+00:00,85.3499984741211,85.54000091552734,85.12000274658203,85.1500015258789,194300928
2026-04-29 11:00:00+00:00,85.12999725341797,85.16000366210938,84.79000091552734,84.91999816894531,62578688
2026-04-29 12:00:00+00:00,84.9000015258789,84.9000015258789,83.93000030517578,84.25,86590720
2026-04-29 13:00:00+00:00,84.22000122070312,84.27999877929688,83.63999938964844,83.98999786376953,22186496
2026-04-29 14:00:00+00:00,83.94000244140625,84.04000091552734,83.63999938964844,83.83000183105469,0
2026-04-29 15:00:00+00:00,83.83999633789062,83.9000015258789,82.98999786376953,83.23999786376953,101205504
2026-04-29 16:00:00+00:00,83.19000244140625,83.63999938964844,82.94000244140625,83.08999633789062,99953408
2026-04-29 17:00:00+00:00,83.12999725341797,83.30999755859375,82.70999908447266,83.30999755859375,69367808
2026-04-29 18:00:00+00:00,83.37999725341797,83.37999725341797,81.38999938964844,82.26000213623047,356342272
2026-04-29 19:00:00+00:00,82.26000213623047,82.30999755859375,81.95999908447266,82.1500015258789,96133120
2026-04-29 20:00:00+00:00,82.16999816894531,82.77999877929688,82.16999816894531,82.58999633789062,77297664
2026-04-29 21:00:00+00:00,82.55999755859375,83.1500015258789,82.51000213623047,82.86000061035156,60208640
2026-04-29 22:00:00+00:00,82.86000061035156,83.08999633789062,82.7699966430664,83.01000213623047,0
2026-04-29 23:00:00+00:00,83.02999877929688,83.08000183105469,82.77999877929688,83.0199966430664,0
2026-04-30 00:00:00+00:00,83.04000091552734,83.95999908447266,83.04000091552734,83.77999877929688,40819200
2026-04-30 01:00:00+00:00,83.76000213623047,83.94999694824219,83.62999725341797,83.72000122070312,29627392
2026-04-30 02:00:00+00:00,83.7300033569336,83.93000030517578,82.68000030517578,82.94000244140625,52695040
2026-04-30 03:00:00+00:00,82.94999694824219,83.19999694824219,82.8499984741211,83.0199966430664,0
2026-04-30 04:00:00+00:00,83.01000213623047,83.04000091552734,82.33999633789062,82.37000274658203,0
2026-04-30 05:00:00+00:00,82.37000274658203,82.75,82.13999938964844,82.54000091552734,0
2026-04-30 06:00:00+00:00,82.55000305175781,83.0,82.48999786376953,82.9000015258789,0
2026-04-30 07:00:00+00:00,82.91000366210938,83.33000183105469,82.87000274658203,83.30999755859375,60276736
2026-04-30 08:00:00+00:00,83.29000091552734,83.37999725341797,83.06999969482422,83.06999969482422,97660416
2026-04-30 09:00:00+00:00,83.06999969482422,83.5,83.02999877929688,83.11000061035156,0
2026-04-30 10:00:00+00:00,83.11000061035156,83.16999816894531,82.88999938964844,82.97000122070312,0
2026-04-30 11:00:00+00:00,82.98999786376953,83.30000305175781,82.75,82.97000122070312,0
2026-04-30 12:00:00+00:00,82.97000122070312,83.43000030517578,82.95999908447266,83.18000030517578,0
2026-04-30 13:00:00+00:00,83.19999694824219,83.5199966430664,82.86000061035156,83.18000030517578,0
2026-04-30 14:00:00+00:00,83.1500015258789,83.37000274658203,82.66000366210938,83.19000244140625,0
2026-04-30 15:00:00+00:00,83.20999908447266,83.80000305175781,83.0,83.30999755859375,0
2026-04-30 16:00:00+00:00,83.30999755859375,83.41000366210938,82.91999816894531,82.9800033569336,0
2026-04-30 17:00:00+00:00,82.97000122070312,83.08999633789062,82.83999633789062,82.98999786376953,0
2026-04-30 18:00:00+00:00,82.98999786376953,83.25,82.94999694824219,83.0199966430664,0
2026-04-30 19:00:00+00:00,83.0,83.25,82.9800033569336,83.08000183105469,0
2026-04-30 20:00:00+00:00,82.9800033569336,83.16000366210938,82.93000030517578,83.05000305175781,0
2026-04-30 21:00:00+00:00,83.05999755859375,83.0999984741211,82.83999633789062,82.83999633789062,0
2026-04-30 22:00:00+00:00,82.87000274658203,83.0,82.75,82.80999755859375,0
2026-04-30 23:00:00+00:00,82.83999633789062,83.05999755859375,82.80999755859375,83.04000091552734,0
2026-05-01 00:00:00+00:00,83.05000305175781,83.37999725341797,83.05000305175781,83.1500015258789,0
2026-05-01 01:00:00+00:00,83.16000366210938,83.63999938964844,83.1500015258789,83.56999969482422,0
2026-05-01 02:00:00+00:00,83.58000183105469,83.81999969482422,83.41999816894531,83.58999633789062,0
2026-05-01 03:00:00+00:00,83.56999969482422,84.3499984741211,83.52999877929688,83.87000274658203,77736192
2026-05-01 04:00:00+00:00,83.87999725341797,84.02999877929688,83.66000366210938,83.79000091552734,0
2026-05-01 05:00:00+00:00,83.80000305175781,84.20999908447266,83.73999786376953,84.0199966430664,502784
2026-05-01 06:00:00+00:00,84.02999877929688,84.16999816894531,83.69000244140625,83.81999969482422,0
2026-05-01 07:00:00+00:00,83.83999633789062,83.95999908447266,83.66000366210938,83.94000244140625,3210752
2026-05-01 08:00:00+00:00,83.94000244140625,84.2699966430664,83.87000274658203,84.16000366210938,0
2026-05-01 09:00:00+00:00,84.16000366210938,84.18000030517578,83.91000366210938,83.95999908447266,0
2026-05-01 10:00:00+00:00,83.93000030517578,84.08000183105469,83.70999908447266,83.94000244140625,0
2026-05-01 11:00:00+00:00,83.95999908447266,84.19000244140625,83.8499984741211,84.0,0
2026-05-01 12:00:00+00:00,84.0,84.55000305175781,83.88999938964844,84.2699966430664,48954112
2026-05-01 13:00:00+00:00,84.29000091552734,84.8499984741211,84.25,84.5999984741211,66611456
2026-05-01 14:00:00+00:00,84.61000061035156,84.69999694824219,83.87999725341797,84.19999694824219,69722624
2026-05-01 15:00:00+00:00,84.19000244140625,84.62000274658203,84.0,84.44999694824219,7056128
2026-05-01 16:00:00+00:00,84.48999786376953,84.62000274658203,83.97000122070312,84.0,68237568
2026-05-01 17:00:00+00:00,83.9800033569336,84.26000213623047,83.91000366210938,84.20999908447266,15254784
2026-05-01 18:00:00+00:00,84.2300033569336,84.30000305175781,83.97000122070312,83.97000122070312,1980160
2026-05-01 19:00:00+00:00,83.97000122070312,84.05000305175781,83.77999877929688,83.87999725341797,4145664
2026-05-01 20:00:00+00:00,83.88999938964844,83.91999816894531,83.33000183105469,83.4800033569336,30512896
2026-05-01 21:00:00+00:00,83.47000122070312,83.79000091552734,83.41999816894531,83.70999908447266,43585536
2026-05-01 22:00:00+00:00,83.7300033569336,83.87999725341797,83.58000183105469,83.75,10251264
2026-05-01 23:00:00+00:00,83.70999908447266,83.87000274658203,83.54000091552734,83.76000213623047,46597632
2026-05-02 00:00:00+00:00,83.75,83.87000274658203,83.44000244140625,83.83000183105469,0
2026-05-02 01:00:00+00:00,83.79000091552734,84.04000091552734,83.76000213623047,84.04000091552734,0
2026-05-02 02:00:00+00:00,84.02999877929688,84.16999816894531,83.86000061035156,83.93000030517578,0
2026-05-02 03:00:00+00:00,83.91999816894531,83.97000122070312,83.7300033569336,83.80000305175781,0
2026-05-02 04:00:00+00:00,83.80999755859375,83.81999969482422,83.55000305175781,83.62999725341797,0
2026-05-02 05:00:00+00:00,83.62999725341797,83.7300033569336,83.52999877929688,83.68000030517578,0
2026-05-02 06:00:00+00:00,83.69000244140625,83.81999969482422,83.55999755859375,83.80999755859375,0
2026-05-02 07:00:00+00:00,83.80999755859375,83.83999633789062,83.69999694824219,83.70999908447266,0
2026-05-02 08:00:00+00:00,83.69999694824219,83.86000061035156,83.62000274658203,83.80999755859375,0
2026-05-02 09:00:00+00:00,83.83000183105469,84.12999725341797,83.80999755859375,84.0,0
2026-05-02 10:00:00+00:00,83.98999786376953,84.0,83.86000061035156,83.93000030517578,0
2026-05-02 11:00:00+00:00,83.88999938964844,83.9000015258789,83.52999877929688,83.68000030517578,3819776
2026-05-02 12:00:00+00:00,83.69000244140625,84.08000183105469,83.66999816894531,83.8499984741211,0
2026-05-02 13:00:00+00:00,83.8499984741211,84.05000305175781,83.8499984741211,83.93000030517578,0
2026-05-02 14:00:00+00:00,83.93000030517578,84.08000183105469,83.9000015258789,83.95999908447266,0
2026-05-02 15:00:00+00:00,83.95999908447266,84.05000305175781,83.91000366210938,84.0199966430664,0
2026-05-02 16:00:00+00:00,84.04000091552734,84.26000213623047,84.0,84.18000030517578,0
2026-05-02 17:00:00+00:00,84.16999816894531,84.18000030517578,84.0,84.02999877929688,0
2026-05-02 18:00:00+00:00,84.02999877929688,84.19000244140625,83.93000030517578,84.16999816894531,0
2026-05-02 19:00:00+00:00,84.18000030517578,84.29000091552734,84.1500015258789,84.19999694824219,0
2026-05-02 20:00:00+00:00,84.22000122070312,84.22000122070312,84.0999984741211,84.18000030517578,0
2026-05-02 21:00:00+00:00,84.19999694824219,84.94000244140625,84.1500015258789,84.54000091552734,48883456
2026-05-02 22:00:00+00:00,84.55000305175781,84.62999725341797,84.06999969482422,84.44000244140625,33533696
2026-05-02 23:00:00+00:00,84.43000030517578,84.5,84.23999786376953,84.25,165888
2026-05-03 00:00:00+00:00,84.27999877929688,84.30999755859375,83.83999633789062,84.08999633789062,41831936
2026-05-03 01:00:00+00:00,84.08999633789062,84.08999633789062,83.72000122070312,83.73999786376953,20915200
2026-05-03 02:00:00+00:00,83.69999694824219,83.80000305175781,83.5999984741211,83.66999816894531,0
2026-05-03 03:00:00+00:00,83.66999816894531,83.73999786376953,83.56999969482422,83.66000366210938,0
2026-05-03 04:00:00+00:00,83.6500015258789,83.7300033569336,83.56999969482422,83.69000244140625,94185472
2026-05-03 05:00:00+00:00,83.69000244140625,83.83000183105469,83.66000366210938,83.75,0
2026-05-03 06:00:00+00:00,83.7300033569336,83.83999633789062,83.56999969482422,83.73999786376953,0
2026-05-03 07:00:00+00:00,83.7300033569336,84.01000213623047,83.7300033569336,83.87000274658203,27792128
2026-05-03 08:00:00+00:00,83.87000274658203,84.01000213623047,83.81999969482422,83.87000274658203,0
2026-05-03 09:00:00+00:00,83.88999938964844,84.08000183105469,83.86000061035156,84.04000091552734,1470208
2026-05-03 10:00:00+00:00,84.05000305175781,84.05000305175781,83.80000305175781,83.80000305175781,0
2026-05-03 11:00:00+00:00,83.77999877929688,84.16999816894531,83.7300033569336,83.94000244140625,13086464
2026-05-03 12:00:00+00:00,83.95999908447266,84.19999694824219,83.95999908447266,84.08000183105469,0
2026-05-03 13:00:00+00:00,84.0999984741211,84.19000244140625,83.97000122070312,84.08000183105469,0
2026-05-03 14:00:00+00:00,84.0999984741211,84.41999816894531,84.06999969482422,84.3499984741211,23599360
2026-05-03 15:00:00+00:00,84.3499984741211,84.41999816894531,84.08999633789062,84.13999938964844,23602944
2026-05-03 16:00:00+00:00,84.16999816894531,84.2699966430664,83.9800033569336,84.12999725341797,0
2026-05-03 17:00:00+00:00,84.12999725341797,84.29000091552734,83.9800033569336,84.18000030517578,5882368
2026-05-03 18:00:00+00:00,84.18000030517578,84.30999755859375,84.08999633789062,84.25,0
2026-05-03 19:00:00+00:00,84.25,84.47000122070312,84.2300033569336,84.36000061035156,16682496
2026-05-03 20:00:00+00:00,84.33999633789062,84.69999694824219,84.2300033569336,84.31999969482422,154131968
2026-05-03 21:00:00+00:00,84.33000183105469,84.44999694824219,83.87000274658203,84.12999725341797,0
2026-05-03 22:00:00+00:00,84.19999694824219,84.91999816894531,84.19000244140625,84.66999816894531,189059328
2026-05-03 23:00:00+00:00,84.66999816894531,84.77999877929688,83.86000061035156,83.88999938964844,53535488
2026-05-04 00:00:00+00:00,83.88999938964844,83.88999938964844,83.33999633789062,83.77999877929688,24773632
2026-05-04 01:00:00+00:00,83.77999877929688,84.86000061035156,83.41000366210938,84.73999786376953,131473664
2026-05-04 02:00:00+00:00,84.86000061035156,85.58999633789062,84.7300033569336,85.23999786376953,446095360
2026-05-04 03:00:00+00:00,85.2300033569336,85.56999969482422,85.0999984741211,85.4000015258789,164392960
2026-05-04 04:00:00+00:00,85.4000015258789,85.86000061035156,85.37000274658203,85.76000213623047,157780992
2026-05-04 05:00:00+00:00,85.76000213623047,85.79000091552734,85.33000183105469,85.37000274658203,134564096
2026-05-04 06:00:00+00:00,85.36000061035156,85.4000015258789,84.51000213623047,84.8499984741211,168245248
2026-05-04 07:00:00+00:00,84.8499984741211,85.0,84.66999816894531,84.87000274658203,25401600
2026-05-04 08:00:00+00:00,84.83999633789062,84.87999725341797,84.61000061035156,84.76000213623047,30841600
2026-05-04 09:00:00+00:00,84.75,85.18000030517578,84.66000366210938,85.0199966430664,44152832
2026-05-04 10:00:00+00:00,85.02999877929688,85.04000091552734,83.26000213623047,84.0199966430664,402486016
2026-05-04 11:00:00+00:00,84.0199966430664,84.12999725341797,83.83000183105469,83.94000244140625,96056832
2026-05-04 12:00:00+00:00,83.94999694824219,84.13999938964844,83.83000183105469,83.91999816894531,24321536
2026-05-04 13:00:00+00:00,83.87999725341797,84.31999969482422,83.62000274658203,83.98999786376953,105188352
2026-05-04 14:00:00+00:00,83.98999786376953,85.31999969482422,83.79000091552734,84.98999786376953,197565440
2026-05-04 15:00:00+00:00,85.0,85.16000366210938,83.98999786376953,84.4800033569336,310134272
2026-05-04 16:00:00+00:00,84.45999908447266,84.7699966430664,83.9800033569336,84.4800033569336,175376896
2026-05-04 17:00:00+00:00,84.51000213623047,85.16999816894531,84.47000122070312,84.94000244140625,124011008
2026-05-04 18:00:00+00:00,84.95999908447266,85.02999877929688,84.58000183105469,84.7300033569336,73445376
2026-05-04 19:00:00+00:00,84.73999786376953,84.73999786376953,84.3499984741211,84.43000030517578,28852736
2026-05-04 20:00:00+00:00,84.41000366210938,84.41000366210938,84.0199966430664,84.05999755859375,0
2026-05-04 21:00:00+00:00,84.05999755859375,84.5,84.05999755859375,84.41000366210938,0
2026-05-04 22:00:00+00:00,84.41999816894531,84.54000091552734,84.13999938964844,84.19999694824219,0
2026-05-04 23:00:00+00:00,84.19000244140625,84.22000122070312,84.01000213623047,84.08999633789062,0
2026-05-05 00:00:00+00:00,84.06999969482422,84.3499984741211,84.02999877929688,84.30000305175781,0
2026-05-05 01:00:00+00:00,84.30999755859375,84.45999908447266,84.13999938964844,84.41000366210938,0
2026-05-05 02:00:00+00:00,84.4000015258789,84.77999877929688,84.33000183105469,84.51000213623047,0
2026-05-05 03:00:00+00:00,84.51000213623047,84.94000244140625,84.4000015258789,84.77999877929688,0
2026-05-05 04:00:00+00:00,84.77999877929688,84.9000015258789,84.58999633789062,84.77999877929688,0
2026-05-05 05:00:00+00:00,84.76000213623047,85.11000061035156,84.70999908447266,84.91999816894531,0
2026-05-05 06:00:00+00:00,84.91999816894531,84.9800033569336,84.54000091552734,84.9800033569336,0
2026-05-05 07:00:00+00:00,84.9800033569336,85.05000305175781,84.7699966430664,84.87000274658203,41860608
2026-05-05 08:00:00+00:00,84.83999633789062,84.9000015258789,84.68000030517578,84.77999877929688,9399808
2026-05-05 09:00:00+00:00,84.77999877929688,84.77999877929688,84.44000244140625,84.54000091552734,0
2026-05-05 10:00:00+00:00,84.52999877929688,84.91999816894531,84.41999816894531,84.9000015258789,0
2026-05-05 11:00:00+00:00,84.91000366210938,85.0,84.70999908447266,84.9800033569336,0
2026-05-05 12:00:00+00:00,84.9800033569336,85.36000061035156,84.91000366210938,85.31999969482422,26332160
2026-05-05 13:00:00+00:00,85.36000061035156,86.08000183105469,85.36000061035156,85.62000274658203,210347264
2026-05-05 14:00:00+00:00,85.63999938964844,85.73999786376953,85.19000244140625,85.47000122070312,0
2026-05-05 15:00:00+00:00,85.45999908447266,85.87000274658203,85.3499984741211,85.5,0
2026-05-05 16:00:00+00:00,85.54000091552734,85.69999694824219,85.06999969482422,85.30000305175781,0
2026-05-05 17:00:00+00:00,85.30999755859375,85.5199966430664,85.12000274658203,85.45999908447266,0
2026-05-05 18:00:00+00:00,85.45999908447266,85.9000015258789,85.41999816894531,85.87999725341797,0
2026-05-05 19:00:00+00:00,85.88999938964844,86.56999969482422,85.83999633789062,86.5,139416320
2026-05-05 20:00:00+00:00,86.55000305175781,86.91000366210938,86.44000244140625,86.63999938964844,120280576
2026-05-05 21:00:00+00:00,86.66000366210938,86.88999938964844,86.27999877929688,86.75,102946560
2026-05-05 22:00:00+00:00,86.77999877929688,86.9800033569336,86.2300033569336,86.58000183105469,89143808
2026-05-05 23:00:00+00:00,86.55000305175781,86.66999816894531,86.16000366210938,86.27999877929688,55314432
2026-05-06 00:00:00+00:00,86.26000213623047,86.54000091552734,86.08999633789062,86.37000274658203,60686848
2026-05-06 01:00:00+00:00,86.37000274658203,86.9800033569336,86.30999755859375,86.8499984741211,54355968
2026-05-06 02:00:00+00:00,86.83000183105469,86.91000366210938,86.37999725341797,86.88999938964844,11778048
2026-05-06 03:00:00+00:00,86.87999725341797,87.44000244140625,86.87999725341797,87.31999969482422,88038400
2026-05-06 04:00:00+00:00,87.33000183105469,87.41000366210938,86.69999694824219,86.80000305175781,22587392
2026-05-06 05:00:00+00:00,86.83000183105469,87.45999908447266,86.75,87.4000015258789,13801472
2026-05-06 06:00:00+00:00,87.4000015258789,87.54000091552734,87.16000366210938,87.48999786376953,5954048
2026-05-06 07:00:00+00:00,87.48999786376953,87.87999725341797,87.44999694824219,87.69000244140625,12577280
2026-05-06 08:00:00+00:00,87.68000030517578,89.16999816894531,87.6500015258789,89.02999877929688,195869696
2026-05-06 09:00:00+00:00,89.0199966430664,89.5,88.5999984741211,89.47000122070312,311277568
2026-05-06 10:00:00+00:00,89.48999786376953,89.69000244140625,89.19999694824219,89.37999725341797,182885888
2026-05-06 11:00:00+00:00,89.33999633789062,90.0,89.33000183105469,89.87000274658203,168448512
2026-05-06 12:00:00+00:00,89.88999938964844,89.95999908447266,89.48999786376953,89.6500015258789,122817536
2026-05-06 13:00:00+00:00,89.58999633789062,89.58999633789062,88.11000061035156,88.33999633789062,14576128
2026-05-06 14:00:00+00:00,88.30999755859375,88.83999633789062,87.47000122070312,88.41000366210938,143096320
2026-05-06 15:00:00+00:00,88.38999938964844,89.05999755859375,88.31999969482422,88.97000122070312,40169472
2026-05-06 16:00:00+00:00,88.97000122070312,89.5,88.58999633789062,89.16999816894531,38525952
2026-05-06 17:00:00+00:00,89.16000366210938,89.41999816894531,88.63999938964844,88.83000183105469,70312960
2026-05-06 18:00:00+00:00,88.83999633789062,89.12999725341797,88.48999786376953,88.9800033569336,49236480
2026-05-06 19:00:00+00:00,89.0,89.31999969482422,88.88999938964844,89.2699966430664,0
2026-05-06 20:00:00+00:00,89.27999877929688,89.61000061035156,88.9000015258789,89.18000030517578,0
2026-05-06 21:00:00+00:00,89.18000030517578,89.58000183105469,89.06999969482422,89.47000122070312,0
2026-05-06 22:00:00+00:00,89.48999786376953,89.54000091552734,89.0199966430664,89.08000183105469,0
2026-05-06 23:00:00+00:00,89.05999755859375,89.18000030517578,88.68000030517578,89.1500015258789,34304
2026-05-07 00:00:00+00:00,89.1500015258789,89.26000213623047,88.25,88.33000183105469,0
2026-05-07 01:00:00+00:00,88.33000183105469,88.5199966430664,87.9000015258789,88.30000305175781,29825024
2026-05-07 02:00:00+00:00,88.30000305175781,88.36000061035156,87.87999725341797,88.1500015258789,8321536
2026-05-07 03:00:00+00:00,88.11000061035156,88.13999938964844,87.62000274658203,87.7699966430664,0
2026-05-07 04:00:00+00:00,87.73999786376953,88.37999725341797,87.70999908447266,88.37000274658203,0
2026-05-07 05:00:00+00:00,88.36000061035156,88.86000061035156,88.3499984741211,88.66000366210938,1020416
2026-05-07 06:00:00+00:00,88.63999938964844,89.2699966430664,88.2300033569336,89.2699966430664,24724480
2026-05-07 07:00:00+00:00,89.2699966430664,90.41999816894531,89.13999938964844,90.16999816894531,124994048
2026-05-07 08:00:00+00:00,90.18000030517578,90.26000213623047,89.48999786376953,89.5,0
2026-05-07 09:00:00+00:00,89.56999969482422,89.58999633789062,89.20999908447266,89.44999694824219,0
2026-05-07 10:00:00+00:00,89.41999816894531,89.5199966430664,88.73999786376953,89.1500015258789,0
2026-05-07 11:00:00+00:00,89.16999816894531,89.66999816894531,89.16999816894531,89.55999755859375,0
2026-05-07 12:00:00+00:00,89.51000213623047,90.05999755859375,89.51000213623047,89.76000213623047,0
2026-05-07 13:00:00+00:00,89.69999694824219,89.69999694824219,88.38999938964844,88.66999816894531,0
2026-05-07 14:00:00+00:00,88.69999694824219,88.91000366210938,87.86000061035156,88.1500015258789,0
2026-05-07 15:00:00+00:00,88.1500015258789,88.58000183105469,87.83000183105469,88.30999755859375,18672128
2026-05-07 16:00:00+00:00,88.27999877929688,88.77999877929688,88.0999984741211,88.44000244140625,3435008
2026-05-07 17:00:00+00:00,88.44999694824219,88.8499984741211,87.98999786376953,88.79000091552734,0
2026-05-07 18:00:00+00:00,88.79000091552734,89.05000305175781,88.23999786376953,88.58000183105469,0
2026-05-07 19:00:00+00:00,88.55000305175781,88.7300033569336,88.22000122070312,88.41000366210938,12136448
2026-05-07 20:00:00+00:00,88.44000244140625,88.79000091552734,88.02999877929688,88.05000305175781,0
2026-05-07 21:00:00+00:00,88.05999755859375,88.20999908447266,87.66000366210938,87.97000122070312,5937152
2026-05-07 22:00:00+00:00,87.94000244140625,88.20999908447266,87.69000244140625,88.08000183105469,56531456
2026-05-07 23:00:00+00:00,88.08000183105469,88.47000122070312,88.05000305175781,88.4000015258789,6656
2026-05-08 00:00:00+00:00,88.4800033569336,88.63999938964844,88.13999938964844,88.25,0
2026-05-08 01:00:00+00:00,88.25,88.38999938964844,87.93000030517578,87.93000030517578,0
2026-05-08 03:00:00+00:00,87.83042907714844,88.28922271728516,87.78956604003906,88.22529602050781,239460864
2026-05-08 04:00:00+00:00,88.2262191772461,88.32014465332031,88.0545883178711,88.15859985351562,0
2026-05-08 05:00:00+00:00,88.1567611694336,88.35358428955078,88.1194839477539,88.14095306396484,0
2026-05-08 06:00:00+00:00,88.12521362304688,88.18912506103516,87.86111450195312,87.96308898925781,22864896
2026-05-08 07:00:00+00:00,87.9734115600586,88.1348876953125,87.74479675292969,88.1348876953125,0
2026-05-08 08:00:00+00:00,88.14200592041016,88.55888366699219,88.09168243408203,88.43340301513672,0
2026-05-08 09:00:00+00:00,88.47333526611328,88.6581039428711,88.30451202392578,88.35401153564453,0
2026-05-08 10:00:00+00:00,88.36731719970703,88.69174194335938,88.36731719970703,88.67166137695312,0
2026-05-08 11:00:00+00:00,88.67037200927734,88.67166137695312,88.54389190673828,88.63427734375,0
2026-05-08 12:00:00+00:00,88.63871765136719,88.83999633789062,88.37999725341797,88.45999908447266,0
2026-05-08 13:00:00+00:00,88.4000015258789,88.55999755859375,88.01000213623047,88.27999877929688,0
2026-05-08 14:00:00+00:00,88.33000183105469,89.37000274658203,88.31999969482422,89.12999725341797,0
2026-05-08 15:00:00+00:00,89.1500015258789,89.58000183105469,88.41000366210938,89.56999969482422,0
2026-05-08 16:00:00+00:00,89.5999984741211,89.75,89.33999633789062,89.5999984741211,0
2026-05-08 17:00:00+00:00,89.58000183105469,91.9000015258789,89.55999755859375,91.62999725341797,303327744
2026-05-08 18:00:00+00:00,91.69999694824219,92.56999969482422,91.66000366210938,92.31999969482422,192548608
2026-05-08 19:00:00+00:00,92.31999969482422,92.79000091552734,92.04000091552734,92.5999984741211,127632384
2026-05-08 20:00:00+00:00,92.56999969482422,92.5999984741211,92.02999877929688,92.0999984741211,41278464
2026-05-08 21:00:00+00:00,92.11000061035156,92.38999938964844,91.73999786376953,92.30999755859375,9333760
2026-05-08 22:00:00+00:00,92.27999877929688,92.69999694824219,92.23999786376953,92.29000091552734,0
2026-05-08 23:00:00+00:00,92.30000305175781,92.30000305175781,91.75,92.0199966430664,16251392
2026-05-09 00:00:00+00:00,92.0199966430664,92.62000274658203,91.86000061035156,92.47000122070312,25228800
2026-05-09 01:00:00+00:00,92.47000122070312,93.83000183105469,92.44000244140625,93.54000091552734,196729344
2026-05-09 02:00:00+00:00,93.51000213623047,93.7699966430664,93.30999755859375,93.4800033569336,85785088
2026-05-09 03:00:00+00:00,93.5,93.7699966430664,93.41999816894531,93.63999938964844,4301312
2026-05-09 04:00:00+00:00,93.63999938964844,94.12000274658203,93.12999725341797,93.22000122070312,78098432
2026-05-09 05:00:00+00:00,93.23999786376953,93.7699966430664,92.83999633789062,93.7300033569336,111966208
2026-05-09 06:00:00+00:00,93.7300033569336,94.08999633789062,93.20999908447266,93.5199966430664,39074304
2026-05-09 07:00:00+00:00,93.54000091552734,93.98999786376953,93.33999633789062,93.73999786376953,0
2026-05-09 08:00:00+00:00,93.73999786376953,93.93000030517578,93.66000366210938,93.70999908447266,0
2026-05-09 09:00:00+00:00,93.69999694824219,93.69999694824219,93.08999633789062,93.29000091552734,0
2026-05-09 10:00:00+00:00,93.29000091552734,93.58000183105469,93.11000061035156,93.37999725341797,9302528
2026-05-09 11:00:00+00:00,93.36000061035156,93.68000030517578,93.31999969482422,93.62999725341797,0
2026-05-09 12:00:00+00:00,93.61000061035156,93.73999786376953,93.2699966430664,93.45999908447266,0
2026-05-09 13:00:00+00:00,93.44999694824219,93.45999908447266,93.05999755859375,93.45999908447266,0
2026-05-09 14:00:00+00:00,93.45999908447266,93.45999908447266,92.77999877929688,92.86000061035156,0
2026-05-09 15:00:00+00:00,92.8499984741211,93.0,92.41000366210938,93.0,0
2026-05-09 16:00:00+00:00,92.98999786376953,93.27999877929688,92.68000030517578,92.76000213623047,0
2026-05-09 17:00:00+00:00,92.80000305175781,93.45999908447266,92.77999877929688,93.22000122070312,0
2026-05-09 18:00:00+00:00,93.23999786376953,93.62999725341797,93.16000366210938,93.37000274658203,0
2026-05-09 19:00:00+00:00,93.37999725341797,93.58000183105469,93.20999908447266,93.51000213623047,0
2026-05-09 20:00:00+00:00,93.51000213623047,93.51000213623047,93.16000366210938,93.25,0
2026-05-09 21:00:00+00:00,93.2699966430664,93.54000091552734,93.2300033569336,93.4800033569336,0
2026-05-09 22:00:00+00:00,93.5,93.5199966430664,93.20999908447266,93.30999755859375,0
2026-05-09 23:00:00+00:00,93.31999969482422,93.4800033569336,93.04000091552734,93.11000061035156,0
2026-05-10 00:00:00+00:00,93.0999984741211,93.33999633789062,92.91000366210938,93.01000213623047,0
2026-05-10 01:00:00+00:00,93.04000091552734,93.04000091552734,92.5999984741211,92.97000122070312,0
2026-05-10 02:00:00+00:00,92.95999908447266,93.11000061035156,92.80999755859375,93.0199966430664,0
2026-05-10 03:00:00+00:00,93.02999877929688,93.48999786376953,93.01000213623047,93.41999816894531,36920576
2026-05-10 04:00:00+00:00,93.41000366210938,93.5,93.23999786376953,93.33999633789062,0
2026-05-10 05:00:00+00:00,93.33999633789062,93.5,93.2300033569336,93.33000183105469,0
2026-05-10 06:00:00+00:00,93.31999969482422,93.44999694824219,93.25,93.41000366210938,0
2026-05-10 07:00:00+00:00,93.41999816894531,93.66000366210938,93.36000061035156,93.44999694824219,0
2026-05-10 08:00:00+00:00,93.44000244140625,94.05000305175781,93.41999816894531,94.04000091552734,22796800
2026-05-10 09:00:00+00:00,94.06999969482422,94.76000213623047,94.06999969482422,94.30000305175781,63895808
2026-05-10 10:00:00+00:00,94.29000091552734,94.37999725341797,93.62999725341797,93.86000061035156,49020160
2026-05-10 11:00:00+00:00,93.86000061035156,93.98999786376953,93.0199966430664,93.55000305175781,85333248
2026-05-10 12:00:00+00:00,93.52999877929688,93.62000274658203,93.11000061035156,93.30999755859375,9676544
2026-05-10 13:00:00+00:00,93.27999877929688,93.91000366210938,93.20999908447266,93.73999786376953,0
2026-05-10 14:00:00+00:00,93.7300033569336,94.11000061035156,93.66999816894531,93.86000061035156,245091584
2026-05-10 15:00:00+00:00,93.87999725341797,94.69999694824219,93.87999725341797,94.51000213623047,47312640
2026-05-10 16:00:00+00:00,94.55000305175781,94.97000122070312,94.1500015258789,94.83999633789062,31648000
2026-05-10 17:00:00+00:00,94.86000061035156,96.48999786376953,94.8499984741211,96.48999786376953,244948992
2026-05-10 18:00:00+00:00,96.5,96.88999938964844,96.12000274658203,96.43000030517578,160623616
2026-05-10 19:00:00+00:00,96.38999938964844,96.86000061035156,95.75,96.47000122070312,121651456
2026-05-10 20:00:00+00:00,96.47000122070312,96.5999984741211,93.54000091552734,94.51000213623047,208378368
2026-05-10 21:00:00+00:00,94.4800033569336,95.58999633789062,94.4800033569336,95.06999969482422,200032256
2026-05-10 22:00:00+00:00,94.95999908447266,96.31999969482422,94.91000366210938,96.2300033569336,176755200
2026-05-10 23:00:00+00:00,96.3499984741211,96.80999755859375,95.95999908447266,96.44000244140625,168329728
2026-05-11 00:00:00+00:00,96.44999694824219,96.66000366210938,95.37000274658203,95.80000305175781,143196672
2026-05-11 01:00:00+00:00,95.80999755859375,96.37999725341797,95.37000274658203,96.05999755859375,144801792
2026-05-11 02:00:00+00:00,96.05000305175781,96.12999725341797,95.25,95.30000305175781,78193152
2026-05-11 03:00:00+00:00,95.31999969482422,95.33000183105469,94.4800033569336,94.76000213623047,55910912
2026-05-11 04:00:00+00:00,94.7699966430664,95.20999908447266,94.44000244140625,94.97000122070312,44473856
2026-05-11 05:00:00+00:00,94.95999908447266,95.8499984741211,94.94000244140625,95.69000244140625,81928192
2026-05-11 06:00:00+00:00,95.68000030517578,96.13999938964844,95.41999816894531,95.47000122070312,61650432
2026-05-11 07:00:00+00:00,95.44999694824219,95.55000305175781,95.1500015258789,95.33000183105469,51883520
2026-05-11 08:00:00+00:00,95.31999969482422,95.3499984741211,94.55999755859375,94.79000091552734,58480128
2026-05-11 09:00:00+00:00,94.7699966430664,95.33000183105469,94.7300033569336,95.29000091552734,0
2026-05-11 10:00:00+00:00,95.2699966430664,95.55999755859375,95.04000091552734,95.05999755859375,0
2026-05-11 11:00:00+00:00,95.06999969482422,95.47000122070312,94.91000366210938,95.23999786376953,0
2026-05-11 12:00:00+00:00,95.2699966430664,95.37999725341797,94.66000366210938,94.77999877929688,51765760
2026-05-11 13:00:00+00:00,94.77999877929688,95.41999816894531,94.55999755859375,95.19999694824219,95395328
2026-05-11 14:00:00+00:00,95.20999908447266,95.8499984741211,94.30999755859375,95.12999725341797,159568384
2026-05-11 15:00:00+00:00,95.12000274658203,96.77999877929688,94.8499984741211,96.77999877929688,169006592
2026-05-11 16:00:00+00:00,96.79000091552734,97.94999694824219,96.5,97.30999755859375,250142208
2026-05-11 17:00:00+00:00,97.41999816894531,97.91999816894531,96.87000274658203,97.75,0
2026-05-11 18:00:00+00:00,97.70999908447266,98.04000091552734,97.26000213623047,97.2699966430664,0
2026-05-11 19:00:00+00:00,97.30000305175781,98.33999633789062,97.02999877929688,98.19000244140625,3936256
2026-05-11 20:00:00+00:00,98.1500015258789,98.37999725341797,97.58000183105469,97.63999938964844,0
2026-05-11 21:00:00+00:00,97.62000274658203,97.7699966430664,97.30999755859375,97.4000015258789,0
2026-05-11 22:00:00+00:00,97.38999938964844,97.83000183105469,97.36000061035156,97.62999725341797,0
2026-05-11 23:00:00+00:00,97.61000061035156,97.61000061035156,97.08000183105469,97.33999633789062,0
2026-05-12 00:00:00+00:00,97.3499984741211,97.66000366210938,97.16000366210938,97.51000213623047,0
2026-05-12 01:00:00+00:00,97.5,97.6500015258789,95.52999877929688,96.26000213623047,609280
2026-05-12 02:00:00+00:00,96.2300033569336,96.69000244140625,96.16999816894531,96.54000091552734,17848832
2026-05-12 03:00:00+00:00,96.54000091552734,96.62999725341797,96.02999877929688,96.12000274658203,0
2026-05-12 04:00:00+00:00,96.08999633789062,96.4800033569336,96.05000305175781,96.33999633789062,0
2026-05-12 05:00:00+00:00,96.33000183105469,96.7300033569336,96.2300033569336,96.55000305175781,0
2026-05-12 06:00:00+00:00,96.5,96.9800033569336,96.13999938964844,96.18000030517578,0
2026-05-12 07:00:00+00:00,96.13999938964844,96.2699966430664,95.81999969482422,96.0199966430664,0
2026-05-12 08:00:00+00:00,95.98999786376953,96.11000061035156,95.44000244140625,95.62999725341797,0
2026-05-12 09:00:00+00:00,95.61000061035156,96.0199966430664,95.29000091552734,95.76000213623047,93108736
2026-05-12 10:00:00+00:00,95.73999786376953,95.94999694824219,94.83999633789062,94.95999908447266,40593920
2026-05-12 11:00:00+00:00,94.9800033569336,94.98999786376953,94.58999633789062,94.94999694824219,28404224
2026-05-12 12:00:00+00:00,94.93000030517578,95.48999786376953,94.37999725341797,95.19000244140625,92791808
2026-05-12 13:00:00+00:00,95.22000122070312,95.3499984741211,94.55999755859375,94.66000366210938,0
2026-05-12 14:00:00+00:00,94.63999938964844,95.19999694824219,94.37000274658203,94.5199966430664,0
2026-05-12 15:00:00+00:00,94.51000213623047,94.76000213623047,93.58999633789062,93.81999969482422,0
2026-05-12 16:00:00+00:00,93.80000305175781,94.2699966430664,93.58000183105469,93.80000305175781,0
2026-05-12 17:00:00+00:00,93.81999969482422,94.63999938964844,93.79000091552734,94.48999786376953,0
2026-05-12 18:00:00+00:00,94.4800033569336,94.76000213623047,94.31999969482422,94.52999877929688,0
2026-05-12 19:00:00+00:00,94.55000305175781,94.95999908447266,94.54000091552734,94.88999938964844,0
2026-05-12 20:00:00+00:00,94.9000015258789,94.97000122070312,94.5999984741211,94.7300033569336,0
2026-05-12 21:00:00+00:00,94.73999786376953,94.83000183105469,94.51000213623047,94.6500015258789,0
2026-05-12 22:00:00+00:00,94.66999816894531,95.0,94.61000061035156,94.6500015258789,0
2026-05-12 23:00:00+00:00,94.63999938964844,94.73999786376953,94.25,94.2699966430664,306176
2026-05-13 00:00:00+00:00,94.26000213623047,94.62000274658203,94.04000091552734,94.45999908447266,0
2026-05-13 01:00:00+00:00,94.44999694824219,95.43000030517578,94.44000244140625,95.16000366210938,0
2026-05-13 02:00:00+00:00,95.18000030517578,95.51000213623047,95.0,95.2300033569336,0
2026-05-13 03:00:00+00:00,95.19000244140625,95.54000091552734,95.05999755859375,95.54000091552734,0
2026-05-13 04:00:00+00:00,95.55000305175781,95.95999908447266,95.41000366210938,95.45999908447266,46530048
2026-05-13 05:00:00+00:00,95.47000122070312,95.48999786376953,95.05999755859375,95.2300033569336,24434688
2026-05-13 06:00:00+00:00,95.2300033569336,95.66999816894531,95.0999984741211,95.11000061035156,16018432
2026-05-13 07:00:00+00:00,95.0999984741211,95.29000091552734,94.86000061035156,95.12000274658203,0
2026-05-13 08:00:00+00:00,95.12000274658203,95.7300033569336,94.98999786376953,95.54000091552734,0
2026-05-13 09:00:00+00:00,95.55000305175781,95.8499984741211,95.54000091552734,95.69000244140625,0
2026-05-13 10:00:00+00:00,95.69000244140625,95.73999786376953,94.70999908447266,94.76000213623047,0
2026-05-13 11:00:00+00:00,94.73999786376953,94.80000305175781,94.2300033569336,94.30000305175781,22617600
2026-05-13 12:00:00+00:00,94.30000305175781,94.5999984741211,92.31999969482422,93.1500015258789,173148416
2026-05-13 13:00:00+00:00,93.18000030517578,93.41999816894531,91.93000030517578,92.26000213623047,123790080
2026-05-13 14:00:00+00:00,92.1500015258789,92.29000091552734,91.41000366210938,91.73999786376953,106861056
2026-05-13 15:00:00+00:00,91.75,91.88999938964844,90.2300033569336,90.38999938964844,2239744
2026-05-13 16:00:00+00:00,90.37999725341797,91.22000122070312,90.37999725341797,90.81999969482422,82015488
2026-05-13 17:00:00+00:00,90.86000061035156,91.0999984741211,90.68000030517578,90.86000061035156,52518400
2026-05-13 18:00:00+00:00,90.8499984741211,91.4000015258789,90.73999786376953,90.9000015258789,41617920
2026-05-13 19:00:00+00:00,90.9000015258789,90.98999786376953,90.44999694824219,90.9000015258789,1835520
2026-05-13 20:00:00+00:00,90.93000030517578,91.31999969482422,90.91999816894531,91.22000122070312,26288640
2026-05-13 21:00:00+00:00,91.23999786376953,91.23999786376953,90.73999786376953,90.87999725341797,42395136
2026-05-13 22:00:00+00:00,90.91000366210938,91.20999908447266,90.62000274658203,91.13999938964844,41595904
2026-05-13 23:00:00+00:00,91.13999938964844,91.29000091552734,91.0199966430664,91.13999938964844,10013184
2026-05-14 00:00:00+00:00,91.1500015258789,91.37999725341797,91.05000305175781,91.18000030517578,27189760
2026-05-14 01:00:00+00:00,91.12999725341797,91.30999755859375,90.95999908447266,91.11000061035156,0
2026-05-14 02:00:00+00:00,91.0999984741211,91.2300033569336,90.44000244140625,90.54000091552734,0
2026-05-14 03:00:00+00:00,90.55000305175781,90.75,89.80999755859375,89.9000015258789,95818240
2026-05-14 04:00:00+00:00,89.91999816894531,90.58000183105469,89.83000183105469,90.45999908447266,26797568
2026-05-14 05:00:00+00:00,90.41999816894531,91.41999816894531,90.38999938964844,91.25,15612928
2026-05-14 06:00:00+00:00,91.2699966430664,91.43000030517578,91.12999725341797,91.37999725341797,0
2026-05-14 07:00:00+00:00,91.33000183105469,91.58000183105469,90.66000366210938,90.8499984741211,119538176
2026-05-14 08:00:00+00:00,90.87000274658203,91.26000213623047,90.6500015258789,91.01000213623047,0
2026-05-14 09:00:00+00:00,91.05999755859375,91.11000061035156,90.54000091552734,90.81999969482422,0
2026-05-14 10:00:00+00:00,90.81999969482422,91.08999633789062,90.62999725341797,91.01000213623047,0
2026-05-14 11:00:00+00:00,91.01000213623047,91.06999969482422,90.58999633789062,90.61000061035156,0
2026-05-14 12:00:00+00:00,90.55999755859375,91.26000213623047,90.4800033569336,91.18000030517578,0
2026-05-14 13:00:00+00:00,91.18000030517578,91.44999694824219,90.7300033569336,90.7699966430664,0
2026-05-14 14:00:00+00:00,90.73999786376953,92.27999877929688,90.5999984741211,92.23999786376953,0
2026-05-14 15:00:00+00:00,92.26000213623047,93.22000122070312,91.91999816894531,93.1500015258789,0
2026-05-14 16:00:00+00:00,93.22000122070312,93.6500015258789,92.36000061035156,93.36000061035156,227072
2026-05-14 17:00:00+00:00,93.29000091552734,93.55999755859375,92.30999755859375,93.0199966430664,89655296
2026-05-14 18:00:00+00:00,93.0,93.63999938964844,92.68000030517578,93.43000030517578,21810944
2026-05-14 19:00:00+00:00,93.45999908447266,93.6500015258789,92.79000091552734,92.88999938964844,3532800
2026-05-14 20:00:00+00:00,92.88999938964844,92.97000122070312,92.36000061035156,92.7300033569336,2616576
2026-05-14 21:00:00+00:00,92.80999755859375,92.93000030517578,92.54000091552734,92.69999694824219,0
2026-05-14 22:00:00+00:00,92.72000122070312,92.91000366210938,92.61000061035156,92.6500015258789,0
2026-05-14 23:00:00+00:00,92.56999969482422,92.63999938964844,92.11000061035156,92.12999725341797,3758336
2026-05-15 00:00:00+00:00,92.13999938964844,92.63999938964844,92.08000183105469,92.41000366210938,0
2026-05-15 01:00:00+00:00,92.41999816894531,92.52999877929688,91.68000030517578,91.7300033569336,12268544
2026-05-15 02:00:00+00:00,91.70999908447266,92.41999816894531,91.47000122070312,92.33000183105469,134828032
2026-05-15 03:00:00+00:00,92.33000183105469,92.44000244140625,91.8499984741211,92.04000091552734,0
2026-05-15 04:00:00+00:00,92.02999877929688,92.02999877929688,91.26000213623047,91.26000213623047,0
2026-05-15 05:00:00+00:00,91.2699966430664,91.5199966430664,90.25,90.58999633789062,87121152
2026-05-15 06:00:00+00:00,90.5999984741211,91.06999969482422,90.47000122070312,90.98999786376953,46976768
2026-05-15 07:00:00+00:00,91.0199966430664,91.69999694824219,90.91999816894531,91.58000183105469,0
2026-05-15 08:00:00+00:00,91.56999969482422,91.61000061035156,90.95999908447266,91.23999786376953,28662528
2026-05-15 09:00:00+00:00,91.25,91.30000305175781,90.91000366210938,91.1500015258789,57879040
2026-05-15 10:00:00+00:00,91.16999816894531,91.55999755859375,90.9800033569336,91.44999694824219,22536960
2026-05-15 11:00:00+00:00,91.47000122070312,91.52999877929688,91.16999816894531,91.23999786376953,0
2026-05-15 12:00:00+00:00,91.25,91.26000213623047,90.54000091552734,90.66000366210938,3652352
2026-05-15 13:00:00+00:00,90.62999725341797,90.62999725341797,88.69000244140625,88.8499984741211,119765760
2026-05-15 14:00:00+00:00,88.8499984741211,89.5,88.52999877929688,89.0199966430664,62057472
2026-05-15 15:00:00+00:00,89.04000091552734,89.25,88.66999816894531,89.0,0
2026-05-15 16:00:00+00:00,89.0199966430664,89.62000274658203,88.7699966430664,89.47000122070312,0
2026-05-15 17:00:00+00:00,89.45999908447266,89.86000061035156,89.45999908447266,89.79000091552734,0
2026-05-15 18:00:00+00:00,89.77999877929688,90.05000305175781,89.44000244140625,89.75,0
2026-05-15 19:00:00+00:00,89.73999786376953,89.76000213623047,89.31999969482422,89.37999725341797,0
2026-05-15 20:00:00+00:00,89.37999725341797,89.45999908447266,89.05000305175781,89.2300033569336,0
2026-05-15 21:00:00+00:00,89.2300033569336,89.38999938964844,88.95999908447266,89.0,6397696
2026-05-15 22:00:00+00:00,89.01000213623047,89.30999755859375,88.97000122070312,89.27999877929688,0
2026-05-15 23:00:00+00:00,89.23999786376953,89.33999633789062,89.1500015258789,89.19000244140625,0
2026-05-16 00:00:00+00:00,89.19000244140625,89.37000274658203,89.08999633789062,89.16000366210938,0
2026-05-16 01:00:00+00:00,89.16999816894531,89.29000091552734,88.9000015258789,89.2300033569336,0
2026-05-16 02:00:00+00:00,89.2699966430664,89.33000183105469,88.91999816894531,89.16000366210938,0
2026-05-16 03:00:00+00:00,89.13999938964844,89.22000122070312,88.94999694824219,89.01000213623047,0
2026-05-16 04:00:00+00:00,88.9800033569336,89.01000213623047,88.16000366210938,88.80000305175781,29311488
2026-05-16 05:00:00+00:00,88.80999755859375,88.86000061035156,88.23999786376953,88.54000091552734,0
2026-05-16 06:00:00+00:00,88.52999877929688,88.62000274658203,87.80000305175781,87.97000122070312,0
2026-05-16 07:00:00+00:00,87.94000244140625,87.97000122070312,86.7300033569336,87.41000366210938,88551936
2026-05-16 08:00:00+00:00,87.4000015258789,87.58000183105469,87.33000183105469,87.43000030517578,0
2026-05-16 09:00:00+00:00,87.41999816894531,87.47000122070312,85.76000213623047,86.01000213623047,124016896
2026-05-16 10:00:00+00:00,86.01000213623047,86.11000061035156,85.48999786376953,85.95999908447266,78753536
2026-05-16 11:00:00+00:00,85.9800033569336,86.29000091552734,85.9800033569336,86.05999755859375,34842112
2026-05-16 12:00:00+00:00,86.04000091552734,86.38999938964844,85.95999908447266,86.22000122070312,0
2026-05-16 13:00:00+00:00,86.20999908447266,86.30000305175781,86.08000183105469,86.20999908447266,0
2026-05-16 14:00:00+00:00,86.2300033569336,86.58999633789062,86.02999877929688,86.36000061035156,0
2026-05-16 15:00:00+00:00,86.36000061035156,86.62000274658203,86.23999786376953,86.44999694824219,0
2026-05-16 16:00:00+00:00,86.44000244140625,86.73999786376953,86.33999633789062,86.5999984741211,0
2026-05-16 17:00:00+00:00,86.5999984741211,86.93000030517578,86.5999984741211,86.7699966430664,0
2026-05-16 18:00:00+00:00,86.7699966430664,86.93000030517578,86.5999984741211,86.79000091552734,0
2026-05-16 19:00:00+00:00,86.79000091552734,86.83000183105469,86.62999725341797,86.66000366210938,0
2026-05-16 20:00:00+00:00,86.69000244140625,86.87000274658203,86.6500015258789,86.6500015258789,0
2026-05-16 21:00:00+00:00,86.62999725341797,86.7300033569336,86.45999908447266,86.55999755859375,0
2026-05-16 22:00:00+00:00,86.52999877929688,86.66999816894531,86.41999816894531,86.51000213623047,0
2026-05-16 23:00:00+00:00,86.5,86.66000366210938,86.44999694824219,86.51000213623047,0
2026-05-17 00:00:00+00:00,86.5199966430664,86.69000244140625,85.93000030517578,86.05999755859375,0
2026-05-17 01:00:00+00:00,86.08999633789062,86.30000305175781,85.55000305175781,85.7300033569336,46802688
2026-05-17 02:00:00+00:00,85.72000122070312,86.19999694824219,85.72000122070312,85.97000122070312,38453760
2026-05-17 03:00:00+00:00,85.95999908447266,86.58000183105469,85.95999908447266,86.4800033569336,32836864
2026-05-17 04:00:00+00:00,86.44999694824219,86.93000030517578,86.44000244140625,86.81999969482422,0
2026-05-17 05:00:00+00:00,86.81999969482422,87.23999786376953,86.80999755859375,86.87000274658203,0
2026-05-17 06:00:00+00:00,86.87000274658203,86.9800033569336,86.69999694824219,86.80999755859375,0
2026-05-17 07:00:00+00:00,86.81999969482422,87.06999969482422,86.75,86.94999694824219,0
2026-05-17 08:00:00+00:00,86.95999908447266,86.9800033569336,86.55999755859375,86.77999877929688,0
2026-05-17 09:00:00+00:00,86.79000091552734,86.95999908447266,86.69000244140625,86.8499984741211,0
2026-05-17 10:00:00+00:00,86.8499984741211,87.20999908447266,86.77999877929688,86.97000122070312,0
2026-05-17 11:00:00+00:00,86.94999694824219,87.0,86.76000213623047,86.87000274658203,0
2026-05-17 12:00:00+00:00,86.87000274658203,86.97000122070312,86.66999816894531,86.73999786376953,0
2026-05-17 13:00:00+00:00,86.70999908447266,86.75,86.27999877929688,86.37000274658203,1065472
2026-05-17 14:00:00+00:00,86.37000274658203,86.43000030517578,85.95999908447266,86.27999877929688,991744
2026-05-17 15:00:00+00:00,86.23999786376953,86.45999908447266,86.1500015258789,86.41999816894531,0
2026-05-17 16:00:00+00:00,86.43000030517578,86.6500015258789,86.16999816894531,86.27999877929688,0
2026-05-17 17:00:00+00:00,86.29000091552734,86.33000183105469,85.9800033569336,86.22000122070312,10017792
2026-05-17 18:00:00+00:00,86.22000122070312,86.4000015258789,85.98999786376953,86.38999938964844,18794496
2026-05-17 19:00:00+00:00,86.38999938964844,86.88999938964844,86.37000274658203,86.75,9624064
2026-05-17 20:00:00+00:00,86.7699966430664,86.80999755859375,86.52999877929688,86.6500015258789,7851264
2026-05-17 21:00:00+00:00,86.62999725341797,86.93000030517578,86.55000305175781,86.88999938964844,0
2026-05-17 22:00:00+00:00,86.8499984741211,86.88999938964844,85.98999786376953,86.18000030517578,52061696
2026-05-17 23:00:00+00:00,86.12999725341797,86.16999816894531,83.47000122070312,85.19000244140625,369526784
2026-05-18 00:00:00+00:00,85.18000030517578,85.30999755859375,84.37999725341797,85.30999755859375,165706496
2026-05-18 01:00:00+00:00,85.2699966430664,85.41000366210938,84.5199966430664,84.94000244140625,33775616
2026-05-18 02:00:00+00:00,84.93000030517578,85.31999969482422,84.68000030517578,84.83000183105469,0
2026-05-18 03:00:00+00:00,84.91000366210938,85.20999908447266,84.66999816894531,84.80999755859375,21586432
2026-05-18 04:00:00+00:00,84.83999633789062,85.26000213623047,84.55999755859375,85.20999908447266,23150592
2026-05-18 05:00:00+00:00,85.2300033569336,85.33000183105469,84.62000274658203,84.81999969482422,45201920
2026-05-18 06:00:00+00:00,84.80999755859375,84.94000244140625,84.2699966430664,84.69000244140625,118953472
2026-05-18 07:00:00+00:00,84.7699966430664,84.95999908447266,84.37000274658203,84.7300033569336,39760896
2026-05-18 08:00:00+00:00,84.69999694824219,84.94999694824219,84.55999755859375,84.8499984741211,14010112
2026-05-18 09:00:00+00:00,84.8499984741211,84.87000274658203,84.41999816894531,84.44999694824219,0
2026-05-18 10:00:00+00:00,84.44000244140625,84.45999908447266,84.18000030517578,84.20999908447266,0
2026-05-18 11:00:00+00:00,84.26000213623047,85.25,84.04000091552734,84.93000030517578,60462336
2026-05-18 12:00:00+00:00,84.94000244140625,85.7300033569336,84.94000244140625,85.5199966430664,124221440
2026-05-18 13:00:00+00:00,85.51000213623047,85.51000213623047,84.30999755859375,84.6500015258789,92568576
2026-05-18 14:00:00+00:00,84.58999633789062,84.61000061035156,83.69000244140625,83.93000030517578,101511168
2026-05-18 15:00:00+00:00,83.88999938964844,84.33999633789062,83.55999755859375,84.13999938964844,117532416
2026-05-18 16:00:00+00:00,84.12000274658203,84.44000244140625,83.93000030517578,84.26000213623047,71695616
2026-05-18 17:00:00+00:00,84.26000213623047,84.62999725341797,84.18000030517578,84.33999633789062,8805888
2026-05-18 18:00:00+00:00,84.31999969482422,84.37000274658203,83.44000244140625,83.4800033569336,25290240
2026-05-18 19:00:00+00:00,83.44000244140625,85.13999938964844,83.44000244140625,84.94999694824219,151795712
2026-05-18 20:00:00+00:00,84.97000122070312,85.3499984741211,84.77999877929688,84.86000061035156,52101120
2026-05-18 21:00:00+00:00,84.87000274658203,85.5999984741211,84.7300033569336,85.52999877929688,67934208
2026-05-18 22:00:00+00:00,85.55999755859375,85.72000122070312,85.22000122070312,85.4000015258789,0
2026-05-18 23:00:00+00:00,85.38999938964844,85.58000183105469,85.20999908447266,85.30999755859375,0
2026-05-19 00:00:00+00:00,85.33000183105469,85.88999938964844,85.2699966430664,85.5199966430664,0
2026-05-19 01:00:00+00:00,85.5,85.54000091552734,84.83999633789062,84.83999633789062,0
2026-05-19 02:00:00+00:00,84.83000183105469,85.22000122070312,84.56999969482422,84.80000305175781,0
2026-05-19 03:00:00+00:00,84.7699966430664,85.18000030517578,84.68000030517578,85.01000213623047,0
2026-05-19 04:00:00+00:00,85.0199966430664,85.26000213623047,84.72000122070312,85.08999633789062,0
2026-05-19 05:00:00+00:00,85.08999633789062,85.22000122070312,84.41000366210938,85.12000274658203,0
2026-05-19 06:00:00+00:00,85.0999984741211,85.51000213623047,85.05000305175781,85.19999694824219,0
2026-05-19 07:00:00+00:00,85.16000366210938,85.55000305175781,85.05999755859375,85.44000244140625,0
2026-05-19 08:00:00+00:00,85.44000244140625,85.51000213623047,84.97000122070312,85.16000366210938,12742400
2026-05-19 09:00:00+00:00,85.1500015258789,85.23999786376953,84.43000030517578,84.69000244140625,34768896
2026-05-19 10:00:00+00:00,84.68000030517578,84.80999755859375,84.27999877929688,84.63999938964844,0
2026-05-19 11:00:00+00:00,84.66000366210938,84.75,84.16999816894531,84.31999969482422,0
2026-05-19 12:00:00+00:00,84.31999969482422,84.7300033569336,84.22000122070312,84.72000122070312,0
2026-05-19 13:00:00+00:00,84.72000122070312,85.0199966430664,84.30999755859375,84.7300033569336,0
2026-05-19 14:00:00+00:00,84.7300033569336,84.87000274658203,83.66999816894531,84.05000305175781,0
2026-05-19 15:00:00+00:00,84.0199966430664,84.47000122070312,83.94999694824219,84.30000305175781,0
2026-05-19 16:00:00+00:00,84.29000091552734,84.83000183105469,84.06999969482422,84.75,0
2026-05-19 17:00:00+00:00,84.7699966430664,84.91999816894531,84.4000015258789,84.5999984741211,116480
2026-05-19 18:00:00+00:00,84.5999984741211,84.7300033569336,84.18000030517578,84.29000091552734,0
2026-05-19 19:00:00+00:00,84.33000183105469,84.6500015258789,84.1500015258789,84.2699966430664,0
2026-05-19 20:00:00+00:00,84.2699966430664,84.51000213623047,84.22000122070312,84.44999694824219,0
2026-05-19 21:00:00+00:00,84.43000030517578,84.58000183105469,84.30999755859375,84.37000274658203,0
2026-05-19 22:00:00+00:00,84.3499984741211,84.3499984741211,83.94999694824219,84.04000091552734,0
2026-05-19 23:00:00+00:00,84.01000213623047,84.51000213623047,83.95999908447266,84.22000122070312,0
2026-05-20 00:00:00+00:00,84.20999908447266,84.31999969482422,83.86000061035156,84.13999938964844,0
2026-05-20 01:00:00+00:00,84.16000366210938,84.37999725341797,83.77999877929688,84.30000305175781,0
2026-05-20 02:00:00+00:00,84.29000091552734,84.41999816894531,83.8499984741211,83.91000366210938,0
2026-05-20 03:00:00+00:00,83.9000015258789,84.19000244140625,83.79000091552734,84.0199966430664,0
2026-05-20 04:00:00+00:00,84.0199966430664,84.12999725341797,83.80000305175781,84.12999725341797,0
2026-05-20 05:00:00+00:00,84.1500015258789,84.86000061035156,84.1500015258789,84.69000244140625,16661248
2026-05-20 06:00:00+00:00,84.69000244140625,84.94000244140625,84.63999938964844,84.88999938964844,0
2026-05-20 07:00:00+00:00,84.91999816894531,85.02999877929688,84.61000061035156,84.66999816894531,0
2026-05-20 08:00:00+00:00,84.68000030517578,85.05999755859375,84.62000274658203,84.88999938964844,0
2026-05-20 09:00:00+00:00,84.87999725341797,85.0,84.76000213623047,84.80000305175781,0
2026-05-20 10:00:00+00:00,84.80000305175781,85.12000274658203,84.80000305175781,84.88999938964844,0
2026-05-20 11:00:00+00:00,84.87999725341797,84.9800033569336,84.5199966430664,84.62999725341797,0
2026-05-20 12:00:00+00:00,84.5999984741211,85.23999786376953,84.52999877929688,85.0199966430664,12667648
2026-05-20 13:00:00+00:00,85.04000091552734,85.08000183105469,84.11000061035156,84.62000274658203,0
2026-05-20 14:00:00+00:00,84.62999725341797,86.04000091552734,84.29000091552734,85.80999755859375,86188032
2026-05-20 15:00:00+00:00,85.7699966430664,86.16000366210938,85.3499984741211,85.83999633789062,127472128
2026-05-20 16:00:00+00:00,85.87999725341797,86.72000122070312,85.47000122070312,86.4000015258789,268217856
2026-05-20 17:00:00+00:00,86.4000015258789,86.9800033569336,86.23999786376953,86.44000244140625,110529280
2026-05-20 18:00:00+00:00,86.45999908447266,86.5,85.61000061035156,85.75,142629376
2026-05-20 19:00:00+00:00,85.72000122070312,86.19999694824219,85.55000305175781,86.06999969482422,34902528
2026-05-20 20:00:00+00:00,86.08000183105469,86.1500015258789,85.4800033569336,86.05999755859375,18250240
2026-05-20 21:00:00+00:00,86.06999969482422,86.2300033569336,85.87999725341797,85.88999938964844,11178752
2026-05-20 22:00:00+00:00,85.87999725341797,86.12999725341797,85.54000091552734,85.95999908447266,58229760
2026-05-20 23:00:00+00:00,85.87000274658203,86.08999633789062,85.77999877929688,86.08999633789062,24951552
2026-05-21 00:00:00+00:00,86.08999633789062,86.73999786376953,86.0199966430664,86.52999877929688,7582208
2026-05-21 01:00:00+00:00,86.55999755859375,86.94000244140625,86.36000061035156,86.45999908447266,32774656
2026-05-21 02:00:00+00:00,86.44000244140625,86.77999877929688,86.36000061035156,86.52999877929688,6862592
2026-05-21 03:00:00+00:00,86.5,86.83999633789062,86.44999694824219,86.76000213623047,42117632
2026-05-21 04:00:00+00:00,86.76000213623047,87.08999633789062,86.68000030517578,86.9000015258789,87090432
2026-05-21 05:00:00+00:00,86.87999725341797,87.01000213623047,86.2699966430664,86.41999816894531,6218240
2026-05-21 06:00:00+00:00,86.41999816894531,86.51000213623047,86.11000061035156,86.22000122070312,11062272
2026-05-21 07:00:00+00:00,86.19000244140625,86.6500015258789,86.16999816894531,86.55999755859375,12668928
2026-05-21 08:00:00+00:00,86.55999755859375,87.12000274658203,86.55000305175781,86.76000213623047,45788672
2026-05-21 09:00:00+00:00,86.73999786376953,86.95999908447266,86.37999725341797,86.4000015258789,36189952
2026-05-21 10:00:00+00:00,86.38999938964844,86.56999969482422,85.62999725341797,85.66000366210938,73827840
2026-05-21 11:00:00+00:00,85.66000366210938,85.86000061035156,85.4800033569336,85.5,42397440
2026-05-21 12:00:00+00:00,85.54000091552734,85.76000213623047,85.33999633789062,85.66000366210938,38680064
2026-05-21 13:00:00+00:00,85.6500015258789,86.02999877929688,85.2300033569336,85.97000122070312,38314240
2026-05-21 14:00:00+00:00,85.9800033569336,86.37999725341797,85.52999877929688,85.9000015258789,0
2026-05-21 15:00:00+00:00,85.94000244140625,86.79000091552734,85.83000183105469,86.37000274658203,0
2026-05-21 16:00:00+00:00,86.37999725341797,86.5,85.95999908447266,86.16999816894531,0
2026-05-21 17:00:00+00:00,86.20999908447266,87.87999725341797,86.08999633789062,87.52999877929688,232393216
2026-05-21 18:00:00+00:00,87.66000366210938,87.69999694824219,86.7300033569336,87.0,0
2026-05-21 19:00:00+00:00,87.0,87.7699966430664,87.0,87.73999786376953,30295552
2026-05-21 20:00:00+00:00,87.75,87.83000183105469,87.41999816894531,87.4800033569336,3277824
2026-05-21 21:00:00+00:00,87.48999786376953,87.62000274658203,87.23999786376953,87.2699966430664,14528256
2026-05-21 22:00:00+00:00,87.27999877929688,87.41000366210938,87.05999755859375,87.11000061035156,0
2026-05-21 23:00:00+00:00,87.08999633789062,87.30000305175781,86.93000030517578,87.26000213623047,0
2026-05-22 00:00:00+00:00,87.2699966430664,87.2699966430664,86.76000213623047,86.7699966430664,0
2026-05-22 01:00:00+00:00,86.73999786376953,87.0199966430664,86.54000091552734,86.98999786376953,0
2026-05-22 02:00:00+00:00,86.98999786376953,87.16000366210938,86.9000015258789,87.08000183105469,6276864
2026-05-22 03:00:00+00:00,87.08000183105469,87.2300033569336,86.83999633789062,86.94999694824219,0
2026-05-22 04:00:00+00:00,86.97000122070312,87.30000305175781,86.83999633789062,86.9000015258789,0
2026-05-22 05:00:00+00:00,86.9000015258789,87.05999755859375,86.68000030517578,86.7300033569336,0
2026-05-22 06:00:00+00:00,86.70999908447266,86.76000213623047,86.41999816894531,86.62000274658203,0
2026-05-22 07:00:00+00:00,86.62000274658203,87.05999755859375,86.44999694824219,86.88999938964844,44493568
2026-05-22 08:00:00+00:00,86.88999938964844,87.41999816894531,86.80999755859375,87.05000305175781,4188928
2026-05-22 09:00:00+00:00,87.0199966430664,87.30000305175781,86.95999908447266,87.18000030517578,0
2026-05-22 10:00:00+00:00,87.13999938964844,87.19000244140625,86.80000305175781,86.91000366210938,0
2026-05-22 11:00:00+00:00,86.91000366210938,87.25,86.62999725341797,87.23999786376953,0
2026-05-22 12:00:00+00:00,87.23999786376953,87.69000244140625,87.16999816894531,87.66999816894531,9752320
2026-05-22 13:00:00+00:00,87.69000244140625,87.7699966430664,87.0199966430664,87.30000305175781,0
2026-05-22 14:00:00+00:00,87.13999938964844,87.20999908447266,86.29000091552734,86.5199966430664,0
2026-05-22 15:00:00+00:00,86.45999908447266,86.87999725341797,86.20999908447266,86.66999816894531,0
2026-05-22 16:00:00+00:00,86.66999816894531,86.93000030517578,86.56999969482422,86.83000183105469,0
2026-05-22 17:00:00+00:00,86.83000183105469,87.08999633789062,86.41999816894531,86.55000305175781,0
2026-05-22 18:00:00+00:00,86.54000091552734,86.58999633789062,84.58999633789062,85.36000061035156,29689088
2026-05-22 19:00:00+00:00,85.33999633789062,85.52999877929688,83.98999786376953,84.45999908447266,155506688
2026-05-22 20:00:00+00:00,84.45999908447266,84.97000122070312,84.45999908447266,84.9000015258789,70545664
2026-05-22 21:00:00+00:00,84.87000274658203,85.19000244140625,84.83000183105469,85.06999969482422,0
2026-05-22 22:00:00+00:00,85.08999633789062,85.11000061035156,84.72000122070312,84.86000061035156,9929216
2026-05-22 23:00:00+00:00,84.87999725341797,85.05000305175781,83.91000366210938,84.29000091552734,11449088
2026-05-23 00:00:00+00:00,84.31999969482422,84.44000244140625,83.9800033569336,84.33000183105469,127118080
2026-05-23 01:00:00+00:00,84.3499984741211,84.54000091552734,84.20999908447266,84.41999816894531,0
2026-05-23 02:00:00+00:00,84.44999694824219,84.48999786376953,84.12999725341797,84.44000244140625,0
2026-05-23 03:00:00+00:00,84.41000366210938,84.6500015258789,84.38999938964844,84.58000183105469,14222848
2026-05-23 04:00:00+00:00,84.58000183105469,84.61000061035156,84.25,84.30999755859375,48837632
2026-05-23 05:00:00+00:00,84.31999969482422,84.37999725341797,84.08999633789062,84.36000061035156,0
2026-05-23 06:00:00+00:00,84.3499984741211,84.38999938964844,84.08999633789062,84.16000366210938,0
2026-05-23 07:00:00+00:00,84.16999816894531,84.22000122070312,81.4800033569336,82.13999938964844,275688960
2026-05-23 08:00:00+00:00,82.12999725341797,82.25,81.61000061035156,82.04000091552734,208089344
2026-05-23 09:00:00+00:00,82.02999877929688,82.0999984741211,81.88999938964844,81.91000366210938,18866944
2026-05-23 10:00:00+00:00,81.91000366210938,82.27999877929688,81.91000366210938,82.16000366210938,7565056
2026-05-23 11:00:00+00:00,82.16000366210938,82.37999725341797,82.13999938964844,82.20999908447266,0
2026-05-23 12:00:00+00:00,82.19999694824219,82.45999908447266,82.06999969482422,82.38999938964844,0
2026-05-23 13:00:00+00:00,82.38999938964844,83.31999969482422,82.38999938964844,83.12999725341797,23987712
2026-05-23 14:00:00+00:00,83.13999938964844,84.36000061035156,83.01000213623047,84.04000091552734,0
2026-05-23 15:00:00+00:00,84.05000305175781,84.43000030517578,83.55000305175781,84.0,55478272
2026-05-23 16:00:00+00:00,84.02999877929688,84.20999908447266,83.83000183105469,84.0199966430664,24804352
2026-05-23 17:00:00+00:00,84.0199966430664,84.26000213623047,83.93000030517578,84.11000061035156,0
2026-05-23 18:00:00+00:00,84.12000274658203,85.02999877929688,84.06999969482422,84.61000061035156,0
2026-05-23 19:00:00+00:00,84.63999938964844,85.01000213623047,84.5199966430664,84.86000061035156,0
2026-05-23 20:00:00+00:00,84.87000274658203,86.94999694824219,84.69999694824219,86.94999694824219,204726272
2026-05-23 21:00:00+00:00,87.0199966430664,87.33999633789062,85.88999938964844,86.16999816894531,179455744
2026-05-23 22:00:00+00:00,86.22000122070312,86.5,85.41999816894531,85.70999908447266,43071232
2026-05-23 23:00:00+00:00,85.61000061035156,85.83000183105469,85.55000305175781,85.63999938964844,0
2026-05-24 00:00:00+00:00,85.66999816894531,85.9000015258789,85.5199966430664,85.77999877929688,0
2026-05-24 01:00:00+00:00,85.80000305175781,86.12000274658203,85.7699966430664,85.91000366210938,0
2026-05-24 02:00:00+00:00,85.91000366210938,85.98999786376953,85.62999725341797,85.87000274658203,0
2026-05-24 03:00:00+00:00,85.86000061035156,86.01000213623047,85.5199966430664,85.73999786376953,0
2026-05-24 04:00:00+00:00,85.75,85.98999786376953,85.68000030517578,85.81999969482422,14137856
2026-05-24 05:00:00+00:00,85.81999969482422,86.05999755859375,85.4800033569336,86.04000091552734,11882496
2026-05-24 06:00:00+00:00,86.04000091552734,86.37000274658203,85.83000183105469,86.3499984741211,7557120
2026-05-24 07:00:00+00:00,86.36000061035156,86.56999969482422,85.91999816894531,85.97000122070312,0
2026-05-24 08:00:00+00:00,85.9800033569336,86.41000366210938,85.91000366210938,86.41000366210938,0
2026-05-24 09:00:00+00:00,86.4000015258789,86.83000183105469,86.30999755859375,86.43000030517578,18131968
2026-05-24 10:00:00+00:00,86.41999816894531,86.5999984741211,86.1500015258789,86.37999725341797,40120576
2026-05-24 11:00:00+00:00,86.38999938964844,86.79000091552734,86.3499984741211,86.55000305175781,59709184
2026-05-24 12:00:00+00:00,86.56999969482422,86.58000183105469,86.08000183105469,86.25,10969088
2026-05-24 13:00:00+00:00,86.27999877929688,86.3499984741211,85.62999725341797,85.80000305175781,0
2026-05-24 14:00:00+00:00,85.80000305175781,85.91000366210938,84.37999725341797,85.1500015258789,66778880
2026-05-24 15:00:00+00:00,85.16000366210938,85.33999633789062,85.06999969482422,85.20999908447266,0
2026-05-24 16:00:00+00:00,85.19999694824219,85.7300033569336,85.08999633789062,85.55000305175781,14576384
2026-05-24 17:00:00+00:00,85.52999877929688,85.68000030517578,85.37000274658203,85.55000305175781,0
2026-05-24 18:00:00+00:00,85.55999755859375,85.58000183105469,85.16000366210938,85.27999877929688,0
2026-05-24 19:00:00+00:00,85.29000091552734,85.4000015258789,85.12000274658203,85.26000213623047,0
2026-05-24 20:00:00+00:00,85.27999877929688,85.30999755859375,84.4800033569336,84.66999816894531,0
2026-05-24 21:00:00+00:00,84.66999816894531,84.87999725341797,83.58000183105469,83.8499984741211,0
2026-05-24 22:00:00+00:00,83.91000366210938,85.2300033569336,83.9000015258789,84.88999938964844,69183744
2026-05-24 23:00:00+00:00,84.88999938964844,85.4000015258789,84.88999938964844,85.16999816894531,17927680
2026-05-25 00:00:00+00:00,85.18000030517578,85.5199966430664,85.1500015258789,85.38999938964844,8110848
2026-05-25 01:00:00+00:00,85.41999816894531,85.5,84.7300033569336,84.76000213623047,0
2026-05-25 02:00:00+00:00,84.80000305175781,85.63999938964844,84.80000305175781,84.97000122070312,65503488
2026-05-25 03:00:00+00:00,84.95999908447266,85.06999969482422,84.69999694824219,84.83999633789062,26076160
2026-05-25 04:00:00+00:00,84.83999633789062,85.80000305175781,84.83000183105469,85.73999786376953,25115392
2026-05-25 05:00:00+00:00,85.76000213623047,86.05000305175781,85.6500015258789,85.88999938964844,40966144
2026-05-25 06:00:00+00:00,85.88999938964844,86.0199966430664,85.56999969482422,85.88999938964844,19309312
2026-05-25 07:00:00+00:00,85.9000015258789,86.05999755859375,85.5199966430664,85.87000274658203,3764224
2026-05-25 08:00:00+00:00,85.83000183105469,86.0,85.68000030517578,85.94999694824219,0
2026-05-25 09:00:00+00:00,85.93000030517578,86.12000274658203,85.83000183105469,85.83999633789062,0
2026-05-25 10:00:00+00:00,85.86000061035156,86.0199966430664,85.80000305175781,85.9800033569336,60318720
2026-05-25 11:00:00+00:00,85.95999908447266,86.06999969482422,85.63999938964844,85.69000244140625,0
2026-05-25 12:00:00+00:00,85.69000244140625,85.98999786376953,85.58000183105469,85.79000091552734,803840
2026-05-25 13:00:00+00:00,85.77999877929688,85.94999694824219,85.69000244140625,85.93000030517578,0
2026-05-25 14:00:00+00:00,85.93000030517578,86.37000274658203,85.8499984741211,86.26000213623047,0
2026-05-25 15:00:00+00:00,86.2699966430664,86.41999816894531,85.9800033569336,86.16999816894531,57329152
2026-05-25 16:00:00+00:00,86.16999816894531,86.3499984741211,85.9000015258789,86.19000244140625,0
2026-05-25 17:00:00+00:00,86.19999694824219,86.31999969482422,85.98999786376953,86.05999755859375,23906304
2026-05-25 18:00:00+00:00,86.0199966430664,86.2300033569336,85.81999969482422,85.83999633789062,0
2026-05-25 19:00:00+00:00,85.83000183105469,85.86000061035156,85.47000122070312,85.55999755859375,20985344
2026-05-25 20:00:00+00:00,85.55000305175781,85.80000305175781,85.2300033569336,85.33000183105469,0
2026-05-25 21:00:00+00:00,85.31999969482422,85.4800033569336,85.19999694824219,85.30000305175781,0
2026-05-25 22:00:00+00:00,85.29000091552734,85.45999908447266,84.62999725341797,84.73999786376953,0
2026-05-25 23:00:00+00:00,84.69999694824219,85.12999725341797,84.66000366210938,84.9800033569336,0
2026-05-26 00:00:00+00:00,84.98999786376953,84.98999786376953,83.83000183105469,84.30999755859375,1564928
2026-05-26 01:00:00+00:00,84.26000213623047,84.4800033569336,83.79000091552734,84.02999877929688,51703808
2026-05-26 02:00:00+00:00,84.06999969482422,84.1500015258789,83.83000183105469,83.94000244140625,0
2026-05-26 03:00:00+00:00,83.93000030517578,84.18000030517578,83.76000213623047,84.12999725341797,0
2026-05-26 04:00:00+00:00,84.16000366210938,84.43000030517578,83.91999816894531,84.27999877929688,32780032
2026-05-26 05:00:00+00:00,84.2699966430664,84.87000274658203,84.19000244140625,84.56999969482422,0
2026-05-26 06:00:00+00:00,84.54000091552734,84.73999786376953,84.33000183105469,84.5199966430664,0
2026-05-26 07:00:00+00:00,84.52999877929688,84.54000091552734,84.01000213623047,84.25,0
2026-05-26 08:00:00+00:00,84.26000213623047,84.47000122070312,84.23999786376953,84.36000061035156,4208896
2026-05-26 09:00:00+00:00,84.37999725341797,84.61000061035156,84.19999694824219,84.37999725341797,8415744
2026-05-26 10:00:00+00:00,84.33999633789062,85.69000244140625,84.2699966430664,85.47000122070312,130905600
2026-05-26 11:00:00+00:00,85.51000213623047,85.55999755859375,85.11000061035156,85.12999725341797,51216128
2026-05-26 12:00:00+00:00,85.12999725341797,85.31999969482422,84.7300033569336,85.22000122070312,53692160
2026-05-26 13:00:00+00:00,85.2300033569336,85.66000366210938,84.5999984741211,85.37999725341797,93348608
2026-05-26 14:00:00+00:00,85.4800033569336,86.02999877929688,84.70999908447266,85.13999938964844,155957248
2026-05-26 15:00:00+00:00,85.16999816894531,85.25,83.93000030517578,84.38999938964844,98222848
2026-05-26 16:00:00+00:00,84.38999938964844,84.45999908447266,83.8499984741211,84.12999725341797,112424704
2026-05-26 17:00:00+00:00,84.12999725341797,84.29000091552734,83.05000305175781,83.47000122070312,125481472
2026-05-26 18:00:00+00:00,83.44000244140625,83.95999908447266,83.3499984741211,83.47000122070312,68905216
2026-05-26 19:00:00+00:00,83.48999786376953,83.87000274658203,83.20999908447266,83.58999633789062,20562176
2026-05-26 20:00:00+00:00,83.66999816894531,83.83999633789062,83.58999633789062,83.80999755859375,3441664
2026-05-26 21:00:00+00:00,83.80999755859375,83.8499984741211,83.45999908447266,83.56999969482422,4034816
2026-05-26 22:00:00+00:00,83.58999633789062,83.75,83.41000366210938,83.54000091552734,0
2026-05-26 23:00:00+00:00,83.55999755859375,83.7300033569336,83.5199966430664,83.58000183105469,0
2026-05-27 00:00:00+00:00,83.62000274658203,84.05000305175781,83.5999984741211,84.0199966430664,0
2026-05-27 01:00:00+00:00,84.02999877929688,84.05999755859375,83.69000244140625,83.75,0
2026-05-27 02:00:00+00:00,83.75,83.80000305175781,83.43000030517578,83.80000305175781,0
2026-05-27 03:00:00+00:00,83.83999633789062,83.94999694824219,83.38999938964844,83.51000213623047,0
2026-05-27 04:00:00+00:00,83.4800033569336,83.55999755859375,82.81999969482422,83.5199966430664,40129536
2026-05-27 05:00:00+00:00,83.5199966430664,83.80000305175781,83.44999694824219,83.76000213623047,0
2026-05-27 06:00:00+00:00,83.7699966430664,83.93000030517578,83.62000274658203,83.91000366210938,0
2026-05-27 07:00:00+00:00,83.95999908447266,84.08000183105469,83.76000213623047,84.06999969482422,0
2026-05-27 08:00:00+00:00,84.06999969482422,84.27999877929688,83.77999877929688,83.80999755859375,11360000
2026-05-27 09:00:00+00:00,83.83000183105469,83.83999633789062,83.5,83.6500015258789,0
2026-05-27 10:00:00+00:00,83.62999725341797,83.95999908447266,83.54000091552734,83.86000061035156,0
2026-05-27 11:00:00+00:00,83.83000183105469,84.0999984741211,83.7699966430664,83.80000305175781,0
2026-05-27 12:00:00+00:00,83.81999969482422,84.51000213623047,83.44000244140625,83.80000305175781,7047680
2026-05-27 13:00:00+00:00,83.83999633789062,83.91999816894531,82.83000183105469,83.4800033569336,6941440
2026-05-27 14:00:00+00:00,83.51000213623047,83.94999694824219,83.0999984741211,83.7699966430664,0
2026-05-27 15:00:00+00:00,83.75,84.63999938964844,83.75,84.27999877929688,0
2026-05-27 16:00:00+00:00,84.29000091552734,84.58999633789062,83.73999786376953,84.02999877929688,0
2026-05-27 17:00:00+00:00,84.04000091552734,84.05999755859375,83.0199966430664,83.26000213623047,0
2026-05-27 18:00:00+00:00,83.23999786376953,83.83999633789062,83.05000305175781,83.79000091552734,0
2026-05-27 19:00:00+00:00,83.80999755859375,83.9800033569336,83.72000122070312,83.76000213623047,0
2026-05-27 20:00:00+00:00,83.76000213623047,83.97000122070312,83.61000061035156,83.6500015258789,0
2026-05-27 21:00:00+00:00,83.6500015258789,83.6500015258789,82.0,82.3499984741211,79148288
2026-05-27 22:00:00+00:00,82.37999725341797,82.86000061035156,82.16000366210938,82.31999969482422,102581248
2026-05-27 23:00:00+00:00,82.29000091552734,82.55999755859375,82.06999969482422,82.30000305175781,38673664
2026-05-28 00:00:00+00:00,82.2699966430664,82.5999984741211,82.2300033569336,82.58999633789062,3875840
2026-05-28 01:00:00+00:00,82.5999984741211,82.62999725341797,81.83000183105469,82.1500015258789,74263040
2026-05-28 02:00:00+00:00,82.19999694824219,82.30000305175781,81.9000015258789,81.97000122070312,54638336
2026-05-28 03:00:00+00:00,82.0,82.0999984741211,80.4000015258789,80.58000183105469,208008704
2026-05-28 04:00:00+00:00,80.58000183105469,80.81999969482422,79.94999694824219,80.76000213623047,150329088
2026-05-28 05:00:00+00:00,80.76000213623047,80.83999633789062,80.30999755859375,80.55999755859375,64069632
2026-05-28 06:00:00+00:00,80.54000091552734,80.94000244140625,80.4000015258789,80.81999969482422,34149376
2026-05-28 07:00:00+00:00,80.81999969482422,81.13999938964844,80.7300033569336,81.11000061035156,52636672
2026-05-28 08:00:00+00:00,81.1500015258789,81.1500015258789,80.69000244140625,80.8499984741211,0
2026-05-28 09:00:00+00:00,80.86000061035156,81.16999816894531,80.70999908447266,81.08999633789062,9738496
2026-05-28 10:00:00+00:00,81.08999633789062,81.19000244140625,80.61000061035156,80.61000061035156,20416000
2026-05-28 11:00:00+00:00,80.62000274658203,80.80000305175781,80.47000122070312,80.73999786376953,0
2026-05-28 12:00:00+00:00,80.73999786376953,81.11000061035156,80.45999908447266,81.01000213623047,0
2026-05-28 13:00:00+00:00,81.0,81.19999694824219,80.41000366210938,80.6500015258789,0
2026-05-28 14:00:00+00:00,80.66000366210938,81.48999786376953,79.87999725341797,81.05000305175781,77383424
2026-05-28 15:00:00+00:00,81.02999877929688,81.23999786376953,80.45999908447266,81.01000213623047,0
2026-05-28 16:00:00+00:00,80.9800033569336,82.05000305175781,80.79000091552734,81.94000244140625,19688448
2026-05-28 17:00:00+00:00,81.95999908447266,82.48999786376953,81.72000122070312,82.18000030517578,0
2026-05-28 18:00:00+00:00,82.1500015258789,82.87999725341797,82.12999725341797,82.77999877929688,43315456
2026-05-28 19:00:00+00:00,82.75,82.75,82.05000305175781,82.08000183105469,0
2026-05-28 20:00:00+00:00,82.08999633789062,82.4800033569336,81.69999694824219,82.18000030517578,17186304
2026-05-28 21:00:00+00:00,82.2300033569336,82.55000305175781,82.12000274658203,82.31999969482422,0
2026-05-28 22:00:00+00:00,82.30000305175781,82.51000213623047,81.80000305175781,81.91999816894531,0
2026-05-28 23:00:00+00:00,81.91999816894531,82.16000366210938,81.87999725341797,82.0,12800
2026-05-29 00:00:00+00:00,82.01000213623047,82.37000274658203,82.01000213623047,82.20999908447266,0
2026-05-29 01:00:00+00:00,82.20999908447266,82.37000274658203,81.93000030517578,82.08999633789062,0
2026-05-29 02:00:00+00:00,82.0999984741211,82.20999908447266,81.37000274658203,81.44000244140625,0
2026-05-29 03:00:00+00:00,81.52999877929688,81.83000183105469,81.4000015258789,81.5,0
2026-05-29 04:00:00+00:00,81.5,81.80999755859375,81.2699966430664,81.80000305175781,0
2026-05-29 05:00:00+00:00,81.80000305175781,82.06999969482422,81.70999908447266,81.95999908447266,0
2026-05-29 06:00:00+00:00,81.93000030517578,82.36000061035156,81.91000366210938,82.18000030517578,0
2026-05-29 07:00:00+00:00,82.16000366210938,82.33999633789062,81.80000305175781,82.12999725341797,0
2026-05-29 08:00:00+00:00,82.0999984741211,82.37000274658203,82.06999969482422,82.0999984741211,18625536
2026-05-29 09:00:00+00:00,82.12999725341797,82.5199966430664,82.08999633789062,82.33000183105469,0
2026-05-29 10:00:00+00:00,82.31999969482422,82.31999969482422,81.9800033569336,82.02999877929688,0
2026-05-29 11:00:00+00:00,82.02999877929688,82.0999984741211,81.41999816894531,81.66000366210938,5433344
2026-05-29 12:00:00+00:00,81.63999938964844,81.66999816894531,81.20999908447266,81.38999938964844,26964736
2026-05-29 13:00:00+00:00,81.36000061035156,81.58000183105469,80.98999786376953,81.30000305175781,0
2026-05-29 14:00:00+00:00,81.31999969482422,81.44000244140625,80.25,81.20999908447266,0
2026-05-29 15:00:00+00:00,81.23999786376953,83.08000183105469,81.0999984741211,82.45999908447266,259085056
2026-05-29 16:00:00+00:00,82.48999786376953,82.98999786376953,82.08999633789062,82.81999969482422,35708416
2026-05-29 17:00:00+00:00,82.80999755859375,83.0999984741211,82.55999755859375,82.66999816894531,43231744
2026-05-29 18:00:00+00:00,82.69999694824219,82.86000061035156,81.7300033569336,81.94999694824219,0
2026-05-29 19:00:00+00:00,81.94000244140625,82.2699966430664,81.47000122070312,81.97000122070312,23729152
2026-05-29 20:00:00+00:00,81.95999908447266,82.22000122070312,81.91000366210938,82.12000274658203,0
2026-05-29 21:00:00+00:00,82.11000061035156,82.27999877929688,81.5999984741211,81.5999984741211,5699840
2026-05-29 22:00:00+00:00,81.61000061035156,81.9000015258789,81.51000213623047,81.87000274658203,8314624
2026-05-29 23:00:00+00:00,81.8499984741211,81.9800033569336,81.66000366210938,81.93000030517578,21981952
2026-05-30 00:00:00+00:00,81.93000030517578,82.23999786376953,81.8499984741211,82.18000030517578,0
2026-05-30 01:00:00+00:00,82.20999908447266,82.80000305175781,82.0999984741211,82.70999908447266,22837504
2026-05-30 02:00:00+00:00,82.70999908447266,82.91000366210938,82.66000366210938,82.87000274658203,0
2026-05-30 03:00:00+00:00,82.86000061035156,82.9800033569336,82.52999877929688,82.55999755859375,0
2026-05-30 04:00:00+00:00,82.55999755859375,82.69000244140625,81.77999877929688,82.22000122070312,17314304
2026-05-30 05:00:00+00:00,82.19999694824219,82.5999984741211,82.11000061035156,82.48999786376953,29451776
2026-05-30 06:00:00+00:00,82.5,82.62000274658203,82.2699966430664,82.37999725341797,0
2026-05-30 07:00:00+00:00,82.37999725341797,82.41000366210938,82.16000366210938,82.2699966430664,0
2026-05-30 08:00:00+00:00,82.2699966430664,82.29000091552734,82.08999633789062,82.12000274658203,0
2026-05-30 09:00:00+00:00,82.12000274658203,82.29000091552734,82.0999984741211,82.23999786376953,0
2026-05-30 10:00:00+00:00,82.26000213623047,82.4000015258789,82.19999694824219,82.2699966430664,0
2026-05-30 11:00:00+00:00,82.25,82.43000030517578,82.11000061035156,82.22000122070312,0
2026-05-30 12:00:00+00:00,82.22000122070312,82.33000183105469,82.13999938964844,82.31999969482422,0
2026-05-30 13:00:00+00:00,82.31999969482422,82.43000030517578,82.13999938964844,82.37000274658203,0
2026-05-30 14:00:00+00:00,82.37999725341797,82.6500015258789,82.33000183105469,82.5199966430664,0
2026-05-30 15:00:00+00:00,82.56999969482422,82.79000091552734,82.37000274658203,82.56999969482422,0
2026-05-30 16:00:00+00:00,82.56999969482422,82.80999755859375,82.5,82.77999877929688,0
2026-05-30 17:00:00+00:00,82.7699966430664,82.93000030517578,82.55000305175781,82.93000030517578,0
2026-05-30 18:00:00+00:00,82.91000366210938,83.0199966430664,82.73999786376953,82.9000015258789,0
2026-05-30 19:00:00+00:00,82.9000015258789,82.91999816894531,82.66000366210938,82.87000274658203,0
2026-05-30 20:00:00+00:00,82.87000274658203,82.95999908447266,82.7300033569336,82.83999633789062,0
2026-05-30 21:00:00+00:00,82.8499984741211,83.02999877929688,82.79000091552734,82.9000015258789,0
2026-05-30 22:00:00+00:00,82.86000061035156,82.86000061035156,82.36000061035156,82.54000091552734,0
2026-05-30 23:00:00+00:00,82.52999877929688,82.7699966430664,82.4000015258789,82.61000061035156,0
2026-05-31 00:00:00+00:00,82.63999938964844,82.83000183105469,82.51000213623047,82.80999755859375,0
2026-05-31 01:00:00+00:00,82.80000305175781,83.0999984741211,82.80000305175781,82.88999938964844,0
2026-05-31 02:00:00+00:00,82.87999725341797,83.2699966430664,82.75,83.02999877929688,10962944
2026-05-31 03:00:00+00:00,83.02999877929688,83.20999908447266,82.9800033569336,83.11000061035156,0
2026-05-31 04:00:00+00:00,83.11000061035156,83.18000030517578,82.9800033569336,83.08999633789062,0
2026-05-31 05:00:00+00:00,83.06999969482422,83.0999984741211,82.87000274658203,82.9000015258789,0
2026-05-31 06:00:00+00:00,82.91999816894531,82.91999816894531,82.70999908447266,82.83999633789062,0
2026-05-31 07:00:00+00:00,82.80999755859375,82.81999969482422,82.4000015258789,82.54000091552734,1104256
2026-05-31 08:00:00+00:00,82.54000091552734,82.73999786376953,82.4800033569336,82.66999816894531,8960640
2026-05-31 09:00:00+00:00,82.66000366210938,82.93000030517578,82.52999877929688,82.62000274658203,4082048
2026-05-31 10:00:00+00:00,82.61000061035156,82.62000274658203,82.36000061035156,82.5999984741211,12451200
2026-05-31 11:00:00+00:00,82.5999984741211,82.7300033569336,82.55999755859375,82.6500015258789,0
2026-05-31 12:00:00+00:00,82.63999938964844,82.80999755859375,82.44999694824219,82.69999694824219,0
2026-05-31 13:00:00+00:00,82.69999694824219,83.0,82.54000091552734,82.63999938964844,0
2026-05-31 14:00:00+00:00,82.6500015258789,82.6500015258789,81.7699966430664,81.8499984741211,58025344
2026-05-31 15:00:00+00:00,81.83999633789062,82.16000366210938,81.73999786376953,81.77999877929688,0
2026-05-31 16:00:00+00:00,81.7699966430664,81.91999816894531,81.33000183105469,81.47000122070312,38140160
2026-05-31 17:00:00+00:00,81.45999908447266,81.79000091552734,81.36000061035156,81.7300033569336,0
2026-05-31 18:00:00+00:00,81.73999786376953,81.73999786376953,81.5,81.62999725341797,0
2026-05-31 19:00:00+00:00,81.62000274658203,81.66000366210938,81.2300033569336,81.45999908447266,0
2026-05-31 20:00:00+00:00,81.47000122070312,81.87000274658203,81.47000122070312,81.8499984741211,2675200
2026-05-31 21:00:00+00:00,81.8499984741211,82.23999786376953,81.76000213623047,82.19000244140625,453632
2026-05-31 22:00:00+00:00,82.19000244140625,82.56999969482422,81.91999816894531,82.38999938964844,22915584
2026-05-31 23:00:00+00:00,82.41999816894531,82.77999877929688,81.83000183105469,82.31999969482422,31346944
2026-06-01 00:00:00+00:00,82.30999755859375,82.95999908447266,82.26000213623047,82.69999694824219,63283712
2026-06-01 01:00:00+00:00,82.70999908447266,82.72000122070312,81.63999938964844,81.6500015258789,16655616
2026-06-01 02:00:00+00:00,81.62999725341797,82.75,81.52999877929688,82.56999969482422,29166336
2026-06-01 03:00:00+00:00,82.54000091552734,82.8499984741211,82.44000244140625,82.5,37332224
2026-06-01 04:00:00+00:00,82.51000213623047,82.6500015258789,81.66000366210938,81.91999816894531,34566144
2026-06-01 05:00:00+00:00,81.9000015258789,82.0,81.51000213623047,81.70999908447266,20077568
2026-06-01 06:00:00+00:00,81.69999694824219,81.76000213623047,81.0199966430664,81.33999633789062,41946624
2026-06-01 07:00:00+00:00,81.33000183105469,81.45999908447266,80.54000091552734,80.62999725341797,39730944
2026-06-01 08:00:00+00:00,80.63999938964844,80.94000244140625,80.36000061035156,80.88999938964844,63086336
2026-06-01 09:00:00+00:00,80.88999938964844,81.18000030517578,80.87999725341797,80.95999908447266,51829248
2026-06-01 10:00:00+00:00,80.98999786376953,81.08000183105469,80.7300033569336,81.0,38371584
2026-06-01 11:00:00+00:00,81.0,81.12999725341797,80.55000305175781,80.72000122070312,40669952
2026-06-01 12:00:00+00:00,80.76000213623047,80.95999908447266,80.19000244140625,80.72000122070312,146772224
2026-06-01 13:00:00+00:00,80.73999786376953,80.75,79.16999816894531,79.70999908447266,187749120
2026-06-01 14:00:00+00:00,79.72000122070312,79.9800033569336,79.30000305175781,79.54000091552734,132547328
2026-06-01 15:00:00+00:00,79.58000183105469,79.9000015258789,79.05999755859375,79.47000122070312,114131968
2026-06-01 16:00:00+00:00,79.45999908447266,80.31999969482422,79.0,80.27999877929688,58440960
2026-06-01 17:00:00+00:00,80.29000091552734,81.06999969482422,80.16999816894531,80.83000183105469,142806016
2026-06-01 18:00:00+00:00,80.80999755859375,81.0999984741211,80.47000122070312,80.73999786376953,47909376
2026-06-01 19:00:00+00:00,80.75,81.19000244140625,80.51000213623047,81.08999633789062,50914304
2026-06-01 20:00:00+00:00,81.0999984741211,81.13999938964844,80.8499984741211,81.02999877929688,33722368
2026-06-01 21:00:00+00:00,81.02999877929688,81.04000091552734,80.4000015258789,80.56999969482422,81450752
2026-06-01 22:00:00+00:00,80.52999877929688,81.36000061035156,80.2300033569336,81.29000091552734,39812352
2026-06-01 23:00:00+00:00,81.29000091552734,81.5199966430664,80.97000122070312,81.13999938964844,43975424
2026-06-02 00:00:00+00:00,81.16999816894531,81.16999816894531,80.7699966430664,80.77999877929688,0
2026-06-02 01:00:00+00:00,80.83000183105469,80.93000030517578,79.97000122070312,79.98999786376953,0
2026-06-02 02:00:00+00:00,79.98999786376953,80.61000061035156,79.33999633789062,80.61000061035156,55213312
2026-06-02 03:00:00+00:00,80.69999694824219,80.91999816894531,80.52999877929688,80.79000091552734,18502912
2026-06-02 04:00:00+00:00,80.81999969482422,80.91000366210938,80.26000213623047,80.31999969482422,0
2026-06-02 05:00:00+00:00,80.31999969482422,80.44999694824219,79.48999786376953,79.51000213623047,23255552
2026-06-02 06:00:00+00:00,79.51000213623047,79.70999908447266,79.2300033569336,79.4800033569336,38384384
2026-06-02 07:00:00+00:00,79.51000213623047,79.80999755859375,79.05999755859375,79.54000091552734,14087424
2026-06-02 08:00:00+00:00,79.55999755859375,79.69000244140625,79.36000061035156,79.4800033569336,0
2026-06-02 09:00:00+00:00,79.51000213623047,79.5199966430664,78.66999816894531,78.98999786376953,36199168
2026-06-02 10:00:00+00:00,78.98999786376953,79.3499984741211,78.8499984741211,79.31999969482422,0
2026-06-02 11:00:00+00:00,79.29000091552734,79.30999755859375,78.73999786376953,78.83000183105469,15112448
2026-06-02 12:00:00+00:00,78.80999755859375,79.0199966430664,78.52999877929688,78.86000061035156,0
2026-06-02 13:00:00+00:00,78.86000061035156,79.11000061035156,78.68000030517578,78.80000305175781,0
2026-06-02 14:00:00+00:00,78.76000213623047,78.80999755859375,76.63999938964844,77.30000305175781,134115840
2026-06-02 15:00:00+00:00,77.30999755859375,77.31999969482422,75.58999633789062,76.25,187423744
2026-06-02 16:00:00+00:00,76.19999694824219,77.52999877929688,76.0199966430664,76.5999984741211,96710912
2026-06-02 17:00:00+00:00,76.58000183105469,77.05999755859375,76.37000274658203,76.69999694824219,0
2026-06-02 18:00:00+00:00,76.69000244140625,76.93000030517578,75.70999908447266,76.02999877929688,16176896
2026-06-02 19:00:00+00:00,76.0199966430664,76.1500015258789,74.5199966430664,75.41000366210938,212827136
2026-06-02 20:00:00+00:00,75.36000061035156,75.80999755859375,74.66999816894531,75.31999969482422,69520128
2026-06-02 21:00:00+00:00,75.33000183105469,75.95999908447266,75.22000122070312,75.55999755859375,0
2026-06-02 22:00:00+00:00,75.52999877929688,75.54000091552734,73.2699966430664,73.54000091552734,95047680
2026-06-02 23:00:00+00:00,73.6500015258789,74.2300033569336,72.66999816894531,74.11000061035156,227376640
2026-06-03 00:00:00+00:00,74.13999938964844,75.01000213623047,73.91000366210938,74.75,112301568
2026-06-03 01:00:00+00:00,74.75,74.94000244140625,74.05000305175781,74.63999938964844,23516672
2026-06-03 02:00:00+00:00,74.63999938964844,74.69999694824219,74.11000061035156,74.30000305175781,0
2026-06-03 03:00:00+00:00,74.33000183105469,74.44000244140625,72.2300033569336,72.5999984741211,115685376
2026-06-03 04:00:00+00:00,72.62000274658203,74.01000213623047,72.62000274658203,73.95999908447266,115083264
2026-06-03 05:00:00+00:00,73.98999786376953,74.76000213623047,73.94999694824219,74.63999938964844,95163392
2026-06-03 06:00:00+00:00,74.63999938964844,75.22000122070312,74.56999969482422,74.76000213623047,40802304
2026-06-03 07:00:00+00:00,74.70999908447266,75.31999969482422,74.68000030517578,75.16000366210938,7721984
2026-06-03 08:00:00+00:00,75.16000366210938,75.23999786376953,74.7699966430664,74.88999938964844,4384256
2026-06-03 09:00:00+00:00,74.94000244140625,75.29000091552734,74.62999725341797,74.87999725341797,0
2026-06-03 10:00:00+00:00,74.88999938964844,75.48999786376953,74.86000061035156,75.44000244140625,39090176
2026-06-03 11:00:00+00:00,75.44000244140625,75.5999984741211,74.88999938964844,75.0199966430664,0
2026-06-03 12:00:00+00:00,75.02999877929688,75.16000366210938,74.5999984741211,75.05000305175781,4283904
2026-06-03 13:00:00+00:00,75.0999984741211,75.2699966430664,74.30000305175781,74.44999694824219,9596416
2026-06-03 14:00:00+00:00,74.4000015258789,74.45999908447266,73.73999786376953,74.33999633789062,0
2026-06-03 15:00:00+00:00,74.30000305175781,74.37999725341797,73.13999938964844,73.19999694824219,0
2026-06-03 16:00:00+00:00,73.30000305175781,73.37000274658203,71.95999908447266,72.88999938964844,18143232
2026-06-03 17:00:00+00:00,72.91999816894531,73.95999908447266,72.30999755859375,73.05000305175781,8676352
2026-06-03 18:00:00+00:00,73.08999633789062,73.33999633789062,72.37000274658203,73.0,18370560
2026-06-03 19:00:00+00:00,72.98999786376953,73.05999755859375,71.62999725341797,71.9000015258789,0
2026-06-03 20:00:00+00:00,71.87000274658203,72.31999969482422,70.87999725341797,71.12000274658203,144264704
2026-06-03 21:00:00+00:00,71.05000305175781,72.73999786376953,70.94000244140625,72.69000244140625,124595712
2026-06-03 22:00:00+00:00,72.72000122070312,73.02999877929688,71.8499984741211,72.0999984741211,0
2026-06-03 23:00:00+00:00,72.12000274658203,72.16000366210938,71.47000122070312,71.5199966430664,0
2026-06-04 00:00:00+00:00,71.5199966430664,71.98999786376953,70.26000213623047,70.68000030517578,130599936
2026-06-04 01:00:00+00:00,70.66000366210938,70.83999633789062,68.33999633789062,68.5,289194496
2026-06-04 02:00:00+00:00,68.56999969482422,70.37999725341797,66.83000183105469,69.9800033569336,511567360
2026-06-04 03:00:00+00:00,70.05000305175781,71.55000305175781,69.98999786376953,71.38999938964844,70661120
2026-06-04 04:00:00+00:00,71.41000366210938,71.69000244140625,70.7300033569336,70.81999969482422,0
2026-06-04 05:00:00+00:00,70.7699966430664,70.80999755859375,69.88999938964844,70.2699966430664,0
2026-06-04 06:00:00+00:00,70.25,71.12999725341797,70.19000244140625,70.29000091552734,0
2026-06-04 07:00:00+00:00,70.30999755859375,70.33000183105469,69.08000183105469,69.08999633789062,0
2026-06-04 08:00:00+00:00,69.08000183105469,69.3499984741211,68.26000213623047,69.16000366210938,116070912
2026-06-04 09:00:00+00:00,69.13999938964844,69.13999938964844,67.6500015258789,68.76000213623047,90933248
2026-06-04 10:00:00+00:00,68.70999908447266,68.81999969482422,67.48999786376953,67.83999633789062,7434240
2026-06-04 11:00:00+00:00,67.83000183105469,68.62000274658203,67.37999725341797,68.62000274658203,249948160
2026-06-04 12:00:00+00:00,68.62999725341797,70.26000213623047,68.25,70.02999877929688,187067904
2026-06-04 13:00:00+00:00,70.0199966430664,70.47000122070312,69.0,70.2699966430664,82388992
2026-06-04 14:00:00+00:00,70.3499984741211,70.55999755859375,69.51000213623047,69.69999694824219,49122816
2026-06-04 15:00:00+00:00,69.6500015258789,70.41999816894531,69.33999633789062,69.55999755859375,77870592
2026-06-04 16:00:00+00:00,69.58000183105469,69.58999633789062,68.9000015258789,69.33000183105469,0
2026-06-04 17:00:00+00:00,69.31999969482422,69.63999938964844,68.44000244140625,69.16000366210938,0
2026-06-04 18:00:00+00:00,69.20999908447266,69.7699966430664,68.58999633789062,69.43000030517578,28583936
2026-06-04 19:00:00+00:00,69.4000015258789,69.5999984741211,68.95999908447266,69.0199966430664,0
2026-06-04 20:00:00+00:00,69.01000213623047,69.04000091552734,68.36000061035156,68.73999786376953,0
2026-06-04 21:00:00+00:00,68.73999786376953,68.95999908447266,67.55000305175781,67.70999908447266,0
2026-06-04 22:00:00+00:00,67.69999694824219,68.48999786376953,67.51000213623047,68.41000366210938,44169728
2026-06-04 23:00:00+00:00,68.37000274658203,68.8499984741211,67.94000244140625,68.80999755859375,0
2026-06-05 00:00:00+00:00,68.72000122070312,69.0,68.19999694824219,68.2300033569336,0
2026-06-05 01:00:00+00:00,68.19999694824219,68.7300033569336,67.5,68.43000030517578,0
2026-06-05 02:00:00+00:00,68.41999816894531,68.52999877929688,67.12000274658203,67.2300033569336,0
2026-06-05 03:00:00+00:00,67.31999969482422,67.77999877929688,66.9000015258789,67.0,0
2026-06-05 04:00:00+00:00,67.05000305175781,67.94000244140625,66.45999908447266,67.8499984741211,101866496
2026-06-05 05:00:00+00:00,67.87999725341797,68.0,66.0199966430664,66.12999725341797,39002624
2026-06-05 06:00:00+00:00,66.08000183105469,66.4800033569336,63.86000061035156,64.97000122070312,464558080
2026-06-05 07:00:00+00:00,64.95999908447266,66.23999786376953,63.88999938964844,66.11000061035156,224527872
2026-06-05 08:00:00+00:00,66.12999725341797,66.12999725341797,65.04000091552734,65.25,0
2026-06-05 09:00:00+00:00,65.2699966430664,66.5199966430664,65.2699966430664,66.51000213623047,0
2026-06-05 10:00:00+00:00,66.52999877929688,66.66999816894531,66.08999633789062,66.36000061035156,0
2026-06-05 11:00:00+00:00,66.37000274658203,66.72000122070312,65.79000091552734,66.0199966430664,0
2026-06-05 12:00:00+00:00,66.05000305175781,66.30000305175781,65.19000244140625,65.7699966430664,0
2026-06-05 13:00:00+00:00,65.7699966430664,66.75,64.29000091552734,64.29000091552734,65833472
2026-06-05 14:00:00+00:00,64.2699966430664,65.7699966430664,64.02999877929688,65.20999908447266,199255040
2026-06-05 15:00:00+00:00,65.12000274658203,65.30000305175781,63.7599983215332,64.25,132620288
2026-06-05 16:00:00+00:00,64.19000244140625,65.91999816894531,63.16999816894531,65.80999755859375,401593344
2026-06-05 17:00:00+00:00,65.83000183105469,66.0,64.76000213623047,65.05999755859375,86865920
2026-06-05 18:00:00+00:00,65.05000305175781,65.33000183105469,62.59000015258789,62.880001068115234,111181312
2026-06-05 19:00:00+00:00,62.84000015258789,63.77000045776367,61.459999084472656,63.43000030517578,305381888
2026-06-05 20:00:00+00:00,63.43000030517578,64.7699966430664,62.68000030517578,64.6500015258789,205966336
2026-06-05 21:00:00+00:00,64.62999725341797,65.37999725341797,64.51000213623047,64.9000015258789,78215680
2026-06-05 22:00:00+00:00,64.86000061035156,64.86000061035156,63.790000915527344,64.37000274658203,11262464
2026-06-05 23:00:00+00:00,64.41999816894531,64.76000213623047,62.63999938964844,63.61000061035156,30689280
2026-06-06 00:00:00+00:00,63.61000061035156,64.79000091552734,63.61000061035156,64.6500015258789,59494400
2026-06-06 01:00:00+00:00,64.68000030517578,64.83000183105469,63.790000915527344,63.88999938964844,0
2026-06-06 02:00:00+00:00,63.81999969482422,63.90999984741211,63.25,63.5099983215332,0
2026-06-06 03:00:00+00:00,63.5099983215332,63.5099983215332,62.59000015258789,62.810001373291016,0
2026-06-06 04:00:00+00:00,62.81999969482422,63.09000015258789,60.36000061035156,60.849998474121094,7607296
2026-06-06 05:00:00+00:00,60.790000915527344,62.66999816894531,60.130001068115234,62.58000183105469,68953600
2026-06-06 06:00:00+00:00,62.54999923706055,63.29999923706055,62.04999923706055,62.189998626708984,0
2026-06-06 07:00:00+00:00,62.20000076293945,63.09000015258789,62.040000915527344,62.7599983215332,0
2026-06-06 08:00:00+00:00,62.7599983215332,63.540000915527344,62.5099983215332,63.130001068115234,0
2026-06-06 09:00:00+00:00,63.11000061035156,63.52000045776367,62.459999084472656,62.66999816894531,0
2026-06-06 10:00:00+00:00,62.66999816894531,62.66999816894531,61.189998626708984,61.84000015258789,42388992
2026-06-06 11:00:00+00:00,61.779998779296875,62.630001068115234,61.75,62.40999984741211,0
2026-06-06 12:00:00+00:00,62.40999984741211,63.04999923706055,62.0,62.880001068115234,0
2026-06-06 13:00:00+00:00,62.83000183105469,63.040000915527344,62.130001068115234,62.369998931884766,0
2026-06-06 14:00:00+00:00,62.400001525878906,62.880001068115234,62.290000915527344,62.290000915527344,0
2026-06-06 15:00:00+00:00,62.310001373291016,62.45000076293945,61.310001373291016,62.02000045776367,0
2026-06-06 16:00:00+00:00,61.97999954223633,62.36000061035156,61.380001068115234,62.09000015258789,0
2026-06-06 17:00:00+00:00,62.09000015258789,62.209999084472656,61.41999816894531,61.59000015258789,0
2026-06-06 18:00:00+00:00,61.59000015258789,62.099998474121094,61.40999984741211,61.70000076293945,0
2026-06-06 19:00:00+00:00,61.68000030517578,62.16999816894531,61.599998474121094,61.61000061035156,0
2026-06-06 20:00:00+00:00,61.630001068115234,61.88999938964844,61.34000015258789,61.810001373291016,0
2026-06-06 21:00:00+00:00,61.81999969482422,62.31999969482422,61.79999923706055,61.869998931884766,0
2026-06-06 22:00:00+00:00,61.849998474121094,61.95000076293945,61.43000030517578,61.779998779296875,0
2026-06-06 23:00:00+00:00,61.68000030517578,62.2599983215332,61.650001525878906,62.16999816894531,0
2026-06-07 00:00:00+00:00,62.16999816894531,62.58000183105469,61.93000030517578,62.09000015258789,0
2026-06-07 01:00:00+00:00,62.06999969482422,63.81999969482422,62.0099983215332,63.650001525878906,77268992
2026-06-07 02:00:00+00:00,63.599998474121094,63.7599983215332,63.060001373291016,63.52000045776367,0
2026-06-07 03:00:00+00:00,63.52000045776367,64.05000305175781,63.380001068115234,63.810001373291016,0
2026-06-07 04:00:00+00:00,63.810001373291016,64.0999984741211,63.290000915527344,64.05999755859375,0
2026-06-07 05:00:00+00:00,64.05999755859375,64.44000244140625,63.880001068115234,64.23999786376953,0
2026-06-07 06:00:00+00:00,64.20999908447266,64.95999908447266,64.0,64.83000183105469,0
2026-06-07 07:00:00+00:00,64.81999969482422,64.9800033569336,64.58999633789062,64.9000015258789,0
2026-06-07 08:00:00+00:00,64.87000274658203,65.94000244140625,64.4800033569336,65.94000244140625,37355008
2026-06-07 09:00:00+00:00,65.91000366210938,66.06999969482422,64.8499984741211,65.0,44841472
2026-06-07 10:00:00+00:00,65.0,65.05000305175781,64.45999908447266,64.63999938964844,0
2026-06-07 11:00:00+00:00,64.63999938964844,65.19999694824219,64.5199966430664,65.01000213623047,0
2026-06-07 12:00:00+00:00,65.01000213623047,65.08000183105469,63.709999084472656,64.30999755859375,19589632
2026-06-07 13:00:00+00:00,64.2699966430664,64.4000015258789,64.06999969482422,64.30999755859375,0
2026-06-07 14:00:00+00:00,64.31999969482422,65.30999755859375,64.30000305175781,64.91000366210938,4738048
2026-06-07 15:00:00+00:00,64.87000274658203,65.20999908447266,64.62000274658203,64.94999694824219,0
2026-06-07 16:00:00+00:00,65.0,65.29000091552734,64.73999786376953,65.13999938964844,0
2026-06-07 17:00:00+00:00,65.12999725341797,65.58000183105469,65.05999755859375,65.29000091552734,0
2026-06-07 18:00:00+00:00,65.27999877929688,65.54000091552734,64.86000061035156,64.9000015258789,0
2026-06-07 19:00:00+00:00,64.93000030517578,64.97000122070312,63.63999938964844,63.91999816894531,46039808
2026-06-07 20:00:00+00:00,63.81999969482422,64.7699966430664,63.720001220703125,64.66999816894531,0
2026-06-07 21:00:00+00:00,64.66000366210938,64.87000274658203,64.27999877929688,64.58999633789062,0
2026-06-07 22:00:00+00:00,64.63999938964844,67.7300033569336,64.48999786376953,65.79000091552734,200183552
2026-06-07 23:00:00+00:00,65.7699966430664,66.55000305175781,65.73999786376953,66.45999908447266,93860864
2026-06-08 00:00:00+00:00,66.44000244140625,67.05000305175781,66.01000213623047,66.68000030517578,65362432
2026-06-08 01:00:00+00:00,66.72000122070312,66.7699966430664,65.37999725341797,66.12999725341797,0
2026-06-08 02:00:00+00:00,66.1500015258789,66.58999633789062,66.02999877929688,66.43000030517578,6251264
2026-06-08 03:00:00+00:00,66.43000030517578,66.72000122070312,66.1500015258789,66.33000183105469,0
2026-06-08 04:00:00+00:00,66.33000183105469,66.37999725341797,65.33000183105469,65.47000122070312,0
2026-06-08 05:00:00+00:00,65.43000030517578,65.61000061035156,64.94000244140625,65.27999877929688,0
2026-06-08 06:00:00+00:00,65.27999877929688,65.83999633789062,65.2699966430664,65.63999938964844,0
2026-06-08 07:00:00+00:00,65.6500015258789,66.16999816894531,65.33999633789062,66.05999755859375,37593600
2026-06-08 08:00:00+00:00,66.02999877929688,66.02999877929688,65.41000366210938,65.55999755859375,0
2026-06-08 09:00:00+00:00,65.56999969482422,66.31999969482422,65.55999755859375,66.30999755859375,0
2026-06-08 10:00:00+00:00,66.30999755859375,66.37000274658203,65.75,66.12999725341797,201984
2026-06-08 11:00:00+00:00,66.12999725341797,66.98999786376953,65.9800033569336,66.62000274658203,93548800
2026-06-08 12:00:00+00:00,66.61000061035156,67.27999877929688,65.97000122070312,67.19999694824219,8585984
2026-06-08 13:00:00+00:00,67.22000122070312,67.2300033569336,66.37000274658203,66.75,79032064
2026-06-08 14:00:00+00:00,66.7300033569336,67.27999877929688,66.41999816894531,67.23999786376953,103962368
2026-06-08 15:00:00+00:00,67.23999786376953,67.7699966430664,67.05000305175781,67.12999725341797,106441728
2026-06-08 16:00:00+00:00,67.1500015258789,67.72000122070312,66.87000274658203,66.91000366210938,42794496
2026-06-08 17:00:00+00:00,66.94000244140625,67.36000061035156,66.5199966430664,67.33999633789062,54671872
2026-06-08 18:00:00+00:00,67.33999633789062,67.58000183105469,67.13999938964844,67.41000366210938,35049984
2026-06-08 19:00:00+00:00,67.4000015258789,67.80000305175781,67.26000213623047,67.41999816894531,0
2026-06-08 20:00:00+00:00,67.44999694824219,67.51000213623047,66.93000030517578,67.47000122070312,6020352
2026-06-08 21:00:00+00:00,67.45999908447266,68.13999938964844,67.41000366210938,67.47000122070312,44103168
2026-06-08 22:00:00+00:00,67.37000274658203,67.41999816894531,66.83000183105469,67.1500015258789,0
2026-06-08 23:00:00+00:00,67.16999816894531,67.41000366210938,66.62999725341797,66.80999755859375,0
2026-06-09 00:00:00+00:00,66.77999877929688,66.87000274658203,65.27999877929688,65.41999816894531,19575296
2026-06-09 01:00:00+00:00,65.37000274658203,66.02999877929688,65.37000274658203,65.95999908447266,0
2026-06-09 02:00:00+00:00,65.95999908447266,66.05999755859375,65.51000213623047,65.88999938964844,0
2026-06-09 03:00:00+00:00,65.91000366210938,66.08000183105469,65.63999938964844,65.98999786376953,0
2026-06-09 04:00:00+00:00,65.9800033569336,67.3499984741211,65.80999755859375,66.97000122070312,87656960
2026-06-09 05:00:00+00:00,66.97000122070312,67.36000061035156,66.66999816894531,67.16999816894531,76630528
2026-06-09 06:00:00+00:00,67.18000030517578,67.43000030517578,66.94999694824219,67.02999877929688,0
2026-06-09 07:00:00+00:00,67.05999755859375,67.30000305175781,66.5999984741211,66.86000061035156,8799232
2026-06-09 08:00:00+00:00,66.87000274658203,66.9000015258789,66.37999725341797,66.56999969482422,18454784
2026-06-09 09:00:00+00:00,66.58000183105469,66.80000305175781,66.05000305175781,66.13999938964844,0
2026-06-09 10:00:00+00:00,66.16999816894531,66.44000244140625,65.97000122070312,66.37000274658203,0
2026-06-09 11:00:00+00:00,66.37999725341797,66.41999816894531,65.87000274658203,66.08999633789062,0
2026-06-09 12:00:00+00:00,66.05999755859375,66.4800033569336,65.93000030517578,66.16999816894531,0
2026-06-09 13:00:00+00:00,66.20999908447266,66.33000183105469,65.56999969482422,65.81999969482422,0
2026-06-09 14:00:00+00:00,65.80000305175781,65.94999694824219,64.37999725341797,65.01000213623047,25487104
2026-06-09 15:00:00+00:00,65.02999877929688,65.26000213623047,64.22000122070312,64.27999877929688,0
2026-06-09 16:00:00+00:00,64.31999969482422,64.43000030517578,63.5099983215332,64.08999633789062,80458496
2026-06-09 17:00:00+00:00,64.12000274658203,65.0999984741211,64.05000305175781,64.73999786376953,55564032
2026-06-09 18:00:00+00:00,64.79000091552734,65.44000244140625,64.61000061035156,65.23999786376953,23718656
2026-06-09 19:00:00+00:00,65.23999786376953,65.5999984741211,65.0,65.37000274658203,6602240
2026-06-09 20:00:00+00:00,65.41000366210938,65.6500015258789,65.23999786376953,65.58000183105469,0
2026-06-09 21:00:00+00:00,65.58000183105469,65.61000061035156,64.8499984741211,64.95999908447266,0
2026-06-09 22:00:00+00:00,64.9800033569336,65.30000305175781,64.79000091552734,64.83999633789062,0
2026-06-09 23:00:00+00:00,64.8499984741211,65.12000274658203,64.69000244140625,64.93000030517578,0
2026-06-10 00:00:00+00:00,64.97000122070312,65.16999816894531,64.44000244140625,65.13999938964844,0
2026-06-10 01:00:00+00:00,65.13999938964844,65.26000213623047,64.7699966430664,65.06999969482422,0
2026-06-10 02:00:00+00:00,65.05999755859375,65.19000244140625,64.19999694824219,64.2699966430664,15537920
2026-06-10 03:00:00+00:00,64.23999786376953,64.80000305175781,64.2300033569336,64.47000122070312,0
2026-06-10 04:00:00+00:00,64.47000122070312,64.5999984741211,64.08000183105469,64.2300033569336,0
2026-06-10 05:00:00+00:00,64.25,64.33000183105469,63.880001068115234,64.06999969482422,0
2026-06-10 06:00:00+00:00,64.0999984741211,64.30000305175781,63.790000915527344,64.16000366210938,0
2026-06-10 07:00:00+00:00,64.1500015258789,64.70999908447266,64.08999633789062,64.44999694824219,0
2026-06-10 08:00:00+00:00,64.44999694824219,64.47000122070312,63.380001068115234,63.56999969482422,11820544
2026-06-10 09:00:00+00:00,63.560001373291016,63.689998626708984,63.060001373291016,63.59000015258789,12351232
2026-06-10 10:00:00+00:00,63.56999969482422,63.72999954223633,63.22999954223633,63.630001068115234,10375680
2026-06-10 11:00:00+00:00,63.63999938964844,63.709999084472656,62.90999984741211,63.45000076293945,72050688
2026-06-10 12:00:00+00:00,63.470001220703125,64.58999633789062,63.27000045776367,64.08000183105469,121908736
2026-06-10 13:00:00+00:00,64.08000183105469,65.47000122070312,63.959999084472656,65.0199966430664,81544704
2026-06-10 14:00:00+00:00,65.02999877929688,65.2300033569336,64.54000091552734,65.0,0
2026-06-10 15:00:00+00:00,65.0,65.70999908447266,64.5,65.38999938964844,46033408
2026-06-10 16:00:00+00:00,65.38999938964844,65.4000015258789,64.19000244140625,64.55999755859375,0
2026-06-10 17:00:00+00:00,64.56999969482422,64.9000015258789,63.58000183105469,63.9900016784668,0
2026-06-10 18:00:00+00:00,64.04000091552734,64.16000366210938,63.33000183105469,63.77000045776367,15159040
2026-06-10 19:00:00+00:00,63.77000045776367,63.880001068115234,63.380001068115234,63.47999954223633,0
2026-06-10 20:00:00+00:00,63.470001220703125,63.59000015258789,63.099998474121094,63.290000915527344,23693312
2026-06-10 21:00:00+00:00,63.2400016784668,63.2400016784668,62.310001373291016,62.540000915527344,35328000
2026-06-10 22:00:00+00:00,62.56999969482422,63.0,62.310001373291016,62.720001220703125,57027328
2026-06-10 23:00:00+00:00,62.720001220703125,63.2400016784668,62.400001525878906,63.119998931884766,23244544
2026-06-11 00:00:00+00:00,63.150001525878906,63.70000076293945,63.13999938964844,63.599998474121094,0
2026-06-11 01:00:00+00:00,63.61000061035156,65.0999984741211,63.61000061035156,64.8499984741211,96521472
2026-06-11 02:00:00+00:00,64.87999725341797,64.94000244140625,64.30000305175781,64.45999908447266,40105728
2026-06-11 03:00:00+00:00,64.47000122070312,65.37000274658203,64.26000213623047,65.19000244140625,49420032
2026-06-11 04:00:00+00:00,65.22000122070312,65.26000213623047,64.91000366210938,65.13999938964844,35698944
2026-06-11 05:00:00+00:00,65.11000061035156,65.19000244140625,64.87999725341797,64.87999725341797,0
2026-06-11 06:00:00+00:00,64.87999725341797,65.36000061035156,64.73999786376953,65.04000091552734,30006784
2026-06-11 07:00:00+00:00,65.0199966430664,65.08999633789062,64.72000122070312,64.95999908447266,13624576
2026-06-11 08:00:00+00:00,64.97000122070312,65.44999694824219,64.94999694824219,65.23999786376953,0
2026-06-11 09:00:00+00:00,65.2300033569336,65.47000122070312,64.94999694824219,65.30999755859375,12748032
2026-06-11 10:00:00+00:00,65.33000183105469,65.58999633789062,65.22000122070312,65.44000244140625,0
2026-06-11 11:00:00+00:00,65.43000030517578,66.05999755859375,65.29000091552734,65.81999969482422,0
2026-06-11 12:00:00+00:00,65.8499984741211,65.86000061035156,64.83000183105469,65.19999694824219,0
2026-06-11 13:00:00+00:00,65.19000244140625,65.6500015258789,64.98999786376953,65.44999694824219,0
2026-06-11 14:00:00+00:00,65.44000244140625,65.69999694824219,64.91999816894531,65.29000091552734,0
2026-06-11 15:00:00+00:00,65.26000213623047,65.7699966430664,64.94999694824219,65.47000122070312,0
2026-06-11 16:00:00+00:00,65.48999786376953,65.7300033569336,65.26000213623047,65.30999755859375,0
2026-06-11 17:00:00+00:00,65.30999755859375,67.08999633789062,64.95999908447266,67.08000183105469,89682176
2026-06-11 18:00:00+00:00,67.08999633789062,67.2300033569336,66.58000183105469,66.7300033569336,35843072
2026-06-11 19:00:00+00:00,66.7300033569336,67.30000305175781,66.5199966430664,66.87000274658203,35495936
2026-06-11 20:00:00+00:00,66.87999725341797,66.97000122070312,66.30999755859375,66.52999877929688,0
2026-06-11 21:00:00+00:00,66.52999877929688,67.05000305175781,66.51000213623047,66.8499984741211,0
2026-06-11 22:00:00+00:00,66.83999633789062,67.08000183105469,66.80999755859375,66.81999969482422,0
2026-06-11 23:00:00+00:00,66.81999969482422,67.0199966430664,66.6500015258789,66.8499984741211,0
2026-06-12 00:00:00+00:00,66.86000061035156,67.04000091552734,66.66999816894531,66.81999969482422,0
2026-06-12 01:00:00+00:00,66.79000091552734,66.79000091552734,66.37999725341797,66.61000061035156,0
2026-06-12 02:00:00+00:00,66.61000061035156,67.20999908447266,66.5999984741211,67.05000305175781,0
2026-06-12 03:00:00+00:00,67.04000091552734,67.08999633789062,66.58999633789062,66.94000244140625,0
2026-06-12 04:00:00+00:00,66.95999908447266,67.13999938964844,66.76000213623047,66.9800033569336,0
2026-06-12 05:00:00+00:00,66.98999786376953,66.98999786376953,66.54000091552734,66.62999725341797,10937344
2026-06-12 06:00:00+00:00,66.62000274658203,66.72000122070312,65.87000274658203,66.04000091552734,1945600
2026-06-12 07:00:00+00:00,66.06999969482422,66.4000015258789,66.05000305175781,66.2300033569336,0
2026-06-12 08:00:00+00:00,66.2300033569336,66.95999908447266,66.2300033569336,66.83000183105469,22180352
2026-06-12 09:00:00+00:00,66.83000183105469,67.4000015258789,66.76000213623047,67.0999984741211,36418304
2026-06-12 10:00:00+00:00,67.08999633789062,67.26000213623047,66.52999877929688,66.72000122070312,13997056
2026-06-12 11:00:00+00:00,66.70999908447266,67.0199966430664,66.70999908447266,66.8499984741211,0
2026-06-12 12:00:00+00:00,66.80000305175781,66.91999816894531,66.56999969482422,66.69999694824219,0
2026-06-12 13:00:00+00:00,66.69000244140625,66.93000030517578,66.31999969482422,66.6500015258789,42885888
2026-06-12 14:00:00+00:00,66.62000274658203,67.91999816894531,66.62000274658203,67.87999725341797,32865792
2026-06-12 15:00:00+00:00,67.9000015258789,68.75,67.16000366210938,67.22000122070312,273247488
2026-06-12 16:00:00+00:00,67.20999908447266,67.9800033569336,67.02999877929688,67.9800033569336,57476608
2026-06-12 17:00:00+00:00,67.9800033569336,68.13999938964844,67.22000122070312,67.37000274658203,0
2026-06-12 18:00:00+00:00,67.37999725341797,67.44000244140625,66.97000122070312,67.0199966430664,0
2026-06-12 19:00:00+00:00,67.01000213623047,67.33000183105469,66.6500015258789,66.7699966430664,0
2026-06-12 20:00:00+00:00,66.7699966430664,66.80999755859375,66.48999786376953,66.6500015258789,24420096
2026-06-12 21:00:00+00:00,66.66000366210938,66.9000015258789,66.47000122070312,66.54000091552734,619776
2026-06-12 22:00:00+00:00,66.55999755859375,66.72000122070312,66.43000030517578,66.58999633789062,0
2026-06-12 23:00:00+00:00,66.5999984741211,66.79000091552734,66.45999908447266,66.79000091552734,0
2026-06-13 00:00:00+00:00,66.76000213623047,67.0199966430664,66.73999786376953,66.94999694824219,0
2026-06-13 01:00:00+00:00,66.94999694824219,67.4800033569336,66.94000244140625,67.4000015258789,0
2026-06-13 02:00:00+00:00,67.41000366210938,67.47000122070312,66.8499984741211,66.93000030517578,0
2026-06-13 03:00:00+00:00,66.91999816894531,67.0199966430664,66.68000030517578,66.83999633789062,0
2026-06-13 04:00:00+00:00,66.83999633789062,66.93000030517578,66.62000274658203,66.62999725341797,0
2026-06-13 05:00:00+00:00,66.66000366210938,66.83000183105469,66.56999969482422,66.75,0
2026-06-13 06:00:00+00:00,66.76000213623047,67.18000030517578,66.63999938964844,67.12000274658203,0
2026-06-13 07:00:00+00:00,67.13999938964844,67.41000366210938,66.93000030517578,67.31999969482422,11640832
2026-06-13 08:00:00+00:00,67.30000305175781,67.5,67.22000122070312,67.27999877929688,0
2026-06-13 09:00:00+00:00,67.27999877929688,67.5,67.25,67.31999969482422,0
2026-06-13 10:00:00+00:00,67.3499984741211,67.56999969482422,67.30000305175781,67.4000015258789,0
2026-06-13 11:00:00+00:00,67.4000015258789,67.93000030517578,67.3499984741211,67.87000274658203,0
2026-06-13 12:00:00+00:00,67.87999725341797,68.0,67.75,67.93000030517578,0
2026-06-13 13:00:00+00:00,67.94000244140625,68.26000213623047,67.79000091552734,67.98999786376953,0
2026-06-13 14:00:00+00:00,67.98999786376953,68.38999938964844,67.94999694824219,68.25,0
2026-06-13 15:00:00+00:00,68.25,68.66999816894531,68.13999938964844,68.56999969482422,0
2026-06-13 16:00:00+00:00,68.58000183105469,68.58000183105469,67.79000091552734,68.05000305175781,0
2026-06-13 17:00:00+00:00,68.05999755859375,68.23999786376953,67.81999969482422,67.95999908447266,0
2026-06-13 18:00:00+00:00,67.95999908447266,68.33999633789062,67.93000030517578,68.08999633789062,0
2026-06-13 19:00:00+00:00,68.08000183105469,68.37000274658203,67.98999786376953,68.19999694824219,0
2026-06-13 20:00:00+00:00,68.19000244140625,68.26000213623047,68.02999877929688,68.25,0
2026-06-13 21:00:00+00:00,68.26000213623047,69.51000213623047,68.20999908447266,69.23999786376953,87845248
2026-06-13 22:00:00+00:00,69.2300033569336,69.23999786376953,68.86000061035156,68.87000274658203,38451200
2026-06-13 23:00:00+00:00,68.8499984741211,69.1500015258789,68.76000213623047,68.9000015258789,10105472
2026-06-14 00:00:00+00:00,68.88999938964844,68.88999938964844,68.62000274658203,68.73999786376953,0
2026-06-14 01:00:00+00:00,68.73999786376953,69.05999755859375,68.62000274658203,68.80000305175781,1417856
2026-06-14 02:00:00+00:00,68.77999877929688,69.05000305175781,68.69000244140625,68.80999755859375,0
2026-06-14 03:00:00+00:00,68.80000305175781,69.0,68.7300033569336,68.94999694824219,0
2026-06-14 04:00:00+00:00,68.91999816894531,68.98999786376953,68.41000366210938,68.48999786376953,16917632
2026-06-14 05:00:00+00:00,68.51000213623047,68.55999755859375,68.0,68.20999908447266,76197888
2026-06-14 06:00:00+00:00,68.2300033569336,68.45999908447266,68.06999969482422,68.16000366210938,10772736
2026-06-14 07:00:00+00:00,68.19000244140625,68.22000122070312,68.01000213623047,68.19000244140625,0
2026-06-14 08:00:00+00:00,68.18000030517578,68.33000183105469,68.06999969482422,68.22000122070312,0
2026-06-14 09:00:00+00:00,68.19999694824219,68.45999908447266,67.87999725341797,68.44000244140625,750848
2026-06-14 10:00:00+00:00,68.43000030517578,68.47000122070312,68.12000274658203,68.12000274658203,0
2026-06-14 11:00:00+00:00,68.11000061035156,68.30000305175781,67.9800033569336,68.05999755859375,0
2026-06-14 12:00:00+00:00,68.08000183105469,68.12999725341797,67.66999816894531,67.7300033569336,0
2026-06-14 13:00:00+00:00,67.75,67.83000183105469,67.4800033569336,67.70999908447266,0
2026-06-14 14:00:00+00:00,67.70999908447266,67.79000091552734,66.91999816894531,67.2300033569336,24371968
2026-06-14 15:00:00+00:00,67.23999786376953,67.51000213623047,67.23999786376953,67.38999938964844,0
2026-06-14 16:00:00+00:00,67.37999725341797,67.69999694824219,67.37999725341797,67.44999694824219,0
2026-06-14 17:00:00+00:00,67.44000244140625,67.69000244140625,67.26000213623047,67.30000305175781,0
2026-06-14 18:00:00+00:00,67.31999969482422,67.44999694824219,67.16999816894531,67.37999725341797,0
2026-06-14 19:00:00+00:00,67.37999725341797,67.70999908447266,67.30000305175781,67.51000213623047,0
2026-06-14 20:00:00+00:00,67.52999877929688,68.0199966430664,67.41000366210938,67.76000213623047,11075072
2026-06-14 21:00:00+00:00,67.79000091552734,70.5,67.76000213623047,70.11000061035156,103768704
2026-06-14 22:00:00+00:00,70.31999969482422,70.58999633789062,69.69000244140625,70.41000366210938,94788096
2026-06-14 23:00:00+00:00,70.41999816894531,71.23999786376953,70.12000274658203,71.23999786376953,99838720
2026-06-15 00:00:00+00:00,71.23999786376953,71.66999816894531,70.9000015258789,71.0999984741211,110435584
2026-06-15 01:00:00+00:00,71.08999633789062,71.30999755859375,70.66000366210938,70.9800033569336,41684608
2026-06-15 02:00:00+00:00,70.9800033569336,71.54000091552734,70.87999725341797,70.94999694824219,28230400
2026-06-15 03:00:00+00:00,70.94999694824219,71.31999969482422,70.87999725341797,71.20999908447266,32287744
2026-06-15 04:00:00+00:00,71.19000244140625,71.23999786376953,70.86000061035156,70.88999938964844,0
2026-06-15 05:00:00+00:00,70.87999725341797,71.2699966430664,70.77999877929688,71.16999816894531,0
2026-06-15 06:00:00+00:00,71.16000366210938,71.44999694824219,71.06999969482422,71.29000091552734,2176256
2026-06-15 07:00:00+00:00,71.30999755859375,71.45999908447266,71.08999633789062,71.22000122070312,32027648
2026-06-15 08:00:00+00:00,71.23999786376953,71.55999755859375,71.13999938964844,71.23999786376953,48053632
2026-06-15 09:00:00+00:00,71.26000213623047,71.43000030517578,70.79000091552734,71.18000030517578,25760384
2026-06-15 10:00:00+00:00,71.18000030517578,72.05999755859375,71.1500015258789,71.83000183105469,41866752
2026-06-15 11:00:00+00:00,71.81999969482422,72.73999786376953,71.62000274658203,72.56999969482422,197082496
2026-06-15 12:00:00+00:00,72.58999633789062,72.95999908447266,72.30999755859375,72.80000305175781,87358976
2026-06-15 13:00:00+00:00,72.80999755859375,74.19000244140625,72.69000244140625,73.58999633789062,199765760
2026-06-15 14:00:00+00:00,73.61000061035156,73.93000030517578,73.16000366210938,73.7699966430664,60413440
2026-06-15 15:00:00+00:00,73.73999786376953,75.19999694824219,73.73999786376953,75.19999694824219,146498304
2026-06-15 16:00:00+00:00,75.19999694824219,76.02999877929688,74.94000244140625,75.44000244140625,198185728
2026-06-15 17:00:00+00:00,75.44000244140625,75.44000244140625,74.62999725341797,75.23999786376953,151027968
2026-06-15 18:00:00+00:00,75.26000213623047,75.66000366210938,75.06999969482422,75.2699966430664,77707264
2026-06-15 19:00:00+00:00,75.2300033569336,75.7699966430664,74.58999633789062,75.1500015258789,96139264
2026-06-15 20:00:00+00:00,75.18000030517578,75.41000366210938,74.75,74.9000015258789,43845120
2026-06-15 21:00:00+00:00,74.9000015258789,74.97000122070312,74.36000061035156,74.41000366210938,0
2026-06-15 22:00:00+00:00,74.41999816894531,74.55000305175781,73.5999984741211,73.7300033569336,0
2026-06-15 23:00:00+00:00,73.7300033569336,74.0199966430664,73.5999984741211,73.93000030517578,0
2026-06-16 00:00:00+00:00,73.93000030517578,74.3499984741211,73.80000305175781,73.9800033569336,0
2026-06-16 01:00:00+00:00,73.98999786376953,74.30000305175781,73.81999969482422,73.83000183105469,0
2026-06-16 02:00:00+00:00,73.8499984741211,73.8499984741211,72.79000091552734,72.98999786376953,37998080
2026-06-16 03:00:00+00:00,72.98999786376953,73.75,72.83000183105469,73.69000244140625,21550080
2026-06-16 04:00:00+00:00,73.70999908447266,73.87999725341797,73.1500015258789,73.33000183105469,14507520
2026-06-16 05:00:00+00:00,73.33000183105469,73.79000091552734,73.31999969482422,73.62000274658203,15969024
2026-06-16 06:00:00+00:00,73.6500015258789,74.23999786376953,73.63999938964844,74.13999938964844,19393280
2026-06-16 07:00:00+00:00,74.13999938964844,74.48999786376953,74.08000183105469,74.43000030517578,14976000
2026-06-16 08:00:00+00:00,74.41000366210938,75.55000305175781,74.30999755859375,75.33999633789062,32777728
2026-06-16 09:00:00+00:00,75.30000305175781,75.38999938964844,74.7699966430664,74.79000091552734,12712960
2026-06-16 10:00:00+00:00,74.80000305175781,75.05999755859375,74.62000274658203,74.6500015258789,0
2026-06-16 11:00:00+00:00,74.63999938964844,74.83000183105469,74.33999633789062,74.58999633789062,0
2026-06-16 12:00:00+00:00,74.62999725341797,75.4800033569336,74.43000030517578,74.87999725341797,0
2026-06-16 13:00:00+00:00,74.88999938964844,74.9000015258789,73.83999633789062,73.91999816894531,0
2026-06-16 14:00:00+00:00,73.93000030517578,74.2300033569336,72.30000305175781,72.91999816894531,56872960
2026-06-16 15:00:00+00:00,72.91999816894531,73.58999633789062,72.83999633789062,73.23999786376953,0
2026-06-16 16:00:00+00:00,73.23999786376953,73.44000244140625,72.94000244140625,73.01000213623047,0
2026-06-16 17:00:00+00:00,73.04000091552734,73.77999877929688,73.0,73.61000061035156,0
2026-06-16 18:00:00+00:00,73.63999938964844,74.25,73.5199966430664,73.94000244140625,17379840
2026-06-16 19:00:00+00:00,73.91999816894531,74.13999938964844,73.43000030517578,73.77999877929688,0
2026-06-16 20:00:00+00:00,73.7300033569336,74.18000030517578,73.61000061035156,74.08000183105469,0
2026-06-16 21:00:00+00:00,74.06999969482422,74.12000274658203,73.68000030517578,73.87000274658203,0
2026-06-16 22:00:00+00:00,73.87000274658203,74.0199966430664,73.54000091552734,73.7699966430664,0
2026-06-16 23:00:00+00:00,73.7699966430664,73.88999938964844,73.3499984741211,73.45999908447266,0
2026-06-17 00:00:00+00:00,73.45999908447266,73.72000122070312,73.26000213623047,73.30000305175781,0
2026-06-17 01:00:00+00:00,73.30000305175781,73.93000030517578,73.0999984741211,73.86000061035156,1211648
2026-06-17 02:00:00+00:00,73.87000274658203,74.37999725341797,73.62999725341797,73.9800033569336,0
2026-06-17 03:00:00+00:00,73.9800033569336,73.9800033569336,73.47000122070312,73.62999725341797,0
2026-06-17 04:00:00+00:00,73.6500015258789,74.01000213623047,73.52999877929688,73.7300033569336,0
2026-06-17 05:00:00+00:00,73.7699966430664,73.94000244140625,73.37999725341797,73.56999969482422,0
2026-06-17 06:00:00+00:00,73.61000061035156,73.76000213623047,73.13999938964844,73.3499984741211,0
2026-06-17 07:00:00+00:00,73.3499984741211,73.54000091552734,72.91999816894531,73.19000244140625,7458176
2026-06-17 08:00:00+00:00,73.19000244140625,73.20999908447266,72.08999633789062,72.27999877929688,15977088
2026-06-17 09:00:00+00:00,72.2699966430664,72.58999633789062,72.25,72.47000122070312,0
2026-06-17 10:00:00+00:00,72.4800033569336,72.61000061035156,72.05000305175781,72.08000183105469,0
2026-06-17 11:00:00+00:00,72.08000183105469,72.16000366210938,71.6500015258789,71.97000122070312,21364480
2026-06-17 12:00:00+00:00,72.01000213623047,72.27999877929688,71.54000091552734,72.27999877929688,0
2026-06-17 13:00:00+00:00,72.26000213623047,72.69999694824219,72.08000183105469,72.36000061035156,0
2026-06-17 14:00:00+00:00,72.30999755859375,72.61000061035156,71.79000091552734,72.31999969482422,0
2026-06-17 15:00:00+00:00,72.33999633789062,73.80999755859375,72.30999755859375,73.75,40271232
2026-06-17 16:00:00+00:00,73.77999877929688,74.58999633789062,73.66000366210938,73.69000244140625,68568576
2026-06-17 17:00:00+00:00,73.73999786376953,74.23999786376953,73.41000366210938,74.11000061035156,9251456
2026-06-17 18:00:00+00:00,73.80999755859375,74.2699966430664,72.1500015258789,73.45999908447266,201179904
2026-06-17 19:00:00+00:00,73.51000213623047,73.6500015258789,72.88999938964844,72.95999908447266,25582336
