timestamp,open,high,low,close,volume
2025-12-20 00:00:00+00:00,0.9998427629470825,1.000211238861084,0.9996675252914429,0.9998183250427246,0
2025-12-20 01:00:00+00:00,0.9998693466186523,1.000171422958374,0.9996902942657471,0.9998236298561096,0
2025-12-20 02:00:00+00:00,0.9998695850372314,1.000234842300415,0.9997897744178772,0.9998819231987,0
2025-12-20 03:00:00+00:00,1.0000147819519043,1.0001499652862549,0.9997360110282898,0.9998712539672852,0
2025-12-20 04:00:00+00:00,0.9998435378074646,1.0000237226486206,0.9997326731681824,0.9998717904090881,0
2025-12-20 05:00:00+00:00,0.9999836087226868,1.0000799894332886,0.9996688365936279,0.9999707937240601,0
2025-12-20 06:00:00+00:00,0.9999465942382812,1.0000859498977661,0.9997944831848145,0.9998125433921814,0
2025-12-20 07:00:00+00:00,0.9998435378074646,0.9999933242797852,0.9997711777687073,0.99994957447052,0
2025-12-20 08:00:00+00:00,0.9998854994773865,1.0000361204147339,0.9997721910476685,0.999809205532074,0
2025-12-20 09:00:00+00:00,0.9998523592948914,1.0001083612442017,0.999762773513794,0.9997680187225342,0
2025-12-20 10:00:00+00:00,0.9997876286506653,0.9999450445175171,0.9996179342269897,0.9998202919960022,0
2025-12-20 11:00:00+00:00,0.9998359680175781,1.0000277757644653,0.9996495246887207,0.9999837279319763,0
2025-12-20 12:00:00+00:00,0.9998131394386292,0.9999347925186157,0.9997478127479553,0.9998869299888611,0
2025-12-20 13:00:00+00:00,0.9999014735221863,1.0006810426712036,0.9996798038482666,0.9998766183853149,0
2025-12-20 14:00:00+00:00,0.9997805953025818,1.0000745058059692,0.9997289180755615,0.9998025298118591,0
2025-12-20 15:00:00+00:00,0.9997683167457581,0.999966025352478,0.9996744990348816,0.9998586177825928,0
2025-12-20 16:00:00+00:00,0.9998193979263306,0.9999282360076904,0.9996734261512756,0.9998083710670471,0
2025-12-20 17:00:00+00:00,0.999839723110199,1.0000414848327637,0.9997051954269409,0.9998363852500916,0
2025-12-20 18:00:00+00:00,0.9998998641967773,0.9999958276748657,0.9997294545173645,0.9999149441719055,0
2025-12-20 19:00:00+00:00,0.9997960329055786,1.000092625617981,0.9997729063034058,0.9998813271522522,0
2025-12-20 20:00:00+00:00,0.9998156428337097,1.0000739097595215,0.9997924566268921,0.999916136264801,0
2025-12-20 21:00:00+00:00,0.9998397827148438,1.0000768899917603,0.9997429847717285,0.9998712539672852,0
2025-12-20 22:00:00+00:00,0.9999575614929199,1.0002830028533936,0.9997028112411499,0.9999778866767883,0
2025-12-20 23:00:00+00:00,0.9998701810836792,1.0001741647720337,0.9997750520706177,0.9999184608459473,0
2025-12-21 00:00:00+00:00,0.999891996383667,0.9999972581863403,0.9997156858444214,0.999901294708252,0
2025-12-21 01:00:00+00:00,1.0000041723251343,1.0001956224441528,0.9996441006660461,0.9997782707214355,0
2025-12-21 02:00:00+00:00,0.9996973872184753,1.0000327825546265,0.9996899962425232,0.9998933672904968,58902272
2025-12-21 03:00:00+00:00,0.9999055862426758,1.0000905990600586,0.9997656941413879,0.9999078512191772,0
2025-12-21 04:00:00+00:00,0.9998845458030701,1.0001899003982544,0.9997663497924805,0.9998688101768494,0
2025-12-21 05:00:00+00:00,0.9998831748962402,1.0002341270446777,0.9997490048408508,0.9999058246612549,0
2025-12-21 06:00:00+00:00,0.9998903870582581,1.000101923942566,0.9996843934059143,0.9998278617858887,0
2025-12-21 07:00:00+00:00,0.9998676776885986,1.0000513792037964,0.9997991323471069,0.9999186396598816,0
2025-12-21 08:00:00+00:00,0.9998718500137329,1.000057339668274,0.9995673894882202,0.9999942183494568,76474880
2025-12-21 09:00:00+00:00,0.9999579787254333,1.000215768814087,0.999703586101532,0.9998287558555603,160948736
2025-12-21 10:00:00+00:00,0.9998189210891724,1.0000354051589966,0.999517560005188,0.9997960925102234,150226688
2025-12-21 11:00:00+00:00,0.9997801184654236,0.9999664425849915,0.9995757937431335,0.9998606443405151,45594880
2025-12-21 12:00:00+00:00,0.9997905492782593,1.0001709461212158,0.9997265934944153,0.9997382164001465,82832640
2025-12-21 13:00:00+00:00,0.9998072981834412,1.0003072023391724,0.9996598958969116,0.9997667074203491,155276800
2025-12-21 14:00:00+00:00,0.9998106956481934,1.0001647472381592,0.999650776386261,0.9998721480369568,116767744
2025-12-21 15:00:00+00:00,0.9998269081115723,1.0003057718276978,0.9996414184570312,0.9998200535774231,66161664
2025-12-21 16:00:00+00:00,0.9997732043266296,1.0000240802764893,0.9996822476387024,0.9998030662536621,48362496
2025-12-21 17:00:00+00:00,0.9998034238815308,1.0000725984573364,0.9997425675392151,0.9998770356178284,73525760
2025-12-21 18:00:00+00:00,0.9998517036437988,0.9999695420265198,0.9995546936988831,0.9997596144676208,49744896
2025-12-21 19:00:00+00:00,0.9998115301132202,1.0004414319992065,0.9995851516723633,0.9999163150787354,69690368
2025-12-21 20:00:00+00:00,0.9997594952583313,1.0000298023223877,0.9997137784957886,0.9998106956481934,86791680
2025-12-21 21:00:00+00:00,0.9998233914375305,1.0000429153442383,0.9996089339256287,0.9999081492424011,57692672
2025-12-21 22:00:00+00:00,0.999763011932373,1.000528335571289,0.99969482421875,0.9999316930770874,27397120
2025-12-21 23:00:00+00:00,0.9998165965080261,1.0000526905059814,0.9995501637458801,0.9998142123222351,143003136
2025-12-22 00:00:00+00:00,0.9998206496238708,1.0002943277359009,0.9997093677520752,0.9998592138290405,605489152
2025-12-22 01:00:00+00:00,0.9999692440032959,1.0004637241363525,0.9996864795684814,0.9998194575309753,242784256
2025-12-22 02:00:00+00:00,0.9999255537986755,1.000198483467102,0.9996010661125183,0.999800443649292,482202112
2025-12-22 03:00:00+00:00,0.9997830986976624,1.0000606775283813,0.9995203018188477,0.999814510345459,128019456
2025-12-22 04:00:00+00:00,0.9997668266296387,1.000413179397583,0.9995086789131165,1.000413179397583,174056448
2025-12-22 05:00:00+00:00,0.9997198581695557,1.0002927780151367,0.9995834827423096,0.9997827410697937,152246272
2025-12-22 06:00:00+00:00,0.9997649788856506,1.000197410583496,0.9995519518852234,0.9998611211776733,191156224
2025-12-22 07:00:00+00:00,0.9998111724853516,1.0003368854522705,0.9996829032897949,0.9998929500579834,397667840
2025-12-22 08:00:00+00:00,0.9998223781585693,1.0001293420791626,0.9996293783187866,0.999891996383667,280598016
2025-12-22 09:00:00+00:00,0.9997939467430115,1.0003513097763062,0.9996415972709656,0.9996415972709656,205213184
2025-12-22 10:00:00+00:00,1.0000079870224,1.00017511844635,0.9996311068534851,0.9998437166213989,50240000
2025-12-22 11:00:00+00:00,0.9997828602790833,1.0002580881118774,0.999661386013031,0.9999036192893982,234740736
2025-12-22 12:00:00+00:00,0.9997954964637756,1.0002021789550781,0.9997033476829529,1.0000765323638916,426369536
2025-12-22 13:00:00+00:00,1.0000308752059937,1.0002176761627197,0.9997432231903076,0.9999105334281921,0
2025-12-22 14:00:00+00:00,0.999828577041626,1.0001879930496216,0.9996967911720276,0.9998458623886108,659137536
2025-12-22 15:00:00+00:00,0.9999144673347473,1.0001246929168701,0.999636709690094,1.0000115633010864,705257472
2025-12-22 16:00:00+00:00,0.9997696280479431,1.000185251235962,0.9994147419929504,0.9997774362564087,384834560
2025-12-22 17:00:00+00:00,0.9997758269309998,1.0001651048660278,0.9996435046195984,0.9997249245643616,257485824
2025-12-22 18:00:00+00:00,0.9997528791427612,1.000157356262207,0.9995546936988831,0.9997525811195374,117207040
2025-12-22 19:00:00+00:00,0.9997721314430237,1.0000272989273071,0.9996205568313599,0.9998251795768738,314221568
2025-12-22 20:00:00+00:00,0.999729573726654,1.0001426935195923,0.9995895624160767,0.9997822046279907,392463360
2025-12-22 21:00:00+00:00,0.9997401237487793,1.0001164674758911,0.9996069073677063,0.9997948408126831,195154944
2025-12-22 22:00:00+00:00,0.9996991157531738,1.0003070831298828,0.9994738101959229,0.9996511936187744,60557312
2025-12-22 23:00:00+00:00,0.9996576905250549,1.000246524810791,0.9994091987609863,0.9997726082801819,96663552
2025-12-23 00:00:00+00:00,0.9999285936355591,1.000478982925415,0.999546229839325,0.9998213648796082,0
2025-12-23 01:00:00+00:00,0.9997921586036682,1.0003782510757446,0.9991614818572998,0.9997498989105225,0
2025-12-23 02:00:00+00:00,0.9997906684875488,1.0001206398010254,0.9994459748268127,0.9997856616973877,0
2025-12-23 03:00:00+00:00,0.9996700286865234,1.000363826751709,0.999520480632782,0.9997712969779968,88737792
2025-12-23 04:00:00+00:00,0.9997339248657227,1.0002641677856445,0.9994224309921265,0.9996057152748108,19348480
2025-12-23 05:00:00+00:00,0.9997000098228455,1.0003280639648438,0.999613344669342,0.9997707605361938,44406784
2025-12-23 06:00:00+00:00,0.9997462034225464,1.0002108812332153,0.9995256662368774,0.9996578097343445,75471872
2025-12-23 07:00:00+00:00,0.9996761083602905,1.0001236200332642,0.9996419548988342,0.9996993541717529,5494872064
2025-12-23 08:00:00+00:00,0.999610185623169,0.9999893307685852,0.999610185623169,0.9997743368148804,2714251264
2025-12-23 09:00:00+00:00,0.9997098445892334,1.0000200271606445,0.9994127154350281,0.9998437166213989,0
2025-12-23 10:00:00+00:00,0.9997812509536743,1.0000638961791992,0.9996581673622131,0.9997761845588684,0
2025-12-23 11:00:00+00:00,0.9997426271438599,1.0002658367156982,0.9997007250785828,0.9999675154685974,0
2025-12-23 12:00:00+00:00,0.9999197721481323,1.0004016160964966,0.9996045827865601,0.9998015761375427,0
2025-12-23 13:00:00+00:00,0.9997848272323608,1.0000914335250854,0.9996541738510132,1.0000914335250854,3188736
2025-12-23 14:00:00+00:00,0.9997646808624268,1.0002721548080444,0.9996629953384399,0.9996629953384399,3262464
2025-12-23 15:00:00+00:00,1.0000964403152466,1.0002137422561646,0.999248743057251,0.999812662601471,0
2025-12-23 16:00:00+00:00,0.999762773513794,1.0001713037490845,0.9996121525764465,0.99990314245224,235190272
2025-12-23 17:00:00+00:00,0.9998658895492554,1.000074863433838,0.9995898008346558,0.999913215637207,62353408
2025-12-23 18:00:00+00:00,0.9997066855430603,1.0001401901245117,0.9996961355209351,0.9997888207435608,231389184
2025-12-23 19:00:00+00:00,0.9998241662979126,1.0000853538513184,0.9995390176773071,0.9999241828918457,0
2025-12-23 20:00:00+00:00,0.999691367149353,1.0000613927841187,0.9995260238647461,0.9997484683990479,0
2025-12-23 21:00:00+00:00,0.9997779726982117,1.000187873840332,0.9995372295379639,0.9997312426567078,105398272
2025-12-23 22:00:00+00:00,0.9997703433036804,1.0005073547363281,0.9996303915977478,0.9997720122337341,34019328
2025-12-23 23:00:00+00:00,0.9999275207519531,1.0002003908157349,0.999605655670166,0.9997488856315613,0
2025-12-24 00:00:00+00:00,0.9998281598091125,1.0001437664031982,0.9995825290679932,0.9998003244400024,49868800
2025-12-24 01:00:00+00:00,0.9997327923774719,1.0002976655960083,0.999614417552948,0.9998501539230347,0
2025-12-24 02:00:00+00:00,0.999889075756073,1.0001827478408813,0.9996614456176758,0.9997818470001221,0
2025-12-24 03:00:00+00:00,0.9995604157447815,1.0002368688583374,0.9995604157447815,0.9997164011001587,165109760
2025-12-24 04:00:00+00:00,0.9997261762619019,1.0000994205474854,0.9995826482772827,0.9996697306632996,95920128
2025-12-24 05:00:00+00:00,0.9996333718299866,1.000207543373108,0.9994001984596252,0.999737024307251,104288256
2025-12-24 06:00:00+00:00,0.9997519254684448,1.0001182556152344,0.999700665473938,0.9998227953910828,0
2025-12-24 07:00:00+00:00,0.9998651146888733,1.000245451927185,0.9996174573898315,0.9996519088745117,0
2025-12-24 08:00:00+00:00,0.9998251795768738,1.0001178979873657,0.9994645714759827,0.9994645714759827,0
2025-12-24 09:00:00+00:00,0.9997488260269165,1.000238299369812,0.9995895028114319,0.999742865562439,0
2025-12-24 10:00:00+00:00,0.9996910691261292,1.0004862546920776,0.9996774792671204,0.9998238682746887,95155200
2025-12-24 11:00:00+00:00,0.9998810291290283,1.0003268718719482,0.9996382594108582,0.9997397065162659,0
2025-12-24 12:00:00+00:00,0.999765932559967,1.0002644062042236,0.9995462894439697,0.9997789263725281,0
2025-12-24 13:00:00+00:00,0.9998121857643127,1.0001188516616821,0.9996780157089233,0.9997898936271667,0
2025-12-24 14:00:00+00:00,0.9998345375061035,1.0001943111419678,0.9995865821838379,0.999761164188385,0
2025-12-24 15:00:00+00:00,0.999944269657135,1.0001845359802246,0.9996412992477417,0.9997450709342957,0
2025-12-24 16:00:00+00:00,1.0000250339508057,1.0002622604370117,0.9995702505111694,0.9998108744621277,0
2025-12-24 17:00:00+00:00,0.9998030066490173,1.000352382659912,0.9993714690208435,0.999569833278656,0
2025-12-24 18:00:00+00:00,0.9996547102928162,1.000248670578003,0.9995080828666687,0.9998432993888855,0
2025-12-24 19:00:00+00:00,0.9997873306274414,1.0003036260604858,0.9996681213378906,0.9998648166656494,0
2025-12-24 20:00:00+00:00,0.9998310804367065,1.0001345872879028,0.9996394515037537,0.9997508525848389,0
2025-12-24 21:00:00+00:00,0.9997518658638,1.0000617504119873,0.9996605515480042,0.9996605515480042,0
2025-12-24 22:00:00+00:00,0.9997121691703796,1.0002479553222656,0.9996933937072754,0.9997602105140686,0
2025-12-24 23:00:00+00:00,0.9998053908348083,1.0000736713409424,0.9996002316474915,0.999688446521759,0
2025-12-25 00:00:00+00:00,0.9996787309646606,1.000096321105957,0.9994395971298218,0.9997920393943787,7993856
2025-12-25 01:00:00+00:00,0.9997739195823669,1.0002377033233643,0.9995673894882202,0.9998077750205994,0
2025-12-25 02:00:00+00:00,0.9997559785842896,1.0002106428146362,0.9996783137321472,0.9998372197151184,0
2025-12-25 03:00:00+00:00,0.999931275844574,0.9999918341636658,0.9996702671051025,0.9998282194137573,0
2025-12-25 04:00:00+00:00,0.9997445940971375,0.9998676776885986,0.9996668696403503,0.9998217821121216,0
2025-12-25 05:00:00+00:00,0.9998655915260315,0.9999569654464722,0.9996935129165649,0.9997677803039551,0
2025-12-25 06:00:00+00:00,0.9998079538345337,1.0000081062316895,0.9996644854545593,0.9997943043708801,0
2025-12-25 07:00:00+00:00,0.9997568726539612,1.0001219511032104,0.9996362924575806,0.9999110698699951,0
2025-12-25 08:00:00+00:00,0.999889075756073,1.000072717666626,0.999632716178894,0.9997364282608032,0
2025-12-25 09:00:00+00:00,0.9997750520706177,0.9999461770057678,0.9995126724243164,0.9997128248214722,0
2025-12-25 10:00:00+00:00,0.9997571706771851,0.999970555305481,0.999572217464447,0.9999197125434875,0
2025-12-25 11:00:00+00:00,0.9999396800994873,1.0001654624938965,0.9996382594108582,0.999710738658905,0
2025-12-25 12:00:00+00:00,0.9996857643127441,1.0001075267791748,0.9996411800384521,0.9998897910118103,0
2025-12-25 13:00:00+00:00,0.9998242259025574,1.0002802610397339,0.9996234774589539,1.0000258684158325,0
2025-12-25 14:00:00+00:00,0.9998782277107239,1.0001345872879028,0.9997140169143677,0.9998437762260437,0
2025-12-25 15:00:00+00:00,0.9997157454490662,1.0001689195632935,0.9994285702705383,0.999813437461853,50598912
2025-12-25 16:00:00+00:00,0.9997302293777466,1.0002628564834595,0.999434232711792,0.9996438026428223,0
2025-12-25 17:00:00+00:00,0.9996411204338074,1.000150203704834,0.9995651245117188,0.9997650384902954,0
2025-12-25 18:00:00+00:00,0.9997064471244812,1.0001544952392578,0.9996302723884583,0.9997326731681824,0
2025-12-25 19:00:00+00:00,0.9996953010559082,0.9999895095825195,0.9996095299720764,0.9997878670692444,0
2025-12-25 20:00:00+00:00,0.999748945236206,1.0002427101135254,0.9996064901351929,0.9998505115509033,0
2025-12-25 21:00:00+00:00,0.999946653842926,1.0002309083938599,0.9995856881141663,0.9998197555541992,0
2025-12-25 22:00:00+00:00,0.9997674226760864,1.0005154609680176,0.9995893836021423,1.0000277757644653,94668800
2025-12-25 23:00:00+00:00,0.9997613430023193,1.0001693964004517,0.9996167421340942,0.9997828006744385,227991040
2025-12-26 00:00:00+00:00,0.9997462630271912,1.0002890825271606,0.9996646642684937,0.9997595548629761,247343616
2025-12-26 01:00:00+00:00,0.9999167919158936,1.0003396272659302,0.9996622204780579,0.9999129176139832,88762368
2025-12-26 02:00:00+00:00,0.9998633861541748,1.0003381967544556,0.9996060729026794,0.9997658133506775,781020160
2025-12-26 03:00:00+00:00,0.999795138835907,1.0000628232955933,0.9994206428527832,0.9998665452003479,217283072
2025-12-26 04:00:00+00:00,0.9997633099555969,1.0001378059387207,0.9995454549789429,0.999649703502655,224434176
2025-12-26 05:00:00+00:00,0.9996803998947144,1.0001667737960815,0.9996050596237183,0.9997676610946655,0
2025-12-26 06:00:00+00:00,0.9998384118080139,1.0002036094665527,0.9996625781059265,0.9997916221618652,1591808
2025-12-26 07:00:00+00:00,0.9997407793998718,1.0002344846725464,0.9994983673095703,0.9996894598007202,338693120
2025-12-26 08:00:00+00:00,1.0000278949737549,1.0000278949737549,0.9996275901794434,0.9998061060905457,0
2025-12-26 09:00:00+00:00,0.9999191164970398,1.0002031326293945,0.9996851086616516,0.9996851086616516,58752000
2025-12-26 10:00:00+00:00,0.999704122543335,1.0001344680786133,0.9996433854103088,0.9998537302017212,52155904
2025-12-26 11:00:00+00:00,0.999800980091095,0.9999839067459106,0.9996597766876221,0.9998862743377686,0
2025-12-26 12:00:00+00:00,0.9998673796653748,1.0001392364501953,0.999701201915741,0.9998230934143066,0
2025-12-26 13:00:00+00:00,0.999808132648468,1.000260829925537,0.9997388124465942,1.0001533031463623,61241856
2025-12-26 14:00:00+00:00,0.9997800588607788,1.000464916229248,0.9995987415313721,1.0001206398010254,495932416
2025-12-26 15:00:00+00:00,0.9997584819793701,1.0001417398452759,0.9993979930877686,0.9997009634971619,480711168
2025-12-26 16:00:00+00:00,0.999797523021698,1.0002202987670898,0.9995018839836121,0.9996963143348694,247343104
2025-12-26 17:00:00+00:00,0.9998036026954651,1.0001875162124634,0.999489426612854,0.999489426612854,352856064
2025-12-26 18:00:00+00:00,0.9995695352554321,1.000056266784668,0.9991840124130249,0.9996864199638367,101686272
2025-12-26 19:00:00+00:00,0.9997416734695435,0.9999871253967285,0.9994519948959351,0.9997866153717041,17729536
2025-12-26 20:00:00+00:00,0.9998980164527893,1.0000873804092407,0.999583899974823,0.9996726512908936,131622912
2025-12-26 21:00:00+00:00,0.9996517896652222,0.9998889565467834,0.9995768070220947,0.9996947050094604,47133696
2025-12-26 22:00:00+00:00,0.9996858835220337,1.0000321865081787,0.9995842576026917,0.9997742772102356,0
2025-12-26 23:00:00+00:00,1.0001137256622314,1.0001137256622314,0.9995604157447815,0.999667227268219,0
2025-12-27 00:00:00+00:00,0.9997044801712036,1.000053882598877,0.9996651411056519,0.9997022747993469,56425472
2025-12-27 01:00:00+00:00,0.9997596740722656,1.0000008344650269,0.9996620416641235,0.9997363090515137,0
2025-12-27 02:00:00+00:00,0.9997150897979736,0.9999168515205383,0.9996281266212463,0.999761164188385,0
2025-12-27 03:00:00+00:00,0.9997753500938416,0.9999251365661621,0.999448835849762,0.9997395277023315,0
2025-12-27 04:00:00+00:00,0.9996953010559082,1.0000118017196655,0.9995808601379395,0.9997650980949402,0
2025-12-27 05:00:00+00:00,0.9997171759605408,0.9999395608901978,0.9996575117111206,0.9998241662979126,0
2025-12-27 06:00:00+00:00,0.9997973442077637,0.9999722838401794,0.9996650815010071,0.9998800158500671,0
2025-12-27 07:00:00+00:00,0.9998689889907837,1.0000333786010742,0.9996514320373535,0.9997219443321228,0
2025-12-27 08:00:00+00:00,0.9996932744979858,0.9999988675117493,0.9996228218078613,0.9996998906135559,0
2025-12-27 09:00:00+00:00,0.9996581077575684,0.9999033212661743,0.9994828104972839,0.9997106194496155,0
2025-12-27 10:00:00+00:00,0.999724268913269,0.9999596476554871,0.9995386004447937,0.9997778534889221,43246592
2025-12-27 11:00:00+00:00,0.999696671962738,0.9999560713768005,0.9995874762535095,0.9997510313987732,0
2025-12-27 12:00:00+00:00,0.9999474287033081,1.000112533569336,0.9996633529663086,0.9997853636741638,0
2025-12-27 13:00:00+00:00,0.9998320937156677,1.0001344680786133,0.9996243119239807,0.9998730421066284,0
2025-12-27 14:00:00+00:00,0.9997358322143555,0.999996542930603,0.9996181726455688,0.9996928572654724,0
2025-12-27 15:00:00+00:00,0.9996781945228577,0.9999157190322876,0.9995932579040527,0.9998143315315247,0
2025-12-27 16:00:00+00:00,0.9997909069061279,0.9999106526374817,0.9995803833007812,0.999718964099884,0
2025-12-27 17:00:00+00:00,0.9997037649154663,0.9999610781669617,0.9996102452278137,0.9997655749320984,0
2025-12-27 18:00:00+00:00,0.999778151512146,0.9998307824134827,0.9996041655540466,0.9997292160987854,0
2025-12-27 19:00:00+00:00,0.9997278451919556,0.9999507665634155,0.9996230006217957,0.9998108744621277,0
2025-12-27 20:00:00+00:00,0.9999352693557739,0.9999352693557739,0.9996182918548584,0.9996722340583801,0
2025-12-27 21:00:00+00:00,0.9997474551200867,0.9999306797981262,0.9996792674064636,0.9997835159301758,0
2025-12-27 22:00:00+00:00,0.9999416470527649,1.0003448724746704,0.9994164705276489,0.9997240304946899,91179776
2025-12-27 23:00:00+00:00,0.9996442794799805,0.9999209642410278,0.9993764758110046,0.9996368288993835,15857408
2025-12-28 00:00:00+00:00,0.9996645450592041,0.999992311000824,0.9995139241218567,0.9996960759162903,9861376
2025-12-28 01:00:00+00:00,0.9997506141662598,0.9999251961708069,0.9994884729385376,0.9997878670692444,0
2025-12-28 02:00:00+00:00,0.9997249841690063,1.000009536743164,0.9996591806411743,0.9997536540031433,0
2025-12-28 03:00:00+00:00,0.9997374415397644,0.9998570680618286,0.999600350856781,0.9997598528862,0
2025-12-28 04:00:00+00:00,0.999767541885376,0.9997912049293518,0.9993820190429688,0.9996723532676697,0
2025-12-28 05:00:00+00:00,0.9996997714042664,0.9999492168426514,0.9993278980255127,0.9998605251312256,127141888
2025-12-28 06:00:00+00:00,0.9998575448989868,0.999920129776001,0.9995869994163513,0.9997156858444214,85069568
2025-12-28 07:00:00+00:00,0.9996575713157654,0.9999292492866516,0.9995698928833008,0.9998448491096497,0
2025-12-28 08:00:00+00:00,0.9997745752334595,1.000051736831665,0.999692440032959,0.9997256994247437,25949440
2025-12-28 09:00:00+00:00,0.9997544288635254,1.0000602006912231,0.9996569156646729,0.9998677372932434,0
2025-12-28 10:00:00+00:00,0.9999096989631653,0.9999651312828064,0.9995367527008057,0.999788224697113,0
2025-12-28 11:00:00+00:00,0.9997738599777222,1.0000832080841064,0.9996048808097839,0.9996743202209473,64905728
2025-12-28 12:00:00+00:00,0.9997948408126831,0.9998758435249329,0.9996466040611267,0.9997183084487915,0
2025-12-28 13:00:00+00:00,0.9996773600578308,0.9999852180480957,0.999636173248291,0.9996549487113953,204824320
2025-12-28 14:00:00+00:00,0.999665379524231,1.0000214576721191,0.9995002746582031,0.9996573328971863,451823360
2025-12-28 15:00:00+00:00,0.9997369050979614,0.9999163150787354,0.9996219277381897,0.9996545910835266,16504320
2025-12-28 16:00:00+00:00,0.9997105002403259,0.999923825263977,0.999574601650238,0.9997464418411255,4038912
2025-12-28 17:00:00+00:00,0.9997243881225586,0.9999271035194397,0.999588668346405,0.9997201561927795,16909312
2025-12-28 18:00:00+00:00,0.9996494650840759,0.9999099969863892,0.999351978302002,0.9996422529220581,77975040
2025-12-28 19:00:00+00:00,0.9996585845947266,1.0000982284545898,0.9995473623275757,0.9997177720069885,48985088
2025-12-28 20:00:00+00:00,0.9996995329856873,0.9999508857727051,0.9995410442352295,0.9996206760406494,70545920
2025-12-28 21:00:00+00:00,0.999686062335968,0.9999060034751892,0.9996529817581177,0.9997473955154419,0
2025-12-28 22:00:00+00:00,0.9997423887252808,1.0000046491622925,0.9995863437652588,0.99967360496521,0
2025-12-28 23:00:00+00:00,0.9996550679206848,0.9998615980148315,0.999479353427887,0.9997550249099731,0
2025-12-29 00:00:00+00:00,0.9997684359550476,1.0000675916671753,0.9995183348655701,0.9997378587722778,335441664
2025-12-29 01:00:00+00:00,0.9996569156646729,1.000023365020752,0.9992930889129639,0.9996646046638489,360500736
2025-12-29 02:00:00+00:00,0.9996953010559082,1.0001883506774902,0.9995630979537964,0.9996485114097595,713745408
2025-12-29 03:00:00+00:00,0.9997543096542358,0.9999726414680481,0.9993609189987183,0.9998418688774109,537581056
2025-12-29 04:00:00+00:00,0.9997379183769226,1.0000911951065063,0.9995215535163879,0.99969083070755,455442432
2025-12-29 05:00:00+00:00,0.9995308518409729,0.9999195337295532,0.9995308518409729,0.9997116327285767,237705728
2025-12-29 06:00:00+00:00,0.9996706247329712,0.999936580657959,0.9995589256286621,0.9997316598892212,95041024
2025-12-29 07:00:00+00:00,0.9996705055236816,1.0000039339065552,0.999474048614502,0.9997494220733643,497845248
2025-12-29 08:00:00+00:00,0.9997767210006714,0.9999912977218628,0.9994784593582153,0.9996907114982605,245925376
2025-12-29 09:00:00+00:00,0.9996979832649231,1.0002541542053223,0.99950110912323,0.9996813535690308,984633344
2025-12-29 10:00:00+00:00,0.9999439716339111,0.9999439716339111,0.9995212554931641,0.9997111558914185,356403200
2025-12-29 11:00:00+00:00,0.9997223019599915,1.0000512599945068,0.9994627833366394,0.9997533559799194,187835392
2025-12-29 12:00:00+00:00,0.9997016191482544,0.9999548196792603,0.9994341135025024,0.9996364116668701,650334208
2025-12-29 13:00:00+00:00,0.9996901154518127,0.9999290704727173,0.9994339942932129,0.9996706247329712,0
2025-12-29 14:00:00+00:00,0.9997216463088989,1.000157117843628,0.9993122220039368,0.9996050000190735,133789696
2025-12-29 15:00:00+00:00,1.0002137422561646,1.0002137422561646,0.9994917511940002,0.9997050762176514,785773568
2025-12-29 16:00:00+00:00,0.9997100830078125,1.0001335144042969,0.999387264251709,0.9996054768562317,648473600
2025-12-29 17:00:00+00:00,0.9995740652084351,0.9998999238014221,0.9994778633117676,0.9996667504310608,353271808
2025-12-29 18:00:00+00:00,0.9997612833976746,1.0000739097595215,0.9994655847549438,0.9996654987335205,218105856
2025-12-29 19:00:00+00:00,0.9995741248130798,1.0003435611724854,0.9994255900382996,0.9995814561843872,211399680
2025-12-29 20:00:00+00:00,0.999612033367157,1.0000832080841064,0.9994184374809265,0.9995483756065369,290621440
2025-12-29 21:00:00+00:00,0.999439001083374,0.9998574256896973,0.9993094205856323,0.9996171593666077,153307136
2025-12-29 22:00:00+00:00,0.9997120499610901,1.00044846534729,0.9994062185287476,0.9996777176856995,90235904
2025-12-29 23:00:00+00:00,0.9996908903121948,1.0001676082611084,0.9995096325874329,0.9996617436408997,13100032
2025-12-30 00:00:00+00:00,0.999686062335968,0.9998251795768738,0.999518632888794,0.9996016025543213,0
2025-12-30 01:00:00+00:00,0.9996404647827148,0.9999279379844666,0.9995658993721008,0.9997550249099731,0
2025-12-30 02:00:00+00:00,0.999823272228241,0.9998845458030701,0.9995347261428833,0.999699056148529,0
2025-12-30 03:00:00+00:00,0.9997084140777588,0.9999302625656128,0.9994797706604004,0.999722957611084,0
2025-12-30 04:00:00+00:00,0.9998698830604553,0.999881386756897,0.9995244145393372,0.999620795249939,0
2025-12-30 05:00:00+00:00,0.9995931386947632,0.9998559355735779,0.9993327856063843,0.9995883703231812,0
2025-12-30 06:00:00+00:00,0.9997463226318359,1.000074863433838,0.999506950378418,0.9996155500411987,190912512
2025-12-30 07:00:00+00:00,0.9996560215950012,1.000052809715271,0.9992934465408325,0.9996522665023804,0
2025-12-30 08:00:00+00:00,0.9996422529220581,1.0001633167266846,0.9995110630989075,0.9997124075889587,275381248
2025-12-30 09:00:00+00:00,0.9996448159217834,0.999980092048645,0.9994884133338928,0.9996576309204102,0
2025-12-30 10:00:00+00:00,0.9996305704116821,1.0002392530441284,0.9994094371795654,0.9997175335884094,0
2025-12-30 11:00:00+00:00,0.9997142553329468,0.9998722076416016,0.999481737613678,0.9995068907737732,47279104
2025-12-30 12:00:00+00:00,0.9996140003204346,1.0003595352172852,0.9994935393333435,0.9997298717498779,0
2025-12-30 13:00:00+00:00,0.9998822808265686,1.0001754760742188,0.9994673132896423,0.999683678150177,0
2025-12-30 14:00:00+00:00,0.9996265769004822,1.0001343488693237,0.9990114569664001,0.9998838305473328,169199616
2025-12-30 15:00:00+00:00,0.9996856451034546,1.000219702720642,0.9994044303894043,0.9997609853744507,261931008
2025-12-30 16:00:00+00:00,0.999697744846344,1.0003597736358643,0.9995179772377014,0.9997718334197998,50983936
2025-12-30 17:00:00+00:00,0.9998462200164795,1.0000605583190918,0.9995331168174744,0.9996815323829651,88529920
2025-12-30 18:00:00+00:00,0.9995899796485901,1.0000299215316772,0.9993885159492493,0.9996799230575562,0
2025-12-30 19:00:00+00:00,0.9997819066047668,1.0000262260437012,0.9993912577629089,0.9997317790985107,48442368
2025-12-30 20:00:00+00:00,0.9996523261070251,0.9999284744262695,0.9994876980781555,0.9996762275695801,0
2025-12-30 21:00:00+00:00,0.9997420907020569,1.0002224445343018,0.9994930624961853,0.9997023940086365,77169664
2025-12-30 22:00:00+00:00,0.9997447729110718,0.999893069267273,0.9994087815284729,0.999893069267273,56830976
2025-12-30 23:00:00+00:00,0.9998581409454346,1.0000433921813965,0.9995859861373901,0.9997006058692932,2599936
2025-12-31 00:00:00+00:00,0.9996984601020813,0.9998151659965515,0.999363899230957,0.9996300935745239,144437248
2025-12-31 01:00:00+00:00,0.9996151328086853,1.0007131099700928,0.999383807182312,0.999634861946106,138629120
2025-12-31 02:00:00+00:00,0.999614417552948,0.9998646974563599,0.99920654296875,0.9997372627258301,0
2025-12-31 03:00:00+00:00,0.999700129032135,0.9998857975006104,0.9993215203285217,0.9995908737182617,0
2025-12-31 04:00:00+00:00,0.9996607303619385,0.9999777674674988,0.9992266893386841,0.999651312828064,118714368
2025-12-31 05:00:00+00:00,0.9995959997177124,0.999964714050293,0.9994593262672424,0.9996652603149414,0
2025-12-31 06:00:00+00:00,0.9996377229690552,0.9998700618743896,0.9995812773704529,0.9995954036712646,0
2025-12-31 07:00:00+00:00,0.9996480345726013,0.9998611211776733,0.9995086193084717,0.9996845126152039,43432960
2025-12-31 08:00:00+00:00,0.9996631741523743,0.9998635649681091,0.9993717074394226,0.999674916267395,0
2025-12-31 09:00:00+00:00,0.9996208548545837,1.000076413154602,0.9995545148849487,0.9995598196983337,0
2025-12-31 10:00:00+00:00,0.9995871782302856,0.9999447464942932,0.9995549917221069,0.9996055364608765,10273792
2025-12-31 11:00:00+00:00,0.999661386013031,1.000185251235962,0.9995909333229065,0.9997709393501282,106363904
2025-12-31 12:00:00+00:00,0.9998438954353333,0.9998587965965271,0.9994453191757202,0.9997313618659973,167612416
2025-12-31 13:00:00+00:00,0.9996961951255798,1.0003052949905396,0.9995697140693665,0.9996740818023682,202008576
2025-12-31 14:00:00+00:00,0.9996820688247681,1.0004929304122925,0.9994626045227051,0.9997197985649109,0
2025-12-31 15:00:00+00:00,0.9998789429664612,0.9999315738677979,0.999432384967804,0.9997246265411377,0
2025-12-31 16:00:00+00:00,0.9992743730545044,0.9998717308044434,0.9992743730545044,0.9998648166656494,0
2025-12-31 17:00:00+00:00,0.9997463822364807,0.999993622303009,0.9994146823883057,0.9995774030685425,0
2025-12-31 18:00:00+00:00,0.9996720552444458,1.0001540184020996,0.9994760155677795,0.9995715022087097,0
2025-12-31 19:00:00+00:00,0.9994542002677917,0.999796450138092,0.9994542002677917,0.9996698498725891,51329024
2025-12-31 20:00:00+00:00,0.999520480632782,0.9997450709342957,0.9994108080863953,0.9996422529220581,319809536
2025-12-31 21:00:00+00:00,0.9996626973152161,0.9998710751533508,0.9995592832565308,0.9995592832565308,131125248
2025-12-31 22:00:00+00:00,0.999625027179718,0.9998273849487305,0.9995483160018921,0.9997340440750122,0
2025-12-31 23:00:00+00:00,0.9998047947883606,0.9998047947883606,0.9995143413543701,0.9995745420455933,0
2026-01-01 00:00:00+00:00,0.9996557235717773,0.999817967414856,0.9995570778846741,0.9996111989021301,0
2026-01-01 01:00:00+00:00,0.9996238946914673,0.9999407529830933,0.9993374943733215,0.9995337128639221,0
2026-01-01 02:00:00+00:00,0.999586820602417,0.9998560547828674,0.9995036125183105,0.999677836894989,0
2026-01-01 03:00:00+00:00,0.9995733499526978,0.9999381899833679,0.9993454813957214,0.9996092319488525,0
2026-01-01 04:00:00+00:00,0.9993699193000793,0.9997004270553589,0.9992572665214539,0.9995592832565308,17053696
2026-01-01 05:00:00+00:00,0.9996472001075745,0.9998112320899963,0.999518871307373,0.9996640086174011,48143360
2026-01-01 06:00:00+00:00,0.9996768236160278,0.999748706817627,0.9992689490318298,0.9996514320373535,0
2026-01-01 07:00:00+00:00,0.999660849571228,0.9997512698173523,0.9994000792503357,0.999426543712616,0
2026-01-01 08:00:00+00:00,0.9995830655097961,0.9997425675392151,0.9994745254516602,0.9996863603591919,0
2026-01-01 09:00:00+00:00,0.9998517036437988,0.9998517036437988,0.9995602369308472,0.9997200965881348,0
2026-01-01 10:00:00+00:00,0.9997474551200867,0.9998162388801575,0.9995289444923401,0.9997395277023315,0
2026-01-01 11:00:00+00:00,0.9997777342796326,0.9998685121536255,0.9995563626289368,0.9998606443405151,0
2026-01-01 12:00:00+00:00,0.99986332654953,0.9999133348464966,0.9995419383049011,0.9996549487113953,0
2026-01-01 13:00:00+00:00,0.9996055960655212,0.9999220967292786,0.9994756579399109,0.999702513217926,0
2026-01-01 14:00:00+00:00,0.9996800422668457,0.9998639822006226,0.9995047450065613,0.9997256398200989,0
2026-01-01 15:00:00+00:00,0.9997429251670837,1.0002037286758423,0.9995539784431458,0.999718964099884,0
2026-01-01 16:00:00+00:00,0.9996160864830017,0.9998772740364075,0.9994705319404602,0.9997043609619141,0
2026-01-01 17:00:00+00:00,0.9997230768203735,0.9999788403511047,0.9995911121368408,0.9997543096542358,0
2026-01-01 18:00:00+00:00,0.9996911287307739,0.9999669194221497,0.9993900060653687,0.9997072219848633,0
2026-01-01 19:00:00+00:00,0.9997273683547974,0.9999570250511169,0.9994996786117554,0.9996641874313354,0
2026-01-01 20:00:00+00:00,0.9996734857559204,0.9998136162757874,0.9994361400604248,0.9997572302818298,0
2026-01-01 21:00:00+00:00,0.9997437000274658,0.9999055862426758,0.999621570110321,0.9997293949127197,0
2026-01-01 22:00:00+00:00,0.9997084736824036,1.000081181526184,0.9995644688606262,0.9997240304946899,0
2026-01-01 23:00:00+00:00,0.9997919201850891,0.9999844431877136,0.9994887709617615,0.9997575283050537,226006016
2026-01-02 00:00:00+00:00,0.99969482421875,0.9999324083328247,0.9995725154876709,0.9996719360351562,90900992
2026-01-02 01:00:00+00:00,0.9998630881309509,1.0000051259994507,0.9994960427284241,0.9998444318771362,0
2026-01-02 02:00:00+00:00,0.9997744560241699,1.0001972913742065,0.9989941716194153,0.9996923804283142,0
2026-01-02 03:00:00+00:00,0.9997854232788086,1.000104546546936,0.9990205764770508,0.9997363090515137,231671296
2026-01-02 04:00:00+00:00,0.9997932314872742,0.9998965263366699,0.9993405342102051,0.9997013211250305,0
2026-01-02 05:00:00+00:00,0.999729573726654,1.0000815391540527,0.999598503112793,0.999699056148529,0
2026-01-02 06:00:00+00:00,0.9996597170829773,1.0000042915344238,0.999478280544281,0.9997248649597168,65536512
2026-01-02 07:00:00+00:00,0.9997414350509644,0.9998003840446472,0.9995577931404114,0.9996901154518127,146863616
2026-01-02 08:00:00+00:00,0.9996391534805298,1.0000466108322144,0.9993787407875061,1.0000125169754028,175303680
2026-01-02 09:00:00+00:00,0.9998306632041931,0.9999669790267944,0.9995617270469666,0.9997674226760864,398140928
2026-01-02 10:00:00+00:00,0.9999595284461975,0.9999595284461975,0.9994937181472778,0.9996707439422607,493024256
2026-01-02 11:00:00+00:00,0.9997718930244446,1.000158667564392,0.9993928670883179,0.9996907711029053,96052224
2026-01-02 12:00:00+00:00,0.9997186660766602,1.0002678632736206,0.9995374083518982,0.9996678829193115,320225792
2026-01-02 13:00:00+00:00,0.9996676445007324,1.0000640153884888,0.9995602965354919,0.999770998954773,167198208
2026-01-02 14:00:00+00:00,0.999730110168457,1.0003751516342163,0.9995218515396118,1.0002139806747437,907587072
2026-01-02 15:00:00+00:00,0.9997687339782715,1.0003371238708496,0.9995902180671692,0.999785840511322,966967808
2026-01-02 16:00:00+00:00,0.9998593330383301,1.0003775358200073,0.9994210600852966,1.000023365020752,1216351232
2026-01-02 17:00:00+00:00,0.999778151512146,1.0002799034118652,0.9996621608734131,0.9998522996902466,867919872
2026-01-02 18:00:00+00:00,1.000014305114746,1.0002597570419312,0.999611496925354,1.0000203847885132,616611840
2026-01-02 19:00:00+00:00,0.9998428821563721,1.0001698732376099,0.9996506571769714,0.9997270703315735,830171136
2026-01-02 20:00:00+00:00,1.0000247955322266,1.000160574913025,0.9996204972267151,0.9998480081558228,364655616
2026-01-02 21:00:00+00:00,0.9999946355819702,1.000025749206543,0.9995266795158386,0.9997432231903076,75912192
2026-01-02 22:00:00+00:00,0.9998022317886353,1.0000998973846436,0.9997124671936035,1.0000196695327759,257172480
2026-01-02 23:00:00+00:00,0.9999909996986389,1.0000826120376587,0.9996837973594666,0.9999979138374329,86016
2026-01-03 00:00:00+00:00,0.9999087452888489,1.0000755786895752,0.9997296929359436,0.999853789806366,0
2026-01-03 01:00:00+00:00,0.999915599822998,1.0001254081726074,0.9997142553329468,1.0001254081726074,28939264
2026-01-03 02:00:00+00:00,0.9998806118965149,1.0001137256622314,0.999683678150177,0.9998659491539001,110485504
2026-01-03 03:00:00+00:00,0.9997065663337708,1.0001084804534912,0.999686062335968,0.999772310256958,0
2026-01-03 04:00:00+00:00,0.9999228119850159,1.0000509023666382,0.9997153878211975,0.9998499751091003,92241920
2026-01-03 05:00:00+00:00,0.9998443126678467,1.0000771284103394,0.9996298551559448,0.9999478459358215,0
2026-01-03 06:00:00+00:00,0.9997302889823914,1.0000338554382324,0.999617874622345,0.9998424649238586,0
2026-01-03 07:00:00+00:00,0.9999390840530396,1.0000206232070923,0.9996631145477295,1.0000206232070923,154572800
2026-01-03 08:00:00+00:00,0.9996650815010071,1.000141978263855,0.9996650815010071,0.9998562335968018,44177408
2026-01-03 09:00:00+00:00,0.9998078346252441,1.0001094341278076,0.9996106028556824,0.9999917149543762,0
2026-01-03 10:00:00+00:00,0.999743640422821,1.0001009702682495,0.9996154308319092,0.9997839331626892,0
2026-01-03 11:00:00+00:00,0.9996461272239685,1.0000771284103394,0.9996423125267029,0.9996922612190247,41593856
2026-01-03 12:00:00+00:00,0.9998486042022705,1.0000935792922974,0.9996562600135803,0.9999223947525024,0
2026-01-03 13:00:00+00:00,0.9999783635139465,1.0001999139785767,0.9996972680091858,0.999850332736969,0
2026-01-03 14:00:00+00:00,0.9997748136520386,1.000062108039856,0.9996324777603149,0.9998418688774109,0
2026-01-03 15:00:00+00:00,0.9998488426208496,0.9999465942382812,0.9996787309646606,0.9997631907463074,0
2026-01-03 16:00:00+00:00,0.9997701048851013,0.9999461770057678,0.9996269345283508,0.9996269345283508,0
2026-01-03 17:00:00+00:00,0.999773383140564,0.9998541474342346,0.9996583461761475,0.9998190402984619,0
2026-01-03 18:00:00+00:00,0.999677836894989,0.9999394416809082,0.9996010661125183,0.9996896982192993,0
2026-01-03 19:00:00+00:00,0.999681293964386,0.9998048543930054,0.999657154083252,0.9997405409812927,0
2026-01-03 20:00:00+00:00,0.9997161030769348,0.9999082088470459,0.9995856881141663,0.9997154474258423,0
2026-01-03 21:00:00+00:00,0.9997409582138062,0.9998074173927307,0.9996082782745361,0.9997919201850891,0
2026-01-03 22:00:00+00:00,0.9998699426651001,0.9999954104423523,0.9996389150619507,0.9998970031738281,0
2026-01-03 23:00:00+00:00,0.999876081943512,0.999976396560669,0.9997137784957886,0.9999287128448486,0
2026-01-04 00:00:00+00:00,0.9999409914016724,0.9999589323997498,0.9996802806854248,0.9997615218162537,293676544
2026-01-04 01:00:00+00:00,0.9998071789741516,0.9999310970306396,0.9996670484542847,0.9997919201850891,93865984
2026-01-04 02:00:00+00:00,0.9998531341552734,0.9998858571052551,0.9996827244758606,0.9997880458831787,0
2026-01-04 03:00:00+00:00,0.9998996257781982,0.9998996257781982,0.9996693730354309,0.9996805191040039,109938176
2026-01-04 04:00:00+00:00,0.9996644854545593,0.9998431205749512,0.9995782375335693,0.9997050166130066,0
2026-01-04 05:00:00+00:00,0.9997008442878723,0.9998660087585449,0.9995506405830383,0.9996085166931152,29100544
2026-01-04 06:00:00+00:00,0.9997047185897827,0.9998449087142944,0.9995831847190857,0.9997729659080505,49907712
2026-01-04 07:00:00+00:00,0.9997441172599792,0.9999778866767883,0.9996126294136047,0.9997400045394897,0
2026-01-04 08:00:00+00:00,0.9997155070304871,0.9998533725738525,0.9996430277824402,0.9997512102127075,4494336
2026-01-04 09:00:00+00:00,0.9997500777244568,0.9998573064804077,0.9996199011802673,0.9996908903121948,31366144
2026-01-04 10:00:00+00:00,0.9997395277023315,0.999894917011261,0.99959397315979,0.9996981024742126,0
2026-01-04 11:00:00+00:00,0.9996986985206604,0.999732494354248,0.9994423985481262,0.999605655670166,0
2026-01-04 12:00:00+00:00,0.9995729327201843,0.9998714327812195,0.9992798566818237,0.9996578693389893,12730880
2026-01-04 13:00:00+00:00,0.9996880888938904,0.9998183846473694,0.9995715618133545,0.9996961951255798,58385408
2026-01-04 14:00:00+00:00,0.9997020959854126,0.9997459053993225,0.9995865225791931,0.9997163414955139,0
2026-01-04 15:00:00+00:00,0.9996289014816284,0.9998343586921692,0.9996289014816284,0.999742865562439,104378880
2026-01-04 16:00:00+00:00,0.9998125433921814,0.9998414516448975,0.9995916485786438,0.9997220635414124,12215296
2026-01-04 17:00:00+00:00,0.9997454285621643,0.9998420476913452,0.9996300935745239,0.9996775984764099,63710208
2026-01-04 18:00:00+00:00,0.9996853470802307,0.9998868107795715,0.9994898438453674,0.9997138977050781,38410240
2026-01-04 19:00:00+00:00,0.9997283816337585,0.9998281598091125,0.999588668346405,0.9996987581253052,197553664
2026-01-04 20:00:00+00:00,0.9997022747993469,0.9998345971107483,0.9996017217636108,0.9997605681419373,0
2026-01-04 21:00:00+00:00,0.9997299313545227,0.999839723110199,0.9995777606964111,0.9996330738067627,266461696
2026-01-04 22:00:00+00:00,0.9996176958084106,0.9998294115066528,0.9995047450065613,0.9996872544288635,0
2026-01-04 23:00:00+00:00,0.9997141361236572,0.9999523758888245,0.9995265007019043,0.9999523758888245,39727616
2026-01-05 00:00:00+00:00,0.9997671842575073,0.999877393245697,0.9994431734085083,0.9997826218605042,123291648
2026-01-05 01:00:00+00:00,0.9997032880783081,1.0000792741775513,0.9991251230239868,0.9998793601989746,513351168
2026-01-05 02:00:00+00:00,0.9998233318328857,0.9999593496322632,0.9992170333862305,0.9997077584266663,189671424
2026-01-05 03:00:00+00:00,0.9998548626899719,0.9999125003814697,0.9994851350784302,0.9996334314346313,117103104
2026-01-05 04:00:00+00:00,0.9997057914733887,0.9998869895935059,0.9992161393165588,0.9996501803398132,191718912
2026-01-05 05:00:00+00:00,0.9996656179428101,0.9999133348464966,0.9993773102760315,0.9997740983963013,175762432
2026-01-05 06:00:00+00:00,0.9994090795516968,0.999924898147583,0.9994090795516968,0.9997034668922424,0
2026-01-05 07:00:00+00:00,0.9997389912605286,0.9998598098754883,0.9995181560516357,0.999628484249115,91731968
2026-01-05 08:00:00+00:00,0.9996464252471924,0.999860942363739,0.9994897246360779,0.9998176693916321,0
2026-01-05 09:00:00+00:00,0.99959397315979,0.9998828172683716,0.9994739294052124,0.9996848106384277,367083520
2026-01-05 10:00:00+00:00,0.9997057318687439,0.9998283386230469,0.9993816018104553,0.9997996091842651,339200000
2026-01-05 11:00:00+00:00,0.9996267557144165,0.9998233318328857,0.9994103312492371,0.9996568560600281,211694592
2026-01-05 12:00:00+00:00,0.9997669458389282,1.0000288486480713,0.9993255734443665,0.9997968077659607,88140800
2026-01-05 13:00:00+00:00,0.9997636675834656,0.9998776316642761,0.999284565448761,0.9997145533561707,285819904
2026-01-05 14:00:00+00:00,0.9996151924133301,0.9998387098312378,0.9992737770080566,0.9994143843650818,677188608
2026-01-05 15:00:00+00:00,0.9995713829994202,0.9998804330825806,0.9992777705192566,0.999738335609436,854077440
2026-01-05 16:00:00+00:00,0.9995998740196228,1.0000461339950562,0.9993346333503723,0.9997863173484802,773777408
2026-01-05 17:00:00+00:00,0.9998317956924438,1.0000543594360352,0.9992724061012268,0.999578595161438,603607040
2026-01-05 18:00:00+00:00,0.9997750520706177,0.9999517202377319,0.9991905093193054,0.9997468590736389,565990400
2026-01-05 19:00:00+00:00,0.9997425675392151,1.000138282775879,0.999383270740509,0.9998394250869751,513455104
2026-01-05 20:00:00+00:00,0.9998108744621277,0.9999897480010986,0.9993053674697876,0.9999555945396423,937226240
2026-01-05 21:00:00+00:00,0.9997737407684326,0.9999454617500305,0.9994162321090698,0.9996756911277771,381235200
2026-01-05 22:00:00+00:00,0.9997692704200745,1.0000263452529907,0.9995858073234558,0.9997867345809937,321386496
2026-01-05 23:00:00+00:00,0.9998394846916199,0.9999768137931824,0.9994649291038513,0.9997001886367798,0
2026-01-06 00:00:00+00:00,0.9996914863586426,0.9998920559883118,0.9994233250617981,0.9998587965965271,0
2026-01-06 01:00:00+00:00,0.9997522830963135,0.9999994039535522,0.9993984699249268,0.9997316002845764,0
2026-01-06 02:00:00+00:00,0.9997631907463074,0.9998703002929688,0.9991432428359985,0.9995942711830139,0
2026-01-06 03:00:00+00:00,0.9998577237129211,0.9998577237129211,0.999458372592926,0.9996739625930786,55755776
2026-01-06 04:00:00+00:00,0.9997275471687317,0.9999970197677612,0.9995652437210083,0.9995885491371155,0
2026-01-06 05:00:00+00:00,0.9997206926345825,0.999811589717865,0.9992590546607971,0.9996337294578552,295451648
2026-01-06 06:00:00+00:00,0.9996140003204346,1.0000079870224,0.9994524121284485,0.9995022416114807,210251776
2026-01-06 07:00:00+00:00,0.9995566606521606,0.9997579455375671,0.9989803433418274,0.9997041821479797,108961792
2026-01-06 08:00:00+00:00,0.9996423721313477,0.9999803304672241,0.9993757605552673,0.999755859375,80749568
2026-01-06 09:00:00+00:00,0.9997773170471191,0.9999066591262817,0.9994326829910278,0.9997742772102356,33356800
2026-01-06 10:00:00+00:00,0.9997474551200867,0.9998672008514404,0.999485433101654,0.9997307658195496,0
2026-01-06 11:00:00+00:00,0.9997612833976746,0.9998366832733154,0.9995912313461304,0.99981290102005,0
2026-01-06 12:00:00+00:00,0.9997197985649109,0.9999249577522278,0.9994962811470032,0.9995148181915283,95629312
2026-01-06 13:00:00+00:00,0.9997106790542603,0.9998562335968018,0.9993448853492737,0.9997649788856506,0
2026-01-06 14:00:00+00:00,0.9996522068977356,0.9999391436576843,0.9991502165794373,0.9997336268424988,393166848
2026-01-06 15:00:00+00:00,0.9997684359550476,1.0000594854354858,0.9987266659736633,0.9996137619018555,0
2026-01-06 16:00:00+00:00,0.9997017979621887,0.9999186396598816,0.9992440342903137,0.9997484683990479,170424320
2026-01-06 17:00:00+00:00,0.9997878670692444,0.9998366832733154,0.9992421269416809,0.9997135400772095,283095040
2026-01-06 18:00:00+00:00,0.9995677471160889,0.9998831748962402,0.9992849230766296,0.9992849230766296,37654528
2026-01-06 19:00:00+00:00,0.9994691610336304,0.9998449683189392,0.9993521571159363,0.9996696710586548,0
2026-01-06 20:00:00+00:00,0.9996398687362671,0.9999022483825684,0.9993359446525574,0.9995498061180115,0
2026-01-06 21:00:00+00:00,0.9993071556091309,0.9999563694000244,0.999165415763855,0.9997488260269165,289880064
2026-01-06 22:00:00+00:00,0.9997017979621887,0.9999457001686096,0.9992422461509705,0.9999457001686096,0
2026-01-06 23:00:00+00:00,0.9997488260269165,1.0000056028366089,0.9993678331375122,0.9996480345726013,4152320
2026-01-07 00:00:00+00:00,0.999777615070343,0.9999464154243469,0.9992372989654541,0.9995914101600647,0
2026-01-07 01:00:00+00:00,0.9997830390930176,0.9999561905860901,0.9993349313735962,0.9997608065605164,47399936
2026-01-07 02:00:00+00:00,0.9997509121894836,0.9998511672019958,0.9994320273399353,0.999742329120636,25692160
2026-01-07 03:00:00+00:00,0.9997283220291138,0.9998890161514282,0.999292254447937,0.9995843768119812,0
2026-01-07 04:00:00+00:00,0.9996955990791321,0.9997060894966125,0.9992538094520569,0.9996373653411865,0
2026-01-07 05:00:00+00:00,0.9996605515480042,0.9998105764389038,0.9992533922195435,0.9992533922195435,0
2026-01-07 06:00:00+00:00,0.9994598627090454,0.9998897314071655,0.9993141293525696,0.9995224475860596,0
2026-01-07 07:00:00+00:00,0.999597430229187,0.9998273253440857,0.9994189143180847,0.9995856881141663,0
2026-01-07 08:00:00+00:00,0.9995441436767578,0.9997589588165283,0.9994531273841858,0.9996224641799927,127159296
2026-01-07 09:00:00+00:00,0.9996592402458191,0.9998705983161926,0.9994072914123535,0.9997976422309875,221168640
2026-01-07 10:00:00+00:00,0.9997961521148682,1.0000836849212646,0.9996453523635864,0.999835729598999,78418944
2026-01-07 11:00:00+00:00,1.000033974647522,1.000186562538147,0.9996511936187744,0.9996802806854248,34489344
2026-01-07 12:00:00+00:00,0.9998206496238708,1.0000107288360596,0.999494731426239,0.9998039603233337,24481792
2026-01-07 13:00:00+00:00,0.9998546838760376,1.00020170211792,0.9994615316390991,0.9997407793998718,0
2026-01-07 14:00:00+00:00,0.999760627746582,1.0003739595413208,0.9995532631874084,0.9996923208236694,0
2026-01-07 15:00:00+00:00,0.9996916651725769,1.0005919933319092,0.9993761777877808,0.9996594190597534,0
2026-01-07 16:00:00+00:00,0.9998209476470947,1.0002102851867676,0.9994039535522461,0.9996225237846375,0
2026-01-07 17:00:00+00:00,0.9995728135108948,1.000045895576477,0.9995728135108948,0.9997729659080505,0
2026-01-07 18:00:00+00:00,0.9997671842575073,1.0002034902572632,0.9995477795600891,0.9998481273651123,0
2026-01-07 19:00:00+00:00,0.9997057914733887,1.0003736019134521,0.9996339082717896,0.9997797608375549,554395648
2026-01-07 20:00:00+00:00,0.9997772574424744,1.0004750490188599,0.999574601650238,0.9997567534446716,0
2026-01-07 21:00:00+00:00,0.9999097585678101,1.0003083944320679,0.9996490478515625,0.9999241232872009,0
2026-01-07 22:00:00+00:00,0.9998821020126343,1.000170350074768,0.9995672106742859,0.9997267723083496,53082112
2026-01-07 23:00:00+00:00,0.9995111227035522,1.0002113580703735,0.9995111227035522,0.9998056292533875,203781120
2026-01-08 00:00:00+00:00,0.99977707862854,1.0000842809677124,0.9995687007904053,0.9997938275337219,0
2026-01-08 01:00:00+00:00,0.9996442794799805,1.0000461339950562,0.9994433522224426,0.9996426105499268,0
2026-01-08 02:00:00+00:00,0.9997656941413879,0.9999977946281433,0.9995452165603638,0.9997493624687195,83099648
2026-01-08 03:00:00+00:00,0.9997687935829163,1.0002700090408325,0.9995742440223694,0.9997950196266174,4648960
2026-01-08 04:00:00+00:00,0.9998035430908203,1.0000805854797363,0.9995207190513611,0.99997478723526,91047936
2026-01-08 05:00:00+00:00,0.9996787309646606,1.0000672340393066,0.9995740652084351,0.9996882677078247,0
2026-01-08 06:00:00+00:00,0.9996651411056519,1.000110387802124,0.9995521903038025,0.9996353983879089,599583744
2026-01-08 07:00:00+00:00,0.9996449947357178,1.0002243518829346,0.9996169805526733,0.9997112154960632,63495168
2026-01-08 08:00:00+00:00,0.9997224807739258,1.0001968145370483,0.9996147155761719,0.9997049570083618,64790528
2026-01-08 09:00:00+00:00,0.9997036457061768,1.0001312494277954,0.9994286298751831,0.9996916651725769,0
2026-01-08 10:00:00+00:00,0.9997060894966125,1.0002027750015259,0.9995589256286621,0.999746561050415,0
2026-01-08 11:00:00+00:00,0.999718189239502,1.0000944137573242,0.9995384216308594,0.9998024702072144,480710656
2026-01-08 12:00:00+00:00,0.9999397397041321,1.000152826309204,0.999544084072113,0.9997876286506653,393332736
2026-01-08 13:00:00+00:00,0.9996416568756104,1.0002543926239014,0.9996397495269775,0.9997625350952148,92467200
2026-01-08 14:00:00+00:00,0.9997348189353943,1.0003153085708618,0.9994812607765198,0.999813973903656,109604864
2026-01-08 15:00:00+00:00,0.999711811542511,1.000246286392212,0.9995112419128418,1.000157117843628,0
2026-01-08 16:00:00+00:00,0.9997209906578064,1.0003634691238403,0.9994577169418335,0.9999369978904724,352757760
2026-01-08 17:00:00+00:00,1.0003693103790283,1.0003693103790283,0.9996659159660339,0.9997637271881104,419269632
2026-01-08 18:00:00+00:00,0.9997826218605042,1.0001592636108398,0.9995462894439697,0.9998055100440979,0
2026-01-08 19:00:00+00:00,1.0000971555709839,1.0001755952835083,0.9995605945587158,0.9999969601631165,0
2026-01-08 20:00:00+00:00,1.0000808238983154,1.0001851320266724,0.9995807409286499,0.9999014735221863,55105536
2026-01-08 21:00:00+00:00,0.9997571706771851,1.0002210140228271,0.9996171593666077,0.9998908042907715,175735808
2026-01-08 22:00:00+00:00,1.000002384185791,1.0001660585403442,0.9996909499168396,0.9998247027397156,0
2026-01-08 23:00:00+00:00,1.000030755996704,1.0000879764556885,0.9996473789215088,0.9998927712440491,17832960
2026-01-09 00:00:00+00:00,0.99983149766922,1.0001635551452637,0.9996833801269531,0.9998196959495544,0
2026-01-09 01:00:00+00:00,0.999826967716217,1.0001251697540283,0.99964839220047,0.9998770952224731,216700928
2026-01-09 02:00:00+00:00,0.9998235702514648,1.0001640319824219,0.9994392395019531,0.9996973276138306,0
2026-01-09 03:00:00+00:00,0.9997871518135071,1.0001609325408936,0.9994257092475891,0.99974524974823,58778624
2026-01-09 04:00:00+00:00,0.9998384714126587,1.0000715255737305,0.9995776414871216,0.9997457265853882,0
2026-01-09 05:00:00+00:00,0.9996953010559082,1.0000032186508179,0.9995627999305725,0.999689519405365,0
2026-01-09 06:00:00+00:00,0.9998010396957397,1.0002861022949219,0.9995667338371277,0.999689519405365,0
2026-01-09 07:00:00+00:00,0.9996527433395386,0.9999359250068665,0.9994221925735474,0.9997169375419617,0
2026-01-09 08:00:00+00:00,0.9996680617332458,1.000148892402649,0.9994984269142151,1.0000358819961548,472413184
2026-01-09 09:00:00+00:00,0.9997854828834534,1.0002167224884033,0.9996252059936523,0.9997423887252808,0
2026-01-09 10:00:00+00:00,0.9997124671936035,1.0000417232513428,0.999588668346405,0.99965500831604,0
2026-01-09 11:00:00+00:00,0.9996899962425232,1.0002813339233398,0.99936443567276,0.9996610879898071,0
2026-01-09 12:00:00+00:00,0.9996403455734253,1.0001435279846191,0.9996403455734253,0.9997119903564453,0
2026-01-09 13:00:00+00:00,0.9997271299362183,1.000101089477539,0.9996036887168884,0.9998681545257568,102001664
2026-01-09 14:00:00+00:00,0.9997760057449341,1.0001765489578247,0.9995836019515991,1.0001765489578247,0
2026-01-09 15:00:00+00:00,0.9999353289604187,1.0002716779708862,0.9996128678321838,1.0001121759414673,34755584
2026-01-09 16:00:00+00:00,0.9997841715812683,1.0003949403762817,0.9995216727256775,0.9998906254768372,0
2026-01-09 17:00:00+00:00,0.9998041987419128,1.0001959800720215,0.9994551539421082,0.999784529209137,0
2026-01-09 18:00:00+00:00,0.9998244047164917,1.0003060102462769,0.9994848370552063,0.9997347593307495,52506624
2026-01-09 19:00:00+00:00,0.9995753765106201,1.0001846551895142,0.9994408488273621,0.9996538162231445,112374784
2026-01-09 20:00:00+00:00,0.9996907114982605,1.000226616859436,0.9993924498558044,0.9996433258056641,0
2026-01-09 21:00:00+00:00,0.9996776580810547,0.9999767541885376,0.9994289875030518,0.9998596906661987,0
2026-01-09 22:00:00+00:00,0.9996781945228577,1.0000011920928955,0.999502956867218,0.9998089671134949,0
2026-01-09 23:00:00+00:00,0.9998040199279785,1.0000547170639038,0.9994937181472778,0.9997289776802063,18788352
2026-01-10 00:00:00+00:00,0.9995827674865723,0.999846339225769,0.9994655847549438,0.9997169375419617,0
2026-01-10 01:00:00+00:00,0.9997053146362305,0.9999309182167053,0.999596893787384,0.9996528625488281,0
2026-01-10 02:00:00+00:00,0.9996933341026306,0.9999457597732544,0.9994373321533203,0.9997596740722656,0
2026-01-10 03:00:00+00:00,0.999723494052887,0.999825119972229,0.9995706081390381,0.9997069239616394,0
2026-01-10 04:00:00+00:00,0.9996941685676575,0.9997969269752502,0.99958336353302,0.9996843934059143,0
2026-01-10 05:00:00+00:00,0.9997537136077881,0.9998469352722168,0.9996001124382019,0.9997261762619019,0
2026-01-10 06:00:00+00:00,0.9995806813240051,0.9997948408126831,0.9995406270027161,0.9996249675750732,0
2026-01-10 07:00:00+00:00,0.9996302127838135,0.9998818039894104,0.9995481371879578,0.9996978044509888,0
2026-01-10 08:00:00+00:00,0.9996885061264038,0.9997890591621399,0.999535858631134,0.9996981024742126,0
2026-01-10 09:00:00+00:00,0.9997549057006836,0.999927282333374,0.9995852708816528,0.9996421933174133,0
2026-01-10 10:00:00+00:00,0.9996498823165894,1.0002449750900269,0.9996309280395508,0.9996737241744995,0
2026-01-10 11:00:00+00:00,0.9998720288276672,0.999893307685852,0.999602735042572,0.9996880888938904,0
2026-01-10 12:00:00+00:00,0.9997094869613647,0.9998350739479065,0.9995689988136292,0.999670147895813,0
2026-01-10 13:00:00+00:00,0.9997188448905945,0.9998348951339722,0.9995651245117188,0.9996935725212097,0
2026-01-10 14:00:00+00:00,0.999706506729126,0.9998759031295776,0.9995265603065491,0.9996843338012695,0
2026-01-10 15:00:00+00:00,0.999703049659729,0.9998959302902222,0.9995962977409363,0.9997986555099487,0
2026-01-10 16:00:00+00:00,0.9998302459716797,0.9999244809150696,0.999596118927002,0.9997884631156921,0
2026-01-10 17:00:00+00:00,0.999773383140564,0.999849259853363,0.9995711445808411,0.9996408224105835,0
2026-01-10 18:00:00+00:00,0.9997216463088989,0.999882161617279,0.9996470212936401,0.9997901320457458,0
2026-01-10 19:00:00+00:00,0.9997018575668335,0.9998200535774231,0.9996557235717773,0.9997812509536743,0
2026-01-10 20:00:00+00:00,0.9997148513793945,0.9998376369476318,0.9995504021644592,0.9996542930603027,0
2026-01-10 21:00:00+00:00,0.9996617436408997,0.9998047351837158,0.9995812177658081,0.999672532081604,0
2026-01-10 22:00:00+00:00,0.9996694326400757,0.9998363852500916,0.999559223651886,0.9996674060821533,0
2026-01-10 23:00:00+00:00,0.9996139407157898,0.9998603463172913,0.9995710253715515,0.9997177124023438,0
2026-01-11 00:00:00+00:00,0.9996786713600159,0.9998742341995239,0.9995065927505493,0.9997169971466064,0
2026-01-11 01:00:00+00:00,0.9997052550315857,0.9998233318328857,0.9994615912437439,0.9997417330741882,22605824
2026-01-11 02:00:00+00:00,0.9996933937072754,0.9999663829803467,0.9996567368507385,0.999770998954773,0
2026-01-11 03:00:00+00:00,0.9997519254684448,0.9998636245727539,0.9996609687805176,0.9998285174369812,0
2026-01-11 04:00:00+00:00,0.9998592734336853,0.9999716281890869,0.9997355341911316,0.9997473955154419,0
2026-01-11 05:00:00+00:00,0.9998779296875,0.9999241828918457,0.9996737241744995,0.9997519850730896,0
2026-01-11 06:00:00+00:00,0.999681830406189,0.9999855160713196,0.9996128678321838,0.999809980392456,0
2026-01-11 07:00:00+00:00,0.9998289942741394,0.9998289942741394,0.9995822310447693,0.9996447563171387,0
2026-01-11 08:00:00+00:00,0.9996773600578308,0.999875009059906,0.9995428919792175,0.9997743368148804,44776960
2026-01-11 09:00:00+00:00,0.9997400045394897,0.9999393224716187,0.9995561242103577,0.9996840357780457,0
2026-01-11 10:00:00+00:00,0.9997318387031555,0.9998509287834167,0.999683678150177,0.9997875690460205,0
2026-01-11 11:00:00+00:00,0.9997859001159668,0.9999956488609314,0.9996469616889954,0.9997267127037048,0
2026-01-11 12:00:00+00:00,0.9998636841773987,1.000175952911377,0.9996880888938904,0.9998124241828918,70944512
2026-01-11 13:00:00+00:00,0.9998500943183899,0.9999608993530273,0.999591052532196,0.9997724890708923,0
2026-01-11 14:00:00+00:00,0.9997618794441223,1.0001438856124878,0.9996761083602905,0.9997547268867493,60778496
2026-01-11 15:00:00+00:00,0.9996818900108337,1.0001546144485474,0.9994553923606873,0.9997435808181763,283226368
2026-01-11 16:00:00+00:00,0.9997904896736145,1.0001095533370972,0.9994341135025024,0.9996306896209717,194198272
2026-01-11 17:00:00+00:00,0.9997014403343201,1.0001803636550903,0.9995047450065613,0.9997922778129578,0
2026-01-11 18:00:00+00:00,0.9997535943984985,0.999907910823822,0.9995834231376648,0.9998082518577576,41977600
2026-01-11 19:00:00+00:00,0.9997897148132324,0.9998391270637512,0.9995679259300232,0.9996955394744873,46081792
2026-01-11 20:00:00+00:00,0.999747633934021,1.0002093315124512,0.9994969367980957,0.9997876286506653,220188928
2026-01-11 21:00:00+00:00,0.9998034238815308,1.0000908374786377,0.999596893787384,0.9998008012771606,92641280
2026-01-11 22:00:00+00:00,0.9997073411941528,1.0001126527786255,0.9993823766708374,0.9996453523635864,41607168
2026-01-11 23:00:00+00:00,0.9994131922721863,1.0001453161239624,0.9993454217910767,0.9998107552528381,272632832
2026-01-12 00:00:00+00:00,0.9998084306716919,1.0003663301467896,0.9995827674865723,0.9999998807907104,264688128
2026-01-12 01:00:00+00:00,0.9998487830162048,1.0002654790878296,0.999363362789154,0.9996879696846008,402024448
2026-01-12 02:00:00+00:00,0.9996975660324097,1.00016450881958,0.9994975328445435,0.9997938275337219,424367616
2026-01-12 03:00:00+00:00,0.9997672438621521,0.9999462962150574,0.999572217464447,0.999762773513794,381628928
2026-01-12 04:00:00+00:00,0.9996790885925293,1.000259280204773,0.9994997978210449,0.9996557235717773,140160512
2026-01-12 05:00:00+00:00,0.9996935725212097,0.9999837875366211,0.9995381832122803,0.9998108148574829,500441088
2026-01-12 06:00:00+00:00,0.9997464418411255,0.999945342540741,0.9996121525764465,0.9998413920402527,124308992
2026-01-12 07:00:00+00:00,0.9998526573181152,1.0000497102737427,0.9995359778404236,0.9997411370277405,341576704
2026-01-12 08:00:00+00:00,0.9995951652526855,1.0002704858779907,0.9995951652526855,0.9996117949485779,702298112
2026-01-12 09:00:00+00:00,0.9996563196182251,1.0001176595687866,0.9995071887969971,0.9996968507766724,362673152
2026-01-12 10:00:00+00:00,0.999746561050415,1.000032901763916,0.999362587928772,0.9997096061706543,171459584
2026-01-12 11:00:00+00:00,0.9998772144317627,1.0000337362289429,0.999619722366333,0.9999189376831055,246574080
2026-01-12 12:00:00+00:00,0.999747633934021,0.9999834895133972,0.999618649482727,0.9998109936714172,10489856
2026-01-12 13:00:00+00:00,0.9997234344482422,0.999978244304657,0.9994550943374634,0.9996404051780701,257707008
2026-01-12 14:00:00+00:00,0.9997588992118835,1.0001327991485596,0.9995647668838501,0.9998769164085388,752890880
2026-01-12 15:00:00+00:00,0.9998295903205872,1.000270128250122,0.9995798468589783,0.9998422861099243,485685248
2026-01-12 16:00:00+00:00,1.000077486038208,1.0001156330108643,0.9997174739837646,0.9998407363891602,611499008
2026-01-12 17:00:00+00:00,0.9998366832733154,1.0000300407409668,0.999607264995575,0.9997761845588684,905384960
2026-01-12 18:00:00+00:00,0.9998809099197388,1.0000667572021484,0.9995126724243164,0.9997283816337585,291009536
2026-01-12 19:00:00+00:00,0.9998695254325867,1.0000718832015991,0.9994423389434814,0.9997132420539856,143071232
2026-01-12 20:00:00+00:00,0.9998301267623901,0.9999561905860901,0.9995586276054382,0.9998064041137695,15278080
2026-01-12 21:00:00+00:00,0.9997512102127075,1.000077724456787,0.9996531009674072,0.9998182654380798,86544384
2026-01-12 22:00:00+00:00,0.9999459385871887,1.0001028776168823,0.9995696544647217,0.999706506729126,397451264
2026-01-12 23:00:00+00:00,0.9996567964553833,1.0000022649765015,0.9996543526649475,0.9998278617858887,0
2026-01-13 00:00:00+00:00,0.9998191595077515,1.0001251697540283,0.999623715877533,0.999792754650116,0
2026-01-13 01:00:00+00:00,0.9997895359992981,1.0002933740615845,0.999489963054657,0.9997215270996094,0
2026-01-13 02:00:00+00:00,0.9997668266296387,1.0000560283660889,0.999600350856781,0.99973464012146,0
2026-01-13 03:00:00+00:00,0.9997742772102356,1.0002020597457886,0.9994747638702393,0.9997289180755615,0
2026-01-13 04:00:00+00:00,0.9997072219848633,1.000135898590088,0.9995205402374268,0.9996634125709534,0
2026-01-13 05:00:00+00:00,0.9996737837791443,1.000203251838684,0.9993228316307068,0.9996963143348694,432104448
2026-01-13 06:00:00+00:00,0.9997385144233704,1.0003961324691772,0.999481737613678,0.9996591210365295,16023552
2026-01-13 07:00:00+00:00,0.9996711611747742,0.999954104423523,0.9995985627174377,0.9997339248657227,0
2026-01-13 08:00:00+00:00,0.9997320771217346,1.0000815391540527,0.9995915293693542,0.9997426271438599,0
2026-01-13 09:00:00+00:00,0.9997930526733398,1.0002377033233643,0.9996645450592041,0.9997552633285522,151742464
2026-01-13 10:00:00+00:00,0.9996917843818665,1.0000741481781006,0.9996505975723267,0.9997995495796204,74566656
2026-01-13 11:00:00+00:00,0.9999030232429504,0.9999932050704956,0.9996031522750854,0.9996618628501892,55426048
2026-01-13 12:00:00+00:00,0.9999141693115234,1.0000793933868408,0.999605655670166,0.999675452709198,128353280
2026-01-13 13:00:00+00:00,0.9998065829277039,1.0000919103622437,0.9995519518852234,0.9997187852859497,403168256
2026-01-13 14:00:00+00:00,0.9999168515205383,1.0000889301300049,0.9996303915977478,0.9998082518577576,106630144
2026-01-13 15:00:00+00:00,0.9998469352722168,0.9998852610588074,0.9994826316833496,0.9995706677436829,224168960
2026-01-13 16:00:00+00:00,0.9997335076332092,0.999879002571106,0.9993789196014404,0.9996355772018433,534341632
2026-01-13 17:00:00+00:00,0.9997418522834778,1.0000156164169312,0.99949711561203,0.9998369812965393,5763072
2026-01-13 18:00:00+00:00,0.9997121095657349,0.9999714493751526,0.9992870092391968,0.9996888041496277,245635072
2026-01-13 19:00:00+00:00,0.9997466206550598,0.9999085664749146,0.9993863701820374,0.9998571872711182,628728832
2026-01-13 20:00:00+00:00,0.999915599822998,0.999915599822998,0.9993008375167847,0.9996361136436462,938012672
2026-01-13 21:00:00+00:00,0.9997953176498413,0.9999199509620667,0.9994360208511353,0.9997899532318115,661720064
2026-01-13 22:00:00+00:00,0.9997878074645996,0.9999325275421143,0.9988911747932434,0.9996358752250671,1569782784
2026-01-13 23:00:00+00:00,0.9997477531433105,0.999965250492096,0.999028205871582,0.9995993971824646,902553600
2026-01-14 00:00:00+00:00,0.9997406601905823,0.9999087452888489,0.9993525743484497,0.9999087452888489,606992384
2026-01-14 01:00:00+00:00,0.9997370839118958,0.999906599521637,0.9992098808288574,0.9997516870498657,413110272
2026-01-14 02:00:00+00:00,0.9997349977493286,1.0000362396240234,0.9993476867675781,0.9998245239257812,368232448
2026-01-14 03:00:00+00:00,0.9996589422225952,1.0000245571136475,0.9995489716529846,0.9995847940444946,47196160
2026-01-14 04:00:00+00:00,0.999774158000946,0.999774158000946,0.9992823004722595,0.9996650815010071,356562944
2026-01-14 05:00:00+00:00,0.9996567964553833,0.9998267889022827,0.9992086887359619,0.999750018119812,10790912
2026-01-14 06:00:00+00:00,0.9996919631958008,0.9999160766601562,0.9990867376327515,0.9996983408927917,117676032
2026-01-14 07:00:00+00:00,0.9997061491012573,0.999865710735321,0.9994073510169983,0.9998003244400024,319178752
2026-01-14 08:00:00+00:00,0.9996811151504517,0.999788761138916,0.9994180798530579,0.9997140765190125,0
2026-01-14 09:00:00+00:00,0.9996556639671326,0.9998694062232971,0.9996025562286377,0.9996722936630249,42911744
2026-01-14 10:00:00+00:00,0.9997462630271912,0.9998390078544617,0.9996171593666077,0.99968421459198,57987072
2026-01-14 11:00:00+00:00,0.9996631741523743,0.9997701048851013,0.9994368553161621,0.9996546506881714,183089152
2026-01-14 12:00:00+00:00,0.9995919466018677,0.9998367428779602,0.9995784163475037,0.9997165203094482,174270464
2026-01-14 13:00:00+00:00,0.9996772408485413,0.9997736215591431,0.9995282888412476,0.9996532201766968,0
2026-01-14 14:00:00+00:00,0.9996731877326965,0.9998322129249573,0.9994117021560669,0.9996388554573059,549928960
2026-01-14 15:00:00+00:00,0.9996078610420227,0.9999199509620667,0.9994230270385742,0.9997255802154541,523515904
2026-01-14 16:00:00+00:00,0.9995899200439453,0.9998571276664734,0.9995427131652832,0.9998310804367065,195762176
2026-01-14 17:00:00+00:00,0.9995254874229431,0.9998388886451721,0.999361515045166,0.9995333552360535,334800896
2026-01-14 18:00:00+00:00,0.9996888041496277,0.9999449849128723,0.9992771744728088,0.9997016787528992,498192384
2026-01-14 19:00:00+00:00,0.9998087286949158,1.000059962272644,0.9991487264633179,0.9998040795326233,204992512
2026-01-14 20:00:00+00:00,0.9996387362480164,0.99998539686203,0.9992636442184448,0.9998760223388672,0
2026-01-14 21:00:00+00:00,0.9997205138206482,0.999963104724884,0.999347448348999,0.9998348951339722,0
2026-01-14 22:00:00+00:00,0.9997280836105347,1.0000890493392944,0.9994156956672668,0.9997543692588806,0
2026-01-14 23:00:00+00:00,0.999708354473114,0.9999222159385681,0.9996011257171631,0.9997889399528503,0
2026-01-15 00:00:00+00:00,0.9997636675834656,1.0000263452529907,0.9992333650588989,0.9997851252555847,0
2026-01-15 01:00:00+00:00,0.9997119903564453,0.9999890923500061,0.9992688298225403,0.9997159838676453,0
2026-01-15 02:00:00+00:00,0.9996476769447327,0.9999817609786987,0.999419093132019,0.9996886849403381,0
2026-01-15 03:00:00+00:00,0.9996715784072876,0.9998918175697327,0.9993518590927124,0.9997012615203857,217456640
2026-01-15 04:00:00+00:00,0.9996183514595032,0.9997738599777222,0.99909508228302,0.9994789361953735,0
2026-01-15 05:00:00+00:00,0.999604344367981,1.0000606775283813,0.9991840720176697,0.9997291564941406,0
2026-01-15 06:00:00+00:00,0.9997116923332214,0.9998215436935425,0.9995695948600769,0.9996421337127686,0
2026-01-15 07:00:00+00:00,0.999693751335144,0.99986732006073,0.9991981387138367,0.9997406005859375,0
2026-01-15 08:00:00+00:00,0.9994595646858215,0.9997612237930298,0.9991235733032227,0.9997029900550842,0
2026-01-15 09:00:00+00:00,0.9996799230575562,0.9997861981391907,0.9994170069694519,0.9997044205665588,0
2026-01-15 10:00:00+00:00,0.9993590116500854,0.9997614026069641,0.9993317723274231,0.9996640086174011,76218368
2026-01-15 11:00:00+00:00,0.9996999502182007,0.9997482299804688,0.9994212985038757,0.9997042417526245,83777536
2026-01-15 12:00:00+00:00,0.9995967745780945,0.9998133778572083,0.9994148015975952,0.999682605266571,0
2026-01-15 13:00:00+00:00,0.9996939897537231,0.9998350739479065,0.9994325041770935,0.9996221661567688,0
2026-01-15 14:00:00+00:00,0.999668538570404,0.9997973442077637,0.9993197917938232,0.9995533227920532,0
2026-01-15 15:00:00+00:00,0.9996162056922913,0.999823272228241,0.9992563128471375,0.9996172189712524,0
2026-01-15 16:00:00+00:00,0.9995513558387756,0.9997763633728027,0.9994759559631348,0.9996241331100464,0
2026-01-15 17:00:00+00:00,0.9996594190597534,0.9998065829277039,0.9995062947273254,0.9995789527893066,0
2026-01-15 18:00:00+00:00,0.9995863437652588,0.9998508095741272,0.9994813203811646,0.9997418522834778,0
2026-01-15 19:00:00+00:00,0.9996722340583801,0.9998539686203003,0.9994712471961975,0.9995949864387512,0
2026-01-15 20:00:00+00:00,0.9996911883354187,0.9998584985733032,0.999396026134491,0.999543309211731,0
2026-01-15 21:00:00+00:00,0.9997591972351074,0.999833345413208,0.9995197653770447,0.9997386932373047,0
2026-01-15 22:00:00+00:00,0.9997707009315491,0.9998542666435242,0.9994885325431824,0.9995675683021545,0
2026-01-15 23:00:00+00:00,0.9997557997703552,0.9998534321784973,0.9993786811828613,0.9998072385787964,0
2026-01-16 00:00:00+00:00,0.9997851848602295,0.9998607039451599,0.9995272159576416,0.999662458896637,0
2026-01-16 01:00:00+00:00,0.9996269345283508,0.9998664259910583,0.9993388652801514,0.9993388652801514,0
2026-01-16 02:00:00+00:00,0.9996175765991211,0.9998711943626404,0.9992274641990662,0.9997463822364807,0
2026-01-16 03:00:00+00:00,0.999738335609436,0.9998248815536499,0.9993782639503479,0.9996538162231445,0
2026-01-16 04:00:00+00:00,0.9994428157806396,0.9998415112495422,0.9993650913238525,0.99967360496521,57846784
2026-01-16 05:00:00+00:00,0.9997511506080627,0.9997962713241577,0.9993200302124023,0.999661386013031,81647616
2026-01-16 06:00:00+00:00,0.999657154083252,1.0000402927398682,0.9994252920150757,0.9997888207435608,300866560
2026-01-16 07:00:00+00:00,0.9997780919075012,0.9998889565467834,0.999283492565155,0.9996863007545471,0
2026-01-16 08:00:00+00:00,0.9998128414154053,1.00001060962677,0.9995262622833252,0.9995262622833252,0
2026-01-16 09:00:00+00:00,0.9995933175086975,0.9997625946998596,0.9992364645004272,0.9996357560157776,0
2026-01-16 10:00:00+00:00,0.9996426105499268,0.9997736215591431,0.9993477463722229,0.9997602105140686,0
2026-01-16 11:00:00+00:00,0.9997711777687073,0.999917209148407,0.999410092830658,0.9998617768287659,0
2026-01-16 12:00:00+00:00,0.9999088644981384,0.9999443888664246,0.9994953274726868,0.9999024868011475,0
2026-01-16 13:00:00+00:00,0.9998000264167786,0.9998482465744019,0.9994038343429565,0.9996966123580933,0
2026-01-16 14:00:00+00:00,0.9996705651283264,0.9998827576637268,0.9993037581443787,0.9996540546417236,0
2026-01-16 15:00:00+00:00,0.9994806051254272,0.9999420046806335,0.9993391036987305,0.9997067451477051,124357632
2026-01-16 16:00:00+00:00,0.999480128288269,0.9999351501464844,0.9993676543235779,0.9997779130935669,0
2026-01-16 17:00:00+00:00,0.9996729493141174,0.9998648762702942,0.9994661808013916,0.999788761138916,38441984
2026-01-16 18:00:00+00:00,0.9997684955596924,0.999898374080658,0.9994617700576782,0.9997069239616394,0
2026-01-16 19:00:00+00:00,0.9995416402816772,0.999919593334198,0.9994917511940002,0.999765157699585,0
2026-01-16 20:00:00+00:00,0.9997725486755371,0.9998971819877625,0.9995880126953125,0.9998077750205994,0
2026-01-16 21:00:00+00:00,0.9998664259910583,0.9999553561210632,0.9995993375778198,0.9998056292533875,125000704
2026-01-16 22:00:00+00:00,0.999891459941864,0.999891459941864,0.9995633363723755,0.9997733235359192,0
2026-01-16 23:00:00+00:00,0.9997748136520386,0.9998044967651367,0.9996904730796814,0.9997521042823792,0
2026-01-17 00:00:00+00:00,0.9997395277023315,0.9999037384986877,0.999634325504303,0.9998410940170288,27062272
2026-01-17 01:00:00+00:00,0.9997965693473816,0.9998860359191895,0.9996514916419983,0.9997692704200745,0
2026-01-17 02:00:00+00:00,0.9997674226760864,0.9998408555984497,0.9996150135993958,0.9997217655181885,0
2026-01-17 03:00:00+00:00,0.999757707118988,0.9998232126235962,0.9995617866516113,0.9997325539588928,0
2026-01-17 04:00:00+00:00,0.9997410774230957,0.9998009204864502,0.9996131062507629,0.9996978044509888,0
2026-01-17 05:00:00+00:00,0.9997113943099976,0.9998024106025696,0.9996517896652222,0.9997009038925171,0
2026-01-17 06:00:00+00:00,0.9997100830078125,0.9997862577438354,0.9996242523193359,0.9996969103813171,0
2026-01-17 07:00:00+00:00,0.9996950626373291,0.9998120069503784,0.9995937347412109,0.999683678150177,0
2026-01-17 08:00:00+00:00,0.9996502995491028,0.9998165965080261,0.9995569586753845,0.9997749924659729,0
2026-01-17 09:00:00+00:00,0.9997262358665466,0.9998227953910828,0.9996302127838135,0.9997014403343201,0
2026-01-17 10:00:00+00:00,0.9996964931488037,0.9998050332069397,0.9994832873344421,0.9996832609176636,0
2026-01-17 11:00:00+00:00,0.9996866583824158,0.999800443649292,0.9995837807655334,0.9997163414955139,10481664
2026-01-17 12:00:00+00:00,0.9997184872627258,0.9998100996017456,0.9996330738067627,0.9997351169586182,0
2026-01-17 13:00:00+00:00,0.9997211694717407,0.999846875667572,0.9996068477630615,0.999783456325531,0
2026-01-17 14:00:00+00:00,0.9997222423553467,0.9999931454658508,0.9996172785758972,0.9997256398200989,0
2026-01-17 15:00:00+00:00,0.9998846054077148,0.9998846054077148,0.9995393753051758,0.9997913241386414,0
2026-01-17 16:00:00+00:00,0.9998034834861755,0.9998376965522766,0.9996564388275146,0.9998188018798828,0
2026-01-17 17:00:00+00:00,0.9997957348823547,0.999955952167511,0.9997096061706543,0.9997527003288269,0
2026-01-17 18:00:00+00:00,0.9998091459274292,0.9999229907989502,0.9996878504753113,0.9996878504753113,0
2026-01-17 19:00:00+00:00,0.9997924566268921,0.9998515248298645,0.9996632933616638,0.9997509717941284,0
2026-01-17 20:00:00+00:00,0.9997358918190002,0.9998864531517029,0.9996323585510254,0.9998781681060791,0
2026-01-17 21:00:00+00:00,0.999821126461029,0.9998887777328491,0.9997052550315857,0.9998507499694824,0
2026-01-17 22:00:00+00:00,0.999888002872467,0.9999447464942932,0.9996052980422974,0.9998825788497925,0
2026-01-17 23:00:00+00:00,0.9997608661651611,0.9998610019683838,0.999718964099884,0.9997631907463074,0
2026-01-18 00:00:00+00:00,0.9997982978820801,0.999876856803894,0.9996121525764465,0.9996742010116577,8828416
2026-01-18 01:00:00+00:00,0.9997079372406006,0.9998874664306641,0.9996752738952637,0.9997773766517639,112299520
2026-01-18 02:00:00+00:00,0.9997708201408386,0.9998910427093506,0.9996860027313232,0.9997774362564087,0
2026-01-18 03:00:00+00:00,0.9997755289077759,0.9999304413795471,0.999707043170929,0.9997712969779968,0
2026-01-18 04:00:00+00:00,0.9997774362564087,0.999895453453064,0.999562680721283,0.9997607469558716,0
2026-01-18 05:00:00+00:00,0.9997501373291016,0.9999091029167175,0.999655544757843,0.9998621344566345,0
2026-01-18 06:00:00+00:00,0.9998775720596313,0.9999116659164429,0.999725878238678,0.9998138546943665,0
2026-01-18 07:00:00+00:00,0.9998534321784973,0.9998775720596313,0.9996846914291382,0.9997462034225464,0
2026-01-18 08:00:00+00:00,0.9997048377990723,0.9998903274536133,0.9996547102928162,0.9997829794883728,0
2026-01-18 09:00:00+00:00,0.9997988939285278,0.9998931288719177,0.9996753334999084,0.9997581243515015,41789440
2026-01-18 10:00:00+00:00,0.9997672438621521,0.9998920559883118,0.999549925327301,0.9997723698616028,29255168
2026-01-18 11:00:00+00:00,0.999751627445221,0.9999598860740662,0.9995782971382141,0.9997642040252686,0
2026-01-18 12:00:00+00:00,0.9997832179069519,0.9999374747276306,0.9994878768920898,0.999660849571228,0
2026-01-18 13:00:00+00:00,0.9997305870056152,0.9999091625213623,0.9996010065078735,0.9997941255569458,19032576
2026-01-18 14:00:00+00:00,0.999794065952301,0.9999939203262329,0.999640703201294,0.9998160600662231,106317824
2026-01-18 15:00:00+00:00,0.9998816847801208,1.0000581741333008,0.9996095299720764,0.9999581575393677,0
2026-01-18 16:00:00+00:00,0.999803900718689,1.0001403093338013,0.9997557997703552,0.999828577041626,0
2026-01-18 17:00:00+00:00,0.9999003410339355,0.9999285340309143,0.9996675252914429,0.9997448921203613,0
2026-01-18 18:00:00+00:00,0.9997605681419373,1.0000267028808594,0.9996690154075623,0.999724268913269,209140224
2026-01-18 19:00:00+00:00,0.9997907876968384,0.9999805688858032,0.9996513724327087,0.9997625946998596,135296512
2026-01-18 20:00:00+00:00,0.9999170899391174,1.0000742673873901,0.9996430277824402,0.9996430277824402,51350528
2026-01-18 21:00:00+00:00,0.9997122287750244,0.999954342842102,0.9996287822723389,0.9999120235443115,54577152
2026-01-18 22:00:00+00:00,0.9998297095298767,0.9999295473098755,0.9996762275695801,0.9997900724411011,0
2026-01-18 23:00:00+00:00,0.9997066259384155,1.0000405311584473,0.9996623992919922,0.9998336434364319,820766720
2026-01-19 00:00:00+00:00,1.0000505447387695,1.0000735521316528,0.9996551275253296,0.999879777431488,2063895552
2026-01-19 01:00:00+00:00,1.0000413656234741,1.0000413656234741,0.9996292591094971,0.9996942281723022,370904064
2026-01-19 02:00:00+00:00,0.9997397661209106,1.0001722574234009,0.9995231032371521,0.9999600052833557,254432256
2026-01-19 03:00:00+00:00,0.9999041557312012,1.0002089738845825,0.999639630317688,0.999812126159668,270908416
2026-01-19 04:00:00+00:00,0.9997519254684448,1.0001143217086792,0.9996569156646729,0.99978107213974,239535104
2026-01-19 05:00:00+00:00,0.9998164772987366,1.0000522136688232,0.9996416568756104,1.000019907951355,432802816
2026-01-19 06:00:00+00:00,0.9997892379760742,1.0000848770141602,0.9996034502983093,0.9996656775474548,344402944
2026-01-19 07:00:00+00:00,0.999816358089447,1.0000979900360107,0.9996927976608276,0.9998268485069275,193878016
2026-01-19 08:00:00+00:00,0.9999662041664124,1.0001509189605713,0.9995719790458679,0.9998442530632019,357405696
2026-01-19 09:00:00+00:00,0.9998641014099121,1.000049114227295,0.9997157454490662,1.000006079673767,585312256
2026-01-19 10:00:00+00:00,0.9998602271080017,1.0001118183135986,0.9996278882026672,0.9997826814651489,243912704
2026-01-19 11:00:00+00:00,0.9997771382331848,1.000072717666626,0.9995695352554321,0.9998533129692078,436484096
2026-01-19 12:00:00+00:00,0.9998118281364441,1.0000107288360596,0.9997310042381287,0.9998142719268799,595007488
2026-01-19 13:00:00+00:00,0.9998236894607544,1.0000134706497192,0.9996376633644104,0.9998103380203247,297901056
2026-01-19 14:00:00+00:00,0.9998822808265686,1.000028371810913,0.999615490436554,0.9999026656150818,120380416
2026-01-19 15:00:00+00:00,0.9999168515205383,1.0000449419021606,0.9996237754821777,0.9999702572822571,111117312
2026-01-19 16:00:00+00:00,0.9998775720596313,1.0000879764556885,0.9997148513793945,1.0000275373458862,242638848
2026-01-19 17:00:00+00:00,0.999997079372406,1.0000720024108887,0.9997320175170898,0.9998583197593689,119588864
2026-01-19 18:00:00+00:00,0.9998701214790344,0.9999866485595703,0.9996470212936401,0.9998706579208374,0
2026-01-19 19:00:00+00:00,0.99972003698349,1.00009024143219,0.9996791481971741,1.000050663948059,62797824
2026-01-19 20:00:00+00:00,1.0000170469284058,1.000100016593933,0.9997702240943909,0.9999107122421265,62386176
2026-01-19 21:00:00+00:00,0.9997292757034302,1.0000507831573486,0.9997292757034302,0.9998669028282166,181117952
2026-01-19 22:00:00+00:00,0.9998335242271423,0.9999588131904602,0.9996013045310974,0.9997051358222961,333161472
2026-01-19 23:00:00+00:00,0.9997778534889221,0.9999585747718811,0.9996195435523987,0.9998482465744019,0
2026-01-20 00:00:00+00:00,0.9999232292175293,1.0000674724578857,0.9997111558914185,0.9997209906578064,0
2026-01-20 01:00:00+00:00,0.9998239278793335,1.0002100467681885,0.9996777772903442,0.9999577403068542,0
2026-01-20 02:00:00+00:00,0.9996939897537231,1.0000381469726562,0.9996476769447327,0.9997380971908569,0
2026-01-20 03:00:00+00:00,0.9997159838676453,1.0001440048217773,0.999604344367981,0.9996728897094727,0
2026-01-20 04:00:00+00:00,0.9997158050537109,1.000099539756775,0.9995321035385132,0.9998460412025452,0
2026-01-20 05:00:00+00:00,0.9996829628944397,1.0001285076141357,0.9995644092559814,0.9997294545173645,214116352
2026-01-20 06:00:00+00:00,0.9997124075889587,1.0002577304840088,0.9995383024215698,0.999601423740387,612504576
2026-01-20 07:00:00+00:00,0.9998182058334351,1.000161051750183,0.9995359182357788,0.9996169805526733,200578048
2026-01-20 08:00:00+00:00,0.999582052230835,1.0002294778823853,0.9994943737983704,1.0001169443130493,362995712
2026-01-20 09:00:00+00:00,0.999727189540863,0.9998531937599182,0.9994098544120789,0.9996955990791321,0
2026-01-20 10:00:00+00:00,0.9996519088745117,0.9999591708183289,0.9995772838592529,0.9997696280479431,34002944
2026-01-20 11:00:00+00:00,0.9997786283493042,1.000184178352356,0.9994214177131653,0.9995501637458801,0
2026-01-20 12:00:00+00:00,0.999721884727478,1.0000249147415161,0.9994231462478638,0.9998937249183655,64610304
2026-01-20 13:00:00+00:00,0.9997854828834534,1.0000598430633545,0.9995182156562805,0.9998417496681213,230203392
2026-01-20 14:00:00+00:00,0.9997503161430359,1.0002877712249756,0.9994800090789795,0.9997660517692566,1038815232
2026-01-20 15:00:00+00:00,0.9998179078102112,1.0001765489578247,0.9993279576301575,0.9997609853744507,912300032
2026-01-20 16:00:00+00:00,0.9997702240943909,1.0002025365829468,0.9993935227394104,0.9997462034225464,363353088
2026-01-20 17:00:00+00:00,0.9998537302017212,1.0001366138458252,0.9995313882827759,0.9997196197509766,818076672
2026-01-20 18:00:00+00:00,0.9997264742851257,1.0003252029418945,0.9993919134140015,0.9996451735496521,403580928
2026-01-20 19:00:00+00:00,0.9996587038040161,1.0002084970474243,0.9994803667068481,0.9996751546859741,647452672
2026-01-20 20:00:00+00:00,0.9997271299362183,0.9999567270278931,0.9994837045669556,0.999801754951477,599156736
2026-01-20 21:00:00+00:00,0.9997815489768982,0.9999338388442993,0.9996163249015808,0.99977046251297,485140480
2026-01-20 22:00:00+00:00,0.9997765421867371,1.000207781791687,0.9995771050453186,1.000068187713623,376463360
2026-01-20 23:00:00+00:00,1.000290870666504,1.000290870666504,0.9996187090873718,0.9996413588523865,77242368
2026-01-21 00:00:00+00:00,0.9997769594192505,1.0000942945480347,0.9996415376663208,0.999869167804718,204331008
2026-01-21 01:00:00+00:00,0.9998457431793213,1.0003937482833862,0.9995554089546204,0.9996358156204224,235362304
2026-01-21 02:00:00+00:00,0.9999276399612427,1.0002152919769287,0.9996193647384644,0.9998227953910828,49152000
2026-01-21 03:00:00+00:00,0.9997542500495911,1.000095009803772,0.9996681809425354,0.9997585415840149,0
2026-01-21 04:00:00+00:00,0.9997585415840149,0.9999362826347351,0.9994204640388489,0.9996734261512756,0
2026-01-21 05:00:00+00:00,0.9996834993362427,1.000140905380249,0.9994258284568787,0.999566376209259,0
2026-01-21 06:00:00+00:00,0.9997639060020447,0.9999173879623413,0.9994382262229919,0.9997990727424622,0
2026-01-21 07:00:00+00:00,0.9996989369392395,0.9999509453773499,0.9994862675666809,0.9997557401657104,0
2026-01-21 08:00:00+00:00,1.000008463859558,1.000008463859558,0.9995842576026917,0.9997640252113342,0
2026-01-21 09:00:00+00:00,0.9997442960739136,1.0000029802322388,0.9995793700218201,0.9997420907020569,0
2026-01-21 10:00:00+00:00,0.9998784065246582,0.999955952167511,0.9996663928031921,0.9997353553771973,4956160
2026-01-21 11:00:00+00:00,0.9997522234916687,1.000125527381897,0.9996142983436584,1.000125527381897,0
2026-01-21 12:00:00+00:00,0.9997872114181519,1.000110149383545,0.99961918592453,0.9998868107795715,0
2026-01-21 13:00:00+00:00,0.999888002872467,1.00020432472229,0.999538779258728,0.999538779258728,0
2026-01-21 14:00:00+00:00,0.9994598627090454,1.0005303621292114,0.9994483590126038,0.9999498724937439,0
2026-01-21 15:00:00+00:00,0.9997860789299011,1.0004268884658813,0.9994253516197205,0.9998111128807068,1464320
2026-01-21 16:00:00+00:00,0.9996049404144287,1.0002191066741943,0.9993992447853088,0.9996641278266907,754829312
2026-01-21 17:00:00+00:00,0.9993548393249512,1.0001243352890015,0.9993548393249512,0.9997768402099609,98039808
2026-01-21 18:00:00+00:00,0.9997795820236206,1.0003175735473633,0.9994887709617615,0.9997777938842773,0
2026-01-21 19:00:00+00:00,0.9996342062950134,1.0002821683883667,0.9995532035827637,0.9998185634613037,686886912
2026-01-21 20:00:00+00:00,0.9996882677078247,1.000124454498291,0.9996317625045776,1.0000922679901123,0
2026-01-21 21:00:00+00:00,0.9999209642410278,1.0002521276474,0.999635636806488,0.9998669028282166,0
2026-01-21 22:00:00+00:00,0.9997130632400513,1.000282645225525,0.9996253252029419,0.9997223615646362,0
2026-01-21 23:00:00+00:00,0.9997687339782715,1.0002297163009644,0.9996643662452698,0.9997780919075012,0
2026-01-22 00:00:00+00:00,0.9997228980064392,1.0002219676971436,0.9995788335800171,0.9997045993804932,0
2026-01-22 01:00:00+00:00,0.9997190833091736,1.0002082586288452,0.9995381832122803,0.9997169971466064,0
2026-01-22 02:00:00+00:00,0.9998584985733032,0.9999484419822693,0.9993078112602234,0.9997550845146179,0
2026-01-22 03:00:00+00:00,0.9998281598091125,1.000057339668274,0.9995336532592773,0.9997875094413757,93163520
2026-01-22 04:00:00+00:00,0.9998393058776855,1.000083565711975,0.999580979347229,0.9997518658638,54591488
2026-01-22 05:00:00+00:00,0.9997628927230835,0.9999492764472961,0.9996036887168884,0.9997479915618896,0
2026-01-22 06:00:00+00:00,0.9999630451202393,1.0002018213272095,0.9995856881141663,0.9999513030052185,86441984
2026-01-22 07:00:00+00:00,0.9998418688774109,1.0000194311141968,0.9995773434638977,0.9997089505195618,0
2026-01-22 08:00:00+00:00,0.9997944831848145,1.00006902217865,0.9995454549789429,0.9998216032981873,0
2026-01-22 09:00:00+00:00,0.9998502135276794,1.0000776052474976,0.9996700882911682,0.9997071623802185,164616192
2026-01-22 10:00:00+00:00,0.9996994733810425,0.9999575614929199,0.9995977878570557,0.9998434782028198,139337728
2026-01-22 11:00:00+00:00,0.9997537732124329,1.000274658203125,0.99960857629776,0.9997629523277283,171444224
2026-01-22 12:00:00+00:00,0.9997344613075256,0.999853789806366,0.9995433688163757,0.9997645020484924,0
2026-01-22 13:00:00+00:00,0.9998350143432617,1.0001558065414429,0.999494731426239,0.9997514486312866,31252480
2026-01-22 14:00:00+00:00,0.9998052716255188,1.0002191066741943,0.9995186924934387,0.9998254776000977,0
2026-01-22 15:00:00+00:00,0.9998068809509277,1.0004528760910034,0.9994906187057495,1.0001699924468994,470878208
2026-01-22 16:00:00+00:00,0.9996267557144165,1.000253677368164,0.9995073080062866,0.9996865391731262,0
2026-01-22 17:00:00+00:00,0.9998863339424133,1.0002151727676392,0.9995299577713013,0.9997749924659729,0
2026-01-22 18:00:00+00:00,0.9997579455375671,1.0002521276474,0.9991157054901123,0.9996184706687927,0
2026-01-22 19:00:00+00:00,0.999595582485199,1.0001932382583618,0.9995697140693665,0.9997010827064514,0
2026-01-22 20:00:00+00:00,0.9997190833091736,1.0001121759414673,0.9995622038841248,0.9996420741081238,0
2026-01-22 21:00:00+00:00,0.9998877644538879,0.9999173879623413,0.9994414448738098,0.9994456171989441,0
2026-01-22 22:00:00+00:00,0.9997610449790955,1.0001213550567627,0.9991500973701477,0.9997252225875854,0
2026-01-22 23:00:00+00:00,0.9996573328971863,1.0003271102905273,0.9995394349098206,0.9997002482414246,0
2026-01-23 00:00:00+00:00,0.9996982216835022,0.9999043941497803,0.9996243119239807,0.9997161626815796,0
2026-01-23 01:00:00+00:00,0.9996824264526367,1.000113606452942,0.9995757937431335,0.9997048377990723,0
2026-01-23 02:00:00+00:00,0.9996846318244934,0.9999353885650635,0.999527096748352,0.9997142553329468,164769792
2026-01-23 03:00:00+00:00,0.9997097849845886,1.0000029802322388,0.999552309513092,0.9998202919960022,0
2026-01-23 04:00:00+00:00,0.999896228313446,0.999896228313446,0.9995639324188232,0.9997575879096985,0
2026-01-23 05:00:00+00:00,0.9997024536132812,0.9998979568481445,0.9994881749153137,0.9996057748794556,103492608
2026-01-23 06:00:00+00:00,0.9998350739479065,0.9998816847801208,0.999144434928894,0.9996957182884216,167647232
2026-01-23 07:00:00+00:00,0.9996492862701416,0.9999200105667114,0.9995154738426208,0.9997142553329468,202618880
2026-01-23 08:00:00+00:00,0.9997113347053528,0.9999861717224121,0.9993615746498108,0.9997012615203857,140626944
2026-01-23 09:00:00+00:00,0.9997274875640869,0.9998746514320374,0.9992873072624207,0.9995776414871216,0
2026-01-23 10:00:00+00:00,0.9996227025985718,0.9999082684516907,0.9994160532951355,0.9994160532951355,20760576
2026-01-23 11:00:00+00:00,0.999527633190155,0.9998611211776733,0.9994882345199585,0.999591588973999,0
2026-01-23 12:00:00+00:00,0.9997308850288391,1.0000163316726685,0.9994910359382629,0.9996324777603149,0
2026-01-23 13:00:00+00:00,0.9995766878128052,1.0003114938735962,0.9995155930519104,0.9995629191398621,0
2026-01-23 14:00:00+00:00,0.9997950792312622,1.0003950595855713,0.9994069933891296,0.9998360276222229,159488000
2026-01-23 15:00:00+00:00,0.9997207522392273,1.0003217458724976,0.9993309378623962,0.9997318387031555,0
2026-01-23 16:00:00+00:00,0.9996321201324463,1.0002416372299194,0.9995349049568176,0.9997119903564453,0
2026-01-23 17:00:00+00:00,0.9996259212493896,1.0002995729446411,0.9994284510612488,0.9996857047080994,886133760
2026-01-23 18:00:00+00:00,0.9996187686920166,1.0003489255905151,0.9992372989654541,0.9997261166572571,221340672
2026-01-23 19:00:00+00:00,0.9996793270111084,1.0002243518829346,0.9993463158607483,0.9996664524078369,456896512
2026-01-23 20:00:00+00:00,0.9996876120567322,1.0002326965332031,0.9993690252304077,0.9996476173400879,50366464
2026-01-23 21:00:00+00:00,0.999687671661377,0.9999865293502808,0.999198317527771,0.999198317527771,75407360
2026-01-23 22:00:00+00:00,0.9997159838676453,1.0000284910202026,0.9994651079177856,0.9998388886451721,247636992
2026-01-23 23:00:00+00:00,0.9996200203895569,0.9998797178268433,0.9994788765907288,0.9996725916862488,3980288
2026-01-24 00:00:00+00:00,0.9996334910392761,0.9998711347579956,0.999550461769104,0.9997010231018066,255747072
2026-01-24 01:00:00+00:00,0.9995825290679932,0.999887228012085,0.9995620846748352,0.9996457099914551,0
2026-01-24 02:00:00+00:00,0.999755322933197,0.9998521208763123,0.999508261680603,0.9997163414955139,0
2026-01-24 03:00:00+00:00,0.9997280240058899,1.000020980834961,0.9994955062866211,0.9997527003288269,0
2026-01-24 04:00:00+00:00,0.9996843934059143,1.0000075101852417,0.999506413936615,0.9996944665908813,171824128
2026-01-24 05:00:00+00:00,0.9997235536575317,0.9999626278877258,0.9995028376579285,0.9996975064277649,0
2026-01-24 06:00:00+00:00,0.9998567700386047,0.9998567700386047,0.9995699524879456,0.9995874166488647,0
2026-01-24 07:00:00+00:00,0.9996129274368286,0.9998172521591187,0.9995705485343933,0.999654233455658,0
2026-01-24 08:00:00+00:00,0.9996368288993835,0.9997758865356445,0.9995471239089966,0.999767541885376,0
2026-01-24 09:00:00+00:00,0.9996715784072876,0.999754786491394,0.999459445476532,0.9996593594551086,0
2026-01-24 10:00:00+00:00,0.999675452709198,0.9997967481613159,0.999525785446167,0.9997342228889465,0
2026-01-24 11:00:00+00:00,0.9997415542602539,0.999783456325531,0.9995733499526978,0.9997400641441345,0
2026-01-24 12:00:00+00:00,0.9996665716171265,0.99978107213974,0.9995508193969727,0.9997308850288391,0
2026-01-24 13:00:00+00:00,0.9996519088745117,0.9998214840888977,0.9995447397232056,0.9996244311332703,0
2026-01-24 14:00:00+00:00,1.0000369548797607,1.0000369548797607,0.9995272159576416,0.9996563792228699,0
2026-01-24 15:00:00+00:00,0.9996848106384277,0.9998304843902588,0.9994862675666809,0.9996545910835266,0
2026-01-24 16:00:00+00:00,0.9996579885482788,0.9999241232872009,0.9993600249290466,0.9997709393501282,0
2026-01-24 17:00:00+00:00,0.9997138381004333,1.000104546546936,0.9994836449623108,0.9998525381088257,0
2026-01-24 18:00:00+00:00,0.9996553659439087,0.9999657273292542,0.9996238946914673,0.9996238946914673,0
2026-01-24 19:00:00+00:00,0.9996953010559082,0.9997508525848389,0.9995501637458801,0.9997443556785583,0
2026-01-24 20:00:00+00:00,0.9996890425682068,0.9997941851615906,0.9996090531349182,0.9996364712715149,0
2026-01-24 21:00:00+00:00,0.9996873140335083,0.9998016953468323,0.9994299411773682,0.9997296333312988,0
2026-01-24 22:00:00+00:00,1.000002145767212,1.000002145767212,0.9995363354682922,0.9996915459632874,0
2026-01-24 23:00:00+00:00,0.9997032880783081,0.9998550415039062,0.9995628595352173,0.9996578097343445,18786816
2026-01-25 00:00:00+00:00,0.9997298121452332,0.9998940229415894,0.9995675683021545,0.9997290372848511,0
2026-01-25 01:00:00+00:00,0.9998213052749634,0.9998282194137573,0.9995437264442444,0.9997177720069885,0
2026-01-25 02:00:00+00:00,0.9997089505195618,0.9997944831848145,0.9995959997177124,0.9997174143791199,0
2026-01-25 03:00:00+00:00,0.9997097253799438,0.9998857378959656,0.9994996190071106,0.9998857378959656,0
2026-01-25 04:00:00+00:00,0.9996961951255798,0.9999390244483948,0.9996058940887451,0.9997523427009583,0
2026-01-25 05:00:00+00:00,0.999720573425293,1.0000169277191162,0.9995566606521606,0.9997479915618896,0
2026-01-25 06:00:00+00:00,0.9996686577796936,0.9999722242355347,0.9995486736297607,0.9997142553329468,0
2026-01-25 07:00:00+00:00,0.9997103810310364,0.9998365044593811,0.9995157718658447,0.9996641278266907,0
2026-01-25 08:00:00+00:00,0.9997275471687317,0.9999650120735168,0.9995589852333069,0.999579906463623,123792384
2026-01-25 09:00:00+00:00,0.9997090697288513,1.0000183582305908,0.9995033144950867,0.999575138092041,81856000
2026-01-25 10:00:00+00:00,0.9997024536132812,1.0000827312469482,0.9995326399803162,0.9998956322669983,25856512
2026-01-25 11:00:00+00:00,0.9999133944511414,0.9999133944511414,0.9995333552360535,0.9996806979179382,0
2026-01-25 12:00:00+00:00,0.9996817111968994,0.999857485294342,0.9995146989822388,0.9997974038124084,101235200
2026-01-25 13:00:00+00:00,0.9997833371162415,0.9998610019683838,0.9994860887527466,0.999668538570404,94674944
2026-01-25 14:00:00+00:00,0.9996625781059265,0.9998819231987,0.9994372129440308,0.999769926071167,0
2026-01-25 15:00:00+00:00,0.999676525592804,0.9999790787696838,0.9994246363639832,0.9997497797012329,0
2026-01-25 16:00:00+00:00,0.9998064637184143,1.0002446174621582,0.9995614886283875,0.9997498393058777,542276608
2026-01-25 17:00:00+00:00,0.9997281432151794,0.9999226331710815,0.9991849064826965,0.9997138977050781,100770816
2026-01-25 18:00:00+00:00,0.9996761679649353,1.000472068786621,0.9993365406990051,0.9997793436050415,503730688
2026-01-25 19:00:00+00:00,0.9996928572654724,1.0003167390823364,0.9993670582771301,0.9997676610946655,1135755264
2026-01-25 20:00:00+00:00,0.9997830390930176,1.0000380277633667,0.9995614886283875,0.9998514652252197,777423872
2026-01-25 21:00:00+00:00,0.9998573660850525,1.0003942251205444,0.9995877146720886,0.9997828602790833,376299008
2026-01-25 22:00:00+00:00,0.9997474551200867,1.0001497268676758,0.9995021820068359,0.9997729659080505,300767744
2026-01-25 23:00:00+00:00,0.9999437928199768,1.0000790357589722,0.9996345043182373,0.9997260570526123,334694400
2026-01-26 00:00:00+00:00,0.9999059438705444,1.0000584125518799,0.9996405839920044,0.9997912645339966,345359360
2026-01-26 01:00:00+00:00,0.99976646900177,1.0003160238265991,0.9996366500854492,0.9996851086616516,424492032
2026-01-26 02:00:00+00:00,0.9997656345367432,1.000167965888977,0.9993717670440674,0.9997225403785706,267892736
2026-01-26 03:00:00+00:00,0.9996740221977234,0.9999215006828308,0.9995379447937012,0.9998422861099243,213221376
2026-01-26 04:00:00+00:00,0.9998852610588074,1.0003968477249146,0.9995198249816895,0.9996486902236938,289867776
2026-01-26 05:00:00+00:00,0.9996971487998962,0.9999676942825317,0.9994511008262634,0.9996732473373413,112049152
2026-01-26 06:00:00+00:00,0.999627947807312,1.000091552734375,0.999519944190979,0.9997296333312988,272396288
2026-01-26 07:00:00+00:00,0.9995532035827637,1.0002192258834839,0.9995500445365906,0.9995980262756348,297202688
2026-01-26 08:00:00+00:00,0.9996920824050903,1.000084638595581,0.9995179176330566,0.9997272491455078,104270848
2026-01-26 09:00:00+00:00,0.9997561573982239,0.999858021736145,0.9995614886283875,0.9996523261070251,167919616
2026-01-26 10:00:00+00:00,0.9997759461402893,0.9999115467071533,0.9995524287223816,0.9996914267539978,204764160
2026-01-26 11:00:00+00:00,0.9997012615203857,0.9998940229415894,0.9995944499969482,0.9996936321258545,214958080
2026-01-26 12:00:00+00:00,0.9996981024742126,1.000007152557373,0.9995025396347046,0.9998211860656738,86135808
2026-01-26 13:00:00+00:00,0.9997690916061401,0.9999249577522278,0.9995139241218567,0.9997534155845642,572704768
2026-01-26 14:00:00+00:00,0.9997439980506897,1.0004445314407349,0.9992827773094177,0.9998062252998352,1360961536
2026-01-26 15:00:00+00:00,0.9997391700744629,1.000388741493225,0.9993175864219666,0.9998525977134705,1486353408
2026-01-26 16:00:00+00:00,0.9995865225791931,1.00010347366333,0.9993561506271362,0.9995269179344177,0
2026-01-26 17:00:00+00:00,0.9997242093086243,1.0001726150512695,0.9995108842849731,0.9996094703674316,292804608
2026-01-26 18:00:00+00:00,0.9996803402900696,1.0000306367874146,0.9994242787361145,0.9997616410255432,0
2026-01-26 19:00:00+00:00,0.9997580647468567,1.000173568725586,0.9995580315589905,0.9997547268867493,0
2026-01-26 20:00:00+00:00,0.9997143149375916,0.9999247193336487,0.9994195103645325,0.9996496438980103,0
2026-01-26 21:00:00+00:00,0.9995158910751343,1.0000677108764648,0.9994832277297974,0.999602735042572,0
2026-01-26 22:00:00+00:00,0.9995564222335815,0.9999954104423523,0.9994286298751831,0.9995989203453064,0
2026-01-26 23:00:00+00:00,0.9996551275253296,0.9998149275779724,0.9994126558303833,0.9996427297592163,0
2026-01-27 00:00:00+00:00,0.9995239973068237,0.9997691512107849,0.9993611574172974,0.9996418952941895,0
2026-01-27 01:00:00+00:00,0.9996823072433472,1.0000139474868774,0.9994173645973206,0.9997453093528748,0
2026-01-27 02:00:00+00:00,0.9997033476829529,1.0001113414764404,0.9995197057723999,0.9997010231018066,0
2026-01-27 03:00:00+00:00,0.9996940493583679,1.0000280141830444,0.9994952082633972,0.9996659159660339,2282847232
2026-01-27 04:00:00+00:00,0.9997348189353943,0.9999194741249084,0.9994808435440063,0.9996306300163269,0
2026-01-27 05:00:00+00:00,0.9997116327285767,0.9999264478683472,0.9995707869529724,0.9997358918190002,112195584
2026-01-27 06:00:00+00:00,0.9997039437294006,1.0000959634780884,0.9995196461677551,0.9997221827507019,0
2026-01-27 07:00:00+00:00,0.9997669458389282,1.0002139806747437,0.9994843602180481,0.9996094107627869,609125376
2026-01-27 08:00:00+00:00,0.999626874923706,0.9998389482498169,0.9994603395462036,0.9996423721313477,2021331968
2026-01-27 09:00:00+00:00,0.9996039867401123,0.9998238682746887,0.9994183778762817,0.9996644854545593,1586650112
2026-01-27 10:00:00+00:00,0.9996252059936523,0.9999150633811951,0.9995187520980835,0.9996678233146667,2047934464
2026-01-27 11:00:00+00:00,0.9996388554573059,0.9999058842658997,0.9995176196098328,0.9997624158859253,1864886272
2026-01-27 12:00:00+00:00,0.9996532201766968,0.9998477101325989,0.9994295239448547,0.999690055847168,1338073088
2026-01-27 13:00:00+00:00,0.9997090697288513,0.9998513460159302,0.9993935823440552,0.9994637966156006,0
2026-01-27 14:00:00+00:00,0.9996098279953003,1.0000594854354858,0.9994972348213196,0.9996610283851624,0
2026-01-27 15:00:00+00:00,0.999617338180542,1.0000011920928955,0.999430239200592,0.9996216893196106,0
2026-01-27 16:00:00+00:00,0.9996505975723267,1.0000576972961426,0.9994186758995056,0.9997671842575073,420036608
2026-01-27 17:00:00+00:00,0.9996775984764099,0.9999698400497437,0.9992262721061707,0.9995952844619751,373161984
2026-01-27 18:00:00+00:00,0.9995958805084229,0.9998722672462463,0.9995277523994446,0.9997483491897583,197615616
2026-01-27 19:00:00+00:00,0.9994608163833618,1.0001864433288574,0.9994527697563171,0.9996111392974854,0
2026-01-27 20:00:00+00:00,0.999713122844696,1.0002970695495605,0.9994941353797913,0.9996013045310974,648146944
2026-01-27 21:00:00+00:00,0.9997998476028442,1.000072717666626,0.9994363784790039,0.9996410012245178,385753088
2026-01-27 22:00:00+00:00,0.9996954798698425,1.000050663948059,0.9995214939117432,0.999676525592804,370900992
2026-01-27 23:00:00+00:00,0.9995040893554688,1.0002119541168213,0.9995040893554688,0.9996462464332581,64262144
2026-01-28 00:00:00+00:00,0.9996728897094727,0.9998449087142944,0.9993757605552673,0.9996886849403381,0
2026-01-28 01:00:00+00:00,0.9998070001602173,0.9999845027923584,0.9995185732841492,0.9996323585510254,193521664
2026-01-28 02:00:00+00:00,0.999545156955719,1.0001012086868286,0.9995313286781311,0.9996779561042786,0
2026-01-28 03:00:00+00:00,0.9996339082717896,1.0002679824829102,0.9995066523551941,0.9998220205307007,0
2026-01-28 04:00:00+00:00,0.9997471570968628,1.000000238418579,0.9995010495185852,0.9997977614402771,0
2026-01-28 05:00:00+00:00,0.9997133612632751,1.0003150701522827,0.9995413422584534,0.9997093677520752,0
2026-01-28 06:00:00+00:00,0.9996755123138428,0.9999204277992249,0.999386191368103,0.9995994567871094,3510272
2026-01-28 07:00:00+00:00,0.9996151924133301,0.9998724460601807,0.9995244145393372,0.9995521903038025,0
2026-01-28 08:00:00+00:00,0.999693751335144,0.9999266862869263,0.9994561076164246,0.9997095465660095,0
2026-01-28 09:00:00+00:00,0.9996470212936401,0.9999903440475464,0.9994197487831116,0.9998248815536499,0
2026-01-28 10:00:00+00:00,0.9999960064888,1.000184416770935,0.9995011687278748,0.9997920393943787,0
2026-01-28 11:00:00+00:00,0.9997228384017944,1.0001683235168457,0.9996082782745361,0.9997475147247314,0
2026-01-28 12:00:00+00:00,0.9997684955596924,1.0001908540725708,0.9994829893112183,0.9998772144317627,0
2026-01-28 13:00:00+00:00,0.9997870326042175,1.0002622604370117,0.9995885491371155,0.9997725486755371,254246912
2026-01-28 14:00:00+00:00,0.9997962713241577,1.0000476837158203,0.9996244311332703,0.9997752904891968,106697728
2026-01-28 15:00:00+00:00,0.999671995639801,1.000356674194336,0.999492347240448,0.9999023675918579,102008832
2026-01-28 16:00:00+00:00,0.9999276995658875,0.9999358654022217,0.9995282292366028,0.9995984435081482,0
2026-01-28 17:00:00+00:00,0.9996500611305237,1.00021231174469,0.9995575547218323,0.9997778534889221,0
2026-01-28 18:00:00+00:00,0.9997628927230835,1.0001624822616577,0.9994456171989441,0.9997663497924805,0
2026-01-28 19:00:00+00:00,0.9998016953468323,1.0002623796463013,0.9995669722557068,0.9997196197509766,393848832
2026-01-28 20:00:00+00:00,0.9998403191566467,1.000420331954956,0.9994921684265137,0.9995912909507751,0
2026-01-28 21:00:00+00:00,0.9998416304588318,0.999923050403595,0.9995444416999817,0.9995924830436707,0
2026-01-28 22:00:00+00:00,0.9996620416641235,0.9999781250953674,0.9993153810501099,0.9996090531349182,0
2026-01-28 23:00:00+00:00,0.99962317943573,1.0000017881393433,0.9994649291038513,0.9998871684074402,5172224
2026-01-29 00:00:00+00:00,0.9994051456451416,0.99980628490448,0.9994051456451416,0.999679446220398,0
2026-01-29 01:00:00+00:00,0.999737560749054,1.0002552270889282,0.9994792938232422,0.9997143149375916,10494976
2026-01-29 02:00:00+00:00,0.9995775818824768,1.000186562538147,0.9994707107543945,0.9995676875114441,237946880
2026-01-29 03:00:00+00:00,0.9996647834777832,1.000016689300537,0.9993183612823486,0.9996532797813416,161314816
2026-01-29 04:00:00+00:00,0.9996260404586792,1.0000536441802979,0.9995062351226807,0.9997523427009583,0
2026-01-29 05:00:00+00:00,0.9996915459632874,1.00003182888031,0.9995707869529724,0.9996640682220459,0
2026-01-29 06:00:00+00:00,0.9999399185180664,1.000270128250122,0.9994834661483765,0.9996275305747986,0
2026-01-29 07:00:00+00:00,0.9997596740722656,1.0001307725906372,0.9993970394134521,0.9996388554573059,92936192
2026-01-29 08:00:00+00:00,0.9998492002487183,1.0001180171966553,0.9994961023330688,0.9996917843818665,0
2026-01-29 09:00:00+00:00,0.9996902942657471,0.9999518990516663,0.9995349049568176,0.999674379825592,0
2026-01-29 10:00:00+00:00,0.9996286034584045,0.9999909400939941,0.9994975328445435,0.9995949864387512,0
2026-01-29 11:00:00+00:00,0.9996666312217712,0.9998877644538879,0.9993715882301331,0.9997323155403137,0
2026-01-29 12:00:00+00:00,0.9998509883880615,0.9998923540115356,0.9995596408843994,0.9997031092643738,0
2026-01-29 13:00:00+00:00,0.9997320771217346,0.9997590184211731,0.999535858631134,0.9996280670166016,0
2026-01-29 14:00:00+00:00,0.9998788833618164,0.9998857378959656,0.9994760155677795,0.9996733665466309,24157184
2026-01-29 15:00:00+00:00,0.9997700452804565,1.0001522302627563,0.9993152022361755,0.999894380569458,1296614400
2026-01-29 16:00:00+00:00,0.9996472597122192,1.0001294612884521,0.9994169473648071,0.9996703863143921,443479040
2026-01-29 17:00:00+00:00,0.9995216727256775,0.99985671043396,0.9994478821754456,0.9994478821754456,578624512
2026-01-29 18:00:00+00:00,0.9997931718826294,0.9999723434448242,0.9994974732398987,0.9995551705360413,682841088
2026-01-29 19:00:00+00:00,0.9996258020401001,1.0001366138458252,0.9993849396705627,0.9995625019073486,93817856
2026-01-29 20:00:00+00:00,0.9996248483657837,1.0004302263259888,0.9991564154624939,0.9997199177742004,136443904
2026-01-29 21:00:00+00:00,0.9995526671409607,0.9999741315841675,0.9994900226593018,0.9996954202651978,132168704
2026-01-29 22:00:00+00:00,0.9998296499252319,1.0001181364059448,0.999487042427063,0.9997386932373047,49541120
2026-01-29 23:00:00+00:00,0.9996981620788574,1.000106692314148,0.9995813369750977,0.9997098445892334,83265536
2026-01-30 00:00:00+00:00,0.9997156262397766,1.0000267028808594,0.9995525479316711,0.9998220205307007,113494016
2026-01-30 01:00:00+00:00,0.999722957611084,1.0004498958587646,0.9994537234306335,0.9998358488082886,994613248
2026-01-30 02:00:00+00:00,0.9996581077575684,1.0002795457839966,0.9995421171188354,0.9997267723083496,532409344
2026-01-30 03:00:00+00:00,0.9999465942382812,1.000058650970459,0.9996439814567566,0.9998196363449097,104263680
2026-01-30 04:00:00+00:00,0.9997405409812927,0.9998970031738281,0.9995110034942627,0.9996412396430969,263442432
2026-01-30 05:00:00+00:00,0.9996951818466187,1.0000101327896118,0.9993469715118408,0.999566376209259,47548416
2026-01-30 06:00:00+00:00,0.9996297359466553,1.000066876411438,0.9994518160820007,0.9997108578681946,255098880
2026-01-30 07:00:00+00:00,0.9996349215507507,1.000129222869873,0.9994819760322571,0.9995875954627991,82802688
2026-01-30 08:00:00+00:00,0.9996969699859619,0.9998847246170044,0.9994282722473145,0.9996954798698425,23322624
2026-01-30 09:00:00+00:00,0.999713122844696,0.9998812079429626,0.9994163513183594,0.9996198415756226,386924544
2026-01-30 10:00:00+00:00,0.9996201992034912,0.9998635649681091,0.9994605779647827,0.9998075366020203,183824384
2026-01-30 11:00:00+00:00,0.9997795820236206,1.0000361204147339,0.9996035695075989,0.999654233455658,42047488
2026-01-30 12:00:00+00:00,0.9997060298919678,1.0000470876693726,0.9995136260986328,0.9997946619987488,123402240
2026-01-30 13:00:00+00:00,0.9998505711555481,1.0006827116012573,0.9994848966598511,0.9996816515922546,0
2026-01-30 14:00:00+00:00,0.9996351003646851,1.0003327131271362,0.999416708946228,0.9995915293693542,25677824
2026-01-30 15:00:00+00:00,0.9996782541275024,1.0000520944595337,0.9994035363197327,0.9996728897094727,0
2026-01-30 16:00:00+00:00,0.9998014569282532,0.9999286532402039,0.9994640946388245,0.9995723366737366,0
2026-01-30 17:00:00+00:00,0.999717116355896,1.000287652015686,0.9995265007019043,0.9997279047966003,0
2026-01-30 18:00:00+00:00,0.9994855523109436,1.0004764795303345,0.9994614124298096,1.0004764795303345,96495616
2026-01-30 19:00:00+00:00,0.9996941089630127,1.0004041194915771,0.9995257258415222,0.9995469450950623,187332608
2026-01-30 20:00:00+00:00,0.9997602701187134,1.000471591949463,0.9994566440582275,0.9995383024215698,669775872
2026-01-30 21:00:00+00:00,0.9995717406272888,1.0003700256347656,0.9994723796844482,0.9996556043624878,156397568
2026-01-30 22:00:00+00:00,0.9996218085289001,1.0001486539840698,0.9995278120040894,0.9998009204864502,203857920
2026-01-30 23:00:00+00:00,0.9996640086174011,1.0001304149627686,0.9995238184928894,0.999756932258606,39337984
2026-01-31 00:00:00+00:00,0.9996485114097595,1.0001811981201172,0.9994977116584778,0.9995332956314087,0
2026-01-31 01:00:00+00:00,0.9997138977050781,0.999897837638855,0.9995445609092712,0.9997084140777588,0
2026-01-31 02:00:00+00:00,0.9996791481971741,0.9999541640281677,0.9994704127311707,0.9996134638786316,0
2026-01-31 03:00:00+00:00,0.999667763710022,0.9999447464942932,0.9994440674781799,0.9997419118881226,0
2026-01-31 04:00:00+00:00,0.9997156858444214,0.9999250769615173,0.9994763135910034,0.9996961355209351,0
2026-01-31 05:00:00+00:00,0.9997727870941162,0.9998817443847656,0.9994397759437561,0.9994716644287109,10617856
2026-01-31 06:00:00+00:00,0.9996095299720764,0.9999366998672485,0.9994420409202576,0.9996437430381775,0
2026-01-31 07:00:00+00:00,0.9995579719543457,0.9998059272766113,0.9993801116943359,0.9996606111526489,0
2026-01-31 08:00:00+00:00,0.9996036291122437,1.00014066696167,0.9994475245475769,0.9996870160102844,155873280
2026-01-31 09:00:00+00:00,0.9996711015701294,0.9999606609344482,0.9994130730628967,0.9997143745422363,0
2026-01-31 10:00:00+00:00,0.999539315700531,0.9999648332595825,0.9995195865631104,0.9996697902679443,0
2026-01-31 11:00:00+00:00,0.9997748732566833,0.9999608397483826,0.9995193481445312,0.9996827840805054,0
2026-01-31 12:00:00+00:00,0.9996638298034668,1.0001184940338135,0.9995591044425964,0.9996158480644226,0
2026-01-31 13:00:00+00:00,0.9995185136795044,0.9999266266822815,0.9993956089019775,0.9999074935913086,0
2026-01-31 14:00:00+00:00,0.9996999502182007,1.0006624460220337,0.9991418719291687,0.9996678829193115,731392000
2026-01-31 15:00:00+00:00,0.9996590614318848,1.0006005764007568,0.9993219375610352,0.9993219375610352,0
2026-01-31 16:00:00+00:00,0.9994523525238037,1.0005143880844116,0.9993485808372498,0.9996069669723511,628613120
2026-01-31 17:00:00+00:00,0.9998031854629517,1.0012824535369873,0.9989286661148071,0.9997125267982483,2104057856
2026-01-31 18:00:00+00:00,0.999759316444397,1.0009434223175049,0.9985938668251038,0.9997186660766602,1347348480
2026-01-31 19:00:00+00:00,0.9997867941856384,1.0005674362182617,0.9994298815727234,0.9997000694274902,126734336
2026-01-31 20:00:00+00:00,0.9997172951698303,1.0002753734588623,0.9994931817054749,0.9995805025100708,0
2026-01-31 21:00:00+00:00,0.9997056126594543,1.0003935098648071,0.9993211627006531,0.999732255935669,57935872
2026-01-31 22:00:00+00:00,0.999688982963562,1.0003976821899414,0.999471127986908,1.0003976821899414,0
2026-01-31 23:00:00+00:00,0.9998419880867004,1.0004358291625977,0.9995278716087341,0.9997435808181763,421810176
2026-02-01 00:00:00+00:00,0.9997372627258301,1.000205159187317,0.9994169473648071,0.9998213052749634,323090432
2026-02-01 01:00:00+00:00,0.999621570110321,1.0002002716064453,0.9992820620536804,0.9997376799583435,152117248
2026-02-01 02:00:00+00:00,0.9997153878211975,1.0006147623062134,0.9993774890899658,0.9997091293334961,113119232
2026-02-01 03:00:00+00:00,0.9998862743377686,0.999996542930603,0.9993658065795898,0.999996542930603,0
2026-02-01 04:00:00+00:00,0.9998335838317871,1.000061273574829,0.9995505809783936,0.9997174739837646,210202624
2026-02-01 05:00:00+00:00,0.9996095299720764,0.9999730587005615,0.9992608428001404,0.9996243715286255,76972032
2026-02-01 06:00:00+00:00,0.9996687769889832,1.0001893043518066,0.9994820952415466,0.9996724724769592,0
2026-02-01 07:00:00+00:00,0.9996463060379028,1.0002769231796265,0.99953293800354,0.99970942735672,111472640
2026-02-01 08:00:00+00:00,0.9996916055679321,0.9999212622642517,0.9995858669281006,0.9996451139450073,0
2026-02-01 09:00:00+00:00,0.9996674060821533,0.999975860118866,0.9995095133781433,0.9997432827949524,218034176
2026-02-01 10:00:00+00:00,0.9997175335884094,1.000299334526062,0.9995512962341309,0.9996564984321594,66951168
2026-02-01 11:00:00+00:00,0.9997469186782837,1.0000683069229126,0.9994387030601501,0.9996711611747742,207181824
2026-02-01 12:00:00+00:00,0.9996656179428101,1.00009286403656,0.9995644092559814,0.9997109174728394,20824064
2026-02-01 13:00:00+00:00,0.9996766448020935,0.9999040961265564,0.9995595812797546,0.9998628497123718,0
2026-02-01 14:00:00+00:00,0.999570906162262,1.0002762079238892,0.9995083212852478,0.999589741230011,0
2026-02-01 15:00:00+00:00,1.0001295804977417,1.0002756118774414,0.9995885491371155,0.9997370839118958,285415424
2026-02-01 16:00:00+00:00,0.9992970824241638,1.0000299215316772,0.9992970824241638,0.9996674060821533,0
2026-02-01 17:00:00+00:00,0.9997042417526245,1.0002497434616089,0.9995080828666687,0.9997701048851013,0
2026-02-01 18:00:00+00:00,0.9998235106468201,1.0000265836715698,0.9995461106300354,0.999643862247467,0
2026-02-01 19:00:00+00:00,0.9997385144233704,1.0001530647277832,0.9995421767234802,0.9997649788856506,0
2026-02-01 20:00:00+00:00,0.9996482133865356,1.0004408359527588,0.9993339776992798,0.999579906463623,0
2026-02-01 21:00:00+00:00,0.9996958374977112,1.0004987716674805,0.9995303153991699,0.9996622800827026,0
2026-02-01 22:00:00+00:00,0.9997577667236328,1.0004359483718872,0.9995554685592651,0.9996894598007202,252132352
2026-02-01 23:00:00+00:00,0.999506413936615,1.0005050897598267,0.9990379214286804,0.9997451901435852,1113875456
2026-02-02 00:00:00+00:00,0.9996690154075623,1.0006904602050781,0.9987714290618896,0.9997165203094482,33149952
2026-02-02 01:00:00+00:00,0.9996247887611389,1.0007363557815552,0.9994980096817017,0.9998015761375427,525633536
2026-02-02 02:00:00+00:00,0.9998406767845154,1.0000452995300293,0.9993613958358765,0.999612033367157,0
2026-02-02 03:00:00+00:00,0.9996404647827148,1.000140905380249,0.999291718006134,0.9997788071632385,1905015808
2026-02-02 04:00:00+00:00,0.999828577041626,1.0002108812332153,0.9994849562644958,0.9995980858802795,507793408
2026-02-02 05:00:00+00:00,0.9997739791870117,1.000173568725586,0.9993668794631958,0.9996519088745117,546157568
2026-02-02 06:00:00+00:00,0.9997273087501526,1.0006953477859497,0.9993401169776917,0.999941885471344,942823424
2026-02-02 07:00:00+00:00,0.9997366070747375,1.0000057220458984,0.9994232058525085,0.9994956254959106,787808256
2026-02-02 08:00:00+00:00,0.9996658563613892,0.9999231100082397,0.9993988275527954,0.9997789859771729,217796608
2026-02-02 09:00:00+00:00,0.9996058344841003,0.9999437928199768,0.9994164109230042,0.9996327757835388,655304704
2026-02-02 10:00:00+00:00,0.9996363520622253,0.9998900294303894,0.9995158314704895,0.9998728632926941,367702016
2026-02-02 11:00:00+00:00,0.9997143149375916,1.0000722408294678,0.9994832873344421,0.9996710419654846,318904320
2026-02-02 12:00:00+00:00,0.9999291300773621,1.00028395652771,0.99951171875,0.9997263550758362,85413888
2026-02-02 13:00:00+00:00,0.999714195728302,1.0001522302627563,0.9994197487831116,0.9999917149543762,580288512
2026-02-02 14:00:00+00:00,0.9997702836990356,1.000942587852478,0.9992937445640564,0.9996641278266907,351215616
2026-02-02 15:00:00+00:00,0.9996914267539978,1.0003926753997803,0.9991791844367981,0.9998762011528015,1042079744
2026-02-02 16:00:00+00:00,0.9999002814292908,1.0006023645401,0.9994935393333435,0.9997310638427734,1036500992
2026-02-02 17:00:00+00:00,0.9996585845947266,1.0001362562179565,0.9995055198669434,0.9997893571853638,360230912
2026-02-02 18:00:00+00:00,0.9997128844261169,1.0003981590270996,0.9996461868286133,0.9997875094413757,0
2026-02-02 19:00:00+00:00,0.9997124075889587,1.0002202987670898,0.9994477033615112,0.999838650226593,230504448
2026-02-02 20:00:00+00:00,0.9997266530990601,1.0002714395523071,0.9995560050010681,0.9997564554214478,120725504
2026-02-02 21:00:00+00:00,0.9997612833976746,1.0001662969589233,0.9993962049484253,0.9997671246528625,0
2026-02-02 22:00:00+00:00,0.999867856502533,0.9999249577522278,0.9995730519294739,0.9998849630355835,0
2026-02-02 23:00:00+00:00,0.9999675154685974,1.000131607055664,0.9995988607406616,0.9997442960739136,0
2026-02-03 00:00:00+00:00,0.999743640422821,1.0001400709152222,0.9993892312049866,1.0001040697097778,0
2026-02-03 01:00:00+00:00,0.9997559189796448,1.000077247619629,0.9994456171989441,0.9996199011802673,0
2026-02-03 02:00:00+00:00,0.9996834993362427,1.0001707077026367,0.9993786811828613,0.9998791813850403,0
2026-02-03 03:00:00+00:00,0.9997116923332214,1.000123143196106,0.9994136691093445,0.9997369647026062,0
2026-02-03 04:00:00+00:00,0.9998219013214111,1.0001521110534668,0.9995656609535217,0.9996619820594788,110766080
2026-02-03 05:00:00+00:00,0.9997338056564331,0.9998798370361328,0.9993486404418945,0.9997456073760986,0
2026-02-03 06:00:00+00:00,0.9995689392089844,1.000154733657837,0.9994543194770813,0.9996954798698425,0
2026-02-03 07:00:00+00:00,0.9998893141746521,1.0000492334365845,0.9994146823883057,0.9997602105140686,0
2026-02-03 08:00:00+00:00,0.9996298551559448,1.0001929998397827,0.9993674755096436,0.9997144937515259,0
2026-02-03 09:00:00+00:00,0.9996709823608398,1.0002790689468384,0.9992846250534058,0.9996951818466187,86602752
2026-02-03 10:00:00+00:00,0.999710738658905,0.9999186992645264,0.9993562698364258,0.9995921850204468,0
2026-02-03 11:00:00+00:00,0.9997450113296509,1.0004935264587402,0.9993569254875183,0.9996559023857117,0
2026-02-03 12:00:00+00:00,0.99974524974823,1.0000089406967163,0.9994198083877563,0.9996505975723267,0
2026-02-03 13:00:00+00:00,0.9993501901626587,0.9999436736106873,0.9993501901626587,0.9997351765632629,0
2026-02-03 14:00:00+00:00,0.9996172785758972,1.000540018081665,0.9992219805717468,1.000040054321289,0
2026-02-03 15:00:00+00:00,0.99971604347229,1.0003416538238525,0.9992503523826599,0.9997379779815674,0
2026-02-03 16:00:00+00:00,0.9997259974479675,1.00114107131958,0.9992655515670776,0.9995701313018799,0
2026-02-03 17:00:00+00:00,0.9998875260353088,1.0007567405700684,0.9991222023963928,0.9996064901351929,647890944
2026-02-03 18:00:00+00:00,1.0004242658615112,1.0004242658615112,0.9988858103752136,0.9995644092559814,1357151232
2026-02-03 19:00:00+00:00,0.9995046257972717,1.0008636713027954,0.9992515444755554,0.9996397495269775,1457519616
2026-02-03 20:00:00+00:00,0.9994073510169983,1.000030279159546,0.9992688298225403,0.9995549917221069,884985856
2026-02-03 21:00:00+00:00,0.9996733069419861,1.0000137090682983,0.9993090629577637,0.9995743632316589,224622592
2026-02-03 22:00:00+00:00,0.9996690154075623,1.0007750988006592,0.9994428753852844,0.9997497797012329,448186368
2026-02-03 23:00:00+00:00,0.9997589588165283,1.000130534172058,0.9992343187332153,0.9997479915618896,349421568
2026-02-04 00:00:00+00:00,0.999552845954895,1.0002120733261108,0.9995216727256775,0.9997207522392273,250931200
2026-02-04 01:00:00+00:00,0.9998096227645874,1.0000643730163574,0.9995536208152771,0.9998108148574829,62904320
2026-02-04 02:00:00+00:00,0.9997240900993347,1.0005722045898438,0.9994069337844849,0.9997130036354065,0
2026-02-04 03:00:00+00:00,0.9994528293609619,1.000118613243103,0.9993851184844971,0.9997643828392029,74442752
2026-02-04 04:00:00+00:00,0.9997674822807312,1.000085711479187,0.9995782971382141,0.9999372363090515,0
2026-02-04 05:00:00+00:00,1.000058889389038,1.0001353025436401,0.9995578527450562,0.9999620914459229,10164224
2026-02-04 06:00:00+00:00,1.0000847578048706,1.0000847578048706,0.9995045065879822,0.999778151512146,0
2026-02-04 07:00:00+00:00,0.999671995639801,0.9999186992645264,0.9994164705276489,0.999663770198822,0
2026-02-04 08:00:00+00:00,0.9996747970581055,1.0000437498092651,0.9993360638618469,0.9996457099914551,0
2026-02-04 09:00:00+00:00,0.9996606111526489,0.999818742275238,0.999183177947998,0.9995434284210205,0
2026-02-04 10:00:00+00:00,0.9993460774421692,1.000121831893921,0.9992765784263611,0.9996039271354675,0
2026-02-04 11:00:00+00:00,0.9995986223220825,1.0003300905227661,0.9992735981941223,0.9996957778930664,14039040
2026-02-04 12:00:00+00:00,0.9998719692230225,1.0002244710922241,0.9994925856590271,0.999704122543335,147251200
2026-02-04 13:00:00+00:00,0.9997090697288513,1.0000791549682617,0.9990167617797852,0.9996051788330078,239777792
2026-02-04 14:00:00+00:00,0.9996008276939392,1.0010262727737427,0.9989144802093506,0.9994736313819885,246153216
2026-02-04 15:00:00+00:00,0.9996135830879211,1.000854730606079,0.9990811944007874,0.9998188614845276,734242816
2026-02-04 16:00:00+00:00,0.9997567534446716,1.0004796981811523,0.9993281364440918,0.9996758699417114,170147840
2026-02-04 17:00:00+00:00,0.9992338418960571,1.0001705884933472,0.9990947246551514,0.9995875954627991,468170752
2026-02-04 18:00:00+00:00,0.9995524883270264,1.001021146774292,0.9992603063583374,0.9997850060462952,160450560
2026-02-04 19:00:00+00:00,0.9993436336517334,1.0000393390655518,0.9991006851196289,0.999645471572876,0
2026-02-04 20:00:00+00:00,0.9997577667236328,1.0000965595245361,0.9991836547851562,0.9997026324272156,0
2026-02-04 21:00:00+00:00,0.9997114539146423,1.0001331567764282,0.9989662766456604,0.9997408390045166,0
2026-02-04 22:00:00+00:00,0.9996870756149292,1.0003833770751953,0.9990044832229614,0.9995994567871094,346585088
2026-02-04 23:00:00+00:00,0.9997727870941162,1.0005519390106201,0.9994921684265137,0.9998407959938049,0
2026-02-05 00:00:00+00:00,0.9996653199195862,1.0003812313079834,0.9995852112770081,0.9998073577880859,18534400
2026-02-05 01:00:00+00:00,0.9998807907104492,1.0002896785736084,0.9988841414451599,0.9995130896568298,427395072
2026-02-05 02:00:00+00:00,0.9993817210197449,1.0003654956817627,0.9985529184341431,0.9996708631515503,555831296
2026-02-05 03:00:00+00:00,0.9997278451919556,1.0015883445739746,0.9993738532066345,0.999864399433136,613814272
2026-02-05 04:00:00+00:00,0.999761164188385,1.0002031326293945,0.9994022250175476,0.9998398423194885,759029760
2026-02-05 05:00:00+00:00,0.9996855854988098,1.0006186962127686,0.9995876550674438,0.9997656941413879,720629760
2026-02-05 06:00:00+00:00,0.9997550249099731,1.000292181968689,0.9993177056312561,0.999815046787262,424304640
2026-02-05 07:00:00+00:00,0.9997870326042175,1.0015475749969482,0.9993842840194702,0.9997292757034302,391829504
2026-02-05 08:00:00+00:00,0.9996883273124695,1.000702142715454,0.9994912147521973,0.9997755885124207,392689664
2026-02-05 09:00:00+00:00,0.9996204376220703,0.9999873638153076,0.9990628361701965,0.9997431635856628,322660352
2026-02-05 10:00:00+00:00,0.9996211528778076,1.0004167556762695,0.9995390772819519,0.9996290802955627,32688128
2026-02-05 11:00:00+00:00,0.999735414981842,1.0001323223114014,0.9994819760322571,0.999811053276062,998569984
2026-02-05 12:00:00+00:00,0.9997255206108093,1.0003466606140137,0.9994500875473022,0.9997476935386658,857018368
2026-02-05 13:00:00+00:00,0.9997486472129822,1.0000014305114746,0.9988982081413269,0.9996876120567322,577648640
2026-02-05 14:00:00+00:00,0.9997512102127075,1.0006498098373413,0.9994205236434937,1.000011682510376,252196864
2026-02-05 15:00:00+00:00,0.9997477531433105,1.0003031492233276,0.9994733333587646,0.9996753334999084,1164290048
2026-02-05 16:00:00+00:00,0.9997131824493408,1.0014094114303589,0.999211311340332,0.9998171925544739,1026375680
2026-02-05 17:00:00+00:00,0.999782919883728,1.000166893005371,0.9990569353103638,0.999696671962738,0
2026-02-05 18:00:00+00:00,0.9997706413269043,1.0002431869506836,0.9994217157363892,0.9998235106468201,0
2026-02-05 19:00:00+00:00,0.999593198299408,1.0007116794586182,0.999184250831604,0.999800443649292,841805824
2026-02-05 20:00:00+00:00,0.9995840787887573,1.0013283491134644,0.999434769153595,0.99981689453125,1902520320
2026-02-05 21:00:00+00:00,0.9997608065605164,1.0002461671829224,0.9991297721862793,0.9997131824493408,2185867264
2026-02-05 22:00:00+00:00,0.9997740983963013,1.0003156661987305,0.9994910955429077,1.000002145767212,490610688
2026-02-05 23:00:00+00:00,0.9999002814292908,1.0003374814987183,0.9991525411605835,0.9998610019683838,34897920
2026-02-06 00:00:00+00:00,0.9999989867210388,1.0014050006866455,0.9989160299301147,0.9999279975891113,3863248896
2026-02-06 01:00:00+00:00,0.9999354481697083,1.001570224761963,0.9995470643043518,1.0001752376556396,544333824
2026-02-06 02:00:00+00:00,1.0001214742660522,1.0004469156265259,0.9995657801628113,0.9999266266822815,339959808
2026-02-06 03:00:00+00:00,1.000028133392334,1.0007749795913696,0.9990070462226868,0.999822735786438,0
2026-02-06 04:00:00+00:00,0.9999198913574219,1.00057852268219,0.9995603561401367,0.9996909499168396,0
2026-02-06 05:00:00+00:00,0.999808669090271,1.000544786453247,0.9995453357696533,0.9998688101768494,0
2026-02-06 06:00:00+00:00,0.9998494982719421,1.0004135370254517,0.9993804693222046,0.9997577667236328,821440512
2026-02-06 07:00:00+00:00,0.9997756481170654,1.0008299350738525,0.9995482563972473,0.999988317489624,300249088
2026-02-06 08:00:00+00:00,0.9996894598007202,1.0003559589385986,0.9992747902870178,0.9997991323471069,0
2026-02-06 09:00:00+00:00,0.9998244643211365,1.0007178783416748,0.9994763731956482,0.9998579621315002,0
2026-02-06 10:00:00+00:00,0.9997498393058777,1.0001249313354492,0.9996742010116577,0.9998475313186646,790380544
2026-02-06 11:00:00+00:00,0.9998481273651123,1.0001758337020874,0.9996146559715271,0.9997200965881348,0
2026-02-06 12:00:00+00:00,0.9997503161430359,1.0004279613494873,0.9995294213294983,0.9997698068618774,0
2026-02-06 13:00:00+00:00,0.9999735355377197,1.000199556350708,0.9994259476661682,0.9997498393058777,0
2026-02-06 14:00:00+00:00,0.9997656345367432,1.0010643005371094,0.999600350856781,0.9998202323913574,893227008
2026-02-06 15:00:00+00:00,1.0001862049102783,1.0006446838378906,0.9997164607048035,1.000332236289978,0
2026-02-06 16:00:00+00:00,0.9999873042106628,1.0007919073104858,0.9996920228004456,1.000275731086731,0
2026-02-06 17:00:00+00:00,0.9999770522117615,1.0005342960357666,0.9996698498725891,0.9998798966407776,2147053568
2026-02-06 18:00:00+00:00,0.9998152256011963,1.000559687614441,0.9997625350952148,0.9997819662094116,210280448
2026-02-06 19:00:00+00:00,0.9998854398727417,1.0006123781204224,0.9995881915092468,0.9999558925628662,0
2026-02-06 20:00:00+00:00,0.9999253749847412,1.000557780265808,0.9995144605636597,0.9999306201934814,0
2026-02-06 21:00:00+00:00,0.9999915957450867,1.0003424882888794,0.9995269179344177,1.0000287294387817,0
2026-02-06 22:00:00+00:00,0.9997979402542114,1.0002877712249756,0.9993772506713867,0.9998058676719666,0
2026-02-06 23:00:00+00:00,1.0000728368759155,1.000186800956726,0.9996705055236816,0.9999171495437622,0
2026-02-07 00:00:00+00:00,0.999794602394104,1.0006766319274902,0.9996557235717773,0.9998865723609924,0
2026-02-07 01:00:00+00:00,0.999941885471344,1.0003409385681152,0.9997276067733765,0.99992436170578,0
2026-02-07 02:00:00+00:00,0.9998583197593689,1.0003091096878052,0.9996556639671326,0.999931812286377,0
2026-02-07 03:00:00+00:00,0.9999921917915344,1.0006742477416992,0.9996123909950256,1.0001556873321533,0
2026-02-07 04:00:00+00:00,0.9998997449874878,1.0004305839538574,0.9996793866157532,1.0001506805419922,0
2026-02-07 05:00:00+00:00,0.9999309182167053,1.000634789466858,0.99961256980896,0.9999638199806213,0
2026-02-07 06:00:00+00:00,0.9999122023582458,1.000353455543518,0.9997009634971619,0.999893307685852,0
2026-02-07 07:00:00+00:00,0.9999187588691711,1.0005707740783691,0.9996694326400757,0.9998533725738525,461654016
2026-02-07 08:00:00+00:00,0.9998194575309753,1.000483751296997,0.999595582485199,0.999801516532898,0
2026-02-07 09:00:00+00:00,0.9999168515205383,1.000206708908081,0.9996143579483032,0.9997067451477051,0
2026-02-07 10:00:00+00:00,0.9999351501464844,0.9999853372573853,0.9994713664054871,0.9996604323387146,0
2026-02-07 11:00:00+00:00,0.9998246431350708,1.000123143196106,0.9994384050369263,0.999749481678009,0
2026-02-07 12:00:00+00:00,0.999778151512146,1.000373125076294,0.9994137287139893,0.9998278617858887,634607616
2026-02-07 13:00:00+00:00,0.9998398423194885,1.0000710487365723,0.9992858171463013,0.9999162554740906,0
2026-02-07 14:00:00+00:00,0.9997225999832153,1.0000464916229248,0.9996532201766968,1.0000184774398804,0
2026-02-07 15:00:00+00:00,0.9998801350593567,1.0007033348083496,0.9995650053024292,0.9997789263725281,0
2026-02-07 16:00:00+00:00,0.9999678134918213,1.0010309219360352,0.9995670914649963,0.9998953938484192,459292672
2026-02-07 17:00:00+00:00,1.0001245737075806,1.0002366304397583,0.9996090531349182,0.9998171925544739,0
2026-02-07 18:00:00+00:00,0.9997519850730896,1.0004087686538696,0.9996539354324341,0.9999255537986755,0
2026-02-07 19:00:00+00:00,0.9998415112495422,1.0000759363174438,0.9994491338729858,1.0000345706939697,0
2026-02-07 20:00:00+00:00,1.000037670135498,1.0001301765441895,0.9994568824768066,0.9996896386146545,0
2026-02-07 21:00:00+00:00,0.999835193157196,1.000236988067627,0.9995375871658325,0.9997096061706543,0
2026-02-07 22:00:00+00:00,0.9999135136604309,1.000412106513977,0.9994805455207825,0.9997869729995728,0
2026-02-07 23:00:00+00:00,0.999701738357544,1.000171422958374,0.9995949864387512,0.9998936057090759,830464
2026-02-08 00:00:00+00:00,1.0001300573349,1.0001300573349,0.9994101524353027,0.9999461770057678,0
2026-02-08 01:00:00+00:00,0.9999419450759888,1.0000908374786377,0.9995617866516113,0.9999153017997742,0
2026-02-08 02:00:00+00:00,0.9998999238014221,1.0000474452972412,0.9994931817054749,0.9999828338623047,0
2026-02-08 03:00:00+00:00,0.9998915791511536,1.0001180171966553,0.9995619058609009,0.9997673034667969,0
2026-02-08 04:00:00+00:00,0.9999626278877258,1.000144362449646,0.9996598958969116,0.9998983144760132,0
2026-02-08 05:00:00+00:00,0.9998254179954529,0.999991774559021,0.9996514916419983,0.9999362230300903,0
2026-02-08 06:00:00+00:00,0.9998282194137573,1.0000001192092896,0.9996240735054016,0.9997023344039917,0
2026-02-08 07:00:00+00:00,0.9998239874839783,1.000075340270996,0.9997264742851257,0.9999279379844666,0
2026-02-08 08:00:00+00:00,0.9999033808708191,1.0001083612442017,0.9994349479675293,0.9999099969863892,0
2026-02-08 09:00:00+00:00,0.9999009966850281,1.0010052919387817,0.9996805787086487,0.9998474717140198,93528064
2026-02-08 10:00:00+00:00,0.9999662041664124,1.0002484321594238,0.9995145797729492,1.00005304813385,40816640
2026-02-08 11:00:00+00:00,0.9998659491539001,1.0003442764282227,0.999618411064148,0.9999661445617676,0
2026-02-08 12:00:00+00:00,0.999984860420227,1.0001696348190308,0.9995272159576416,0.999825119972229,0
2026-02-08 13:00:00+00:00,0.999862551689148,1.0009050369262695,0.9995888471603394,0.999848484992981,0
2026-02-08 14:00:00+00:00,0.9998754262924194,1.0001014471054077,0.9993908405303955,0.9998461604118347,0
2026-02-08 15:00:00+00:00,0.9999181032180786,1.000704288482666,0.999580442905426,0.9998374581336975,0
2026-02-08 16:00:00+00:00,1.0000779628753662,1.0002233982086182,0.9996498823165894,0.9999057054519653,0
2026-02-08 17:00:00+00:00,0.9999925494194031,1.0002938508987427,0.9996849298477173,1.0001366138458252,0
2026-02-08 18:00:00+00:00,0.9999152421951294,1.0003410577774048,0.999593198299408,0.9998143911361694,0
2026-02-08 19:00:00+00:00,0.9998082518577576,1.0001317262649536,0.9996453523635864,0.9997988343238831,0
2026-02-08 20:00:00+00:00,0.9998477697372437,1.0003786087036133,0.9997504353523254,0.9999108910560608,0
2026-02-08 21:00:00+00:00,0.9999905228614807,1.0006520748138428,0.9996843338012695,1.0006520748138428,0
2026-02-08 22:00:00+00:00,0.9998907446861267,1.0002764463424683,0.9996532797813416,0.9998677968978882,0
2026-02-08 23:00:00+00:00,0.999782145023346,1.00050687789917,0.9994657635688782,0.9998673796653748,671248384
2026-02-09 00:00:00+00:00,0.9999222755432129,1.0002999305725098,0.9994105696678162,1.0000826120376587,187863040
2026-02-09 01:00:00+00:00,0.9997692108154297,1.0005605220794678,0.9996793866157532,0.9998762011528015,300701696
2026-02-09 02:00:00+00:00,0.9998580813407898,1.0005457401275635,0.9995499849319458,0.9996861815452576,83588096
2026-02-09 03:00:00+00:00,0.9995827674865723,1.000074863433838,0.9995827674865723,0.999914824962616,313323520
2026-02-09 04:00:00+00:00,0.999915599822998,1.000150442123413,0.999599039554596,0.9997839331626892,117886976
2026-02-09 05:00:00+00:00,0.9998649954795837,1.0000531673431396,0.9995365738868713,0.9998809695243835,22017024
2026-02-09 06:00:00+00:00,0.9999828338623047,1.0001801252365112,0.9997162222862244,0.9998281598091125,295130112
2026-02-09 07:00:00+00:00,0.9998073577880859,1.0005054473876953,0.9993978142738342,0.9999023675918579,224842752
2026-02-09 08:00:00+00:00,0.9995923638343811,1.0002081394195557,0.9995923638343811,0.9997613430023193,0
2026-02-09 09:00:00+00:00,0.9999005198478699,1.000133752822876,0.9995352625846863,0.9997096657752991,0
2026-02-09 10:00:00+00:00,0.9997454881668091,1.000313639640808,0.9995096921920776,0.9996755123138428,356705280
2026-02-09 11:00:00+00:00,0.9997052550315857,1.0000203847885132,0.9995959401130676,0.9998089075088501,40466432
2026-02-09 12:00:00+00:00,0.9998860359191895,1.0005695819854736,0.9995608925819397,0.999809980392456,26260480
2026-02-09 13:00:00+00:00,0.9999189376831055,1.0002632141113281,0.9995946288108826,0.9996837377548218,36656128
2026-02-09 14:00:00+00:00,0.9998713731765747,1.0004465579986572,0.999660313129425,0.9999043345451355,1257897984
2026-02-09 15:00:00+00:00,1.0000076293945312,1.0003550052642822,0.9997633695602417,0.9999681115150452,609559552
2026-02-09 16:00:00+00:00,1.0002403259277344,1.0004407167434692,0.9996426105499268,0.9999662041664124,493166592
2026-02-09 17:00:00+00:00,0.9998170733451843,1.0004138946533203,0.99965500831604,1.000022053718567,706222080
2026-02-09 18:00:00+00:00,0.9998828768730164,1.000376582145691,0.9995327591896057,0.9998927116394043,625866752
2026-02-09 19:00:00+00:00,0.9999933838844299,1.0004916191101074,0.9997199177742004,0.9998824596405029,672901120
2026-02-09 20:00:00+00:00,0.9998438358306885,1.0004498958587646,0.9997580051422119,0.9998839497566223,322351104
2026-02-09 21:00:00+00:00,0.9999598264694214,1.000091791152954,0.9995908737182617,0.9998969435691833,461271040
2026-02-09 22:00:00+00:00,1.0000638961791992,1.0002812147140503,0.999413251876831,1.0000098943710327,101724160
2026-02-09 23:00:00+00:00,0.9999775886535645,1.0003150701522827,0.999493420124054,1.0000715255737305,157696
2026-02-10 00:00:00+00:00,0.9999442100524902,1.0003777742385864,0.9997325539588928,0.9999988675117493,0
2026-02-10 01:00:00+00:00,0.9997583031654358,1.0005911588668823,0.9996542930603027,0.9996542930603027,0
2026-02-10 02:00:00+00:00,1.0000779628753662,1.000279188156128,0.9995985627174377,0.9999022483825684,0
2026-02-10 03:00:00+00:00,0.9998962879180908,1.0006582736968994,0.9996007680892944,0.9997996687889099,271213568
2026-02-10 04:00:00+00:00,0.9998494386672974,1.0003089904785156,0.9997146129608154,0.9999352693557739,72624128
2026-02-10 05:00:00+00:00,0.9999001026153564,1.0002179145812988,0.9992855191230774,0.9999805688858032,166770688
2026-02-10 06:00:00+00:00,0.9998905658721924,1.000625491142273,0.9996910691261292,0.9999675154685974,557170688
2026-02-10 07:00:00+00:00,0.9998493194580078,1.0002741813659668,0.9996963739395142,0.9999157190322876,325557248
2026-02-10 08:00:00+00:00,0.9999412894248962,1.000117301940918,0.9994211792945862,0.9999992847442627,281049088
2026-02-10 09:00:00+00:00,1.0000280141830444,1.0000923871994019,0.9997468590736389,0.999853789806366,249509888
2026-02-10 10:00:00+00:00,0.9999397993087769,1.0001029968261719,0.9997785091400146,0.9999463558197021,0
2026-02-10 11:00:00+00:00,0.9999285936355591,1.000238299369812,0.999724805355072,0.9999585747718811,0
2026-02-10 12:00:00+00:00,0.9998286962509155,1.0004526376724243,0.9996657967567444,0.9998892545700073,0
2026-02-10 13:00:00+00:00,0.9997966289520264,1.0004254579544067,0.9994716644287109,0.9999410510063171,90658816
2026-02-10 14:00:00+00:00,0.9999560713768005,1.0006043910980225,0.9996842741966248,0.9999222755432129,0
2026-02-10 15:00:00+00:00,1.0000452995300293,1.0004429817199707,0.9998088479042053,0.9998902678489685,215960576
2026-02-10 16:00:00+00:00,1.000223994255066,1.0008513927459717,1.000014305114746,1.0001251697540283,0
2026-02-10 17:00:00+00:00,1.0000756978988647,1.0006699562072754,0.999865710735321,1.000016450881958,0
2026-02-10 18:00:00+00:00,1.0001596212387085,1.00019371509552,0.999710202217102,0.9999251365661621,0
2026-02-10 19:00:00+00:00,1.0000606775283813,1.0005626678466797,0.9996188282966614,0.9997296929359436,0
2026-02-10 20:00:00+00:00,1.0000028610229492,1.000417709350586,0.9998218417167664,0.9999309778213501,0
2026-02-10 21:00:00+00:00,0.9999720454216003,1.0002285242080688,0.9997204542160034,0.9998565316200256,0
2026-02-10 22:00:00+00:00,0.9998518228530884,1.000157356262207,0.9997698068618774,0.9998817443847656,0
2026-02-10 23:00:00+00:00,0.9999329447746277,1.0005367994308472,0.9995360374450684,0.9999836683273315,0
2026-02-11 00:00:00+00:00,1.0000114440917969,1.000240445137024,0.999611496925354,0.9999573230743408,472038400
2026-02-11 01:00:00+00:00,0.9999319911003113,1.000472068786621,0.999716579914093,0.9999390840530396,0
2026-02-11 02:00:00+00:00,0.9998760223388672,1.0001087188720703,0.9995914101600647,0.9999465942382812,85433344
2026-02-11 03:00:00+00:00,0.9998757243156433,1.0005567073822021,0.9997333288192749,0.9998840689659119,0
2026-02-11 04:00:00+00:00,0.9998312592506409,1.0001777410507202,0.9997000694274902,0.9998819828033447,175326208
2026-02-11 05:00:00+00:00,0.9999456405639648,1.0002827644348145,0.9997972846031189,0.9999032616615295,0
2026-02-11 06:00:00+00:00,0.9999711513519287,1.0002869367599487,0.9996989369392395,0.9999246597290039,0
2026-02-11 07:00:00+00:00,1.0000203847885132,1.0001643896102905,0.9997241497039795,0.9997241497039795,0
2026-02-11 08:00:00+00:00,0.9999547004699707,1.0002199411392212,0.9998018741607666,0.9999628663063049,0
2026-02-11 09:00:00+00:00,1.000117301940918,1.0002540349960327,0.9997206330299377,0.9999546408653259,0
2026-02-11 10:00:00+00:00,1.0001088380813599,1.0006266832351685,0.9996978640556335,0.9998445510864258,0
2026-02-11 11:00:00+00:00,0.9998403191566467,1.0001788139343262,0.9997237920761108,0.9999183416366577,0
2026-02-11 12:00:00+00:00,0.9998958110809326,1.0004962682724,0.9996950030326843,0.9998506307601929,358762496
2026-02-11 13:00:00+00:00,0.9998005032539368,1.0002048015594482,0.9995227456092834,1.0001784563064575,346750976
2026-02-11 14:00:00+00:00,0.9999538660049438,1.0006446838378906,0.9995690584182739,0.9998754858970642,374693888
2026-02-11 15:00:00+00:00,0.9998616576194763,1.00075101852417,0.9996424913406372,0.99972003698349,597422080
2026-02-11 16:00:00+00:00,0.9994613528251648,1.000806212425232,0.9994613528251648,0.9999836087226868,314601472
2026-02-11 17:00:00+00:00,0.9998238682746887,1.0002690553665161,0.9997462034225464,0.9998749494552612,297127936
2026-02-11 18:00:00+00:00,0.999941349029541,1.0003857612609863,0.9996520280838013,0.9999302625656128,215364608
2026-02-11 19:00:00+00:00,0.9998133182525635,1.0004082918167114,0.9993535280227661,0.9997811317443848,120066048
2026-02-11 20:00:00+00:00,0.9999412894248962,1.000375509262085,0.9993265867233276,0.9998804926872253,211784704
2026-02-11 21:00:00+00:00,0.9999817609786987,1.0002020597457886,0.9994094371795654,0.9998458623886108,321116160
2026-02-11 22:00:00+00:00,0.9998890161514282,1.0001649856567383,0.9996867775917053,0.9999200701713562,139626496
2026-02-11 23:00:00+00:00,0.9997577667236328,1.0004980564117432,0.9996659159660339,0.9999440908432007,114610176
2026-02-12 00:00:00+00:00,1.0000280141830444,1.000373125076294,0.9996261596679688,1.0000886917114258,14211072
2026-02-12 01:00:00+00:00,1.0000362396240234,1.0003811120986938,0.9997592568397522,0.9999783635139465,114747392
2026-02-12 02:00:00+00:00,0.9999849200248718,1.000267505645752,0.999585747718811,0.9998890161514282,28658688
2026-02-12 03:00:00+00:00,0.9999009966850281,1.0003184080123901,0.9997512102127075,0.9999685287475586,0
2026-02-12 04:00:00+00:00,0.9999992251396179,1.0001487731933594,0.9997597932815552,0.9998858571052551,0
2026-02-12 05:00:00+00:00,1.0000240802764893,1.0001533031463623,0.9995574355125427,0.9997715950012207,81342464
2026-02-12 06:00:00+00:00,0.9998258352279663,1.0001099109649658,0.9996322989463806,0.9996322989463806,0
2026-02-12 07:00:00+00:00,0.9998482465744019,1.0005195140838623,0.9994519352912903,0.9999000430107117,0
2026-02-12 08:00:00+00:00,1.000222086906433,1.0008374452590942,0.9996834397315979,0.9999405741691589,8310784
2026-02-12 09:00:00+00:00,0.9999440312385559,1.0006320476531982,0.9997103214263916,1.000020980834961,73384960
2026-02-12 10:00:00+00:00,0.9999057054519653,1.0001046657562256,0.9997069835662842,0.9999862909317017,0
2026-02-12 11:00:00+00:00,0.9999547600746155,1.000234603881836,0.9996514916419983,0.9999001622200012,59886592
2026-02-12 12:00:00+00:00,0.9999969005584717,1.0004308223724365,0.9997484087944031,1.0001393556594849,0
2026-02-12 13:00:00+00:00,0.9999638199806213,1.0001866817474365,0.9997931718826294,0.9998477101325989,61665280
2026-02-12 14:00:00+00:00,0.9999913573265076,1.000539779663086,0.9998114705085754,0.9999750852584839,0
2026-02-12 15:00:00+00:00,1.0000929832458496,1.0005418062210083,0.9996046423912048,0.9999507069587708,0
2026-02-12 16:00:00+00:00,0.9999216794967651,1.0004386901855469,0.9995823502540588,0.9999999403953552,114981888
2026-02-12 17:00:00+00:00,0.9999471306800842,1.0002350807189941,0.9996405839920044,0.9999764561653137,345552896
2026-02-12 18:00:00+00:00,0.9998415112495422,1.0004055500030518,0.9997247457504272,0.999878466129303,0
2026-02-12 19:00:00+00:00,0.9998588562011719,1.0000560283660889,0.9994117021560669,0.9999194145202637,151517184
2026-02-12 20:00:00+00:00,0.999807596206665,1.0005813837051392,0.9991676211357117,0.9996435642242432,0
2026-02-12 21:00:00+00:00,0.9995196461677551,1.0001451969146729,0.9994434714317322,0.9998565316200256,0
2026-02-12 22:00:00+00:00,0.999877393245697,1.0002886056900024,0.9997230768203735,0.9999737739562988,0
2026-02-12 23:00:00+00:00,0.9999216198921204,1.0004266500473022,0.9997262358665466,0.999848484992981,2579456
2026-02-13 00:00:00+00:00,0.9997733235359192,1.0001522302627563,0.9997381567955017,0.9998512268066406,0
2026-02-13 01:00:00+00:00,1.0001254081726074,1.0002294778823853,0.9997708797454834,1.0000802278518677,55740416
2026-02-13 02:00:00+00:00,0.9998695850372314,1.0002471208572388,0.9994463920593262,0.9998747110366821,53961728
2026-02-13 03:00:00+00:00,0.999858021736145,1.0001498460769653,0.999622106552124,0.999903678894043,304113664
2026-02-13 04:00:00+00:00,0.9999083280563354,1.0001652240753174,0.9995489120483398,0.9996825456619263,0
2026-02-13 05:00:00+00:00,0.9998643398284912,1.0002660751342773,0.9996892213821411,0.999904453754425,0
2026-02-13 06:00:00+00:00,0.9999138116836548,1.000058889389038,0.9996267557144165,1.000058889389038,0
2026-02-13 07:00:00+00:00,0.9999028444290161,1.0001133680343628,0.9996433854103088,0.9998519420623779,205535232
2026-02-13 08:00:00+00:00,0.9998267889022827,1.000300645828247,0.9996668100357056,1.0001369714736938,0
2026-02-13 09:00:00+00:00,0.9998276233673096,1.0002622604370117,0.9996912479400635,0.9998577833175659,0
2026-02-13 10:00:00+00:00,0.9998605251312256,1.0003793239593506,0.9996073246002197,0.9997692108154297,0
2026-02-13 11:00:00+00:00,0.9998250603675842,1.0001524686813354,0.9995583295822144,0.999851405620575,0
2026-02-13 12:00:00+00:00,0.9998235702514648,1.0001078844070435,0.9994257092475891,0.9998343586921692,0
2026-02-13 13:00:00+00:00,0.9998791813850403,1.0004920959472656,0.9994465112686157,0.9997928142547607,0
2026-02-13 14:00:00+00:00,0.9998368620872498,1.0007541179656982,0.9995684027671814,1.0000046491622925,89848832
2026-02-13 15:00:00+00:00,0.9999754428863525,1.0006636381149292,0.9993044137954712,0.9999601244926453,231023616
2026-02-13 16:00:00+00:00,0.9998657703399658,1.0007234811782837,0.9994958639144897,0.9997747540473938,0
2026-02-13 17:00:00+00:00,1.0000861883163452,1.0003634691238403,0.9997630715370178,0.9999364614486694,0
2026-02-13 18:00:00+00:00,0.9999125599861145,1.0002003908157349,0.9996864199638367,1.0000224113464355,0
2026-02-13 19:00:00+00:00,1.0001411437988281,1.0003951787948608,0.9995936751365662,0.9995936751365662,0
2026-02-13 20:00:00+00:00,0.9998957514762878,1.000266194343567,0.9998413324356079,1.0000231266021729,0
2026-02-13 21:00:00+00:00,0.9999309778213501,1.0002058744430542,0.9998258948326111,1.000023603439331,0
2026-02-13 22:00:00+00:00,1.0000853538513184,1.0004031658172607,0.9993893504142761,0.9999975562095642,0
2026-02-13 23:00:00+00:00,1.0002995729446411,1.0002995729446411,0.9998122453689575,0.9999192953109741,6035456
2026-02-14 00:00:00+00:00,0.9999902248382568,1.000649094581604,0.9996398091316223,1.00005304813385,0
2026-02-14 01:00:00+00:00,1.0001059770584106,1.0001078844070435,0.9997603893280029,1.0000284910202026,0
2026-02-14 02:00:00+00:00,0.9999382495880127,1.0000797510147095,0.9997960329055786,0.9998408555984497,0
2026-02-14 03:00:00+00:00,0.9998531937599182,1.0002328157424927,0.9998055696487427,0.9999449253082275,0
2026-02-14 04:00:00+00:00,0.9999473690986633,1.0002822875976562,0.999886691570282,1.0000343322753906,0
2026-02-14 05:00:00+00:00,1.0000190734863281,1.0004551410675049,0.9998527765274048,0.9999608993530273,0
2026-02-14 06:00:00+00:00,0.9999405741691589,1.0002073049545288,0.9998473525047302,0.99990314245224,0
2026-02-14 07:00:00+00:00,0.9999058246612549,1.0005362033843994,0.9997755885124207,1.0000300407409668,0
2026-02-14 08:00:00+00:00,1.0000463724136353,1.000593662261963,0.9997430443763733,0.9999960064888,49375232
2026-02-14 09:00:00+00:00,0.9999687671661377,1.0001367330551147,0.9997678399085999,0.9998735785484314,0
2026-02-14 10:00:00+00:00,0.9999326467514038,1.000066876411438,0.9997226595878601,0.9998978972434998,0
2026-02-14 11:00:00+00:00,0.9998941421508789,1.000383734703064,0.9997544884681702,1.0000274181365967,36524032
2026-02-14 12:00:00+00:00,0.9999624490737915,1.0001935958862305,0.9997482299804688,1.000176191329956,215481344
2026-02-14 13:00:00+00:00,1.0001376867294312,1.0003684759140015,0.9998430013656616,1.00003182888031,68407296
2026-02-14 14:00:00+00:00,1.0000495910644531,1.0003859996795654,0.9999015927314758,1.0001025199890137,0
2026-02-14 15:00:00+00:00,0.9999830722808838,1.0004587173461914,0.9997665286064148,0.999972403049469,0
2026-02-14 16:00:00+00:00,1.0001639127731323,1.0003725290298462,0.9997784495353699,0.9999300837516785,0
2026-02-14 17:00:00+00:00,1.0001182556152344,1.0002593994140625,0.9996883273124695,0.9997844696044922,0
2026-02-14 18:00:00+00:00,1.0000052452087402,1.0002490282058716,0.9995136260986328,0.9998419284820557,0
2026-02-14 19:00:00+00:00,0.9998558759689331,1.000427484512329,0.9997096657752991,1.0000104904174805,0
2026-02-14 20:00:00+00:00,0.9999890923500061,1.0003325939178467,0.9996686577796936,0.9999563097953796,0
2026-02-14 21:00:00+00:00,0.9998674988746643,1.0004501342773438,0.9997052550315857,0.9999358654022217,0
2026-02-14 22:00:00+00:00,0.9999216794967651,1.0005604028701782,0.9995675086975098,0.9995675086975098,0
2026-02-14 23:00:00+00:00,0.9997754693031311,1.0000606775283813,0.9997754693031311,0.9999960660934448,0
2026-02-15 00:00:00+00:00,0.9999509453773499,1.0004234313964844,0.9998252391815186,0.9998958706855774,0
2026-02-15 01:00:00+00:00,0.9999062418937683,1.0003361701965332,0.9997278451919556,0.9999488592147827,111030272
2026-02-15 02:00:00+00:00,0.9998148083686829,1.0002436637878418,0.9996403455734253,1.0000331401824951,66773504
2026-02-15 03:00:00+00:00,1.0000410079956055,1.0002272129058838,0.9997576475143433,1.0002272129058838,447261184
2026-02-15 04:00:00+00:00,0.9999802708625793,1.0005961656570435,0.9997043609619141,1.000003457069397,426580992
2026-02-15 05:00:00+00:00,1.0003283023834229,1.0004757642745972,0.9997890591621399,1.000065803527832,213649920
2026-02-15 06:00:00+00:00,0.9999665021896362,1.000386118888855,0.9997124671936035,0.9998477697372437,22495744
2026-02-15 07:00:00+00:00,0.9999150037765503,1.000269889831543,0.9997307062149048,1.0001635551452637,456218112
2026-02-15 08:00:00+00:00,1.0000362396240234,1.000406265258789,0.9997778534889221,0.9998524785041809,50465280
2026-02-15 09:00:00+00:00,1.0000300407409668,1.0002994537353516,0.9996666312217712,0.99995356798172,0
2026-02-15 10:00:00+00:00,0.9999403953552246,1.0003057718276978,0.9997661113739014,0.999890148639679,112766464
2026-02-15 11:00:00+00:00,0.9998566508293152,1.0003092288970947,0.9998433589935303,0.999958872795105,0
2026-02-15 12:00:00+00:00,0.9999850988388062,1.0005409717559814,0.9996739625930786,0.9999541640281677,0
2026-02-15 13:00:00+00:00,1.0001236200332642,1.0005407333374023,0.9997479915618896,0.9997479915618896,39137792
2026-02-15 14:00:00+00:00,0.9998661875724792,1.0004018545150757,0.999799370765686,1.000013828277588,92395008
2026-02-15 15:00:00+00:00,0.9999794960021973,1.0001670122146606,0.9998603463172913,0.9999731779098511,116383232
2026-02-15 16:00:00+00:00,0.9999932646751404,1.0006412267684937,0.9996775388717651,1.0000712871551514,0
2026-02-15 17:00:00+00:00,0.999977707862854,1.0005711317062378,0.9995044469833374,0.9999809265136719,427351040
2026-02-15 18:00:00+00:00,1.0000522136688232,1.000300645828247,0.9996168613433838,1.000010371208191,468308992
2026-02-15 19:00:00+00:00,1.0000653266906738,1.0004891157150269,0.9996798634529114,0.9999617338180542,831493120
2026-02-15 20:00:00+00:00,0.9996165633201599,1.0008151531219482,0.9996165633201599,0.9999366998672485,0
2026-02-15 21:00:00+00:00,0.9999606013298035,1.0003741979599,0.9998169541358948,1.0000032186508179,0
2026-02-15 22:00:00+00:00,0.9999029040336609,1.0001016855239868,0.9997734427452087,1.0000591278076172,65992704
2026-02-15 23:00:00+00:00,1.0001142024993896,1.0004171133041382,0.9997470378875732,1.0000652074813843,84638720
2026-02-16 00:00:00+00:00,0.9999775886535645,1.000361680984497,0.9997575879096985,0.9999592304229736,172529664
2026-02-16 01:00:00+00:00,0.999962568283081,1.0005990266799927,0.9998360276222229,0.9999949336051941,0
2026-02-16 02:00:00+00:00,0.9998643398284912,1.0002843141555786,0.9997789263725281,1.0002636909484863,0
2026-02-16 03:00:00+00:00,0.9999542236328125,1.0002385377883911,0.9997923970222473,0.9999797344207764,0
2026-02-16 04:00:00+00:00,1.000151515007019,1.0002574920654297,0.9996811151504517,1.0001375675201416,0
2026-02-16 05:00:00+00:00,1.0000845193862915,1.0002065896987915,0.9997749328613281,1.000000238418579,0
2026-02-16 06:00:00+00:00,0.9999715089797974,1.000257968902588,0.9997749924659729,0.9999681115150452,98944000
2026-02-16 07:00:00+00:00,1.0000629425048828,1.0004510879516602,0.9996169805526733,0.9999982714653015,0
2026-02-16 08:00:00+00:00,1.0000054836273193,1.0006840229034424,0.9998757839202881,0.9999572038650513,0
2026-02-16 09:00:00+00:00,0.9999688863754272,1.000752329826355,0.9997016787528992,0.9998875260353088,55264256
2026-02-16 10:00:00+00:00,0.9998767971992493,1.000254511833191,0.999427855014801,0.999808669090271,56272896
2026-02-16 11:00:00+00:00,0.999677300453186,1.0004407167434692,0.999677300453186,0.9999837875366211,193480704
2026-02-16 12:00:00+00:00,0.9998390078544617,1.0003114938735962,0.9997095465660095,0.9998366832733154,175332352
2026-02-16 13:00:00+00:00,0.999878466129303,1.000784158706665,0.9995208382606506,1.0000298023223877,190246912
2026-02-16 14:00:00+00:00,0.9999145269393921,1.0003447532653809,0.9996735453605652,0.9999881982803345,150402048
2026-02-16 15:00:00+00:00,0.9998276829719543,1.000752329826355,0.9996290802955627,0.999916136264801,508979200
2026-02-16 16:00:00+00:00,0.9999595284461975,1.0004647970199585,0.9995500445365906,0.9999887943267822,102791168
2026-02-16 17:00:00+00:00,1.0000324249267578,1.0002490282058716,0.9995975494384766,0.9999074935913086,0
2026-02-16 18:00:00+00:00,0.9999818801879883,1.000298261642456,0.9996917843818665,0.9999992251396179,0
2026-02-16 19:00:00+00:00,1.0000540018081665,1.0002268552780151,0.9996442198753357,1.0000513792037964,0
2026-02-16 20:00:00+00:00,1.0000931024551392,1.0002386569976807,0.9998372197151184,0.9999344348907471,82233344
2026-02-16 21:00:00+00:00,0.9999367594718933,1.0003231763839722,0.9997991919517517,1.0001881122589111,29804544
2026-02-16 22:00:00+00:00,0.9999892711639404,1.0005509853363037,0.9997206330299377,1.0002585649490356,107531264
2026-02-16 23:00:00+00:00,0.9999196529388428,1.001003623008728,0.9993385672569275,0.9999973773956299,3206144
2026-02-17 00:00:00+00:00,0.9999831318855286,1.0004920959472656,0.9993200302124023,0.9998143911361694,0
2026-02-17 01:00:00+00:00,0.9995042681694031,1.0001394748687744,0.9995042681694031,1.0000741481781006,0
2026-02-17 02:00:00+00:00,0.9999667406082153,1.0007208585739136,0.9996826648712158,0.999959409236908,129505280
2026-02-17 03:00:00+00:00,0.9998591542243958,1.0001932382583618,0.9996477365493774,0.999912440776825,0
2026-02-17 04:00:00+00:00,0.9999210238456726,1.0005769729614258,0.9996240735054016,0.9999629855155945,59440128
2026-02-17 05:00:00+00:00,0.9999641180038452,1.0001558065414429,0.9996457099914551,0.9999133348464966,123497472
2026-02-17 06:00:00+00:00,0.9999945163726807,1.0002161264419556,0.9997774362564087,0.9998840093612671,0
2026-02-17 07:00:00+00:00,0.9998656511306763,1.0003703832626343,0.9996262788772583,0.9998838901519775,57763840
2026-02-17 08:00:00+00:00,0.9999783039093018,1.0007531642913818,0.9995323419570923,0.9999861717224121,135678976
2026-02-17 09:00:00+00:00,1.000016212463379,1.0001194477081299,0.9997215270996094,1.0000077486038208,84709376
2026-02-17 10:00:00+00:00,0.9999076128005981,1.0000947713851929,0.9997466802597046,0.9999134540557861,19520512
2026-02-17 11:00:00+00:00,0.9999711513519287,1.0002057552337646,0.9997666478157043,0.9998764395713806,0
2026-02-17 12:00:00+00:00,0.9998442530632019,1.0001848936080933,0.999636709690094,0.9999430775642395,0
2026-02-17 13:00:00+00:00,0.9997941851615906,1.0001574754714966,0.9996278285980225,0.9998753666877747,0
2026-02-17 14:00:00+00:00,0.9999609589576721,1.0008682012557983,0.9997330904006958,0.999875545501709,444580864
2026-02-17 15:00:00+00:00,0.9998618364334106,1.0006295442581177,0.9996846914291382,1.0006295442581177,193238016
2026-02-17 16:00:00+00:00,1.0000293254852295,1.0004395246505737,0.9997410774230957,0.9997869729995728,386168832
2026-02-17 17:00:00+00:00,0.9999496340751648,1.0009207725524902,0.9997330904006958,0.9999116063117981,317045760
2026-02-17 18:00:00+00:00,0.9998452663421631,1.000575304031372,0.9998452663421631,0.9999933838844299,324813824
2026-02-17 19:00:00+00:00,1.000063180923462,1.0005227327346802,0.9994930624961853,0.9999213218688965,216605696
2026-02-17 20:00:00+00:00,1.0000885725021362,1.0002756118774414,0.9997835755348206,0.999940037727356,15111168
2026-02-17 21:00:00+00:00,1.0001463890075684,1.0003628730773926,0.9998096823692322,1.000045657157898,21173248
2026-02-17 22:00:00+00:00,0.9999262094497681,1.000557780265808,0.9997137784957886,0.99994957447052,0
2026-02-17 23:00:00+00:00,0.9998877048492432,1.0002639293670654,0.9998246431350708,0.999925971031189,2485248
2026-02-18 00:00:00+00:00,0.9999586343765259,1.0002163648605347,0.9996740221977234,0.9996740221977234,0
2026-02-18 01:00:00+00:00,0.9999020099639893,1.0008386373519897,0.9998085498809814,0.9999777674674988,19737600
2026-02-18 02:00:00+00:00,0.999935507774353,1.0001795291900635,0.9997446537017822,0.9999828338623047,0
2026-02-18 03:00:00+00:00,0.999818742275238,1.000715970993042,0.999778687953949,0.9999601244926453,198619136
2026-02-18 04:00:00+00:00,0.9998232126235962,1.0002822875976562,0.9996718764305115,0.9997313022613525,16475136
2026-02-18 05:00:00+00:00,0.9998652935028076,1.0001953840255737,0.9995865225791931,0.9999918341636658,0
2026-02-18 06:00:00+00:00,0.9999996423721313,1.0002188682556152,0.9996923804283142,0.9999458193778992,0
2026-02-18 07:00:00+00:00,0.9999102354049683,1.0001519918441772,0.9997974038124084,0.9998818635940552,0
2026-02-18 08:00:00+00:00,0.9998897314071655,1.000225305557251,0.9996477365493774,1.0000503063201904,0
2026-02-18 09:00:00+00:00,1.000019907951355,1.00040864944458,0.9998204708099365,0.9999599456787109,0
2026-02-18 10:00:00+00:00,0.9999861717224121,1.000320553779602,0.999788761138916,0.9999492168426514,0
2026-02-18 11:00:00+00:00,1.000028371810913,1.0003403425216675,0.9997068047523499,0.9997320771217346,253763584
2026-02-18 12:00:00+00:00,0.9998623728752136,1.0005050897598267,0.9997811317443848,1.0001847743988037,0
2026-02-18 13:00:00+00:00,0.9999186396598816,1.0003798007965088,0.999794065952301,1.0000537633895874,0
2026-02-18 14:00:00+00:00,1.0000680685043335,1.0005720853805542,0.9997556209564209,1.000097393989563,0
2026-02-18 15:00:00+00:00,1.0000935792922974,1.0008174180984497,0.9997336268424988,0.9999582171440125,0
2026-02-18 16:00:00+00:00,0.9999580383300781,1.0005872249603271,0.9997395277023315,0.9999305009841919,0
2026-02-18 17:00:00+00:00,0.9999489188194275,1.0002639293670654,0.9995954632759094,1.0001164674758911,0
2026-02-18 18:00:00+00:00,0.9999927282333374,1.0003745555877686,0.9997403025627136,0.9999343752861023,35454976
2026-02-18 19:00:00+00:00,0.9999564290046692,1.0002638101577759,0.9995971918106079,0.9999089241027832,234320896
2026-02-18 20:00:00+00:00,0.9999337792396545,1.0006601810455322,0.9996196627616882,0.9999940395355225,148429824
2026-02-18 21:00:00+00:00,0.9998114705085754,1.0001472234725952,0.9996258020401001,0.9999678730964661,121967616
2026-02-18 22:00:00+00:00,0.9997653365135193,1.0002026557922363,0.9997653365135193,1.0000141859054565,113173504
2026-02-18 23:00:00+00:00,0.9998969435691833,1.000119924545288,0.999218761920929,0.9998688101768494,58304512
2026-02-19 00:00:00+00:00,1.000037431716919,1.000149130821228,0.999748170375824,0.9999012351036072,33925120
2026-02-19 01:00:00+00:00,0.9998801350593567,1.0000581741333008,0.999670147895813,0.9998862147331238,0
2026-02-19 02:00:00+00:00,1.0000250339508057,1.0001581907272339,0.9996174573898315,0.9997026920318604,2875392
2026-02-19 03:00:00+00:00,0.9997391104698181,1.0001394748687744,0.9997391104698181,0.9999678134918213,0
2026-02-19 04:00:00+00:00,0.9999232888221741,1.0002360343933105,0.9997607469558716,0.9999193549156189,0
2026-02-19 05:00:00+00:00,0.9999292492866516,1.0002747774124146,0.9997453689575195,0.9999586939811707,0
2026-02-19 06:00:00+00:00,0.9999956488609314,1.0006754398345947,0.9998065829277039,1.0000293254852295,231068672
2026-02-19 07:00:00+00:00,0.9999362826347351,1.0002187490463257,0.9997492432594299,0.999982476234436,58735616
2026-02-19 08:00:00+00:00,1.0000118017196655,1.0002151727676392,0.9998351335525513,0.9998522400856018,18408448
2026-02-19 09:00:00+00:00,0.9999572038650513,1.000126838684082,0.9997438788414001,0.9999240040779114,115937280
2026-02-19 10:00:00+00:00,0.9999548196792603,1.000176191329956,0.9996277093887329,0.9999420046806335,24048640
2026-02-19 11:00:00+00:00,0.9998202919960022,1.0000355243682861,0.9996825456619263,0.9998779296875,0
2026-02-19 12:00:00+00:00,0.999756932258606,1.0008063316345215,0.9994431138038635,0.9997633099555969,10067968
2026-02-19 13:00:00+00:00,0.9998844265937805,1.0001442432403564,0.9996529221534729,0.9999987483024597,211842048
2026-02-19 14:00:00+00:00,0.9999712705612183,1.00055730342865,0.9995079040527344,1.0000358819961548,33104896
2026-02-19 15:00:00+00:00,0.9999658465385437,1.0006846189498901,0.9997876286506653,1.0003061294555664,0
2026-02-19 16:00:00+00:00,0.9998311400413513,1.0002644062042236,0.9994059801101685,1.0002644062042236,0
2026-02-19 17:00:00+00:00,0.9999797940254211,1.0001534223556519,0.9994295239448547,1.0000817775726318,193208320
2026-02-19 18:00:00+00:00,0.9998753070831299,1.000396966934204,0.9996463656425476,0.9999456405639648,0
2026-02-19 19:00:00+00:00,1.0000791549682617,1.0006839036941528,0.9996817111968994,0.9998859763145447,0
2026-02-19 20:00:00+00:00,0.9999879598617554,1.0003021955490112,0.9996286034584045,0.999975323677063,0
2026-02-19 21:00:00+00:00,0.9999467730522156,1.000169277191162,0.9996675848960876,0.9999223351478577,0
2026-02-19 22:00:00+00:00,0.9999507069587708,1.000197172164917,0.9997209310531616,1.0000680685043335,257063936
2026-02-19 23:00:00+00:00,0.9998849034309387,1.0002485513687134,0.9996306896209717,1.000059723854065,0
2026-02-20 00:00:00+00:00,1.000032901763916,1.0003039836883545,0.9997453689575195,0.9999651312828064,55871488
2026-02-20 01:00:00+00:00,1.000074028968811,1.0005669593811035,0.9998642802238464,0.9999274015426636,35397632
2026-02-20 02:00:00+00:00,0.9998228549957275,1.000050663948059,0.9998065233230591,0.9999777674674988,117141504
2026-02-20 03:00:00+00:00,0.9999143481254578,1.0002851486206055,0.9995720982551575,0.99985671043396,67479552
2026-02-20 04:00:00+00:00,0.9998632669448853,1.000256061553955,0.9997662901878357,1.0001417398452759,144350208
2026-02-20 05:00:00+00:00,0.9999095797538757,1.000370979309082,0.9997898936271667,0.9999597072601318,105197568
2026-02-20 06:00:00+00:00,0.9999648332595825,1.0001647472381592,0.9997385144233704,0.99993497133255,0
2026-02-20 07:00:00+00:00,0.9999491572380066,1.0001369714736938,0.9998088479042053,0.9999285340309143,0
2026-02-20 08:00:00+00:00,1.000085711479187,1.0000969171524048,0.9995175004005432,1.0000301599502563,0
2026-02-20 09:00:00+00:00,0.999994695186615,1.0002145767211914,0.9998752474784851,0.9999134540557861,32195584
2026-02-20 10:00:00+00:00,1.0000338554382324,1.0002660751342773,0.9997062683105469,1.0000141859054565,33089536
2026-02-20 11:00:00+00:00,0.9999220371246338,1.0001987218856812,0.9996592998504639,1.0001987218856812,337908736
2026-02-20 12:00:00+00:00,1.0000154972076416,1.0006237030029297,0.9997610449790955,1.000015139579773,30294016
2026-02-20 13:00:00+00:00,1.0000247955322266,1.0005215406417847,0.9998360276222229,0.9999232292175293,178247680
2026-02-20 14:00:00+00:00,1.0000213384628296,1.0006978511810303,0.9996841549873352,1.0002645254135132,209303552
2026-02-20 15:00:00+00:00,1.0002281665802002,1.0006639957427979,0.9995778799057007,1.0001134872436523,570214400
2026-02-20 16:00:00+00:00,1.0001006126403809,1.0007144212722778,0.9996872544288635,0.9999067187309265,312733696
2026-02-20 17:00:00+00:00,1.000020980834961,1.0006811618804932,0.9995613098144531,1.00005042552948,543305728
2026-02-20 18:00:00+00:00,1.00002920627594,1.0005639791488647,0.9997948408126831,1.000108003616333,132361216
2026-02-20 19:00:00+00:00,1.0002483129501343,1.0002483129501343,0.999688982963562,0.9999005794525146,0
2026-02-20 20:00:00+00:00,0.999903678894043,1.0001966953277588,0.9997302293777466,0.9999302625656128,27406336
2026-02-20 21:00:00+00:00,1.000058889389038,1.0002466440200806,0.9995537400245667,0.9999392628669739,4688896
2026-02-20 22:00:00+00:00,0.9999058246612549,1.0002624988555908,0.9997555613517761,1.0000532865524292,0
2026-02-20 23:00:00+00:00,1.0000532865524292,1.0002862215042114,0.999664306640625,1.0000107288360596,99153920
2026-02-21 00:00:00+00:00,0.9999321103096008,1.0001072883605957,0.9997824430465698,0.9999721050262451,0
2026-02-21 01:00:00+00:00,0.9999784231185913,1.0004513263702393,0.9998384118080139,1.0000218152999878,0
2026-02-21 02:00:00+00:00,0.99998939037323,1.0003857612609863,0.9996433854103088,1.0000536441802979,0
2026-02-21 03:00:00+00:00,1.0001825094223022,1.000291347503662,0.9997081160545349,0.9999790191650391,0
2026-02-21 04:00:00+00:00,1.0000994205474854,1.0004099607467651,0.9998320937156677,1.0000011920928955,0
2026-02-21 05:00:00+00:00,0.9998877048492432,1.0002107620239258,0.9998124837875366,0.9999825954437256,0
2026-02-21 06:00:00+00:00,0.9999523162841797,1.0001686811447144,0.999832808971405,0.999885082244873,0
2026-02-21 07:00:00+00:00,0.9998958706855774,1.0000346899032593,0.9998176693916321,0.9999803900718689,0
2026-02-21 08:00:00+00:00,0.9999605417251587,1.0001344680786133,0.9998504519462585,1.0000354051589966,0
2026-02-21 09:00:00+00:00,1.000123143196106,1.000564694404602,0.9997663497924805,0.9999089241027832,0
2026-02-21 10:00:00+00:00,0.9999102354049683,1.0002692937850952,0.9997943043708801,1.000022292137146,0
2026-02-21 11:00:00+00:00,1.00014066696167,1.000407338142395,0.9997345209121704,0.9999409914016724,0
2026-02-21 12:00:00+00:00,1.0000028610229492,1.0001718997955322,0.9998111724853516,0.999995231628418,0
2026-02-21 13:00:00+00:00,0.9999132752418518,1.0002044439315796,0.9997744560241699,1.0000652074813843,0
2026-02-21 14:00:00+00:00,1.0003564357757568,1.0003564357757568,0.9997957348823547,0.9999337792396545,0
2026-02-21 15:00:00+00:00,0.9998103380203247,1.0001598596572876,0.9997891187667847,0.9999980330467224,0
2026-02-21 16:00:00+00:00,0.9999361634254456,1.000324010848999,0.9998536705970764,0.9999831914901733,0
2026-02-21 17:00:00+00:00,0.9999797940254211,1.0003256797790527,0.9998731017112732,0.99998939037323,0
2026-02-21 18:00:00+00:00,0.9999301433563232,1.000285029411316,0.9999301433563232,1.000009536743164,0
2026-02-21 19:00:00+00:00,0.9999521970748901,1.000137448310852,0.99982750415802,1.0000120401382446,0
2026-02-21 20:00:00+00:00,0.9998793601989746,1.0001375675201416,0.9997595548629761,0.999955415725708,0
2026-02-21 21:00:00+00:00,0.9997749924659729,1.0003111362457275,0.9997749924659729,0.999984622001648,0
2026-02-21 22:00:00+00:00,0.999951958656311,1.0002384185791016,0.9998660683631897,0.9998973608016968,0
2026-02-21 23:00:00+00:00,1.0000238418579102,1.0003888607025146,0.999885082244873,0.9999825954437256,0
2026-02-22 00:00:00+00:00,1.0000278949737549,1.0003520250320435,0.9998939037322998,1.0003143548965454,0
2026-02-22 01:00:00+00:00,0.9998409152030945,1.000404953956604,0.9998409152030945,0.9999664425849915,0
2026-02-22 02:00:00+00:00,0.9999474287033081,1.0003966093063354,0.9996549487113953,0.9997982978820801,0
2026-02-22 03:00:00+00:00,0.9998272061347961,1.000370979309082,0.9998272061347961,0.9999978542327881,0
2026-02-22 04:00:00+00:00,1.0001168251037598,1.0002532005310059,0.9998548626899719,1.0000150203704834,0
2026-02-22 05:00:00+00:00,1.0000797510147095,1.0001540184020996,0.9998682141304016,0.9999498128890991,0
2026-02-22 06:00:00+00:00,1.000080943107605,1.0002155303955078,0.9998538494110107,0.9999112486839294,41161216
2026-02-22 07:00:00+00:00,0.9999291300773621,1.0000929832458496,0.999836802482605,0.9999719262123108,32970240
2026-02-22 08:00:00+00:00,0.9999954104423523,1.000177025794983,0.9999014139175415,0.9999593496322632,9952768
2026-02-22 09:00:00+00:00,0.9999422430992126,1.0000598430633545,0.9998183846473694,1.0000121593475342,0
2026-02-22 10:00:00+00:00,0.999968409538269,1.0001373291015625,0.999877393245697,1.0000057220458984,0
2026-02-22 11:00:00+00:00,0.9999521970748901,1.0002508163452148,0.999883770942688,0.9999987483024597,0
2026-02-22 12:00:00+00:00,0.9998354315757751,1.0002435445785522,0.9998354315757751,1.000069499015808,47166464
2026-02-22 13:00:00+00:00,0.9999988675117493,1.0003321170806885,0.9998195171356201,1.000044822692871,226806784
2026-02-22 14:00:00+00:00,0.9999257922172546,1.0002213716506958,0.9998773336410522,1.0000171661376953,0
2026-02-22 15:00:00+00:00,1.0000362396240234,1.00014066696167,0.999801754951477,0.9998618960380554,16651264
2026-02-22 16:00:00+00:00,0.9999967813491821,1.0001204013824463,0.9997572302818298,0.9999973773956299,0
2026-02-22 17:00:00+00:00,0.9999536871910095,1.000295639038086,0.9998189806938171,0.9999300241470337,126278144
2026-02-22 18:00:00+00:00,0.9999915361404419,1.0003348588943481,0.9996954202651978,0.9998835921287537,495616
2026-02-22 19:00:00+00:00,0.9998706579208374,1.000022053718567,0.9997717142105103,0.9999575614929199,0
2026-02-22 20:00:00+00:00,0.9999212622642517,1.0000176429748535,0.9996981620788574,0.9998153448104858,0
2026-02-22 21:00:00+00:00,0.9998296499252319,1.0001204013824463,0.9998296499252319,0.9999550580978394,0
2026-02-22 22:00:00+00:00,0.9999381899833679,1.0002342462539673,0.9997828602790833,0.9999985098838806,3220480
2026-02-22 23:00:00+00:00,0.999972939491272,1.0002628564834595,0.9997904896736145,0.9999808669090271,34701824
2026-02-23 00:00:00+00:00,0.999711275100708,1.000362753868103,0.999711275100708,1.0000249147415161,105501184
2026-02-23 01:00:00+00:00,1.000009298324585,1.0008771419525146,0.9997073411941528,0.9999620318412781,1393042944
2026-02-23 02:00:00+00:00,1.0004711151123047,1.0006753206253052,0.9996419548988342,0.9999791979789734,519185408
2026-02-23 03:00:00+00:00,0.9999633431434631,1.0001037120819092,0.9997475147247314,0.9999668598175049,207010304
2026-02-23 04:00:00+00:00,1.0000102519989014,1.0000985860824585,0.9996526837348938,0.9999901652336121,173846528
2026-02-23 05:00:00+00:00,0.9998967051506042,1.0000810623168945,0.9995150566101074,0.9998663663864136,243886080
2026-02-23 06:00:00+00:00,0.9999359846115112,1.0002484321594238,0.9998080730438232,0.9999110698699951,345526272
2026-02-23 07:00:00+00:00,1.0000784397125244,1.0006520748138428,0.9997621178627014,1.0000691413879395,300834816
2026-02-23 08:00:00+00:00,0.9999099373817444,1.0004760026931763,0.9998313784599304,0.9999761581420898,463204352
2026-02-23 09:00:00+00:00,1.0001530647277832,1.0001530647277832,0.9996451735496521,0.9999489784240723,445480448
2026-02-23 10:00:00+00:00,1.0000005960464478,1.000229001045227,0.9997954964637756,0.9998118281364441,242438144
2026-02-23 11:00:00+00:00,0.9997878074645996,1.0002801418304443,0.9997578859329224,0.9998501539230347,222602240
2026-02-23 12:00:00+00:00,1.0000804662704468,1.0003350973129272,0.999815821647644,0.9999208450317383,316222464
2026-02-23 13:00:00+00:00,0.999918520450592,1.0003430843353271,0.9998008012771606,0.9999529719352722,685084672
2026-02-23 14:00:00+00:00,1.0000442266464233,1.0002964735031128,0.999386191368103,0.999386191368103,868953088
2026-02-23 15:00:00+00:00,0.9998372197151184,1.0001708269119263,0.9993056654930115,1.0000072717666626,516157440
2026-02-23 16:00:00+00:00,0.9999027848243713,1.0001583099365234,0.9996486306190491,0.9997775554656982,872559616
2026-02-23 17:00:00+00:00,1.0001815557479858,1.0008958578109741,0.9997996091842651,0.9999978542327881,629742592
2026-02-23 18:00:00+00:00,1.0000865459442139,1.0006014108657837,0.9996527433395386,0.9999005198478699,583188480
2026-02-23 19:00:00+00:00,0.9998505711555481,1.000118374824524,0.9996287226676941,0.9999464154243469,363377664
2026-02-23 20:00:00+00:00,0.9998144507408142,1.0001637935638428,0.999774694442749,0.9999716877937317,465330176
2026-02-23 21:00:00+00:00,0.9999739527702332,1.0003753900527954,0.9996203780174255,0.9998860955238342,153005056
2026-02-23 22:00:00+00:00,0.9998570680618286,1.000139832496643,0.9996337294578552,1.0000437498092651,222193664
2026-02-23 23:00:00+00:00,0.9998840093612671,1.000135898590088,0.9997783899307251,1.0000602006912231,35169280
2026-02-24 00:00:00+00:00,1.0000044107437134,1.000372052192688,0.9997648000717163,1.00014328956604,65373184
2026-02-24 01:00:00+00:00,0.9998592734336853,1.0003641843795776,0.9996075630187988,0.9999399781227112,0
2026-02-24 02:00:00+00:00,0.9998866319656372,1.0003775358200073,0.9996116757392883,0.999950110912323,0
2026-02-24 03:00:00+00:00,0.999819815158844,1.00075364112854,0.9993281960487366,0.9999035596847534,68483072
2026-02-24 04:00:00+00:00,1.0000299215316772,1.0003933906555176,0.9996994733810425,0.9998967051506042,82395136
2026-02-24 05:00:00+00:00,1.0000065565109253,1.0004338026046753,0.9995509386062622,0.9998964071273804,125561856
2026-02-24 06:00:00+00:00,0.9999936819076538,1.000229835510254,0.9998042583465576,1.000038504600525,0
2026-02-24 07:00:00+00:00,0.9999743700027466,1.0001498460769653,0.9996373653411865,0.9998765587806702,11513856
2026-02-24 08:00:00+00:00,0.9998850226402283,1.000213384628296,0.9998816251754761,1.0000627040863037,0
2026-02-24 09:00:00+00:00,1.0000265836715698,1.0004487037658691,0.999761164188385,0.9999323487281799,149619712
2026-02-24 10:00:00+00:00,0.9999768137931824,1.0002182722091675,0.9997390508651733,0.9999232888221741,17721344
2026-02-24 11:00:00+00:00,0.9999770522117615,1.000244379043579,0.9996939301490784,1.0001612901687622,0
2026-02-24 12:00:00+00:00,1.0000355243682861,1.0002593994140625,0.9998887777328491,0.9999616146087646,0
2026-02-24 13:00:00+00:00,0.9999103546142578,1.000499963760376,0.9996737241744995,1.00001060962677,0
2026-02-24 14:00:00+00:00,0.999986469745636,1.0005253553390503,0.9997977018356323,0.9999225735664368,0
2026-02-24 15:00:00+00:00,1.0001105070114136,1.0008971691131592,0.9997666478157043,1.0001176595687866,0
2026-02-24 16:00:00+00:00,0.999940812587738,1.0008654594421387,0.9996470212936401,1.0000574588775635,0
2026-02-24 17:00:00+00:00,1.0001047849655151,1.000612497329712,0.999838650226593,1.000612497329712,0
2026-02-24 18:00:00+00:00,1.000057578086853,1.000185251235962,0.9997968077659607,0.9999881982803345,0
2026-02-24 19:00:00+00:00,1.0000810623168945,1.0003587007522583,0.9996631741523743,0.9999462366104126,0
2026-02-24 20:00:00+00:00,1.0000200271606445,1.0007401704788208,0.9998414516448975,1.000024437904358,0
2026-02-24 21:00:00+00:00,0.9999073147773743,1.0006046295166016,0.9998693466186523,1.0000252723693848,74019840
2026-02-24 22:00:00+00:00,0.9999423027038574,1.0001490116119385,0.9998919367790222,1.0001027584075928,0
2026-02-24 23:00:00+00:00,0.9999826550483704,1.0002106428146362,0.9998051524162292,1.0000885725021362,0
2026-02-25 00:00:00+00:00,0.9999275803565979,1.0006073713302612,0.9997496008872986,0.9999831914901733,0
2026-02-25 01:00:00+00:00,1.0001167058944702,1.0007429122924805,0.9997411370277405,1.0000061988830566,11551744
2026-02-25 02:00:00+00:00,0.9998971819877625,1.0002206563949585,0.9996175765991211,0.9999896883964539,229200896
2026-02-25 03:00:00+00:00,1.0000765323638916,1.0005574226379395,0.9998519420623779,0.9998519420623779,0
2026-02-25 04:00:00+00:00,0.9999305009841919,1.000248670578003,0.9996688961982727,0.9999310970306396,0
2026-02-25 05:00:00+00:00,0.9999775290489197,1.0004305839538574,0.9997344613075256,0.9999876618385315,0
2026-02-25 06:00:00+00:00,0.9998390674591064,1.0001475811004639,0.9997014403343201,0.9998688697814941,0
2026-02-25 07:00:00+00:00,0.9998761415481567,1.000483751296997,0.9994677305221558,0.9999058246612549,0
2026-02-25 08:00:00+00:00,0.9999476671218872,1.0001752376556396,0.9998139142990112,0.9999847412109375,251035648
2026-02-25 09:00:00+00:00,0.999862790107727,1.0002270936965942,0.999641478061676,1.0000320672988892,0
2026-02-25 10:00:00+00:00,1.000066876411438,1.0002555847167969,0.9998251795768738,0.9999561905860901,0
2026-02-25 11:00:00+00:00,1.000140905380249,1.000617504119873,0.9997732639312744,0.999930202960968,0
2026-02-25 12:00:00+00:00,0.999915599822998,1.000447392463684,0.9998319745063782,0.9999284744262695,310605824
2026-02-25 13:00:00+00:00,1.0001239776611328,1.0006192922592163,0.9997556805610657,0.9998596906661987,0
2026-02-25 14:00:00+00:00,0.9999823570251465,1.0006834268569946,0.999735951423645,0.9999695420265198,77296640
2026-02-25 15:00:00+00:00,0.9998317360877991,1.0004914999008179,0.9998317360877991,0.9999359846115112,261445632
2026-02-25 16:00:00+00:00,1.000016212463379,1.0005003213882446,0.9997520446777344,1.000161051750183,0
2026-02-25 17:00:00+00:00,1.0002434253692627,1.0005993843078613,0.9997833967208862,0.9999842643737793,910071808
2026-02-25 18:00:00+00:00,1.0000402927398682,1.0007340908050537,0.9998086094856262,1.000032901763916,378743808
2026-02-25 19:00:00+00:00,0.999864399433136,1.0001879930496216,0.9998349547386169,1.0000298023223877,237685760
2026-02-25 20:00:00+00:00,1.0000325441360474,1.0002268552780151,0.9996079802513123,1.0000940561294556,141105152
2026-02-25 21:00:00+00:00,0.9999094009399414,1.0006296634674072,0.9996843934059143,1.0001095533370972,742010880
2026-02-25 22:00:00+00:00,1.0001249313354492,1.0006368160247803,0.9995511770248413,1.0002399682998657,511652864
2026-02-25 23:00:00+00:00,0.999896764755249,1.0003175735473633,0.999678373336792,1.0000245571136475,309320704
2026-02-26 00:00:00+00:00,0.9998965263366699,1.0001769065856934,0.9997344017028809,0.9999878406524658,233344000
2026-02-26 01:00:00+00:00,0.9999618530273438,1.0004603862762451,0.9997397661209106,1.000003457069397,0
2026-02-26 02:00:00+00:00,0.999977171421051,1.000279188156128,0.9996082782745361,0.9999750256538391,0
2026-02-26 03:00:00+00:00,0.9997531771659851,1.0002399682998657,0.9997531771659851,1.0000253915786743,103259136
2026-02-26 04:00:00+00:00,1.0001118183135986,1.0002126693725586,0.9997598528862,1.0000061988830566,328472576
2026-02-26 05:00:00+00:00,0.9998206496238708,1.0006275177001953,0.9997949600219727,1.000014305114746,0
2026-02-26 06:00:00+00:00,1.0000499486923218,1.0005698204040527,0.9997692704200745,0.9999958276748657,458193920
2026-02-26 07:00:00+00:00,0.9998992681503296,1.0004385709762573,0.9997850060462952,1.0000860691070557,0
2026-02-26 08:00:00+00:00,1.0000324249267578,1.0002135038375854,0.9997372627258301,0.9998595714569092,0
2026-02-26 09:00:00+00:00,0.9999503493309021,1.0003306865692139,0.9998305439949036,0.9999251365661621,163964928
2026-02-26 10:00:00+00:00,1.000046730041504,1.0002238750457764,0.9998236298561096,0.9999989867210388,66367488
2026-02-26 11:00:00+00:00,1.0000004768371582,1.0002050399780273,0.9998002648353577,0.9999598264694214,0
2026-02-26 12:00:00+00:00,1.0000003576278687,1.0004899501800537,0.9998050332069397,0.9999508261680603,0
2026-02-26 13:00:00+00:00,0.9999823570251465,1.0002963542938232,0.9997530579566956,0.9999802708625793,0
2026-02-26 14:00:00+00:00,0.999960720539093,1.0007413625717163,0.9997776746749878,0.999922513961792,124909568
2026-02-26 15:00:00+00:00,1.0002318620681763,1.0008786916732788,0.9998642206192017,1.000112771987915,120081408
2026-02-26 16:00:00+00:00,1.0004738569259644,1.0005435943603516,0.9996461868286133,0.9999608397483826,0
2026-02-26 17:00:00+00:00,1.0000884532928467,1.000167727470398,0.9997780323028564,1.0000309944152832,0
2026-02-26 18:00:00+00:00,1.0000063180923462,1.0006203651428223,0.9995187520980835,1.0000040531158447,0
2026-02-26 19:00:00+00:00,0.999937117099762,1.0003347396850586,0.9997938275337219,0.9998415112495422,0
2026-02-26 20:00:00+00:00,0.9998356699943542,1.0002471208572388,0.9997844696044922,0.9999649524688721,0
2026-02-26 21:00:00+00:00,0.9998462200164795,1.0006427764892578,0.9996654391288757,0.9996654391288757,0
2026-02-26 22:00:00+00:00,1.000016689300537,1.0003831386566162,0.999865710735321,1.000003457069397,0
2026-02-26 23:00:00+00:00,1.0000121593475342,1.000183343887329,0.9997331500053406,1.000000238418579,0
2026-02-27 00:00:00+00:00,0.999937891960144,1.0001810789108276,0.9997465014457703,0.9998688101768494,0
2026-02-27 01:00:00+00:00,1.0000087022781372,1.0005017518997192,0.9998354911804199,1.0000039339065552,0
2026-02-27 02:00:00+00:00,1.0001587867736816,1.0001587867736816,0.9998266696929932,0.9999889731407166,0
2026-02-27 03:00:00+00:00,1.0000947713851929,1.0002762079238892,0.9998169541358948,1.000165343284607,0
2026-02-27 04:00:00+00:00,0.9998279809951782,1.00022292137146,0.9998279809951782,0.9999784231185913,78994432
2026-02-27 05:00:00+00:00,0.99995356798172,1.0005146265029907,0.9997923970222473,0.9999966621398926,0
2026-02-27 06:00:00+00:00,0.9999565482139587,1.0002708435058594,0.999849796295166,0.9999388456344604,0
2026-02-27 07:00:00+00:00,0.9999217391014099,1.0002630949020386,0.999760091304779,0.9999174475669861,0
2026-02-27 08:00:00+00:00,0.9999824166297913,1.00020170211792,0.99981290102005,0.999915599822998,0
2026-02-27 09:00:00+00:00,0.999924898147583,1.0002942085266113,0.9998087286949158,0.9999058842658997,0
2026-02-27 10:00:00+00:00,0.9999560713768005,1.0005711317062378,0.9997703433036804,0.9999807476997375,284062720
2026-02-27 11:00:00+00:00,0.9999489188194275,1.0006204843521118,0.9997960925102234,1.0003331899642944,348115968
2026-02-27 12:00:00+00:00,1.000005841255188,1.0002472400665283,0.9998255968093872,0.9999731779098511,100332544
2026-02-27 13:00:00+00:00,1.0006150007247925,1.0006150007247925,0.9997830390930176,0.9999517202377319,216549376
2026-02-27 14:00:00+00:00,0.9999808669090271,1.0005096197128296,0.999657154083252,1.000180959701538,0
2026-02-27 15:00:00+00:00,1.00011146068573,1.0003371238708496,0.9996986985206604,1.0001126527786255,0
2026-02-27 16:00:00+00:00,1.0001085996627808,1.000373363494873,0.9996774792671204,1.0000298023223877,0
2026-02-27 17:00:00+00:00,1.000063419342041,1.0001916885375977,0.9997876882553101,0.9999738335609436,28907520
2026-02-27 18:00:00+00:00,1.0000249147415161,1.0002542734146118,0.9997791647911072,0.9999968409538269,115579904
2026-02-27 19:00:00+00:00,1.0000240802764893,1.0004700422286987,0.9997718334197998,1.000032663345337,0
2026-02-27 20:00:00+00:00,1.0000427961349487,1.000491738319397,0.9997013807296753,0.999997079372406,0
2026-02-27 21:00:00+00:00,1.000004529953003,1.0001112222671509,0.9995933771133423,1.0001112222671509,0
2026-02-27 22:00:00+00:00,1.0001133680343628,1.000171184539795,0.9996669888496399,1.0000265836715698,192979968
2026-02-27 23:00:00+00:00,0.9999556541442871,1.0002610683441162,0.9998893737792969,0.9999550580978394,0
2026-02-28 00:00:00+00:00,0.9998412132263184,1.0001907348632812,0.9997671842575073,0.9999127984046936,0
2026-02-28 01:00:00+00:00,0.9999717473983765,1.0004167556762695,0.9998283386230469,1.000022053718567,0
2026-02-28 02:00:00+00:00,1.000036597251892,1.0001628398895264,0.999830961227417,0.999955952167511,0
2026-02-28 03:00:00+00:00,1.000026822090149,1.0002622604370117,0.9997841119766235,1.0000319480895996,0
2026-02-28 04:00:00+00:00,0.999932050704956,1.0001673698425293,0.9998660683631897,0.9999238848686218,0
2026-02-28 05:00:00+00:00,0.9999708533287048,1.0001742839813232,0.9998042583465576,1.0000194311141968,0
2026-02-28 06:00:00+00:00,0.9999409914016724,1.0009214878082275,0.9996734261512756,1.0001074075698853,839897088
2026-02-28 07:00:00+00:00,1.0000712871551514,1.0005617141723633,0.9996039867401123,0.999998927116394,455087104
2026-02-28 08:00:00+00:00,0.9998213648796082,1.0003092288970947,0.9997321963310242,0.9998955130577087,42840064
2026-02-28 09:00:00+00:00,0.9999913573265076,1.0002028942108154,0.9994895458221436,1.0002028942108154,0
2026-02-28 10:00:00+00:00,0.9999997615814209,1.000422716140747,0.9997606873512268,1.0000145435333252,0
2026-02-28 11:00:00+00:00,0.9999878406524658,1.0004394054412842,0.9998852610588074,1.0000145435333252,0
2026-02-28 12:00:00+00:00,0.9999582767486572,1.0005542039871216,0.9998962879180908,1.000124216079712,0
2026-02-28 13:00:00+00:00,1.000024676322937,1.000456690788269,0.9997276067733765,1.0000271797180176,0
2026-02-28 14:00:00+00:00,1.0000301599502563,1.0006126165390015,0.9998297095298767,1.0006126165390015,39873536
2026-02-28 15:00:00+00:00,1.000009298324585,1.00075101852417,0.999567985534668,0.9998652935028076,0
2026-02-28 16:00:00+00:00,0.999846875667572,1.000351905822754,0.9998258948326111,1.0000355243682861,0
2026-02-28 17:00:00+00:00,0.9999784231185913,1.0003714561462402,0.999739944934845,0.9999816417694092,0
2026-02-28 18:00:00+00:00,1.000001072883606,1.0004969835281372,0.9998773336410522,1.0002772808074951,0
2026-02-28 19:00:00+00:00,1.0003693103790283,1.0004653930664062,0.999789297580719,1.0002036094665527,200473600
2026-02-28 20:00:00+00:00,1.0003504753112793,1.0004463195800781,0.9998905062675476,1.0000321865081787,269714432
2026-02-28 21:00:00+00:00,1.0000256299972534,1.00068998336792,0.9999150037765503,1.0001112222671509,175290368
2026-02-28 22:00:00+00:00,1.0002686977386475,1.0005297660827637,0.9998112916946411,1.000390887260437,38414336
2026-02-28 23:00:00+00:00,1.000117540359497,1.0005114078521729,0.9998391270637512,1.000132441520691,26136576
2026-03-01 00:00:00+00:00,1.000049352645874,1.0004359483718872,0.9998180866241455,1.000037431716919,110456832
2026-03-01 01:00:00+00:00,1.0004336833953857,1.0004817247390747,0.9997501373291016,1.0000150203704834,390237184
2026-03-01 02:00:00+00:00,1.000099778175354,1.000783920288086,0.9995304942131042,1.0000251531600952,895271936
2026-03-01 03:00:00+00:00,0.9999163150787354,1.0003029108047485,0.9997087121009827,0.9999799728393555,133679104
2026-03-01 04:00:00+00:00,0.9998975992202759,1.0003457069396973,0.9996892809867859,0.9998689889907837,170518528
2026-03-01 05:00:00+00:00,0.9998914003372192,1.0001285076141357,0.9997791051864624,1.00005304813385,33018880
2026-03-01 06:00:00+00:00,1.0000118017196655,1.0003222227096558,0.999778151512146,1.000036597251892,0
2026-03-01 07:00:00+00:00,0.9999707341194153,1.0003869533538818,0.9998271465301514,1.0000412464141846,0
2026-03-01 08:00:00+00:00,0.9998926520347595,1.0001204013824463,0.999824583530426,0.9999117851257324,0
2026-03-01 09:00:00+00:00,1.0000624656677246,1.000414252281189,0.9997109174728394,1.0002226829528809,0
2026-03-01 10:00:00+00:00,1.0002282857894897,1.0003162622451782,0.9998626708984375,0.9999213218688965,0
2026-03-01 11:00:00+00:00,1.0000073909759521,1.0004264116287231,0.9998114705085754,0.9999321103096008,0
2026-03-01 12:00:00+00:00,0.9998742938041687,1.0001198053359985,0.999803900718689,1.0000529289245605,0
2026-03-01 13:00:00+00:00,0.9999945163726807,1.000583529472351,0.9991470575332642,1.0000203847885132,0
2026-03-01 14:00:00+00:00,1.0000042915344238,1.0005261898040771,0.9998389482498169,1.0004017353057861,0
2026-03-01 15:00:00+00:00,1.0000262260437012,1.0003582239151,0.9998366236686707,0.99994957447052,0
2026-03-01 16:00:00+00:00,0.9999730587005615,1.0005570650100708,0.999863862991333,1.0000239610671997,259288064
2026-03-01 17:00:00+00:00,1.0000132322311401,1.0006719827651978,0.9998058080673218,0.9999560117721558,85739520
2026-03-01 18:00:00+00:00,1.0001400709152222,1.0006262063980103,0.9998176693916321,1.0000663995742798,0
2026-03-01 19:00:00+00:00,1.000062108039856,1.0003000497817993,0.9997569918632507,1.0000331401824951,0
2026-03-01 20:00:00+00:00,0.9999542832374573,1.0003167390823364,0.9997320771217346,0.9999728798866272,0
2026-03-01 21:00:00+00:00,1.0000765323638916,1.0001670122146606,0.9998622536659241,1.0001647472381592,0
2026-03-01 22:00:00+00:00,1.0000156164169312,1.0003135204315186,0.9998121857643127,0.9999693036079407,404058112
2026-03-01 23:00:00+00:00,0.999923050403595,1.000307321548462,0.9998793005943298,1.00007963180542,216284160
2026-03-02 00:00:00+00:00,1.0000189542770386,1.0002403259277344,0.9998049736022949,1.0000336170196533,212081664
2026-03-02 01:00:00+00:00,0.9999397993087769,1.000195026397705,0.9997785091400146,1.0000500679016113,0
2026-03-02 02:00:00+00:00,1.0001312494277954,1.0002663135528564,0.9998347759246826,1.0000338554382324,0
2026-03-02 03:00:00+00:00,1.000041127204895,1.0004193782806396,0.999824047088623,0.9999001622200012,181465088
2026-03-02 04:00:00+00:00,0.9999978542327881,1.0003145933151245,0.9998142123222351,1.000006079673767,0
2026-03-02 05:00:00+00:00,1.00025475025177,1.000308871269226,0.999894380569458,1.000084638595581,133949440
2026-03-02 06:00:00+00:00,0.999988853931427,1.0004171133041382,0.9998854398727417,0.9999974370002747,85334016
2026-03-02 07:00:00+00:00,0.9999703168869019,1.000394344329834,0.9998884797096252,0.9999482035636902,239165440
2026-03-02 08:00:00+00:00,0.9999849796295166,1.0005699396133423,0.9998237490653992,1.0002468824386597,210909184
2026-03-02 09:00:00+00:00,0.9999856948852539,1.0006017684936523,0.9993245005607605,1.0000698566436768,280581120
2026-03-02 10:00:00+00:00,0.9999948143959045,1.0003259181976318,0.9997936487197876,1.0001407861709595,19901440
2026-03-02 11:00:00+00:00,1.0003504753112793,1.0003504753112793,0.9998632669448853,1.0000600814819336,264999936
2026-03-02 12:00:00+00:00,1.0003126859664917,1.0003794431686401,0.9998265504837036,1.0000885725021362,426351616
2026-03-02 13:00:00+00:00,1.0000938177108765,1.0004022121429443,0.9997392296791077,1.000172734260559,802234368
2026-03-02 14:00:00+00:00,0.9999946355819702,1.0004878044128418,0.9998794794082642,1.0003528594970703,905105408
2026-03-02 15:00:00+00:00,1.0000518560409546,1.0005072355270386,0.9999474287033081,1.0002418756484985,1805745152
2026-03-02 16:00:00+00:00,1.0002827644348145,1.0002827644348145,0.9997838735580444,1.0000665187835693,1297332224
2026-03-02 17:00:00+00:00,1.0000648498535156,1.000175952911377,0.9997900724411011,1.000043511390686,626380800
2026-03-02 18:00:00+00:00,0.9999812841415405,1.0001769065856934,0.9998656511306763,1.0000331401824951,309159936
2026-03-02 19:00:00+00:00,0.9999910593032837,1.0002624988555908,0.9998587369918823,1.0000758171081543,507201536
2026-03-02 20:00:00+00:00,0.9999880790710449,1.0003962516784668,0.9997560977935791,0.9999281764030457,180594688
2026-03-02 21:00:00+00:00,1.0000237226486206,1.0002497434616089,0.9999300241470337,1.0000638961791992,72355840
2026-03-02 22:00:00+00:00,1.0000184774398804,1.0003044605255127,0.9998944401741028,1.0001450777053833,0
2026-03-02 23:00:00+00:00,0.9998493790626526,1.0002810955047607,0.9998493790626526,1.0000323057174683,232325120
2026-03-03 00:00:00+00:00,1.0,1.0004045963287354,0.9999011158943176,0.9999837875366211,0
2026-03-03 01:00:00+00:00,1.0001167058944702,1.0004289150238037,0.9999061226844788,1.0002951622009277,281264128
2026-03-03 02:00:00+00:00,0.9999390244483948,1.0003976821899414,0.9998600482940674,0.9999573826789856,356769792
2026-03-03 03:00:00+00:00,1.0000072717666626,1.0004044771194458,0.9996595978736877,1.000178575515747,0
2026-03-03 04:00:00+00:00,1.0001325607299805,1.000409483909607,0.9998924136161804,0.9999845623970032,13801472
2026-03-03 05:00:00+00:00,1.0001331567764282,1.00038743019104,0.9998607635498047,0.9999897480010986,191891456
2026-03-03 06:00:00+00:00,1.0000743865966797,1.0003931522369385,0.9997940063476562,1.000069260597229,54544384
2026-03-03 07:00:00+00:00,1.0002185106277466,1.0004328489303589,0.9997654557228088,1.0000238418579102,0
2026-03-03 08:00:00+00:00,1.0001026391983032,1.0003949403762817,0.9997596740722656,0.9998417496681213,143667200
2026-03-03 09:00:00+00:00,1.00009286403656,1.0004247426986694,0.999815821647644,1.0001857280731201,44068864
2026-03-03 10:00:00+00:00,1.0000149011611938,1.0004045963287354,0.9998611807823181,0.9999831914901733,287414272
2026-03-03 11:00:00+00:00,0.999906063079834,1.0004428625106812,0.9998053908348083,1.0000053644180298,126197760
2026-03-03 12:00:00+00:00,1.0000503063201904,1.0002846717834473,0.9997743964195251,0.9999696016311646,0
2026-03-03 13:00:00+00:00,0.9999897480010986,1.0004085302352905,0.9998310804367065,1.0000600814819336,0
2026-03-03 14:00:00+00:00,1.0002069473266602,1.0003656148910522,0.9999215006828308,1.000138521194458,0
2026-03-03 15:00:00+00:00,0.9999143481254578,1.0004019737243652,0.9998873472213745,1.0003197193145752,0
2026-03-03 16:00:00+00:00,1.0001362562179565,1.0003834962844849,0.9998605251312256,1.000112533569336,0
2026-03-03 17:00:00+00:00,1.0002764463424683,1.0003856420516968,0.9998151063919067,1.0001248121261597,0
2026-03-03 18:00:00+00:00,0.9999076128005981,1.0004010200500488,0.9998803734779358,1.000024676322937,0
2026-03-03 19:00:00+00:00,1.0001599788665771,1.0003358125686646,0.9996128678321838,0.9999826550483704,0
2026-03-03 20:00:00+00:00,1.000052809715271,1.0002591609954834,0.999946117401123,1.0001212358474731,0
2026-03-03 21:00:00+00:00,0.9999438524246216,1.0002431869506836,0.9999292492866516,1.000165343284607,0
2026-03-03 22:00:00+00:00,1.0001193284988403,1.000257134437561,0.9999091029167175,0.999924898147583,0
2026-03-03 23:00:00+00:00,1.0001918077468872,1.0003840923309326,0.9998993277549744,1.0000346899032593,0
2026-03-04 00:00:00+00:00,0.9999107718467712,1.0003244876861572,0.9999063014984131,1.0002079010009766,0
2026-03-04 01:00:00+00:00,1.0000855922698975,1.000271201133728,0.9999021291732788,1.0001723766326904,0
2026-03-04 02:00:00+00:00,1.0001848936080933,1.0002483129501343,0.9999266862869263,1.000130534172058,0
2026-03-04 03:00:00+00:00,1.000159740447998,1.0002872943878174,0.9999367594718933,1.0001283884048462,56521728
2026-03-04 04:00:00+00:00,1.0001678466796875,1.0002835988998413,0.9998241066932678,1.0001558065414429,17507328
2026-03-04 05:00:00+00:00,0.9999729990959167,1.000378131866455,0.9997516870498657,0.9999335408210754,0
2026-03-04 06:00:00+00:00,0.999985933303833,1.000211477279663,0.9996846914291382,1.0001074075698853,88203264
2026-03-04 07:00:00+00:00,1.0001646280288696,1.0001838207244873,0.9997918605804443,0.9999904632568359,67987456
2026-03-04 08:00:00+00:00,1.0001870393753052,1.0001870393753052,0.9998265504837036,0.9999604821205139,386286592
2026-03-04 09:00:00+00:00,1.0000241994857788,1.0001922845840454,0.9998551607131958,0.9999503493309021,579361792
2026-03-04 10:00:00+00:00,0.9999503493309021,1.0002450942993164,0.9998793005943298,1.0000218152999878,186884096
2026-03-04 11:00:00+00:00,0.9999256134033203,1.0000654458999634,0.9998491406440735,0.9999760389328003,11038720
2026-03-04 12:00:00+00:00,1.0000319480895996,1.000060796737671,0.9997063875198364,1.0000156164169312,6499328
2026-03-04 13:00:00+00:00,0.99997878074646,1.0000567436218262,0.9998393654823303,0.9999072551727295,0
2026-03-04 14:00:00+00:00,0.9999022483825684,1.0001121759414673,0.999809205532074,0.9999933838844299,279115776
2026-03-04 15:00:00+00:00,1.0000817775726318,1.0001918077468872,0.9998278617858887,0.9998278617858887,620242944
2026-03-04 16:00:00+00:00,0.9999691843986511,1.000173568725586,0.9998212456703186,0.9998751282691956,271665152
2026-03-04 17:00:00+00:00,0.9999508857727051,1.0001633167266846,0.99973064661026,0.9999322891235352,436407296
2026-03-04 18:00:00+00:00,0.9999264478683472,1.0002244710922241,0.9997856616973877,0.9999818801879883,0
2026-03-04 19:00:00+00:00,0.9998466372489929,1.000101089477539,0.9996711015701294,1.0000203847885132,471203840
2026-03-04 20:00:00+00:00,0.9999454617500305,1.0001325607299805,0.9997664093971252,0.9997686147689819,195164160
2026-03-04 21:00:00+00:00,0.9999430775642395,1.0000710487365723,0.9997539520263672,0.9998510479927063,94058496
2026-03-04 22:00:00+00:00,1.0000001192092896,1.0000001192092896,0.9997696280479431,0.9999456405639648,290467840
2026-03-04 23:00:00+00:00,0.9998618960380554,1.0000056028366089,0.9997437000274658,0.9999657869338989,144957440
2026-03-05 00:00:00+00:00,0.9998502731323242,1.0000642538070679,0.999762237071991,0.9998777508735657,137863168
2026-03-05 01:00:00+00:00,0.9999244213104248,1.000077724456787,0.999721884727478,0.9998155236244202,57649152
2026-03-05 02:00:00+00:00,0.9998911023139954,1.0000218152999878,0.999722957611084,0.999915361404419,0
2026-03-05 03:00:00+00:00,0.9998506903648376,0.9999973773956299,0.9997519850730896,0.999862015247345,0
2026-03-05 04:00:00+00:00,0.9999148845672607,1.0000277757644653,0.9997854232788086,0.9998899698257446,72593408
2026-03-05 05:00:00+00:00,0.9999176859855652,0.9999927878379822,0.9998178482055664,0.9998480677604675,128024576
2026-03-05 06:00:00+00:00,0.9999604225158691,1.0000358819961548,0.9998307228088379,1.0000064373016357,140275712
2026-03-05 07:00:00+00:00,0.9999111890792847,1.000148892402649,0.9998336434364319,1.000148892402649,0
2026-03-05 08:00:00+00:00,1.000014066696167,1.000043272972107,0.999819278717041,0.9999337792396545,0
2026-03-05 09:00:00+00:00,0.9999389052391052,1.0000578165054321,0.9997501373291016,0.9999069571495056,0
2026-03-05 10:00:00+00:00,0.9999397993087769,1.0001296997070312,0.9998736381530762,0.9999819397926331,0
2026-03-05 11:00:00+00:00,0.9999449253082275,1.0000319480895996,0.9998182654380798,0.9999159574508667,646778880
2026-03-05 12:00:00+00:00,0.9999468922615051,1.00003981590271,0.999817967414856,0.9998500943183899,140259328
2026-03-05 13:00:00+00:00,0.9998454451560974,1.0000320672988892,0.9996304512023926,0.9998294711112976,36427776
2026-03-05 14:00:00+00:00,0.9999032020568848,1.0000611543655396,0.9996699690818787,0.9998998641967773,0
2026-03-05 15:00:00+00:00,1.0001115798950195,1.0001115798950195,0.9997271299362183,0.9998469352722168,0
2026-03-05 16:00:00+00:00,0.9998489618301392,0.999993085861206,0.9997166991233826,0.999834418296814,0
2026-03-05 17:00:00+00:00,0.9998032450675964,1.0000510215759277,0.9997056126594543,1.0000510215759277,0
2026-03-05 18:00:00+00:00,0.9999547600746155,0.9999834895133972,0.9995595812797546,0.9999508261680603,104458240
2026-03-05 19:00:00+00:00,0.9997959136962891,1.0000324249267578,0.9996495246887207,0.9998107552528381,0
2026-03-05 20:00:00+00:00,0.9997856616973877,1.0000367164611816,0.9997548460960388,0.9998935461044312,0
2026-03-05 21:00:00+00:00,0.9998512864112854,0.999975323677063,0.9997166395187378,0.9999264478683472,81049600
2026-03-05 22:00:00+00:00,0.999886155128479,1.0000556707382202,0.9997472763061523,0.9999426603317261,0
2026-03-05 23:00:00+00:00,0.9998321533203125,1.000123381614685,0.9996854662895203,1.000123381614685,0
2026-03-06 00:00:00+00:00,0.9998894333839417,1.0000845193862915,0.9998164772987366,0.9999166131019592,0
2026-03-06 01:00:00+00:00,1.0000029802322388,1.0000231266021729,0.9997967481613159,0.999902069568634,0
2026-03-06 02:00:00+00:00,0.9999213218688965,0.9999992847442627,0.9998019933700562,0.9999004602432251,72321024
2026-03-06 03:00:00+00:00,0.9998871088027954,1.0000609159469604,0.999800443649292,0.9999165534973145,0
2026-03-06 04:00:00+00:00,0.9999692440032959,1.0000653266906738,0.9997427463531494,0.9999804496765137,0
2026-03-06 05:00:00+00:00,0.9999244809150696,1.0001004934310913,0.9998297095298767,0.9998777508735657,0
2026-03-06 06:00:00+00:00,0.9998801350593567,0.9999760389328003,0.9998248219490051,0.999920129776001,149528576
2026-03-06 07:00:00+00:00,0.9998599290847778,0.9999977946281433,0.9997710585594177,0.9999977946281433,0
2026-03-06 08:00:00+00:00,0.999900758266449,1.0000231266021729,0.9997779726982117,0.9999098181724548,0
2026-03-06 09:00:00+00:00,0.9998983144760132,1.0000193119049072,0.9996642470359802,0.9999716877937317,221302784
2026-03-06 10:00:00+00:00,0.9999297857284546,1.0000474452972412,0.9998406171798706,0.9999152421951294,0
2026-03-06 11:00:00+00:00,0.9998953342437744,0.999968945980072,0.99982088804245,0.9999090433120728,0
2026-03-06 12:00:00+00:00,0.9999375343322754,1.0000650882720947,0.9997235536575317,0.9999593496322632,0
2026-03-06 13:00:00+00:00,0.9998422265052795,1.0001169443130493,0.9997534155845642,0.9999376535415649,344270848
2026-03-06 14:00:00+00:00,0.9999765157699585,1.0001029968261719,0.9997816681861877,0.9998989701271057,467026944
2026-03-06 15:00:00+00:00,0.9999723434448242,1.0001388788223267,0.9997906684875488,0.9998887181282043,0
2026-03-06 16:00:00+00:00,0.9999935626983643,1.0001329183578491,0.999659538269043,0.9999189972877502,0
2026-03-06 17:00:00+00:00,0.9999507069587708,1.0000228881835938,0.9997832775115967,0.9999050498008728,57947136
2026-03-06 18:00:00+00:00,0.9999967813491821,1.000091552734375,0.999853789806366,0.9998899102210999,0
2026-03-06 19:00:00+00:00,0.9999598264694214,1.0000280141830444,0.9998909831047058,0.999937891960144,0
2026-03-06 20:00:00+00:00,0.9998846650123596,1.0001094341278076,0.9997737407684326,0.9998645186424255,0
2026-03-06 21:00:00+00:00,0.999939501285553,1.0000677108764648,0.9997836947441101,0.999918520450592,0
2026-03-06 22:00:00+00:00,0.9999074339866638,1.0001181364059448,0.9998399615287781,0.9999146461486816,0
2026-03-06 23:00:00+00:00,0.9999563097953796,1.0000531673431396,0.9998620748519897,0.9999736547470093,0
2026-03-07 00:00:00+00:00,0.9999818801879883,1.0000911951065063,0.9998396039009094,0.9999457597732544,0
2026-03-07 01:00:00+00:00,0.9999021291732788,1.0001314878463745,0.9998385310173035,0.9999749660491943,0
2026-03-07 02:00:00+00:00,0.9999481439590454,1.0002119541168213,0.9998161196708679,0.9999685883522034,0
2026-03-07 03:00:00+00:00,1.0000050067901611,1.000044345855713,0.9998970031738281,0.9999616146087646,0
2026-03-07 04:00:00+00:00,0.9999030232429504,1.0000412464141846,0.9999027848243713,0.9999414682388306,0
2026-03-07 05:00:00+00:00,1.0000203847885132,1.0001229047775269,0.9998538494110107,0.9998764395713806,0
2026-03-07 06:00:00+00:00,0.999928891658783,1.0000861883163452,0.9998845458030701,0.9999586343765259,0
2026-03-07 07:00:00+00:00,0.9999547600746155,1.0000486373901367,0.9998347163200378,1.0000414848327637,0
2026-03-07 08:00:00+00:00,0.9999639391899109,1.000057339668274,0.9998635053634644,0.9999871850013733,0
2026-03-07 09:00:00+00:00,0.9999924302101135,1.0000804662704468,0.9998312592506409,1.000001311302185,0
2026-03-07 10:00:00+00:00,0.9999620914459229,1.0001277923583984,0.9999070763587952,0.99994957447052,0
2026-03-07 11:00:00+00:00,0.999994695186615,1.0000972747802734,0.9998376369476318,0.9999586343765259,0
2026-03-07 12:00:00+00:00,0.999820351600647,1.0000947713851929,0.999820351600647,0.9999772310256958,0
2026-03-07 13:00:00+00:00,0.9999683499336243,1.0000938177108765,0.9999035596847534,1.000007152557373,0
2026-03-07 14:00:00+00:00,1.0000436305999756,1.0000808238983154,0.9998699426651001,0.9999874234199524,0
2026-03-07 15:00:00+00:00,0.9999502301216125,1.0000501871109009,0.9998972415924072,0.999955952167511,0
2026-03-07 16:00:00+00:00,0.9999859929084778,1.000074028968811,0.9998428821563721,0.9999321103096008,0
2026-03-07 17:00:00+00:00,0.9999639391899109,1.0000616312026978,0.9998669624328613,0.9999841451644897,0
2026-03-07 18:00:00+00:00,0.9999092221260071,1.0000617504119873,0.99985271692276,0.9999115467071533,0
2026-03-07 19:00:00+00:00,0.9999213814735413,1.0001884698867798,0.9998664259910583,1.0000836849212646,13503488
2026-03-07 20:00:00+00:00,1.0000548362731934,1.0002130270004272,0.9999170899391174,1.000057578086853,0
2026-03-07 21:00:00+00:00,1.0000730752944946,1.0002014636993408,0.9999200105667114,1.00002121925354,0
2026-03-07 22:00:00+00:00,1.0000559091567993,1.0000559091567993,0.999794602394104,0.999893069267273,0
2026-03-07 23:00:00+00:00,0.9999114274978638,1.0000689029693604,0.999764084815979,0.9998994469642639,0
2026-03-08 00:00:00+00:00,0.9999215602874756,1.0000802278518677,0.9998411536216736,0.9999832510948181,0
2026-03-08 01:00:00+00:00,0.9999552369117737,1.000048041343689,0.9998571872711182,0.9999212622642517,55654400
2026-03-08 02:00:00+00:00,0.9999006390571594,1.0000702142715454,0.9999006390571594,1.0000104904174805,309630976
2026-03-08 03:00:00+00:00,0.9999977946281433,1.0001118183135986,0.9998875856399536,1.0000667572021484,57697280
2026-03-08 04:00:00+00:00,1.0000227689743042,1.0001215934753418,0.9998298287391663,0.9998674988746643,0
2026-03-08 05:00:00+00:00,0.9999617338180542,1.0001448392868042,0.9998641610145569,1.0000100135803223,60026368
2026-03-08 06:00:00+00:00,1.000016689300537,1.0000907182693481,0.999906063079834,0.999946653842926,0
2026-03-08 07:00:00+00:00,0.9999980926513672,1.0001031160354614,0.9998528957366943,1.000034213066101,61339648
2026-03-08 08:00:00+00:00,1.0000215768814087,1.0001400709152222,0.9998804926872253,0.999945878982544,6925312
2026-03-08 09:00:00+00:00,1.000023603439331,1.0000654458999634,0.9998877048492432,0.9999579191207886,0
2026-03-08 10:00:00+00:00,0.9999720454216003,1.0001184940338135,0.999889075756073,1.0000213384628296,146439168
2026-03-08 11:00:00+00:00,0.9999871253967285,1.0001565217971802,0.9998289942741394,0.9999460577964783,54213632
2026-03-08 12:00:00+00:00,0.9999794363975525,1.0001230239868164,0.9998518228530884,1.0000033378601074,164779008
2026-03-08 13:00:00+00:00,0.999983012676239,1.0001068115234375,0.9998397827148438,0.9999840259552002,177947648
2026-03-08 14:00:00+00:00,0.9999716877937317,1.0000135898590088,0.9997966885566711,0.9999520778656006,0
2026-03-08 15:00:00+00:00,0.9999256134033203,1.0000227689743042,0.9998186826705933,1.0000227689743042,3225600
2026-03-08 16:00:00+00:00,0.999923050403595,1.0000033378601074,0.9998537302017212,0.9999240636825562,31774208
2026-03-08 17:00:00+00:00,0.999895453453064,1.0000866651535034,0.9998200535774231,0.9999682903289795,147837952
2026-03-08 18:00:00+00:00,1.0000865459442139,1.0001627206802368,0.9998594522476196,0.9999346137046814,0
2026-03-08 19:00:00+00:00,0.9999614953994751,1.0000584125518799,0.9998487830162048,0.9999640583992004,47256576
2026-03-08 20:00:00+00:00,0.9999973773956299,1.0000927448272705,0.9998319745063782,0.9998319745063782,93675008
2026-03-08 21:00:00+00:00,0.9999465942382812,1.0001636743545532,0.999864399433136,0.9999803900718689,136415744
2026-03-08 22:00:00+00:00,0.9999486207962036,1.0001620054244995,0.9998093247413635,0.9999893307685852,815741952
2026-03-08 23:00:00+00:00,0.9999430179595947,1.0001026391983032,0.9998815059661865,0.9999634623527527,366120960
2026-03-09 00:00:00+00:00,1.0000038146972656,1.0001561641693115,0.9999096393585205,1.0000190734863281,346892288
2026-03-09 01:00:00+00:00,1.0000698566436768,1.0001344680786133,0.9998573064804077,1.0000253915786743,73287680
2026-03-09 02:00:00+00:00,1.0000940561294556,1.000115990638733,0.9998997449874878,0.9999797940254211,0
2026-03-09 03:00:00+00:00,1.0001164674758911,1.0003020763397217,0.9998962879180908,1.00014066696167,385166848
2026-03-09 04:00:00+00:00,1.000070571899414,1.0001411437988281,0.9998707175254822,1.0000498294830322,42527744
2026-03-09 05:00:00+00:00,1.0001182556152344,1.000253438949585,0.9999327063560486,1.0000251531600952,617044480
2026-03-09 06:00:00+00:00,1.0000383853912354,1.0001882314682007,0.9997639656066895,1.0000780820846558,251024896
2026-03-09 07:00:00+00:00,1.0000578165054321,1.0001542568206787,0.9998765587806702,1.0000362396240234,144632320
2026-03-09 08:00:00+00:00,1.0001345872879028,1.0003257989883423,0.9998701214790344,0.9999269843101501,665016320
2026-03-09 09:00:00+00:00,0.9999703168869019,1.0002390146255493,0.9999046325683594,1.000139832496643,397087744
2026-03-09 10:00:00+00:00,1.000139832496643,1.00022554397583,0.9999150037765503,1.000120997428894,123709440
2026-03-09 11:00:00+00:00,1.0001251697540283,1.0001721382141113,0.9999112486839294,1.0000483989715576,78095360
2026-03-09 12:00:00+00:00,1.0000451803207397,1.000227928161621,0.9998738169670105,1.0001558065414429,53512192
2026-03-09 13:00:00+00:00,1.0001320838928223,1.0002923011779785,0.9998891353607178,1.0000653266906738,576839680
2026-03-09 14:00:00+00:00,1.0000697374343872,1.0002329349517822,0.9999352097511292,1.0000606775283813,970463232
2026-03-09 15:00:00+00:00,0.9999849200248718,1.0001698732376099,0.9998661875724792,1.0000120401382446,541516800
2026-03-09 16:00:00+00:00,0.999984085559845,1.0001347064971924,0.9998951554298401,1.000061273574829,377308160
2026-03-09 17:00:00+00:00,1.0000548362731934,1.0001492500305176,0.9998936653137207,0.9999863505363464,321581056
2026-03-09 18:00:00+00:00,0.9999704957008362,1.000211238861084,0.9998807907104492,1.0000261068344116,304559104
2026-03-09 19:00:00+00:00,1.0000241994857788,1.0002384185791016,0.9999356865882874,1.0000014305114746,546957312
2026-03-09 20:00:00+00:00,1.000041127204895,1.0003297328948975,0.999915599822998,1.0001274347305298,169720832
2026-03-09 21:00:00+00:00,0.9999825358390808,1.0004048347473145,0.9998841285705566,1.0001661777496338,224369664
2026-03-09 22:00:00+00:00,0.9998127222061157,1.0005302429199219,0.9998127222061157,1.0001280307769775,0
2026-03-09 23:00:00+00:00,0.9999516010284424,1.000366449356079,0.9998927712440491,1.0000211000442505,0
2026-03-10 00:00:00+00:00,1.0000877380371094,1.0003787279129028,0.9998905658721924,1.0003787279129028,0
2026-03-10 01:00:00+00:00,1.0000265836715698,1.0003372430801392,0.9998957514762878,1.0000061988830566,0
2026-03-10 02:00:00+00:00,1.0000675916671753,1.0003180503845215,0.9998388290405273,0.9999502301216125,192303104
2026-03-10 03:00:00+00:00,0.999875009059906,1.0003626346588135,0.9998368620872498,1.000012993812561,0
2026-03-10 04:00:00+00:00,1.000129222869873,1.0002230405807495,0.9998183846473694,0.9998719096183777,20891648
2026-03-10 05:00:00+00:00,0.9999703168869019,1.0002938508987427,0.9997663497924805,1.0000134706497192,0
2026-03-10 06:00:00+00:00,0.9999704957008362,1.0003361701965332,0.9998564124107361,1.0000056028366089,0
2026-03-10 07:00:00+00:00,1.0002405643463135,1.0003995895385742,0.999884307384491,0.9999894499778748,0
2026-03-10 08:00:00+00:00,0.9999050498008728,1.0002597570419312,0.9997822642326355,0.9999533295631409,0
2026-03-10 09:00:00+00:00,1.0000766515731812,1.0003749132156372,0.9999298453330994,1.0000361204147339,0
2026-03-10 10:00:00+00:00,1.0000123977661133,1.0002821683883667,0.9998417496681213,1.0000206232070923,49058816
2026-03-10 11:00:00+00:00,1.0000025033950806,1.0001888275146484,0.9998968243598938,0.9999467730522156,14593024
2026-03-10 12:00:00+00:00,0.9999070763587952,1.0003496408462524,0.9998483061790466,0.9999708533287048,26971136
2026-03-10 13:00:00+00:00,1.0000523328781128,1.0002670288085938,0.9998897910118103,0.9999346733093262,0
2026-03-10 14:00:00+00:00,1.0003163814544678,1.000420093536377,0.9999390244483948,1.000117301940918,124980224
2026-03-10 15:00:00+00:00,1.000022292137146,1.0002895593643188,0.9998663067817688,1.0001028776168823,642840576
2026-03-10 16:00:00+00:00,1.0001181364059448,1.000218152999878,0.9997773170471191,1.0000516176223755,630159360
2026-03-10 17:00:00+00:00,1.0000463724136353,1.0001298189163208,0.9999200701713562,1.0000580549240112,169300992
2026-03-10 18:00:00+00:00,0.9999823570251465,1.000146746635437,0.9998515844345093,1.0000317096710205,368167936
2026-03-10 19:00:00+00:00,0.999995768070221,1.0001744031906128,0.9998666048049927,1.0000011920928955,19245056
2026-03-10 20:00:00+00:00,1.0000550746917725,1.0001860857009888,0.9997708797454834,1.000082015991211,0
2026-03-10 21:00:00+00:00,1.0000628232955933,1.000281810760498,0.9998695254325867,0.9998784065246582,0
2026-03-10 22:00:00+00:00,1.0001426935195923,1.00017249584198,0.9998941421508789,0.9999130964279175,0
2026-03-10 23:00:00+00:00,1.0000325441360474,1.0001980066299438,0.9999033808708191,1.0000104904174805,0
2026-03-11 00:00:00+00:00,1.000011920928955,1.000152826309204,0.9998669624328613,0.9998752474784851,0
2026-03-11 01:00:00+00:00,1.0001121759414673,1.0001301765441895,0.9998395442962646,1.0000324249267578,27834368
2026-03-11 02:00:00+00:00,1.0000189542770386,1.0002063512802124,0.9998489022254944,1.0001258850097656,0
2026-03-11 03:00:00+00:00,0.9998863935470581,1.0002000331878662,0.9997859597206116,1.000063419342041,0
2026-03-11 04:00:00+00:00,0.9999625086784363,1.0002316236495972,0.9997249841690063,0.9999809861183167,0
2026-03-11 05:00:00+00:00,1.000180721282959,1.000220537185669,0.9997939467430115,1.0000990629196167,0
2026-03-11 06:00:00+00:00,0.9999743103981018,1.0002624988555908,0.9998693466186523,0.9999774694442749,7767040
2026-03-11 07:00:00+00:00,1.000162124633789,1.000224232673645,0.9998503923416138,1.0000317096710205,0
2026-03-11 08:00:00+00:00,0.9999128580093384,1.000219702720642,0.9998877048492432,0.9999576210975647,0
2026-03-11 09:00:00+00:00,1.0000009536743164,1.0002820491790771,0.9997863173484802,0.9999837279319763,0
2026-03-11 10:00:00+00:00,1.0000921487808228,1.0001860857009888,0.9998223185539246,1.0001860857009888,138394624
2026-03-11 11:00:00+00:00,1.0002480745315552,1.0002919435501099,0.9997562766075134,1.000204086303711,0
2026-03-11 12:00:00+00:00,0.9999009966850281,1.0002704858779907,0.9998399019241333,1.0001051425933838,179416064
2026-03-11 13:00:00+00:00,0.9999554753303528,1.0002776384353638,0.9998405575752258,1.0000133514404297,386769920
2026-03-11 14:00:00+00:00,1.0001024007797241,1.000293493270874,0.9998494982719421,1.0000414848327637,0
2026-03-11 15:00:00+00:00,0.9999446272850037,1.00019109249115,0.9998524188995361,1.000070571899414,0
2026-03-11 16:00:00+00:00,1.0000413656234741,1.0002310276031494,0.999840497970581,1.0000780820846558,0
2026-03-11 17:00:00+00:00,1.0000486373901367,1.0002635717391968,0.9999133348464966,1.000117540359497,134379520
2026-03-11 18:00:00+00:00,1.000045657157898,1.000235915184021,0.9999457597732544,1.000054121017456,0
2026-03-11 19:00:00+00:00,1.0001270771026611,1.000296711921692,0.9998838305473328,1.0002039670944214,0
2026-03-11 20:00:00+00:00,1.000060796737671,1.0002031326293945,0.9998737573623657,0.9999764561653137,117765120
2026-03-11 21:00:00+00:00,1.0001927614212036,1.000299096107483,0.9999921917915344,1.0000358819961548,0
2026-03-11 22:00:00+00:00,1.0001932382583618,1.0004299879074097,0.9997724890708923,1.0002204179763794,181538816
2026-03-11 23:00:00+00:00,1.000164270401001,1.0004594326019287,0.9997738003730774,1.0002233982086182,63457280
2026-03-12 00:00:00+00:00,1.0001628398895264,1.0003515481948853,0.9998987317085266,1.0000507831573486,0
2026-03-12 01:00:00+00:00,1.000033974647522,1.0001862049102783,0.9998791217803955,0.9999650120735168,85391360
2026-03-12 02:00:00+00:00,0.9999338388442993,1.0002295970916748,0.9998783469200134,1.0002058744430542,233170944
2026-03-12 03:00:00+00:00,1.0000932216644287,1.0002334117889404,0.9998498558998108,1.0000492334365845,0
2026-03-12 04:00:00+00:00,1.0000578165054321,1.0001200437545776,0.999889075756073,1.0000561475753784,32038912
2026-03-12 05:00:00+00:00,0.9999638199806213,1.0002328157424927,0.9998347759246826,0.999905526638031,0
2026-03-12 06:00:00+00:00,0.9999876618385315,1.0000823736190796,0.999737560749054,0.9999892711639404,0
2026-03-12 07:00:00+00:00,1.0000306367874146,1.0002284049987793,0.9998501539230347,1.0000158548355103,0
2026-03-12 08:00:00+00:00,1.0002027750015259,1.0004041194915771,0.999823272228241,1.0000085830688477,42747904
2026-03-12 09:00:00+00:00,1.0002230405807495,1.0002280473709106,0.9998779892921448,1.0000971555709839,26658816
2026-03-12 10:00:00+00:00,1.0001322031021118,1.0003156661987305,0.9997926354408264,1.0001200437545776,8685568
2026-03-12 11:00:00+00:00,0.999906599521637,1.0001791715621948,0.9997956156730652,1.000124216079712,198434816
2026-03-12 12:00:00+00:00,1.0001190900802612,1.0003138780593872,0.9999684691429138,1.0001822710037231,0
2026-03-12 13:00:00+00:00,1.0002882480621338,1.000308871269226,0.9998416900634766,0.9998416900634766,0
2026-03-12 14:00:00+00:00,1.0000452995300293,1.0002057552337646,0.9998794198036194,0.9999843835830688,61275136
2026-03-12 15:00:00+00:00,1.0000982284545898,1.0003496408462524,0.9997977018356323,1.0000571012496948,0
2026-03-12 16:00:00+00:00,0.9999632239341736,1.0002793073654175,0.9997729659080505,0.9999325275421143,407680000
2026-03-12 17:00:00+00:00,1.0000969171524048,1.0003929138183594,0.9998727440834045,1.0000544786453247,0
2026-03-12 18:00:00+00:00,1.00005304813385,1.0002094507217407,0.9997669458389282,1.000005841255188,275470336
2026-03-12 19:00:00+00:00,0.9999577403068542,1.0002716779708862,0.9999104738235474,1.0001270771026611,55327744
2026-03-12 20:00:00+00:00,1.000173568725586,1.0001988410949707,0.999878466129303,1.0000038146972656,0
2026-03-12 21:00:00+00:00,1.000074028968811,1.0002707242965698,0.9998691082000732,1.0001698732376099,0
2026-03-12 22:00:00+00:00,1.000078797340393,1.0003306865692139,0.9998582601547241,1.0001276731491089,0
2026-03-12 23:00:00+00:00,1.0001659393310547,1.0002033710479736,0.9997894763946533,0.9999321699142456,347023360
2026-03-13 00:00:00+00:00,1.0000358819961548,1.0002312660217285,0.9998145699501038,1.000070333480835,796666880
2026-03-13 01:00:00+00:00,0.9999784827232361,1.000220537185669,0.9998692870140076,0.9999269843101501,96270336
2026-03-13 02:00:00+00:00,0.9999459385871887,1.0000526905059814,0.9998461604118347,0.9999412298202515,0
2026-03-13 03:00:00+00:00,0.9999470114707947,1.0000263452529907,0.9997920393943787,0.9999301433563232,80305152
2026-03-13 04:00:00+00:00,0.9999630451202393,1.000054955482483,0.9998207688331604,0.9999644756317139,0
2026-03-13 05:00:00+00:00,0.9998701810836792,1.0000112056732178,0.9997480511665344,0.9999110102653503,84561920
2026-03-13 06:00:00+00:00,0.9997361302375793,1.0000615119934082,0.999724268913269,0.9998009204864502,116162560
2026-03-13 07:00:00+00:00,0.999889612197876,0.9999808669090271,0.9997239112854004,0.9999149441719055,0
2026-03-13 08:00:00+00:00,0.9998199343681335,1.0001031160354614,0.999659538269043,0.9998535513877869,533103616
2026-03-13 09:00:00+00:00,0.9999736547470093,1.0000706911087036,0.9997361898422241,0.9999547600746155,22752256
2026-03-13 10:00:00+00:00,0.9998926520347595,1.0000590085983276,0.9996997714042664,0.999839186668396,154307584
2026-03-13 11:00:00+00:00,0.9997736811637878,1.0000498294830322,0.999713659286499,0.9998977780342102,0
2026-03-13 12:00:00+00:00,0.9998581409454346,1.0002275705337524,0.9996179938316345,0.9998860955238342,352149504
2026-03-13 13:00:00+00:00,0.9999420642852783,1.0000799894332886,0.9995816946029663,0.9997466802597046,194124800
2026-03-13 14:00:00+00:00,0.999917209148407,1.000165343284607,0.9996886849403381,0.9997642040252686,1008241664
2026-03-13 15:00:00+00:00,0.9998922944068909,1.0000102519989014,0.9997038841247559,0.9998694658279419,773963776
2026-03-13 16:00:00+00:00,0.9999005794525146,1.0000401735305786,0.9997385740280151,0.9999316930770874,0
2026-03-13 17:00:00+00:00,0.9998424649238586,1.0000059604644775,0.9996501207351685,0.9998611211776733,208557056
2026-03-13 18:00:00+00:00,0.9998918771743774,1.0001697540283203,0.9997278451919556,0.9998435378074646,0
2026-03-13 19:00:00+00:00,0.9997662305831909,1.000026822090149,0.9995132684707642,0.999806821346283,0
2026-03-13 20:00:00+00:00,0.9999203681945801,1.0000410079956055,0.9995370507240295,0.9997867345809937,0
2026-03-13 21:00:00+00:00,0.999860405921936,1.0001121759414673,0.9993509650230408,0.9999616742134094,0
2026-03-13 22:00:00+00:00,0.9998834133148193,0.9999950528144836,0.9995327591896057,0.9999950528144836,115479552
2026-03-13 23:00:00+00:00,0.9998713135719299,1.0000989437103271,0.9995266795158386,0.9999844431877136,0
2026-03-14 00:00:00+00:00,0.9999408721923828,1.0000962018966675,0.9996943473815918,0.9998396039009094,0
2026-03-14 01:00:00+00:00,0.999947190284729,1.00020170211792,0.9996868371963501,0.9997548460960388,0
2026-03-14 02:00:00+00:00,0.9998306035995483,1.0000156164169312,0.9997015595436096,0.9999296069145203,0
2026-03-14 03:00:00+00:00,0.9997435212135315,0.9999935030937195,0.9996744990348816,0.999832272529602,0
2026-03-14 04:00:00+00:00,0.9999212622642517,1.000032901763916,0.9997298717498779,0.9998164772987366,0
2026-03-14 05:00:00+00:00,0.9998672008514404,1.000151515007019,0.9997525215148926,1.000151515007019,0
2026-03-14 06:00:00+00:00,1.0000778436660767,1.0002049207687378,0.9997369647026062,0.9999630451202393,3146752
2026-03-14 07:00:00+00:00,1.0001096725463867,1.0002230405807495,0.9998968839645386,1.000059962272644,0
2026-03-14 08:00:00+00:00,1.0000709295272827,1.0001537799835205,0.9998904466629028,1.0000239610671997,0
2026-03-14 09:00:00+00:00,0.9999988675117493,1.0002435445785522,0.9998501539230347,1.00004243850708,0
2026-03-14 10:00:00+00:00,0.99998939037323,1.0001535415649414,0.9998610019683838,0.999975323677063,0
2026-03-14 11:00:00+00:00,1.0000356435775757,1.0001333951950073,0.9999155402183533,1.0000745058059692,0
2026-03-14 12:00:00+00:00,1.0000791549682617,1.0001099109649658,0.9998863339424133,1.0001099109649658,0
2026-03-14 13:00:00+00:00,1.0000535249710083,1.0001392364501953,0.9999389052391052,1.0000547170639038,0
2026-03-14 14:00:00+00:00,0.9999161958694458,1.0001673698425293,0.9999161958694458,0.9999854564666748,0
2026-03-14 15:00:00+00:00,1.0001152753829956,1.0001152753829956,0.9998520612716675,0.9999240040779114,0
2026-03-14 16:00:00+00:00,0.9999556541442871,1.0000357627868652,0.9997856020927429,0.9998627305030823,0
2026-03-14 17:00:00+00:00,0.9998613595962524,1.0000137090682983,0.999652624130249,0.9998670220375061,0
2026-03-14 18:00:00+00:00,0.9998856782913208,1.0000072717666626,0.9998162984848022,0.9999735951423645,0
2026-03-14 19:00:00+00:00,0.9999318718910217,1.000026822090149,0.9997397065162659,0.9999690651893616,0
2026-03-14 20:00:00+00:00,0.9999244213104248,1.0000616312026978,0.9997560977935791,0.9999968409538269,0
2026-03-14 21:00:00+00:00,0.9999149441719055,1.0000522136688232,0.9997504353523254,0.9999596476554871,0
2026-03-14 22:00:00+00:00,0.9998874068260193,1.0000245571136475,0.9997470378875732,0.9999732971191406,0
2026-03-14 23:00:00+00:00,0.9999113082885742,1.000043272972107,0.9998012781143188,0.9998681545257568,86155008
2026-03-15 00:00:00+00:00,0.9998889565467834,1.000016689300537,0.999717652797699,0.9998908042907715,0
2026-03-15 01:00:00+00:00,0.99983811378479,1.0000340938568115,0.9996998906135559,0.9999136328697205,0
2026-03-15 02:00:00+00:00,0.9998104572296143,1.0000009536743164,0.9996578097343445,0.9999586343765259,178039296
2026-03-15 03:00:00+00:00,0.999939501285553,1.000056266784668,0.9998379349708557,0.9999240636825562,0
2026-03-15 04:00:00+00:00,0.9999576807022095,0.9999930262565613,0.9997677206993103,0.9998592734336853,0
2026-03-15 05:00:00+00:00,0.99996018409729,0.9999797940254211,0.9997730851173401,0.9998957514762878,49307136
2026-03-15 06:00:00+00:00,0.9999005794525146,0.9999988675117493,0.9997842907905579,0.9999139308929443,0
2026-03-15 07:00:00+00:00,0.9999083876609802,0.999977171421051,0.999794602394104,0.999804675579071,0
2026-03-15 08:00:00+00:00,0.9999157786369324,1.0000532865524292,0.9997126460075378,0.9998248815536499,8861184
2026-03-15 09:00:00+00:00,0.9998747706413269,1.0000197887420654,0.9997047781944275,0.9998503923416138,119216384
2026-03-15 10:00:00+00:00,0.9998424053192139,1.0000355243682861,0.9997187852859497,0.9999473094940186,0
2026-03-15 11:00:00+00:00,0.9998963475227356,1.0000156164169312,0.9997207522392273,0.9998196959495544,3566848
2026-03-15 12:00:00+00:00,0.9999502897262573,0.9999937415122986,0.9996713399887085,0.9998298287391663,129035008
2026-03-15 13:00:00+00:00,0.999809741973877,1.0000052452087402,0.9996888041496277,0.9998820424079895,419047936
2026-03-15 14:00:00+00:00,0.9999582171440125,1.0000033378601074,0.9996674060821533,0.9998121857643127,0
2026-03-15 15:00:00+00:00,0.9998065829277039,1.0000889301300049,0.999697744846344,1.0000146627426147,3434496
2026-03-15 16:00:00+00:00,0.9999353885650635,1.0000351667404175,0.9995920658111572,0.9999793171882629,68769280
2026-03-15 17:00:00+00:00,0.9999814033508301,1.0000128746032715,0.9997617602348328,0.999849796295166,69938176
2026-03-15 18:00:00+00:00,0.9999452233314514,1.0000159740447998,0.9997236728668213,0.9999029636383057,107147264
2026-03-15 19:00:00+00:00,0.9999130964279175,1.000100016593933,0.9997809529304504,0.9999206066131592,41893888
2026-03-15 20:00:00+00:00,0.999907910823822,1.0000200271606445,0.9997721910476685,0.9999477863311768,173007360
2026-03-15 21:00:00+00:00,0.9998478293418884,0.9999845623970032,0.9997301697731018,0.9998862147331238,129809408
2026-03-15 22:00:00+00:00,0.9999828338623047,1.0000786781311035,0.9997181296348572,0.9998934268951416,630774784
2026-03-15 23:00:00+00:00,0.9998427629470825,1.000031590461731,0.9997460842132568,0.9999383687973022,419277824
2026-03-16 00:00:00+00:00,1.0000336170196533,1.000035285949707,0.9997811913490295,0.9999514222145081,231406592
2026-03-16 01:00:00+00:00,0.9999087452888489,0.9999874830245972,0.9997838735580444,0.9999562501907349,153285632
2026-03-16 02:00:00+00:00,0.9999663233757019,1.0000340938568115,0.9997445344924927,0.9997445344924927,0
2026-03-16 03:00:00+00:00,0.9998823404312134,1.0000907182693481,0.9997045397758484,0.9999343752861023,1012270080
2026-03-16 04:00:00+00:00,0.9999551177024841,1.0000488758087158,0.9997004866600037,0.9999513626098633,632193024
2026-03-16 05:00:00+00:00,0.9999337196350098,1.0001194477081299,0.999688446521759,0.999748945236206,341769216
2026-03-16 06:00:00+00:00,1.0000559091567993,1.0000559091567993,0.9995526075363159,0.9998723864555359,213486592
2026-03-16 07:00:00+00:00,0.9998957514762878,0.9999984502792358,0.9996861219406128,0.9998729825019836,463296512
2026-03-16 08:00:00+00:00,0.9997483491897583,1.0000892877578735,0.9997417330741882,0.9998708963394165,559781888
2026-03-16 09:00:00+00:00,0.9998944997787476,1.000053882598877,0.9998096227645874,0.9998760223388672,291682304
2026-03-16 10:00:00+00:00,0.999988317489624,1.0000557899475098,0.999825656414032,0.9998494386672974,462884864
2026-03-16 11:00:00+00:00,0.9999389052391052,0.9999761581420898,0.9995880126953125,0.9999239444732666,356331520
2026-03-16 12:00:00+00:00,0.9999505281448364,0.9999669790267944,0.9993168711662292,0.9998952746391296,469180416
2026-03-16 13:00:00+00:00,0.9999383091926575,1.000107765197754,0.9996193647384644,0.9996765851974487,285582336
2026-03-16 14:00:00+00:00,0.9997342824935913,1.0001308917999268,0.9996716976165771,0.999849796295166,815840256
2026-03-16 15:00:00+00:00,0.9999454617500305,1.0001370906829834,0.9996910691261292,0.9999253749847412,621942784
2026-03-16 16:00:00+00:00,0.9997321367263794,1.0000108480453491,0.999699592590332,0.9998355507850647,439380992
2026-03-16 17:00:00+00:00,0.9998537302017212,0.9999922513961792,0.9997349381446838,0.9998242259025574,388060160
2026-03-16 18:00:00+00:00,0.99989914894104,1.000118613243103,0.999717652797699,0.9999173283576965,568176640
2026-03-16 19:00:00+00:00,0.999902069568634,1.0000414848327637,0.999783456325531,0.9999340176582336,379762688
2026-03-16 20:00:00+00:00,0.9997953772544861,1.0000841617584229,0.9997941255569458,0.9999995231628418,48508928
2026-03-16 21:00:00+00:00,1.0000042915344238,1.0000592470169067,0.9997777342796326,0.9998707175254822,396998656
2026-03-16 22:00:00+00:00,0.9998737573623657,1.0000284910202026,0.9997689127922058,0.9998569488525391,0
2026-03-16 23:00:00+00:00,0.9999067783355713,1.0000035762786865,0.9997261166572571,0.9999210834503174,0
2026-03-17 00:00:00+00:00,0.9999483823776245,1.000089406967163,0.9997897744178772,1.0000327825546265,401282048
2026-03-17 01:00:00+00:00,0.9998512268066406,1.0000450611114502,0.9997218251228333,0.9998295307159424,348136448
2026-03-17 02:00:00+00:00,0.999897301197052,0.9999884963035583,0.9996278285980225,0.9998960494995117,244117504
2026-03-17 03:00:00+00:00,0.9998384714126587,0.9999890923500061,0.9996597170829773,0.9997941851615906,0
2026-03-17 04:00:00+00:00,0.9997549057006836,0.9999927878379822,0.999634861946106,0.9998257756233215,8501248
2026-03-17 05:00:00+00:00,0.9997823238372803,1.0000053644180298,0.9997338652610779,0.9998276233673096,0
2026-03-17 06:00:00+00:00,0.9997961521148682,0.9999797344207764,0.9996972680091858,0.9998463988304138,0
2026-03-17 07:00:00+00:00,0.9997726082801819,0.999963641166687,0.9996801614761353,0.9999251961708069,0
2026-03-17 08:00:00+00:00,0.9998660683631897,1.0000743865966797,0.9995907545089722,0.9998548030853271,0
2026-03-17 09:00:00+00:00,0.9999619722366333,1.0000556707382202,0.9993711113929749,0.9999568462371826,0
2026-03-17 10:00:00+00:00,0.9998301267623901,0.9999682307243347,0.9996129274368286,0.9999446868896484,0
2026-03-17 11:00:00+00:00,0.9998174905776978,1.0000033378601074,0.9996445178985596,0.9998908042907715,0
2026-03-17 12:00:00+00:00,0.9998486638069153,0.999993622303009,0.999549388885498,0.9999005794525146,229575680
2026-03-17 13:00:00+00:00,0.9999236464500427,1.000088095664978,0.9997069835662842,0.9998984336853027,736256
2026-03-17 14:00:00+00:00,0.9997785091400146,1.000006079673767,0.9996659755706787,0.999889612197876,0
2026-03-17 15:00:00+00:00,0.9998824000358582,1.0000395774841309,0.9996735453605652,0.999976634979248,0
2026-03-17 16:00:00+00:00,0.999919593334198,1.0000232458114624,0.9996782541275024,0.9998844861984253,0
2026-03-17 17:00:00+00:00,0.9999210834503174,1.0000762939453125,0.9995271563529968,0.9999213218688965,0
2026-03-17 18:00:00+00:00,0.9998894929885864,1.000013828277588,0.9996010065078735,0.9999319314956665,0
2026-03-17 19:00:00+00:00,0.999940037727356,1.0000354051589966,0.9996860027313232,0.9998178482055664,0
2026-03-17 20:00:00+00:00,0.9996808171272278,1.000024437904358,0.9996307492256165,0.9998041987419128,0
2026-03-17 21:00:00+00:00,0.9997674822807312,1.000012993812561,0.999657154083252,0.9999593496322632,0
2026-03-17 22:00:00+00:00,0.9999405741691589,1.0001113414764404,0.9995807409286499,0.999817967414856,0
2026-03-17 23:00:00+00:00,0.9999001622200012,1.000191330909729,0.9996381998062134,1.0000442266464233,0
2026-03-18 00:00:00+00:00,1.0000032186508179,1.0000264644622803,0.9996309876441956,0.999923586845398,0
2026-03-18 01:00:00+00:00,0.9998179078102112,1.0000216960906982,0.9996820092201233,0.9999727606773376,0
2026-03-18 02:00:00+00:00,0.9998041987419128,0.9999969005584717,0.9996380805969238,0.9997109174728394,0
2026-03-18 03:00:00+00:00,0.9998365640640259,1.000070333480835,0.9995566606521606,0.9996650815010071,0
2026-03-18 04:00:00+00:00,0.9996296763420105,1.0000182390213013,0.9995758533477783,1.0000182390213013,0
2026-03-18 05:00:00+00:00,0.9999054670333862,0.9999931454658508,0.9996088147163391,0.9999616742134094,0
2026-03-18 06:00:00+00:00,0.9999580383300781,1.0000276565551758,0.9996500015258789,0.9997488856315613,0
2026-03-18 07:00:00+00:00,0.9997903108596802,0.9999743103981018,0.9996863603591919,0.9997935891151428,58376192
2026-03-18 08:00:00+00:00,0.9998832941055298,0.9999499320983887,0.9996468424797058,0.9998205900192261,0
2026-03-18 09:00:00+00:00,0.9998724460601807,0.9999681115150452,0.9997251629829407,0.9998175501823425,0
2026-03-18 10:00:00+00:00,0.9998399019241333,1.000016450881958,0.9996371865272522,0.9998307824134827,0
2026-03-18 11:00:00+00:00,0.9999088644981384,1.0001280307769775,0.9995966553688049,0.9997949004173279,335757312
2026-03-18 12:00:00+00:00,0.9998359084129333,0.9999874830245972,0.9995391368865967,0.9997726082801819,0
2026-03-18 13:00:00+00:00,0.9997536540031433,1.0000611543655396,0.9996587038040161,1.0000611543655396,0
2026-03-18 14:00:00+00:00,0.9998819828033447,1.0000238418579102,0.9996693730354309,0.9999224543571472,279122944
2026-03-18 15:00:00+00:00,0.9998340010643005,0.9999821186065674,0.9996662735939026,0.9998978972434998,228074496
2026-03-18 16:00:00+00:00,0.9998394250869751,0.9999638199806213,0.9996420741081238,0.9998366236686707,0
2026-03-18 17:00:00+00:00,0.9997570514678955,1.0000067949295044,0.9996991157531738,0.9999207854270935,231373824
2026-03-18 18:00:00+00:00,0.9998016357421875,1.0000215768814087,0.9996212124824524,0.9999895095825195,257390592
2026-03-18 19:00:00+00:00,0.9999933242797852,1.0000269412994385,0.9996253848075867,0.9998607635498047,0
2026-03-18 20:00:00+00:00,0.9998458027839661,0.9999958276748657,0.999630868434906,0.9998597502708435,411915264
2026-03-18 21:00:00+00:00,0.9999144077301025,0.9999740123748779,0.9997730255126953,0.9998945593833923,0
2026-03-18 22:00:00+00:00,0.9997484087944031,1.0001040697097778,0.9997484087944031,0.9999748468399048,125860864
2026-03-18 23:00:00+00:00,0.9999574422836304,1.0000205039978027,0.9998535513877869,0.9998781085014343,387072
2026-03-19 00:00:00+00:00,0.99990314245224,1.0000864267349243,0.9998230934143066,0.9999308586120605,0
2026-03-19 01:00:00+00:00,0.9999390244483948,1.0000253915786743,0.9997433423995972,0.9998413920402527,30557184
2026-03-19 02:00:00+00:00,0.9998428225517273,1.000084400177002,0.9996777772903442,0.9998741745948792,0
2026-03-19 03:00:00+00:00,0.9999599456787109,1.0000678300857544,0.9997751712799072,0.9998499155044556,145582080
2026-03-19 04:00:00+00:00,0.9999446272850037,1.0000633001327515,0.9997627139091492,0.9998894929885864,62736384
2026-03-19 05:00:00+00:00,1.0000072717666626,1.0000379085540771,0.9996925592422485,0.9999023079872131,0
2026-03-19 06:00:00+00:00,0.9996784329414368,0.9999533295631409,0.9996784329414368,0.9999016523361206,0
2026-03-19 07:00:00+00:00,0.9998309016227722,1.0000035762786865,0.9996978044509888,0.9997491836547852,594974720
2026-03-19 08:00:00+00:00,0.9999261498451233,1.0000768899917603,0.9997432231903076,0.9999246001243591,76932096
2026-03-19 09:00:00+00:00,0.9999268054962158,1.000032901763916,0.999792754650116,0.9999249577522278,334071808
2026-03-19 10:00:00+00:00,1.0000126361846924,1.0000126361846924,0.9997439384460449,0.9998522996902466,0
2026-03-19 11:00:00+00:00,0.9998438358306885,0.9999662637710571,0.9996499419212341,0.9997904300689697,0
2026-03-19 12:00:00+00:00,0.9998598694801331,0.9999998807907104,0.9997187852859497,0.99992835521698,0
2026-03-19 13:00:00+00:00,0.99986332654953,1.000030755996704,0.9996962547302246,0.9999726414680481,204733440
2026-03-19 14:00:00+00:00,0.9999842643737793,1.0001015663146973,0.9998452067375183,1.0000001192092896,0
2026-03-19 15:00:00+00:00,1.000019907951355,1.0002256631851196,0.9996009469032288,0.9999642968177795,0
2026-03-19 16:00:00+00:00,0.9998452663421631,1.0002601146697998,0.9998452663421631,1.0001404285430908,388137984
2026-03-19 17:00:00+00:00,1.0000431537628174,1.000171184539795,0.9998186826705933,0.999959409236908,0
2026-03-19 18:00:00+00:00,0.9999164938926697,1.000322937965393,0.9998410940170288,1.000322937965393,0
2026-03-19 19:00:00+00:00,1.0000865459442139,1.0002515316009521,0.999730110168457,1.0001736879348755,307746816
2026-03-19 20:00:00+00:00,1.0000667572021484,1.0002927780151367,0.9999142289161682,1.0001887083053589,0
2026-03-19 21:00:00+00:00,1.0001766681671143,1.0001766681671143,0.9998034834861755,1.0000065565109253,0
2026-03-19 22:00:00+00:00,1.0000524520874023,1.0002243518829346,0.9999140501022339,0.9999740719795227,0
2026-03-19 23:00:00+00:00,1.0000025033950806,1.0001667737960815,0.9998733401298523,1.000041127204895,3218432
2026-03-20 00:00:00+00:00,0.9999945759773254,1.0001331567764282,0.9998364448547363,1.0001044273376465,8576000
2026-03-20 01:00:00+00:00,0.9999341368675232,1.0001354217529297,0.9998782873153687,0.9999673366546631,0
2026-03-20 02:00:00+00:00,1.0000282526016235,1.0001345872879028,0.9999051690101624,1.000022292137146,48968704
2026-03-20 03:00:00+00:00,0.9999992847442627,1.0001120567321777,0.9998841881752014,1.0000959634780884,0
2026-03-20 04:00:00+00:00,1.0000454187393188,1.0001277923583984,0.9997660517692566,1.0000770092010498,1989632
2026-03-20 05:00:00+00:00,1.0000450611114502,1.0001369714736938,0.999922513961792,1.0000263452529907,3014656
2026-03-20 06:00:00+00:00,1.0000135898590088,1.0001130104064941,0.9999008774757385,0.9999880790710449,0
2026-03-20 07:00:00+00:00,1.000012993812561,1.0002514123916626,0.999792218208313,1.0000030994415283,0
2026-03-20 08:00:00+00:00,1.0000008344650269,1.0001400709152222,0.9998689293861389,0.9999856352806091,150091776
2026-03-20 09:00:00+00:00,1.000044822692871,1.0000993013381958,0.9998611211776733,0.999948263168335,0
2026-03-20 10:00:00+00:00,1.0000965595245361,1.0001908540725708,0.999859094619751,1.0000226497650146,0
2026-03-20 11:00:00+00:00,0.9999901056289673,1.0002082586288452,0.9998260140419006,1.0002082586288452,0
2026-03-20 12:00:00+00:00,1.0001267194747925,1.0003018379211426,0.9998252987861633,0.999955415725708,0
2026-03-20 13:00:00+00:00,1.0000439882278442,1.000299096107483,0.999710202217102,1.0000600814819336,0
2026-03-20 14:00:00+00:00,0.9999378323554993,1.0002340078353882,0.9998701214790344,1.0000914335250854,162823168
2026-03-20 15:00:00+00:00,0.9999396204948425,1.0002517700195312,0.9997955560684204,1.0000330209732056,169231360
2026-03-20 16:00:00+00:00,1.0002137422561646,1.000440001487732,0.9998326301574707,0.9999082088470459,0
2026-03-20 17:00:00+00:00,0.9999108910560608,1.0002985000610352,0.9996984004974365,0.9999271631240845,0
2026-03-20 18:00:00+00:00,0.9997795224189758,1.000226616859436,0.9996505975723267,0.9999109506607056,108800000
2026-03-20 19:00:00+00:00,0.9999414086341858,1.0002573728561401,0.9996866583824158,0.9999701976776123,0
2026-03-20 20:00:00+00:00,1.000008463859558,1.0003334283828735,0.9998281598091125,1.0000534057617188,120439808
2026-03-20 21:00:00+00:00,1.0000933408737183,1.0002973079681396,0.9998003244400024,0.9999019503593445,15330304
2026-03-20 22:00:00+00:00,0.9999924302101135,1.0002875328063965,0.9998809695243835,1.00007164478302,2064384
2026-03-20 23:00:00+00:00,1.0000112056732178,1.0004281997680664,0.999897301197052,1.000169038772583,1887232
2026-03-21 00:00:00+00:00,1.0002092123031616,1.0003087520599365,0.9999038577079773,1.000010371208191,0
2026-03-21 01:00:00+00:00,0.9999405145645142,1.0003352165222168,0.9998701810836792,1.0000125169754028,0
2026-03-21 02:00:00+00:00,1.000056266784668,1.0003091096878052,0.9999160170555115,0.9999852776527405,0
2026-03-21 03:00:00+00:00,0.9999743103981018,1.000229835510254,0.9999195337295532,1.0000885725021362,0
2026-03-21 04:00:00+00:00,1.0001412630081177,1.0002332925796509,0.9998931884765625,0.9999909996986389,0
2026-03-21 05:00:00+00:00,1.0000636577606201,1.0002849102020264,0.9999198317527771,1.0000255107879639,39577600
2026-03-21 06:00:00+00:00,1.0000181198120117,1.000246524810791,0.9998505115509033,0.9999574422836304,0
2026-03-21 07:00:00+00:00,1.0000646114349365,1.0001672506332397,0.9998504519462585,0.9999542832374573,0
2026-03-21 08:00:00+00:00,1.0001345872879028,1.000184178352356,0.9998431205749512,1.000045657157898,0
2026-03-21 09:00:00+00:00,1.0000845193862915,1.000159740447998,0.9998250007629395,0.9999468922615051,0
2026-03-21 10:00:00+00:00,0.9999173879623413,1.0002042055130005,0.999801754951477,1.0000790357589722,0
2026-03-21 11:00:00+00:00,1.0000823736190796,1.0000823736190796,0.9998607635498047,0.9999922513961792,0
2026-03-21 12:00:00+00:00,0.9999746680259705,0.9999802112579346,0.9998087286949158,0.9999802112579346,0
2026-03-21 13:00:00+00:00,0.9999454021453857,1.0000652074813843,0.9998643398284912,0.9999709725379944,0
2026-03-21 14:00:00+00:00,0.9999856948852539,1.000065565109253,0.9998106956481934,0.9998106956481934,0
2026-03-21 15:00:00+00:00,1.0000048875808716,1.0000916719436646,0.9998611807823181,0.9999921917915344,0
2026-03-21 16:00:00+00:00,0.9999276399612427,1.0001492500305176,0.9998728632926941,1.00003981590271,0
2026-03-21 17:00:00+00:00,1.0000381469726562,1.000152349472046,0.9998539686203003,0.9999592304229736,0
2026-03-21 18:00:00+00:00,1.0000094175338745,1.0000903606414795,0.9998980164527893,0.9999797344207764,0
2026-03-21 19:00:00+00:00,0.9999273419380188,1.0000882148742676,0.9998530149459839,0.9999691843986511,0
2026-03-21 20:00:00+00:00,1.0000253915786743,1.0001699924468994,0.9998946189880371,1.0001699924468994,0
2026-03-21 21:00:00+00:00,1.000086784362793,1.0001980066299438,0.999886155128479,1.0000741481781006,0
2026-03-21 22:00:00+00:00,1.00006103515625,1.0002026557922363,0.9999143481254578,1.0000602006912231,0
2026-03-21 23:00:00+00:00,1.0000641345977783,1.0001527070999146,0.9999171495437622,1.0000195503234863,315104000
2026-03-22 00:00:00+00:00,1.0000512599945068,1.000252366065979,0.9998860955238342,1.0000524520874023,694444288
2026-03-22 01:00:00+00:00,1.0001065731048584,1.0002541542053223,0.9998936057090759,1.0000383853912354,80644608
2026-03-22 02:00:00+00:00,1.0000046491622925,1.0003350973129272,0.9997327327728271,1.000068187713623,160919040
2026-03-22 03:00:00+00:00,0.9999288320541382,1.0002042055130005,0.9997544288635254,1.0000314712524414,168132608
2026-03-22 04:00:00+00:00,1.0000866651535034,1.0002143383026123,0.9998918771743774,0.9999716877937317,53211648
2026-03-22 05:00:00+00:00,1.0001444816589355,1.0002566576004028,0.999897301197052,0.999897301197052,57227776
2026-03-22 06:00:00+00:00,1.0000321865081787,1.0001788139343262,0.9998636841773987,0.9998927712440491,72775680
2026-03-22 07:00:00+00:00,0.9998928904533386,1.0000883340835571,0.999801516532898,0.99992835521698,126238720
2026-03-22 08:00:00+00:00,0.9999514818191528,1.0002450942993164,0.9998936057090759,1.0000956058502197,222653952
2026-03-22 09:00:00+00:00,1.0000603199005127,1.0002124309539795,0.9999330639839172,1.000130295753479,173142528
2026-03-22 10:00:00+00:00,1.0001089572906494,1.0002599954605103,0.9999058246612549,1.000031590461731,46319616
2026-03-22 11:00:00+00:00,1.000058889389038,1.000229001045227,0.9998703598976135,1.0000442266464233,185949696
2026-03-22 12:00:00+00:00,0.9999192953109741,1.0001716613769531,0.9999192953109741,1.0000946521759033,179131904
2026-03-22 13:00:00+00:00,1.0001171827316284,1.0002267360687256,0.9998667240142822,1.0000066757202148,172280832
2026-03-22 14:00:00+00:00,0.999940812587738,1.0001399517059326,0.9999057650566101,1.0001399517059326,8225792
2026-03-22 15:00:00+00:00,1.0000455379486084,1.0002442598342896,0.9999203681945801,1.0000345706939697,21910016
2026-03-22 16:00:00+00:00,1.0000362396240234,1.0002965927124023,0.9999141097068787,1.0001550912857056,0
2026-03-22 17:00:00+00:00,1.0000531673431396,1.0003321170806885,0.9998716711997986,1.0001320838928223,0
2026-03-22 18:00:00+00:00,1.0000675916671753,1.0002321004867554,0.9998056888580322,1.0000498294830322,77475328
2026-03-22 19:00:00+00:00,1.0000423192977905,1.0001659393310547,0.9999163150787354,1.0000191926956177,185568256
2026-03-22 20:00:00+00:00,1.0000261068344116,1.0002728700637817,0.9998550415039062,1.0000241994857788,75939328
2026-03-22 21:00:00+00:00,1.0000125169754028,1.0003039836883545,0.9998523592948914,1.000075101852417,543162880
2026-03-22 22:00:00+00:00,1.000030279159546,1.0002001523971558,0.9997899532318115,1.0000494718551636,393285120
2026-03-22 23:00:00+00:00,1.0002026557922363,1.0002026557922363,0.9997510313987732,0.9999515414237976,0
2026-03-23 00:00:00+00:00,0.9999890327453613,1.0002679824829102,0.9997944235801697,1.0001142024993896,24509440
2026-03-23 01:00:00+00:00,1.0000550746917725,1.0003572702407837,0.999506413936615,1.0000358819961548,80136704
2026-03-23 02:00:00+00:00,0.9998265504837036,1.0001245737075806,0.9997385740280151,0.9999906420707703,37811200
2026-03-23 03:00:00+00:00,0.9998524785041809,1.0003567934036255,0.9998034238815308,1.0000078678131104,186998272
2026-03-23 04:00:00+00:00,1.0000416040420532,1.0002950429916382,0.9998046159744263,0.9999796152114868,0
2026-03-23 05:00:00+00:00,1.0000228881835938,1.000563144683838,0.9999101161956787,1.0000436305999756,132022272
2026-03-23 06:00:00+00:00,0.9999389052391052,1.000376582145691,0.9998065829277039,0.9999794363975525,296410624
2026-03-23 07:00:00+00:00,0.9998732209205627,1.0002415180206299,0.9998340010643005,0.9999538660049438,300113920
2026-03-23 08:00:00+00:00,1.000037670135498,1.0001713037490845,0.9998120665550232,1.0000346899032593,87491584
2026-03-23 09:00:00+00:00,0.9999439120292664,1.0003221035003662,0.9998130202293396,0.999813437461853,67941376
2026-03-23 10:00:00+00:00,1.0002084970474243,1.0002326965332031,0.9996157884597778,0.9999106526374817,181032960
2026-03-23 11:00:00+00:00,0.9999738335609436,1.0004453659057617,0.9998319149017334,0.9998478889465332,2393996800
2026-03-23 12:00:00+00:00,1.0000133514404297,1.0003589391708374,0.9997978806495667,1.000320553779602,662064128
2026-03-23 13:00:00+00:00,1.0000063180923462,1.0003976821899414,0.9997501373291016,1.0001391172409058,638875648
2026-03-23 14:00:00+00:00,1.0000767707824707,1.0004003047943115,0.9998636245727539,1.0003232955932617,808436736
2026-03-23 15:00:00+00:00,1.0001006126403809,1.00032639503479,0.9999231696128845,0.9999368786811829,739886080
2026-03-23 16:00:00+00:00,0.9999496936798096,1.000398874282837,0.999811589717865,1.000333309173584,856961024
2026-03-23 17:00:00+00:00,1.0002521276474,1.00041925907135,0.9998716115951538,1.0000652074813843,654007296
2026-03-23 18:00:00+00:00,1.0000059604644775,1.000260353088379,0.9998884797096252,1.0002084970474243,191041536
2026-03-23 19:00:00+00:00,0.9999210238456726,1.0002738237380981,0.9996709823608398,0.9998619556427002,26083328
2026-03-23 20:00:00+00:00,1.000031590461731,1.0002857446670532,0.9997856616973877,1.0000156164169312,305171456
2026-03-23 21:00:00+00:00,0.9999741911888123,1.000296950340271,0.9998853802680969,1.0000845193862915,0
2026-03-23 22:00:00+00:00,0.9999885559082031,1.0002706050872803,0.9998521208763123,1.0001190900802612,0
2026-03-23 23:00:00+00:00,1.0000497102737427,1.0002620220184326,0.9998526573181152,1.0001060962677002,2316288
2026-03-24 00:00:00+00:00,1.000045657157898,1.0004984140396118,0.9998388290405273,1.0001734495162964,0
2026-03-24 01:00:00+00:00,0.9998778104782104,1.00040602684021,0.9998575448989868,1.000030755996704,0
2026-03-24 02:00:00+00:00,1.0001118183135986,1.0002204179763794,0.9995500445365906,0.9999467134475708,26270720
2026-03-24 03:00:00+00:00,1.0000945329666138,1.0002351999282837,0.9998372793197632,1.0000016689300537,0
2026-03-24 04:00:00+00:00,0.999995768070221,1.0001325607299805,0.9997450113296509,0.9998909831047058,116616192
2026-03-24 05:00:00+00:00,0.9998996257781982,1.0002169609069824,0.9997761249542236,0.9999865889549255,33487872
2026-03-24 06:00:00+00:00,0.9999703764915466,1.0001481771469116,0.9997917413711548,0.9998815655708313,0
2026-03-24 07:00:00+00:00,0.9999153017997742,1.0001490116119385,0.9997751116752625,0.9999803900718689,35020800
2026-03-24 08:00:00+00:00,1.0000134706497192,1.0003138780593872,0.999862551689148,1.0000958442687988,75730944
2026-03-24 09:00:00+00:00,1.0000278949737549,1.0002245903015137,0.9996976256370544,0.9999580979347229,77766656
2026-03-24 10:00:00+00:00,0.9999949932098389,1.000189185142517,0.9997530579566956,1.000189185142517,0
2026-03-24 11:00:00+00:00,1.000098705291748,1.0001932382583618,0.9998701214790344,0.9999986886978149,0
2026-03-24 12:00:00+00:00,1.0000563859939575,1.0001567602157593,0.9998065233230591,0.9999482035636902,0
2026-03-24 13:00:00+00:00,0.9999632239341736,1.0002052783966064,0.999774694442749,1.0000418424606323,0
2026-03-24 14:00:00+00:00,1.0000141859054565,1.0002140998840332,0.9998517632484436,1.000083088874817,279801856
2026-03-24 15:00:00+00:00,0.9999155402183533,1.0002415180206299,0.9998451471328735,0.999891459941864,0
2026-03-24 16:00:00+00:00,0.9999249577522278,1.0001413822174072,0.9998098015785217,0.999993085861206,0
2026-03-24 17:00:00+00:00,1.000001311302185,1.0001920461654663,0.9998300671577454,0.9999952912330627,100784128
2026-03-24 18:00:00+00:00,0.9997923970222473,1.0001695156097412,0.999691367149353,0.9998636245727539,0
2026-03-24 19:00:00+00:00,0.9998314380645752,1.0002361536026,0.999829888343811,0.9999547600746155,98856960
2026-03-24 20:00:00+00:00,0.9998911023139954,1.0002214908599854,0.9998323321342468,0.99998939037323,291224576
2026-03-24 21:00:00+00:00,0.9999004006385803,1.0002005100250244,0.9997612833976746,1.0001016855239868,164924416
2026-03-24 22:00:00+00:00,1.0001169443130493,1.0002697706222534,0.9997493624687195,1.000046730041504,1022976
2026-03-24 23:00:00+00:00,0.999907910823822,1.000259518623352,0.9998030066490173,1.0000380277633667,61000704
2026-03-25 00:00:00+00:00,0.9999215602874756,1.0002094507217407,0.9997797012329102,1.0000029802322388,0
2026-03-25 01:00:00+00:00,1.000036358833313,1.0002318620681763,0.9998267889022827,0.9998546838760376,0
2026-03-25 02:00:00+00:00,0.9998363256454468,1.0001780986785889,0.9997606873512268,0.9999015927314758,0
2026-03-25 03:00:00+00:00,0.9999210238456726,1.0001345872879028,0.99978107213974,0.999882698059082,0
2026-03-25 04:00:00+00:00,0.9999110698699951,1.0001559257507324,0.9997925758361816,0.9998998045921326,32333824
2026-03-25 05:00:00+00:00,0.9999539852142334,1.000131607055664,0.9998212456703186,1.0000041723251343,74655744
2026-03-25 06:00:00+00:00,1.0000438690185547,1.000108003616333,0.9998255372047424,0.9999125003814697,111763456
2026-03-25 07:00:00+00:00,0.9998590350151062,1.000152826309204,0.9997226595878601,1.0000730752944946,0
2026-03-25 08:00:00+00:00,0.9998453259468079,1.000138759613037,0.9997345805168152,0.9999264478683472,183335936
2026-03-25 09:00:00+00:00,0.9998950362205505,1.0001368522644043,0.9996614456176758,1.0000301599502563,41998336
2026-03-25 10:00:00+00:00,0.9998616576194763,0.9999917149543762,0.999605655670166,0.9998068809509277,135368704
2026-03-25 11:00:00+00:00,0.999840259552002,1.0001342296600342,0.9997216463088989,0.999826192855835,88088576
2026-03-25 12:00:00+00:00,1.0000903606414795,1.0005906820297241,0.9995747804641724,0.9998276829719543,223881216
2026-03-25 13:00:00+00:00,0.9997619390487671,0.9999967217445374,0.9995128512382507,0.9996470212936401,0
2026-03-25 14:00:00+00:00,0.9999271035194397,1.0001450777053833,0.9993348717689514,0.9997377991676331,0
2026-03-25 15:00:00+00:00,0.9996119737625122,1.000026822090149,0.9993391633033752,0.999769926071167,0
2026-03-25 16:00:00+00:00,0.9997217655181885,1.000061273574829,0.9996389746665955,0.999937891960144,15969280
2026-03-25 17:00:00+00:00,0.9997918009757996,1.0002926588058472,0.9994041323661804,0.9997578263282776,0
2026-03-25 18:00:00+00:00,0.9997937679290771,1.0001769065856934,0.9995195269584656,0.9998254776000977,0
2026-03-25 19:00:00+00:00,0.999836266040802,1.0002827644348145,0.9993003606796265,0.9998050928115845,0
2026-03-25 20:00:00+00:00,0.9998032450675964,0.9999637603759766,0.9995191097259521,0.9997544288635254,0
2026-03-25 21:00:00+00:00,0.9999419450759888,1.0002529621124268,0.999484121799469,0.9997850656509399,0
2026-03-25 22:00:00+00:00,0.9997970461845398,1.0003196001052856,0.9996631145477295,0.9998831748962402,52475904
2026-03-25 23:00:00+00:00,0.9998293519020081,0.9999422430992126,0.9996702671051025,0.9998538494110107,0
2026-03-26 00:00:00+00:00,0.9998274445533752,0.9999672174453735,0.9997392892837524,0.999965250492096,20164608
2026-03-26 01:00:00+00:00,0.9999258518218994,0.9999741911888123,0.9997835755348206,0.9999286532402039,0
2026-03-26 02:00:00+00:00,0.9998485445976257,0.9999764561653137,0.9997561573982239,0.9998621940612793,40390656
2026-03-26 03:00:00+00:00,0.9999133348464966,1.0000299215316772,0.9997419118881226,0.99991774559021,154328064
2026-03-26 04:00:00+00:00,0.9999012351036072,0.9999855160713196,0.9997531175613403,0.9998935461044312,0
2026-03-26 05:00:00+00:00,0.9998489022254944,0.9999679923057556,0.9997735619544983,0.999890148639679,108057600
2026-03-26 06:00:00+00:00,0.9998594522476196,1.0000022649765015,0.9996580481529236,0.9997985363006592,16198656
2026-03-26 07:00:00+00:00,0.9999042749404907,1.0000123977661133,0.9997458457946777,0.9998430609703064,9330688
2026-03-26 08:00:00+00:00,0.9998288154602051,1.0000592470169067,0.999546229839325,0.9998746514320374,0
2026-03-26 09:00:00+00:00,0.9998141527175903,0.9999521374702454,0.9997280240058899,0.9998424649238586,219459584
2026-03-26 10:00:00+00:00,0.999872624874115,1.0001084804534912,0.9997521638870239,1.0001084804534912,0
2026-03-26 11:00:00+00:00,1.000027060508728,1.0000866651535034,0.9997384548187256,0.9999189972877502,0
2026-03-26 12:00:00+00:00,0.9999546408653259,1.0000299215316772,0.9998368620872498,0.9999513030052185,0
2026-03-26 13:00:00+00:00,1.0000524520874023,1.000076413154602,0.9997974634170532,0.9998453259468079,229501952
2026-03-26 14:00:00+00:00,0.9998878240585327,1.0001099109649658,0.9997165203094482,0.9999645948410034,98476032
2026-03-26 15:00:00+00:00,0.9998376965522766,1.0001851320266724,0.9997091889381409,0.9999033212661743,6765568
2026-03-26 16:00:00+00:00,0.9999642968177795,1.0001522302627563,0.9997389316558838,0.9999769330024719,0
2026-03-26 17:00:00+00:00,0.9998022317886353,1.0001457929611206,0.999538242816925,0.9996773600578308,0
2026-03-26 18:00:00+00:00,0.9998651146888733,1.0001393556594849,0.9995408058166504,0.9997848868370056,353221632
2026-03-26 19:00:00+00:00,0.9997508525848389,1.000213384628296,0.9996278882026672,0.9997702836990356,94561280
2026-03-26 20:00:00+00:00,0.9996901154518127,1.0001752376556396,0.9995507597923279,0.9999633431434631,355284992
2026-03-26 21:00:00+00:00,0.9997156858444214,1.0001299381256104,0.9996567368507385,1.0001299381256104,72722432
2026-03-26 22:00:00+00:00,0.9997950792312622,1.0001790523529053,0.9996912479400635,0.9998375773429871,0
2026-03-26 23:00:00+00:00,0.9999040961265564,1.0001652240753174,0.9996903538703918,0.9998468160629272,28314624
2026-03-27 00:00:00+00:00,0.99983811378479,1.000182032585144,0.9996408224105835,0.9997316002845764,0
2026-03-27 01:00:00+00:00,0.9997057318687439,1.0001457929611206,0.9996273517608643,0.9998801946640015,0
2026-03-27 02:00:00+00:00,0.999888002872467,1.0002517700195312,0.9996740818023682,0.9999068975448608,0
2026-03-27 03:00:00+00:00,0.9996988773345947,1.000131368637085,0.9996988773345947,0.9998330473899841,0
2026-03-27 04:00:00+00:00,0.9998401403427124,1.0002413988113403,0.9995847940444946,0.9995847940444946,254285824
2026-03-27 05:00:00+00:00,0.9997020959854126,1.0001035928726196,0.9995166063308716,0.999960720539093,0
2026-03-27 06:00:00+00:00,0.999836802482605,1.0000993013381958,0.9997010827064514,0.9997010827064514,0
2026-03-27 07:00:00+00:00,0.9998049736022949,1.0000832080841064,0.999617874622345,0.9997401237487793,104280064
2026-03-27 08:00:00+00:00,0.9998703598976135,1.000199317932129,0.9996120929718018,0.9997189044952393,347393024
2026-03-27 09:00:00+00:00,0.9999489188194275,1.0001981258392334,0.9996743202209473,0.9997058510780334,0
2026-03-27 10:00:00+00:00,0.9998043775558472,1.0001953840255737,0.9996996521949768,1.0000693798065186,332207104
2026-03-27 11:00:00+00:00,0.9999337196350098,1.000110149383545,0.999727725982666,0.9998929500579834,243185664
2026-03-27 12:00:00+00:00,0.9998337030410767,0.9999894499778748,0.9995476603507996,0.9997654557228088,261294080
2026-03-27 13:00:00+00:00,0.99980229139328,0.9999212026596069,0.9996196031570435,0.9997422099113464,0
2026-03-27 14:00:00+00:00,0.9997293949127197,0.9999294877052307,0.9995849132537842,0.9998350739479065,108565504
2026-03-27 15:00:00+00:00,0.9998217821121216,0.9999223947525024,0.999599039554596,0.9997770190238953,213332992
2026-03-27 16:00:00+00:00,0.9998539090156555,0.9999709725379944,0.9997368454933167,0.9999086856842041,0
2026-03-27 17:00:00+00:00,0.9998307228088379,1.0000032186508179,0.9996538162231445,0.9997782111167908,200038400
2026-03-27 18:00:00+00:00,0.9998835325241089,1.0001221895217896,0.9997116923332214,0.9999831914901733,48727040
2026-03-27 19:00:00+00:00,0.9998889565467834,1.0001463890075684,0.9995277523994446,0.9998870491981506,0
2026-03-27 20:00:00+00:00,0.9996805787086487,1.000130534172058,0.9996598958969116,0.9998598694801331,0
2026-03-27 21:00:00+00:00,0.9997687339782715,1.0001401901245117,0.9996484518051147,0.999884843826294,42905600
2026-03-27 22:00:00+00:00,0.999773383140564,1.000088095664978,0.9996352791786194,0.9999216794967651,0
2026-03-27 23:00:00+00:00,0.9996649026870728,1.0001318454742432,0.9996179342269897,1.0000040531158447,53394432
2026-03-28 00:00:00+00:00,1.0000016689300537,1.0001879930496216,0.9996448159217834,0.9998140931129456,16022528
2026-03-28 01:00:00+00:00,0.9997599124908447,1.0000724792480469,0.9996901750564575,0.9998328685760498,11878400
2026-03-28 02:00:00+00:00,0.9998464584350586,1.0000836849212646,0.999650239944458,0.9998847842216492,0
2026-03-28 03:00:00+00:00,0.9999618530273438,1.000162959098816,0.9997779130935669,0.9998832941055298,0
2026-03-28 04:00:00+00:00,0.9999994039535522,1.0001522302627563,0.9996560215950012,0.999656617641449,0
2026-03-28 05:00:00+00:00,1.0000156164169312,1.0000501871109009,0.9996553659439087,0.9998329877853394,0
2026-03-28 06:00:00+00:00,0.9997577667236328,1.0001140832901,0.9996670484542847,0.9998205900192261,0
2026-03-28 07:00:00+00:00,0.9998533129692078,1.0001095533370972,0.9996827840805054,0.9997828006744385,0
2026-03-28 08:00:00+00:00,0.9997619986534119,1.0000274181365967,0.9996462464332581,0.9997532367706299,0
2026-03-28 09:00:00+00:00,0.999765932559967,1.0001287460327148,0.9997431635856628,0.999846339225769,0
2026-03-28 10:00:00+00:00,0.9998005628585815,1.0001676082611084,0.9996007084846497,0.9999261498451233,0
2026-03-28 11:00:00+00:00,0.9998118877410889,1.0002447366714478,0.999702513217926,0.9999427199363708,0
2026-03-28 12:00:00+00:00,0.9999885559082031,1.000220537185669,0.9996811747550964,0.9998065233230591,0
2026-03-28 13:00:00+00:00,0.9998378753662109,1.0001239776611328,0.9997164011001587,0.999833881855011,0
2026-03-28 14:00:00+00:00,1.0000442266464233,1.0001085996627808,0.9996398091316223,0.9999355673789978,0
2026-03-28 15:00:00+00:00,1.0000190734863281,1.000198245048523,0.9997239112854004,0.9999468922615051,0
2026-03-28 16:00:00+00:00,0.9997671246528625,1.0000947713851929,0.9997031092643738,0.9997848868370056,0
2026-03-28 17:00:00+00:00,0.9997236728668213,1.0000989437103271,0.9996325373649597,0.9998288750648499,0
2026-03-28 18:00:00+00:00,0.9998148083686829,0.9999521970748901,0.9996618628501892,0.9998220801353455,0
2026-03-28 19:00:00+00:00,0.9997573494911194,0.9999646544456482,0.9996643662452698,0.9997797608375549,0
2026-03-28 20:00:00+00:00,0.9997130632400513,1.0003000497817993,0.999701976776123,1.0000072717666626,0
2026-03-28 21:00:00+00:00,0.999746561050415,1.0001769065856934,0.9996581673622131,0.9999021291732788,0
2026-03-28 22:00:00+00:00,0.9997498989105225,1.0000743865966797,0.9996298551559448,0.9996825456619263,0
2026-03-28 23:00:00+00:00,0.9997613430023193,1.000048041343689,0.9995653629302979,0.9997247457504272,0
2026-03-29 00:00:00+00:00,0.9998224377632141,1.0001616477966309,0.9996501207351685,0.9998520612716675,30102528
2026-03-29 01:00:00+00:00,1.000009298324585,1.000232219696045,0.9995734691619873,0.9998013377189636,0
2026-03-29 02:00:00+00:00,0.9997219443321228,1.000061273574829,0.9996365308761597,0.9997907876968384,0
2026-03-29 03:00:00+00:00,0.9998143315315247,1.0000344514846802,0.9994627833366394,0.9996823072433472,37978624
2026-03-29 04:00:00+00:00,0.9997079372406006,1.000132441520691,0.9996263980865479,0.9998623132705688,0
2026-03-29 05:00:00+00:00,0.9997870326042175,1.0004351139068604,0.9996285438537598,0.9997064471244812,748544
2026-03-29 06:00:00+00:00,0.999735951423645,1.0001697540283203,0.9995560646057129,0.9998193383216858,0
2026-03-29 07:00:00+00:00,0.9998509287834167,1.000182032585144,0.9996716976165771,1.00008225440979,44060160
2026-03-29 08:00:00+00:00,0.9997225403785706,1.000138759613037,0.9996495246887207,0.9997836947441101,0
2026-03-29 09:00:00+00:00,0.9997743964195251,0.9999873638153076,0.9996683597564697,0.9997801184654236,21994496
2026-03-29 10:00:00+00:00,0.9997596144676208,1.0001070499420166,0.9995788931846619,0.9997646808624268,15289856
2026-03-29 11:00:00+00:00,0.9998348951339722,1.0001068115234375,0.9995865821838379,0.9997903108596802,51258368
2026-03-29 12:00:00+00:00,0.9997774958610535,1.0000582933425903,0.9996692538261414,0.9997729063034058,3947008
2026-03-29 13:00:00+00:00,0.9996331334114075,1.0000922679901123,0.9996331334114075,0.9997221231460571,0
2026-03-29 14:00:00+00:00,0.9997603297233582,1.0000888109207153,0.9995700120925903,0.9999958276748657,0
2026-03-29 15:00:00+00:00,0.9998041391372681,1.000043272972107,0.9996451735496521,0.9998261332511902,0
2026-03-29 16:00:00+00:00,0.9997902512550354,0.9999755620956421,0.9995570182800293,0.9997149705886841,1252096
2026-03-29 17:00:00+00:00,0.9997270703315735,1.0001085996627808,0.9995774030685425,0.999728798866272,0
2026-03-29 18:00:00+00:00,0.9997314214706421,1.000060796737671,0.9995599985122681,0.9997032880783081,0
2026-03-29 19:00:00+00:00,0.9997126460075378,0.999924898147583,0.9996224641799927,0.9997578263282776,1190656
2026-03-29 20:00:00+00:00,0.9997254610061646,1.0000548362731934,0.9995497465133667,0.9997987151145935,25034240
2026-03-29 21:00:00+00:00,0.9998781085014343,1.0000169277191162,0.999623715877533,0.9997515082359314,0
2026-03-29 22:00:00+00:00,0.9996630549430847,1.0001479387283325,0.9996630549430847,0.9996758103370667,645813760
2026-03-29 23:00:00+00:00,0.9996534585952759,1.000148057937622,0.9995695948600769,0.9999889731407166,343946240
2026-03-30 00:00:00+00:00,0.999943733215332,1.000477910041809,0.9996374249458313,1.0000332593917847,429297152
2026-03-30 01:00:00+00:00,0.9998663067817688,1.0001908540725708,0.9996004700660706,0.99965900182724,150780416
2026-03-30 02:00:00+00:00,0.9996978640556335,1.0002025365829468,0.999457836151123,0.9997334480285645,298248704
2026-03-30 03:00:00+00:00,0.9995838403701782,1.0000325441360474,0.9995322227478027,0.999919593334198,221429248
2026-03-30 04:00:00+00:00,0.9996904134750366,1.000502109527588,0.9995579719543457,0.9997392892837524,381323776
2026-03-30 05:00:00+00:00,0.9997754693031311,1.0005007982254028,0.999555766582489,0.9998031258583069,285055488
2026-03-30 06:00:00+00:00,0.9998761415481567,0.9999884963035583,0.9995360970497131,0.999808132648468,216366592
2026-03-30 07:00:00+00:00,0.9997243881225586,1.000067949295044,0.9994127750396729,0.999735951423645,212912640
2026-03-30 08:00:00+00:00,0.9997610449790955,1.0000851154327393,0.9995946884155273,0.9998553991317749,344106496
2026-03-30 09:00:00+00:00,0.9997368454933167,0.9999781847000122,0.9996323585510254,0.9999070167541504,342346752
2026-03-30 10:00:00+00:00,0.9999070167541504,1.0000617504119873,0.999671459197998,0.9997643828392029,103880704
2026-03-30 11:00:00+00:00,0.9997730255126953,1.00021493434906,0.9996979236602783,0.9999477863311768,303965184
2026-03-30 12:00:00+00:00,1.0001230239868164,1.0001230239868164,0.999614417552948,0.9999200105667114,243464192
2026-03-30 13:00:00+00:00,0.9999262094497681,1.0001238584518433,0.9995831251144409,0.9997292757034302,486991360
2026-03-30 14:00:00+00:00,0.9998587369918823,0.9998921751976013,0.999606728553772,0.9997266530990601,703242240
2026-03-30 15:00:00+00:00,0.9998160004615784,0.9999603033065796,0.9996707439422607,0.9997766017913818,292146176
2026-03-30 16:00:00+00:00,0.9998174905776978,0.9999700784683228,0.9996618628501892,0.9997774362564087,311233536
2026-03-30 17:00:00+00:00,0.9998785257339478,0.9999583959579468,0.9995696544647217,0.9996434450149536,349271040
2026-03-30 18:00:00+00:00,0.9996705055236816,0.9999642968177795,0.9995195865631104,0.99983149766922,230226944
2026-03-30 19:00:00+00:00,0.9998183846473694,0.9999870657920837,0.9993840456008911,0.9993840456008911,227380224
2026-03-30 20:00:00+00:00,0.9999239444732666,0.9999239444732666,0.9994768500328064,0.9998160600662231,97753088
2026-03-30 21:00:00+00:00,0.9996005892753601,0.9999862313270569,0.9994052052497864,0.9997466802597046,196241408
2026-03-30 22:00:00+00:00,0.9996895790100098,0.9999920129776001,0.9996071457862854,0.9997804760932922,0
2026-03-30 23:00:00+00:00,0.9997524619102478,0.9999560117721558,0.9995167851448059,0.9997010231018066,0
2026-03-31 00:00:00+00:00,1.0000975131988525,1.0000975131988525,0.9994686841964722,0.9995914697647095,0
2026-03-31 01:00:00+00:00,0.9999141097068787,1.0000847578048706,0.9993757605552673,0.99974524974823,273780736
2026-03-31 02:00:00+00:00,0.9997678995132446,1.0001425743103027,0.9994137287139893,0.9997979402542114,0
2026-03-31 03:00:00+00:00,0.9997454881668091,0.9999043345451355,0.9995587468147278,0.9997290968894958,0
2026-03-31 04:00:00+00:00,0.9997837543487549,0.999866247177124,0.999236524105072,0.9997361898422241,0
2026-03-31 05:00:00+00:00,0.9995787739753723,1.0000135898590088,0.9995164275169373,0.9997634887695312,0
2026-03-31 06:00:00+00:00,0.9998570680618286,0.9998905658721924,0.9994133710861206,0.9998471736907959,0
2026-03-31 07:00:00+00:00,0.9997559189796448,0.9999490976333618,0.9994672536849976,0.9997686743736267,102815744
2026-03-31 08:00:00+00:00,0.9996844530105591,0.9999599456787109,0.9995480179786682,0.9998468160629272,31806464
2026-03-31 09:00:00+00:00,0.999622106552124,0.9999128580093384,0.9995656609535217,0.9998769164085388,89438208
2026-03-31 10:00:00+00:00,0.9996159076690674,0.9999766945838928,0.9995248913764954,0.9997104406356812,46931968
2026-03-31 11:00:00+00:00,0.9997456073760986,1.0000255107879639,0.9995286464691162,0.9997125267982483,167947264
2026-03-31 12:00:00+00:00,0.9997431635856628,0.9999154806137085,0.9995566606521606,0.9998655319213867,324457472
2026-03-31 13:00:00+00:00,0.9998079538345337,0.9999986290931702,0.9996087551116943,0.9996706247329712,0
2026-03-31 14:00:00+00:00,0.9998278021812439,1.0000916719436646,0.9996136426925659,0.9996162056922913,0
2026-03-31 15:00:00+00:00,0.9998077750205994,1.0000940561294556,0.9995933175086975,0.9998406767845154,263587840
2026-03-31 16:00:00+00:00,0.9997325539588928,0.999899685382843,0.9993941187858582,0.9997086524963379,387664896
2026-03-31 17:00:00+00:00,0.9998229742050171,1.0001025199890137,0.9994388818740845,0.999851644039154,480652288
2026-03-31 18:00:00+00:00,0.9996835589408875,1.0000523328781128,0.9994838237762451,0.9998641610145569,268721152
2026-03-31 19:00:00+00:00,0.9998108744621277,1.0000689029693604,0.9995454549789429,0.9997649192810059,83340288
2026-03-31 20:00:00+00:00,0.9998044371604919,0.9998745322227478,0.9994890093803406,0.9996139407157898,4155392
2026-03-31 21:00:00+00:00,0.9996497631072998,1.0000008344650269,0.9995003342628479,0.9997804164886475,0
2026-03-31 22:00:00+00:00,0.9996752738952637,0.9999022483825684,0.9995695948600769,0.9995695948600769,59853824
2026-03-31 23:00:00+00:00,0.9996217489242554,0.9999787211418152,0.9994178414344788,0.9996641874313354,1209344
2026-04-01 00:00:00+00:00,0.9997060298919678,0.999970555305481,0.9995239973068237,0.999533474445343,0
2026-04-01 01:00:00+00:00,0.9996498823165894,0.9999657869338989,0.9994025826454163,0.9996411800384521,0
2026-04-01 02:00:00+00:00,0.9996502995491028,1.0000388622283936,0.9994366765022278,0.9997568726539612,42569728
2026-04-01 03:00:00+00:00,0.9997893571853638,0.9998967051506042,0.9995367527008057,0.9997549057006836,10646528
2026-04-01 04:00:00+00:00,0.9997384548187256,0.9999339580535889,0.9995766282081604,0.9998061060905457,240079872
2026-04-01 05:00:00+00:00,0.9999393224716187,0.9999393224716187,0.9995607733726501,0.9995607733726501,163053568
2026-04-01 06:00:00+00:00,0.9996193051338196,0.9999523162841797,0.9996032118797302,0.9998499751091003,489721856
2026-04-01 07:00:00+00:00,0.9997907876968384,0.9999755620956421,0.9997044801712036,0.9998869299888611,408153088
2026-04-01 08:00:00+00:00,0.9998100996017456,1.000022292137146,0.9997019171714783,0.9998244047164917,12243968
2026-04-01 09:00:00+00:00,0.99964439868927,0.9999905228614807,0.99964439868927,0.9997759461402893,35465216
2026-04-01 10:00:00+00:00,0.9997861981391907,0.9998821020126343,0.9996324777603149,0.9997524619102478,0
2026-04-01 11:00:00+00:00,0.9997511506080627,0.9999197721481323,0.9996986389160156,0.9997662305831909,0
2026-04-01 12:00:00+00:00,0.9997740387916565,0.9998934268951416,0.9987987279891968,0.9996751546859741,0
2026-04-01 13:00:00+00:00,0.99971604347229,1.0000420808792114,0.9997026324272156,0.9998600482940674,86651904
2026-04-01 14:00:00+00:00,0.9998622536659241,0.9999814033508301,0.9997026324272156,0.9998581409454346,0
2026-04-01 15:00:00+00:00,0.9997782111167908,0.9999162554740906,0.9996461868286133,0.9996772408485413,0
2026-04-01 16:00:00+00:00,0.9997127056121826,0.9999116659164429,0.9996167421340942,0.999800980091095,0
2026-04-01 17:00:00+00:00,0.9998452663421631,0.9999915957450867,0.9995684027671814,0.9997116923332214,0
2026-04-01 18:00:00+00:00,0.9997342228889465,0.9998788237571716,0.999584436416626,0.999687910079956,0
2026-04-01 19:00:00+00:00,0.9997352361679077,0.999954342842102,0.9996693730354309,0.9997990131378174,0
2026-04-01 20:00:00+00:00,0.9997128844261169,0.9999852180480957,0.9996774792671204,0.9997320175170898,138999808
2026-04-01 21:00:00+00:00,0.9998046159744263,1.000006914138794,0.9996297955513,0.9997674822807312,464625664
2026-04-01 22:00:00+00:00,0.9998331069946289,0.9999227523803711,0.999538242816925,0.9998351335525513,158499840
2026-04-01 23:00:00+00:00,0.9998128414154053,0.9999536275863647,0.999670684337616,0.9998780488967896,13046784
2026-04-02 00:00:00+00:00,0.9999087452888489,0.9999440908432007,0.9996411204338074,0.9997410774230957,0
2026-04-02 01:00:00+00:00,0.9997764229774475,0.9999962449073792,0.9995341897010803,0.999841570854187,820371456
2026-04-02 02:00:00+00:00,0.999872088432312,0.9998772144317627,0.999600350856781,0.999713659286499,104735744
2026-04-02 03:00:00+00:00,0.9997465014457703,0.9999352097511292,0.9995294213294983,0.9998537302017212,73086976
2026-04-02 04:00:00+00:00,0.9997398257255554,0.9998915195465088,0.9995700716972351,0.9997671842575073,0
2026-04-02 05:00:00+00:00,0.9998669624328613,0.9999330639839172,0.9996783137321472,0.9997633099555969,2515968
2026-04-02 06:00:00+00:00,0.9998133778572083,0.9999898672103882,0.9996067881584167,0.9996646642684937,0
2026-04-02 07:00:00+00:00,0.9996809363365173,0.9999733567237854,0.9995913505554199,0.999893307685852,0
2026-04-02 08:00:00+00:00,0.9998522400856018,0.999932050704956,0.9995282292366028,0.999842643737793,0
2026-04-02 09:00:00+00:00,0.9998290538787842,0.9998905658721924,0.9995787143707275,0.9997254014015198,0
2026-04-02 10:00:00+00:00,0.9998352527618408,0.9999156594276428,0.9995695948600769,0.9997263550758362,184830976
2026-04-02 11:00:00+00:00,0.9997947216033936,0.9998871088027954,0.9995649456977844,0.9997892379760742,83877888
2026-04-02 12:00:00+00:00,0.9997557401657104,0.9998924136161804,0.9996134042739868,0.9997541308403015,0
2026-04-02 13:00:00+00:00,0.9997986555099487,0.9999919533729553,0.9997008442878723,0.9997997879981995,0
2026-04-02 14:00:00+00:00,0.9997774362564087,1.0000107288360596,0.9997774362564087,0.99983149766922,305005568
2026-04-02 15:00:00+00:00,0.9998570680618286,1.0000203847885132,0.9998146891593933,0.9998874068260193,0
2026-04-02 16:00:00+00:00,0.9998611211776733,1.0000759363174438,0.9997414946556091,0.9998416900634766,0
2026-04-02 17:00:00+00:00,0.9998478293418884,0.9999664425849915,0.9996417164802551,0.9998133182525635,0
2026-04-02 18:00:00+00:00,0.9997409582138062,1.0000300407409668,0.9996790885925293,0.9997338056564331,0
2026-04-02 19:00:00+00:00,0.9999405741691589,1.0000121593475342,0.9996949434280396,0.9998347759246826,0
2026-04-02 20:00:00+00:00,0.999854564666748,1.000050663948059,0.9997432827949524,0.9999340772628784,0
2026-04-02 21:00:00+00:00,0.9998975396156311,1.0000113248825073,0.9997217655181885,0.9999030828475952,0
2026-04-02 22:00:00+00:00,0.9999179244041443,0.9999521374702454,0.9997344613075256,0.9998522996902466,0
2026-04-02 23:00:00+00:00,0.9998430013656616,0.9999921321868896,0.9997358918190002,0.9998940825462341,0
2026-04-03 00:00:00+00:00,0.9999436140060425,1.0000406503677368,0.9998137950897217,0.9998899698257446,0
2026-04-03 01:00:00+00:00,0.9999533295631409,1.0000029802322388,0.999775767326355,0.9998739957809448,0
2026-04-03 02:00:00+00:00,0.9998951554298401,0.9999706149101257,0.9996261596679688,0.999854326248169,0
2026-04-03 03:00:00+00:00,0.9998959898948669,0.9999756217002869,0.9997599720954895,0.9998503923416138,0
2026-04-03 04:00:00+00:00,0.9998653531074524,0.9999578595161438,0.9996967315673828,0.9999170303344727,0
2026-04-03 05:00:00+00:00,1.0000029802322388,1.0001351833343506,0.9996415972709656,0.9997903108596802,0
2026-04-03 06:00:00+00:00,0.9998288750648499,1.0000131130218506,0.9995060563087463,0.9997944235801697,0
2026-04-03 07:00:00+00:00,0.9998557567596436,0.9999369382858276,0.9996723532676697,0.9998852014541626,0
2026-04-03 08:00:00+00:00,0.9998233914375305,0.9999147057533264,0.9996148943901062,0.9997613430023193,0
2026-04-03 09:00:00+00:00,0.9997397661209106,0.9998946189880371,0.9996373057365417,0.9997764229774475,0
2026-04-03 10:00:00+00:00,0.9998536109924316,0.999941885471344,0.999559223651886,0.9998391270637512,0
2026-04-03 11:00:00+00:00,0.9999213814735413,0.9999785423278809,0.9996094107627869,0.9998504519462585,0
2026-04-03 12:00:00+00:00,0.9998947978019714,1.0000038146972656,0.9994717240333557,0.999894380569458,8258560
2026-04-03 13:00:00+00:00,0.9998529553413391,0.9999240636825562,0.9995806813240051,0.9998658299446106,0
2026-04-03 14:00:00+00:00,0.9998247027397156,1.0000687837600708,0.9995328187942505,0.9999477863311768,0
2026-04-03 15:00:00+00:00,0.9998561143875122,0.9999905824661255,0.9994410276412964,0.9998747110366821,0
2026-04-03 16:00:00+00:00,0.9999224543571472,1.000002384185791,0.9995870590209961,0.9998520016670227,0
2026-04-03 17:00:00+00:00,0.9998879432678223,1.0000110864639282,0.9995483160018921,0.9998305439949036,0
2026-04-03 18:00:00+00:00,0.9998671412467957,1.0000274181365967,0.9996699094772339,0.9999086856842041,0
2026-04-03 19:00:00+00:00,0.9998515248298645,1.0000016689300537,0.9997088313102722,0.9999722242355347,0
2026-04-03 20:00:00+00:00,1.0000600814819336,1.0000600814819336,0.9995557069778442,0.9998109936714172,0
2026-04-03 21:00:00+00:00,0.9998558163642883,0.9999686479568481,0.9996397495269775,0.9999246001243591,0
2026-04-03 22:00:00+00:00,0.999940812587738,0.9999802112579346,0.9995813369750977,0.999907374382019,0
2026-04-03 23:00:00+00:00,0.999918520450592,1.0000090599060059,0.9995971918106079,1.0000090599060059,0
2026-04-04 00:00:00+00:00,0.9999343156814575,0.9999799132347107,0.9996498823165894,0.999739408493042,0
2026-04-04 01:00:00+00:00,0.9997445940971375,1.0000088214874268,0.9995719194412231,0.9998900890350342,0
2026-04-04 02:00:00+00:00,0.9999051690101624,1.0000360012054443,0.9996550679206848,0.9997096061706543,0
2026-04-04 03:00:00+00:00,0.9998295903205872,0.9999719262123108,0.9997666478157043,0.9997760653495789,0
2026-04-04 04:00:00+00:00,0.9999749064445496,0.9999759197235107,0.999680757522583,0.9998815059661865,0
2026-04-04 05:00:00+00:00,0.9999200701713562,1.000007152557373,0.999622106552124,0.9998801350593567,0
2026-04-04 06:00:00+00:00,0.9998959898948669,0.999981164932251,0.9996349215507507,0.9997653365135193,0
2026-04-04 07:00:00+00:00,0.999676525592804,0.999996542930603,0.999626636505127,0.9997861981391907,0
2026-04-04 08:00:00+00:00,0.9999475479125977,0.9999475479125977,0.9996596574783325,0.9998109340667725,0
2026-04-04 09:00:00+00:00,0.9998520612716675,0.999922513961792,0.9996694922447205,0.9997767210006714,0
2026-04-04 10:00:00+00:00,0.9997901916503906,0.9999375343322754,0.9996265172958374,0.9997537136077881,0
2026-04-04 11:00:00+00:00,0.9998075366020203,0.9999294281005859,0.9996844530105591,0.9998119473457336,0
2026-04-04 12:00:00+00:00,0.9998151063919067,0.9999321103096008,0.9997045993804932,0.9998651146888733,0
2026-04-04 13:00:00+00:00,0.9998290538787842,0.9999617338180542,0.9997935891151428,0.9998155236244202,0
2026-04-04 14:00:00+00:00,0.9997832775115967,0.9999745488166809,0.9997591972351074,0.9998917579650879,0
2026-04-04 15:00:00+00:00,0.9999505877494812,0.9999711513519287,0.9997623562812805,0.9998821020126343,30225152
2026-04-04 16:00:00+00:00,0.9998851418495178,0.9999382495880127,0.999788224697113,0.9998714923858643,0
2026-04-04 17:00:00+00:00,0.9998318552970886,0.999940812587738,0.9998129606246948,0.9999052286148071,0
2026-04-04 18:00:00+00:00,0.9998572468757629,0.9999845027923584,0.9997669458389282,0.9999229311943054,0
2026-04-04 19:00:00+00:00,0.999916136264801,1.0000282526016235,0.9997625350952148,0.9999480843544006,169956864
2026-04-04 20:00:00+00:00,0.9999710321426392,0.999974250793457,0.9998659491539001,0.9999262094497681,0
2026-04-04 21:00:00+00:00,0.9999508261680603,1.000051498413086,0.9998412132263184,0.9999501705169678,0
2026-04-04 22:00:00+00:00,0.9998782873153687,0.9999873042106628,0.9997790455818176,0.9999149441719055,0
2026-04-04 23:00:00+00:00,0.9999650120735168,0.9999650120735168,0.9998117685317993,0.9999338984489441,16448000
2026-04-05 00:00:00+00:00,0.9998911619186401,0.9999806880950928,0.9997867345809937,0.9999327063560486,0
2026-04-05 01:00:00+00:00,0.9999462962150574,1.0000135898590088,0.9998196959495544,0.9999426007270813,24984832
2026-04-05 02:00:00+00:00,0.9999213814735413,0.9999592304229736,0.9998381733894348,0.9999210238456726,0
2026-04-05 03:00:00+00:00,0.9999079704284668,0.9999861717224121,0.9997984170913696,0.9999337196350098,0
2026-04-05 04:00:00+00:00,0.9999197125434875,0.9999827742576599,0.9997684955596924,0.9998042583465576,0
2026-04-05 05:00:00+00:00,0.9998853206634521,0.999961256980896,0.9998248815536499,0.9998712539672852,44286464
2026-04-05 06:00:00+00:00,0.9998902678489685,0.9999633431434631,0.9997694492340088,0.9997752904891968,271628288
2026-04-05 07:00:00+00:00,0.9998204708099365,0.9999539852142334,0.999667227268219,0.9998055696487427,26313728
2026-04-05 08:00:00+00:00,0.9997593760490417,0.999936044216156,0.9997075200080872,0.9998706579208374,10860800
2026-04-05 09:00:00+00:00,0.9998151063919067,0.9999399185180664,0.9997516870498657,0.9998952746391296,0
2026-04-05 10:00:00+00:00,0.9998627305030823,0.9999094605445862,0.9996875524520874,0.9998661875724792,0
2026-04-05 11:00:00+00:00,0.9998871088027954,0.9999344944953918,0.9997135400772095,0.9998030662536621,0
2026-04-05 12:00:00+00:00,0.9998287558555603,0.9999069571495056,0.999703586101532,0.9997562170028687,120395264
2026-04-05 13:00:00+00:00,0.9998407363891602,0.9999423027038574,0.9996916055679321,0.9997987747192383,22530816
2026-04-05 14:00:00+00:00,0.9998602271080017,0.9999508857727051,0.9997453093528748,0.9998391270637512,0
2026-04-05 15:00:00+00:00,0.9997996091842651,0.9999298453330994,0.9997288584709167,0.9997947812080383,243937792
2026-04-05 16:00:00+00:00,0.9998877644538879,0.9999745488166809,0.9997994303703308,0.9999265670776367,102067712
2026-04-05 17:00:00+00:00,0.9999164938926697,1.000040054321289,0.9998273849487305,0.9999108910560608,29837312
2026-04-05 18:00:00+00:00,0.9998942613601685,0.9999491572380066,0.9997707605361938,0.9998184442520142,31465728
2026-04-05 19:00:00+00:00,0.999862551689148,0.9999470114707947,0.9997577667236328,0.9998720288276672,0
2026-04-05 20:00:00+00:00,1.000011920928955,1.000011920928955,0.9997555017471313,0.999821662902832,72715776
2026-04-05 21:00:00+00:00,0.9998177886009216,0.9999346733093262,0.9997401237487793,0.9998366832733154,62585088
2026-04-05 22:00:00+00:00,0.9998244047164917,0.9999402761459351,0.9997345209121704,0.9998776316642761,454103552
2026-04-05 23:00:00+00:00,0.9998165965080261,0.9999347925186157,0.9997409582138062,0.9998038411140442,522594304
2026-04-06 00:00:00+00:00,0.9997746348381042,0.999925971031189,0.9997196793556213,0.999801754951477,401342976
2026-04-06 01:00:00+00:00,0.9998007416725159,0.9999741315841675,0.9997117519378662,0.9998926520347595,118748672
2026-04-06 02:00:00+00:00,0.9997544288635254,1.0000159740447998,0.9997544288635254,0.9998486042022705,248342528
2026-04-06 03:00:00+00:00,0.9997845888137817,0.9999789595603943,0.9996781349182129,0.9998406767845154,169280000
2026-04-06 04:00:00+00:00,0.999832272529602,0.9999209046363831,0.9996780157089233,0.9997408390045166,198849536
2026-04-06 05:00:00+00:00,0.9997830390930176,0.9999200105667114,0.9996560215950012,0.9997885823249817,11033088
2026-04-06 06:00:00+00:00,0.9998282194137573,1.0000029802322388,0.9996107220649719,0.9996687769889832,0
2026-04-06 07:00:00+00:00,0.9997921586036682,0.9999050498008728,0.9995377659797668,0.9997809529304504,223629312
2026-04-06 08:00:00+00:00,0.9997894763946533,0.9999253153800964,0.9997280240058899,0.9998282194137573,214792704
2026-04-06 09:00:00+00:00,0.9997557401657104,0.9999976754188538,0.9996966123580933,0.9998601675033569,1195712512
2026-04-06 10:00:00+00:00,0.9997112154960632,0.9999648332595825,0.9995937347412109,0.999889075756073,230246400
2026-04-06 11:00:00+00:00,0.9998916387557983,0.9999539852142334,0.9995996356010437,0.9997897744178772,200035328
2026-04-06 12:00:00+00:00,0.9998233318328857,0.999951958656311,0.9995282888412476,0.9999035000801086,286199296
2026-04-06 13:00:00+00:00,0.9998332858085632,0.9999778270721436,0.999616801738739,0.9997413158416748,357539328
2026-04-06 14:00:00+00:00,0.9996652007102966,0.9999849200248718,0.9996196031570435,0.9998897910118103,743105536
2026-04-06 15:00:00+00:00,0.9998993873596191,1.0000636577606201,0.9995377063751221,0.9998173713684082,116943872
2026-04-06 16:00:00+00:00,0.9998836517333984,1.000044822692871,0.9995502233505249,0.9996700286865234,360573952
2026-04-06 17:00:00+00:00,0.9996652603149414,0.9999969601631165,0.9995940923690796,0.999819278717041,410401792
2026-04-06 18:00:00+00:00,0.9998043775558472,0.9999932646751404,0.9995723962783813,0.999981701374054,248155136
2026-04-06 19:00:00+00:00,0.9999417066574097,1.0000641345977783,0.9995160698890686,0.9997968077659607,403214336
2026-04-06 20:00:00+00:00,0.999458372592926,0.9999767541885376,0.999458372592926,0.9999117851257324,193472512
2026-04-06 21:00:00+00:00,0.9998401999473572,1.0000615119934082,0.999571681022644,0.99992835521698,31934464
2026-04-06 22:00:00+00:00,0.9999362230300903,1.0000276565551758,0.9994826912879944,0.9998452067375183,0
2026-04-06 23:00:00+00:00,0.9996351003646851,1.0004808902740479,0.9995348453521729,0.9995348453521729,0
2026-04-07 00:00:00+00:00,0.9995980858802795,0.9999414086341858,0.9995203018188477,0.9997794032096863,0
2026-04-07 01:00:00+00:00,0.9995806217193604,1.000029444694519,0.9995806217193604,0.9997204542160034,80311296
2026-04-07 02:00:00+00:00,0.9997884631156921,1.0000414848327637,0.9995524883270264,0.999799907207489,0
2026-04-07 03:00:00+00:00,0.9997714161872864,0.999974250793457,0.9996075630187988,0.9999077916145325,0
2026-04-07 04:00:00+00:00,0.9998956918716431,0.9999499917030334,0.9995092749595642,0.9998672008514404,9978880
2026-04-07 05:00:00+00:00,0.999636709690094,1.0000156164169312,0.9995067119598389,0.9998792409896851,171397120
2026-04-07 06:00:00+00:00,0.9997565746307373,1.0000112056732178,0.9996594190597534,0.9997931122779846,49954816
2026-04-07 07:00:00+00:00,0.9996976256370544,0.9999743700027466,0.9995818734169006,0.9997268915176392,0
2026-04-07 08:00:00+00:00,0.9997615218162537,0.9999732971191406,0.9996699094772339,0.9997749328613281,183237632
2026-04-07 09:00:00+00:00,0.9997586011886597,0.9999764561653137,0.9997071623802185,0.9998612403869629,0
2026-04-07 10:00:00+00:00,0.9998994469642639,0.9999814629554749,0.999778151512146,0.9999762773513794,611435520
2026-04-07 11:00:00+00:00,0.999890148639679,0.9999166131019592,0.9997191429138184,0.9998712539672852,288129024
2026-04-07 12:00:00+00:00,0.999782145023346,0.9999659657478333,0.9995941519737244,0.9998878240585327,106402816
2026-04-07 13:00:00+00:00,0.9998988509178162,0.9999451637268066,0.9997691512107849,0.9997830986976624,89724928
2026-04-07 14:00:00+00:00,0.9998387694358826,1.0000300407409668,0.9997351169586182,0.9999140501022339,9847808
2026-04-07 15:00:00+00:00,0.9998345971107483,0.9999865293502808,0.9995681047439575,0.9998816847801208,0
2026-04-07 16:00:00+00:00,0.9998323917388916,0.9999454617500305,0.9997658729553223,0.9998708367347717,0
2026-04-07 17:00:00+00:00,0.9998188018798828,0.9999614357948303,0.9997566342353821,0.9998388290405273,0
2026-04-07 18:00:00+00:00,0.9998396039009094,1.0000371932983398,0.9997722506523132,0.9998395442962646,0
2026-04-07 19:00:00+00:00,0.9997996091842651,0.9999486804008484,0.9997000098228455,0.9998411536216736,76648448
2026-04-07 20:00:00+00:00,0.9998299479484558,0.9999906420707703,0.9997587203979492,0.9998451471328735,177417216
2026-04-07 21:00:00+00:00,0.9998847246170044,0.9999434947967529,0.9997676610946655,0.9998833537101746,491424768
2026-04-07 22:00:00+00:00,0.9998496174812317,1.0000330209732056,0.9997745752334595,0.9999923706054688,760641536
2026-04-07 23:00:00+00:00,0.9999182224273682,1.0000165700912476,0.999739944934845,0.9997882843017578,834045952
2026-04-08 00:00:00+00:00,0.9998412132263184,1.0000276565551758,0.99955153465271,0.9998279809951782,204495872
2026-04-08 01:00:00+00:00,0.9996939301490784,1.0000731945037842,0.9996105432510376,0.9997975826263428,0
2026-04-08 02:00:00+00:00,0.9997863173484802,0.9999967217445374,0.9995113015174866,0.9998626708984375,120814592
2026-04-08 03:00:00+00:00,0.9997937083244324,0.9998807907104492,0.9996315240859985,0.9997545480728149,264586240
2026-04-08 04:00:00+00:00,0.9997935891151428,0.9999706745147705,0.9996506571769714,0.9997788667678833,134074368
2026-04-08 05:00:00+00:00,0.999803364276886,0.999944269657135,0.9996649622917175,0.9999120831489563,55914496
2026-04-08 06:00:00+00:00,0.9998450875282288,0.9999488592147827,0.9997440576553345,0.9998985528945923,43854848
2026-04-08 07:00:00+00:00,0.999883234500885,0.9999247789382935,0.9997704029083252,0.9998463988304138,16396288
2026-04-08 08:00:00+00:00,0.9998966455459595,0.9999894499778748,0.9996658563613892,0.9998728036880493,0
2026-04-08 09:00:00+00:00,0.999870777130127,0.9999297857284546,0.9997326731681824,0.9998151063919067,0
2026-04-08 10:00:00+00:00,0.9997866153717041,0.9999743700027466,0.9997128844261169,0.9997823238372803,0
2026-04-08 11:00:00+00:00,0.9998176097869873,1.0000454187393188,0.9997353553771973,0.9998669028282166,0
2026-04-08 12:00:00+00:00,0.9998287558555603,1.000052571296692,0.9996626973152161,0.9998869299888611,0
2026-04-08 13:00:00+00:00,0.9998693466186523,1.0000649690628052,0.9996377229690552,0.9997945427894592,746355712
2026-04-08 14:00:00+00:00,0.9997343420982361,0.999967098236084,0.999639630317688,0.9998368620872498,118319104
2026-04-08 15:00:00+00:00,0.9997320175170898,1.000025749206543,0.9995800256729126,0.9999718070030212,69571584
2026-04-08 16:00:00+00:00,0.9997837543487549,1.0000975131988525,0.9996690154075623,1.0000115633010864,24643584
2026-04-08 17:00:00+00:00,0.9999038577079773,1.000181794166565,0.999667763710022,0.9999639987945557,339120128
2026-04-08 18:00:00+00:00,0.9998482465744019,1.0000334978103638,0.999476432800293,0.9997935891151428,258093056
2026-04-08 19:00:00+00:00,0.999819278717041,1.0000003576278687,0.9993085861206055,0.9998806715011597,0
2026-04-08 20:00:00+00:00,0.9998053312301636,1.0000661611557007,0.9993453621864319,0.9999133944511414,0
2026-04-08 21:00:00+00:00,0.9998504519462585,0.9999825954437256,0.9995200634002686,0.9996700882911682,0
2026-04-08 22:00:00+00:00,0.9997071623802185,0.9999138712882996,0.9995424747467041,0.9997713565826416,0
2026-04-08 23:00:00+00:00,0.9997301697731018,0.9999176859855652,0.9995313286781311,0.9998452067375183,0
2026-04-09 00:00:00+00:00,0.9996833801269531,0.9999715685844421,0.9995061159133911,0.9998486638069153,0
2026-04-09 01:00:00+00:00,0.9996801614761353,0.9999548196792603,0.999524712562561,0.9996494054794312,43009024
2026-04-09 02:00:00+00:00,0.999911904335022,0.9999991059303284,0.9995400309562683,0.9997994899749756,0
2026-04-09 03:00:00+00:00,0.9996338486671448,1.0000051259994507,0.9996203780174255,0.9997223615646362,0
2026-04-09 04:00:00+00:00,0.9998714923858643,0.9999315142631531,0.9996119737625122,0.9998364448547363,0
2026-04-09 05:00:00+00:00,0.9997323155403137,0.9998950958251953,0.9996861219406128,0.9998950958251953,0
2026-04-09 06:00:00+00:00,0.9997845888137817,0.9999910593032837,0.9995574355125427,0.9998535513877869,0
2026-04-09 07:00:00+00:00,0.9998555183410645,0.9999415278434753,0.9996340870857239,0.99982088804245,0
2026-04-09 08:00:00+00:00,0.9998264312744141,0.9999681115150452,0.999358594417572,0.9997668266296387,0
2026-04-09 09:00:00+00:00,0.999778151512146,0.9999266862869263,0.9995707869529724,0.9998225569725037,0
2026-04-09 10:00:00+00:00,0.9997411966323853,0.9999293088912964,0.9996272325515747,0.9997925162315369,11457536
2026-04-09 11:00:00+00:00,0.9998092651367188,0.9999382495880127,0.999599277973175,0.9996286630630493,0
2026-04-09 12:00:00+00:00,0.9996277093887329,0.9998929500579834,0.9995867609977722,0.9996224641799927,0
2026-04-09 13:00:00+00:00,0.9997953176498413,0.9999154806137085,0.9995306730270386,0.9997525215148926,0
2026-04-09 14:00:00+00:00,0.999623715877533,0.9999664425849915,0.9995101094245911,0.9999157190322876,0
2026-04-09 15:00:00+00:00,0.999821126461029,1.0000531673431396,0.9995566010475159,0.999995231628418,530341888
2026-04-09 16:00:00+00:00,0.9998267292976379,1.000011920928955,0.9995699524879456,0.9998571276664734,520951808
2026-04-09 17:00:00+00:00,0.9999114274978638,1.0000593662261963,0.9996955394744873,0.9999291896820068,0
2026-04-09 18:00:00+00:00,0.9998846054077148,1.0000414848327637,0.9994576573371887,0.9999090433120728,0
2026-04-09 19:00:00+00:00,0.9997991323471069,1.0000375509262085,0.999602735042572,0.9999229311943054,38182912
2026-04-09 20:00:00+00:00,0.9999233484268188,1.0000358819961548,0.9995887279510498,0.9999284744262695,314659840
2026-04-09 21:00:00+00:00,0.9998499751091003,0.9999545812606812,0.9994203448295593,0.9995067715644836,190044160
2026-04-09 22:00:00+00:00,0.9998807907104492,0.9999350905418396,0.9994567632675171,0.9998559951782227,501314560
2026-04-09 23:00:00+00:00,0.9997058510780334,0.9999856352806091,0.9995031356811523,0.9998927712440491,121030656
2026-04-10 00:00:00+00:00,0.9997069835662842,0.9999338388442993,0.9994787573814392,0.9998589158058167,90243072
2026-04-10 01:00:00+00:00,0.9996938705444336,0.9999791383743286,0.9994510412216187,0.9998657703399658,19317760
2026-04-10 02:00:00+00:00,0.999926745891571,0.9999818801879883,0.9996036291122437,0.9997707605361938,0
2026-04-10 03:00:00+00:00,0.9998778104782104,0.9999501705169678,0.9994938969612122,0.9999374747276306,0
2026-04-10 04:00:00+00:00,0.9998698830604553,0.9999573230743408,0.9995527863502502,0.9998207688331604,147460096
2026-04-10 05:00:00+00:00,0.9996617436408997,0.9998964667320251,0.9995704293251038,0.9998698830604553,0
2026-04-10 06:00:00+00:00,0.9998623728752136,0.9999395608901978,0.9994325637817383,0.9998549818992615,105394176
2026-04-10 07:00:00+00:00,0.9998265504837036,0.9999033212661743,0.9995729923248291,0.999763548374176,0
2026-04-10 08:00:00+00:00,0.999868631362915,0.9999365210533142,0.9995914101600647,0.9997677803039551,0
2026-04-10 09:00:00+00:00,0.9998689293861389,0.9999797344207764,0.9996146559715271,0.9998010993003845,30907392
2026-04-10 10:00:00+00:00,0.999845564365387,0.9999371767044067,0.9997049570083618,0.999911904335022,0
2026-04-10 11:00:00+00:00,0.999853253364563,1.0000100135803223,0.9995705485343933,0.9998456835746765,2027520
2026-04-10 12:00:00+00:00,0.9997686147689819,0.9999960064888,0.9994333386421204,0.9998468160629272,169080832
2026-04-10 13:00:00+00:00,0.9998758435249329,1.0000205039978027,0.999477207660675,1.0000200271606445,0
2026-04-10 14:00:00+00:00,0.9998855590820312,1.0001469850540161,0.999483585357666,0.9998751878738403,659219456
2026-04-10 15:00:00+00:00,0.9999020099639893,1.0000452995300293,0.9995442628860474,0.9998154640197754,0
2026-04-10 16:00:00+00:00,0.999723494052887,0.999914824962616,0.9995253086090088,0.9996651411056519,0
2026-04-10 17:00:00+00:00,0.9997667074203491,0.9999055862426758,0.9996216893196106,0.9998546242713928,0
2026-04-10 18:00:00+00:00,0.9998523592948914,0.999980628490448,0.9996436238288879,0.9998242855072021,19703808
2026-04-10 19:00:00+00:00,0.9998137354850769,1.0000451803207397,0.9996175169944763,0.9998059272766113,0
2026-04-10 20:00:00+00:00,0.9997504949569702,1.000014066696167,0.9994866251945496,0.9998241066932678,0
2026-04-10 21:00:00+00:00,0.9997695088386536,0.9999648332595825,0.9995066523551941,0.9997377991676331,0
2026-04-10 22:00:00+00:00,0.9998223185539246,0.9999018907546997,0.9995182156562805,0.99986732006073,0
2026-04-10 23:00:00+00:00,0.999796450138092,1.0000026226043701,0.9994892477989197,0.9998219609260559,0
2026-04-11 00:00:00+00:00,0.9997984170913696,0.9999490976333618,0.9995768070220947,0.9998008012771606,0
2026-04-11 01:00:00+00:00,0.9997609257698059,1.000047206878662,0.9997268319129944,0.9997944831848145,0
2026-04-11 02:00:00+00:00,0.9997602105140686,1.000032663345337,0.9995281100273132,0.999860405921936,0
2026-04-11 03:00:00+00:00,0.9997912645339966,0.999976634979248,0.9994937777519226,0.9998745918273926,0
2026-04-11 04:00:00+00:00,0.9998346567153931,1.0000721216201782,0.9995152354240417,0.9997642040252686,0
2026-04-11 05:00:00+00:00,0.9997885227203369,0.9999736547470093,0.9996136426925659,0.9999678730964661,0
2026-04-11 06:00:00+00:00,0.9998814463615417,0.9999673366546631,0.9996737241744995,0.9998145699501038,0
2026-04-11 07:00:00+00:00,0.9998463988304138,0.999942421913147,0.9997260570526123,0.9997903108596802,0
2026-04-11 08:00:00+00:00,0.9997712969779968,0.9999629855155945,0.9995745420455933,0.9998655319213867,0
2026-04-11 09:00:00+00:00,0.9999791383743286,0.9999791383743286,0.9996619820594788,0.9998791217803955,0
2026-04-11 10:00:00+00:00,0.9999794960021973,0.9999794960021973,0.9996455311775208,0.9999176263809204,0
2026-04-11 11:00:00+00:00,0.9998406171798706,1.000014066696167,0.9996576905250549,0.9999395608901978,0
2026-04-11 12:00:00+00:00,0.9998597502708435,1.0000042915344238,0.999527633190155,0.9999064207077026,0
2026-04-11 13:00:00+00:00,0.9998968243598938,0.9999524354934692,0.9995579123497009,0.9998573064804077,0
2026-04-11 14:00:00+00:00,0.9997794032096863,0.9999305009841919,0.9997085332870483,0.9999217391014099,0
2026-04-11 15:00:00+00:00,0.999872088432312,1.0000027418136597,0.9996551871299744,0.9998337626457214,0
2026-04-11 16:00:00+00:00,0.9998943209648132,0.999951958656311,0.999636173248291,0.9998248815536499,0
2026-04-11 17:00:00+00:00,0.999711811542511,0.9998689889907837,0.9996391534805298,0.9997841119766235,0
2026-04-11 18:00:00+00:00,0.9997028112411499,0.9998699426651001,0.9996178150177002,0.9997897744178772,0
2026-04-11 19:00:00+00:00,0.9997096657752991,0.9999444484710693,0.9996287226676941,0.9997348189353943,0
2026-04-11 20:00:00+00:00,0.9998573064804077,0.999958336353302,0.9995923042297363,0.999729573726654,0
2026-04-11 21:00:00+00:00,0.9996639490127563,0.9999111890792847,0.9995160102844238,0.9996584057807922,0
2026-04-11 22:00:00+00:00,0.9997405409812927,0.9998869895935059,0.9994381666183472,0.9997995495796204,0
2026-04-11 23:00:00+00:00,0.9997031092643738,0.9999288320541382,0.9996040463447571,0.9998162388801575,42438144
2026-04-12 00:00:00+00:00,0.9997720718383789,0.9999589323997498,0.9995149374008179,0.9997365474700928,0
2026-04-12 01:00:00+00:00,0.9997774362564087,0.9999736547470093,0.9995659589767456,0.9998728632926941,557924864
2026-04-12 02:00:00+00:00,0.9998365640640259,0.9999557733535767,0.999548614025116,0.9997031688690186,228994560
2026-04-12 03:00:00+00:00,0.9997149705886841,0.9998682141304016,0.9995595812797546,0.9997165203094482,0
2026-04-12 04:00:00+00:00,0.9997490048408508,0.9998759627342224,0.9995124340057373,0.9998244047164917,28916224
2026-04-12 05:00:00+00:00,0.9998940825462341,0.9999099373817444,0.9995967745780945,0.9996980428695679,39403008
2026-04-12 06:00:00+00:00,0.9996775388717651,0.9999340772628784,0.9995761513710022,0.9998182058334351,0
2026-04-12 07:00:00+00:00,0.9997795820236206,0.9999598860740662,0.9996281862258911,0.9998002648353577,14993920
2026-04-12 08:00:00+00:00,0.999772310256958,0.9999551177024841,0.9995309710502625,0.9997784495353699,12510720
2026-04-12 09:00:00+00:00,0.9998626112937927,0.9998839497566223,0.9995503425598145,0.9997801780700684,0
2026-04-12 10:00:00+00:00,0.9998142719268799,0.9999208450317383,0.9995417594909668,0.9998068809509277,65572352
2026-04-12 11:00:00+00:00,0.999826192855835,0.9999237060546875,0.9995991587638855,0.9998912811279297,17651712
2026-04-12 12:00:00+00:00,0.9998403787612915,0.9998990893363953,0.999518096446991,0.9998214244842529,116306432
2026-04-12 13:00:00+00:00,0.9998227953910828,0.9999788999557495,0.9995531439781189,0.9997131824493408,119808512
2026-04-12 14:00:00+00:00,0.9997609257698059,0.999945342540741,0.9996044039726257,0.9998800158500671,149102592
2026-04-12 15:00:00+00:00,0.9997739195823669,0.9999758005142212,0.9996033310890198,0.999711811542511,45016064
2026-04-12 16:00:00+00:00,0.9997661709785461,0.9999924898147583,0.9995756149291992,0.9997609257698059,0
2026-04-12 17:00:00+00:00,0.999837338924408,0.9999871253967285,0.9995736479759216,0.9997545480728149,27026944
2026-04-12 18:00:00+00:00,0.9997806549072266,0.9999434351921082,0.9995706677436829,0.9998456835746765,0
2026-04-12 19:00:00+00:00,0.9998708963394165,0.9999535083770752,0.9995989799499512,0.9999221563339233,0
2026-04-12 20:00:00+00:00,0.9999318718910217,0.9999770522117615,0.9996277093887329,0.9997907876968384,73358336
2026-04-12 21:00:00+00:00,0.999799907207489,0.9999812841415405,0.9995285868644714,0.9999812841415405,0
2026-04-12 22:00:00+00:00,0.9996972680091858,0.9999755024909973,0.9995654821395874,0.9998246431350708,679876608
2026-04-12 23:00:00+00:00,0.9998621940612793,0.9998679161071777,0.9994451999664307,0.9997751712799072,66297344
2026-04-13 00:00:00+00:00,0.9996177554130554,0.9999191761016846,0.9995704293251038,0.9998817443847656,173534720
2026-04-13 01:00:00+00:00,0.9999592900276184,1.0001598596572876,0.9996716380119324,0.9999819397926331,0
2026-04-13 02:00:00+00:00,0.9997875094413757,1.0000742673873901,0.9994343519210815,0.9999582767486572,47526912
2026-04-13 03:00:00+00:00,0.9998173117637634,0.9999781250953674,0.9993762969970703,0.9997571706771851,15796224
2026-04-13 04:00:00+00:00,0.999684751033783,0.9999279975891113,0.9994252920150757,0.9998457431793213,0
2026-04-13 05:00:00+00:00,0.9996773600578308,0.9999209642410278,0.9995966553688049,0.9998286962509155,223878656
2026-04-13 06:00:00+00:00,0.9996953010559082,0.9999837279319763,0.9996094703674316,0.9999837279319763,120862720
2026-04-13 07:00:00+00:00,0.9997683167457581,0.9999127388000488,0.9994862079620361,0.9997550249099731,142215680
2026-04-13 08:00:00+00:00,0.9997633099555969,0.9998664259910583,0.9994453191757202,0.9996914267539978,206653952
2026-04-13 09:00:00+00:00,0.9996914267539978,0.9999295473098755,0.9995577335357666,0.999711275100708,181790208
2026-04-13 10:00:00+00:00,0.9997557401657104,0.9998912811279297,0.999408483505249,0.9997143149375916,95827456
2026-04-13 11:00:00+00:00,0.9997797012329102,0.9998555779457092,0.9995493292808533,0.9997636675834656,259139584
2026-04-13 12:00:00+00:00,0.999763011932373,0.9998477101325989,0.9995272755622864,0.9997883439064026,230311424
2026-04-13 13:00:00+00:00,0.9997134804725647,0.9999246597290039,0.9995737075805664,0.999671995639801,371055104
2026-04-13 14:00:00+00:00,0.9997538924217224,0.9998737573623657,0.9995593428611755,0.9998713731765747,757670912
2026-04-13 15:00:00+00:00,0.999817967414856,0.9999238848686218,0.9994914531707764,0.9996375441551208,657341440
2026-04-13 16:00:00+00:00,0.9997594952583313,0.9999330639839172,0.9995324015617371,0.9997574090957642,744333312
2026-04-13 17:00:00+00:00,0.999683141708374,0.9998375177383423,0.9995009899139404,0.9997378587722778,465148928
2026-04-13 18:00:00+00:00,0.999779462814331,0.9999131560325623,0.999538242816925,0.9997811317443848,248479744
2026-04-13 19:00:00+00:00,0.999650776386261,0.9998757839202881,0.9995322227478027,0.9996609687805176,886454272
2026-04-13 20:00:00+00:00,0.9998104572296143,0.999854564666748,0.9994727373123169,0.99972003698349,530557952
2026-04-13 21:00:00+00:00,0.999697208404541,0.99996018409729,0.9994945526123047,0.9997197985649109,186852352
2026-04-13 22:00:00+00:00,0.9997302293777466,0.9999649524688721,0.999377429485321,0.999614417552948,329684992
2026-04-13 23:00:00+00:00,0.9997061491012573,0.9998162388801575,0.9995140433311462,0.999643087387085,617088000
2026-04-14 00:00:00+00:00,0.9996858835220337,0.9998430013656616,0.9994669556617737,0.9997730255126953,141152256
2026-04-14 01:00:00+00:00,0.9995307326316833,0.9998893141746521,0.9994271993637085,0.9996320605278015,188820480
2026-04-14 02:00:00+00:00,0.9997721314430237,0.9998512864112854,0.9993920922279358,0.9997502565383911,0
2026-04-14 03:00:00+00:00,0.9997104406356812,0.99997878074646,0.999535858631134,0.9997585415840149,4837376
2026-04-14 04:00:00+00:00,0.9996947050094604,1.0000025033950806,0.9995948076248169,0.9997092485427856,0
2026-04-14 05:00:00+00:00,0.9997002482414246,0.9998730421066284,0.9995764493942261,0.9997340440750122,1914990592
2026-04-14 06:00:00+00:00,0.9996646046638489,0.999828040599823,0.999634325504303,0.9998080134391785,2091435008
2026-04-14 07:00:00+00:00,0.9997515082359314,0.9999171495437622,0.9996006488800049,0.9997838735580444,2567204864
2026-04-14 08:00:00+00:00,0.9996979832649231,0.9999105930328369,0.9995401501655579,0.9998528957366943,2416330752
2026-04-14 09:00:00+00:00,0.9997549653053284,0.999841570854187,0.9994984269142151,0.9996849298477173,1805752320
2026-04-14 10:00:00+00:00,0.9997905492782593,0.9998307228088379,0.9995027780532837,0.9996534585952759,2195953664
2026-04-14 11:00:00+00:00,0.9996069073677063,0.999837338924408,0.9995391964912415,0.9998213052749634,1984532480
2026-04-14 12:00:00+00:00,0.999711811542511,0.9998214244842529,0.9995073676109314,0.9997718334197998,2106126336
2026-04-14 13:00:00+00:00,0.9995717406272888,0.9999374151229858,0.9994920492172241,0.9996843934059143,2350467072
2026-04-14 14:00:00+00:00,0.9996166229248047,0.9999119639396667,0.9994834661483765,0.9997345209121704,2508027904
2026-04-14 15:00:00+00:00,0.9997009038925171,0.9999701380729675,0.9995542764663696,0.9996763467788696,2301734912
2026-04-14 16:00:00+00:00,0.9996803402900696,0.9998533725738525,0.9995521306991577,0.9997047781944275,2234626048
2026-04-14 17:00:00+00:00,0.9996175169944763,0.9998555183410645,0.999566912651062,0.9997478723526001,1906159616
2026-04-14 18:00:00+00:00,0.9997676014900208,0.9998628497123718,0.9995296597480774,0.999847948551178,1930100736
2026-04-14 19:00:00+00:00,0.9998654127120972,0.9998654127120972,0.9995391368865967,0.9996896982192993,1402802176
2026-04-14 20:00:00+00:00,0.9997142553329468,0.9999913573265076,0.9994689226150513,0.9997187256813049,831635456
2026-04-14 21:00:00+00:00,0.9994142055511475,0.9998579025268555,0.999358594417572,0.9994600415229797,991813632
2026-04-14 22:00:00+00:00,0.9997610449790955,0.9998157620429993,0.9994463920593262,0.999544620513916,1018105856
2026-04-14 23:00:00+00:00,0.9994319081306458,0.9998247027397156,0.9993842244148254,0.9997319579124451,0
2026-04-15 00:00:00+00:00,0.9997009634971619,0.9998561143875122,0.9994048476219177,0.9996315240859985,1600655360
2026-04-15 01:00:00+00:00,0.9996218681335449,0.9998324513435364,0.9994542598724365,0.9997624158859253,2019364864
2026-04-15 02:00:00+00:00,0.999723494052887,0.9998694062232971,0.9994622468948364,0.9997414350509644,2109480960
2026-04-15 03:00:00+00:00,0.9996626973152161,0.9998660087585449,0.9995157122612,0.9997896552085876,1581019136
2026-04-15 04:00:00+00:00,0.9996582865715027,0.9998353719711304,0.9993846416473389,0.9998229146003723,1858506752
2026-04-15 05:00:00+00:00,0.9996767044067383,0.9998303055763245,0.9994540214538574,0.9997366666793823,121774080
2026-04-15 06:00:00+00:00,0.999714195728302,0.9998467564582825,0.999480128288269,0.9996607303619385,0
2026-04-15 07:00:00+00:00,0.9996607303619385,0.9998098015785217,0.9994383454322815,0.9995965361595154,0
2026-04-15 08:00:00+00:00,0.9996885061264038,0.9999045133590698,0.9995090961456299,0.9996938705444336,0
2026-04-15 09:00:00+00:00,0.9995686411857605,0.9998260140419006,0.9995290040969849,0.9996515512466431,230604800
2026-04-15 10:00:00+00:00,0.9996697902679443,0.9998371005058289,0.9995839595794678,0.9997414350509644,0
2026-04-15 11:00:00+00:00,0.9996640086174011,0.9999318718910217,0.9996272921562195,0.9997592568397522,0
2026-04-15 12:00:00+00:00,0.9997622966766357,0.99986732006073,0.999653697013855,0.9997832179069519,0
2026-04-15 13:00:00+00:00,0.999769389629364,0.9998219609260559,0.9996026754379272,0.9996883273124695,0
2026-04-15 14:00:00+00:00,0.999771237373352,0.9999006390571594,0.9996427297592163,0.9997137784957886,0
2026-04-15 15:00:00+00:00,0.9997667670249939,0.9998942613601685,0.9996214509010315,0.9998008608818054,0
2026-04-15 16:00:00+00:00,0.9997966289520264,0.999846875667572,0.9996233582496643,0.9996641278266907,0
2026-04-15 17:00:00+00:00,0.9996842741966248,0.9999014735221863,0.9995933175086975,0.9997628331184387,0
2026-04-15 18:00:00+00:00,0.9997326135635376,0.9998113512992859,0.999634861946106,0.9997384548187256,0
2026-04-15 19:00:00+00:00,0.9996731877326965,0.9999129176139832,0.9995990991592407,0.9997543096542358,0
2026-04-15 20:00:00+00:00,0.9996906518936157,0.9998911619186401,0.9994110465049744,0.999813973903656,475635712
2026-04-15 21:00:00+00:00,0.999765157699585,0.9999248385429382,0.9995883107185364,0.9997577667236328,117460992
2026-04-15 22:00:00+00:00,0.99980628490448,0.9998995661735535,0.9995043277740479,0.9995808601379395,0
2026-04-15 23:00:00+00:00,0.9997555017471313,0.9999533891677856,0.9995590448379517,0.9997484087944031,1500016640
2026-04-16 00:00:00+00:00,0.9997544288635254,0.9999336004257202,0.9996545314788818,0.9998317360877991,45178880
2026-04-16 01:00:00+00:00,0.9997236728668213,1.0000044107437134,0.9996918439865112,0.9996989369392395,0
2026-04-16 02:00:00+00:00,0.9996923208236694,0.9998835921287537,0.9996578693389893,0.9998096227645874,0
2026-04-16 03:00:00+00:00,0.9998907446861267,0.9999293684959412,0.9996227025985718,0.999665379524231,0
2026-04-16 04:00:00+00:00,0.999684751033783,0.9998855590820312,0.9996647238731384,0.9998460412025452,179490816
2026-04-16 05:00:00+00:00,0.9997588396072388,0.9998583793640137,0.9995914101600647,0.9997684359550476,0
2026-04-16 06:00:00+00:00,0.999700129032135,0.9998393654823303,0.9996218681335449,0.9997902512550354,0
2026-04-16 07:00:00+00:00,0.99973464012146,0.9998301863670349,0.9996650815010071,0.9997347593307495,59265024
2026-04-16 08:00:00+00:00,0.9997191429138184,0.9998372197151184,0.9996476173400879,0.9997233748435974,1158320128
2026-04-16 09:00:00+00:00,0.999750554561615,0.9998062252998352,0.9996368288993835,0.9997695088386536,0
2026-04-16 10:00:00+00:00,0.9997639060020447,0.9998406171798706,0.9996534585952759,0.9996534585952759,308166656
2026-04-16 11:00:00+00:00,0.99972003698349,0.9998083710670471,0.9996548295021057,0.9997131824493408,753713152
2026-04-16 12:00:00+00:00,0.9997642040252686,0.9998586177825928,0.9996025562286377,0.9997403025627136,696344576
2026-04-16 13:00:00+00:00,0.999680757522583,0.9998971819877625,0.9995962977409363,0.9997145533561707,57159680
2026-04-16 14:00:00+00:00,0.9998567700386047,0.9999189972877502,0.999603271484375,0.9996987581253052,195657728
2026-04-16 15:00:00+00:00,0.9996918439865112,0.9999242424964905,0.9996918439865112,0.9997425079345703,0
2026-04-16 16:00:00+00:00,0.9997231960296631,0.9999418258666992,0.9996565580368042,0.9996852874755859,570785792
2026-04-16 17:00:00+00:00,0.9998301863670349,0.9998406171798706,0.9996500015258789,0.9997419714927673,813015040
2026-04-16 18:00:00+00:00,0.9997816681861877,0.9999242424964905,0.9996498227119446,0.9998384714126587,1086255104
2026-04-16 19:00:00+00:00,0.9998849630355835,0.9999917149543762,0.9997071027755737,0.9997071027755737,16752640
2026-04-16 20:00:00+00:00,0.999754786491394,0.9999147057533264,0.9996654391288757,0.9998244643211365,0
2026-04-16 21:00:00+00:00,0.9997557997703552,0.9999696612358093,0.9996395707130432,0.9997312426567078,208437248
2026-04-16 22:00:00+00:00,0.999769389629364,0.999905526638031,0.9996846318244934,0.9998591542243958,402665472
2026-04-16 23:00:00+00:00,0.9998268485069275,0.9998780488967896,0.9996271729469299,0.9998264908790588,466944
2026-04-17 00:00:00+00:00,0.9997388124465942,0.9999751448631287,0.99951171875,0.9998507499694824,0
2026-04-17 01:00:00+00:00,0.999785840511322,0.9999344944953918,0.9995930790901184,0.9998039603233337,155201536
2026-04-17 02:00:00+00:00,0.9997434616088867,0.9999117255210876,0.9996355772018433,0.9996361136436462,418549760
2026-04-17 03:00:00+00:00,0.9996907114982605,0.9999513626098633,0.9996170997619629,0.9996912479400635,469491712
2026-04-17 04:00:00+00:00,0.999738872051239,0.999834418296814,0.9996675848960876,0.9997708797454834,0
2026-04-17 05:00:00+00:00,0.9997686147689819,0.999859094619751,0.9996688365936279,0.9997150301933289,0
2026-04-17 06:00:00+00:00,0.999771773815155,0.9999537467956543,0.999638020992279,0.9996969699859619,200441856
2026-04-17 07:00:00+00:00,0.9997587203979492,0.9999081492424011,0.9995315670967102,0.9998252987861633,480071680
2026-04-17 08:00:00+00:00,0.9998379945755005,0.9998733401298523,0.999555230140686,0.9997643232345581,480559104
2026-04-17 09:00:00+00:00,0.9998095631599426,0.9998527765274048,0.9995368123054504,0.9998197555541992,1056804864
2026-04-17 10:00:00+00:00,0.9998050928115845,0.9999314546585083,0.9996083974838257,0.9999314546585083,1253376
2026-04-17 11:00:00+00:00,0.9999210238456726,0.9999550580978394,0.9995974898338318,0.9998287558555603,0
2026-04-17 12:00:00+00:00,0.999781608581543,0.9999938011169434,0.9995483160018921,0.9997342824935913,627220480
2026-04-17 13:00:00+00:00,0.9999591708183289,1.0000927448272705,0.9994195699691772,0.9998406767845154,1356271616
2026-04-17 14:00:00+00:00,0.9998148679733276,1.00002920627594,0.9994534850120544,1.00002920627594,331198464
2026-04-17 15:00:00+00:00,0.9996609687805176,1.000077247619629,0.9994457960128784,0.9997597336769104,656642048
2026-04-17 16:00:00+00:00,0.9997866749763489,0.9999282956123352,0.9994165301322937,0.9996796250343323,0
2026-04-17 17:00:00+00:00,0.9998065233230591,0.9999583959579468,0.999483585357666,0.9997968673706055,112685056
2026-04-17 18:00:00+00:00,0.9998428821563721,1.0000686645507812,0.9995322823524475,0.99981689453125,0
2026-04-17 19:00:00+00:00,0.9998392462730408,0.9999732971191406,0.9996352195739746,0.9998682141304016,257728512
2026-04-17 20:00:00+00:00,0.9996150732040405,0.9999282360076904,0.9995532631874084,0.9999211430549622,179916800
2026-04-17 21:00:00+00:00,0.9997940063476562,0.9999350905418396,0.999503493309021,0.9997705817222595,611282944
2026-04-17 22:00:00+00:00,0.9998270273208618,1.0000311136245728,0.9996687769889832,0.9997612833976746,668647424
2026-04-17 23:00:00+00:00,0.9997104406356812,0.999875009059906,0.9995560646057129,0.999695897102356,1623298048
2026-04-18 00:00:00+00:00,0.9997336864471436,0.9999874234199524,0.9994853734970093,0.9998296499252319,462680064
2026-04-18 01:00:00+00:00,0.999762773513794,0.9999290704727173,0.999453604221344,0.9996045231819153,0
2026-04-18 02:00:00+00:00,0.9998500943183899,0.9998721480369568,0.9995691180229187,0.9997870922088623,450711552
2026-04-18 03:00:00+00:00,0.9997246265411377,0.9998471140861511,0.9996147751808167,0.999799907207489,271396864
2026-04-18 04:00:00+00:00,0.9998336434364319,0.9999029040336609,0.999614953994751,0.9996994733810425,486244352
2026-04-18 05:00:00+00:00,0.9997242093086243,0.9998928904533386,0.9996257424354553,0.9998759627342224,703483904
2026-04-18 06:00:00+00:00,0.9998156428337097,0.9998674988746643,0.9996320605278015,0.9998040795326233,371617792
2026-04-18 07:00:00+00:00,0.9996494054794312,0.9998434782028198,0.9996311068534851,0.9997479915618896,0
2026-04-18 08:00:00+00:00,0.9997047185897827,0.9998270869255066,0.9995893239974976,0.9996911287307739,0
2026-04-18 09:00:00+00:00,0.9996840357780457,0.9998619556427002,0.999548614025116,0.999548614025116,0
2026-04-18 10:00:00+00:00,0.9997137188911438,0.9998361468315125,0.9995636940002441,0.9996612668037415,0
2026-04-18 11:00:00+00:00,0.9996391534805298,0.9998321533203125,0.9995414614677429,0.999809741973877,0
2026-04-18 12:00:00+00:00,0.9997965693473816,0.9998787641525269,0.9995934963226318,0.9997245669364929,0
2026-04-18 13:00:00+00:00,0.9996938705444336,0.9998705983161926,0.9996144771575928,0.99980628490448,0
2026-04-18 14:00:00+00:00,0.9997785091400146,0.9998724460601807,0.9996263980865479,0.9998101592063904,0
2026-04-18 15:00:00+00:00,0.9997621178627014,0.9998610019683838,0.9994689226150513,0.9996667504310608,0
2026-04-18 16:00:00+00:00,0.9997088313102722,0.9998372793197632,0.9996156096458435,0.9996617436408997,0
2026-04-18 17:00:00+00:00,0.9996800422668457,0.9998277425765991,0.9995732307434082,0.9997033476829529,0
2026-04-18 18:00:00+00:00,0.9996379613876343,0.9997852444648743,0.9995651841163635,0.9995651841163635,166703104
2026-04-18 19:00:00+00:00,0.9996280074119568,0.9998260140419006,0.9995763301849365,0.9997393488883972,0
2026-04-18 20:00:00+00:00,0.9998058080673218,0.9998494386672974,0.9995964765548706,0.9998025298118591,0
2026-04-18 21:00:00+00:00,0.9997987747192383,0.9998863935470581,0.9996041655540466,0.9997762441635132,0
2026-04-18 22:00:00+00:00,0.9997298121452332,1.0000391006469727,0.9995792508125305,0.9998506903648376,0
2026-04-18 23:00:00+00:00,0.9997481107711792,0.9998195767402649,0.9994754791259766,0.9996277689933777,12500992
2026-04-19 00:00:00+00:00,0.9997127056121826,0.9999073147773743,0.9995720386505127,0.9997684359550476,0
2026-04-19 01:00:00+00:00,0.9997258186340332,0.9998318552970886,0.9995463490486145,0.9997448921203613,0
2026-04-19 02:00:00+00:00,0.9998608231544495,0.9998608231544495,0.9995501637458801,0.9997418522834778,0
2026-04-19 03:00:00+00:00,0.9997338056564331,0.999882698059082,0.9995937347412109,0.9997122287750244,0
2026-04-19 04:00:00+00:00,0.9997157454490662,0.9999516606330872,0.9994935393333435,0.999728798866272,0
2026-04-19 05:00:00+00:00,0.9997568726539612,0.9998562932014465,0.9995315074920654,0.9996737837791443,0
2026-04-19 06:00:00+00:00,0.999687135219574,0.9999057054519653,0.9996076822280884,0.9996939897537231,159952896
2026-04-19 07:00:00+00:00,0.9996957182884216,0.9998795390129089,0.9995777606964111,0.9998508095741272,351154176
2026-04-19 08:00:00+00:00,0.9997356534004211,0.9998538494110107,0.9995505809783936,0.9996291399002075,0
2026-04-19 09:00:00+00:00,0.999609112739563,0.9998779892921448,0.9995678067207336,0.9997748136520386,0
2026-04-19 10:00:00+00:00,0.9998146891593933,0.9998432397842407,0.9996123909950256,0.9997978806495667,0
2026-04-19 11:00:00+00:00,0.9997032880783081,0.9998542666435242,0.999576985836029,0.9996622204780579,0
2026-04-19 12:00:00+00:00,0.9997065663337708,0.9999045729637146,0.9995602369308472,0.9996058940887451,0
2026-04-19 13:00:00+00:00,0.9997209906578064,0.9998830556869507,0.9996265172958374,0.9998355507850647,513048576
2026-04-19 14:00:00+00:00,0.9997797012329102,0.9999394416809082,0.9996009469032288,0.9998451471328735,932298752
2026-04-19 15:00:00+00:00,0.9997705221176147,0.9998908042907715,0.9995995759963989,0.999847948551178,0
2026-04-19 16:00:00+00:00,0.9995940923690796,0.9998749494552612,0.9995546936988831,0.9997202754020691,0
2026-04-19 17:00:00+00:00,0.9996423125267029,0.9998749494552612,0.9995941519737244,0.9997360110282898,232386560
2026-04-19 18:00:00+00:00,0.9996615648269653,0.9998725652694702,0.9995558857917786,0.9997426867485046,240992256
2026-04-19 19:00:00+00:00,0.9997009038925171,0.9998863935470581,0.9995551109313965,0.999801754951477,0
2026-04-19 20:00:00+00:00,0.999763548374176,0.9998765587806702,0.9995895028114319,0.9996915459632874,744009728
2026-04-19 21:00:00+00:00,0.9998050332069397,0.9998641014099121,0.9995959401130676,0.9998430013656616,0
2026-04-19 22:00:00+00:00,0.9996773600578308,0.9999513626098633,0.9996320605278015,0.999828040599823,77553664
2026-04-19 23:00:00+00:00,0.9997163414955139,0.999885082244873,0.9995412230491638,0.9996541142463684,1416032256
2026-04-20 00:00:00+00:00,0.9995592832565308,0.9998727440834045,0.9995592832565308,0.9998357892036438,757571584
2026-04-20 01:00:00+00:00,0.9997905492782593,0.9999738931655884,0.9996060729026794,0.9997889995574951,763453440
2026-04-20 02:00:00+00:00,0.9998563528060913,0.9998915791511536,0.9995162487030029,0.9996034502983093,1179246592
2026-04-20 03:00:00+00:00,0.9997485876083374,0.9998663663864136,0.9996105432510376,0.9997739791870117,257081344
2026-04-20 04:00:00+00:00,0.9996999502182007,0.9998570084571838,0.9996129870414734,0.9997151494026184,0
2026-04-20 05:00:00+00:00,0.9997546076774597,0.9998540282249451,0.9995917677879333,0.999733030796051,0
2026-04-20 06:00:00+00:00,0.9996721744537354,0.9998477101325989,0.9995251297950745,0.9997716546058655,0
2026-04-20 07:00:00+00:00,0.9998193383216858,0.9998193383216858,0.9995614290237427,0.999646782875061,0
2026-04-20 08:00:00+00:00,0.9996752142906189,0.9998746514320374,0.9995261430740356,0.999662458896637,0
2026-04-20 09:00:00+00:00,0.999724268913269,0.9997881054878235,0.9995502233505249,0.9997305870056152,1082892288
2026-04-20 10:00:00+00:00,0.9997146725654602,0.9998365044593811,0.9996408820152283,0.9996858835220337,839159808
2026-04-20 11:00:00+00:00,0.9997467994689941,0.9998685121536255,0.9996098875999451,0.9997696280479431,1065054208
2026-04-20 12:00:00+00:00,0.9996440410614014,0.9999188184738159,0.9996440410614014,0.999883234500885,1181941760
2026-04-20 13:00:00+00:00,0.9998073577880859,0.999914824962616,0.9996945858001709,0.9997752904891968,213221376
2026-04-20 14:00:00+00:00,0.9997622966766357,0.999941349029541,0.9995649456977844,0.9998008608818054,586428416
2026-04-20 15:00:00+00:00,0.9998048543930054,0.9999097585678101,0.9996479749679565,0.9997947812080383,1255682048
2026-04-20 16:00:00+00:00,0.9998346567153931,0.9998706579208374,0.9995684027671814,0.9996873736381531,783966208
2026-04-20 17:00:00+00:00,0.9997697472572327,0.9999566674232483,0.9996282458305359,0.9998676776885986,237535232
2026-04-20 18:00:00+00:00,0.9997149705886841,0.9998969435691833,0.9995737075805664,0.9998948574066162,0
2026-04-20 19:00:00+00:00,0.9997556805610657,1.000001311302185,0.9996652007102966,0.9997483491897583,169394176
2026-04-20 20:00:00+00:00,0.999782383441925,0.9999716877937317,0.9996843338012695,0.9999716877937317,1067884544
2026-04-20 21:00:00+00:00,0.9997549057006836,0.9999714493751526,0.9995777010917664,0.9995777010917664,1503391744
2026-04-20 22:00:00+00:00,0.999808669090271,0.9999743700027466,0.9994675517082214,0.9999536871910095,0
2026-04-20 23:00:00+00:00,0.9997038245201111,0.9999024868011475,0.9995630383491516,0.9997523427009583,0
2026-04-21 00:00:00+00:00,0.9997007846832275,0.999875009059906,0.9995574951171875,0.9997218251228333,51453952
2026-04-21 01:00:00+00:00,0.9997705221176147,0.9998512864112854,0.9993758201599121,0.9997271299362183,0
2026-04-21 02:00:00+00:00,0.9997040629386902,0.9998480081558228,0.9995179176330566,0.999752402305603,321363968
2026-04-21 03:00:00+00:00,0.9995726943016052,0.9998747706413269,0.9995726943016052,0.9997614026069641,190373888
2026-04-21 04:00:00+00:00,0.9997141361236572,0.9998149871826172,0.9996058940887451,0.9997146129608154,1493770240
2026-04-21 05:00:00+00:00,0.9996209144592285,0.9998877048492432,0.9995632171630859,0.9997742176055908,696311808
2026-04-21 06:00:00+00:00,0.9997066259384155,0.9998674988746643,0.9995867609977722,0.999813973903656,0
2026-04-21 07:00:00+00:00,0.9997528791427612,0.9998084902763367,0.9995478391647339,0.9996867775917053,0
2026-04-21 08:00:00+00:00,0.9996755123138428,0.9998396039009094,0.9995979070663452,0.9996856451034546,0
2026-04-21 09:00:00+00:00,0.9996850490570068,0.999832272529602,0.9995676875114441,0.9997285008430481,170283008
2026-04-21 10:00:00+00:00,0.9996856451034546,0.9998205304145813,0.999545693397522,0.9996513724327087,0
2026-04-21 11:00:00+00:00,0.999640941619873,0.9998365640640259,0.9995504021644592,0.9997172951698303,0
2026-04-21 12:00:00+00:00,0.9996561408042908,0.9998728632926941,0.999482274055481,0.999668300151825,0
2026-04-21 13:00:00+00:00,0.9998306035995483,0.9999162554740906,0.9995365142822266,0.9997705221176147,0
2026-04-21 14:00:00+00:00,0.9997545480728149,0.9999213814735413,0.9995676875114441,0.9996105432510376,0
2026-04-21 15:00:00+00:00,0.999626100063324,0.9998620748519897,0.9995664358139038,0.9996534585952759,0
2026-04-21 16:00:00+00:00,0.9996534585952759,0.9998431205749512,0.9994901418685913,0.9996176958084106,176668672
2026-04-21 17:00:00+00:00,0.9996852278709412,0.9997984766960144,0.999594509601593,0.9997515678405762,0
2026-04-21 18:00:00+00:00,0.999719500541687,0.9998210668563843,0.9995334148406982,0.9996998906135559,0
2026-04-21 19:00:00+00:00,0.9996514320373535,0.99988853931427,0.99958336353302,0.9996535778045654,1146630144
2026-04-21 20:00:00+00:00,0.9996041059494019,0.9998393058776855,0.9995989203453064,0.9997481107711792,0
2026-04-21 21:00:00+00:00,0.9997121691703796,0.9998525977134705,0.9996055960655212,0.9997138381004333,0
2026-04-21 22:00:00+00:00,0.9996904730796814,0.9998708367347717,0.9996063113212585,0.9996976852416992,136667136
2026-04-21 23:00:00+00:00,0.9996880888938904,0.9999064803123474,0.9995812177658081,0.9997087717056274,119898112
2026-04-22 00:00:00+00:00,0.9997230768203735,0.9998517036437988,0.9995865225791931,0.9997431039810181,0
2026-04-22 01:00:00+00:00,0.9997397661209106,0.9998213052749634,0.9996190071105957,0.9997849464416504,0
2026-04-22 02:00:00+00:00,0.9997307658195496,0.9998349547386169,0.9996163249015808,0.9997076392173767,0
2026-04-22 03:00:00+00:00,0.9998016357421875,0.9998510479927063,0.9996312260627747,0.9997543096542358,63193088
2026-04-22 04:00:00+00:00,0.9997165203094482,0.9998303651809692,0.9996439218521118,0.9996439218521118,241938432
2026-04-22 05:00:00+00:00,0.9996462464332581,0.9999294281005859,0.9996410012245178,0.9996593594551086,135737344
2026-04-22 06:00:00+00:00,0.9997754096984863,0.9998352527618408,0.9996848702430725,0.9998102188110352,590307328
2026-04-22 07:00:00+00:00,0.9997496604919434,0.9998384118080139,0.9996853470802307,0.9997209906578064,1013362688
2026-04-22 08:00:00+00:00,0.9997512102127075,0.9999262690544128,0.9996545314788818,0.9997116327285767,539791360
2026-04-22 09:00:00+00:00,0.9997456669807434,0.9998640418052673,0.99967360496521,0.9997282028198242,0
2026-04-22 10:00:00+00:00,0.9997029900550842,0.99983811378479,0.9996433854103088,0.9996811747550964,517595136
2026-04-22 11:00:00+00:00,0.9997060298919678,0.9999061822891235,0.999704897403717,0.9997377395629883,856367104
2026-04-22 12:00:00+00:00,0.9997017979621887,0.9999939203262329,0.9996549487113953,0.9997928738594055,0
2026-04-22 13:00:00+00:00,0.9997699856758118,0.999926745891571,0.9995484352111816,0.9996824264526367,1491107840
2026-04-22 14:00:00+00:00,0.9996346235275269,0.9998363852500916,0.9995317459106445,0.9996523261070251,0
2026-04-22 15:00:00+00:00,0.9997291564941406,0.9998881220817566,0.9995507001876831,0.9996437430381775,0
2026-04-22 16:00:00+00:00,0.9997451305389404,0.9998867511749268,0.9995594620704651,0.9997622966766357,161689600
2026-04-22 17:00:00+00:00,0.9996801614761353,0.9998844265937805,0.9995605945587158,0.9996644854545593,126181376
2026-04-22 18:00:00+00:00,0.9997811317443848,0.9998876452445984,0.9995818734169006,0.9997329115867615,0
2026-04-22 19:00:00+00:00,0.9997888803482056,0.9998770952224731,0.9996086955070496,0.9997496008872986,0
2026-04-22 20:00:00+00:00,0.9997634291648865,0.9999120831489563,0.999657928943634,0.9997034072875977,121556992
2026-04-22 21:00:00+00:00,0.9997316598892212,0.999969482421875,0.9996238350868225,0.9997274279594421,386871296
2026-04-22 22:00:00+00:00,0.9996926784515381,0.999811589717865,0.9996040463447571,0.9997496008872986,0
2026-04-22 23:00:00+00:00,0.9998127222061157,0.9999018907546997,0.9996228814125061,0.9996436238288879,0
2026-04-23 00:00:00+00:00,0.9996218085289001,0.9998446106910706,0.9995490908622742,0.999718427658081,443023360
2026-04-23 01:00:00+00:00,0.9996569156646729,0.9998202919960022,0.9995670318603516,0.9996792674064636,403800064
2026-04-23 02:00:00+00:00,0.9996147751808167,0.9998497366905212,0.9995613098144531,0.9996763467788696,0
2026-04-23 03:00:00+00:00,0.9997226595878601,0.9998146295547485,0.9995325803756714,0.9997949004173279,0
2026-04-23 04:00:00+00:00,0.9997005462646484,0.999800980091095,0.9996286630630493,0.9996693730354309,0
2026-04-23 05:00:00+00:00,0.9996860027313232,0.9998242259025574,0.9996135830879211,0.9996208548545837,0
2026-04-23 06:00:00+00:00,0.9997177720069885,0.9999367594718933,0.9995818734169006,0.9997646808624268,411742208
2026-04-23 07:00:00+00:00,0.9996931552886963,1.000030279159546,0.9996577501296997,0.9997711777687073,0
2026-04-23 08:00:00+00:00,0.9997448325157166,0.9999654293060303,0.9996926188468933,0.9999654293060303,540979200
2026-04-23 09:00:00+00:00,0.9999885559082031,0.9999885559082031,0.9996342062950134,0.999849796295166,371015680
2026-04-23 10:00:00+00:00,0.9997687935829163,0.9998879432678223,0.9996079206466675,0.9997178912162781,308002816
2026-04-23 11:00:00+00:00,0.9998101592063904,0.9999904036521912,0.999679684638977,0.9998428225517273,106983424
2026-04-23 12:00:00+00:00,0.9998974800109863,1.000174641609192,0.9997532367706299,1.0000805854797363,207740928
2026-04-23 13:00:00+00:00,0.9999465346336365,1.0002615451812744,0.9997541308403015,1.000184178352356,0
2026-04-23 14:00:00+00:00,0.9996950030326843,1.0001569986343384,0.9996767044067383,1.0000982284545898,36970496
2026-04-23 15:00:00+00:00,0.999806821346283,1.0002751350402832,0.9997273683547974,0.9999040365219116,107995136
2026-04-23 16:00:00+00:00,0.9999881982803345,1.0002119541168213,0.9997276663780212,1.00002121925354,0
2026-04-23 17:00:00+00:00,0.9999279975891113,1.0003316402435303,0.9997702240943909,0.9999650716781616,0
2026-04-23 18:00:00+00:00,1.0001792907714844,1.000255823135376,0.9997138977050781,0.9997686147689819,1266077696
2026-04-23 19:00:00+00:00,0.9997246265411377,1.0002373456954956,0.9996982216835022,1.0000187158584595,678879232
2026-04-23 20:00:00+00:00,0.9999035596847534,1.0001572370529175,0.9996462464332581,0.9999709129333496,0
2026-04-23 21:00:00+00:00,0.9999477863311768,1.000056266784668,0.9996889233589172,0.9999762177467346,225042432
2026-04-23 22:00:00+00:00,1.0000337362289429,1.0001519918441772,0.9996455907821655,0.9999889731407166,1423429632
2026-04-23 23:00:00+00:00,1.0000029802322388,1.0000879764556885,0.9997840523719788,0.9999203085899353,1015123968
2026-04-24 00:00:00+00:00,0.99994295835495,1.0000852346420288,0.9996789693832397,0.9999469518661499,53735424
2026-04-24 01:00:00+00:00,0.9999097585678101,1.000074028968811,0.9996620416641235,0.9999284148216248,21610496
2026-04-24 02:00:00+00:00,0.999987781047821,1.0000464916229248,0.9997791647911072,1.0000464916229248,821743616
2026-04-24 03:00:00+00:00,0.9999827146530151,1.0001685619354248,0.9998418092727661,0.9999378323554993,996360192
2026-04-24 04:00:00+00:00,0.9999778866767883,1.0001132488250732,0.9998161196708679,0.9998650550842285,251023360
2026-04-24 05:00:00+00:00,0.9999573826789856,1.0001105070114136,0.9998063445091248,0.9998844265937805,509321216
2026-04-24 06:00:00+00:00,0.9997999668121338,1.0000455379486084,0.9997031688690186,0.9997031688690186,0
2026-04-24 07:00:00+00:00,0.9999655485153198,0.9999963641166687,0.9997614622116089,0.9998525381088257,0
2026-04-24 08:00:00+00:00,0.999967634677887,1.00003182888031,0.9997310638427734,0.9997683763504028,58613760
2026-04-24 09:00:00+00:00,0.9998824596405029,1.000133991241455,0.9997637271881104,0.999899685382843,0
2026-04-24 10:00:00+00:00,0.9999011158943176,1.0000320672988892,0.9997725486755371,0.9998098611831665,0
2026-04-24 11:00:00+00:00,0.9999125599861145,1.000222086906433,0.9996468424797058,0.9999471306800842,23441408
2026-04-24 12:00:00+00:00,0.9998185038566589,1.0001469850540161,0.9998023509979248,0.9998701810836792,0
2026-04-24 13:00:00+00:00,0.9999185800552368,1.0001537799835205,0.9997144341468811,0.9997975826263428,73945088
2026-04-24 14:00:00+00:00,0.9998553991317749,1.0001219511032104,0.9997494220733643,0.9999492764472961,137408512
2026-04-24 15:00:00+00:00,0.9999978542327881,1.0000931024551392,0.9998007416725159,0.9998663067817688,271507456
2026-04-24 16:00:00+00:00,0.999878466129303,0.999995231628418,0.9996250867843628,0.9998814463615417,24850432
2026-04-24 17:00:00+00:00,0.9999976754188538,1.0000569820404053,0.9997174143791199,0.9998838305473328,85233664
2026-04-24 18:00:00+00:00,0.9998192191123962,1.0000193119049072,0.999705970287323,0.9999868869781494,0
2026-04-24 19:00:00+00:00,0.9998850226402283,1.0000051259994507,0.9997423887252808,0.9998314380645752,0
2026-04-24 20:00:00+00:00,0.9998192191123962,1.0000108480453491,0.9997117519378662,0.9998729825019836,184270848
2026-04-24 21:00:00+00:00,0.9999479651451111,1.0000256299972534,0.9997768998146057,0.9997768998146057,0
2026-04-24 22:00:00+00:00,0.9997787475585938,0.9999400973320007,0.9996973276138306,0.9998435974121094,19107840
2026-04-24 23:00:00+00:00,0.9998434782028198,1.0000617504119873,0.9997519254684448,0.9998897314071655,26423296
2026-04-25 00:00:00+00:00,0.999902069568634,1.0000170469284058,0.9997004866600037,0.9998377561569214,8056832
2026-04-25 01:00:00+00:00,0.9998188018798828,0.9998903274536133,0.9997130632400513,0.9998071193695068,0
2026-04-25 02:00:00+00:00,0.9998043179512024,0.9998671412467957,0.9996650815010071,0.9996890425682068,0
2026-04-25 03:00:00+00:00,0.9996970295906067,0.999858558177948,0.9996439814567566,0.9997425675392151,0
2026-04-25 04:00:00+00:00,0.9998119473457336,0.999825656414032,0.9996487498283386,0.9997090697288513,0
2026-04-25 05:00:00+00:00,0.9997714757919312,0.9998551607131958,0.9996645450592041,0.9997146725654602,0
2026-04-25 06:00:00+00:00,0.999731719493866,0.9999291300773621,0.9996002912521362,0.9997246861457825,0
2026-04-25 07:00:00+00:00,0.9996718764305115,0.9998404383659363,0.9996107220649719,0.9997769594192505,0
2026-04-25 08:00:00+00:00,0.999828040599823,0.9999572038650513,0.9996849894523621,0.9997520446777344,0
2026-04-25 09:00:00+00:00,0.9997263550758362,0.9998828768730164,0.9995952248573303,0.9997395873069763,0
2026-04-25 10:00:00+00:00,0.9997764229774475,0.9998829960823059,0.9996618032455444,0.9997536540031433,0
2026-04-25 11:00:00+00:00,0.9996851086616516,0.9998562335968018,0.9996316432952881,0.9997897148132324,0
2026-04-25 12:00:00+00:00,0.9997798204421997,0.9998471140861511,0.9996614456176758,0.9997187852859497,315224064
2026-04-25 13:00:00+00:00,0.9997299909591675,0.999880313873291,0.9996705055236816,0.9997360110282898,0
2026-04-25 14:00:00+00:00,0.9997041821479797,0.9998782277107239,0.9996265769004822,0.9996913075447083,0
2026-04-25 15:00:00+00:00,0.9996752142906189,0.9998998641967773,0.9995871782302856,0.9997192025184631,0
2026-04-25 16:00:00+00:00,0.9997162222862244,0.9999896287918091,0.9996328949928284,0.9996637105941772,0
2026-04-25 17:00:00+00:00,0.9997912645339966,1.0000513792037964,0.9996538758277893,0.9997455477714539,0
2026-04-25 18:00:00+00:00,0.99974125623703,0.9998586773872375,0.9996078014373779,0.9997888803482056,0
2026-04-25 19:00:00+00:00,0.9997991323471069,0.9998291730880737,0.9995715022087097,0.9996919631958008,0
2026-04-25 20:00:00+00:00,0.9997749328613281,0.9998366236686707,0.9996014833450317,0.9997607469558716,0
2026-04-25 21:00:00+00:00,0.9996780157089233,0.9998563528060913,0.9996441006660461,0.9998059272766113,0
2026-04-25 22:00:00+00:00,0.9996823072433472,0.9998584389686584,0.9996417760848999,0.9997334480285645,0
2026-04-25 23:00:00+00:00,0.9997326135635376,0.9999426603317261,0.9996155500411987,0.9996155500411987,0
2026-04-26 00:00:00+00:00,0.9997442364692688,0.9998286962509155,0.9995806217193604,0.9997425675392151,0
2026-04-26 01:00:00+00:00,0.9997431039810181,0.9998923540115356,0.9995814561843872,0.9997476935386658,0
2026-04-26 02:00:00+00:00,0.9997755885124207,0.9998317956924438,0.9995759725570679,0.9996498227119446,0
2026-04-26 03:00:00+00:00,0.9996604919433594,0.9998020529747009,0.9996206760406494,0.9996914863586426,2387968
2026-04-26 04:00:00+00:00,0.9997497797012329,0.9999089241027832,0.9995905756950378,0.9997811317443848,8912896
2026-04-26 05:00:00+00:00,0.999813437461853,0.9998349547386169,0.999664306640625,0.9997943043708801,146550784
2026-04-26 06:00:00+00:00,0.9998246431350708,0.9999130964279175,0.9996799826622009,0.9997431635856628,440164352
2026-04-26 07:00:00+00:00,0.9997774362564087,0.999845564365387,0.9996773600578308,0.9997215867042542,100225024
2026-04-26 08:00:00+00:00,0.9998112916946411,0.9999866485595703,0.999659538269043,0.9997836351394653,11214848
2026-04-26 09:00:00+00:00,0.9997758865356445,0.9998574256896973,0.9996671676635742,0.9997106194496155,0
2026-04-26 10:00:00+00:00,0.9998011589050293,0.9998922944068909,0.9996524453163147,0.9997077584266663,17960960
2026-04-26 11:00:00+00:00,0.9997166395187378,0.9998720288276672,0.9996081590652466,0.999771237373352,0
2026-04-26 12:00:00+00:00,0.9997785687446594,0.9998805522918701,0.9996835589408875,0.9997289180755615,0
2026-04-26 13:00:00+00:00,0.9997621178627014,0.9998891949653625,0.9996616840362549,0.9997384548187256,0
2026-04-26 14:00:00+00:00,0.9998199343681335,0.9999311566352844,0.99970543384552,0.9998670220375061,0
2026-04-26 15:00:00+00:00,0.9997842311859131,0.9999328851699829,0.9997842311859131,0.9999114871025085,0
2026-04-26 16:00:00+00:00,0.9998409152030945,0.9999508261680603,0.9997552633285522,0.9997965097427368,0
2026-04-26 17:00:00+00:00,0.9998472332954407,0.9999932646751404,0.9997889399528503,0.9999932646751404,19238912
2026-04-26 18:00:00+00:00,0.9998617172241211,1.0000256299972534,0.9997966885566711,0.9999822378158569,156372992
2026-04-26 19:00:00+00:00,0.9998961687088013,1.000224232673645,0.9997614026069641,0.9998868107795715,136450048
2026-04-26 20:00:00+00:00,1.0000554323196411,1.000159502029419,0.9998771548271179,0.9999938011169434,92745728
2026-04-26 21:00:00+00:00,0.999976634979248,1.0001146793365479,0.9998542070388794,0.9999945163726807,403144704
2026-04-26 22:00:00+00:00,1.000096321105957,1.0001683235168457,0.9998537302017212,1.0000580549240112,436363264
2026-04-26 23:00:00+00:00,1.0001146793365479,1.0001959800720215,0.999800443649292,1.0000265836715698,1561370624
2026-04-27 00:00:00+00:00,0.9999861121177673,1.0002286434173584,0.999837338924408,0.999970555305481,776777728
2026-04-27 01:00:00+00:00,1.0000030994415283,1.0001887083053589,0.9997820854187012,1.0000808238983154,406024192
2026-04-27 02:00:00+00:00,0.9999722838401794,1.0002098083496094,0.9997833371162415,0.9999392032623291,230383616
2026-04-27 03:00:00+00:00,1.0000183582305908,1.0002670288085938,0.9997851848602295,0.9999182224273682,0
2026-04-27 04:00:00+00:00,0.9998278617858887,1.000070571899414,0.9997949004173279,0.999923825263977,37978112
2026-04-27 05:00:00+00:00,0.9998499751091003,1.0000340938568115,0.9998019337654114,0.9998689293861389,570548224
2026-04-27 06:00:00+00:00,0.9998605251312256,0.99997878074646,0.9997608065605164,0.9998706579208374,253546496
2026-04-27 07:00:00+00:00,0.9997818470001221,1.0000333786010742,0.9997339248657227,0.9998283386230469,0
2026-04-27 08:00:00+00:00,0.9998940825462341,1.0000171661376953,0.9998011589050293,0.9998505711555481,29261824
2026-04-27 09:00:00+00:00,0.9998555779457092,0.9999948740005493,0.999769389629364,0.9998831152915955,294076416
2026-04-27 10:00:00+00:00,0.9999555945396423,1.000002384185791,0.9998065233230591,0.9999659657478333,256335872
2026-04-27 11:00:00+00:00,0.9999191761016846,1.0000790357589722,0.9998059868812561,1.0000156164169312,729563136
2026-04-27 12:00:00+00:00,0.999980092048645,1.0000975131988525,0.9998002648353577,0.9999399781227112,1869647872
2026-04-27 13:00:00+00:00,0.9999505877494812,1.000204086303711,0.9998040795326233,1.0000500679016113,403578880
2026-04-27 14:00:00+00:00,0.999946117401123,1.0001072883605957,0.9996820688247681,0.9999596476554871,957239296
2026-04-27 15:00:00+00:00,0.9998251795768738,1.0001182556152344,0.9998148083686829,0.9999116659164429,1159614464
2026-04-27 16:00:00+00:00,0.9998836517333984,1.0001147985458374,0.9997410774230957,0.9998012185096741,715464704
2026-04-27 17:00:00+00:00,0.9999178647994995,1.000121831893921,0.9997754693031311,0.9998670816421509,0
2026-04-27 18:00:00+00:00,0.9998586773872375,1.0001661777496338,0.9997392296791077,0.9999530911445618,0
2026-04-27 19:00:00+00:00,1.0000050067901611,1.0002119541168213,0.9997344017028809,0.9999200105667114,371372032
2026-04-27 20:00:00+00:00,1.0000144243240356,1.0002361536026,0.9998100996017456,1.00005042552948,95678464
2026-04-27 21:00:00+00:00,1.000060796737671,1.0001978874206543,0.999776303768158,0.9999032616615295,0
2026-04-27 22:00:00+00:00,0.9999851584434509,1.0002297163009644,0.999747633934021,1.00007164478302,0
2026-04-27 23:00:00+00:00,0.9999406337738037,1.0001336336135864,0.9998053312301636,0.9998497366905212,32337920
2026-04-28 00:00:00+00:00,0.999834418296814,1.00026273727417,0.9997628927230835,0.999894917011261,0
2026-04-28 01:00:00+00:00,0.9998747706413269,1.0002517700195312,0.9997544288635254,1.0000507831573486,0
2026-04-28 02:00:00+00:00,0.9998939633369446,1.0002357959747314,0.9997621774673462,0.9997703433036804,0
2026-04-28 03:00:00+00:00,0.9998754262924194,1.0002361536026,0.999813437461853,1.0001449584960938,149913600
2026-04-28 04:00:00+00:00,1.000024676322937,1.0001600980758667,0.9998928904533386,1.0001353025436401,38989824
2026-04-28 05:00:00+00:00,0.9999789595603943,1.0001542568206787,0.9997724890708923,0.9999604821205139,0
2026-04-28 06:00:00+00:00,0.9998123645782471,1.0000605583190918,0.99973464012146,0.9997536540031433,0
2026-04-28 07:00:00+00:00,0.9998854398727417,1.0,0.9997642040252686,0.9997760653495789,327634944
2026-04-28 08:00:00+00:00,0.9998619556427002,1.0000762939453125,0.9997814297676086,1.0000547170639038,216895488
2026-04-28 09:00:00+00:00,0.9999322295188904,1.000060796737671,0.9996452331542969,0.9998830556869507,0
2026-04-28 10:00:00+00:00,0.99979567527771,1.0000218152999878,0.9997947216033936,0.9998836517333984,0
2026-04-28 11:00:00+00:00,0.9998499751091003,1.000119924545288,0.9997085928916931,0.9997303485870361,0
2026-04-28 12:00:00+00:00,0.9998205304145813,1.0001356601715088,0.9997201561927795,0.9999289512634277,13946880
2026-04-28 13:00:00+00:00,0.9999207258224487,1.000243067741394,0.9997003674507141,0.99996018409729,265572352
2026-04-28 14:00:00+00:00,0.9999024868011475,1.0002588033676147,0.9997282028198242,0.9998417496681213,11284480
2026-04-28 15:00:00+00:00,0.9997824430465698,1.0001678466796875,0.9997503757476807,0.9999914169311523,0
2026-04-28 16:00:00+00:00,0.9998880624771118,1.0001744031906128,0.9997104406356812,0.9999774098396301,0
2026-04-28 17:00:00+00:00,0.9998663067817688,1.0001603364944458,0.9997034072875977,0.9998597502708435,249565184
2026-04-28 18:00:00+00:00,0.9999828338623047,1.0000386238098145,0.9997011423110962,0.9998353719711304,0
2026-04-28 19:00:00+00:00,0.9998766183853149,1.0000001192092896,0.9995538592338562,0.9998934864997864,0
2026-04-28 20:00:00+00:00,0.999782919883728,1.0000288486480713,0.9997315406799316,0.9998998641967773,315961344
2026-04-28 21:00:00+00:00,0.9998441934585571,1.0003257989883423,0.9997590780258179,0.9999600052833557,85471232
2026-04-28 22:00:00+00:00,0.9999715685844421,1.0000858306884766,0.9997644424438477,0.999869704246521,167641088
2026-04-28 23:00:00+00:00,0.9998552799224854,1.0000613927841187,0.9997279047966003,0.9998463988304138,111300608
2026-04-29 00:00:00+00:00,0.9999491572380066,0.9999851584434509,0.9996821880340576,0.9997275471687317,0
2026-04-29 01:00:00+00:00,0.9999143481254578,1.000396966934204,0.9997177124023438,0.999991238117218,0
2026-04-29 02:00:00+00:00,0.9998303055763245,1.0000338554382324,0.9997389316558838,0.999825119972229,0
2026-04-29 03:00:00+00:00,0.9997942447662354,1.000107765197754,0.999750554561615,0.9999324679374695,0
2026-04-29 04:00:00+00:00,0.9999366402626038,1.0000457763671875,0.999742329120636,0.9998128414154053,826007552
2026-04-29 05:00:00+00:00,0.9999732375144958,1.000030279159546,0.9997777938842773,0.9998981952667236,0
2026-04-29 06:00:00+00:00,0.999887228012085,1.0001014471054077,0.9997329115867615,0.9998813271522522,0
2026-04-29 07:00:00+00:00,0.9999589920043945,1.000096082687378,0.9997649788856506,0.9997681975364685,834473984
2026-04-29 08:00:00+00:00,0.9998345375061035,1.0000629425048828,0.9997314214706421,0.9998367428779602,0
2026-04-29 09:00:00+00:00,0.9998893141746521,1.0001497268676758,0.9997777342796326,0.9998472929000854,1094160384
2026-04-29 10:00:00+00:00,0.9999080896377563,1.0001344680786133,0.9997541308403015,0.9998563528060913,859533312
2026-04-29 11:00:00+00:00,0.9999002814292908,1.0001308917999268,0.9996904134750366,0.9998388886451721,63434752
2026-04-29 12:00:00+00:00,0.999839186668396,1.0000851154327393,0.9997382760047913,0.9998118877410889,0
2026-04-29 13:00:00+00:00,0.9998384118080139,1.000245213508606,0.9996911287307739,0.9998729228973389,0
2026-04-29 14:00:00+00:00,0.9999525547027588,1.0002391338348389,0.9996580481529236,0.9998769760131836,1142784
2026-04-29 15:00:00+00:00,0.9997217655181885,1.0001070499420166,0.9996407628059387,0.9998969435691833,0
2026-04-29 16:00:00+00:00,0.9997985363006592,0.9999943971633911,0.9997279644012451,0.9998278021812439,956948480
2026-04-29 17:00:00+00:00,1.000032901763916,1.0000767707824707,0.9996961951255798,0.9998334646224976,0
2026-04-29 18:00:00+00:00,0.9998257160186768,1.0002394914627075,0.9996465444564819,0.9998571276664734,720510976
2026-04-29 19:00:00+00:00,0.9997742772102356,1.000272274017334,0.9997676610946655,0.9998851418495178,47509504
2026-04-29 20:00:00+00:00,0.9998483061790466,0.9999918937683105,0.9997152090072632,0.9999276399612427,0
2026-04-29 21:00:00+00:00,0.999858021736145,1.0000587701797485,0.9997296929359436,0.9999021887779236,0
2026-04-29 22:00:00+00:00,0.9999605417251587,1.0003923177719116,0.9997028112411499,0.9998272061347961,0
2026-04-29 23:00:00+00:00,0.999841570854187,1.0000063180923462,0.999726414680481,0.9998762011528015,8982528
2026-04-30 00:00:00+00:00,0.9998723864555359,1.0001438856124878,0.9997187256813049,0.9997517466545105,1152724992
2026-04-30 01:00:00+00:00,0.9998237490653992,1.0001425743103027,0.9997124075889587,1.0000463724136353,1888882688
2026-04-30 02:00:00+00:00,0.9999678730964661,1.0000957250595093,0.9997693300247192,0.9998342394828796,1176592384
2026-04-30 03:00:00+00:00,0.9998282790184021,1.0001729726791382,0.9996581077575684,0.9998353719711304,0
2026-04-30 04:00:00+00:00,0.9998143911361694,1.0001641511917114,0.9996482729911804,0.9996919631958008,35565568
2026-04-30 05:00:00+00:00,0.9996230602264404,1.0001343488693237,0.9996230602264404,0.9998636245727539,1950257152
2026-04-30 06:00:00+00:00,0.9998230934143066,1.000160813331604,0.9997155070304871,0.999862790107727,1811742720
2026-04-30 07:00:00+00:00,1.0000404119491577,1.0001189708709717,0.9997146725654602,0.9998327493667603,0
2026-04-30 08:00:00+00:00,0.9998407363891602,1.0001373291015625,0.9997227191925049,0.999839723110199,0
2026-04-30 09:00:00+00:00,1.0000741481781006,1.000340461730957,0.9997768998146057,0.9999676942825317,0
2026-04-30 10:00:00+00:00,0.9998028874397278,1.0000661611557007,0.9997527599334717,0.99985671043396,0
2026-04-30 11:00:00+00:00,0.9998204708099365,1.0000988245010376,0.9997532963752747,0.9998946189880371,632291328
2026-04-30 12:00:00+00:00,0.9999123215675354,1.0001823902130127,0.9996687173843384,0.9998653531074524,101830656
2026-04-30 13:00:00+00:00,0.9998136758804321,1.0002480745315552,0.9996899962425232,0.9999156594276428,0
2026-04-30 14:00:00+00:00,1.0000841617584229,1.0001777410507202,0.9996070861816406,0.9997190833091736,0
2026-04-30 15:00:00+00:00,0.999822735786438,1.0001320838928223,0.999631404876709,0.9999493360519409,364146688
2026-04-30 16:00:00+00:00,0.999796450138092,1.0000356435775757,0.9997268319129944,0.9998008608818054,449347584
2026-04-30 17:00:00+00:00,0.999719500541687,1.0000431537628174,0.9996426701545715,0.9997777342796326,351039488
2026-04-30 18:00:00+00:00,0.9998018741607666,1.0000911951065063,0.9997385144233704,0.9998987317085266,0
2026-04-30 19:00:00+00:00,0.999889612197876,1.0001111030578613,0.9998164176940918,0.9999396204948425,99356672
2026-04-30 20:00:00+00:00,1.0000284910202026,1.0000284910202026,0.9996659755706787,0.9997743368148804,406970368
2026-04-30 21:00:00+00:00,0.9997261762619019,0.9999740719795227,0.9996523261070251,0.999708354473114,929693696
2026-04-30 22:00:00+00:00,0.9998407363891602,0.9999462962150574,0.9996469020843506,0.9997187852859497,0
2026-04-30 23:00:00+00:00,0.9997357130050659,0.999995768070221,0.9996618628501892,0.9998770356178284,1505198080
2026-05-01 00:00:00+00:00,0.9998116493225098,0.9999870657920837,0.9996170401573181,0.9999870657920837,948379648
2026-05-01 01:00:00+00:00,0.9998546242713928,1.0000039339065552,0.9996630549430847,0.9998387098312378,65257472
2026-05-01 02:00:00+00:00,0.999847412109375,0.9999302625656128,0.9996780753135681,0.9997774958610535,0
2026-05-01 03:00:00+00:00,0.9998920559883118,0.9999407529830933,0.9995876550674438,0.9997401237487793,155324416
2026-05-01 04:00:00+00:00,0.9998219013214111,0.9999886751174927,0.9996867775917053,0.999876081943512,78155776
2026-05-01 05:00:00+00:00,0.9997549057006836,0.9999600052833557,0.9996267557144165,0.9997153878211975,0
2026-05-01 06:00:00+00:00,0.9997909069061279,0.999971330165863,0.9996700882911682,0.9998036623001099,0
2026-05-01 07:00:00+00:00,0.9997153282165527,0.9999674558639526,0.9997011423110962,0.9998581409454346,14004224
2026-05-01 08:00:00+00:00,0.9997866153717041,1.0000771284103394,0.9996858835220337,1.0000771284103394,0
2026-05-01 09:00:00+00:00,0.9998583793640137,1.0000941753387451,0.9997445940971375,0.9999756217002869,0
2026-05-01 10:00:00+00:00,0.9999411106109619,1.0000250339508057,0.9996817111968994,0.9998442530632019,154288128
2026-05-01 11:00:00+00:00,0.9999499320983887,1.0000780820846558,0.9997894763946533,0.9999865293502808,0
2026-05-01 12:00:00+00:00,0.9999505281448364,1.000072717666626,0.9997801184654236,0.9999592900276184,0
2026-05-01 13:00:00+00:00,1.0000059604644775,1.0001006126403809,0.9997591376304626,1.0001006126403809,484990976
2026-05-01 14:00:00+00:00,0.9999192953109741,1.0000139474868774,0.9997566938400269,0.9999104738235474,338505728
2026-05-01 15:00:00+00:00,0.9999104738235474,1.0000017881393433,0.9997701048851013,0.9999054074287415,57323520
2026-05-01 16:00:00+00:00,0.9998977780342102,0.9999532699584961,0.9997121691703796,0.9998449087142944,23339008
2026-05-01 17:00:00+00:00,0.9998341202735901,0.9999991655349731,0.9997433423995972,0.9999991655349731,70008832
2026-05-01 18:00:00+00:00,0.9999011158943176,0.9999457597732544,0.9997249841690063,0.9998422265052795,0
2026-05-01 19:00:00+00:00,0.9997853636741638,0.9999434351921082,0.9996830224990845,0.9997657537460327,0
2026-05-01 20:00:00+00:00,0.9998136162757874,0.9998756647109985,0.9996252059936523,0.9998586773872375,0
2026-05-01 21:00:00+00:00,0.9998345375061035,0.9998883605003357,0.9996877312660217,0.9998302459716797,0
2026-05-01 22:00:00+00:00,0.9998322129249573,0.999968409538269,0.9996605515480042,0.999839186668396,87498752
2026-05-01 23:00:00+00:00,0.9998358488082886,0.9999617338180542,0.9996512532234192,0.9998036623001099,3903488
2026-05-02 00:00:00+00:00,0.9997848272323608,0.999912440776825,0.9996929168701172,0.9997237920761108,0
2026-05-02 01:00:00+00:00,0.9997138977050781,0.9999139308929443,0.9996511340141296,0.9998122453689575,0
2026-05-02 02:00:00+00:00,0.9997668266296387,0.9999372363090515,0.9996833205223083,0.999767005443573,0
2026-05-02 03:00:00+00:00,0.9997868537902832,0.9999087452888489,0.9997000694274902,0.9997000694274902,0
2026-05-02 04:00:00+00:00,0.9997291564941406,0.9999226331710815,0.999671220779419,0.9998109340667725,0
2026-05-02 05:00:00+00:00,0.9999017715454102,0.9999017715454102,0.9995329976081848,0.999775767326355,9838592
2026-05-02 06:00:00+00:00,0.9997561573982239,0.9999399781227112,0.9997105002403259,0.9998029470443726,0
2026-05-02 07:00:00+00:00,0.9998626708984375,0.9999224543571472,0.9996151924133301,0.9998226761817932,0
2026-05-02 08:00:00+00:00,0.9997770190238953,0.999823808670044,0.9996198415756226,0.9997630715370178,0
2026-05-02 09:00:00+00:00,0.9997599720954895,0.9998705983161926,0.9996610283851624,0.9997667670249939,0
2026-05-02 10:00:00+00:00,0.9998189210891724,0.9998592138290405,0.9996720552444458,0.99974524974823,0
2026-05-02 11:00:00+00:00,0.9997314810752869,0.9998445510864258,0.9996395111083984,0.9997374415397644,0
2026-05-02 12:00:00+00:00,0.9998055696487427,0.9998277425765991,0.9996289014816284,0.9996993541717529,0
2026-05-02 13:00:00+00:00,0.9997506141662598,0.9998742341995239,0.9996549487113953,0.9997828006744385,0
2026-05-02 14:00:00+00:00,0.9997366070747375,0.999917209148407,0.9996731877326965,0.9998208284378052,0
2026-05-02 15:00:00+00:00,0.9997934103012085,0.999898374080658,0.9996429085731506,0.9997361898422241,0
2026-05-02 16:00:00+00:00,0.9998231530189514,0.9999372363090515,0.9996813535690308,0.999718964099884,0
2026-05-02 17:00:00+00:00,0.9998155832290649,0.9999325275421143,0.9997259974479675,0.9998592734336853,0
2026-05-02 18:00:00+00:00,0.9998322129249573,0.9998772740364075,0.9997040629386902,0.9997788071632385,0
2026-05-02 19:00:00+00:00,0.9997235536575317,0.9998916983604431,0.9996212124824524,0.9997934103012085,318464000
2026-05-02 20:00:00+00:00,0.9998113512992859,0.9999276399612427,0.9996241927146912,0.999864935874939,0
2026-05-02 21:00:00+00:00,0.9998932480812073,0.9999434351921082,0.99969482421875,0.9997841715812683,0
2026-05-02 22:00:00+00:00,0.999755322933197,0.9999076128005981,0.9996739625930786,0.9998791813850403,0
2026-05-02 23:00:00+00:00,0.9998230934143066,0.9998840093612671,0.9996695518493652,0.9997597932815552,0
2026-05-03 00:00:00+00:00,0.9997361302375793,0.9999039173126221,0.9996535778045654,0.9997864365577698,0
2026-05-03 01:00:00+00:00,0.9998317956924438,0.9999284744262695,0.9996954202651978,0.9998108148574829,0
2026-05-03 02:00:00+00:00,0.9997015595436096,0.9998849034309387,0.999559760093689,0.9998849034309387,0
2026-05-03 03:00:00+00:00,0.9997273683547974,0.9999480247497559,0.9996553659439087,0.9998050928115845,0
2026-05-03 04:00:00+00:00,0.9997483491897583,0.9998729825019836,0.9996307492256165,0.9996906518936157,0
2026-05-03 05:00:00+00:00,0.9998267292976379,0.9998735785484314,0.9996779561042786,0.9997290968894958,0
2026-05-03 06:00:00+00:00,0.9998003840446472,0.9998832941055298,0.9996352791786194,0.9998832941055298,0
2026-05-03 07:00:00+00:00,0.9997481107711792,0.999919056892395,0.9995520710945129,0.9997777938842773,0
2026-05-03 08:00:00+00:00,0.9998394250869751,0.9999158382415771,0.9996625185012817,0.9998305439949036,0
2026-05-03 09:00:00+00:00,0.9998393058776855,0.9999157190322876,0.9996089339256287,0.9999157190322876,0
2026-05-03 10:00:00+00:00,0.9999235272407532,0.9999235272407532,0.9996091723442078,0.9998224377632141,57454592
2026-05-03 11:00:00+00:00,0.9997575879096985,0.999946117401123,0.999695360660553,0.9997847080230713,812046336
2026-05-03 12:00:00+00:00,0.9997216463088989,0.9998984336853027,0.9995774030685425,0.9997607469558716,1500747776
2026-05-03 13:00:00+00:00,0.9996652603149414,0.9998816847801208,0.9996581673622131,0.9996938109397888,657735680
2026-05-03 14:00:00+00:00,0.9998209476470947,0.999902069568634,0.9997028112411499,0.9997719526290894,539144192
2026-05-03 15:00:00+00:00,0.9997320771217346,0.9999266266822815,0.9995928406715393,0.9997336268424988,771833856
2026-05-03 16:00:00+00:00,0.9998117685317993,0.9998946785926819,0.9996283054351807,0.9998621940612793,208039936
2026-05-03 17:00:00+00:00,0.999740481376648,0.9999027252197266,0.9996032118797302,0.9998248219490051,345862144
2026-05-03 18:00:00+00:00,0.9998654127120972,0.9998835325241089,0.9996042847633362,0.9996985793113708,1054138368
2026-05-03 19:00:00+00:00,0.9997593760490417,0.9998842477798462,0.9996302723884583,0.9997992515563965,579514368
2026-05-03 20:00:00+00:00,0.9997423887252808,0.9999551177024841,0.999621570110321,0.9999525547027588,702771200
2026-05-03 21:00:00+00:00,0.9998458623886108,0.9999449849128723,0.9996742010116577,0.9998408555984497,1201594368
2026-05-03 22:00:00+00:00,0.9999238848686218,0.9999238848686218,0.9995942711830139,0.9997815489768982,1612431360
2026-05-03 23:00:00+00:00,0.9998499751091003,0.9999869465827942,0.9997367858886719,0.9999869465827942,462082048
2026-05-04 00:00:00+00:00,0.999900758266449,0.9999363422393799,0.9997697472572327,0.9998108744621277,2026016768
2026-05-04 01:00:00+00:00,0.9998165369033813,1.000004529953003,0.9996997117996216,0.9998278617858887,1439125504
2026-05-04 02:00:00+00:00,0.9998654723167419,0.9999284744262695,0.9996578693389893,0.9997891187667847,2606759936
2026-05-04 03:00:00+00:00,0.9998683333396912,0.9998849630355835,0.9996263384819031,0.9996619820594788,2281766912
2026-05-04 04:00:00+00:00,0.9997908473014832,0.9999725818634033,0.9996574521064758,0.9997085928916931,2151677952
2026-05-04 05:00:00+00:00,0.9998055696487427,0.9999279379844666,0.9996321797370911,0.9996740818023682,1839517696
2026-05-04 06:00:00+00:00,0.9997333288192749,0.999896228313446,0.9996490478515625,0.9998521208763123,544120832
2026-05-04 07:00:00+00:00,0.9998143315315247,0.9998817443847656,0.9996386170387268,0.9997057318687439,1189765120
2026-05-04 08:00:00+00:00,0.9998109340667725,0.9999149441719055,0.9995667338371277,0.9996896982192993,2295275520
2026-05-04 09:00:00+00:00,0.9997043013572693,0.99993497133255,0.9995480179786682,0.9997601509094238,730247168
2026-05-04 10:00:00+00:00,0.9997380375862122,0.9999355673789978,0.9996102452278137,0.9997021555900574,1390018560
2026-05-04 11:00:00+00:00,0.9998196363449097,0.9998821020126343,0.999596357345581,0.9998695850372314,425635840
2026-05-04 12:00:00+00:00,0.9997926950454712,0.9999061226844788,0.9995855093002319,0.9998171925544739,226115584
2026-05-04 13:00:00+00:00,0.9996599555015564,0.9999623894691467,0.999580442905426,0.9997957944869995,0
2026-05-04 14:00:00+00:00,0.999809980392456,0.999954879283905,0.9995388984680176,0.9999380707740784,1007362048
2026-05-04 15:00:00+00:00,0.9997910261154175,0.9999918937683105,0.9995379447937012,0.9997773170471191,525299712
2026-05-04 16:00:00+00:00,0.999731719493866,0.9999544024467468,0.9996404647827148,0.999758780002594,0
2026-05-04 17:00:00+00:00,0.9998392462730408,0.9999377727508545,0.9995940923690796,0.9997631311416626,275312640
2026-05-04 18:00:00+00:00,0.9996972680091858,0.9999148845672607,0.99957674741745,0.9997661709785461,213045248
2026-05-04 19:00:00+00:00,0.9997428059577942,0.9998918175697327,0.9996703267097473,0.9997860193252563,150798336
2026-05-04 20:00:00+00:00,0.9997100830078125,0.9999603033065796,0.9996212124824524,0.9997837543487549,0
2026-05-04 21:00:00+00:00,0.9997979998588562,0.9999446272850037,0.9996175765991211,0.9998953938484192,0
2026-05-04 22:00:00+00:00,0.9998846054077148,0.9999793171882629,0.9995687007904053,0.9998483061790466,0
2026-05-04 23:00:00+00:00,0.9997738003730774,0.999886691570282,0.9996046423912048,0.9998079538345337,0
2026-05-05 00:00:00+00:00,0.9998167157173157,0.9999250769615173,0.9996392130851746,0.9997888803482056,0
2026-05-05 01:00:00+00:00,0.9998462796211243,0.9999234676361084,0.9996201395988464,0.9998548626899719,0
2026-05-05 02:00:00+00:00,0.999761164188385,0.9998986721038818,0.9996103048324585,0.999813437461853,0
2026-05-05 03:00:00+00:00,0.999765157699585,0.9999103546142578,0.9995734691619873,0.9996562004089355,0
2026-05-05 04:00:00+00:00,0.9998194575309753,0.9999310970306396,0.9996087551116943,0.9997519850730896,0
2026-05-05 05:00:00+00:00,0.9997578263282776,0.9999423623085022,0.9995566606521606,0.9997169375419617,156545024
2026-05-05 06:00:00+00:00,0.9998140931129456,0.9999192357063293,0.9997064471244812,0.9998700022697449,0
2026-05-05 07:00:00+00:00,0.9997252225875854,1.0000190734863281,0.9995681643486023,0.9997386336326599,117821440
2026-05-05 08:00:00+00:00,0.9997822642326355,0.9999248385429382,0.9996028542518616,0.9997116923332214,29863936
2026-05-05 09:00:00+00:00,0.999788761138916,0.9999313354492188,0.9996503591537476,0.9998289942741394,0
2026-05-05 10:00:00+00:00,0.9998522400856018,0.9999030828475952,0.9996607303619385,0.9998456835746765,0
2026-05-05 11:00:00+00:00,0.9998356699943542,0.9999426603317261,0.9995783567428589,0.999734103679657,0
2026-05-05 12:00:00+00:00,0.9998703002929688,1.0000158548355103,0.9996433854103088,0.9998819828033447,69136384
2026-05-05 13:00:00+00:00,0.999870777130127,1.0001393556594849,0.9995618462562561,0.9997425079345703,1492762624
2026-05-05 14:00:00+00:00,0.9999147057533264,1.0000828504562378,0.9996122121810913,0.999935507774353,0
2026-05-05 15:00:00+00:00,0.9998396039009094,0.9999535083770752,0.9996377825737,0.9998075366020203,0
2026-05-05 16:00:00+00:00,0.9999442100524902,0.9999740719795227,0.9996971487998962,0.9998365044593811,711258112
2026-05-05 17:00:00+00:00,0.9996863603591919,0.9999589920043945,0.9993899464607239,0.9998239278793335,0
2026-05-05 18:00:00+00:00,0.9998548030853271,0.9999961256980896,0.9995731115341187,0.9998812079429626,92979200
2026-05-05 19:00:00+00:00,0.9998000264167786,1.0000336170196533,0.9996340274810791,0.9998359084129333,55943168
2026-05-05 20:00:00+00:00,0.9998413324356079,0.9999470114707947,0.9996101260185242,0.9997527599334717,292864000
2026-05-05 21:00:00+00:00,0.9999027848243713,0.9999551773071289,0.9995447397232056,0.9998406171798706,296140800
2026-05-05 22:00:00+00:00,0.9997859001159668,0.9999923706054688,0.9995839595794678,0.9996454119682312,424120320
2026-05-05 23:00:00+00:00,0.9999282956123352,0.9999518990516663,0.9994773268699646,0.9997714161872864,124370944
2026-05-06 00:00:00+00:00,0.99983149766922,0.9999107718467712,0.9994665384292603,0.9997320771217346,275087360
2026-05-06 01:00:00+00:00,0.9998438358306885,0.9999822974205017,0.9996007680892944,0.9998775124549866,350343168
2026-05-06 02:00:00+00:00,0.999788761138916,0.9999597072601318,0.9995875954627991,0.9998345971107483,815104
2026-05-06 03:00:00+00:00,0.999925971031189,0.9999598264694214,0.9996936917304993,0.9998355507850647,0
2026-05-06 04:00:00+00:00,0.9999010562896729,1.0000261068344116,0.9995334148406982,0.9996308088302612,0
2026-05-06 05:00:00+00:00,0.999855101108551,1.0000208616256714,0.9995599985122681,0.9997589588165283,0
2026-05-06 06:00:00+00:00,0.999769926071167,0.999921441078186,0.9995824098587036,0.9998860955238342,69529600
2026-05-06 07:00:00+00:00,0.9998190999031067,0.9999092221260071,0.9994487166404724,0.999811053276062,5574656
2026-05-06 08:00:00+00:00,0.9998154640197754,0.999968409538269,0.9995223879814148,0.9998696446418762,173850624
2026-05-06 09:00:00+00:00,0.9998552203178406,0.9999284148216248,0.9996412396430969,0.9998483657836914,2411143168
2026-05-06 10:00:00+00:00,0.9998443126678467,0.9999323487281799,0.9994871616363525,0.9998391270637512,249114624
2026-05-06 11:00:00+00:00,0.9997873902320862,0.9998229146003723,0.9994392991065979,0.9997199773788452,196542464
2026-05-06 12:00:00+00:00,0.9997324347496033,0.9998037219047546,0.999581515789032,0.999752402305603,166354944
2026-05-06 13:00:00+00:00,0.9996738433837891,0.9999609589576721,0.9994919300079346,0.9998009204864502,0
2026-05-06 14:00:00+00:00,0.9998146295547485,0.9999269247055054,0.9995566010475159,0.9997888207435608,0
2026-05-06 15:00:00+00:00,0.9996612071990967,0.9998878836631775,0.999441385269165,0.9997916221618652,0
2026-05-06 16:00:00+00:00,0.9998605251312256,1.0000087022781372,0.9996660947799683,0.9999845027923584,0
2026-05-06 17:00:00+00:00,0.999886691570282,0.9999725818634033,0.9996734857559204,0.9998230934143066,37228544
2026-05-06 18:00:00+00:00,0.9998250007629395,0.9999105334281921,0.999609649181366,0.9998329877853394,0
2026-05-06 19:00:00+00:00,0.9997950196266174,0.9999504685401917,0.9995602369308472,0.9997934699058533,0
2026-05-06 20:00:00+00:00,0.9997890591621399,0.9999483227729797,0.9996454119682312,0.9999305605888367,0
2026-05-06 21:00:00+00:00,0.9997202157974243,0.9998660087585449,0.999583899974823,0.9997245669364929,0
2026-05-06 22:00:00+00:00,0.9996594190597534,0.9999090433120728,0.9996030330657959,0.9997645020484924,0
2026-05-06 23:00:00+00:00,0.9997949600219727,0.9999490976333618,0.9996834993362427,0.9998489022254944,0
2026-05-07 00:00:00+00:00,0.9999045133590698,0.9999052286148071,0.9995830059051514,0.9998201727867126,0
2026-05-07 01:00:00+00:00,0.999890923500061,0.9999620914459229,0.9994604587554932,0.9997936487197876,0
2026-05-07 02:00:00+00:00,0.9998425245285034,0.9999695420265198,0.9995073080062866,0.999829113483429,0
2026-05-07 03:00:00+00:00,0.9997212290763855,0.9999440312385559,0.9996455311775208,0.999718189239502,41107456
2026-05-07 04:00:00+00:00,0.9996934533119202,0.9999122023582458,0.9995782971382141,0.9998236298561096,0
2026-05-07 05:00:00+00:00,0.9998919367790222,0.9999362230300903,0.9995878338813782,0.9998101592063904,0
2026-05-07 06:00:00+00:00,0.9998880624771118,0.9998880624771118,0.9994868040084839,0.9998393654823303,6295552
2026-05-07 07:00:00+00:00,0.9997664093971252,0.9999332427978516,0.9994475245475769,0.9998312592506409,0
2026-05-07 08:00:00+00:00,0.9998461604118347,0.9999681711196899,0.9995348453521729,0.9997221231460571,0
2026-05-07 09:00:00+00:00,0.9995208382606506,0.9999167323112488,0.9994191527366638,0.9998285174369812,0
2026-05-07 10:00:00+00:00,0.9997357726097107,0.9998787045478821,0.9995424747467041,0.9998787045478821,0
2026-05-07 11:00:00+00:00,0.9997854828834534,0.9999374151229858,0.9996686577796936,0.9998741745948792,0
2026-05-07 12:00:00+00:00,0.9998962879180908,0.9999269843101501,0.9995667934417725,0.9997923970222473,0
2026-05-07 13:00:00+00:00,0.999862790107727,0.9999344348907471,0.9996302127838135,0.999756932258606,0
2026-05-07 14:00:00+00:00,0.9998654723167419,0.9999231100082397,0.9994997978210449,0.999652624130249,545722368
2026-05-07 15:00:00+00:00,0.9998169541358948,0.9999727010726929,0.9995996356010437,0.9998031258583069,1247875072
2026-05-07 16:00:00+00:00,0.9996865391731262,0.9999093413352966,0.9995914101600647,0.9996392130851746,714022912
2026-05-07 17:00:00+00:00,0.999830961227417,0.9999109506607056,0.9995269179344177,0.9998103976249695,0
2026-05-07 18:00:00+00:00,0.9999170303344727,0.999917209148407,0.999657392501831,0.9998689293861389,167362560
2026-05-07 19:00:00+00:00,0.9997199773788452,0.9998857975006104,0.9995530843734741,0.9998603463172913,330461184
2026-05-07 20:00:00+00:00,0.9998708963394165,0.9999170899391174,0.999595582485199,0.9997633099555969,0
2026-05-07 21:00:00+00:00,0.9997645616531372,0.9998970627784729,0.9996455907821655,0.9997959733009338,854589440
2026-05-07 22:00:00+00:00,0.9998618364334106,0.9999191164970398,0.999754011631012,0.9998062252998352,2268831744
2026-05-07 23:00:00+00:00,0.9998264312744141,0.9999499320983887,0.9997225999832153,0.999800443649292,1821319168
2026-05-08 00:00:00+00:00,0.9998254179954529,0.9999461770057678,0.9996890425682068,0.9997405409812927,1759260672
2026-05-08 01:00:00+00:00,0.9998337030410767,0.9998995661735535,0.9995643496513367,0.9998168349266052,0
2026-05-08 02:00:00+00:00,0.9997692704200745,0.9998500347137451,0.9995502233505249,0.9997212290763855,0
2026-05-08 03:00:00+00:00,0.9996909499168396,0.9998040795326233,0.9995719194412231,0.9997479319572449,0
2026-05-08 04:00:00+00:00,0.9997397065162659,0.9998435378074646,0.9996143579483032,0.9998435378074646,13713408
2026-05-08 05:00:00+00:00,0.9997495412826538,0.9998764991760254,0.9996334910392761,0.9997327923774719,208818176
2026-05-08 06:00:00+00:00,0.9997417330741882,0.9998878240585327,0.999671995639801,0.9997414946556091,0
2026-05-08 07:00:00+00:00,0.9997000694274902,0.9998838901519775,0.9996447563171387,0.9997929930686951,147767296
2026-05-08 08:00:00+00:00,0.9997165203094482,0.9999094605445862,0.9996993541717529,0.999903678894043,0
2026-05-08 09:00:00+00:00,0.9998687505722046,1.0000041723251343,0.9997838735580444,0.9998229146003723,57931776
2026-05-08 10:00:00+00:00,0.9997983574867249,0.9999699592590332,0.9997983574867249,0.9999309182167053,0
2026-05-08 11:00:00+00:00,0.9998251795768738,0.9999801516532898,0.9997776746749878,0.9999035596847534,43444224
2026-05-08 12:00:00+00:00,0.9998379349708557,0.9999110102653503,0.9997435808181763,0.9998420476913452,0
2026-05-08 13:00:00+00:00,0.9998731017112732,0.9999492764472961,0.9997444748878479,0.9997915625572205,0
2026-05-08 14:00:00+00:00,0.9998719692230225,0.9999879598617554,0.9996877312660217,0.9997990727424622,341583872
2026-05-08 15:00:00+00:00,0.9998928308486938,0.9999592900276184,0.9996488690376282,0.999788224697113,71448576
2026-05-08 16:00:00+00:00,0.9997327327728271,0.9999780654907227,0.9997327327728271,0.9998151659965515,56171520
2026-05-08 17:00:00+00:00,0.9997981786727905,0.9999287128448486,0.9996672868728638,0.9997805953025818,147274752
2026-05-08 18:00:00+00:00,0.9997657537460327,0.9999096393585205,0.9996806979179382,0.9998175501823425,315661312
2026-05-08 19:00:00+00:00,0.9998175501823425,0.9999033808708191,0.9996920824050903,0.9997119903564453,0
2026-05-08 20:00:00+00:00,0.9996755719184875,0.9998840689659119,0.9996755719184875,0.999801516532898,0
2026-05-08 21:00:00+00:00,0.9998044371604919,0.9999060034751892,0.999737560749054,0.9997856616973877,0
2026-05-08 22:00:00+00:00,0.9998919367790222,0.9999259114265442,0.9997071027755737,0.999779999256134,0
2026-05-08 23:00:00+00:00,0.9997879266738892,0.9999276399612427,0.9997152090072632,0.9998393654823303,3530752
2026-05-09 00:00:00+00:00,0.9998421669006348,0.9998668432235718,0.9997354745864868,0.9998409152030945,0
2026-05-09 01:00:00+00:00,0.9998032450675964,0.999915599822998,0.9997562170028687,0.9997629523277283,49447936
2026-05-09 02:00:00+00:00,0.99980229139328,0.9999287724494934,0.999739408493042,0.9997482299804688,0
2026-05-09 03:00:00+00:00,0.9998058080673218,0.999923050403595,0.9997066259384155,0.9997611045837402,0
2026-05-09 04:00:00+00:00,0.9998769760131836,0.9999282360076904,0.9997323751449585,0.9997691512107849,143099904
2026-05-09 05:00:00+00:00,0.9997585415840149,0.9998871684074402,0.9997117519378662,0.9998536109924316,0
2026-05-09 06:00:00+00:00,0.9997965693473816,0.9999009966850281,0.9997218251228333,0.9997626543045044,0
2026-05-09 07:00:00+00:00,0.9997998476028442,0.9998554587364197,0.9997080564498901,0.9997634887695312,0
2026-05-09 08:00:00+00:00,0.9997164607048035,0.9998800158500671,0.9996980428695679,0.9997838735580444,0
2026-05-09 09:00:00+00:00,0.9998000860214233,0.9998571872711182,0.9997335076332092,0.9998316168785095,0
2026-05-09 10:00:00+00:00,0.9998394250869751,0.999970555305481,0.9997777342796326,0.9998089671134949,0
2026-05-09 11:00:00+00:00,0.9997809529304504,0.9999004602432251,0.9997270703315735,0.999733030796051,0
2026-05-09 12:00:00+00:00,0.9997380971908569,0.9998747110366821,0.9996760487556458,0.9998387694358826,0
2026-05-09 13:00:00+00:00,0.999913215637207,0.9999355673789978,0.9995847344398499,0.9997519254684448,0
2026-05-09 14:00:00+00:00,0.999814510345459,0.9998912811279297,0.9996365904808044,0.9997367858886719,0
2026-05-09 15:00:00+00:00,0.9998096823692322,0.9998766779899597,0.9996360540390015,0.9998588562011719,0
2026-05-09 16:00:00+00:00,0.9998403787612915,0.9999094009399414,0.9996514320373535,0.9998962879180908,0
2026-05-09 17:00:00+00:00,0.9998962879180908,0.9999274611473083,0.9996509552001953,0.9997332692146301,0
2026-05-09 18:00:00+00:00,0.999721348285675,0.9998753070831299,0.9995937347412109,0.9997876286506653,0
2026-05-09 19:00:00+00:00,0.9997901916503906,0.9999246597290039,0.9996682405471802,0.9998447299003601,0
2026-05-09 20:00:00+00:00,0.9997093081474304,0.9998825192451477,0.9996606707572937,0.9997274875640869,0
2026-05-09 21:00:00+00:00,0.999784529209137,0.9998676180839539,0.999697744846344,0.9997901916503906,0
2026-05-09 22:00:00+00:00,0.9997846484184265,0.9998816847801208,0.9996881484985352,0.9997978806495667,0
2026-05-09 23:00:00+00:00,0.9998365044593811,0.9999401569366455,0.9995651245117188,0.9997555613517761,0
2026-05-10 00:00:00+00:00,0.9997555613517761,0.9998682737350464,0.9996524453163147,0.9997783303260803,80697344
2026-05-10 01:00:00+00:00,0.9997427463531494,0.9998899102210999,0.9996368288993835,0.9997349381446838,0
2026-05-10 02:00:00+00:00,0.9997696876525879,0.9998951554298401,0.9996326565742493,0.9998676776885986,0
2026-05-10 03:00:00+00:00,0.9996800422668457,0.9998922348022461,0.9995770454406738,0.9998105764389038,0
2026-05-10 04:00:00+00:00,0.9997276067733765,0.9999060034751892,0.9997161626815796,0.999896764755249,0
2026-05-10 05:00:00+00:00,0.9998528957366943,0.999890923500061,0.9996644854545593,0.9997946619987488,0
2026-05-10 06:00:00+00:00,0.9998184442520142,0.9998692870140076,0.9996180534362793,0.9998139142990112,0
2026-05-10 07:00:00+00:00,0.9998217225074768,0.9999253153800964,0.99964839220047,0.9997923374176025,0
2026-05-10 08:00:00+00:00,0.9998201131820679,0.9999170303344727,0.9996821880340576,0.9998056292533875,0
2026-05-10 09:00:00+00:00,0.9996889233589172,0.9998492002487183,0.9996223449707031,0.9997062087059021,9134592
2026-05-10 10:00:00+00:00,0.9998323321342468,0.9998708963394165,0.9995453953742981,0.9997855424880981,21903872
2026-05-10 11:00:00+00:00,0.9997742176055908,0.9998763799667358,0.9994961023330688,0.9997228980064392,134144
2026-05-10 12:00:00+00:00,0.9996069073677063,0.9999467134475708,0.99956876039505,0.9997984766960144,24118784
2026-05-10 13:00:00+00:00,0.9998329877853394,0.999886691570282,0.9996557831764221,0.9998383522033691,0
2026-05-10 14:00:00+00:00,0.9998153448104858,0.9998758435249329,0.9996601939201355,0.9996743202209473,250355712
2026-05-10 15:00:00+00:00,0.9996917247772217,0.9998879432678223,0.9995617866516113,0.99968421459198,169196032
2026-05-10 16:00:00+00:00,0.999855637550354,0.9998782277107239,0.9996587634086609,0.9997581839561462,125721088
2026-05-10 17:00:00+00:00,0.9999434947967529,0.9999434947967529,0.9996356964111328,0.999748945236206,558557696
2026-05-10 18:00:00+00:00,0.9998642206192017,0.9999291300773621,0.9996449947357178,0.9998397827148438,73737216
2026-05-10 19:00:00+00:00,0.9998369216918945,0.9999211430549622,0.9996441006660461,0.9998570084571838,103047168
2026-05-10 20:00:00+00:00,0.9997580647468567,0.9999322295188904,0.9995501637458801,0.9998027086257935,612775936
2026-05-10 21:00:00+00:00,0.9998190999031067,0.9999614953994751,0.9996100068092346,0.9997758865356445,320102912
2026-05-10 22:00:00+00:00,0.999881386756897,0.9999299049377441,0.9994946122169495,0.9998319149017334,703970304
2026-05-10 23:00:00+00:00,0.9998090267181396,0.9998836517333984,0.9994725584983826,0.9997209310531616,421406720
2026-05-11 00:00:00+00:00,0.9997783899307251,0.9998842477798462,0.9995611310005188,0.999806821346283,320706560
2026-05-11 01:00:00+00:00,0.9996429681777954,0.9998955726623535,0.9995361566543579,0.9997423887252808,213604352
2026-05-11 02:00:00+00:00,0.9996730089187622,0.9998263120651245,0.9994320869445801,0.9998205304145813,258788352
2026-05-11 03:00:00+00:00,0.9996505379676819,0.9998671412467957,0.9995728135108948,0.9996870756149292,334325760
2026-05-11 04:00:00+00:00,0.9996032118797302,0.9998989701271057,0.9995822310447693,0.9997086524963379,133264384
2026-05-11 05:00:00+00:00,0.9996761679649353,0.9998688697814941,0.999572217464447,0.9998155832290649,181331968
2026-05-11 06:00:00+00:00,0.9997601509094238,0.9998104572296143,0.9993873238563538,0.9997714757919312,178483200
2026-05-11 07:00:00+00:00,0.999900221824646,0.999900221824646,0.9994685053825378,0.9996444582939148,317170688
2026-05-11 08:00:00+00:00,0.9996162056922913,0.9998646974563599,0.9995775818824768,0.9996873140335083,407569408
2026-05-11 09:00:00+00:00,0.9997808337211609,0.9998665452003479,0.9995723366737366,0.9996765851974487,126301184
2026-05-11 10:00:00+00:00,0.9997969269752502,0.9998453259468079,0.9996380805969238,0.9996963143348694,229358592
2026-05-11 11:00:00+00:00,0.9997767210006714,0.9998399019241333,0.9995525479316711,0.9997747540473938,184850432
2026-05-11 12:00:00+00:00,0.9997442364692688,0.9998536109924316,0.9996453523635864,0.9997245073318481,700988416
2026-05-11 13:00:00+00:00,0.9997142553329468,0.9998782277107239,0.9996106028556824,0.9996371865272522,494748672
2026-05-11 14:00:00+00:00,0.9996576309204102,0.9998102784156799,0.9995970129966736,0.9997173547744751,575471616
2026-05-11 15:00:00+00:00,0.9997800588607788,0.9998325705528259,0.9996129870414734,0.999778151512146,293105664
2026-05-11 16:00:00+00:00,0.999782145023346,0.9998691082000732,0.9996145963668823,0.9997313618659973,432440320
2026-05-11 17:00:00+00:00,0.9997535943984985,0.999971330165863,0.999684751033783,0.9997968673706055,0
2026-05-11 18:00:00+00:00,0.9998095035552979,0.9998483657836914,0.9996359944343567,0.9997318983078003,234229760
2026-05-11 19:00:00+00:00,0.9995611906051636,0.9998637437820435,0.9995178580284119,0.999722421169281,225471488
2026-05-11 20:00:00+00:00,0.9997739195823669,0.9999058246612549,0.9996604919433594,0.9997196197509766,0
2026-05-11 21:00:00+00:00,0.9997561573982239,0.9998753070831299,0.9995798468589783,0.9997997879981995,0
2026-05-11 22:00:00+00:00,0.9997726082801819,0.9999091029167175,0.9995311498641968,0.9998472332954407,0
2026-05-11 23:00:00+00:00,0.9996410012245178,0.9998638033866882,0.9995263814926147,0.9997873306274414,0
2026-05-12 00:00:00+00:00,0.9996235966682434,0.9998554587364197,0.9995250701904297,0.9997012615203857,0
2026-05-12 01:00:00+00:00,0.9996421933174133,0.9998707175254822,0.9995274543762207,0.9996517896652222,149743616
2026-05-12 02:00:00+00:00,0.9997820854187012,0.9998626112937927,0.999646008014679,0.9997484087944031,0
2026-05-12 03:00:00+00:00,0.9997562766075134,0.9998555183410645,0.9996471405029297,0.9997143149375916,0
2026-05-12 04:00:00+00:00,0.9997861385345459,0.9999139904975891,0.9996078610420227,0.9997738599777222,26146816
2026-05-12 05:00:00+00:00,0.9997261762619019,0.9998593330383301,0.9996285438537598,0.9997437000274658,0
2026-05-12 06:00:00+00:00,0.9997941851615906,0.9999327063560486,0.999741792678833,0.9998891949653625,0
2026-05-12 07:00:00+00:00,0.9998139142990112,1.0000287294387817,0.9997458457946777,0.9998729228973389,0
2026-05-12 08:00:00+00:00,0.9999462366104126,0.9999555945396423,0.9995867013931274,0.9998457431793213,0
2026-05-12 09:00:00+00:00,0.9998302459716797,1.000034213066101,0.9996902346611023,0.9998873472213745,154627072
2026-05-12 10:00:00+00:00,0.9998708963394165,0.9999393224716187,0.9996613264083862,0.9998476505279541,0
2026-05-12 11:00:00+00:00,0.9998114705085754,0.9998522400856018,0.9997133016586304,0.9997692108154297,29506560
2026-05-12 12:00:00+00:00,0.9997860193252563,0.9998655319213867,0.9996778964996338,0.9997395873069763,0
2026-05-12 13:00:00+00:00,0.9997706413269043,0.9998526573181152,0.9995983839035034,0.9997625350952148,0
2026-05-12 14:00:00+00:00,0.9996989965438843,0.999873161315918,0.9996185302734375,0.9996827840805054,0
2026-05-12 15:00:00+00:00,0.9997428059577942,0.9998621344566345,0.9995947480201721,0.9997032880783081,0
2026-05-12 16:00:00+00:00,0.9997369647026062,0.9998694658279419,0.999602735042572,0.9997878670692444,0
2026-05-12 17:00:00+00:00,0.9997983574867249,0.9998781085014343,0.9996440410614014,0.9997484683990479,0
2026-05-12 18:00:00+00:00,0.9997400641441345,0.9998735189437866,0.9996199011802673,0.9996682405471802,0
2026-05-12 19:00:00+00:00,0.9996716976165771,0.9998623132705688,0.9996311664581299,0.9997694492340088,0
2026-05-12 20:00:00+00:00,0.9997740387916565,0.9998148679733276,0.9996370673179626,0.9997003674507141,0
2026-05-12 21:00:00+00:00,0.9997299909591675,0.9998531341552734,0.9996461272239685,0.9998531341552734,0
2026-05-12 22:00:00+00:00,0.9998184442520142,0.9998184442520142,0.9996001720428467,0.9996521472930908,0
2026-05-12 23:00:00+00:00,0.9996216893196106,0.9998812079429626,0.999604344367981,0.9998216032981873,74579968
2026-05-13 00:00:00+00:00,0.9997599124908447,0.9998461008071899,0.999566376209259,0.9998183250427246,0
2026-05-13 01:00:00+00:00,0.9996793270111084,0.9998907446861267,0.9993284940719604,0.999577522277832,0
2026-05-13 02:00:00+00:00,0.9996688961982727,0.9998990297317505,0.9995214343070984,0.9997261762619019,0
2026-05-13 03:00:00+00:00,0.9997152090072632,0.9998559951782227,0.9994467496871948,0.9997143745422363,0
2026-05-13 04:00:00+00:00,0.9997020959854126,0.9997926950454712,0.999559223651886,0.9997905492782593,0
2026-05-13 05:00:00+00:00,0.999832272529602,0.999870777130127,0.9995796084403992,0.9996781349182129,46370816
2026-05-13 06:00:00+00:00,0.9997210502624512,0.9998466372489929,0.9995527863502502,0.9996567368507385,0
2026-05-13 07:00:00+00:00,0.9997595548629761,0.999800980091095,0.9995888471603394,0.9997169971466064,0
2026-05-13 08:00:00+00:00,0.9997071623802185,0.9998032450675964,0.9995288848876953,0.9997597932815552,61440000
2026-05-13 09:00:00+00:00,0.9995991587638855,0.9998023509979248,0.9995989799499512,0.9996956586837769,115449856
2026-05-13 10:00:00+00:00,0.9997142553329468,0.9998107552528381,0.999634325504303,0.999712347984314,7363584
2026-05-13 11:00:00+00:00,0.9997138381004333,0.9998319149017334,0.9996100068092346,0.9996169805526733,0
2026-05-13 12:00:00+00:00,0.9997292160987854,0.999829113483429,0.9996114373207092,0.9996395111083984,277142528
2026-05-13 13:00:00+00:00,0.9996652007102966,0.9998866319656372,0.9995962977409363,0.9996792078018188,160073728
2026-05-13 14:00:00+00:00,0.9997122883796692,0.999819815158844,0.9996494054794312,0.9997830390930176,183989248
2026-05-13 15:00:00+00:00,0.9997793436050415,0.9998458623886108,0.9996576905250549,0.9996576905250549,123331584
2026-05-13 16:00:00+00:00,0.9996576905250549,0.9998380541801453,0.9996576905250549,0.9997115731239319,217129984
2026-05-13 17:00:00+00:00,0.9997545480728149,0.99989253282547,0.9997225999832153,0.9998113512992859,69960704
2026-05-13 18:00:00+00:00,0.9997704029083252,0.9998741745948792,0.9996512532234192,0.9997843503952026,211414016
2026-05-13 19:00:00+00:00,0.9997648000717163,0.9998788237571716,0.9996075630187988,0.9996839761734009,14649344
2026-05-13 20:00:00+00:00,0.999748170375824,0.9998002052307129,0.9996137619018555,0.9997695088386536,0
2026-05-13 21:00:00+00:00,0.9997156262397766,0.9998429417610168,0.9996742606163025,0.9997097253799438,45385728
2026-05-13 22:00:00+00:00,0.999692976474762,0.9998347759246826,0.9996370673179626,0.9997308254241943,76609536
2026-05-13 23:00:00+00:00,0.9997258186340332,0.9997953772544861,0.9996561408042908,0.9997496604919434,0
2026-05-14 00:00:00+00:00,0.9997612237930298,0.9998502135276794,0.9996575117111206,0.9997830390930176,83142656
2026-05-14 01:00:00+00:00,0.9997870922088623,0.9998219013214111,0.9996798634529114,0.99970543384552,0
2026-05-14 02:00:00+00:00,0.9996949434280396,0.9998388290405273,0.9996441006660461,0.9997381567955017,77851648
2026-05-14 03:00:00+00:00,0.9998178482055664,0.9998476505279541,0.999560534954071,0.9996414184570312,75358208
2026-05-14 04:00:00+00:00,0.9997952580451965,0.9998563528060913,0.999629020690918,0.9997175335884094,108479488
2026-05-14 05:00:00+00:00,0.9996986985206604,0.9998160004615784,0.9996640086174011,0.9997513294219971,24273920
2026-05-14 06:00:00+00:00,0.9997486472129822,0.9998217821121216,0.999695897102356,0.9997605681419373,144046080
2026-05-14 07:00:00+00:00,0.99981689453125,0.9998533129692078,0.9997051954269409,0.9997743368148804,0
2026-05-14 08:00:00+00:00,0.9998123645782471,0.999882161617279,0.9996927976608276,0.9997825622558594,0
2026-05-14 09:00:00+00:00,0.9997983574867249,0.9998003840446472,0.9996410012245178,0.9997418522834778,0
2026-05-14 10:00:00+00:00,0.9997490048408508,0.9997791647911072,0.9996366500854492,0.9997151494026184,7511040
2026-05-14 11:00:00+00:00,0.9996479153633118,0.999828577041626,0.9996377229690552,0.9997025728225708,0
2026-05-14 12:00:00+00:00,0.9997194409370422,0.9998466968536377,0.9996580481529236,0.9997908473014832,0
2026-05-14 13:00:00+00:00,0.999732255935669,0.999883234500885,0.9996787905693054,0.9997830986976624,0
2026-05-14 14:00:00+00:00,0.9997510313987732,0.9998354911804199,0.9996834397315979,0.9998024702072144,0
2026-05-14 15:00:00+00:00,0.9997665882110596,0.9999289512634277,0.9996044039726257,0.9998422861099243,233410560
2026-05-14 16:00:00+00:00,0.9998422861099243,0.9999145269393921,0.9996355175971985,0.9997647404670715,434489344
2026-05-14 17:00:00+00:00,0.9997336268424988,0.9998854994773865,0.9994878768920898,0.9996746182441711,858413056
2026-05-14 18:00:00+00:00,0.9997010827064514,0.9998494386672974,0.9995794892311096,0.9997628331184387,439194624
2026-05-14 19:00:00+00:00,0.9997789859771729,0.9998956322669983,0.99956876039505,0.9998010396957397,282261504
2026-05-14 20:00:00+00:00,0.9996696710586548,0.999825656414032,0.999548614025116,0.9996249079704285,229292032
2026-05-14 21:00:00+00:00,0.9998020529747009,0.9998890161514282,0.9996022582054138,0.9997150301933289,27360256
2026-05-14 22:00:00+00:00,0.9997329711914062,0.9997875690460205,0.9994915127754211,0.999559223651886,0
2026-05-14 23:00:00+00:00,0.9996989965438843,0.9998331069946289,0.9994714856147766,0.9996769428253174,15677440
2026-05-15 00:00:00+00:00,0.9997332096099854,0.9998080730438232,0.9995361566543579,0.999705970287323,134147072
2026-05-15 01:00:00+00:00,0.9996527433395386,0.9998719692230225,0.9994547963142395,0.9995822310447693,196716544
2026-05-15 02:00:00+00:00,0.9994775056838989,0.9998461604118347,0.9994775056838989,0.999703049659729,153767936
2026-05-15 03:00:00+00:00,0.999722957611084,0.999842643737793,0.9995589852333069,0.9998220205307007,0
2026-05-15 04:00:00+00:00,0.9996691346168518,0.9998659491539001,0.999543309211731,0.9996632933616638,0
2026-05-15 05:00:00+00:00,0.9997979998588562,0.999829888343811,0.9994716048240662,0.999711811542511,329274368
2026-05-15 06:00:00+00:00,0.9997403621673584,0.999794065952301,0.9995840787887573,0.9997256398200989,325417984
2026-05-15 07:00:00+00:00,0.9997551441192627,0.9998351335525513,0.9992473125457764,0.9995940327644348,138656768
2026-05-15 08:00:00+00:00,0.9996203780174255,0.9997953176498413,0.9995802044868469,0.9996722936630249,88932352
2026-05-15 09:00:00+00:00,0.9996711611747742,0.99979567527771,0.9995992183685303,0.9996938109397888,148668416
2026-05-15 10:00:00+00:00,0.9997802972793579,0.9998082518577576,0.9996016025543213,0.9997612833976746,73682944
2026-05-15 11:00:00+00:00,0.9997049570083618,0.9998528957366943,0.9995307922363281,0.9996013641357422,0
2026-05-15 12:00:00+00:00,0.9996446371078491,0.9997873306274414,0.9996030926704407,0.999652087688446,210306048
2026-05-15 13:00:00+00:00,0.9997856020927429,0.9998273253440857,0.9994950294494629,0.999703586101532,981919744
2026-05-15 14:00:00+00:00,0.9996986985206604,0.9998493790626526,0.9995546936988831,0.9997203946113586,486217728
2026-05-15 15:00:00+00:00,0.9997984170913696,0.999813973903656,0.9996203184127808,0.9996874928474426,0
2026-05-15 16:00:00+00:00,0.9997056722640991,0.9998103380203247,0.9996687173843384,0.9996862411499023,0
2026-05-15 17:00:00+00:00,0.9997835755348206,0.9998306035995483,0.999622642993927,0.9998030662536621,0
2026-05-15 18:00:00+00:00,0.9998012781143188,0.9998137950897217,0.9996592998504639,0.9997625350952148,0
2026-05-15 19:00:00+00:00,0.9997220635414124,0.999876081943512,0.9996247887611389,0.9997381567955017,0
2026-05-15 20:00:00+00:00,0.9997085332870483,0.9998310804367065,0.9996572136878967,0.9997836947441101,0
2026-05-15 21:00:00+00:00,0.9997479915618896,0.9998027086257935,0.9996380805969238,0.9996901750564575,0
2026-05-15 22:00:00+00:00,0.9997565746307373,0.9998286366462708,0.9996517896652222,0.9997425079345703,0
2026-05-15 23:00:00+00:00,0.9997419118881226,0.9998295903205872,0.999648928642273,0.9996814727783203,0
2026-05-16 00:00:00+00:00,0.9996725916862488,0.9998443722724915,0.9996238350868225,0.9997494220733643,0
2026-05-16 01:00:00+00:00,0.9997861385345459,0.9998441934585571,0.9996896982192993,0.9997992515563965,0
2026-05-16 02:00:00+00:00,0.9997570514678955,0.999845027923584,0.999676525592804,0.9997767210006714,0
2026-05-16 03:00:00+00:00,0.9997850656509399,0.9998645782470703,0.9997180104255676,0.9998098015785217,0
2026-05-16 04:00:00+00:00,0.9998228549957275,0.9998684525489807,0.9996589422225952,0.9997722506523132,0
2026-05-16 05:00:00+00:00,0.9997370839118958,0.9998374581336975,0.999656617641449,0.9997590184211731,0
2026-05-16 06:00:00+00:00,0.999734103679657,0.9998033046722412,0.9996349811553955,0.999735414981842,0
2026-05-16 07:00:00+00:00,0.9996678829193115,0.9998444318771362,0.999622106552124,0.9996633529663086,52009984
2026-05-16 08:00:00+00:00,0.9997469186782837,0.9998350739479065,0.9996583461761475,0.9997264742851257,0
2026-05-16 09:00:00+00:00,0.9997401833534241,0.9998137950897217,0.9996538758277893,0.999717652797699,185659392
2026-05-16 10:00:00+00:00,0.999716579914093,0.9998049736022949,0.9996452331542969,0.999751627445221,0
2026-05-16 11:00:00+00:00,0.9997569918632507,0.9998182058334351,0.9996016025543213,0.9996791481971741,0
2026-05-16 12:00:00+00:00,0.9996835589408875,0.9999988079071045,0.9996477365493774,0.9998348951339722,0
2026-05-16 13:00:00+00:00,0.9997572302818298,0.9999173283576965,0.9997300505638123,0.9997649788856506,0
2026-05-16 14:00:00+00:00,0.9997405409812927,0.9998182654380798,0.9996693730354309,0.9998182654380798,0
2026-05-16 15:00:00+00:00,0.9997665286064148,0.9998371601104736,0.9996705055236816,0.9997525811195374,0
2026-05-16 16:00:00+00:00,0.9997045993804932,0.9998323917388916,0.9996565580368042,0.9997525811195374,0
2026-05-16 17:00:00+00:00,0.9997725486755371,0.9998458623886108,0.9996817111968994,0.9998086094856262,0
2026-05-16 18:00:00+00:00,0.9997271299362183,0.9998310208320618,0.99968022108078,0.9997358918190002,0
2026-05-16 19:00:00+00:00,0.9997555613517761,0.9998491406440735,0.9996728897094727,0.9996944069862366,0
2026-05-16 20:00:00+00:00,0.9997131824493408,0.9998248815536499,0.9996242523193359,0.9997599124908447,0
2026-05-16 21:00:00+00:00,0.9997843503952026,0.9997866749763489,0.9996185302734375,0.9997642636299133,0
2026-05-16 22:00:00+00:00,0.9996625781059265,0.9998283386230469,0.9996474385261536,0.999801754951477,0
2026-05-16 23:00:00+00:00,0.9997044205665588,0.9998340606689453,0.9996304512023926,0.9997061491012573,19447808
2026-05-17 00:00:00+00:00,0.9997063279151917,0.999847948551178,0.9996269345283508,0.999847948551178,2687488
2026-05-17 01:00:00+00:00,0.9997352957725525,0.999840497970581,0.9996684789657593,0.99978107213974,130272768
2026-05-17 02:00:00+00:00,0.9997341632843018,0.9998965263366699,0.9997043013572693,0.9998288154602051,0
2026-05-17 03:00:00+00:00,0.9998375177383423,0.9998505115509033,0.9997043013572693,0.9998048543930054,0
2026-05-17 04:00:00+00:00,0.9997902512550354,0.9998846054077148,0.9997525811195374,0.9997525811195374,0
2026-05-17 05:00:00+00:00,0.9998319149017334,0.9999260902404785,0.9997047185897827,0.9997771978378296,50839552
2026-05-17 06:00:00+00:00,0.9997771978378296,0.9999069571495056,0.9997062683105469,0.9998664855957031,0
2026-05-17 07:00:00+00:00,0.9999041557312012,0.9999041557312012,0.9996966123580933,0.9998185038566589,0
2026-05-17 08:00:00+00:00,0.9998716711997986,0.9999241232872009,0.9997551441192627,0.999809741973877,22139904
2026-05-17 09:00:00+00:00,0.9998661279678345,0.999960720539093,0.9997317790985107,0.9999416470527649,0
2026-05-17 10:00:00+00:00,0.9998630285263062,0.9999824166297913,0.9997926354408264,0.999864399433136,0
2026-05-17 11:00:00+00:00,0.9999516606330872,0.9999516606330872,0.9996774792671204,0.9999309778213501,0
2026-05-17 12:00:00+00:00,0.9998905658721924,0.9999503493309021,0.9997486472129822,0.9998986721038818,0
2026-05-17 13:00:00+00:00,0.9999005794525146,0.9999619126319885,0.9997495412826538,0.999768853187561,0
2026-05-17 14:00:00+00:00,0.9998360276222229,0.9999678730964661,0.999712347984314,0.9998513460159302,0
2026-05-17 15:00:00+00:00,0.9998184442520142,0.9999152421951294,0.9997727870941162,0.999833345413208,0
2026-05-17 16:00:00+00:00,0.9997738599777222,0.9998798966407776,0.9997155070304871,0.9998091459274292,0
2026-05-17 17:00:00+00:00,0.9997862577438354,0.9998432993888855,0.9996961951255798,0.999790608882904,45904128
2026-05-17 18:00:00+00:00,0.9998095631599426,0.9998745322227478,0.9997134804725647,0.999797523021698,192327424
2026-05-17 19:00:00+00:00,0.999817967414856,0.9998949766159058,0.9997522830963135,0.999832272529602,116589056
2026-05-17 20:00:00+00:00,0.9998014569282532,0.9999744296073914,0.999707818031311,0.9998046159744263,65224192
2026-05-17 21:00:00+00:00,0.999868631362915,0.99992436170578,0.9997282028198242,0.9997951984405518,23459840
2026-05-17 22:00:00+00:00,0.9998485445976257,0.9999265670776367,0.999691903591156,0.9997305274009705,237441536
2026-05-17 23:00:00+00:00,0.9997643232345581,0.9999106526374817,0.9996652603149414,0.9998626112937927,1001331200
2026-05-18 00:00:00+00:00,0.999832272529602,0.999976396560669,0.9996625185012817,0.9997646808624268,554631168
2026-05-18 01:00:00+00:00,0.9998316764831543,0.9999349117279053,0.9996954798698425,0.999861478805542,272165888
2026-05-18 02:00:00+00:00,0.9998473525047302,0.9999217987060547,0.9997081756591797,0.9997405409812927,96062976
2026-05-18 03:00:00+00:00,0.9996588230133057,0.9998293519020081,0.9996260404586792,0.9997203350067139,201531904
2026-05-18 04:00:00+00:00,0.999756932258606,0.9998617172241211,0.9996936917304993,0.9997320771217346,189203456
2026-05-18 05:00:00+00:00,0.9997734427452087,0.9998563528060913,0.9996675252914429,0.9997574090957642,238151168
2026-05-18 06:00:00+00:00,0.9997402429580688,0.9999091625213623,0.9996911883354187,0.9999091625213623,295353856
2026-05-18 07:00:00+00:00,0.9997632503509521,0.9999236464500427,0.9996667504310608,0.9997986555099487,184211968
2026-05-18 08:00:00+00:00,0.999692440032959,1.0000085830688477,0.9995644092559814,0.999700129032135,309506560
2026-05-18 09:00:00+00:00,0.9997246861457825,0.9999110102653503,0.9996491074562073,0.999717116355896,317701632
2026-05-18 10:00:00+00:00,0.9997694492340088,0.9999402761459351,0.9997044801712036,0.9997304677963257,234443776
2026-05-18 11:00:00+00:00,0.9997879266738892,1.0000041723251343,0.99967360496521,0.9999192357063293,398842880
2026-05-18 12:00:00+00:00,0.9998552203178406,1.0000022649765015,0.9996203184127808,0.9999311566352844,470141952
2026-05-18 13:00:00+00:00,0.9998357892036438,1.0001158714294434,0.9996867179870605,0.9997293949127197,617543680
2026-05-18 14:00:00+00:00,0.9998002648353577,1.0000650882720947,0.9996441006660461,0.9996441006660461,827176960
2026-05-18 15:00:00+00:00,0.9998594522476196,1.0001919269561768,0.999648928642273,0.9997936487197876,1030621184
2026-05-18 16:00:00+00:00,0.9996796250343323,0.9999264478683472,0.9996063709259033,0.9996991753578186,1047022592
2026-05-18 17:00:00+00:00,0.9997537732124329,0.9999634623527527,0.9996079206466675,0.9997481107711792,181157888
2026-05-18 18:00:00+00:00,0.9997615814208984,0.9999262094497681,0.9994823336601257,0.9998659491539001,264439808
2026-05-18 19:00:00+00:00,0.9997922778129578,1.0000560283660889,0.999657154083252,0.9996987581253052,843153408
2026-05-18 20:00:00+00:00,0.9998018741607666,0.9999642968177795,0.9996214509010315,0.9996259212493896,331345920
2026-05-18 21:00:00+00:00,0.9998031854629517,1.000165581703186,0.999668300151825,0.9998667240142822,376696832
2026-05-18 22:00:00+00:00,0.9998299479484558,1.000180721282959,0.9996927380561829,1.000180721282959,0
2026-05-18 23:00:00+00:00,0.9998385906219482,1.0000503063201904,0.9996771216392517,0.9997449517250061,0
2026-05-19 00:00:00+00:00,0.9998220801353455,0.9999338388442993,0.9997109770774841,0.9997109770774841,0
2026-05-19 01:00:00+00:00,0.9997077584266663,0.9999127388000488,0.9996331334114075,0.9998688697814941,0
2026-05-19 02:00:00+00:00,0.9997331500053406,0.9999911189079285,0.9996475577354431,0.9997086524963379,92192768
2026-05-19 03:00:00+00:00,0.9997290968894958,0.9999591708183289,0.9996819496154785,0.9998186826705933,0
2026-05-19 04:00:00+00:00,0.9997633695602417,1.0001095533370972,0.9997406601905823,0.9997947812080383,0
2026-05-19 05:00:00+00:00,0.9999116659164429,0.9999558329582214,0.9995206594467163,0.9997616410255432,0
2026-05-19 06:00:00+00:00,0.9998139142990112,0.9999908804893494,0.9996523261070251,0.9997617602348328,0
2026-05-19 07:00:00+00:00,0.9997581243515015,0.9999805688858032,0.9996875524520874,0.9997704029083252,62643200
2026-05-19 08:00:00+00:00,0.999636709690094,1.0000611543655396,0.999636709690094,0.9997398853302002,124418048
2026-05-19 09:00:00+00:00,0.9998688101768494,1.0000215768814087,0.9996365308761597,0.999716579914093,120098816
2026-05-19 10:00:00+00:00,0.9997714757919312,0.999941885471344,0.9996302723884583,0.9997910261154175,48267264
2026-05-19 11:00:00+00:00,0.999703586101532,0.9999175071716309,0.9995983839035034,0.9998185634613037,0
2026-05-19 12:00:00+00:00,0.9996650218963623,1.0002009868621826,0.9995911121368408,0.9997269511222839,0
2026-05-19 13:00:00+00:00,0.9997687935829163,0.99997878074646,0.9995788335800171,0.9998226165771484,0
2026-05-19 14:00:00+00:00,0.9997552633285522,0.9998871684074402,0.999607264995575,0.9997026324272156,0
2026-05-19 15:00:00+00:00,0.9996556639671326,0.9998684525489807,0.9995894432067871,0.9998115301132202,0
2026-05-19 16:00:00+00:00,1.0000735521316528,1.0001325607299805,0.9996697306632996,0.9998067617416382,0
2026-05-19 17:00:00+00:00,0.9997682571411133,1.000029444694519,0.9996236562728882,0.9998635053634644,343632896
2026-05-19 18:00:00+00:00,0.999833345413208,1.000235676765442,0.9996112585067749,0.9996112585067749,0
2026-05-19 19:00:00+00:00,0.9996644854545593,1.000076174736023,0.9996644854545593,0.9997524619102478,0
2026-05-19 20:00:00+00:00,0.9997463226318359,1.000180721282959,0.9996634125709534,0.9998182654380798,0
2026-05-19 21:00:00+00:00,0.9998559951782227,0.9999727010726929,0.9996292591094971,0.9996784925460815,118818816
2026-05-19 22:00:00+00:00,0.999732255935669,0.9999178051948547,0.9995157718658447,0.9996299147605896,0
2026-05-19 23:00:00+00:00,0.9996432065963745,0.9998199939727783,0.9996086955070496,0.9996901750564575,28951552
2026-05-20 00:00:00+00:00,0.999709963798523,1.000136137008667,0.9996263384819031,0.9998047351837158,0
2026-05-20 01:00:00+00:00,0.9997416734695435,1.000014066696167,0.9995315074920654,0.9998180866241455,0
2026-05-20 02:00:00+00:00,0.9998079538345337,0.9999851584434509,0.9996218085289001,0.9998977184295654,0
2026-05-20 03:00:00+00:00,0.999706506729126,0.9998041987419128,0.9995845556259155,0.9997792840003967,457409536
2026-05-20 04:00:00+00:00,0.9996881484985352,0.999789834022522,0.9995858669281006,0.9997684955596924,0
2026-05-20 05:00:00+00:00,0.9997107982635498,1.000003695487976,0.9995737075805664,0.9997437000274658,345695232
2026-05-20 06:00:00+00:00,0.9997369050979614,0.9999223351478577,0.999663770198822,0.9997552037239075,177667072
2026-05-20 07:00:00+00:00,0.9997376203536987,1.0001109838485718,0.9995829463005066,0.9997473955154419,12338176
2026-05-20 08:00:00+00:00,0.9996649622917175,0.9999557137489319,0.9995765686035156,0.9997249245643616,54857728
2026-05-20 09:00:00+00:00,0.9996538758277893,0.9998501539230347,0.9996252655982971,0.9997109770774841,0
2026-05-20 10:00:00+00:00,0.9997109770774841,0.9998944401741028,0.9996533989906311,0.9996986389160156,0
2026-05-20 11:00:00+00:00,0.9996830821037292,0.9999043941497803,0.9996068477630615,0.9996709823608398,24823808
2026-05-20 12:00:00+00:00,0.999754011631012,0.9998281002044678,0.9996123909950256,0.9998027086257935,92158976
2026-05-20 13:00:00+00:00,0.9997014403343201,0.9999712109565735,0.9995464086532593,0.9997450709342957,153805824
2026-05-20 14:00:00+00:00,0.9997191429138184,1.000291347503662,0.9995722770690918,0.9996839165687561,278771712
2026-05-20 15:00:00+00:00,0.9996155500411987,1.0000029802322388,0.9995599985122681,0.9997439980506897,388783104
2026-05-20 16:00:00+00:00,0.9997175931930542,0.9997878074645996,0.9995580315589905,0.9996867179870605,11635712
2026-05-20 17:00:00+00:00,0.9996856451034546,0.9999497532844543,0.9995867609977722,0.9996958374977112,0
2026-05-20 18:00:00+00:00,0.9997078776359558,0.9998673796653748,0.9995965361595154,0.9996684789657593,196820992
2026-05-20 19:00:00+00:00,0.9996696710586548,0.999834418296814,0.9995800852775574,0.9997581243515015,115863552
2026-05-20 20:00:00+00:00,0.9998214244842529,0.9998447895050049,0.9996592998504639,0.9996885061264038,124646400
2026-05-20 21:00:00+00:00,0.9996805787086487,0.999917209148407,0.9996379017829895,0.9998138546943665,0
2026-05-20 22:00:00+00:00,0.9998413920402527,0.9998713135719299,0.9994829297065735,0.9996957182884216,0
2026-05-20 23:00:00+00:00,0.9997033476829529,0.9997959136962891,0.9995560050010681,0.9997166395187378,0
2026-05-21 00:00:00+00:00,0.9996747970581055,0.9998641014099121,0.9996350407600403,0.9997172951698303,0
2026-05-21 01:00:00+00:00,0.9997169971466064,1.0000187158584595,0.9995838403701782,0.9996989369392395,0
2026-05-21 02:00:00+00:00,0.9997285604476929,0.9999063611030579,0.999607503414154,0.9997272491455078,0
2026-05-21 03:00:00+00:00,0.9997156262397766,0.9999425411224365,0.9996075630187988,0.9997464418411255,0
2026-05-21 04:00:00+00:00,0.999761700630188,0.9999414086341858,0.9996296763420105,0.9997698664665222,20207616
2026-05-21 05:00:00+00:00,0.9997754693031311,0.9997965097427368,0.9995861649513245,0.9996343851089478,0
2026-05-21 06:00:00+00:00,0.999723494052887,1.0000158548355103,0.9995889067649841,0.9996781945228577,0
2026-05-21 07:00:00+00:00,0.999743640422821,0.9997583627700806,0.99953293800354,0.9996500015258789,0
2026-05-21 08:00:00+00:00,0.9997628331184387,0.9998467564582825,0.9995693564414978,0.9997742176055908,0
2026-05-21 09:00:00+00:00,0.9997599124908447,0.999914288520813,0.9996526837348938,0.9997224807739258,0
2026-05-21 10:00:00+00:00,0.9996271729469299,0.9999649524688721,0.9995456337928772,0.9996932148933411,142477312
2026-05-21 11:00:00+00:00,0.999650239944458,0.9999204277992249,0.9995782375335693,0.9995782375335693,31827968
2026-05-21 12:00:00+00:00,0.9997501969337463,0.9998413920402527,0.9995036125183105,0.9995543956756592,0
2026-05-21 13:00:00+00:00,0.9995665550231934,0.9998899698257446,0.9995665550231934,0.9997127652168274,0
2026-05-21 14:00:00+00:00,0.9997321367263794,0.9998420476913452,0.9995810389518738,0.9996697306632996,0
2026-05-21 15:00:00+00:00,0.9997389912605286,1.0000076293945312,0.9996216893196106,0.9997165203094482,0
2026-05-21 16:00:00+00:00,0.9997413158416748,0.9998387694358826,0.9995346069335938,0.9997512102127075,120863744
2026-05-21 17:00:00+00:00,0.9997528195381165,1.0002658367156982,0.9995853900909424,0.9996874928474426,348199936
2026-05-21 18:00:00+00:00,0.9997961521148682,0.9999735951423645,0.9995878338813782,0.9997397661209106,98794496
2026-05-21 19:00:00+00:00,0.9996890425682068,0.9998066425323486,0.999563992023468,0.9997063279151917,0
2026-05-21 20:00:00+00:00,0.9997063279151917,1.0000731945037842,0.9995837807655334,0.99974524974823,0
2026-05-21 21:00:00+00:00,0.9996954798698425,0.9998589754104614,0.9995638132095337,0.9997350573539734,0
2026-05-21 22:00:00+00:00,0.999714732170105,0.99994957447052,0.9995652437210083,0.9996485114097595,0
2026-05-21 23:00:00+00:00,0.999670147895813,0.9998923540115356,0.9996199607849121,0.999724805355072,0
2026-05-22 00:00:00+00:00,0.9997162818908691,1.0000324249267578,0.9995821714401245,0.9997535347938538,0
2026-05-22 01:00:00+00:00,0.9996864199638367,1.0000516176223755,0.9996337294578552,0.9997185468673706,0
2026-05-22 02:00:00+00:00,0.9998060464859009,0.9999385476112366,0.9996404647827148,0.9998501539230347,0
2026-05-22 03:00:00+00:00,0.9998105764389038,1.0000048875808716,0.9996834397315979,0.9997840523719788,69456896
2026-05-22 04:00:00+00:00,0.9997478723526001,0.9999310970306396,0.9996335506439209,0.999762237071991,27676672
2026-05-22 05:00:00+00:00,0.9997191429138184,1.0000120401382446,0.999567985534668,0.9996452331542969,0
2026-05-22 06:00:00+00:00,0.9998512864112854,0.9998944401741028,0.9995875954627991,0.9997619390487671,0
2026-05-22 07:00:00+00:00,0.9997120499610901,0.9998222589492798,0.9996570944786072,0.999747097492218,0
2026-05-22 08:00:00+00:00,0.9998016953468323,0.999877393245697,0.9996328353881836,0.9997433423995972,26746880
2026-05-22 09:00:00+00:00,0.9999299645423889,0.9999299645423889,0.9996204972267151,0.9997249245643616,13488128
2026-05-22 10:00:00+00:00,0.999701976776123,0.9998404383659363,0.9996505975723267,0.9997355937957764,0
2026-05-22 11:00:00+00:00,0.9996698498725891,0.9999010562896729,0.9996134638786316,0.9996700286865234,47301632
2026-05-22 12:00:00+00:00,0.9997013807296753,0.9998656511306763,0.9995593428611755,0.9997060298919678,259122176
2026-05-22 13:00:00+00:00,0.999815046787262,1.0000911951065063,0.9995324611663818,0.9997254014015198,73901056
2026-05-22 14:00:00+00:00,0.9997105002403259,0.999832034111023,0.9995341300964355,0.999731183052063,60249088
2026-05-22 15:00:00+00:00,0.9996976256370544,0.9998434782028198,0.9996216893196106,0.9997533559799194,34463744
2026-05-22 16:00:00+00:00,0.9996911287307739,0.9998293519020081,0.9995744228363037,0.9997341632843018,0
2026-05-22 17:00:00+00:00,0.9997056722640991,0.9998788237571716,0.9995935559272766,0.9996064305305481,0
2026-05-22 18:00:00+00:00,0.9997392296791077,0.9999176263809204,0.9995283484458923,0.999685525894165,10910720
2026-05-22 19:00:00+00:00,0.9996503591537476,0.9999082684516907,0.9995677471160889,0.9996585249900818,765125632
2026-05-22 20:00:00+00:00,0.9996516704559326,0.9999637603759766,0.9994413256645203,0.999754011631012,232814592
2026-05-22 21:00:00+00:00,0.9996898174285889,0.9999255537986755,0.99957275390625,0.9997145533561707,63638528
2026-05-22 22:00:00+00:00,0.9996703863143921,0.999872088432312,0.9995214939117432,0.9997140169143677,108070912
2026-05-22 23:00:00+00:00,0.9997111558914185,0.9998670816421509,0.99954754114151,0.9997286200523376,116603904
2026-05-23 00:00:00+00:00,0.9996822476387024,0.9998568296432495,0.9995114207267761,0.9998378157615662,492527616
2026-05-23 01:00:00+00:00,0.9997142553329468,0.9998719096183777,0.9996641278266907,0.9997560381889343,0
2026-05-23 02:00:00+00:00,0.9998050928115845,0.9998829364776611,0.9996356964111328,0.9997267127037048,0
2026-05-23 03:00:00+00:00,0.99967360496521,0.9999219179153442,0.99967360496521,0.999690592288971,0
2026-05-23 04:00:00+00:00,0.9997037649154663,0.9998545050621033,0.9996381998062134,0.9997537732124329,0
2026-05-23 05:00:00+00:00,0.9998406767845154,0.9998456239700317,0.9995905756950378,0.9997519850730896,0
2026-05-23 06:00:00+00:00,0.9997515678405762,0.9998495578765869,0.9996512532234192,0.9996948838233948,0
2026-05-23 07:00:00+00:00,0.9996967315673828,1.0002191066741943,0.9996453523635864,0.999855101108551,362527744
2026-05-23 08:00:00+00:00,0.9997752904891968,0.9998605847358704,0.9996060729026794,0.9996780753135681,0
2026-05-23 09:00:00+00:00,0.999717652797699,0.9998689293861389,0.99961918592453,0.9997507333755493,0
2026-05-23 10:00:00+00:00,0.9996742010116577,0.9998802542686462,0.9996378421783447,0.9997239112854004,0
2026-05-23 11:00:00+00:00,0.9997705817222595,0.9998732209205627,0.9996417760848999,0.9997042417526245,0
2026-05-23 12:00:00+00:00,0.9996691942214966,0.9998834729194641,0.9996505975723267,0.9997683763504028,0
2026-05-23 13:00:00+00:00,0.9998135566711426,0.9998879432678223,0.9994491934776306,0.9997844099998474,0
2026-05-23 14:00:00+00:00,0.9996508359909058,0.9998966455459595,0.9996204376220703,0.9996803402900696,0
2026-05-23 15:00:00+00:00,0.9997245669364929,0.9999529719352722,0.9996334910392761,0.9997595548629761,0
2026-05-23 16:00:00+00:00,0.9996727108955383,0.9999343752861023,0.9995052814483643,0.999692440032959,0
2026-05-23 17:00:00+00:00,0.9997774362564087,1.00001859664917,0.9996082782745361,0.9996740818023682,0
2026-05-23 18:00:00+00:00,0.9997323155403137,0.9999052882194519,0.9995595812797546,0.9997205138206482,0
2026-05-23 19:00:00+00:00,0.9997084736824036,0.9998086094856262,0.999608039855957,0.9997283220291138,0
2026-05-23 20:00:00+00:00,0.9997283220291138,0.9999475479125977,0.999498188495636,0.9996137022972107,487635968
2026-05-23 21:00:00+00:00,0.9999198317527771,0.9999961853027344,0.9995350241661072,0.9996227622032166,636063232
2026-05-23 22:00:00+00:00,0.9996339678764343,0.999815046787262,0.9995325803756714,0.9997773766517639,0
2026-05-23 23:00:00+00:00,0.999617874622345,0.9998847842216492,0.9995888471603394,0.999664306640625,1374208
2026-05-24 00:00:00+00:00,0.9997977614402771,0.9998822808265686,0.9995062947273254,0.9998103380203247,0
2026-05-24 01:00:00+00:00,0.9996804594993591,0.9999439716339111,0.9996101260185242,0.999648928642273,0
2026-05-24 02:00:00+00:00,0.999648928642273,0.9998341798782349,0.9995489120483398,0.9996970295906067,0
2026-05-24 03:00:00+00:00,0.9996561408042908,0.999851644039154,0.9996215105056763,0.9996521472930908,260584960
2026-05-24 04:00:00+00:00,0.9997119307518005,0.9997831583023071,0.999566912651062,0.99968022108078,43201536
2026-05-24 05:00:00+00:00,0.9996801614761353,0.9998627305030823,0.9996031522750854,0.9997193217277527,0
2026-05-24 06:00:00+00:00,0.999747097492218,0.9998528957366943,0.9996041655540466,0.9997837543487549,14871552
2026-05-24 07:00:00+00:00,0.9997724890708923,0.999821662902832,0.9996127486228943,0.9997085928916931,0
2026-05-24 08:00:00+00:00,0.9997388124465942,0.9998393058776855,0.9996260404586792,0.9996872544288635,0
2026-05-24 09:00:00+00:00,0.9996353983879089,0.9998369812965393,0.9995938539505005,0.9995938539505005,41531392
2026-05-24 10:00:00+00:00,0.9996467232704163,0.9999663829803467,0.9996267557144165,0.9997361898422241,326049792
2026-05-24 11:00:00+00:00,0.999684751033783,0.999818742275238,0.999619722366333,0.9996852278709412,78595072
2026-05-24 12:00:00+00:00,0.9996596574783325,0.9998536109924316,0.9995603561401367,0.999754011631012,98405888
2026-05-24 13:00:00+00:00,0.9997511506080627,0.9999556541442871,0.9995841383934021,0.9996369481086731,0
2026-05-24 14:00:00+00:00,0.9997386932373047,1.000106692314148,0.9995741248130798,0.999709963798523,318130688
2026-05-24 15:00:00+00:00,0.9997793436050415,0.9999440312385559,0.9995869398117065,0.9997128844261169,0
2026-05-24 16:00:00+00:00,0.999711811542511,0.9998709559440613,0.9996169805526733,0.9997655153274536,22656000
2026-05-24 17:00:00+00:00,0.9999195337295532,0.9999195337295532,0.9996021389961243,0.9996680021286011,0
2026-05-24 18:00:00+00:00,0.9997169971466064,0.9999740123748779,0.9996240139007568,0.9997509717941284,0
2026-05-24 19:00:00+00:00,0.9997224807739258,0.9998908042907715,0.999635636806488,0.9996762275695801,0
2026-05-24 20:00:00+00:00,0.9996490478515625,0.9997869729995728,0.9995782971382141,0.999626636505127,0
2026-05-24 21:00:00+00:00,0.9996289610862732,0.9998360276222229,0.9995867013931274,0.9997031092643738,0
2026-05-24 22:00:00+00:00,0.9997581839561462,0.9998766183853149,0.9996477961540222,0.9996670484542847,246883840
2026-05-24 23:00:00+00:00,0.9996975660324097,0.9998669624328613,0.9996000528335571,0.9996945858001709,162443264
2026-05-25 00:00:00+00:00,0.9996554255485535,0.9999574422836304,0.9994854927062988,0.9996846914291382,173731328
2026-05-25 01:00:00+00:00,0.9995787739753723,0.9999844431877136,0.999564528465271,0.9996513724327087,13351424
2026-05-25 02:00:00+00:00,0.999748706817627,0.9998294115066528,0.9995664954185486,0.9995908141136169,207555584
2026-05-25 03:00:00+00:00,0.9995886087417603,0.9999878406524658,0.9995886087417603,0.9997703433036804,0
2026-05-25 04:00:00+00:00,0.9996787309646606,0.999800443649292,0.9995807409286499,0.9997379183769226,131450368
2026-05-25 05:00:00+00:00,0.9997197389602661,0.9999566078186035,0.9995536804199219,0.9996188282966614,160764416
2026-05-25 06:00:00+00:00,0.999669075012207,0.9998220801353455,0.9995694756507874,0.9997242093086243,85169664
2026-05-25 07:00:00+00:00,0.9999743700027466,0.9999938607215881,0.9996125102043152,0.9997645616531372,185149952
2026-05-25 08:00:00+00:00,0.9997550845146179,0.9998230934143066,0.9995313286781311,0.9996699094772339,98892288
2026-05-25 09:00:00+00:00,0.9996861815452576,0.9998685121536255,0.9994779825210571,0.999738872051239,55966208
2026-05-25 10:00:00+00:00,0.9996936917304993,0.9998749494552612,0.9995651245117188,0.9996802806854248,152200192
2026-05-25 11:00:00+00:00,0.9997483491897583,0.9998519420623779,0.999648928642273,0.9997385740280151,104885760
2026-05-25 12:00:00+00:00,0.9997400045394897,0.9998365640640259,0.9995773434638977,0.9996959567070007,320542208
2026-05-25 13:00:00+00:00,0.9996948838233948,0.9999246597290039,0.9995471239089966,0.9997252225875854,140270592
2026-05-25 14:00:00+00:00,0.9996134042739868,0.9998973608016968,0.999567985534668,0.9997536540031433,0
2026-05-25 15:00:00+00:00,0.9997233748435974,0.9998487830162048,0.9995782971382141,0.9997366666793823,407450112
2026-05-25 16:00:00+00:00,0.9996616244316101,0.9997624158859253,0.9995256066322327,0.9996694326400757,207662080
2026-05-25 17:00:00+00:00,0.9996756315231323,0.9999363422393799,0.9995307922363281,0.9996294379234314,226125824
2026-05-25 18:00:00+00:00,0.9997053742408752,0.9998633861541748,0.9995662569999695,0.9996389746665955,74483712
2026-05-25 19:00:00+00:00,0.999608039855957,0.9997742772102356,0.9995598196983337,0.9997240900993347,168699904
2026-05-25 20:00:00+00:00,0.99968022108078,0.9997870922088623,0.9993524551391602,0.9996878504753113,377856
2026-05-25 21:00:00+00:00,0.9996046423912048,0.9998812675476074,0.9995880722999573,0.9996356964111328,0
2026-05-25 22:00:00+00:00,0.9996713399887085,0.9998512864112854,0.9995049834251404,0.999624490737915,0
2026-05-25 23:00:00+00:00,0.9996366500854492,0.999883770942688,0.9995488524436951,0.999711811542511,0
2026-05-26 00:00:00+00:00,0.9996272325515747,0.999777615070343,0.999569296836853,0.9996979236602783,0
2026-05-26 01:00:00+00:00,0.9996911287307739,0.9997982978820801,0.9995243549346924,0.999634325504303,188185600
2026-05-26 02:00:00+00:00,0.9996470212936401,0.9999055862426758,0.9994786381721497,0.9996770620346069,0
2026-05-26 03:00:00+00:00,0.9996602535247803,0.9998343586921692,0.9995592832565308,0.9997612237930298,113376256
2026-05-26 04:00:00+00:00,0.9997498989105225,0.9997596144676208,0.9995741844177246,0.9996074438095093,40238080
2026-05-26 05:00:00+00:00,0.9995710253715515,0.9998254776000977,0.9995710253715515,0.9997414946556091,0
2026-05-26 06:00:00+00:00,0.9997121691703796,0.9997497797012329,0.9995381236076355,0.9996313452720642,52989952
2026-05-26 07:00:00+00:00,0.999718189239502,0.9998974800109863,0.9994358420372009,0.9996225237846375,83755008
2026-05-26 08:00:00+00:00,0.9997075796127319,0.999774158000946,0.9995561242103577,0.9997401237487793,262870016
2026-05-26 09:00:00+00:00,0.9997590780258179,0.9998838901519775,0.9995731115341187,0.9996492862701416,236555264
2026-05-26 10:00:00+00:00,0.9996800422668457,0.9998711347579956,0.9995394945144653,0.9997837543487549,306233344
2026-05-26 11:00:00+00:00,0.9997327327728271,0.9998681545257568,0.9995216131210327,0.9996800422668457,37976064
2026-05-26 12:00:00+00:00,0.9996489882469177,0.9998689293861389,0.9995754361152649,0.9997804760932922,0
2026-05-26 13:00:00+00:00,0.9996967911720276,0.9999595284461975,0.9995522499084473,0.9996989965438843,459559936
2026-05-26 14:00:00+00:00,0.9998307228088379,1.0000230073928833,0.9995473027229309,0.9998373985290527,944854016
2026-05-26 15:00:00+00:00,0.9997323155403137,1.0000416040420532,0.9995229244232178,0.9996318817138672,509443072
2026-05-26 16:00:00+00:00,0.9997662901878357,0.9998224377632141,0.9995461106300354,0.9996629357337952,699311104
2026-05-26 17:00:00+00:00,0.9996662139892578,0.9998644590377808,0.9993588328361511,0.9996164441108704,743335936
2026-05-26 18:00:00+00:00,0.999569296836853,0.9997893571853638,0.9994310140609741,0.9995316863059998,575059968
2026-05-26 19:00:00+00:00,0.9995786547660828,0.9997258186340332,0.9994577765464783,0.9996878504753113,569930752
2026-05-26 20:00:00+00:00,0.9995667338371277,0.9998698234558105,0.9995667338371277,0.9998698234558105,484714496
2026-05-26 21:00:00+00:00,0.9996891617774963,0.9998592734336853,0.9995137453079224,0.9996743202209473,388008960
2026-05-26 22:00:00+00:00,0.9996011853218079,0.9997469186782837,0.9993677139282227,0.999670684337616,314831872
2026-05-26 23:00:00+00:00,0.9995267391204834,0.9998754262924194,0.9995267391204834,0.9997648596763611,42719232
2026-05-27 00:00:00+00:00,0.9997978210449219,0.9997978210449219,0.9995636343955994,0.9996811747550964,0
2026-05-27 01:00:00+00:00,0.9996815323829651,0.9998136162757874,0.9994774460792542,0.9996259808540344,0
2026-05-27 02:00:00+00:00,0.9997401237487793,0.9998615980148315,0.9995556473731995,0.9996867775917053,0
2026-05-27 03:00:00+00:00,0.9997005462646484,1.0000581741333008,0.9995225071907043,0.9996210336685181,283752448
2026-05-27 04:00:00+00:00,0.9997047185897827,0.9998072981834412,0.9993736147880554,0.9996270537376404,170984448
2026-05-27 05:00:00+00:00,0.9995341300964355,0.9998098015785217,0.9995341300964355,0.9996235966682434,0
2026-05-27 06:00:00+00:00,0.9997138977050781,0.9998856782913208,0.9995688796043396,0.9997662901878357,78610432
2026-05-27 07:00:00+00:00,0.9996755719184875,0.9998288154602051,0.9994903206825256,0.9996560215950012,100539392
2026-05-27 08:00:00+00:00,0.9996281862258911,0.9999606609344482,0.9995771050453186,0.999646008014679,0
2026-05-27 09:00:00+00:00,0.9996649622917175,0.9998654127120972,0.9995493292808533,0.999606192111969,0
2026-05-27 10:00:00+00:00,0.999578058719635,0.9997588396072388,0.999484658241272,0.9996246099472046,0
2026-05-27 11:00:00+00:00,0.999643087387085,0.9997314810752869,0.9994550347328186,0.9996301531791687,85193728
2026-05-27 12:00:00+00:00,0.9995911121368408,0.9998963475227356,0.9993539452552795,0.9996246695518494,625099776
2026-05-27 13:00:00+00:00,0.999578595161438,0.9997276663780212,0.9994354248046875,0.9994528889656067,838316032
2026-05-27 14:00:00+00:00,0.9995543956756592,0.9998522996902466,0.9993822574615479,0.9994843006134033,0
2026-05-27 15:00:00+00:00,0.999582827091217,0.9999434351921082,0.9992752075195312,0.9996211528778076,0
2026-05-27 16:00:00+00:00,0.9996866583824158,0.9998949766159058,0.999495804309845,0.999680757522583,0
2026-05-27 17:00:00+00:00,0.9994944930076599,0.9998607039451599,0.9993874430656433,0.9997507929801941,0
2026-05-27 18:00:00+00:00,0.9995065331459045,0.9997865557670593,0.9994405508041382,0.9995129704475403,0
2026-05-27 19:00:00+00:00,0.9994982481002808,0.9997312426567078,0.9994413256645203,0.9996426701545715,0
2026-05-27 20:00:00+00:00,0.9996680617332458,0.9998622536659241,0.999540388584137,0.999639093875885,0
2026-05-27 21:00:00+00:00,0.9996346831321716,0.9998603463172913,0.999495267868042,0.9997020363807678,13501440
2026-05-27 22:00:00+00:00,0.9996822476387024,0.99980229139328,0.999500572681427,0.9997327327728271,0
2026-05-27 23:00:00+00:00,0.9995533227920532,1.0001078844070435,0.9994959831237793,0.9996806383132935,133396480
2026-05-28 00:00:00+00:00,0.9995220303535461,0.9998176097869873,0.9994957447052002,0.9995617270469666,5720064
2026-05-28 01:00:00+00:00,0.9995675683021545,0.9998822808265686,0.9994010925292969,0.9996070861816406,241268736
2026-05-28 02:00:00+00:00,0.9995723962783813,0.9997995495796204,0.9994873404502869,0.9995105862617493,67635200
2026-05-28 03:00:00+00:00,0.9995560646057129,0.9998787045478821,0.9994667768478394,0.9998283982276917,344479744
2026-05-28 04:00:00+00:00,0.9995205998420715,0.9996829032897949,0.99940425157547,0.9995630979537964,399248384
2026-05-28 05:00:00+00:00,0.9995571374893188,0.999710202217102,0.9994840025901794,0.9995300769805908,232569856
2026-05-28 06:00:00+00:00,0.999458372592926,0.9996998310089111,0.9993922710418701,0.9994492530822754,31884288
2026-05-28 07:00:00+00:00,0.9995905756950378,0.9999083876609802,0.9994127750396729,0.9995858073234558,0
2026-05-28 08:00:00+00:00,0.9995147585868835,0.9997284412384033,0.9994180798530579,0.999638557434082,2959360
2026-05-28 09:00:00+00:00,0.999708354473114,0.9997538328170776,0.9994457960128784,0.9995682835578918,0
2026-05-28 10:00:00+00:00,0.9996485114097595,0.9996858835220337,0.99944007396698,0.9996274709701538,97048576
2026-05-28 11:00:00+00:00,0.9994640350341797,0.9996917843818665,0.9993770718574524,0.9995018243789673,0
2026-05-28 12:00:00+00:00,0.9995039701461792,0.9998112916946411,0.9992967844009399,0.9996125102043152,0
2026-05-28 13:00:00+00:00,0.9995602965354919,0.9997338652610779,0.9994372129440308,0.9995908737182617,0
2026-05-28 14:00:00+00:00,0.9995908737182617,1.0004181861877441,0.9994341731071472,0.9995376467704773,174681088
2026-05-28 15:00:00+00:00,0.9996262788772583,0.9997162222862244,0.9994246363639832,0.9994246363639832,0
2026-05-28 16:00:00+00:00,0.9996563792228699,0.9998365640640259,0.9994459748268127,0.9995782971382141,183629824
2026-05-28 17:00:00+00:00,0.9995520114898682,0.9998104572296143,0.9994411468505859,0.9998104572296143,309729280
2026-05-28 18:00:00+00:00,0.9996715188026428,0.9997454285621643,0.9994630217552185,0.9995681643486023,323584
2026-05-28 19:00:00+00:00,0.999600350856781,0.9997055530548096,0.9994709491729736,0.9995739459991455,0
2026-05-28 20:00:00+00:00,0.9995811581611633,0.999744176864624,0.9994412660598755,0.999556839466095,189993984
2026-05-28 21:00:00+00:00,0.9995540976524353,0.9998644590377808,0.9995173811912537,0.9996630549430847,0
2026-05-28 22:00:00+00:00,0.999607503414154,0.999775230884552,0.9994598627090454,0.9994598627090454,0
2026-05-28 23:00:00+00:00,0.9995769262313843,0.9997343420982361,0.9993992447853088,0.9995893836021423,0
2026-05-29 00:00:00+00:00,0.9995741248130798,0.9997768998146057,0.9994741678237915,0.9996109008789062,0
2026-05-29 01:00:00+00:00,0.9996302723884583,0.9998605251312256,0.9994257092475891,0.9996463060379028,0
2026-05-29 02:00:00+00:00,0.999623715877533,0.9997383952140808,0.999474287033081,0.9996225237846375,80084992
2026-05-29 03:00:00+00:00,0.9997318983078003,0.9997517466545105,0.9994972944259644,0.9995645880699158,0
2026-05-29 04:00:00+00:00,0.9995604157447815,0.9997201561927795,0.9995115995407104,0.9995838403701782,0
2026-05-29 05:00:00+00:00,0.9996368288993835,0.9997349977493286,0.9995096921920776,0.9995937943458557,0
2026-05-29 06:00:00+00:00,0.9995790123939514,0.9997395873069763,0.9994426965713501,0.9995615482330322,0
2026-05-29 07:00:00+00:00,0.9995599985122681,0.99977707862854,0.9994715452194214,0.9996105432510376,51109888
2026-05-29 08:00:00+00:00,0.9996706247329712,0.99973064661026,0.9994783997535706,0.9995684027671814,68078592
2026-05-29 09:00:00+00:00,0.999515950679779,0.9998080134391785,0.9994158148765564,0.9995400905609131,0
2026-05-29 10:00:00+00:00,0.9995214939117432,0.9997314810752869,0.999458909034729,0.9994993805885315,0
2026-05-29 11:00:00+00:00,0.9995481967926025,0.9997073411941528,0.9994925260543823,0.9996012449264526,0
2026-05-29 12:00:00+00:00,0.9995543956756592,0.9997518062591553,0.9994680881500244,0.9996156692504883,0
2026-05-29 13:00:00+00:00,0.999463677406311,0.9997807741165161,0.9993997812271118,0.9996287226676941,0
2026-05-29 14:00:00+00:00,0.9994655847549438,0.9999037981033325,0.9993777275085449,0.999718427658081,0
2026-05-29 15:00:00+00:00,0.9996472597122192,0.9998540878295898,0.9995198249816895,0.9997021555900574,634652672
2026-05-29 16:00:00+00:00,0.9995576739311218,0.9998087882995605,0.9995406270027161,0.9996240735054016,0
2026-05-29 17:00:00+00:00,0.9996240735054016,0.9998413920402527,0.9995719194412231,0.9997112154960632,0
2026-05-29 18:00:00+00:00,0.9996924996376038,0.9997693300247192,0.9995253682136536,0.9996725916862488,106324992
2026-05-29 19:00:00+00:00,0.9996041655540466,0.9997721314430237,0.9995010495185852,0.9995782971382141,50447360
2026-05-29 20:00:00+00:00,0.999687135219574,0.9997764229774475,0.9994688630104065,0.9995582699775696,0
2026-05-29 21:00:00+00:00,0.9995582699775696,0.9998316168785095,0.9993783831596375,0.9998084902763367,16297984
2026-05-29 22:00:00+00:00,0.9996687173843384,0.9997849464416504,0.9994678497314453,0.9995371103286743,0
2026-05-29 23:00:00+00:00,0.9996338486671448,0.9997462034225464,0.9994378685951233,0.99955815076828,9213952
2026-05-30 00:00:00+00:00,0.9995257258415222,0.9997605681419373,0.9995042681694031,0.9995549917221069,0
2026-05-30 01:00:00+00:00,0.9996343851089478,0.9997668862342834,0.9994824528694153,0.999699592590332,49398784
2026-05-30 02:00:00+00:00,0.9997015595436096,0.9998185634613037,0.9995405077934265,0.9998185634613037,0
2026-05-30 03:00:00+00:00,0.999667227268219,0.9998373985290527,0.9995205402374268,0.9996886849403381,0
2026-05-30 04:00:00+00:00,0.9996545910835266,0.9998425245285034,0.9995481371879578,0.999763548374176,176785408
2026-05-30 05:00:00+00:00,0.999763548374176,0.999763548374176,0.9995495080947876,0.9996140599250793,0
2026-05-30 06:00:00+00:00,0.9996140599250793,0.9998990297317505,0.9995265603065491,0.9998990297317505,0
2026-05-30 07:00:00+00:00,0.999641478061676,0.9997567534446716,0.9995653629302979,0.9996947050094604,0
2026-05-30 08:00:00+00:00,0.9996703863143921,0.9998283982276917,0.9995614886283875,0.9996337294578552,0
2026-05-30 09:00:00+00:00,0.9996337294578552,0.9997676610946655,0.999480664730072,0.9996836185455322,0
2026-05-30 10:00:00+00:00,0.9996744394302368,0.9998117089271545,0.9995561242103577,0.9996695518493652,0
2026-05-30 11:00:00+00:00,0.9996961355209351,0.9996961355209351,0.9994859099388123,0.9996172785758972,0
2026-05-30 12:00:00+00:00,0.9996492862701416,0.9998611807823181,0.9994978904724121,0.9996740818023682,0
2026-05-30 13:00:00+00:00,0.9996740818023682,0.9997380971908569,0.9994620084762573,0.999712347984314,0
2026-05-30 14:00:00+00:00,0.999712347984314,0.9999908208847046,0.999253511428833,0.9995736479759216,0
2026-05-30 15:00:00+00:00,0.9996312856674194,0.9998058080673218,0.9994381666183472,0.9995874762535095,0
2026-05-30 16:00:00+00:00,0.9996424317359924,0.9998394250869751,0.9995518922805786,0.9996013641357422,0
2026-05-30 17:00:00+00:00,0.9996050596237183,0.9999871253967285,0.9994587898254395,0.9997175931930542,0
2026-05-30 18:00:00+00:00,0.9997212290763855,0.9997463226318359,0.9995284080505371,0.9996770024299622,0
2026-05-30 19:00:00+00:00,0.9996373653411865,0.9998517036437988,0.9995465874671936,0.9996514320373535,0
2026-05-30 20:00:00+00:00,0.9997103810310364,0.9997878074645996,0.9995411038398743,0.9996361136436462,0
2026-05-30 21:00:00+00:00,0.9996361136436462,0.9997302889823914,0.999559223651886,0.9997199773788452,0
2026-05-30 22:00:00+00:00,0.9996069669723511,0.9997983574867249,0.9995290637016296,0.9997983574867249,0
2026-05-30 23:00:00+00:00,0.9996412396430969,0.9998173117637634,0.9994736313819885,0.9996927976608276,0
2026-05-31 00:00:00+00:00,0.9996885657310486,0.9999446272850037,0.9995136857032776,0.9997307062149048,23490048
2026-05-31 01:00:00+00:00,0.9997285604476929,0.9997702836990356,0.9994847178459167,0.9995386004447937,0
2026-05-31 02:00:00+00:00,0.999598503112793,0.9998278617858887,0.9994266033172607,0.9996192455291748,93560320
2026-05-31 03:00:00+00:00,0.9996205568313599,0.999804675579071,0.9995312094688416,0.9995731115341187,0
2026-05-31 04:00:00+00:00,0.9996241331100464,0.9997199177742004,0.9995472431182861,0.999630868434906,0
2026-05-31 05:00:00+00:00,0.9996002912521362,0.9998005628585815,0.999508798122406,0.9997121095657349,0
2026-05-31 06:00:00+00:00,0.999661922454834,0.9997169375419617,0.9995083212852478,0.9995652437210083,0
2026-05-31 07:00:00+00:00,0.999587893486023,0.9999347925186157,0.9994944334030151,0.9996551275253296,0
2026-05-31 08:00:00+00:00,0.9996946454048157,0.9997718930244446,0.9995332956314087,0.9996862411499023,41572352
2026-05-31 09:00:00+00:00,0.9995481967926025,0.9998059868812561,0.9995377659797668,0.9997377395629883,47521792
2026-05-31 10:00:00+00:00,0.999679684638977,1.0000473260879517,0.9994832277297974,0.9997764825820923,3521536
2026-05-31 11:00:00+00:00,0.9997410178184509,0.9997570514678955,0.9995689988136292,0.9996774196624756,0
2026-05-31 12:00:00+00:00,0.9995719790458679,0.9997562766075134,0.9994868040084839,0.9996737241744995,631808
2026-05-31 13:00:00+00:00,0.999596118927002,0.9997174739837646,0.9995049238204956,0.999591052532196,0
2026-05-31 14:00:00+00:00,0.9995906352996826,0.9999591112136841,0.999423086643219,0.999423086643219,0
2026-05-31 15:00:00+00:00,0.9996060729026794,0.9997377991676331,0.9995421171188354,0.9995978474617004,0
2026-05-31 16:00:00+00:00,0.9995978474617004,0.9999563694000244,0.9995386600494385,0.9997013211250305,91065856
2026-05-31 17:00:00+00:00,0.9996147155761719,0.9997270107269287,0.9995484352111816,0.9996353983879089,0
2026-05-31 18:00:00+00:00,0.9995723366737366,0.9997777938842773,0.9994294047355652,0.999614417552948,0
2026-05-31 19:00:00+00:00,0.9996018409729004,0.9998459815979004,0.9995143413543701,0.9997072219848633,3152896
2026-05-31 20:00:00+00:00,0.9996393918991089,0.999722421169281,0.9994857311248779,0.9995806813240051,0
2026-05-31 21:00:00+00:00,0.9995806813240051,0.9998317360877991,0.9995148777961731,0.9996302723884583,120730624
2026-05-31 22:00:00+00:00,0.9997177124023438,0.9998398423194885,0.9994778633117676,0.999734103679657,185049088
2026-05-31 23:00:00+00:00,0.9996664524078369,0.9997995495796204,0.9995073080062866,0.9995794892311096,195054080
2026-06-01 00:00:00+00:00,0.9996030330657959,1.000357747077942,0.9993882775306702,0.9996299743652344,130769920
2026-06-01 01:00:00+00:00,0.9996299743652344,1.0001261234283447,0.9995143413543701,0.9996506571769714,188704768
2026-06-01 02:00:00+00:00,0.9996680021286011,0.9999772906303406,0.9994567632675171,0.9996132850646973,145342976
2026-06-01 03:00:00+00:00,0.9996073842048645,0.9999752044677734,0.9994803667068481,0.999665379524231,204495872
2026-06-01 04:00:00+00:00,0.9997074007987976,0.9998096227645874,0.9995457530021667,0.9995652437210083,161218048
2026-06-01 05:00:00+00:00,0.9996134042739868,0.9997769594192505,0.9994536638259888,0.9996394515037537,136886784
2026-06-01 06:00:00+00:00,0.9995762705802917,0.9998973608016968,0.9994761347770691,0.9996528029441833,299964416
2026-06-01 07:00:00+00:00,0.9996528029441833,1.0004464387893677,0.9994782209396362,0.9996158480644226,312836608
2026-06-01 08:00:00+00:00,0.9996950030326843,0.9998607039451599,0.9995288252830505,0.9996488690376282,448690688
2026-06-01 09:00:00+00:00,0.9996277093887329,0.9997764825820923,0.9995130300521851,0.9996358752250671,519225344
2026-06-01 10:00:00+00:00,0.9996358752250671,0.9997645020484924,0.9994820952415466,0.9996209740638733,346821632
2026-06-01 11:00:00+00:00,0.9996583461761475,0.9997488260269165,0.9995361566543579,0.9996373057365417,373481984
2026-06-01 12:00:00+00:00,0.9996917843818665,0.9997789263725281,0.9995142221450806,0.9997098445892334,859494400
2026-06-01 13:00:00+00:00,0.9997169375419617,1.000362515449524,0.9994375109672546,0.9995699524879456,1185056768
2026-06-01 14:00:00+00:00,0.9996030926704407,0.9999991059303284,0.9994978904724121,0.9998258948326111,870555648
2026-06-01 15:00:00+00:00,0.9997545480728149,0.9998789429664612,0.9994708895683289,0.999595582485199,1093571584
2026-06-01 16:00:00+00:00,0.9997329711914062,0.9998502731323242,0.9994866847991943,0.9996873140335083,768594944
2026-06-01 17:00:00+00:00,0.9996516108512878,0.9997754096984863,0.999482274055481,0.9995153546333313,609219584
2026-06-01 18:00:00+00:00,0.9996961355209351,0.9997770190238953,0.9994841814041138,0.9997264742851257,275249152
2026-06-01 19:00:00+00:00,0.9996505379676819,0.9998021721839905,0.9995201230049133,0.9996158480644226,364875776
2026-06-01 20:00:00+00:00,0.9996065497398376,0.999928891658783,0.999548614025116,0.9996576905250549,156429312
2026-06-01 21:00:00+00:00,0.9997800588607788,0.9999186992645264,0.9995244145393372,0.9995880722999573,190568448
2026-06-01 22:00:00+00:00,0.9996883273124695,0.9998769164085388,0.9994402527809143,0.9996040463447571,93852672
2026-06-01 23:00:00+00:00,0.999811589717865,0.999811589717865,0.999488353729248,0.9996750354766846,89836544
2026-06-02 00:00:00+00:00,0.9995995163917542,0.9999352097511292,0.9995251297950745,0.9995630383491516,0
2026-06-02 01:00:00+00:00,0.9996408224105835,0.9999335408210754,0.9995925426483154,0.9995925426483154,88713216
2026-06-02 02:00:00+00:00,0.9999027252197266,0.9999514222145081,0.9995396137237549,0.9997819066047668,314630144
2026-06-02 03:00:00+00:00,0.999619722366333,0.9998408555984497,0.9995473623275757,0.9996333122253418,59280384
2026-06-02 04:00:00+00:00,0.9996416568756104,0.9997990131378174,0.999428391456604,0.9995923638343811,92646400
2026-06-02 05:00:00+00:00,0.9995347261428833,0.9998846650123596,0.9995182156562805,0.999628484249115,167372800
2026-06-02 06:00:00+00:00,0.9996886849403381,0.9997748732566833,0.999495804309845,0.9996028542518616,54564864
2026-06-02 07:00:00+00:00,0.9996402859687805,0.9997759461402893,0.9995220303535461,0.9996285438537598,70568960
2026-06-02 08:00:00+00:00,0.9996917843818665,0.9998268485069275,0.9995620846748352,0.9998268485069275,0
2026-06-02 09:00:00+00:00,0.9995565414428711,0.9998153448104858,0.9995416402816772,0.9995992183685303,0
2026-06-02 10:00:00+00:00,0.9995964765548706,0.9997808337211609,0.9995616674423218,0.9997186064720154,52232192
2026-06-02 11:00:00+00:00,0.9996876120567322,0.999792218208313,0.9995056986808777,0.9996436834335327,50254848
2026-06-02 12:00:00+00:00,0.9996436834335327,0.9997644424438477,0.9995349049568176,0.9997038841247559,0
2026-06-02 13:00:00+00:00,0.9998242259025574,0.9999414086341858,0.9995089173316956,0.9997217655181885,0
2026-06-02 14:00:00+00:00,0.9998651742935181,0.9998651742935181,0.9993565678596497,0.9996311068534851,419396608
2026-06-02 15:00:00+00:00,0.9996401071548462,1.000175952911377,0.9994894862174988,0.9996889233589172,312814592
2026-06-02 16:00:00+00:00,0.9995390176773071,0.9998588562011719,0.9995101690292358,0.9996695518493652,123671552
2026-06-02 17:00:00+00:00,0.9996686577796936,0.9998199939727783,0.9995640516281128,0.9996540546417236,182875136
2026-06-02 18:00:00+00:00,0.9997161030769348,0.9998322129249573,0.999487578868866,0.9996201992034912,205434880
2026-06-02 19:00:00+00:00,0.999633252620697,0.9998339414596558,0.9995999932289124,0.9996744990348816,471917568
2026-06-02 20:00:00+00:00,0.9996388554573059,0.9998957514762878,0.9995504021644592,0.9996736645698547,286539776
2026-06-02 21:00:00+00:00,0.9996922612190247,0.9999473690986633,0.9995935559272766,0.9997272491455078,68556800
2026-06-02 22:00:00+00:00,0.9997126460075378,1.0000284910202026,0.999573290348053,0.9997225999832153,335184896
2026-06-02 23:00:00+00:00,0.999683678150177,0.9999375343322754,0.9995111227035522,0.9997244477272034,698821632
2026-06-03 00:00:00+00:00,0.999615490436554,0.9998540282249451,0.9995172619819641,0.9997618794441223,303874048
2026-06-03 01:00:00+00:00,0.9995840191841125,0.9999938607215881,0.9995840191841125,0.9996666312217712,0
2026-06-03 02:00:00+00:00,0.9995757341384888,0.9999366402626038,0.9995757341384888,0.9997074604034424,0
2026-06-03 03:00:00+00:00,0.9997056722640991,0.9999099969863892,0.9995642304420471,0.9996854662895203,224444416
2026-06-03 04:00:00+00:00,0.9996945858001709,0.9999038577079773,0.9996197819709778,0.999815046787262,503900160
2026-06-03 05:00:00+00:00,0.9996978044509888,0.9998502731323242,0.99958735704422,0.9996329545974731,280055808
2026-06-03 06:00:00+00:00,0.9996466636657715,0.9998623728752136,0.9995263814926147,0.9997592568397522,92106752
2026-06-03 07:00:00+00:00,0.9996787309646606,0.9999387264251709,0.9995747208595276,0.9997246265411377,0
2026-06-03 08:00:00+00:00,0.999678373336792,0.9999331831932068,0.9995600581169128,0.9996536374092102,200128512
2026-06-03 09:00:00+00:00,0.9997057914733887,0.9998074769973755,0.9995461106300354,0.999610424041748,236042240
2026-06-03 10:00:00+00:00,0.9995099902153015,1.0000438690185547,0.9995099902153015,0.9996307492256165,41187328
2026-06-03 11:00:00+00:00,0.9996221661567688,0.9999136328697205,0.9995435476303101,0.9996787309646606,9129984
2026-06-03 12:00:00+00:00,0.9996787309646606,0.9999361634254456,0.99953293800354,0.9996370077133179,0
2026-06-03 13:00:00+00:00,0.9996148943901062,0.999923825263977,0.9994235038757324,0.9996729493141174,0
2026-06-03 14:00:00+00:00,0.9995933175086975,0.99985671043396,0.9994900822639465,0.9997026324272156,0
2026-06-03 15:00:00+00:00,0.9997026324272156,0.999833881855011,0.9995731115341187,0.9995825290679932,0
2026-06-03 16:00:00+00:00,0.9995825290679932,0.9999567866325378,0.9995825290679932,0.9998931288719177,0
2026-06-03 17:00:00+00:00,0.9997067451477051,0.9999172687530518,0.9995372891426086,0.9997164607048035,0
2026-06-03 18:00:00+00:00,0.9996752142906189,0.9997815489768982,0.9994581937789917,0.999649167060852,0
2026-06-03 19:00:00+00:00,0.9996481537818909,0.9998056888580322,0.999496340751648,0.9996023774147034,0
2026-06-03 20:00:00+00:00,0.9996404051780701,0.9997289180755615,0.9995041489601135,0.9996968507766724,61926400
2026-06-03 21:00:00+00:00,0.9996989369392395,0.9998623132705688,0.9995793700218201,0.9995793700218201,367097856
2026-06-03 22:00:00+00:00,0.9996629953384399,0.9999292492866516,0.9995619654655457,0.9999292492866516,0
2026-06-03 23:00:00+00:00,0.9996405243873596,0.9999187588691711,0.9995321035385132,0.9997368454933167,0
2026-06-04 00:00:00+00:00,0.9996541142463684,1.0000382661819458,0.9995862245559692,0.9997518658638,146699264
2026-06-04 01:00:00+00:00,0.9996914267539978,0.9998059272766113,0.9995493292808533,0.9996304512023926,1066972160
2026-06-04 02:00:00+00:00,0.9996340870857239,0.9996951818466187,0.999457836151123,0.9996416568756104,1258147840
2026-06-04 03:00:00+00:00,0.9995989203453064,0.999768853187561,0.999524712562561,0.9996221661567688,0
2026-06-04 04:00:00+00:00,0.9995577335357666,0.9997618794441223,0.9994580745697021,0.9996591806411743,38492160
2026-06-04 05:00:00+00:00,0.9996591806411743,0.9997215270996094,0.9993538856506348,0.9995203614234924,0
2026-06-04 06:00:00+00:00,0.9995610117912292,0.9996920228004456,0.999294102191925,0.9994980096817017,0
2026-06-04 07:00:00+00:00,0.999448299407959,0.9996902942657471,0.9991369843482971,0.999630331993103,20815872
2026-06-04 08:00:00+00:00,0.9994460940361023,0.9997249841690063,0.9993643760681152,0.9996938109397888,323848192
2026-06-04 09:00:00+00:00,0.9996355772018433,0.9997139573097229,0.9995037317276001,0.9996695518493652,292358144
2026-06-04 10:00:00+00:00,0.999670147895813,0.999751627445221,0.9996178150177002,0.9996184706687927,0
2026-06-04 11:00:00+00:00,0.9995939135551453,0.9997521638870239,0.9994226098060608,0.9995975494384766,1158252544
2026-06-04 12:00:00+00:00,0.9996125102043152,0.9997749328613281,0.9994906783103943,0.9996338486671448,742508544
2026-06-04 13:00:00+00:00,0.999643862247467,0.9997745156288147,0.9995607733726501,0.9997017979621887,450836480
2026-06-04 14:00:00+00:00,0.9996998906135559,0.9998275637626648,0.9996178150177002,0.9997708797454834,0
2026-06-04 15:00:00+00:00,0.9997384548187256,1.0000874996185303,0.9995775818824768,0.999703586101532,0
2026-06-04 16:00:00+00:00,0.9997419118881226,1.0000184774398804,0.9995517730712891,0.9997988939285278,0
2026-06-04 17:00:00+00:00,0.999666690826416,0.999903678894043,0.9995816946029663,0.9997116327285767,109479936
2026-06-04 18:00:00+00:00,0.999639630317688,1.0000497102737427,0.9995599389076233,0.9997711181640625,470910976
2026-06-04 19:00:00+00:00,0.9997711181640625,1.000024437904358,0.9994705319404602,0.9997838735580444,0
2026-06-04 20:00:00+00:00,0.999658465385437,0.9999083876609802,0.9995807409286499,0.9997737407684326,0
2026-06-04 21:00:00+00:00,0.9997200965881348,0.9999151825904846,0.9995999932289124,0.9998698234558105,0
2026-06-04 22:00:00+00:00,0.9997600317001343,0.9999628067016602,0.9995218515396118,0.9995218515396118,0
2026-06-04 23:00:00+00:00,0.9995218515396118,0.9999072551727295,0.9995218515396118,0.9996829628944397,0
2026-06-05 00:00:00+00:00,0.9997190833091736,0.9999309778213501,0.9995994567871094,0.9996320605278015,0
2026-06-05 01:00:00+00:00,0.9996320605278015,1.0002124309539795,0.9995056986808777,0.9996771216392517,0
2026-06-05 02:00:00+00:00,0.999653697013855,1.0001122951507568,0.9995949864387512,0.9996980428695679,0
2026-06-05 03:00:00+00:00,0.999634325504303,0.9999997019767761,0.9994375705718994,0.9996760487556458,0
2026-06-05 04:00:00+00:00,0.9997321963310242,0.9998767375946045,0.9996070265769958,0.9996692538261414,0
2026-06-05 05:00:00+00:00,0.9996637105941772,0.9999144673347473,0.9995700120925903,0.9997377991676331,0
2026-06-05 06:00:00+00:00,0.9997019171714783,0.999898374080658,0.9995912909507751,0.9996606707572937,1061234688
2026-06-05 07:00:00+00:00,0.9996606707572937,0.9997784495353699,0.9994851350784302,0.9994872808456421,459835392
2026-06-05 08:00:00+00:00,0.9995371699333191,0.9996928572654724,0.9994229674339294,0.9994692802429199,0
2026-06-05 09:00:00+00:00,0.9994692802429199,0.9998217225074768,0.9994649291038513,0.9996934533119202,0
2026-06-05 10:00:00+00:00,0.9997168183326721,0.9998233318328857,0.9995871186256409,0.999765932559967,0
2026-06-05 11:00:00+00:00,0.9997546672821045,1.0000128746032715,0.9995939135551453,0.9998926520347595,0
2026-06-05 12:00:00+00:00,0.9998926520347595,1.0001269578933716,0.9995054006576538,0.9996758699417114,0
2026-06-05 13:00:00+00:00,0.9996758699417114,1.0000731945037842,0.9995720982551575,0.9997549057006836,0
2026-06-05 14:00:00+00:00,0.9997549057006836,0.9999672174453735,0.9995720386505127,0.9997547268867493,1129791488
2026-06-05 15:00:00+00:00,0.9996657371520996,1.0003715753555298,0.999642014503479,0.9997487664222717,703213568
2026-06-05 16:00:00+00:00,0.9997487664222717,0.9999080896377563,0.9995297193527222,0.9996883273124695,1375639552
2026-06-05 17:00:00+00:00,0.9997089505195618,1.0001709461212158,0.9995445609092712,0.9997419714927673,273293312
2026-06-05 18:00:00+00:00,0.9996730089187622,1.0005171298980713,0.9995008707046509,0.9997715950012207,348334080
2026-06-05 19:00:00+00:00,0.9998749494552612,1.0005022287368774,0.9993707537651062,0.9997699856758118,794580992
2026-06-05 20:00:00+00:00,0.9997193813323975,0.9999495148658752,0.9996318817138672,0.9997479319572449,779997184
2026-06-05 21:00:00+00:00,0.9997479319572449,1.0000125169754028,0.9996047616004944,0.999869704246521,292890624
2026-06-05 22:00:00+00:00,0.9996359348297119,1.000162124633789,0.9995735287666321,0.9998233914375305,419418112
2026-06-05 23:00:00+00:00,0.9997562766075134,1.0003000497817993,0.9996390342712402,0.9997878074645996,399710208
2026-06-06 00:00:00+00:00,0.9997761249542236,0.9999240040779114,0.9996447563171387,0.9996628165245056,0
2026-06-06 01:00:00+00:00,0.9996788501739502,0.9999485611915588,0.9996041059494019,0.9998360276222229,0
2026-06-06 02:00:00+00:00,0.9998311400413513,0.9999256134033203,0.9996281266212463,0.9998237490653992,0
2026-06-06 03:00:00+00:00,0.9998252987861633,1.0002561807632446,0.999465823173523,0.9998009204864502,0
2026-06-06 04:00:00+00:00,0.9997938871383667,1.000211238861084,0.999477207660675,0.9997301697731018,271837184
2026-06-06 05:00:00+00:00,0.9996421337127686,1.0001366138458252,0.9995757341384888,0.9997272491455078,539365376
2026-06-06 06:00:00+00:00,0.9997571706771851,0.9999215602874756,0.9995465278625488,0.9996775388717651,0
2026-06-06 07:00:00+00:00,0.9997603297233582,1.0001500844955444,0.9995286464691162,0.9996705651283264,0
2026-06-06 08:00:00+00:00,0.9996861815452576,0.9998694062232971,0.9995327591896057,0.9996315836906433,0
2026-06-06 09:00:00+00:00,0.999898374080658,0.9999134540557861,0.9995586276054382,0.9996840953826904,0
2026-06-06 10:00:00+00:00,0.9996970295906067,0.9999815225601196,0.9995343089103699,0.9997349381446838,25085952
2026-06-06 11:00:00+00:00,0.9996432662010193,0.9997868537902832,0.9994611740112305,0.9996983408927917,0
2026-06-06 12:00:00+00:00,0.9996983408927917,0.9998087882995605,0.9995272159576416,0.9995272159576416,0
2026-06-06 13:00:00+00:00,0.9996790289878845,0.9998472929000854,0.9995154738426208,0.9996501803398132,0
2026-06-06 14:00:00+00:00,0.9996501803398132,1.0002367496490479,0.9995145797729492,0.9995595216751099,0
2026-06-06 15:00:00+00:00,0.9997377395629883,0.9999422430992126,0.9995309114456177,0.9997159838676453,0
2026-06-06 16:00:00+00:00,0.9998723268508911,1.0003259181976318,0.9995944499969482,0.9997327327728271,0
2026-06-06 17:00:00+00:00,0.9996901750564575,0.9998724460601807,0.9996048808097839,0.9997062683105469,0
2026-06-06 18:00:00+00:00,0.9996739029884338,0.9999198317527771,0.9996141195297241,0.9997544884681702,0
2026-06-06 19:00:00+00:00,0.9997544884681702,0.9999030828475952,0.9995757937431335,0.9997326731681824,0
2026-06-06 20:00:00+00:00,0.9998255372047424,1.0000642538070679,0.9995808005332947,1.0000642538070679,0
2026-06-06 21:00:00+00:00,0.9997545480728149,0.9999118447303772,0.9995084404945374,0.9997629523277283,0
2026-06-06 22:00:00+00:00,0.9997104406356812,0.9998894929885864,0.9996001124382019,0.9996525049209595,0
2026-06-06 23:00:00+00:00,0.9997716546058655,0.999911367893219,0.9996299743652344,0.9997426271438599,0
2026-06-07 00:00:00+00:00,0.9998133182525635,0.9998748302459717,0.999618411064148,0.9997711181640625,0
2026-06-07 01:00:00+00:00,0.9996916651725769,0.9999215006828308,0.9994637966156006,0.9996576309204102,143685632
2026-06-07 02:00:00+00:00,0.999702513217926,0.999922513961792,0.9996052980422974,0.9997137188911438,0
2026-06-07 03:00:00+00:00,0.9996004104614258,0.9999158382415771,0.9995996356010437,0.9996501803398132,0
2026-06-07 04:00:00+00:00,0.9996018409729004,0.9999575018882751,0.9996018409729004,0.9997326135635376,0
2026-06-07 05:00:00+00:00,0.9997225403785706,0.9999067783355713,0.9995827078819275,0.9996695518493652,0
2026-06-07 06:00:00+00:00,0.9996695518493652,0.9999837875366211,0.9995842576026917,0.9997150897979736,0
2026-06-07 07:00:00+00:00,0.9997589588165283,0.9999925494194031,0.9995580315589905,0.9997172951698303,0
2026-06-07 08:00:00+00:00,0.9998385906219482,0.9999571442604065,0.9995924234390259,0.9995924234390259,67128320
2026-06-07 09:00:00+00:00,0.9997571706771851,0.9999151229858398,0.9993313550949097,0.9997998476028442,186907648
2026-06-07 10:00:00+00:00,0.9997954964637756,1.000190019607544,0.9995795488357544,0.9997153282165527,0
2026-06-07 11:00:00+00:00,0.9996564388275146,0.9999463558197021,0.9995642304420471,0.9996334314346313,0
2026-06-07 12:00:00+00:00,0.9996766448020935,1.0000284910202026,0.9995540380477905,0.9996436238288879,321095680
2026-06-07 13:00:00+00:00,0.999614417552948,0.9998956322669983,0.9995775818824768,0.9997612237930298,0
2026-06-07 14:00:00+00:00,0.9997900128364563,1.0003117322921753,0.9995376467704773,0.9996034502983093,69876736
2026-06-07 15:00:00+00:00,0.9996034502983093,0.9998623728752136,0.999578595161438,0.9997260570526123,0
2026-06-07 16:00:00+00:00,0.9996581673622131,1.000036597251892,0.9996089339256287,0.9996719360351562,0
2026-06-07 17:00:00+00:00,0.999690592288971,0.9999216794967651,0.9996845126152039,0.9996849298477173,12634112
2026-06-07 18:00:00+00:00,0.9997221231460571,1.0000314712524414,0.999656617641449,0.9997463226318359,0
2026-06-07 19:00:00+00:00,0.999809741973877,1.0000314712524414,0.9995719790458679,0.9997910857200623,266667008
2026-06-07 20:00:00+00:00,0.9997215867042542,1.0000158548355103,0.9994879961013794,0.9997259974479675,2668544
2026-06-07 21:00:00+00:00,0.9996638298034668,1.0001038312911987,0.9995542764663696,0.9996469020843506,0
2026-06-07 22:00:00+00:00,0.9996699094772339,1.0001286268234253,0.99954754114151,0.9997738599777222,1008402432
2026-06-07 23:00:00+00:00,0.9997682571411133,0.9999750256538391,0.9995659589767456,0.9996243119239807,315743232
2026-06-08 00:00:00+00:00,0.9997736215591431,1.0000391006469727,0.9995943903923035,0.9996680021286011,290992128
2026-06-08 01:00:00+00:00,0.9997140765190125,1.0000476837158203,0.9995906949043274,0.9996064901351929,79479808
2026-06-08 02:00:00+00:00,0.9997531771659851,0.9999157786369324,0.999556303024292,0.999702513217926,45538304
2026-06-08 03:00:00+00:00,0.9997261762619019,0.9999034404754639,0.999626100063324,0.9997140765190125,118448128
2026-06-08 04:00:00+00:00,0.9996415376663208,0.9998372793197632,0.9995596408843994,0.9996772408485413,129509376
2026-06-08 05:00:00+00:00,0.9996554851531982,0.9999003410339355,0.9995818734169006,0.9997434616088867,50968576
2026-06-08 06:00:00+00:00,0.9996103644371033,0.9999151825904846,0.9993841648101807,0.9996179342269897,2794496
2026-06-08 07:00:00+00:00,0.9994843006134033,0.999803364276886,0.9994790554046631,0.9996856451034546,381081600
2026-06-08 08:00:00+00:00,0.9996658563613892,0.9999091029167175,0.999484121799469,0.999676525592804,0
2026-06-08 09:00:00+00:00,0.9998472929000854,0.9998641610145569,0.9994153380393982,0.9997177124023438,56578048
2026-06-08 10:00:00+00:00,0.9997725486755371,1.000033974647522,0.9995847344398499,0.9996395111083984,171954176
2026-06-08 11:00:00+00:00,0.9998049736022949,0.9999514818191528,0.999498188495636,0.9997543096542358,302915584
2026-06-08 12:00:00+00:00,0.9996685981750488,1.0002158880233765,0.9995777010917664,0.9997200965881348,0
2026-06-08 13:00:00+00:00,0.9996922016143799,1.0001271963119507,0.9995851516723633,0.9998615384101868,548842496
2026-06-08 14:00:00+00:00,0.9997718334197998,1.0000020265579224,0.9996503591537476,0.9998598098754883,431577088
2026-06-08 15:00:00+00:00,0.9998365044593811,1.0000531673431396,0.9995722770690918,0.9997674226760864,521323520
2026-06-08 16:00:00+00:00,0.9997674226760864,0.9999428391456604,0.9995967745780945,0.9997585415840149,123473920
2026-06-08 17:00:00+00:00,0.9996849894523621,0.9999518990516663,0.9995641112327576,0.999681293964386,152931328
2026-06-08 18:00:00+00:00,0.9996628761291504,0.9998597502708435,0.9995257258415222,0.9997561573982239,158695424
2026-06-08 19:00:00+00:00,0.9997612237930298,0.9998834133148193,0.9995591640472412,0.9996821284294128,0
2026-06-08 20:00:00+00:00,0.999702513217926,1.0000672340393066,0.9996636509895325,0.9998235702514648,44166144
2026-06-08 21:00:00+00:00,0.9997552037239075,0.9999412894248962,0.9996181726455688,0.9998547434806824,195426304
2026-06-08 22:00:00+00:00,0.9998551607131958,0.9999868273735046,0.9996519088745117,0.9999868273735046,0
2026-06-08 23:00:00+00:00,0.9997736215591431,1.000038743019104,0.9995900988578796,0.9996755719184875,0
2026-06-09 00:00:00+00:00,0.9998002052307129,1.0000951290130615,0.9994724988937378,0.9996950030326843,232209408
2026-06-09 01:00:00+00:00,0.9996844530105591,0.9999064207077026,0.9995779991149902,0.9997103214263916,0
2026-06-09 02:00:00+00:00,0.9996493458747864,0.9999042749404907,0.9995644092559814,0.9997823238372803,0
2026-06-09 03:00:00+00:00,0.9996527433395386,0.9999374747276306,0.9994544386863708,0.9996856451034546,0
2026-06-09 04:00:00+00:00,0.9996604919433594,0.9998075366020203,0.9994980096817017,0.9996858239173889,151761920
2026-06-09 05:00:00+00:00,0.9996225237846375,0.999903678894043,0.999579668045044,0.9996768832206726,0
2026-06-09 06:00:00+00:00,0.9996957778930664,1.000091314315796,0.9994849562644958,0.9996923208236694,0
2026-06-09 07:00:00+00:00,0.9998211860656738,1.0000648498535156,0.9995395541191101,0.9996942281723022,0
2026-06-09 08:00:00+00:00,0.9997611045837402,0.9998883605003357,0.9996337294578552,0.9996601343154907,0
2026-06-09 09:00:00+00:00,0.9997562766075134,0.9999658465385437,0.9996219277381897,0.9997202754020691,0
2026-06-09 10:00:00+00:00,0.9997482895851135,0.9999324083328247,0.9996361136436462,0.9997071027755737,0
2026-06-09 11:00:00+00:00,0.9996862411499023,0.9998915195465088,0.9995695948600769,0.9998195171356201,0
2026-06-09 12:00:00+00:00,0.9997934699058533,0.9999192357063293,0.9996245503425598,0.9997785091400146,0
2026-06-09 13:00:00+00:00,0.9997657537460327,0.9999254941940308,0.9996141195297241,0.99974125623703,0
2026-06-09 14:00:00+00:00,0.9998067021369934,1.0000410079956055,0.9995450973510742,0.9997343420982361,184023040
2026-06-09 15:00:00+00:00,0.9997408986091614,0.999972939491272,0.9995312690734863,0.9997537732124329,58960896
2026-06-09 16:00:00+00:00,0.9997755289077759,0.999937891960144,0.9996139407157898,0.9996448159217834,499558400
2026-06-09 17:00:00+00:00,0.9996921420097351,1.0004295110702515,0.9995746612548828,0.9997249841690063,277255168
2026-06-09 18:00:00+00:00,0.9997079372406006,0.9998944997787476,0.9996090531349182,0.9997797608375549,130889728
2026-06-09 19:00:00+00:00,0.9997035264968872,1.0000298023223877,0.9996223449707031,0.9997000098228455,0
2026-06-09 20:00:00+00:00,0.9997068643569946,1.0000642538070679,0.9996272921562195,0.9997552037239075,0
2026-06-09 21:00:00+00:00,0.9997552037239075,0.9999305009841919,0.9995842576026917,0.9996893405914307,0
2026-06-09 22:00:00+00:00,0.9996059536933899,0.9999691247940063,0.9996059536933899,0.9996780157089233,0
2026-06-09 23:00:00+00:00,0.9997655749320984,1.0000450611114502,0.999648928642273,0.999648928642273,0
2026-06-10 00:00:00+00:00,0.999707818031311,1.0000646114349365,0.9995632171630859,0.9998084306716919,0
2026-06-10 01:00:00+00:00,0.9997389316558838,0.9998953938484192,0.9996296167373657,0.999657928943634,39434240
2026-06-10 02:00:00+00:00,0.999772846698761,1.0000298023223877,0.9995899200439453,0.999851644039154,86284288
2026-06-10 03:00:00+00:00,0.999858558177948,1.0003262758255005,0.9996740818023682,0.9997656941413879,0
2026-06-10 04:00:00+00:00,0.9996659755706787,1.000044345855713,0.9996048808097839,0.9997208118438721,0
2026-06-10 05:00:00+00:00,0.9996963143348694,0.9999973773956299,0.9996002316474915,0.9998162984848022,0
2026-06-10 06:00:00+00:00,0.9997173547744751,0.9999434947967529,0.9996352791786194,0.9998093247413635,0
2026-06-10 07:00:00+00:00,0.9997135400772095,1.000001072883606,0.9996412396430969,0.9997425675392151,72704
2026-06-10 08:00:00+00:00,0.9997541308403015,0.9999530911445618,0.9995719194412231,0.9997402429580688,23154688
2026-06-10 09:00:00+00:00,0.9997274279594421,1.000224232673645,0.9995145201683044,0.9997944831848145,146893824
2026-06-10 10:00:00+00:00,0.9996879696846008,1.0000245571136475,0.9996206760406494,0.9997372627258301,111082496
2026-06-10 11:00:00+00:00,0.9997444152832031,1.0000383853912354,0.9996181726455688,0.9998518228530884,225991680
2026-06-10 12:00:00+00:00,0.9997568726539612,0.9999824166297913,0.9996069073677063,0.9997963905334473,429810688
2026-06-10 13:00:00+00:00,0.9997716546058655,1.0000195503234863,0.9994369149208069,0.9997555613517761,61912064
2026-06-10 14:00:00+00:00,0.9997203946113586,1.000082015991211,0.9996135234832764,0.9996430277824402,0
2026-06-10 15:00:00+00:00,0.9996430277824402,1.0002421140670776,0.9995599985122681,0.9997897148132324,0
2026-06-10 16:00:00+00:00,0.9999512434005737,0.9999858736991882,0.9995007514953613,0.9996466636657715,0
2026-06-10 17:00:00+00:00,0.9997850060462952,0.999954342842102,0.9995394349098206,0.9998043179512024,0
2026-06-10 18:00:00+00:00,0.9997092485427856,1.0001351833343506,0.9994320273399353,0.9996386766433716,25488384
2026-06-10 19:00:00+00:00,0.9996907711029053,0.9999909996986389,0.9995068907737732,0.9997504353523254,0
2026-06-10 20:00:00+00:00,0.9997104406356812,0.9999144673347473,0.9995843172073364,0.9996917247772217,34248704
2026-06-10 21:00:00+00:00,0.999697744846344,1.0000801086425781,0.9995905160903931,0.999686598777771,28489728
2026-06-10 22:00:00+00:00,0.999825656414032,1.000154972076416,0.9996283650398254,0.99982750415802,250014720
2026-06-10 23:00:00+00:00,0.9996804594993591,1.00001060962677,0.999642014503479,0.9997552633285522,2749440
2026-06-11 00:00:00+00:00,0.9997406601905823,0.99996417760849,0.9995867609977722,0.9996957778930664,0
2026-06-11 01:00:00+00:00,0.9997037053108215,0.9999594688415527,0.999506950378418,0.9996718764305115,184343552
2026-06-11 02:00:00+00:00,0.999839723110199,0.9998947978019714,0.999605119228363,0.9998180866241455,58787840
2026-06-11 03:00:00+00:00,0.9996994733810425,0.9999148845672607,0.9996956586837769,0.9997600317001343,166276096
2026-06-11 04:00:00+00:00,0.9998705387115479,0.9999247789382935,0.9996483325958252,0.999717116355896,220979200
2026-06-11 05:00:00+00:00,0.9996615648269653,1.0002567768096924,0.9995487332344055,0.9998337626457214,0
2026-06-11 06:00:00+00:00,0.9996852874755859,0.9998493790626526,0.9996119141578674,0.9996958374977112,118516736
2026-06-11 07:00:00+00:00,0.999639093875885,0.9998341798782349,0.9996171593666077,0.9997554421424866,0
2026-06-11 08:00:00+00:00,0.9996776580810547,0.999840259552002,0.9996000528335571,0.9996837377548218,27316224
2026-06-11 09:00:00+00:00,0.9997679591178894,0.9998893737792969,0.9996272325515747,0.9998071193695068,0
2026-06-11 10:00:00+00:00,0.9998261332511902,0.9999706149101257,0.9996727108955383,0.9998790621757507,49270784
2026-06-11 11:00:00+00:00,0.9996182322502136,0.9998920559883118,0.9996182322502136,0.9996991753578186,42133504
2026-06-11 12:00:00+00:00,0.9996991753578186,0.9999592304229736,0.9996508359909058,0.9998376369476318,0
2026-06-11 13:00:00+00:00,0.9997268915176392,0.999883770942688,0.9995736479759216,0.9998529553413391,0
2026-06-11 14:00:00+00:00,0.9997230768203735,0.9999638199806213,0.9996371865272522,0.999779224395752,0
2026-06-11 15:00:00+00:00,0.9997656345367432,1.0002962350845337,0.999587893486023,0.9997474551200867,0
2026-06-11 16:00:00+00:00,0.9997515678405762,0.9998598694801331,0.9995445013046265,0.9996904134750366,0
2026-06-11 17:00:00+00:00,0.9996904134750366,0.9999850988388062,0.999506413936615,0.9997119903564453,464401408
2026-06-11 18:00:00+00:00,0.9998713135719299,1.000125765800476,0.9996299147605896,0.9998304843902588,106200064
2026-06-11 19:00:00+00:00,0.9996625781059265,0.9999451637268066,0.9996317028999329,0.9997068643569946,142273536
2026-06-11 20:00:00+00:00,0.9996729493141174,1.000024676322937,0.9995576739311218,0.9996856451034546,0
2026-06-11 21:00:00+00:00,0.9996856451034546,0.99993896484375,0.9995595216751099,0.9996073246002197,0
2026-06-11 22:00:00+00:00,0.9998053312301636,0.9998958706855774,0.9995938539505005,0.9997456669807434,0
2026-06-11 23:00:00+00:00,0.9996991753578186,0.9999091625213623,0.9995556473731995,0.9995556473731995,0
2026-06-12 00:00:00+00:00,0.9996826648712158,0.9999914765357971,0.9996044635772705,0.9996044635772705,87858176
2026-06-12 01:00:00+00:00,0.9997939467430115,0.9999120235443115,0.9996118545532227,0.999734103679657,4979712
2026-06-12 02:00:00+00:00,0.9998329877853394,0.9999179244041443,0.99966961145401,0.9998019933700562,0
2026-06-12 03:00:00+00:00,0.9998406767845154,0.9998561143875122,0.9996711015701294,0.9996910691261292,0
2026-06-12 04:00:00+00:00,0.9996750950813293,0.9998440742492676,0.9996172189712524,0.9997163414955139,0
2026-06-12 05:00:00+00:00,0.9997093081474304,0.9999789595603943,0.9996176362037659,0.9997567534446716,0
2026-06-12 06:00:00+00:00,0.9996809363365173,0.9999861121177673,0.9996261596679688,0.9996915459632874,0
2026-06-12 07:00:00+00:00,0.9997837543487549,0.9999484419822693,0.9995331168174744,0.9996337294578552,132961280
2026-06-12 08:00:00+00:00,0.9997633695602417,0.9998796582221985,0.9996406435966492,0.9996790289878845,0
2026-06-12 09:00:00+00:00,0.9997876286506653,0.999874472618103,0.9995878338813782,0.9997519850730896,185405440
2026-06-12 10:00:00+00:00,0.9996968507766724,0.9999343752861023,0.9994925856590271,0.9996925592422485,0
2026-06-12 11:00:00+00:00,0.9996933937072754,0.9999688863754272,0.9995688199996948,0.9996348023414612,0
2026-06-12 12:00:00+00:00,0.9997009634971619,0.9999476075172424,0.9996296763420105,0.9997610449790955,0
2026-06-12 13:00:00+00:00,0.9997881054878235,1.0001707077026367,0.9996570944786072,0.9997351169586182,21213184
2026-06-12 14:00:00+00:00,0.9997336864471436,1.0000921487808228,0.9995211958885193,0.9996872544288635,575607808
2026-06-12 15:00:00+00:00,0.999761700630188,1.0001282691955566,0.9996429085731506,0.9998517036437988,939827200
2026-06-12 16:00:00+00:00,0.9998177886009216,1.0000693798065186,0.9996376633644104,0.9999294281005859,411765760
2026-06-12 17:00:00+00:00,0.9999874234199524,1.0000221729278564,0.9996457099914551,0.999772846698761,0
2026-06-12 18:00:00+00:00,0.9998265504837036,0.9999355673789978,0.999607503414154,0.9997340440750122,0
2026-06-12 19:00:00+00:00,0.9998349547386169,0.9999671578407288,0.9996184706687927,0.9997023940086365,0
2026-06-12 20:00:00+00:00,0.999809741973877,0.9999194145202637,0.9996700286865234,0.9997774362564087,0
2026-06-12 21:00:00+00:00,0.9997958540916443,0.9998887777328491,0.9997047185897827,0.9997047185897827,0
2026-06-12 22:00:00+00:00,0.9997177720069885,0.9998648166656494,0.999695360660553,0.9998034834861755,0
2026-06-12 23:00:00+00:00,0.9997307062149048,0.9998699426651001,0.9996340274810791,0.9997138977050781,0
2026-06-13 00:00:00+00:00,0.9997700452804565,0.9998773336410522,0.99972003698349,0.9998125433921814,0
2026-06-13 01:00:00+00:00,0.9997373819351196,0.999876856803894,0.9996526837348938,0.9998198747634888,0
2026-06-13 02:00:00+00:00,0.9998307228088379,0.9998824596405029,0.9996389150619507,0.9998374581336975,0
2026-06-13 03:00:00+00:00,0.9997827410697937,0.9998979568481445,0.9996799826622009,0.9998083710670471,0
2026-06-13 04:00:00+00:00,0.9997601509094238,0.9999142289161682,0.9996785521507263,0.9998201131820679,0
2026-06-13 05:00:00+00:00,0.9998868107795715,0.9999070763587952,0.999625027179718,0.9996945261955261,0
2026-06-13 06:00:00+00:00,0.9997877478599548,0.9997879266738892,0.9996441006660461,0.9997121095657349,0
2026-06-13 07:00:00+00:00,0.9996985793113708,0.9997254014015198,0.9995288252830505,0.9996790885925293,0
2026-06-13 08:00:00+00:00,0.999667763710022,0.9997807145118713,0.9995332360267639,0.9997179508209229,0
2026-06-13 09:00:00+00:00,0.9997222423553467,0.9997971653938293,0.9996472001075745,0.9997106790542603,0
2026-06-13 10:00:00+00:00,0.9996491074562073,0.9999022483825684,0.999631941318512,0.9996930360794067,0
2026-06-13 11:00:00+00:00,0.9997482895851135,0.9998006820678711,0.9995647072792053,0.9997112154960632,0
2026-06-13 12:00:00+00:00,0.9996692538261414,0.9998027086257935,0.9995297789573669,0.9997087121009827,0
2026-06-13 13:00:00+00:00,0.9995723366737366,0.9998322129249573,0.999518096446991,0.9997469782829285,0
2026-06-13 14:00:00+00:00,0.9997066855430603,0.9998382925987244,0.999561071395874,0.999811053276062,0
2026-06-13 15:00:00+00:00,0.999811589717865,0.9998254179954529,0.9995311498641968,0.999606192111969,0
2026-06-13 16:00:00+00:00,0.9996871948242188,0.9998043179512024,0.999458909034729,0.9996070861816406,0
2026-06-13 17:00:00+00:00,0.9996817708015442,0.9997661113739014,0.9994754791259766,0.9995390176773071,0
2026-06-13 18:00:00+00:00,0.9995390176773071,0.9998629093170166,0.9995390176773071,0.9997938275337219,0
2026-06-13 19:00:00+00:00,0.9998099207878113,0.9998641014099121,0.9996318221092224,0.9998050332069397,0
2026-06-13 20:00:00+00:00,0.9996820092201233,0.9998146295547485,0.999640941619873,0.999765932559967,0
2026-06-13 21:00:00+00:00,0.9998073577880859,0.9998073577880859,0.9995990991592407,0.9997415542602539,85920256
2026-06-13 22:00:00+00:00,0.9997085332870483,0.9998597502708435,0.999650239944458,0.9996523857116699,0
2026-06-13 23:00:00+00:00,0.9997785687446594,0.9998299479484558,0.9995633363723755,0.9997369050979614,0
2026-06-14 00:00:00+00:00,0.9997564554214478,0.999872088432312,0.9995522499084473,0.9997202157974243,19206656
2026-06-14 01:00:00+00:00,0.9997730255126953,0.9998173713684082,0.9996030926704407,0.999677836894989,0
2026-06-14 02:00:00+00:00,0.9996976852416992,0.999866783618927,0.9996514916419983,0.9998038411140442,0
2026-06-14 03:00:00+00:00,0.9996916651725769,0.9998437762260437,0.9996339678764343,0.9996870756149292,0
2026-06-14 04:00:00+00:00,0.9997303485870361,0.9998233914375305,0.9995884895324707,0.9996346831321716,11621888
2026-06-14 05:00:00+00:00,0.9996346831321716,0.9998863935470581,0.999596357345581,0.9997907280921936,29898752
2026-06-14 06:00:00+00:00,0.999779999256134,0.999849796295166,0.9995730519294739,0.9997191429138184,86129152
2026-06-14 07:00:00+00:00,0.9997140169143677,0.9997360706329346,0.9995853900909424,0.9996435046195984,0
2026-06-14 08:00:00+00:00,0.9996948838233948,0.9998250603675842,0.99957275390625,0.9996745586395264,0
2026-06-14 09:00:00+00:00,0.9996745586395264,0.9998049736022949,0.9995424747467041,0.9996090531349182,0
2026-06-14 10:00:00+00:00,0.9996791481971741,0.9998056292533875,0.9995681643486023,0.9997548460960388,40692736
2026-06-14 11:00:00+00:00,0.999670684337616,0.9998700022697449,0.9995446801185608,0.9996603727340698,10212352
2026-06-14 12:00:00+00:00,0.9995800852775574,0.9997881054878235,0.9995447397232056,0.9997040033340454,7028736
2026-06-14 13:00:00+00:00,0.9996889233589172,0.9998581409454346,0.9995818138122559,0.9997780919075012,0
2026-06-14 14:00:00+00:00,0.9996979832649231,0.999804675579071,0.999358594417572,0.9996919631958008,49305600
2026-06-14 15:00:00+00:00,0.9997121095657349,0.99979168176651,0.9995275139808655,0.9996814727783203,0
2026-06-14 16:00:00+00:00,0.9996961355209351,0.999770998954773,0.9994438290596008,0.9996172189712524,0
2026-06-14 17:00:00+00:00,0.9995683431625366,0.999748945236206,0.9994252920150757,0.9994252920150757,0
2026-06-14 18:00:00+00:00,0.9996874332427979,0.999728798866272,0.9994444847106934,0.9997277855873108,0
2026-06-14 19:00:00+00:00,0.9996687769889832,0.9997949600219727,0.9993982315063477,0.9996597766876221,0
2026-06-14 20:00:00+00:00,0.999672532081604,0.9998247623443604,0.9995132088661194,0.9995900392532349,47741952
2026-06-14 21:00:00+00:00,0.9996362924575806,0.999881386756897,0.9993640184402466,0.9996858239173889,502582784
2026-06-14 22:00:00+00:00,0.9993688464164734,0.9998557567596436,0.9993067383766174,0.9995457530021667,484973568
2026-06-14 23:00:00+00:00,0.9995632767677307,0.9999564290046692,0.9993523955345154,0.9997992515563965,318685184
2026-06-15 00:00:00+00:00,0.9997745752334595,0.9998248815536499,0.9994978308677673,0.9996633529663086,254128640
2026-06-15 01:00:00+00:00,0.9996669888496399,0.999822735786438,0.9994773864746094,0.9997561573982239,244558848
2026-06-15 02:00:00+00:00,0.9997246265411377,0.9998245239257812,0.9994882941246033,0.9995822310447693,133726720
2026-06-15 03:00:00+00:00,0.9996885657310486,0.9997965097427368,0.9994128942489624,0.9996111989021301,287620608
2026-06-15 04:00:00+00:00,0.9995499849319458,0.9997881650924683,0.9993479251861572,0.9995877146720886,196666880
2026-06-15 05:00:00+00:00,0.9996923804283142,0.9998002648353577,0.9994978308677673,0.9997220635414124,105270784
2026-06-15 06:00:00+00:00,0.999719500541687,0.9998602271080017,0.9994992613792419,0.9997109174728394,125479936
2026-06-15 07:00:00+00:00,0.9997109174728394,0.999805212020874,0.9995372891426086,0.9997217655181885,240406016
2026-06-15 08:00:00+00:00,0.9995617270469666,0.9998246431350708,0.9994750618934631,0.9996397495269775,228192256
2026-06-15 09:00:00+00:00,0.9997392296791077,0.9998296499252319,0.9995759725570679,0.9997247457504272,244013056
2026-06-15 10:00:00+00:00,0.9997669458389282,0.9998362064361572,0.999570906162262,0.9996483325958252,244260352
2026-06-15 11:00:00+00:00,0.999640941619873,0.9998592734336853,0.9994783401489258,0.9997603893280029,739662848
2026-06-15 12:00:00+00:00,0.9995704293251038,0.999815046787262,0.9995443224906921,0.9997504949569702,520992768
2026-06-15 13:00:00+00:00,0.9996411204338074,0.9999104142189026,0.9994955658912659,0.9997076988220215,963978240
2026-06-15 14:00:00+00:00,0.9995473027229309,0.9998303651809692,0.9994638562202454,0.9997303485870361,540758016
2026-06-15 15:00:00+00:00,0.9996013045310974,0.999893307685852,0.9995728731155396,0.999763548374176,721476608
2026-06-15 16:00:00+00:00,0.999763548374176,0.9999163746833801,0.999753475189209,0.9998103976249695,585410560
2026-06-15 17:00:00+00:00,0.9997078776359558,0.9999898076057434,0.9997078776359558,0.9997382164001465,315739136
2026-06-15 18:00:00+00:00,0.9997789859771729,1.000013828277588,0.9996650218963623,0.9997743368148804,161085440
2026-06-15 19:00:00+00:00,0.9998100399971008,0.9999465942382812,0.9997089505195618,0.999859631061554,484755456
2026-06-15 20:00:00+00:00,0.9998019337654114,0.9999139308929443,0.9995735883712769,0.9998118281364441,155064320
2026-06-15 21:00:00+00:00,0.9998527765274048,0.9999064803123474,0.999643862247467,0.9996881484985352,0
2026-06-15 22:00:00+00:00,0.9998670220375061,0.9998818635940552,0.9996753931045532,0.9997379183769226,0
2026-06-15 23:00:00+00:00,0.999681830406189,0.9998394846916199,0.9996539354324341,0.9997649788856506,0
2026-06-16 00:00:00+00:00,0.9997116327285767,0.9997938871383667,0.9994950890541077,0.9996820688247681,0
2026-06-16 01:00:00+00:00,0.999579131603241,0.9997898936271667,0.999530553817749,0.9996713399887085,0
2026-06-16 02:00:00+00:00,0.9996713399887085,0.9997828602790833,0.9995100498199463,0.9996708631515503,145809408
2026-06-16 03:00:00+00:00,0.9995958805084229,0.9998208284378052,0.9994979500770569,0.9997687339782715,0
2026-06-16 04:00:00+00:00,0.9995546340942383,0.9998027682304382,0.9994947910308838,0.9996291995048523,0
2026-06-16 05:00:00+00:00,0.9995830059051514,0.9997904300689697,0.9995791912078857,0.9997180104255676,0
2026-06-16 06:00:00+00:00,0.9998252391815186,0.9999696016311646,0.9996127486228943,0.9998033046722412,0
2026-06-16 07:00:00+00:00,0.99986332654953,1.000056505203247,0.9996498823165894,0.9998494982719421,0
2026-06-16 08:00:00+00:00,0.9998289346694946,1.000025987625122,0.9995992183685303,0.9998770356178284,104114176
2026-06-16 09:00:00+00:00,0.999779224395752,1.000036597251892,0.9996670484542847,0.9997534155845642,122294272
2026-06-16 10:00:00+00:00,0.9996662139892578,0.9999781847000122,0.9996481537818909,0.999792218208313,0
2026-06-16 11:00:00+00:00,0.999853253364563,1.0000544786453247,0.9996806979179382,0.99998939037323,0
2026-06-16 12:00:00+00:00,0.9998766183853149,0.999893069267273,0.9996995329856873,0.9997648596763611,42077184
2026-06-16 13:00:00+00:00,0.9997478723526001,0.999851405620575,0.9996423721313477,0.9997403025627136,0
2026-06-16 14:00:00+00:00,0.9997403025627136,0.9997903108596802,0.9995267987251282,0.9996896386146545,30453760
2026-06-16 15:00:00+00:00,0.9996488690376282,0.9998120069503784,0.999548614025116,0.9997755885124207,0
2026-06-16 16:00:00+00:00,0.9995896816253662,0.9997848868370056,0.9994993805885315,0.9995368719100952,0
2026-06-16 17:00:00+00:00,0.9995846152305603,0.9997583627700806,0.9994498491287231,0.9996960163116455,0
2026-06-16 18:00:00+00:00,0.9996410608291626,0.9998252987861633,0.9995282292366028,0.999744176864624,143386624
2026-06-16 19:00:00+00:00,0.9996978640556335,0.9997610449790955,0.9995065331459045,0.9996194243431091,0
2026-06-16 20:00:00+00:00,0.9996720552444458,0.9997600317001343,0.9995200634002686,0.9996694326400757,0
2026-06-16 21:00:00+00:00,0.9996500015258789,0.9998350739479065,0.9995530247688293,0.9997466802597046,29950976
2026-06-16 22:00:00+00:00,0.9997161030769348,0.9998199343681335,0.9995645880699158,0.9997203350067139,0
2026-06-16 23:00:00+00:00,0.9997075200080872,0.999804675579071,0.999544620513916,0.9996170401573181,0
2026-06-17 00:00:00+00:00,0.9997482895851135,0.9998217821121216,0.9995434880256653,0.9996280670166016,0
2026-06-17 01:00:00+00:00,0.9997562170028687,0.9998066425323486,0.9995530247688293,0.9996690154075623,81375232
2026-06-17 02:00:00+00:00,0.9996906518936157,0.9998502135276794,0.9994425773620605,0.9998446702957153,0
2026-06-17 03:00:00+00:00,0.9996985793113708,0.9999347925186157,0.9994503259658813,0.9996430277824402,0
2026-06-17 04:00:00+00:00,0.9996795058250427,0.9998711943626404,0.9994673132896423,0.9994673132896423,0
2026-06-17 05:00:00+00:00,0.9994513392448425,0.9998058080673218,0.9994177222251892,0.9997716546058655,0
2026-06-17 06:00:00+00:00,0.9996235966682434,0.9997854828834534,0.9994165301322937,0.9996882677078247,55733248
2026-06-17 07:00:00+00:00,0.9996915459632874,0.9997333884239197,0.9994376301765442,0.9997333884239197,49187840
2026-06-17 08:00:00+00:00,0.9996451735496521,0.9998068809509277,0.9993523359298706,0.9996557831764221,0
2026-06-17 09:00:00+00:00,0.9996583461761475,0.9998392462730408,0.9994491338729858,0.9994935393333435,0
2026-06-17 10:00:00+00:00,0.9997156858444214,0.9997604489326477,0.999443769454956,0.9996780753135681,129688576
2026-06-17 11:00:00+00:00,0.999681830406189,0.9998065829277039,0.9994452595710754,0.9996283054351807,119631872
2026-06-17 12:00:00+00:00,0.9994762539863586,0.9998031258583069,0.9994598031044006,0.999711275100708,0
2026-06-17 13:00:00+00:00,0.9996538162231445,0.9998121857643127,0.9994258284568787,0.9996969699859619,0
2026-06-17 14:00:00+00:00,0.9996396899223328,0.9997441172599792,0.9993781447410583,0.9996458888053894,0
2026-06-17 15:00:00+00:00,0.9997169971466064,0.9997988343238831,0.9994872808456421,0.9996470808982849,49344512
2026-06-17 16:00:00+00:00,0.9997031688690186,0.999822199344635,0.9995034337043762,0.9997018575668335,279639040
2026-06-17 17:00:00+00:00,0.9997018575668335,0.9998025894165039,0.9995524287223816,0.999711811542511,26961920
2026-06-17 18:00:00+00:00,0.9996286034584045,0.9998800754547119,0.99903804063797,0.9995672106742859,883486720
2026-06-17 19:00:00+00:00,0.9997492432594299,0.9999308586120605,0.9993414282798767,0.99958336353302,271683584
