timestamp,open,high,low,close,volume
2025-12-20 00:00:00+00:00,0.9994422197341919,0.9996035099029541,0.9993359446525574,0.9995094537734985,0
2025-12-20 01:00:00+00:00,0.9995646476745605,0.9996243715286255,0.9993939399719238,0.9995031952857971,0
2025-12-20 02:00:00+00:00,0.9995444416999817,0.9996306300163269,0.99940025806427,0.9995338916778564,0
2025-12-20 03:00:00+00:00,0.9995903372764587,0.9996280074119568,0.9994348287582397,0.999544084072113,0
2025-12-20 04:00:00+00:00,0.999495804309845,0.9996495842933655,0.9994303584098816,0.9995134472846985,0
2025-12-20 05:00:00+00:00,0.9995649456977844,0.9996522068977356,0.999427855014801,0.999558687210083,0
2025-12-20 06:00:00+00:00,0.9995207786560059,0.999636709690094,0.9994462728500366,0.999447226524353,0
2025-12-20 07:00:00+00:00,0.9994747042655945,0.9996539354324341,0.9994433522224426,0.9995427131652832,0
2025-12-20 08:00:00+00:00,0.9995666742324829,0.9996177554130554,0.9994558095932007,0.9995006322860718,0
2025-12-20 09:00:00+00:00,0.9995483160018921,0.9997742176055908,0.9994340538978577,0.999514639377594,0
2025-12-20 10:00:00+00:00,0.9995678067207336,0.9996346831321716,0.9994214177131653,0.9994900822639465,0
2025-12-20 11:00:00+00:00,0.9995198249816895,0.999613344669342,0.99941486120224,0.9996019005775452,0
2025-12-20 12:00:00+00:00,0.999505877494812,0.9996132254600525,0.9994112253189087,0.9995031952857971,0
2025-12-20 13:00:00+00:00,0.9994984269142151,0.9999722242355347,0.9994391202926636,0.9995499849319458,0
2025-12-20 14:00:00+00:00,0.9996013641357422,1.0000512599945068,0.999457597732544,0.9995219111442566,0
2025-12-20 15:00:00+00:00,0.9995254278182983,0.999691903591156,0.9994240999221802,0.9995527267456055,0
2025-12-20 16:00:00+00:00,0.9995315074920654,0.9996557235717773,0.9994472861289978,0.9995428323745728,0
2025-12-20 17:00:00+00:00,0.9995392560958862,0.999660313129425,0.9994229674339294,0.9995759129524231,0
2025-12-20 18:00:00+00:00,0.9995465874671936,0.9996505975723267,0.9994502663612366,0.9996093511581421,0
2025-12-20 19:00:00+00:00,0.9995124936103821,0.9998497366905212,0.9995043873786926,0.9995543360710144,0
2025-12-20 20:00:00+00:00,0.9995204210281372,0.9997392296791077,0.9995121955871582,0.9996247291564941,0
2025-12-20 21:00:00+00:00,0.9995955228805542,0.9997878670692444,0.9995442628860474,0.9995890855789185,0
2025-12-20 22:00:00+00:00,0.9996626377105713,0.9997193217277527,0.9995113611221313,0.999660849571228,0
2025-12-20 23:00:00+00:00,0.9997246861457825,0.9997653961181641,0.9995283484458923,0.9996364116668701,0
2025-12-21 00:00:00+00:00,0.9996694922447205,0.9997362494468689,0.9995335340499878,0.9996429681777954,129515520
2025-12-21 01:00:00+00:00,0.9997888207435608,0.9998623132705688,0.999581515789032,0.9996404051780701,458461184
2025-12-21 02:00:00+00:00,0.9996193647384644,0.9997969269752502,0.9995763897895813,0.9996576905250549,596000768
2025-12-21 03:00:00+00:00,0.9996798634529114,0.999932587146759,0.9995660185813904,0.9996464848518372,245784576
2025-12-21 04:00:00+00:00,0.9996054768562317,0.9997873902320862,0.9995650053024292,0.999647855758667,0
2025-12-21 05:00:00+00:00,0.9997133612632751,0.9999083280563354,0.9995970129966736,0.9996622800827026,0
2025-12-21 06:00:00+00:00,0.999682605266571,0.9997606873512268,0.9995666742324829,0.9996259212493896,0
2025-12-21 07:00:00+00:00,0.9996458292007446,0.9997242093086243,0.9995668530464172,0.9996534585952759,0
2025-12-21 08:00:00+00:00,0.9996662735939026,0.9998509287834167,0.9995157718658447,0.9996590614318848,1213304832
2025-12-21 09:00:00+00:00,0.9996772408485413,0.9998546242713928,0.999514639377594,0.9995633959770203,1549541376
2025-12-21 10:00:00+00:00,0.9995865225791931,0.9997538328170776,0.9994876384735107,0.9996668696403503,984739840
2025-12-21 11:00:00+00:00,0.9996113181114197,0.9999381303787231,0.9995368719100952,0.9998393654823303,252125184
2025-12-21 12:00:00+00:00,0.9997249841690063,0.9999522566795349,0.9995657801628113,0.9995689392089844,900431872
2025-12-21 13:00:00+00:00,0.9996353387832642,1.0000312328338623,0.9995456337928772,0.99956876039505,1806458880
2025-12-21 14:00:00+00:00,0.9997065663337708,1.0002886056900024,0.9995635151863098,0.9996722936630249,1399566336
2025-12-21 15:00:00+00:00,0.9996231198310852,1.0001194477081299,0.9995440244674683,0.9996387362480164,255823872
2025-12-21 16:00:00+00:00,0.9996214509010315,0.9998523592948914,0.9995442032814026,0.9996388554573059,844529664
2025-12-21 17:00:00+00:00,0.9997345209121704,0.9998381733894348,0.9996147751808167,0.9997307062149048,598376448
2025-12-21 18:00:00+00:00,0.999662458896637,0.9999697208404541,0.99953693151474,0.9996505379676819,389877760
2025-12-21 19:00:00+00:00,0.9996610283851624,0.9999676942825317,0.999557375907898,0.9997720122337341,580427776
2025-12-21 20:00:00+00:00,0.9996729493141174,0.9998542666435242,0.9996471405029297,0.9997232556343079,287633408
2025-12-21 21:00:00+00:00,0.9997103214263916,0.9998536705970764,0.999660849571228,0.9997031092643738,17285120
2025-12-21 22:00:00+00:00,0.9997242093086243,1.0001497268676758,0.999611496925354,0.9997256398200989,258453504
2025-12-21 23:00:00+00:00,0.999627947807312,1.0001355409622192,0.9995894432067871,0.9997168779373169,984924160
2025-12-22 00:00:00+00:00,0.9996988773345947,1.0000615119934082,0.9996129274368286,0.9996964335441589,1871015936
2025-12-22 01:00:00+00:00,0.9999847412109375,1.0000375509262085,0.9996196031570435,0.9996474385261536,2090991616
2025-12-22 02:00:00+00:00,0.9998030066490173,1.0002367496490479,0.9995530843734741,0.9998371005058289,1997651968
2025-12-22 03:00:00+00:00,0.9996749758720398,0.999863862991333,0.99956876039505,0.9995943307876587,763228160
2025-12-22 04:00:00+00:00,0.9996519684791565,1.0002171993255615,0.9994581937789917,1.0002171993255615,944635904
2025-12-22 05:00:00+00:00,0.9995678067207336,1.000092625617981,0.9995678067207336,0.9998286962509155,1083682816
2025-12-22 06:00:00+00:00,0.9996845126152039,0.999880850315094,0.9994643926620483,0.9996435642242432,1228791808
2025-12-22 07:00:00+00:00,0.9996535778045654,0.999946653842926,0.9994551539421082,0.9996377825737,1850540032
2025-12-22 08:00:00+00:00,0.9995203018188477,1.0001410245895386,0.999430775642395,0.9995812177658081,1912020992
2025-12-22 09:00:00+00:00,0.9995217323303223,0.9998907446861267,0.9994242191314697,0.9994598627090454,130793472
2025-12-22 10:00:00+00:00,0.9997787475585938,0.9998700618743896,0.9994384050369263,0.9996388554573059,0
2025-12-22 11:00:00+00:00,0.9996033906936646,0.999937117099762,0.9995222687721252,0.9997094869613647,1221353472
2025-12-22 12:00:00+00:00,0.999721109867096,0.9999406933784485,0.9995762705802917,0.9997085928916931,1693581312
2025-12-22 13:00:00+00:00,0.9998460412025452,0.9999558329582214,0.9996055960655212,0.9997514486312866,0
2025-12-22 14:00:00+00:00,0.9996076822280884,1.0000381469726562,0.9995704293251038,0.9996052980422974,1924079616
2025-12-22 15:00:00+00:00,0.9997168183326721,0.9998964667320251,0.9994480013847351,0.9998414516448975,2361393152
2025-12-22 16:00:00+00:00,0.9995543360710144,0.999965488910675,0.9995179772377014,0.9996013045310974,1248296960
2025-12-22 17:00:00+00:00,0.9996291995048523,0.9999599456787109,0.9994374513626099,0.9995808005332947,706756608
2025-12-22 18:00:00+00:00,0.9995307326316833,0.9997985363006592,0.9994303584098816,0.9995740652084351,316882944
2025-12-22 19:00:00+00:00,0.9995786547660828,0.9999613165855408,0.9994416236877441,0.9996451139450073,2280718336
2025-12-22 20:00:00+00:00,0.999542772769928,0.9999234080314636,0.9993197321891785,0.9995179772377014,2023202816
2025-12-22 21:00:00+00:00,0.9995254278182983,0.9997410774230957,0.999330461025238,0.9994467496871948,840097792
2025-12-22 22:00:00+00:00,0.9993900656700134,0.9997082352638245,0.9993734359741211,0.9994410872459412,138862592
2025-12-22 23:00:00+00:00,0.9993706941604614,0.9997695088386536,0.9991686344146729,0.9993977546691895,126533632
2025-12-23 00:00:00+00:00,0.9995530247688293,0.9996909499168396,0.9993271827697754,0.9994388818740845,0
2025-12-23 01:00:00+00:00,0.9993665218353271,0.9998278021812439,0.9991510510444641,0.9994128346443176,0
2025-12-23 02:00:00+00:00,0.9994173049926758,0.9997122883796692,0.9991891384124756,0.9994614124298096,0
2025-12-23 03:00:00+00:00,0.9993724226951599,0.9998433589935303,0.9992505311965942,0.9993675947189331,480829440
2025-12-23 04:00:00+00:00,0.9994092583656311,0.9996893405914307,0.9991638660430908,0.9992967247962952,0
2025-12-23 05:00:00+00:00,0.9993715882301331,0.9997513294219971,0.9991623759269714,0.9992684125900269,452829184
2025-12-23 06:00:00+00:00,0.9992706775665283,0.9997308850288391,0.999107301235199,0.9992642998695374,1425752064
2025-12-23 07:00:00+00:00,0.9992886185646057,0.999523401260376,0.9991764426231384,0.9992652535438538,0
2025-12-23 08:00:00+00:00,0.9991806745529175,0.9994782209396362,0.9991806745529175,0.9993249177932739,0
2025-12-23 09:00:00+00:00,0.9992423057556152,0.9994950890541077,0.9991627931594849,0.9993395805358887,0
2025-12-23 10:00:00+00:00,0.9993146657943726,0.9995176792144775,0.9992372989654541,0.9993331432342529,0
2025-12-23 11:00:00+00:00,0.9993563890457153,0.9996469020843506,0.9993072748184204,0.9996469020843506,0
2025-12-23 12:00:00+00:00,0.9995208382606506,0.9998292326927185,0.9993798136711121,0.9995006322860718,0
2025-12-23 13:00:00+00:00,0.9994589686393738,0.9996947646141052,0.9992583990097046,0.9996947646141052,168452096
2025-12-23 14:00:00+00:00,0.9994482398033142,1.0000216960906982,0.9993079304695129,0.999450147151947,597876736
2025-12-23 15:00:00+00:00,0.9996220469474792,0.999965250492096,0.9993036985397339,0.9994640946388245,0
2025-12-23 16:00:00+00:00,0.99953293800354,0.9999736547470093,0.9994383454322815,0.9996030926704407,1025187840
2025-12-23 17:00:00+00:00,0.9995943903923035,0.9998140931129456,0.9994285702705383,0.9997069239616394,460980224
2025-12-23 18:00:00+00:00,0.9995546936988831,0.9998252987861633,0.9994063973426819,0.9996146559715271,1939202048
2025-12-23 19:00:00+00:00,0.9995955228805542,0.9998745918273926,0.9994124174118042,0.9996426701545715,0
2025-12-23 20:00:00+00:00,0.9994673132896423,0.9996976256370544,0.9992749094963074,0.9994065165519714,0
2025-12-23 21:00:00+00:00,0.9995113015174866,0.9996650815010071,0.9992844462394714,0.9994407296180725,0
2025-12-23 22:00:00+00:00,0.9994634389877319,1.000093698501587,0.999397873878479,0.9994112849235535,431611904
2025-12-23 23:00:00+00:00,0.9996840953826904,0.9997770190238953,0.999330997467041,0.9994264245033264,526163968
2025-12-24 00:00:00+00:00,0.9993864297866821,0.999736487865448,0.9992339611053467,0.9993258118629456,0
2025-12-24 01:00:00+00:00,0.9994221329689026,0.9997836947441101,0.9992637038230896,0.9994681477546692,0
2025-12-24 02:00:00+00:00,0.999596893787384,0.9997057318687439,0.9992973804473877,0.9994440674781799,0
2025-12-24 03:00:00+00:00,0.9993510842323303,0.9997367262840271,0.9993303418159485,0.9993946552276611,0
2025-12-24 04:00:00+00:00,0.9994109272956848,0.9997256398200989,0.9992725849151611,0.9993240237236023,204742656
2025-12-24 05:00:00+00:00,0.9993618726730347,0.9997133612632751,0.9991642236709595,0.999268651008606,0
2025-12-24 06:00:00+00:00,0.9992460608482361,0.999442458152771,0.9991186857223511,0.9991393685340881,0
2025-12-24 07:00:00+00:00,0.9991861581802368,0.9994350671768188,0.9990836381912231,0.9992063045501709,0
2025-12-24 08:00:00+00:00,0.9992898106575012,0.9994998574256897,0.9991390705108643,0.9992095828056335,914718720
2025-12-24 09:00:00+00:00,0.9992915391921997,0.9996844530105591,0.999130129814148,0.9993073344230652,0
2025-12-24 10:00:00+00:00,0.999282956123352,0.9997282028198242,0.9992464780807495,0.9994142055511475,443367424
2025-12-24 11:00:00+00:00,0.9994109272956848,0.999707043170929,0.999326765537262,0.9993653893470764,0
2025-12-24 12:00:00+00:00,0.9994268417358398,0.9997192621231079,0.9993324875831604,0.9994463324546814,0
2025-12-24 13:00:00+00:00,0.9994910955429077,0.9998258352279663,0.9993610978126526,0.9994543790817261,0
2025-12-24 14:00:00+00:00,0.9995360374450684,0.9998530149459839,0.9992814064025879,0.9995779991149902,0
2025-12-24 15:00:00+00:00,0.9996850490570068,0.9998127222061157,0.9993218183517456,0.9993535280227661,0
2025-12-24 16:00:00+00:00,0.9996529221534729,0.999677300453186,0.9992707371711731,0.9993581771850586,0
2025-12-24 17:00:00+00:00,0.9993559718132019,0.9996546506881714,0.9991528391838074,0.9992470741271973,0
2025-12-24 18:00:00+00:00,0.9993070960044861,0.999665379524231,0.9992015957832336,0.9993664622306824,0
2025-12-24 19:00:00+00:00,0.9993048310279846,0.9995926022529602,0.9991657137870789,0.9992998242378235,0
2025-12-24 20:00:00+00:00,0.9992525577545166,0.9994479417800903,0.9991858601570129,0.9993007779121399,0
2025-12-24 21:00:00+00:00,0.9992859959602356,0.9994008541107178,0.9991981387138367,0.9993091225624084,0
2025-12-24 22:00:00+00:00,0.9992467761039734,0.9995691180229187,0.9992071986198425,0.9993250370025635,0
2025-12-24 23:00:00+00:00,0.9993051886558533,0.9995539784431458,0.9991816282272339,0.9992783665657043,0
2025-12-25 00:00:00+00:00,0.9992767572402954,0.999519407749176,0.9991644024848938,0.9993155002593994,0
2025-12-25 01:00:00+00:00,0.9992856979370117,0.9996257424354553,0.9992002248764038,0.9993786811828613,0
2025-12-25 02:00:00+00:00,0.999347984790802,0.9996727705001831,0.9992297291755676,0.9994127154350281,0
2025-12-25 03:00:00+00:00,0.9994378685951233,0.9996491074562073,0.9992854595184326,0.99937504529953,0
2025-12-25 04:00:00+00:00,0.9993311166763306,0.9994613528251648,0.9992895126342773,0.999433696269989,0
2025-12-25 05:00:00+00:00,0.9994457364082336,0.9996629953384399,0.9992906451225281,0.9992906451225281,0
2025-12-25 06:00:00+00:00,0.9993183016777039,0.9994938373565674,0.9992217421531677,0.9993557333946228,0
2025-12-25 07:00:00+00:00,0.9993109703063965,0.9995138645172119,0.9992787837982178,0.9994317293167114,0
2025-12-25 08:00:00+00:00,0.9993885159492493,0.9995480179786682,0.9991133809089661,0.9993411302566528,253681664
2025-12-25 09:00:00+00:00,0.999301552772522,0.9995303153991699,0.9992440342903137,0.999333381652832,0
2025-12-25 10:00:00+00:00,0.9993044137954712,0.9994941353797913,0.9992558360099792,0.9994564652442932,0
2025-12-25 11:00:00+00:00,0.9994689226150513,0.9995077848434448,0.9992499947547913,0.9993583559989929,0
2025-12-25 12:00:00+00:00,0.9993506669998169,0.9996032118797302,0.99931401014328,0.9995019435882568,0
2025-12-25 13:00:00+00:00,0.9994654655456543,0.9997204542160034,0.9993100166320801,0.9995794296264648,0
2025-12-25 14:00:00+00:00,0.9993590712547302,0.9997730255126953,0.9993095993995667,0.9994785189628601,0
2025-12-25 15:00:00+00:00,0.9995009899139404,0.9998756051063538,0.9992167949676514,0.9994063377380371,250167296
2025-12-25 16:00:00+00:00,0.9993146061897278,0.9996820688247681,0.9991951584815979,0.9992787837982178,0
2025-12-25 17:00:00+00:00,0.9993413090705872,0.9996048212051392,0.9992332458496094,0.9993780851364136,0
2025-12-25 18:00:00+00:00,0.9993057250976562,0.9996266961097717,0.9992534518241882,0.9993705749511719,0
2025-12-25 19:00:00+00:00,0.9993447065353394,0.9995561242103577,0.9992656111717224,0.9993295073509216,0
2025-12-25 20:00:00+00:00,0.9993403553962708,0.9996843338012695,0.9992154240608215,0.9993926286697388,33738752
2025-12-25 21:00:00+00:00,0.9995280504226685,0.9997339248657227,0.9992337226867676,0.9994518756866455,0
2025-12-25 22:00:00+00:00,0.9994205236434937,0.9997763633728027,0.9991559982299805,0.999423623085022,510488576
2025-12-25 23:00:00+00:00,0.9993290305137634,0.9997140169143677,0.9992472529411316,0.9993866086006165,2590228480
2025-12-26 00:00:00+00:00,0.9994231462478638,0.9996879696846008,0.9992737770080566,0.999323308467865,1014267904
2025-12-26 01:00:00+00:00,0.9993933439254761,0.9998989701271057,0.9992563128471375,0.9994663000106812,1268195328
2025-12-26 02:00:00+00:00,0.9993882179260254,0.9999483823776245,0.9990389347076416,0.9992688894271851,6788857856
2025-12-26 03:00:00+00:00,0.9992234706878662,0.9994358420372009,0.998962938785553,0.9991264343261719,2668548096
2025-12-26 04:00:00+00:00,0.9991491436958313,0.9994702935218811,0.998992383480072,0.9990554451942444,1341095936
2025-12-26 05:00:00+00:00,0.9990975260734558,0.9993833899497986,0.9990293979644775,0.9991476535797119,175403008
2025-12-26 06:00:00+00:00,0.9991682171821594,0.9994282722473145,0.9990785717964172,0.9993067383766174,886013952
2025-12-26 07:00:00+00:00,0.9990601539611816,0.9995149374008179,0.9990399479866028,0.9991518259048462,3330174976
2025-12-26 08:00:00+00:00,0.9992924928665161,0.999650776386261,0.9991719722747803,0.9992597103118896,413245440
2025-12-26 09:00:00+00:00,0.9993014931678772,0.9995802044868469,0.9991319179534912,0.9993369579315186,299720704
2025-12-26 10:00:00+00:00,0.9993720054626465,0.9995403289794922,0.9992215633392334,0.9994488954544067,0
2025-12-26 11:00:00+00:00,0.9993841648101807,0.9995245933532715,0.9992939233779907,0.9994698762893677,0
2025-12-26 12:00:00+00:00,0.9995092749595642,0.9997196197509766,0.9992480874061584,0.9993501305580139,290553856
2025-12-26 13:00:00+00:00,0.9993201494216919,0.999620795249939,0.9992607831954956,0.9994513988494873,294641664
2025-12-26 14:00:00+00:00,0.9993501305580139,1.0000232458114624,0.9992636442184448,0.9997234344482422,3848658944
2025-12-26 15:00:00+00:00,0.9993904232978821,0.9996645450592041,0.9991512298583984,0.9993000626564026,5419835392
2025-12-26 16:00:00+00:00,0.9992895126342773,0.9997471570968628,0.9991114139556885,0.9991569519042969,827351040
2025-12-26 17:00:00+00:00,0.999114453792572,0.9993792176246643,0.9989593029022217,0.9991058707237244,1250287616
2025-12-26 18:00:00+00:00,0.9990442991256714,0.999350368976593,0.9989851117134094,0.9991278648376465,349454336
2025-12-26 19:00:00+00:00,0.9991469383239746,0.9993084669113159,0.9989960789680481,0.9991491436958313,431644672
2025-12-26 20:00:00+00:00,0.9992159605026245,0.9993260502815247,0.9991101026535034,0.9992246031761169,296910848
2025-12-26 21:00:00+00:00,0.9992119669914246,0.999315619468689,0.9991011619567871,0.999315619468689,323346432
2025-12-26 22:00:00+00:00,0.9991912841796875,0.9993461966514587,0.999069333076477,0.9991715550422668,0
2025-12-26 23:00:00+00:00,0.9997844696044922,0.9997844696044922,0.9991325736045837,0.9991869330406189,0
2025-12-27 00:00:00+00:00,0.9991831183433533,0.9993116855621338,0.9990993142127991,0.9992539286613464,0
2025-12-27 01:00:00+00:00,0.9993478655815125,0.9994180798530579,0.9992451071739197,0.999298095703125,0
2025-12-27 02:00:00+00:00,0.9992945194244385,0.999374508857727,0.9991683959960938,0.999275803565979,0
2025-12-27 03:00:00+00:00,0.9993533492088318,0.999409019947052,0.999110221862793,0.999261736869812,0
2025-12-27 04:00:00+00:00,0.9992855191230774,0.9994863867759705,0.9992005825042725,0.999281644821167,0
2025-12-27 05:00:00+00:00,0.9992263317108154,0.9994092583656311,0.999218225479126,0.9993456602096558,0
2025-12-27 06:00:00+00:00,0.9992744326591492,0.9994314908981323,0.9992495179176331,0.9992921352386475,0
2025-12-27 07:00:00+00:00,0.999312162399292,0.9995153546333313,0.99924236536026,0.9992684125900269,0
2025-12-27 08:00:00+00:00,0.9992104768753052,0.9994357228279114,0.9992069602012634,0.9992811679840088,0
2025-12-27 09:00:00+00:00,0.999279797077179,0.99971604347229,0.999269425868988,0.9993670582771301,0
2025-12-27 10:00:00+00:00,0.9993532299995422,0.9995253682136536,0.999275803565979,0.9993700385093689,174542848
2025-12-27 11:00:00+00:00,0.9993066191673279,0.999528169631958,0.9993043541908264,0.999528169631958,0
2025-12-27 12:00:00+00:00,0.9995182156562805,0.9997522830963135,0.9993473887443542,0.9994416236877441,0
2025-12-27 13:00:00+00:00,0.9994253516197205,0.9997105598449707,0.9993589520454407,0.9994840025901794,0
2025-12-27 14:00:00+00:00,0.9994198083877563,0.9995397925376892,0.9992955923080444,0.999354362487793,0
2025-12-27 15:00:00+00:00,0.9993584752082825,0.9994848966598511,0.9993172883987427,0.9994513988494873,0
2025-12-27 16:00:00+00:00,0.9994478821754456,0.999481201171875,0.9993492960929871,0.9994275569915771,0
2025-12-27 17:00:00+00:00,0.999331533908844,0.9995618462562561,0.999331533908844,0.999359130859375,0
2025-12-27 18:00:00+00:00,0.9993621706962585,0.9994751214981079,0.999271810054779,0.9993178248405457,0
2025-12-27 19:00:00+00:00,0.9993060827255249,0.999405562877655,0.999241292476654,0.9993890523910522,0
2025-12-27 20:00:00+00:00,0.9994701743125916,0.9994701743125916,0.9992777109146118,0.9993204474449158,0
2025-12-27 21:00:00+00:00,0.9993463754653931,0.9994165897369385,0.9992717504501343,0.9993160367012024,0
2025-12-27 22:00:00+00:00,0.999419629573822,0.9995809197425842,0.9991719722747803,0.9993779063224792,681340928
2025-12-27 23:00:00+00:00,0.9992648363113403,0.9994044303894043,0.9992080330848694,0.999262273311615,665362432
2025-12-28 00:00:00+00:00,0.9992343783378601,0.9994871616363525,0.9991974830627441,0.9992873668670654,0
2025-12-28 01:00:00+00:00,0.9993366003036499,0.9994795322418213,0.9991735816001892,0.9993109107017517,62447616
2025-12-28 02:00:00+00:00,0.999271810054779,0.9994530081748962,0.9991865158081055,0.9992842078208923,0
2025-12-28 03:00:00+00:00,0.9992839097976685,0.9993587732315063,0.9991739988327026,0.9993017315864563,0
2025-12-28 04:00:00+00:00,0.999316394329071,0.999316394329071,0.9990978837013245,0.9992154836654663,0
2025-12-28 05:00:00+00:00,0.9992658495903015,0.9994319081306458,0.999148964881897,0.9993313550949097,360394752
2025-12-28 06:00:00+00:00,0.9993090033531189,0.9993801712989807,0.9991546869277954,0.9991810917854309,75165696
2025-12-28 07:00:00+00:00,0.9991725087165833,0.9992876052856445,0.9991106390953064,0.9992721676826477,0
2025-12-28 08:00:00+00:00,0.999200701713562,0.9993596076965332,0.9991454482078552,0.999244749546051,115949568
2025-12-28 09:00:00+00:00,0.9992120862007141,0.9994411468505859,0.9991047382354736,0.9992844462394714,0
2025-12-28 10:00:00+00:00,0.9994021654129028,0.9994487166404724,0.9990894198417664,0.9991958141326904,0
2025-12-28 11:00:00+00:00,0.9992392659187317,0.9993997812271118,0.9991468191146851,0.9991468191146851,0
2025-12-28 12:00:00+00:00,0.9992498755455017,0.9993112087249756,0.9990954995155334,0.9991633892059326,64741376
2025-12-28 13:00:00+00:00,0.9991106986999512,0.9993805885314941,0.9990300536155701,0.9990906715393066,390995968
2025-12-28 14:00:00+00:00,0.9991090297698975,0.9996790289878845,0.9990853667259216,0.9992370009422302,939626496
2025-12-28 15:00:00+00:00,0.9992843866348267,0.9994812607765198,0.9992080330848694,0.9992777705192566,487841792
2025-12-28 16:00:00+00:00,0.9993079900741577,0.999360203742981,0.9991499185562134,0.9992343187332153,24870912
2025-12-28 17:00:00+00:00,0.9992128610610962,0.9993157386779785,0.9990598559379578,0.9991600513458252,0
2025-12-28 18:00:00+00:00,0.9992027878761292,0.9993764758110046,0.9990924000740051,0.9991946816444397,1064865792
2025-12-28 19:00:00+00:00,0.9992132782936096,0.9994474649429321,0.9991517663002014,0.9991992115974426,1025769472
2025-12-28 20:00:00+00:00,0.9992362260818481,0.9993509650230408,0.9991474747657776,0.9992325901985168,87281664
2025-12-28 21:00:00+00:00,0.9992867112159729,0.9994089007377625,0.9991756677627563,0.9992580413818359,275505152
2025-12-28 22:00:00+00:00,0.999208390712738,0.9994289875030518,0.9991036653518677,0.9992262721061707,0
2025-12-28 23:00:00+00:00,0.9992157816886902,0.9993273615837097,0.9991398453712463,0.99925696849823,6266880
2025-12-29 00:00:00+00:00,0.9992625117301941,0.9995983242988586,0.9990841746330261,0.9990989565849304,1638498304
2025-12-29 01:00:00+00:00,0.9991170167922974,0.9994269013404846,0.9989101886749268,0.9990479350090027,2239934464
2025-12-29 02:00:00+00:00,0.9990711808204651,0.9992585778236389,0.9988529682159424,0.998964250087738,5006692352
2025-12-29 03:00:00+00:00,0.9990389347076416,0.9991908073425293,0.9987878799438477,0.9990597367286682,4867559424
2025-12-29 04:00:00+00:00,0.9990023374557495,0.9992676973342896,0.9988861083984375,0.9990657567977905,4270415872
2025-12-29 05:00:00+00:00,0.9989297389984131,0.9991264939308167,0.9988886713981628,0.9989622831344604,2287747072
2025-12-29 06:00:00+00:00,0.9991145133972168,0.9992122054100037,0.9988776445388794,0.9989340305328369,1707819008
2025-12-29 07:00:00+00:00,0.9989362359046936,0.999223530292511,0.9987762570381165,0.9988894462585449,3083612160
2025-12-29 08:00:00+00:00,0.9989179968833923,0.9990051984786987,0.9987217783927917,0.9988386034965515,1413177344
2025-12-29 09:00:00+00:00,0.9988276362419128,0.9993590712547302,0.9986644387245178,0.9987717270851135,6785310720
2025-12-29 10:00:00+00:00,0.9989455938339233,0.9990265965461731,0.9987198710441589,0.9988219141960144,2081079296
2025-12-29 11:00:00+00:00,0.9987866282463074,0.9990553259849548,0.9987271428108215,0.9989518523216248,1237467136
2025-12-29 12:00:00+00:00,0.998847246170044,0.9993067383766174,0.9986720085144043,0.9988363981246948,5401001984
2025-12-29 13:00:00+00:00,0.9988598227500916,0.9990061521530151,0.998672604560852,0.9988531470298767,88154112
2025-12-29 14:00:00+00:00,0.9988629221916199,0.9994800090789795,0.9987056255340576,0.9988134503364563,3640360960
2025-12-29 15:00:00+00:00,0.9989781379699707,0.9993213415145874,0.998767077922821,0.9989392161369324,2159173632
2025-12-29 16:00:00+00:00,0.9990083575248718,0.9992550611495972,0.9988457560539246,0.9988889694213867,2926026752
2025-12-29 17:00:00+00:00,0.998900294303894,0.9991706609725952,0.998802125453949,0.9989832043647766,1022672896
2025-12-29 18:00:00+00:00,0.9989255666732788,0.999376654624939,0.9988700747489929,0.998936116695404,821682176
2025-12-29 19:00:00+00:00,0.9988837242126465,0.9992579817771912,0.9987472295761108,0.99884432554245,752254976
2025-12-29 20:00:00+00:00,0.998846709728241,0.9993667006492615,0.9986628293991089,0.9987245202064514,1666998272
2025-12-29 21:00:00+00:00,0.9986636638641357,0.9988860487937927,0.9986559748649597,0.9987816214561462,416948224
2025-12-29 22:00:00+00:00,0.9987958669662476,0.9993280172348022,0.9987090229988098,0.9987895488739014,170573824
2025-12-29 23:00:00+00:00,0.9987968802452087,0.9994073510169983,0.9987179040908813,0.9987496733665466,0
2025-12-30 00:00:00+00:00,0.9988420009613037,0.9991885423660278,0.998718798160553,0.9987832307815552,0
2025-12-30 01:00:00+00:00,0.9987768530845642,0.9989858269691467,0.998725950717926,0.9988459348678589,0
2025-12-30 02:00:00+00:00,0.998882532119751,0.9991961121559143,0.9986732602119446,0.9987534880638123,0
2025-12-30 03:00:00+00:00,0.9986964464187622,0.9988207221031189,0.9986145496368408,0.9986954927444458,0
2025-12-30 04:00:00+00:00,0.9988162517547607,0.9988905787467957,0.9986513257026672,0.9987772703170776,0
2025-12-30 05:00:00+00:00,0.9987558126449585,0.998858630657196,0.9985295534133911,0.9986028075218201,0
2025-12-30 06:00:00+00:00,0.9986559152603149,0.998862624168396,0.9985470771789551,0.9986938238143921,0
2025-12-30 07:00:00+00:00,0.9987570643424988,0.9988205432891846,0.9985561966896057,0.998758852481842,0
2025-12-30 08:00:00+00:00,0.9987266659736633,0.9992779493331909,0.9986035823822021,0.9987410306930542,1249411072
2025-12-30 09:00:00+00:00,0.9987199902534485,0.9989596009254456,0.9986663460731506,0.9987266659736633,0
2025-12-30 10:00:00+00:00,0.9987333416938782,0.9991981387138367,0.9986693263053894,0.9987549781799316,0
2025-12-30 11:00:00+00:00,0.998759388923645,0.998849630355835,0.9986287951469421,0.9987832307815552,373571584
2025-12-30 12:00:00+00:00,0.9986997842788696,0.9989831447601318,0.9985962510108948,0.9987272620201111,0
2025-12-30 13:00:00+00:00,0.9987978935241699,0.9990959167480469,0.9986492991447449,0.9987261295318604,0
2025-12-30 14:00:00+00:00,0.9987568259239197,0.9991956949234009,0.9985129237174988,0.9989265203475952,958226432
2025-12-30 15:00:00+00:00,0.9989790916442871,0.9993559718132019,0.9987528920173645,0.9989941120147705,1330905088
2025-12-30 16:00:00+00:00,0.9988822340965271,0.9994646310806274,0.9988318085670471,0.998926043510437,2072485888
2025-12-30 17:00:00+00:00,0.9990358352661133,0.9993066787719727,0.9988428354263306,0.9990147948265076,762650624
2025-12-30 18:00:00+00:00,0.99901282787323,0.9992182850837708,0.9989360570907593,0.9990512728691101,0
2025-12-30 19:00:00+00:00,0.9991143345832825,0.9992778301239014,0.9990037083625793,0.9990941882133484,138969088
2025-12-30 20:00:00+00:00,0.9989955425262451,0.9992850422859192,0.9988564848899841,0.9989845752716064,0
2025-12-30 21:00:00+00:00,0.9989005327224731,0.9990811347961426,0.998777449131012,0.9990006685256958,142925824
2025-12-30 22:00:00+00:00,0.9990572333335876,0.9990768432617188,0.998805820941925,0.9990768432617188,0
2025-12-30 23:00:00+00:00,0.9989446997642517,0.999077320098877,0.9987435340881348,0.9988560080528259,189677568
2025-12-31 00:00:00+00:00,0.9988545775413513,0.999506950378418,0.9986796975135803,0.9988029599189758,0
2025-12-31 01:00:00+00:00,0.998841404914856,0.9992956519126892,0.9987149834632874,0.9988386034965515,706535424
2025-12-31 02:00:00+00:00,0.9987637996673584,0.9990105628967285,0.9987188577651978,0.9988343119621277,0
2025-12-31 03:00:00+00:00,0.9987703561782837,0.9989498257637024,0.998650312423706,0.9986868500709534,0
2025-12-31 04:00:00+00:00,0.9987635016441345,0.9990992546081543,0.9985530376434326,0.9986670613288879,0
2025-12-31 05:00:00+00:00,0.9986989498138428,0.9988381266593933,0.99860018491745,0.9987465739250183,38879232
2025-12-31 06:00:00+00:00,0.9987256526947021,0.9988782405853271,0.9986749291419983,0.9986749291419983,0
2025-12-31 07:00:00+00:00,0.9987192749977112,0.9988572001457214,0.9986198544502258,0.9987035393714905,0
2025-12-31 08:00:00+00:00,0.99864262342453,0.9988653063774109,0.9985887408256531,0.9987035989761353,0
2025-12-31 09:00:00+00:00,0.9986792802810669,0.9989488124847412,0.9986286163330078,0.9986286163330078,0
2025-12-31 10:00:00+00:00,0.9987150430679321,0.9988851547241211,0.9985885620117188,0.9986538887023926,0
2025-12-31 11:00:00+00:00,0.9986244440078735,0.9989189505577087,0.9986244440078735,0.9987368583679199,997367808
2025-12-31 12:00:00+00:00,0.9988049864768982,0.999032199382782,0.9985634684562683,0.9988539218902588,332627968
2025-12-31 13:00:00+00:00,0.9988025426864624,0.9990301132202148,0.9986974596977234,0.9987887144088745,0
2025-12-31 14:00:00+00:00,0.9987637400627136,0.9993325471878052,0.998663067817688,0.9987725615501404,0
2025-12-31 15:00:00+00:00,0.9989238977432251,0.9990891814231873,0.9984482526779175,0.9987033605575562,0
2025-12-31 16:00:00+00:00,0.9985275268554688,0.9989721179008484,0.998513400554657,0.998728334903717,0
2025-12-31 17:00:00+00:00,0.9987339377403259,0.9990128874778748,0.9985712170600891,0.9985852837562561,0
2025-12-31 18:00:00+00:00,0.9986525177955627,0.9992653727531433,0.9985584616661072,0.9986112713813782,0
2025-12-31 19:00:00+00:00,0.9985470771789551,0.998771607875824,0.9984114766120911,0.9985013604164124,0
2025-12-31 20:00:00+00:00,0.9985129237174988,0.9985129237174988,0.9981708526611328,0.9982914328575134,1165430784
2025-12-31 21:00:00+00:00,0.9982661604881287,0.9985030293464661,0.998199462890625,0.9983859658241272,1312768000
2025-12-31 22:00:00+00:00,0.9984085559844971,0.9986158609390259,0.9983808398246765,0.9985095858573914,47251456
2025-12-31 23:00:00+00:00,0.9985100030899048,0.9986108541488647,0.99835604429245,0.9984394907951355,0
2026-01-01 00:00:00+00:00,0.9984797239303589,0.9985655546188354,0.9982853531837463,0.9982868432998657,13189120
2026-01-01 01:00:00+00:00,0.9983822703361511,0.9985203742980957,0.998220682144165,0.9983270168304443,0
2026-01-01 02:00:00+00:00,0.998339831829071,0.9985047578811646,0.9982365369796753,0.9983715415000916,0
2026-01-01 03:00:00+00:00,0.998323917388916,0.9984977841377258,0.998180091381073,0.9983057975769043,0
2026-01-01 04:00:00+00:00,0.9982240200042725,0.9985306262969971,0.9980772137641907,0.9982301592826843,540987392
2026-01-01 05:00:00+00:00,0.9983195066452026,0.9984145164489746,0.9981729984283447,0.9983258247375488,0
2026-01-01 06:00:00+00:00,0.9983455538749695,0.9984327554702759,0.9980975985527039,0.9983728528022766,0
2026-01-01 07:00:00+00:00,0.9983528256416321,0.9984443783760071,0.9981895685195923,0.9982103705406189,0
2026-01-01 08:00:00+00:00,0.9982470870018005,0.9984427690505981,0.9981849789619446,0.9983614683151245,0
2026-01-01 09:00:00+00:00,0.998428463935852,0.9984962344169617,0.9983010292053223,0.998422384262085,0
2026-01-01 10:00:00+00:00,0.9984233975410461,0.9985160231590271,0.9983178377151489,0.9984410405158997,0
2026-01-01 11:00:00+00:00,0.9984650611877441,0.9986177086830139,0.9982779026031494,0.9984332919120789,0
2026-01-01 12:00:00+00:00,0.9984804391860962,0.9985940456390381,0.9982967972755432,0.9984592199325562,0
2026-01-01 13:00:00+00:00,0.9984155893325806,0.998777449131012,0.9984155893325806,0.9985124468803406,0
2026-01-01 14:00:00+00:00,0.9985033273696899,0.9987403750419617,0.9985033273696899,0.9986491799354553,0
2026-01-01 15:00:00+00:00,0.9986708760261536,0.9988842010498047,0.9985596537590027,0.9986710548400879,0
2026-01-01 16:00:00+00:00,0.9986485838890076,0.9987772107124329,0.9985688924789429,0.9986070990562439,0
2026-01-01 17:00:00+00:00,0.9986352920532227,0.9987527132034302,0.9985486268997192,0.9986920356750488,0
2026-01-01 18:00:00+00:00,0.9985620975494385,0.998723030090332,0.9984885454177856,0.998595654964447,0
2026-01-01 19:00:00+00:00,0.9985820651054382,0.9987339377403259,0.9985378384590149,0.9986182451248169,0
2026-01-01 20:00:00+00:00,0.9985836148262024,0.9987874031066895,0.99852454662323,0.9986662864685059,0
2026-01-01 21:00:00+00:00,0.9986695051193237,0.9987762570381165,0.9985597133636475,0.9986996650695801,0
2026-01-01 22:00:00+00:00,0.9986751079559326,0.9987894892692566,0.9985738396644592,0.9985812306404114,96165888
2026-01-01 23:00:00+00:00,0.9988216161727905,0.9988216161727905,0.9985783100128174,0.9987474679946899,1308033024
2026-01-02 00:00:00+00:00,0.9987059235572815,0.999139666557312,0.9985889792442322,0.9986495971679688,656830464
2026-01-02 01:00:00+00:00,0.9987943768501282,0.9989134073257446,0.9986468553543091,0.9988093376159668,0
2026-01-02 02:00:00+00:00,0.9987962245941162,0.9989504218101501,0.9985949397087097,0.9986956715583801,0
2026-01-02 03:00:00+00:00,0.9987335205078125,0.9992683529853821,0.9983348846435547,0.9987425208091736,2885586944
2026-01-02 04:00:00+00:00,0.9988457560539246,0.9989357590675354,0.9986340403556824,0.9987322688102722,20185088
2026-01-02 05:00:00+00:00,0.998768150806427,0.9989370703697205,0.9986439943313599,0.9988098740577698,0
2026-01-02 06:00:00+00:00,0.9987045526504517,0.9989376664161682,0.9986438751220703,0.998844563961029,800014336
2026-01-02 07:00:00+00:00,0.9987757802009583,0.9988531470298767,0.9986558556556702,0.9987425804138184,536317952
2026-01-02 08:00:00+00:00,0.9987655282020569,0.9990653395652771,0.9986150860786438,0.9989266991615295,814022656
2026-01-02 09:00:00+00:00,0.9987719058990479,0.9990164637565613,0.9986410140991211,0.9987896680831909,2633695232
2026-01-02 10:00:00+00:00,0.9988461136817932,0.9990206956863403,0.99870365858078,0.9988740682601929,3740033024
2026-01-02 11:00:00+00:00,0.9988926649093628,0.9991741180419922,0.9987489581108093,0.998882532119751,1602031616
2026-01-02 12:00:00+00:00,0.9989034533500671,0.999339759349823,0.9987586736679077,0.9989879727363586,1176555520
2026-01-02 13:00:00+00:00,0.998955249786377,0.9991488456726074,0.9988877177238464,0.999087929725647,1053294592
2026-01-02 14:00:00+00:00,0.9990834593772888,1.0001041889190674,0.9989311695098877,1.0001041889190674,6036746240
2026-01-02 15:00:00+00:00,0.9991841316223145,0.9998146891593933,0.9991292953491211,0.9993119239807129,4958044160
2026-01-02 16:00:00+00:00,0.9993734359741211,0.9997192025184631,0.9992495775222778,0.9996479749679565,7338557440
2026-01-02 17:00:00+00:00,0.9994555711746216,0.9998003244400024,0.9994130730628967,0.9995818138122559,3887013888
2026-01-02 18:00:00+00:00,0.9996947646141052,0.9998370409011841,0.9992436170578003,0.9996472597122192,2665365504
2026-01-02 19:00:00+00:00,0.9996417760848999,0.9997298717498779,0.9993961453437805,0.9994750618934631,1949556736
2026-01-02 20:00:00+00:00,0.9997022151947021,0.9998587369918823,0.9993845224380493,0.9995244145393372,1705631744
2026-01-02 21:00:00+00:00,0.9995482563972473,0.9997063279151917,0.9993369579315186,0.9994516968727112,1152630784
2026-01-02 22:00:00+00:00,0.9994838833808899,0.9997387528419495,0.9994478225708008,0.9997064471244812,1190313984
2026-01-02 23:00:00+00:00,0.9996837973594666,0.9998105764389038,0.9994751811027527,0.9997045397758484,3555328
2026-01-03 00:00:00+00:00,0.9996356964111328,0.9997749924659729,0.9995551705360413,0.9995858073234558,0
2026-01-03 01:00:00+00:00,0.9996498823165894,0.9998469948768616,0.9995002746582031,0.9997567534446716,95690752
2026-01-03 02:00:00+00:00,0.9995889663696289,0.9998130202293396,0.9994730949401855,0.999535858631134,355278848
2026-01-03 03:00:00+00:00,0.9995183944702148,0.9997975826263428,0.9994393587112427,0.9996383190155029,0
2026-01-03 04:00:00+00:00,0.9996636509895325,0.9998117685317993,0.9995142817497253,0.9995920658111572,66748416
2026-01-03 05:00:00+00:00,0.9995958805084229,0.9998083114624023,0.9995103478431702,0.9996883869171143,367173632
2026-01-03 06:00:00+00:00,0.9995747208595276,0.9997702240943909,0.9995235204696655,0.9995874762535095,0
2026-01-03 07:00:00+00:00,0.9996343851089478,0.9997957348823547,0.9995364546775818,0.9997957348823547,2267021312
2026-01-03 08:00:00+00:00,0.9994193315505981,0.9997928738594055,0.9994193315505981,0.9997315406799316,391929856
2026-01-03 09:00:00+00:00,0.9996514320373535,0.9998504519462585,0.9995212554931641,0.9998112320899963,0
2026-01-03 10:00:00+00:00,0.9996163249015808,0.9998136162757874,0.9995059967041016,0.9996108412742615,0
2026-01-03 11:00:00+00:00,0.9996181726455688,0.9997066259384155,0.9994205236434937,0.9994205236434937,0
2026-01-03 12:00:00+00:00,0.9995466470718384,0.9996028542518616,0.9993484020233154,0.9995051026344299,0
2026-01-03 13:00:00+00:00,0.9995929002761841,0.9996058344841003,0.9993348717689514,0.999457597732544,0
2026-01-03 14:00:00+00:00,0.999447226524353,0.9996019005775452,0.9993359446525574,0.9995349049568176,0
2026-01-03 15:00:00+00:00,0.999599039554596,0.999599039554596,0.9993123412132263,0.9994434118270874,0
2026-01-03 16:00:00+00:00,0.9994038939476013,0.9994979500770569,0.9993008375167847,0.9993877410888672,0
2026-01-03 17:00:00+00:00,0.9994479417800903,0.99946129322052,0.9993153810501099,0.9994065165519714,0
2026-01-03 18:00:00+00:00,0.9993756413459778,0.9994991421699524,0.9993184804916382,0.9993885159492493,0
2026-01-03 19:00:00+00:00,0.999365508556366,0.9994669556617737,0.999309778213501,0.9993946552276611,0
2026-01-03 20:00:00+00:00,0.9994115829467773,0.9994593262672424,0.9993104338645935,0.9994156956672668,0
2026-01-03 21:00:00+00:00,0.9994226694107056,0.9994634389877319,0.9993245601654053,0.9994163513183594,0
2026-01-03 22:00:00+00:00,0.9994352459907532,0.9995643496513367,0.9993574023246765,0.9995278120040894,0
2026-01-03 23:00:00+00:00,0.9994962811470032,0.9996615648269653,0.9994041919708252,0.9996365904808044,0
2026-01-04 00:00:00+00:00,0.9996362924575806,0.9996804594993591,0.9993278980255127,0.999503493309021,2883137536
2026-01-04 01:00:00+00:00,0.9994984269142151,0.9996526837348938,0.9994603991508484,0.9995633363723755,712626176
2026-01-04 02:00:00+00:00,0.9995825290679932,0.9996345043182373,0.9993631839752197,0.9995744824409485,0
2026-01-04 03:00:00+00:00,0.999602198600769,0.999602198600769,0.9994327425956726,0.9994751811027527,698998784
2026-01-04 04:00:00+00:00,0.9994406700134277,0.9995596408843994,0.9993410110473633,0.999496579170227,177778688
2026-01-04 05:00:00+00:00,0.9994760155677795,0.9995412230491638,0.9993615746498108,0.9994107484817505,0
2026-01-04 06:00:00+00:00,0.9995501637458801,0.9996126890182495,0.9994176030158997,0.999557375907898,409219072
2026-01-04 07:00:00+00:00,0.999553918838501,0.9996511936187744,0.9994716048240662,0.9995545148849487,0
2026-01-04 08:00:00+00:00,0.9995290637016296,0.9996262788772583,0.9994413256645203,0.9995031952857971,303820800
2026-01-04 09:00:00+00:00,0.9994975328445435,0.999561071395874,0.9994403719902039,0.9994404315948486,1091289088
2026-01-04 10:00:00+00:00,0.9995065331459045,0.9996357560157776,0.9994010925292969,0.99944007396698,1073164288
2026-01-04 11:00:00+00:00,0.9994534850120544,0.9995218515396118,0.9993088245391846,0.9993577599525452,508997632
2026-01-04 12:00:00+00:00,0.9994451403617859,0.9995176792144775,0.9993113279342651,0.9994497895240784,886685696
2026-01-04 13:00:00+00:00,0.9994612336158752,0.9995476007461548,0.9993318319320679,0.9994186758995056,303800320
2026-01-04 14:00:00+00:00,0.9994085431098938,0.999575674533844,0.9993308782577515,0.9995023608207703,359944192
2026-01-04 15:00:00+00:00,0.9993832111358643,0.9995729923248291,0.9993832111358643,0.9994520545005798,893968384
2026-01-04 16:00:00+00:00,0.9994905591011047,0.9996405839920044,0.9992866516113281,0.9995279908180237,517611520
2026-01-04 17:00:00+00:00,0.99952632188797,0.9995748400688171,0.9993937611579895,0.9994598627090454,537706496
2026-01-04 18:00:00+00:00,0.9994709491729736,0.9995375275611877,0.9993502497673035,0.9994579553604126,708050944
2026-01-04 19:00:00+00:00,0.99946528673172,0.9995396733283997,0.9993466734886169,0.9994462132453918,1408679936
2026-01-04 20:00:00+00:00,0.9994951486587524,0.9995527267456055,0.9992989897727966,0.9995121359825134,66293760
2026-01-04 21:00:00+00:00,0.9994402527809143,0.9996022582054138,0.9993239641189575,0.9994339942932129,29437952
2026-01-04 22:00:00+00:00,0.9994432926177979,0.9995315074920654,0.9993267059326172,0.9994523525238037,0
2026-01-04 23:00:00+00:00,0.9994745850563049,0.9995903372764587,0.9992622137069702,0.9995900988578796,418791424
2026-01-05 00:00:00+00:00,0.9995215535163879,0.9996266961097717,0.9992051720619202,0.9994866847991943,1238474752
2026-01-05 01:00:00+00:00,0.9994860887527466,0.999640703201294,0.9991081357002258,0.9993156790733337,4751220736
2026-01-05 02:00:00+00:00,0.9996114373207092,0.9996114373207092,0.9991339445114136,0.9994156360626221,2436055040
2026-01-05 03:00:00+00:00,0.9995026588439941,0.9995831847190857,0.9991689920425415,0.999504566192627,401481728
2026-01-05 04:00:00+00:00,0.9994658827781677,0.9996144771575928,0.9991245865821838,0.9993641972541809,1203953664
2026-01-05 05:00:00+00:00,0.9994544982910156,0.9995218515396118,0.9991804957389832,0.9994338750839233,909606912
2026-01-05 06:00:00+00:00,0.9993777275085449,0.9994989037513733,0.9991505742073059,0.9993078112602234,0
2026-01-05 07:00:00+00:00,0.9993488192558289,0.9994603395462036,0.9989994168281555,0.9993451833724976,0
2026-01-05 08:00:00+00:00,0.9993499517440796,0.9994574189186096,0.9991118907928467,0.999444305896759,0
2026-01-05 09:00:00+00:00,0.9993807077407837,0.9994789958000183,0.9991109371185303,0.9993691444396973,487202816
2026-01-05 10:00:00+00:00,0.9994139075279236,0.9994427561759949,0.9990568161010742,0.9994139075279236,597581824
2026-01-05 11:00:00+00:00,0.9993037581443787,0.9994639754295349,0.9990556240081787,0.9993960857391357,666664960
2026-01-05 12:00:00+00:00,0.999332070350647,0.9995771050453186,0.9990343451499939,0.999462902545929,589824
2026-01-05 13:00:00+00:00,0.99941086769104,0.9994775652885437,0.9990161657333374,0.9993447065353394,1131552768
2026-01-05 14:00:00+00:00,0.9993613362312317,0.9994661808013916,0.9988902807235718,0.9990968704223633,3638099968
2026-01-05 15:00:00+00:00,0.9994102716445923,0.9996419548988342,0.9991556406021118,0.9996419548988342,5205639168
2026-01-05 16:00:00+00:00,0.9995309114456177,0.999829888343811,0.9993962645530701,0.9997441172599792,3122446336
2026-01-05 17:00:00+00:00,0.9997273683547974,0.9998233318328857,0.9990881085395813,0.9994973540306091,2270814208
2026-01-05 18:00:00+00:00,0.99965500831604,0.9998384118080139,0.9992649555206299,0.9996389150619507,4858667008
2026-01-05 19:00:00+00:00,0.999728798866272,0.9999644756317139,0.9995802044868469,0.9997826814651489,2070110208
2026-01-05 20:00:00+00:00,0.9998453259468079,0.9999879598617554,0.9995502829551697,0.9999735355377197,5113847808
2026-01-05 21:00:00+00:00,0.9999120831489563,1.0000965595245361,0.9994128942489624,0.9999428391456604,1551671296
2026-01-05 22:00:00+00:00,0.9999691247940063,1.0000584125518799,0.9997141361236572,0.9999924898147583,0
2026-01-05 23:00:00+00:00,0.9999715685844421,1.0000473260879517,0.999796986579895,0.9999163150787354,1933172736
2026-01-06 00:00:00+00:00,0.9999009966850281,1.0000073909759521,0.9997233748435974,0.9999727010726929,0
2026-01-06 01:00:00+00:00,0.9998964071273804,1.0001100301742554,0.9996933937072754,0.9998918175697327,0
2026-01-06 02:00:00+00:00,0.9999244213104248,0.9999816417694092,0.9995954036712646,0.9997072219848633,0
2026-01-06 03:00:00+00:00,0.999914288520813,0.9999805688858032,0.9996602535247803,0.9998334646224976,0
2026-01-06 04:00:00+00:00,0.9998601078987122,0.9999088048934937,0.999518632888794,0.9997552633285522,0
2026-01-06 05:00:00+00:00,0.9997507333755493,0.9998177289962769,0.9995754957199097,0.9996780157089233,438452224
2026-01-06 06:00:00+00:00,0.9996644854545593,0.9997900128364563,0.9993441700935364,0.9996073842048645,932241408
2026-01-06 07:00:00+00:00,0.9995663166046143,0.999657154083252,0.9992298483848572,0.9995802044868469,1386758144
2026-01-06 08:00:00+00:00,0.9994592070579529,0.9996717572212219,0.9993606805801392,0.9996289014816284,123527168
2026-01-06 09:00:00+00:00,0.9995450377464294,0.9996637105941772,0.9993090629577637,0.9996335506439209,0
2026-01-06 10:00:00+00:00,0.9995934963226318,0.9996960163116455,0.9994202852249146,0.999636709690094,0
2026-01-06 11:00:00+00:00,0.9996292591094971,0.9996957182884216,0.9994621276855469,0.9996504187583923,0
2026-01-06 12:00:00+00:00,0.9995267987251282,0.9997133612632751,0.9993946552276611,0.9994437098503113,1405952000
2026-01-06 13:00:00+00:00,0.9995578527450562,0.9997467398643494,0.9992847442626953,0.9996896386146545,0
2026-01-06 14:00:00+00:00,0.9996269345283508,0.9998141527175903,0.9991095066070557,0.9995632767677307,2988523520
2026-01-06 15:00:00+00:00,0.9996846914291382,0.9998986124992371,0.9987415075302124,0.9994508028030396,1395023872
2026-01-06 16:00:00+00:00,0.999492883682251,0.9997523427009583,0.9986903071403503,0.9995189309120178,2925346816
2026-01-06 17:00:00+00:00,0.9995918273925781,0.9996347427368164,0.999076247215271,0.9993550181388855,0
2026-01-06 18:00:00+00:00,0.9992635846138,0.9995461702346802,0.9991416335105896,0.9992564916610718,3481419776
2026-01-06 19:00:00+00:00,0.9992917776107788,0.9995558857917786,0.9990262389183044,0.9993537664413452,0
2026-01-06 20:00:00+00:00,0.9992876052856445,0.9994226098060608,0.9989612698554993,0.9993498921394348,0
2026-01-06 21:00:00+00:00,0.9991574287414551,0.9995971322059631,0.9988370537757874,0.9994653463363647,3148619776
2026-01-06 22:00:00+00:00,0.9994525909423828,0.999578595161438,0.9990540742874146,0.9992721676826477,266608640
2026-01-06 23:00:00+00:00,0.9994462728500366,0.9996955990791321,0.9993805885314941,0.9995330572128296,88997888
2026-01-07 00:00:00+00:00,0.9995900392532349,0.999603271484375,0.9991414546966553,0.9994462132453918,0
2026-01-07 01:00:00+00:00,0.9994998574256897,0.9994998574256897,0.9990971684455872,0.9994088411331177,467173376
2026-01-07 02:00:00+00:00,0.9993894696235657,0.9994696974754333,0.9990742802619934,0.9993436932563782,1115906048
2026-01-07 03:00:00+00:00,0.999436616897583,0.999436616897583,0.9989831447601318,0.9992115497589111,0
2026-01-07 04:00:00+00:00,0.9992713928222656,0.9992713928222656,0.9988054633140564,0.9992491006851196,0
2026-01-07 05:00:00+00:00,0.9992253184318542,0.9993906617164612,0.999065101146698,0.9991995096206665,0
2026-01-07 06:00:00+00:00,0.9991625547409058,0.9994348883628845,0.9990295767784119,0.9992466568946838,0
2026-01-07 07:00:00+00:00,0.999283492565155,0.9993678331375122,0.9989239573478699,0.9989883303642273,0
2026-01-07 08:00:00+00:00,0.9990325570106506,0.9991891384124756,0.9989058375358582,0.9990764260292053,0
2026-01-07 09:00:00+00:00,0.9991248846054077,0.9993054866790771,0.9989451169967651,0.9992716908454895,2680037376
2026-01-07 10:00:00+00:00,0.999194860458374,0.9994158148765564,0.9991331100463867,0.9992206692695618,1079844864
2026-01-07 11:00:00+00:00,0.999479353427887,0.9995328187942505,0.9991677403450012,0.9992867708206177,78012416
2026-01-07 12:00:00+00:00,0.9993639588356018,0.9994413256645203,0.9990751147270203,0.999271035194397,0
2026-01-07 13:00:00+00:00,0.9993111491203308,0.999527096748352,0.9990710020065308,0.9992693662643433,3309568
2026-01-07 14:00:00+00:00,0.9992162585258484,0.9997732043266296,0.9990788698196411,0.9991803169250488,0
2026-01-07 15:00:00+00:00,0.9991809725761414,0.9997417330741882,0.9988448619842529,0.9990728497505188,0
2026-01-07 16:00:00+00:00,0.9991652965545654,0.9994882941246033,0.9989569783210754,0.9989569783210754,0
2026-01-07 17:00:00+00:00,0.9990288019180298,0.9994595050811768,0.9990003705024719,0.999192476272583,0
2026-01-07 18:00:00+00:00,0.9991586804389954,0.9995284676551819,0.9989933967590332,0.9990306496620178,0
2026-01-07 19:00:00+00:00,0.9990984201431274,0.9994068741798401,0.9988032579421997,0.9990469217300415,2291720192
2026-01-07 20:00:00+00:00,0.9989448189735413,0.9994561076164246,0.998818576335907,0.9989471435546875,0
2026-01-07 21:00:00+00:00,0.9991030097007751,0.9991750717163086,0.9988514184951782,0.9990816712379456,0
2026-01-07 22:00:00+00:00,0.9990812540054321,0.9993380904197693,0.9988431334495544,0.9991155862808228,0
2026-01-07 23:00:00+00:00,0.9990971088409424,0.9993322491645813,0.9988880157470703,0.9990472197532654,687382528
2026-01-08 00:00:00+00:00,0.9990658164024353,0.9994617700576782,0.998928427696228,0.999175488948822,0
2026-01-08 01:00:00+00:00,0.9990401268005371,0.9991886615753174,0.9989156126976013,0.9989156126976013,0
2026-01-08 02:00:00+00:00,0.9990350604057312,0.9992427229881287,0.9988656044006348,0.9989691972732544,0
2026-01-08 03:00:00+00:00,0.9989863634109497,0.9991118311882019,0.9988417625427246,0.9988933205604553,738574336
2026-01-08 04:00:00+00:00,0.9988954067230225,0.9992358088493347,0.9987581968307495,0.9991273283958435,363200512
2026-01-08 05:00:00+00:00,0.9988082051277161,0.9990739822387695,0.9986881017684937,0.9987672567367554,0
2026-01-08 06:00:00+00:00,0.9987298846244812,0.9991165995597839,0.9986023902893066,0.9987567067146301,2992676864
2026-01-08 07:00:00+00:00,0.9988206624984741,0.998977780342102,0.9985483884811401,0.9986521005630493,3416383488
2026-01-08 08:00:00+00:00,0.9986279606819153,0.9989619255065918,0.9985546469688416,0.9987027645111084,414539776
2026-01-08 09:00:00+00:00,0.9987038373947144,0.9990934729576111,0.9986414313316345,0.9987253546714783,0
2026-01-08 10:00:00+00:00,0.9987358450889587,0.9989567399024963,0.9986165761947632,0.9987929463386536,57638912
2026-01-08 11:00:00+00:00,0.9987895488739014,0.9989338517189026,0.9984910488128662,0.9986157417297363,904937472
2026-01-08 12:00:00+00:00,0.9985701441764832,0.9990861415863037,0.9984893798828125,0.998694121837616,2227462144
2026-01-08 13:00:00+00:00,0.9986294507980347,0.9990732073783875,0.9985835552215576,0.9987192153930664,0
2026-01-08 14:00:00+00:00,0.9986951351165771,0.9993540048599243,0.9984657764434814,0.9989035725593567,497459200
2026-01-08 15:00:00+00:00,0.998826801776886,0.9992638230323792,0.9987344741821289,0.9992179274559021,0
2026-01-08 16:00:00+00:00,0.9988945722579956,0.9993385672569275,0.9987500309944153,0.999090313911438,1579753472
2026-01-08 17:00:00+00:00,0.9994257092475891,0.9994257092475891,0.9989446401596069,0.9991066455841064,1434476544
2026-01-08 18:00:00+00:00,0.999112069606781,0.9993695020675659,0.9989224672317505,0.9990981221199036,0
2026-01-08 19:00:00+00:00,0.9993095993995667,0.9994592666625977,0.9990280270576477,0.9991744756698608,0
2026-01-08 20:00:00+00:00,0.9991897940635681,0.9993051290512085,0.9989189505577087,0.9990929961204529,160251904
2026-01-08 21:00:00+00:00,0.9990307092666626,0.9994410872459412,0.9988863468170166,0.9990442991256714,1135575040
2026-01-08 22:00:00+00:00,0.9991589784622192,0.9993840456008911,0.9989191293716431,0.9991735816001892,0
2026-01-08 23:00:00+00:00,0.9992502331733704,0.9994100332260132,0.9990423321723938,0.9991761445999146,0
2026-01-09 00:00:00+00:00,0.9991316795349121,0.9994290471076965,0.999026894569397,0.9991192817687988,0
2026-01-09 01:00:00+00:00,0.999108076095581,0.9992675185203552,0.9988784790039062,0.9990684390068054,1441644544
2026-01-09 02:00:00+00:00,0.9989974498748779,0.9992794990539551,0.9988707304000854,0.998911440372467,0
2026-01-09 03:00:00+00:00,0.9989344477653503,0.9991486668586731,0.9988059401512146,0.9988500475883484,0
2026-01-09 04:00:00+00:00,0.9988579750061035,0.9990376830101013,0.9987271428108215,0.998857319355011,0
2026-01-09 05:00:00+00:00,0.9988251328468323,0.998988687992096,0.9986558556556702,0.9987075924873352,0
2026-01-09 06:00:00+00:00,0.9987611174583435,0.9991111755371094,0.9986308217048645,0.998772382736206,0
2026-01-09 07:00:00+00:00,0.9987241625785828,0.9988831877708435,0.9986210465431213,0.998757541179657,0
2026-01-09 08:00:00+00:00,0.9987586736679077,0.9992010593414307,0.9987136125564575,0.9988712668418884,1422090240
2026-01-09 09:00:00+00:00,0.9987654089927673,0.9990299344062805,0.9987021088600159,0.9987155795097351,0
2026-01-09 10:00:00+00:00,0.9987374544143677,0.9991067051887512,0.9987059831619263,0.9988061785697937,0
2026-01-09 11:00:00+00:00,0.9988093972206116,0.9992102980613708,0.9987218976020813,0.9988530278205872,0
2026-01-09 12:00:00+00:00,0.9987882971763611,0.9991161227226257,0.9987882971763611,0.9988642334938049,0
2026-01-09 13:00:00+00:00,0.9988577365875244,0.9992538094520569,0.9988355040550232,0.9989703297615051,1026875392
2026-01-09 14:00:00+00:00,0.9990396499633789,0.9995414018630981,0.9988637566566467,0.9993252158164978,0
2026-01-09 15:00:00+00:00,0.9991689920425415,0.9994010925292969,0.9987098574638367,0.9990906715393066,3014770688
2026-01-09 16:00:00+00:00,0.9989109635353088,0.9993991851806641,0.998837947845459,0.999089777469635,0
2026-01-09 17:00:00+00:00,0.9989924430847168,0.9992849826812744,0.9988200664520264,0.9990085363388062,82247680
2026-01-09 18:00:00+00:00,0.9990766048431396,0.9995465874671936,0.9988840818405151,0.9991181492805481,0
2026-01-09 19:00:00+00:00,0.9989410638809204,0.9993069767951965,0.9986711144447327,0.9988245368003845,1263460352
2026-01-09 20:00:00+00:00,0.9988996982574463,0.9991970062255859,0.9987106323242188,0.9987976551055908,0
2026-01-09 21:00:00+00:00,0.9987772703170776,0.9990466833114624,0.99858558177948,0.9987197518348694,0
2026-01-09 22:00:00+00:00,0.9986014366149902,0.9989094138145447,0.9985557198524475,0.9986565709114075,0
2026-01-09 23:00:00+00:00,0.9986483454704285,0.9987712502479553,0.9985561370849609,0.9987098574638367,0
2026-01-10 00:00:00+00:00,0.998623788356781,0.9987876415252686,0.9985766410827637,0.9987223148345947,0
2026-01-10 01:00:00+00:00,0.9986705780029297,0.9987732172012329,0.9985580444335938,0.9985891580581665,0
2026-01-10 02:00:00+00:00,0.9985988736152649,0.9987598657608032,0.9985603094100952,0.9986599087715149,0
2026-01-10 03:00:00+00:00,0.9986832737922668,0.9987311363220215,0.998579204082489,0.9986296892166138,0
2026-01-10 04:00:00+00:00,0.9986820220947266,0.9987332224845886,0.9985784888267517,0.9986606240272522,0
2026-01-10 05:00:00+00:00,0.9986981749534607,0.998832643032074,0.9985767006874084,0.9986101388931274,0
2026-01-10 06:00:00+00:00,0.9985666871070862,0.998746931552887,0.998530924320221,0.9986081719398499,0
2026-01-10 07:00:00+00:00,0.9985923171043396,0.99874347448349,0.998548686504364,0.9985944628715515,0
2026-01-10 08:00:00+00:00,0.9986041188240051,0.9987273216247559,0.9985477924346924,0.998591423034668,0
2026-01-10 09:00:00+00:00,0.9986596703529358,0.9987225532531738,0.9985594153404236,0.9986037015914917,0
2026-01-10 10:00:00+00:00,0.998617947101593,0.9988980293273926,0.9986111521720886,0.9986578822135925,0
2026-01-10 11:00:00+00:00,0.9986764192581177,0.9989069700241089,0.9986101388931274,0.9986969232559204,0
2026-01-10 12:00:00+00:00,0.9986987709999084,0.9988507628440857,0.9986367225646973,0.9986814260482788,0
2026-01-10 13:00:00+00:00,0.9987033009529114,0.9988741278648376,0.9986176490783691,0.9986650347709656,0
2026-01-10 14:00:00+00:00,0.9986408948898315,0.9987730383872986,0.9985800385475159,0.9986307621002197,0
2026-01-10 15:00:00+00:00,0.9986248016357422,0.9987785816192627,0.9985987544059753,0.9987201690673828,0
2026-01-10 16:00:00+00:00,0.9986992478370667,0.9987820982933044,0.9986171126365662,0.9987013936042786,0
2026-01-10 17:00:00+00:00,0.9987000823020935,0.9987834095954895,0.9985964894294739,0.9986826181411743,0
2026-01-10 18:00:00+00:00,0.9987082481384277,0.9987850189208984,0.998630940914154,0.998712420463562,0
2026-01-10 19:00:00+00:00,0.9986642599105835,0.9987947940826416,0.9986268877983093,0.9987104535102844,0
2026-01-10 20:00:00+00:00,0.9987067580223083,0.9987826943397522,0.9985604882240295,0.998658299446106,0
2026-01-10 21:00:00+00:00,0.998659610748291,0.9987850785255432,0.9986249208450317,0.9986454248428345,0
2026-01-10 22:00:00+00:00,0.9986415505409241,0.9987756609916687,0.9986147284507751,0.9986749291419983,0
2026-01-10 23:00:00+00:00,0.99869704246521,0.9987608194351196,0.9985384345054626,0.9986688494682312,0
2026-01-11 00:00:00+00:00,0.9986326694488525,0.9987988471984863,0.9985337257385254,0.9986679553985596,0
2026-01-11 01:00:00+00:00,0.9986978769302368,0.9987779259681702,0.9986088871955872,0.9987261295318604,0
2026-01-11 02:00:00+00:00,0.9986444115638733,0.9988752007484436,0.998600423336029,0.9987623691558838,0
2026-01-11 03:00:00+00:00,0.998752236366272,0.9988522529602051,0.9986550211906433,0.99875408411026,0
2026-01-11 04:00:00+00:00,0.9987420439720154,0.9988629817962646,0.9987058639526367,0.9987241625785828,0
2026-01-11 05:00:00+00:00,0.9987565279006958,0.9988917112350464,0.998672366142273,0.9987245202064514,0
2026-01-11 06:00:00+00:00,0.9987072944641113,0.9988546371459961,0.998650312423706,0.9988016486167908,359497728
2026-01-11 07:00:00+00:00,0.9988265633583069,0.9988677501678467,0.9985784888267517,0.9986449480056763,107495424
2026-01-11 08:00:00+00:00,0.9986190795898438,0.9987553954124451,0.9985707402229309,0.9987546801567078,0
2026-01-11 09:00:00+00:00,0.9987460970878601,0.9988464117050171,0.9986260533332825,0.9986921548843384,133206016
2026-01-11 10:00:00+00:00,0.9986774325370789,0.998819887638092,0.998612642288208,0.9986540079116821,0
2026-01-11 11:00:00+00:00,0.9986778497695923,0.9989936351776123,0.9986130595207214,0.9986432790756226,0
2026-01-11 12:00:00+00:00,0.9987605214118958,0.9988288283348083,0.9985811710357666,0.9986895322799683,553594880
2026-01-11 13:00:00+00:00,0.998778760433197,0.9989254474639893,0.9985965490341187,0.9987801313400269,640843776
2026-01-11 14:00:00+00:00,0.9987194538116455,0.9988238215446472,0.9986228942871094,0.9986228942871094,412221440
2026-01-11 15:00:00+00:00,0.9987509846687317,0.9990509748458862,0.9985052347183228,0.9986483454704285,1679331328
2026-01-11 16:00:00+00:00,0.9986351728439331,0.9987772107124329,0.9984610676765442,0.9985059499740601,2215485440
2026-01-11 17:00:00+00:00,0.9985994696617126,0.9986796379089355,0.9984656572341919,0.9985893964767456,434597888
2026-01-11 18:00:00+00:00,0.9985617399215698,0.9986346960067749,0.998460054397583,0.99854576587677,82800640
2026-01-11 19:00:00+00:00,0.9985834956169128,0.9986878633499146,0.9984713792800903,0.9986211061477661,334950400
2026-01-11 20:00:00+00:00,0.9985728859901428,0.9988861083984375,0.9984861016273499,0.9985082745552063,1606381568
2026-01-11 21:00:00+00:00,0.9985477328300476,0.9987110495567322,0.9984915852546692,0.9985754489898682,487170048
2026-01-11 22:00:00+00:00,0.9984971284866333,0.9988190531730652,0.998452365398407,0.9986338019371033,420044800
2026-01-11 23:00:00+00:00,0.9984938502311707,0.9987925291061401,0.9983980655670166,0.9985368847846985,2016944128
2026-01-12 00:00:00+00:00,0.998612642288208,0.9991108179092407,0.9984679222106934,0.9987522959709167,1936138240
2026-01-12 01:00:00+00:00,0.9985407590866089,0.9989131093025208,0.9983394742012024,0.998661458492279,3716952064
2026-01-12 02:00:00+00:00,0.9986147284507751,0.9989363551139832,0.9984766840934753,0.998692512512207,3137155072
2026-01-12 03:00:00+00:00,0.9987501502037048,0.9989955425262451,0.9984779357910156,0.9987577199935913,3076370432
2026-01-12 04:00:00+00:00,0.9986703395843506,0.9988704919815063,0.9984768629074097,0.9985682964324951,1430671360
2026-01-12 05:00:00+00:00,0.9985950589179993,0.9987936615943909,0.9985511302947998,0.9986460208892822,1226604544
2026-01-12 06:00:00+00:00,0.9986023306846619,0.9988569021224976,0.998515784740448,0.998641848564148,651108352
2026-01-12 07:00:00+00:00,0.9986879825592041,0.9989575743675232,0.9985103607177734,0.9987272620201111,1534267392
2026-01-12 08:00:00+00:00,0.9986177086830139,0.9992005228996277,0.9985914826393127,0.998668909072876,3369910272
2026-01-12 09:00:00+00:00,0.9987202882766724,0.9989932775497437,0.9985783696174622,0.9987013936042786,1856933888
2026-01-12 10:00:00+00:00,0.9987205862998962,0.9989420175552368,0.9985257387161255,0.9986703991889954,984842240
2026-01-12 11:00:00+00:00,0.9988155364990234,0.998859167098999,0.9986348152160645,0.9988257884979248,1222279168
2026-01-12 12:00:00+00:00,0.9987162351608276,0.9988459944725037,0.9986008405685425,0.9987615942955017,321503232
2026-01-12 13:00:00+00:00,0.9986774325370789,0.9990189671516418,0.998617947101593,0.9987225532531738,543670272
2026-01-12 14:00:00+00:00,0.9987530708312988,0.9990648627281189,0.9986371994018555,0.9990636706352234,4367450112
2026-01-12 15:00:00+00:00,0.9988384246826172,0.9992827773094177,0.9987263679504395,0.9989805817604065,2170707968
2026-01-12 16:00:00+00:00,0.9991623163223267,0.9994207620620728,0.9989948272705078,0.9992614984512329,1506410496
2026-01-12 17:00:00+00:00,0.9992194771766663,0.9993902444839478,0.999053418636322,0.9991146922111511,4772675584
2026-01-12 18:00:00+00:00,0.9990951418876648,0.9992805123329163,0.9989875555038452,0.9991123676300049,1553727488
2026-01-12 19:00:00+00:00,0.9992115497589111,0.9994944930076599,0.9990277886390686,0.9991166591644287,132431872
2026-01-12 20:00:00+00:00,0.9991450905799866,0.9992539286613464,0.9990069270133972,0.9991469383239746,187162624
2026-01-12 21:00:00+00:00,0.9991416335105896,0.9993293881416321,0.9990344643592834,0.9990741610527039,754556928
2026-01-12 22:00:00+00:00,0.999237060546875,0.9992871880531311,0.9988939762115479,0.9989815354347229,374587392
2026-01-12 23:00:00+00:00,0.9989338517189026,0.9990821480751038,0.998832106590271,0.9988974928855896,4276224
2026-01-13 00:00:00+00:00,0.9988939762115479,0.9991300702095032,0.9987931251525879,0.9988058805465698,0
2026-01-13 01:00:00+00:00,0.9988929033279419,0.9991505742073059,0.9987401366233826,0.9987878799438477,0
2026-01-13 02:00:00+00:00,0.9988436698913574,0.9990889430046082,0.9987496137619019,0.9988290071487427,0
2026-01-13 03:00:00+00:00,0.9988574385643005,0.999183714389801,0.9986773729324341,0.9987391829490662,0
2026-01-13 04:00:00+00:00,0.9987472891807556,0.9990368485450745,0.998664379119873,0.9987239241600037,0
2026-01-13 05:00:00+00:00,0.9986982345581055,0.9990254044532776,0.998621940612793,0.9987676739692688,2160836608
2026-01-13 06:00:00+00:00,0.998875081539154,0.9990801811218262,0.9986488819122314,0.9987596273422241,647864320
2026-01-13 07:00:00+00:00,0.9987462759017944,0.9991366267204285,0.9987415671348572,0.9988285303115845,563937280
2026-01-13 08:00:00+00:00,0.9988804459571838,0.9991866946220398,0.9988071918487549,0.998894453048706,0
2026-01-13 09:00:00+00:00,0.9989911913871765,0.9993792176246643,0.9988227486610413,0.999028742313385,1469947904
2026-01-13 10:00:00+00:00,0.9989640116691589,0.9993118643760681,0.9989182949066162,0.9990258812904358,311328768
2026-01-13 11:00:00+00:00,0.9990831017494202,0.9992246627807617,0.9988390803337097,0.9989023804664612,89038848
2026-01-13 12:00:00+00:00,0.9990164041519165,0.999091625213623,0.9987856149673462,0.9989550113677979,418168832
2026-01-13 13:00:00+00:00,0.9990227818489075,0.9993205070495605,0.9988959431648254,0.9989852905273438,3351257088
2026-01-13 14:00:00+00:00,0.9991304278373718,0.9994159936904907,0.9989235997200012,0.999060332775116,9363456
2026-01-13 15:00:00+00:00,0.999195396900177,0.9992546439170837,0.9988462924957275,0.999106764793396,810483712
2026-01-13 16:00:00+00:00,0.9990510940551758,0.9994847178459167,0.9988486170768738,0.9994627237319946,2941304832
2026-01-13 17:00:00+00:00,0.9994714856147766,0.9996306896209717,0.9992654323577881,0.9993640780448914,0
2026-01-13 18:00:00+00:00,0.9994295239448547,0.9996699094772339,0.9992064833641052,0.999365508556366,731897856
2026-01-13 19:00:00+00:00,0.9995000958442688,0.9996708035469055,0.9992247819900513,0.9996472597122192,3224371200
2026-01-13 20:00:00+00:00,0.9996619820594788,0.9998281002044678,0.9989039897918701,0.9996274709701538,3531808768
2026-01-13 21:00:00+00:00,0.9998039603233337,0.999904990196228,0.999538242816925,0.9997754693031311,1927995392
2026-01-13 22:00:00+00:00,0.9996822476387024,0.9999162554740906,0.9987698793411255,0.9994701147079468,10777026560
2026-01-13 23:00:00+00:00,0.9992585778236389,0.999788761138916,0.9992585778236389,0.9994086027145386,4884455424
2026-01-14 00:00:00+00:00,0.9994683265686035,0.999541699886322,0.9991295337677002,0.9994328022003174,2612191232
2026-01-14 01:00:00+00:00,0.9993229508399963,0.999453604221344,0.9989791512489319,0.9994047284126282,2295111680
2026-01-14 02:00:00+00:00,0.9994047284126282,0.9994609355926514,0.9991548657417297,0.9994447231292725,2167513088
2026-01-14 03:00:00+00:00,0.9992583990097046,0.999485194683075,0.9991827607154846,0.9991827607154846,4670095360
2026-01-14 04:00:00+00:00,0.9992932081222534,0.999447226524353,0.9991717338562012,0.9993590712547302,1832591360
2026-01-14 05:00:00+00:00,0.9994075298309326,0.9996166825294495,0.9991058111190796,0.9995487928390503,0
2026-01-14 06:00:00+00:00,0.9995024800300598,0.9996175765991211,0.99919193983078,0.9994872808456421,1479720960
2026-01-14 07:00:00+00:00,0.9995244741439819,0.9995925426483154,0.9993258714675903,0.9995865225791931,1159888896
2026-01-14 08:00:00+00:00,0.9994760751724243,0.9996103048324585,0.999230682849884,0.9995021820068359,0
2026-01-14 09:00:00+00:00,0.9994831085205078,0.9995978474617004,0.9993318319320679,0.9994679093360901,0
2026-01-14 10:00:00+00:00,0.9995908737182617,0.9996636509895325,0.9994379878044128,0.9995169043540955,583852032
2026-01-14 11:00:00+00:00,0.9994804859161377,0.9995535612106323,0.9992855191230774,0.9994140863418579,0
2026-01-14 12:00:00+00:00,0.9993641972541809,0.9994869232177734,0.9993003010749817,0.9994708299636841,1836294144
2026-01-14 13:00:00+00:00,0.9994637370109558,0.9996021389961243,0.9993502497673035,0.9994786381721497,0
2026-01-14 14:00:00+00:00,0.9995243549346924,0.9996477961540222,0.999177098274231,0.9995443224906921,2874769408
2026-01-14 15:00:00+00:00,0.9994805455207825,0.9999567866325378,0.9994662404060364,0.9998012781143188,3689152512
2026-01-14 16:00:00+00:00,0.9996772408485413,0.999994695186615,0.9996628165245056,0.9999945163726807,1337278464
2026-01-14 17:00:00+00:00,0.9997575879096985,1.0001276731491089,0.9995071887969971,0.9997344613075256,3734192128
2026-01-14 18:00:00+00:00,0.9999151229858398,1.0001718997955322,0.9995760321617126,0.9998725652694702,2519187456
2026-01-14 19:00:00+00:00,0.9999107122421265,1.000103235244751,0.9993955492973328,0.9999728202819824,1521762304
2026-01-14 20:00:00+00:00,0.999814510345459,1.0001927614212036,0.9996103048324585,1.00010085105896,0
2026-01-14 21:00:00+00:00,0.9998756051063538,1.000113606452942,0.9996572136878967,1.0000039339065552,0
2026-01-14 22:00:00+00:00,0.9998602867126465,1.0001108646392822,0.9996164441108704,0.9999755024909973,0
2026-01-14 23:00:00+00:00,1.0000005960464478,1.0001200437545776,0.999826192855835,0.999987006187439,0
2026-01-15 00:00:00+00:00,0.9999708533287048,1.000063419342041,0.9997588992118835,0.9999141097068787,0
2026-01-15 01:00:00+00:00,0.9997552633285522,1.0000075101852417,0.9997275471687317,0.999862790107727,0
2026-01-15 02:00:00+00:00,0.9998287558555603,0.9999532699584961,0.9995331168174744,0.9997313022613525,0
2026-01-15 03:00:00+00:00,0.9996816515922546,0.99976646900177,0.9993549585342407,0.9995377063751221,1788141568
2026-01-15 04:00:00+00:00,0.999541699886322,0.9996853470802307,0.9993349313735962,0.9996054768562317,0
2026-01-15 05:00:00+00:00,0.9994550347328186,0.9997479915618896,0.999376654624939,0.9996500611305237,0
2026-01-15 06:00:00+00:00,0.9996313452720642,0.999775230884552,0.999344527721405,0.9995471835136414,0
2026-01-15 07:00:00+00:00,0.9996406435966492,0.9997877478599548,0.9992578625679016,0.999674379825592,0
2026-01-15 08:00:00+00:00,0.9994272589683533,0.9997545480728149,0.9992601275444031,0.9997237324714661,587956224
2026-01-15 09:00:00+00:00,0.9996717572212219,0.9998102188110352,0.9994010925292969,0.9997162818908691,892698624
2026-01-15 10:00:00+00:00,0.9994969367980957,0.9997692704200745,0.9994969367980957,0.9996697306632996,159498240
2026-01-15 11:00:00+00:00,0.9997047781944275,0.9997047781944275,0.9994338154792786,0.9996907711029053,0
2026-01-15 12:00:00+00:00,0.9996278882026672,0.9997515678405762,0.9994339346885681,0.9995129704475403,0
2026-01-15 13:00:00+00:00,0.9995974898338318,0.9997381567955017,0.9993929266929626,0.9996470808982849,174768128
2026-01-15 14:00:00+00:00,0.9996055364608765,0.9997588396072388,0.9993051886558533,0.9994989037513733,0
2026-01-15 15:00:00+00:00,0.999549150466919,0.9996557831764221,0.9992685317993164,0.999508261680603,0
2026-01-15 16:00:00+00:00,0.9993757605552673,0.999660849571228,0.999321699142456,0.9995596408843994,0
2026-01-15 17:00:00+00:00,0.9995669722557068,0.999631404876709,0.9993592500686646,0.9994316101074219,0
2026-01-15 18:00:00+00:00,0.9993705749511719,0.9997318983078003,0.9993633031845093,0.9996789693832397,645201920
2026-01-15 19:00:00+00:00,0.9996235370635986,0.999722421169281,0.9993257522583008,0.9995005130767822,0
2026-01-15 20:00:00+00:00,0.9996623992919922,0.9998011589050293,0.9994654059410095,0.9995167255401611,0
2026-01-15 21:00:00+00:00,0.9996073842048645,0.9997122287750244,0.9994272589683533,0.9996943473815918,0
2026-01-15 22:00:00+00:00,0.9996875524520874,0.9997144341468811,0.9994442462921143,0.9995079040527344,0
2026-01-15 23:00:00+00:00,0.9996623396873474,0.999727189540863,0.9994592070579529,0.9996725916862488,0
2026-01-16 00:00:00+00:00,0.9996578097343445,0.9997484683990479,0.9994688630104065,0.9996284246444702,0
2026-01-16 01:00:00+00:00,0.9995936751365662,0.9997480511665344,0.9994056820869446,0.9994056820869446,0
2026-01-16 02:00:00+00:00,0.9995832443237305,0.9998604655265808,0.9992497563362122,0.9996142387390137,0
2026-01-16 03:00:00+00:00,0.9996634125709534,0.9996894001960754,0.9993246793746948,0.9995737671852112,0
2026-01-16 04:00:00+00:00,0.9995145201683044,0.9996505975723267,0.999355673789978,0.9996083378791809,0
2026-01-16 05:00:00+00:00,0.9995894432067871,0.9996668696403503,0.9993413686752319,0.9995367527008057,774209536
2026-01-16 06:00:00+00:00,0.9995195269584656,0.9996580481529236,0.9992561936378479,0.9996395111083984,116121600
2026-01-16 07:00:00+00:00,0.9996231198310852,0.9997165203094482,0.9993728399276733,0.9995498657226562,0
2026-01-16 08:00:00+00:00,0.9996473789215088,0.9997116327285767,0.9994418621063232,0.999444842338562,0
2026-01-16 09:00:00+00:00,0.9995788335800171,0.9996004700660706,0.9993343949317932,0.9995409846305847,0
2026-01-16 10:00:00+00:00,0.999536395072937,0.9996435642242432,0.9992755055427551,0.9995975494384766,0
2026-01-16 11:00:00+00:00,0.9995772838592529,0.9996663928031921,0.9993773698806763,0.9996457695960999,0
2026-01-16 12:00:00+00:00,0.9996542930603027,0.9996998310089111,0.9993615746498108,0.9996809959411621,0
2026-01-16 13:00:00+00:00,0.9995673894882202,0.9996635913848877,0.9993014931678772,0.9995436668395996,0
2026-01-16 14:00:00+00:00,0.9995411038398743,0.9996835589408875,0.9991254806518555,0.999505341053009,0
2026-01-16 15:00:00+00:00,0.9993500709533691,0.9996833205223083,0.9992427825927734,0.9995285272598267,0
2026-01-16 16:00:00+00:00,0.9994255304336548,0.9997406601905823,0.9993171095848083,0.9996246695518494,0
2026-01-16 17:00:00+00:00,0.9995434880256653,0.999599277973175,0.9992789030075073,0.9994445443153381,0
2026-01-16 18:00:00+00:00,0.9994972944259644,0.9996345639228821,0.9993014931678772,0.9994279146194458,0
2026-01-16 19:00:00+00:00,0.9993636012077332,0.9995582103729248,0.9993205666542053,0.9994550347328186,0
2026-01-16 20:00:00+00:00,0.9994723200798035,0.9995676875114441,0.9993743300437927,0.9995356202125549,0
2026-01-16 21:00:00+00:00,0.9995648860931396,0.9995667338371277,0.9993035793304443,0.9994733333587646,425590784
2026-01-16 22:00:00+00:00,0.999542772769928,0.9995840787887573,0.9994142651557922,0.9995170831680298,0
2026-01-16 23:00:00+00:00,0.999474048614502,0.999549388885498,0.9993806481361389,0.9995139241218567,0
2026-01-17 00:00:00+00:00,0.9994776248931885,0.9995826482772827,0.9994486570358276,0.9995253086090088,0
2026-01-17 01:00:00+00:00,0.9995027184486389,0.9996419548988342,0.9994649291038513,0.9995150566101074,0
2026-01-17 02:00:00+00:00,0.9995318055152893,0.9995962977409363,0.9994080662727356,0.9994680881500244,0
2026-01-17 03:00:00+00:00,0.999488115310669,0.9995622634887695,0.9994025230407715,0.9994918704032898,0
2026-01-17 04:00:00+00:00,0.9995245933532715,0.9995627403259277,0.9994454383850098,0.9995117783546448,0
2026-01-17 05:00:00+00:00,0.9995083808898926,0.99954754114151,0.9994220733642578,0.9995023012161255,0
2026-01-17 06:00:00+00:00,0.999500572681427,0.9995517730712891,0.9993985295295715,0.9994847774505615,0
2026-01-17 07:00:00+00:00,0.9995020031929016,0.9996340274810791,0.9994514584541321,0.9995288848876953,0
2026-01-17 08:00:00+00:00,0.9995325803756714,0.9995744824409485,0.9994118213653564,0.9995635151863098,0
2026-01-17 09:00:00+00:00,0.9995200634002686,0.9996148943901062,0.9993470311164856,0.9995429515838623,0
2026-01-17 10:00:00+00:00,0.9995267391204834,0.9996038675308228,0.9994276762008667,0.9995443820953369,0
2026-01-17 11:00:00+00:00,0.9994776248931885,0.9996029138565063,0.999366044998169,0.9995302557945251,0
2026-01-17 12:00:00+00:00,0.9995073676109314,0.99961256980896,0.9993365406990051,0.9996052384376526,0
2026-01-17 13:00:00+00:00,0.9995756149291992,0.9996439218521118,0.9994964003562927,0.9995928406715393,0
2026-01-17 14:00:00+00:00,0.9995465278625488,0.9996652603149414,0.9994047284126282,0.9995996952056885,0
2026-01-17 15:00:00+00:00,0.999540388584137,0.9996876120567322,0.9995020627975464,0.9996064901351929,0
2026-01-17 16:00:00+00:00,0.9995810389518738,0.9997382760047913,0.9995124340057373,0.999633252620697,0
2026-01-17 17:00:00+00:00,0.9996482729911804,0.9997290372848511,0.999558687210083,0.999634861946106,0
2026-01-17 18:00:00+00:00,0.999639630317688,0.9996851682662964,0.9995326399803162,0.9995449185371399,0
2026-01-17 19:00:00+00:00,0.9996100068092346,0.9996475577354431,0.9995545148849487,0.9996225833892822,0
2026-01-17 20:00:00+00:00,0.999615490436554,0.9996823668479919,0.9995331168174744,0.9996815323829651,0
2026-01-17 21:00:00+00:00,0.9996268153190613,0.9997323155403137,0.9995267987251282,0.9996436834335327,0
2026-01-17 22:00:00+00:00,0.9996388554573059,0.9996695518493652,0.9994600415229797,0.9996227025985718,0
2026-01-17 23:00:00+00:00,0.9996007680892944,0.9996436834335327,0.9995362162590027,0.9995942711830139,0
2026-01-18 00:00:00+00:00,0.9996188879013062,0.9996501803398132,0.9994900226593018,0.9994900226593018,79847424
2026-01-18 01:00:00+00:00,0.9994946718215942,0.9996333122253418,0.9994550943374634,0.9995734095573425,580395008
2026-01-18 02:00:00+00:00,0.9995725154876709,0.9996386170387268,0.9995080828666687,0.9995486736297607,0
2026-01-18 03:00:00+00:00,0.9995455741882324,0.999649167060852,0.9995000958442688,0.999570369720459,235098112
2026-01-18 04:00:00+00:00,0.9995962381362915,0.9996572136878967,0.999543309211731,0.999600350856781,22036480
2026-01-18 05:00:00+00:00,0.9995876550674438,0.9996967911720276,0.999521017074585,0.9996610879898071,227196928
2026-01-18 06:00:00+00:00,0.999661386013031,0.9996834397315979,0.9995183944702148,0.9995183944702148,219926528
2026-01-18 07:00:00+00:00,0.9995512962341309,0.9996612071990967,0.999514639377594,0.999514639377594,254554112
2026-01-18 08:00:00+00:00,0.9995349645614624,0.9996500611305237,0.9994480013847351,0.999602198600769,0
2026-01-18 09:00:00+00:00,0.9996129274368286,0.9996612071990967,0.9994771480560303,0.9994838237762451,529661952
2026-01-18 10:00:00+00:00,0.9995187520980835,0.9996581673622131,0.9994232058525085,0.9995796084403992,653840384
2026-01-18 11:00:00+00:00,0.9995766878128052,0.9996457695960999,0.9994565844535828,0.9994986057281494,0
2026-01-18 12:00:00+00:00,0.9994974732398987,0.999673068523407,0.9994696378707886,0.9995012879371643,0
2026-01-18 13:00:00+00:00,0.9995169043540955,0.9996719360351562,0.9994874596595764,0.999582052230835,466907136
2026-01-18 14:00:00+00:00,0.999638557434082,0.999768078327179,0.9995031356811523,0.9996291399002075,749441024
2026-01-18 15:00:00+00:00,0.9997076392173767,0.9998128414154053,0.999469518661499,0.9996830224990845,0
2026-01-18 16:00:00+00:00,0.9996318221092224,0.9998478293418884,0.9995811581611633,0.9996417760848999,0
2026-01-18 17:00:00+00:00,0.9996851086616516,0.9997828006744385,0.9995132684707642,0.9995812773704529,0
2026-01-18 18:00:00+00:00,0.9995463490486145,0.9998016953468323,0.9995463490486145,0.9996367692947388,1320009728
2026-01-18 19:00:00+00:00,0.9996147155761719,0.9998191595077515,0.9995851516723633,0.9996583461761475,790425600
2026-01-18 20:00:00+00:00,0.9997310042381287,0.9997621178627014,0.9995574355125427,0.9995574355125427,150671360
2026-01-18 21:00:00+00:00,0.9996034502983093,0.9997602105140686,0.9994996786117554,0.9997397661209106,0
2026-01-18 22:00:00+00:00,0.9996100664138794,0.9997035264968872,0.9995304346084595,0.999636173248291,25579520
2026-01-18 23:00:00+00:00,0.9995383024215698,0.9997541904449463,0.9994364380836487,0.9996686577796936,6450798592
2026-01-19 00:00:00+00:00,0.9997100830078125,1.0000851154327393,0.999350905418396,0.9996134042739868,17449906176
2026-01-19 01:00:00+00:00,0.9998369812965393,0.9998369812965393,0.9995226860046387,0.9995226860046387,3657965568
2026-01-19 02:00:00+00:00,0.9995392560958862,0.9999775886535645,0.9995022416114807,0.9997695088386536,2238152704
2026-01-19 03:00:00+00:00,0.999665379524231,0.9998282790184021,0.9994538426399231,0.9995596408843994,1903362048
2026-01-19 04:00:00+00:00,0.9995613098144531,0.9997016191482544,0.9993855357170105,0.9995676875114441,2212831232
2026-01-19 05:00:00+00:00,0.9995188117027283,0.9997813701629639,0.9993695616722107,0.999607503414154,2550939648
2026-01-19 06:00:00+00:00,0.9995760321617126,0.9997919797897339,0.9994016289710999,0.999430775642395,1775747072
2026-01-19 07:00:00+00:00,0.9995319843292236,0.999733030796051,0.9993937015533447,0.99950110912323,1259724800
2026-01-19 08:00:00+00:00,0.9995690584182739,0.9996994733810425,0.9993655681610107,0.9994916319847107,3006611456
2026-01-19 09:00:00+00:00,0.9995277523994446,0.9997633695602417,0.9993906021118164,0.9994410872459412,578756608
2026-01-19 10:00:00+00:00,0.9994255304336548,0.9995905756950378,0.999260425567627,0.9993652701377869,0
2026-01-19 11:00:00+00:00,0.9994164109230042,0.9995871186256409,0.9992337226867676,0.9993689060211182,3335512064
2026-01-19 12:00:00+00:00,0.9993687868118286,0.9995934963226318,0.9993059635162354,0.9994266629219055,2274410496
2026-01-19 13:00:00+00:00,0.9994136095046997,0.9995208978652954,0.999287486076355,0.9994233250617981,576888832
2026-01-19 14:00:00+00:00,0.9994204044342041,0.9996429085731506,0.9993678331375122,0.9994018077850342,179257344
2026-01-19 15:00:00+00:00,0.9994267821311951,0.9996581673622131,0.9993591904640198,0.9995622634887695,679141376
2026-01-19 16:00:00+00:00,0.999390721321106,0.9996492862701416,0.9993664622306824,0.9996030926704407,1030348800
2026-01-19 17:00:00+00:00,0.9995965957641602,0.9996457695960999,0.9994328022003174,0.9994703531265259,836558848
2026-01-19 18:00:00+00:00,0.9994869232177734,0.9996053576469421,0.9993851184844971,0.9994812607765198,0
2026-01-19 19:00:00+00:00,0.999396562576294,0.9996213912963867,0.999396562576294,0.9995697736740112,0
2026-01-19 20:00:00+00:00,0.9995279312133789,0.9996915459632874,0.9993922114372253,0.9995121359825134,238772224
2026-01-19 21:00:00+00:00,0.9994063377380371,0.9997210502624512,0.9993665814399719,0.9994384050369263,596254720
2026-01-19 22:00:00+00:00,0.9994463324546814,0.9995596408843994,0.9993360638618469,0.99936842918396,839024640
2026-01-19 23:00:00+00:00,0.9993482828140259,0.9995020627975464,0.9991333484649658,0.9993762969970703,0
2026-01-20 00:00:00+00:00,0.9993683695793152,0.9995253086090088,0.999250054359436,0.9993503093719482,0
2026-01-20 01:00:00+00:00,0.9993059635162354,0.9995319247245789,0.9992108345031738,0.9994044303894043,0
2026-01-20 02:00:00+00:00,0.9992955923080444,0.999468207359314,0.999187171459198,0.9993359446525574,0
2026-01-20 03:00:00+00:00,0.9992504119873047,0.9994933009147644,0.9991724491119385,0.999181866645813,0
2026-01-20 04:00:00+00:00,0.9992502331733704,0.9994639754295349,0.999122142791748,0.999287486076355,0
2026-01-20 05:00:00+00:00,0.9991655349731445,0.9995553493499756,0.9990596175193787,0.9991455674171448,2382888960
2026-01-20 06:00:00+00:00,0.9991217255592346,0.9993007779121399,0.9988551735877991,0.9989036321640015,3125370880
2026-01-20 07:00:00+00:00,0.9989548325538635,0.9992085099220276,0.998843252658844,0.9988558292388916,1771896832
2026-01-20 08:00:00+00:00,0.9989644885063171,0.999345064163208,0.9986962080001831,0.9989716410636902,1672003584
2026-01-20 09:00:00+00:00,0.9987976551055908,0.9990317225456238,0.9987771511077881,0.9988159537315369,519323648
2026-01-20 10:00:00+00:00,0.9988440871238708,0.9990899562835693,0.9988130331039429,0.998967170715332,742203392
2026-01-20 11:00:00+00:00,0.9989980459213257,0.9992244839668274,0.9989056587219238,0.9989333748817444,0
2026-01-20 12:00:00+00:00,0.999034583568573,0.9992314577102661,0.9988677501678467,0.9991547465324402,0
2026-01-20 13:00:00+00:00,0.9991135597229004,0.999334454536438,0.9989131689071655,0.9991148710250854,1546280960
2026-01-20 14:00:00+00:00,0.9991035461425781,0.999791145324707,0.9989001750946045,0.9996097087860107,4621025280
2026-01-20 15:00:00+00:00,0.9992533326148987,0.9995510578155518,0.9987717866897583,0.9990214705467224,6808027136
2026-01-20 16:00:00+00:00,0.9989349246025085,0.9992527365684509,0.998844563961029,0.9989882707595825,2584993792
2026-01-20 17:00:00+00:00,0.9990115761756897,0.9994965195655823,0.9988206624984741,0.9990152716636658,3522027520
2026-01-20 18:00:00+00:00,0.9990262985229492,0.9993283152580261,0.9987889528274536,0.9988595247268677,2355863552
2026-01-20 19:00:00+00:00,0.9988895654678345,0.9991862177848816,0.9986799955368042,0.9986978769302368,2509168640
2026-01-20 20:00:00+00:00,0.9987009167671204,0.9992086291313171,0.998338520526886,0.9987629055976868,2087542784
2026-01-20 21:00:00+00:00,0.9987848997116089,0.9990899562835693,0.9986066222190857,0.9986940622329712,1380818944
2026-01-20 22:00:00+00:00,0.9987334609031677,0.9991034269332886,0.9985862374305725,0.9990532398223877,3463929856
2026-01-20 23:00:00+00:00,0.9990900158882141,0.9990900158882141,0.9986154437065125,0.998756468296051,0
2026-01-21 00:00:00+00:00,0.9987722039222717,0.9992102980613708,0.9987295866012573,0.9988887906074524,3350831104
2026-01-21 01:00:00+00:00,0.9987846612930298,0.9991918206214905,0.9986622929573059,0.998682975769043,1207246848
2026-01-21 02:00:00+00:00,0.9988833069801331,0.9993604421615601,0.9986503720283508,0.9988886117935181,938360832
2026-01-21 03:00:00+00:00,0.9988307952880859,0.9989899396896362,0.9987045526504517,0.9988135099411011,491298816
2026-01-21 04:00:00+00:00,0.9988135099411011,0.9990020394325256,0.9986686706542969,0.9987331032752991,6963200
2026-01-21 05:00:00+00:00,0.9987521171569824,0.999017596244812,0.9986549019813538,0.9987779855728149,0
2026-01-21 06:00:00+00:00,0.9988821744918823,0.9989866614341736,0.9987011551856995,0.9989581108093262,0
2026-01-21 07:00:00+00:00,0.998928427696228,0.9991644620895386,0.9987700581550598,0.9989262223243713,0
2026-01-21 08:00:00+00:00,0.9990630745887756,0.9991209506988525,0.9987552165985107,0.9988516569137573,0
2026-01-21 09:00:00+00:00,0.9988453984260559,0.9990164637565613,0.9986738562583923,0.9989102482795715,0
2026-01-21 10:00:00+00:00,0.998945951461792,0.9990034699440002,0.9988254904747009,0.9988649487495422,0
2026-01-21 11:00:00+00:00,0.9988976716995239,0.9993938207626343,0.9988144040107727,0.9993938207626343,0
2026-01-21 12:00:00+00:00,0.9989508390426636,0.9993382692337036,0.9987977147102356,0.9989765286445618,4697497600
2026-01-21 13:00:00+00:00,0.9989847540855408,0.9992814660072327,0.9987749457359314,0.9987749457359314,0
2026-01-21 14:00:00+00:00,0.9991596341133118,0.9996103644371033,0.9986594319343567,0.9991862177848816,3301867520
2026-01-21 15:00:00+00:00,0.9990079402923584,1.0001609325408936,0.9988994598388672,0.9991313219070435,0
2026-01-21 16:00:00+00:00,0.9991378784179688,0.999667763710022,0.9989910125732422,0.9991158246994019,561618944
2026-01-21 17:00:00+00:00,0.9990299940109253,0.9997230172157288,0.998974084854126,0.9991034269332886,4858503168
2026-01-21 18:00:00+00:00,0.9991723299026489,0.9995894432067871,0.9990128874778748,0.9991656541824341,24354816
2026-01-21 19:00:00+00:00,0.9992263317108154,0.9996243119239807,0.9989106059074402,0.9991839528083801,5184061440
2026-01-21 20:00:00+00:00,0.9991029500961304,0.9999609589576721,0.9990789294242859,0.9992157816886902,2061115392
2026-01-21 21:00:00+00:00,0.9993042945861816,0.9995801448822021,0.999050498008728,0.999238133430481,77643776
2026-01-21 22:00:00+00:00,0.999286413192749,0.999688982963562,0.9989769458770752,0.9991289377212524,0
2026-01-21 23:00:00+00:00,0.9991915822029114,0.9995556473731995,0.9990602135658264,0.9991747736930847,0
2026-01-22 00:00:00+00:00,0.9991096258163452,0.9994425177574158,0.9990072250366211,0.9991470575332642,0
2026-01-22 01:00:00+00:00,0.9990691542625427,0.9994739890098572,0.9990061521530151,0.9990155696868896,0
2026-01-22 02:00:00+00:00,0.99905925989151,0.9992461800575256,0.99891197681427,0.999035120010376,0
2026-01-22 03:00:00+00:00,0.9990431070327759,0.9993037581443787,0.9989029765129089,0.9990102052688599,30597120
2026-01-22 04:00:00+00:00,0.9990378618240356,0.9991564750671387,0.9988916516304016,0.9989779591560364,0
2026-01-22 05:00:00+00:00,0.9990260601043701,0.9991037249565125,0.9988809823989868,0.9989796876907349,0
2026-01-22 06:00:00+00:00,0.999183177947998,0.9992614388465881,0.9989105463027954,0.9990389943122864,0
2026-01-22 07:00:00+00:00,0.9990125298500061,0.9993025064468384,0.9988705515861511,0.9990066289901733,0
2026-01-22 08:00:00+00:00,0.9990736246109009,0.9992525577545166,0.9989302754402161,0.9990427494049072,0
2026-01-22 09:00:00+00:00,0.999080240726471,0.9993569254875183,0.9990145564079285,0.999128520488739,836222976
2026-01-22 10:00:00+00:00,0.9991970658302307,0.9992090463638306,0.9990254640579224,0.9991415143013,1459986432
2026-01-22 11:00:00+00:00,0.9991194605827332,0.9997819662094116,0.9989237785339355,0.9990774393081665,4653056
2026-01-22 12:00:00+00:00,0.9990062713623047,0.9991543889045715,0.9988833069801331,0.998947024345398,0
2026-01-22 13:00:00+00:00,0.999103307723999,0.9993607997894287,0.9989044666290283,0.999092161655426,152322048
2026-01-22 14:00:00+00:00,0.9991366863250732,0.9994331002235413,0.9988148808479309,0.9990396499633789,0
2026-01-22 15:00:00+00:00,0.999123215675354,0.9995453953742981,0.9988792538642883,0.9994592666625977,66625536
2026-01-22 16:00:00+00:00,0.999057412147522,0.9995504021644592,0.9988287687301636,0.9990206956863403,0
2026-01-22 17:00:00+00:00,0.9991231560707092,0.9993903040885925,0.9989100694656372,0.9990509748458862,0
2026-01-22 18:00:00+00:00,0.9990501403808594,0.9996052384376526,0.9988682866096497,0.9990156292915344,0
2026-01-22 19:00:00+00:00,0.9989832043647766,0.999703586101532,0.9989492297172546,0.9991016983985901,0
2026-01-22 20:00:00+00:00,0.999107301235199,0.9994373321533203,0.9988433718681335,0.9989794492721558,0
2026-01-22 21:00:00+00:00,0.9990135431289673,0.9990966320037842,0.9988628029823303,0.9989315271377563,0
2026-01-22 22:00:00+00:00,0.9990505576133728,0.999234139919281,0.9988095164299011,0.9989996552467346,0
2026-01-22 23:00:00+00:00,0.9990010261535645,0.9993403553962708,0.9989059567451477,0.9989556670188904,0
2026-01-23 00:00:00+00:00,0.9989483952522278,0.9992855191230774,0.9988698363304138,0.9989188313484192,0
2026-01-23 01:00:00+00:00,0.9988938570022583,0.9992715716362,0.9988182187080383,0.9989370703697205,0
2026-01-23 02:00:00+00:00,0.9991230368614197,0.9991650581359863,0.9987914562225342,0.9988662004470825,241172480
2026-01-23 03:00:00+00:00,0.9988186359405518,0.9990569949150085,0.9986543655395508,0.9988973736763,0
2026-01-23 04:00:00+00:00,0.9988840818405151,0.9989869594573975,0.9986931085586548,0.9989869594573975,452018176
2026-01-23 05:00:00+00:00,0.998903751373291,0.9990389347076416,0.9987016320228577,0.9987415671348572,750108672
2026-01-23 06:00:00+00:00,0.9989485740661621,0.999254584312439,0.998606264591217,0.9987205266952515,1250385920
2026-01-23 07:00:00+00:00,0.9986696839332581,0.9988440275192261,0.9986021518707275,0.9987004995346069,1137598464
2026-01-23 08:00:00+00:00,0.9986890554428101,0.9990555644035339,0.9984754920005798,0.9986708760261536,1440227328
2026-01-23 09:00:00+00:00,0.9987319111824036,0.9990105032920837,0.9985640645027161,0.9985723495483398,964501504
2026-01-23 10:00:00+00:00,0.9986361861228943,0.9988310933113098,0.9984694123268127,0.9986022710800171,0
2026-01-23 11:00:00+00:00,0.9987047910690308,0.9990307092666626,0.9985841512680054,0.9986822605133057,0
2026-01-23 12:00:00+00:00,0.9987111687660217,0.9988577365875244,0.9985533356666565,0.9986359477043152,0
2026-01-23 13:00:00+00:00,0.9986016750335693,0.9989458918571472,0.9985223412513733,0.998625636100769,0
2026-01-23 14:00:00+00:00,0.9987275004386902,0.9993340373039246,0.9984503388404846,0.9987490773200989,751878144
2026-01-23 15:00:00+00:00,0.9986838698387146,0.9992179274559021,0.9985028505325317,0.9985771775245667,0
2026-01-23 16:00:00+00:00,0.9987008571624756,0.9992455840110779,0.9986757636070251,0.9987072944641113,0
2026-01-23 17:00:00+00:00,0.9987857937812805,0.9992762804031372,0.9987178444862366,0.9987761974334717,4389560320
2026-01-23 18:00:00+00:00,0.9987143278121948,0.999224066734314,0.9986829161643982,0.9988754987716675,1816297472
2026-01-23 19:00:00+00:00,0.9988721013069153,0.9992789626121521,0.9985970258712769,0.9987768530845642,1761959936
2026-01-23 20:00:00+00:00,0.9987255334854126,0.9990575909614563,0.9985904693603516,0.9986603260040283,568328192
2026-01-23 21:00:00+00:00,0.9988178014755249,0.9989244937896729,0.9985225200653076,0.9985225200653076,1289379840
2026-01-23 22:00:00+00:00,0.998772919178009,0.9991403222084045,0.9985471367835999,0.998845100402832,570048512
2026-01-23 23:00:00+00:00,0.9987049102783203,0.9989737272262573,0.9986239671707153,0.9986997842788696,0
2026-01-24 00:00:00+00:00,0.9986932873725891,0.9989089965820312,0.9985911250114441,0.9986278414726257,0
2026-01-24 01:00:00+00:00,0.9986405372619629,0.9988002181053162,0.9985186457633972,0.9985191822052002,0
2026-01-24 02:00:00+00:00,0.998633623123169,0.9987406730651855,0.9984644651412964,0.9985374212265015,0
2026-01-24 03:00:00+00:00,0.998563826084137,0.9986672401428223,0.998407781124115,0.9985659122467041,0
2026-01-24 04:00:00+00:00,0.9985376596450806,0.9987596273422241,0.9985094666481018,0.9986515641212463,0
2026-01-24 05:00:00+00:00,0.9986362457275391,0.9987690448760986,0.9985383152961731,0.9986926913261414,0
2026-01-24 06:00:00+00:00,0.9988262057304382,0.9988262057304382,0.9984135627746582,0.9984900951385498,0
2026-01-24 07:00:00+00:00,0.9984542727470398,0.9985688924789429,0.9983251690864563,0.9984444379806519,0
2026-01-24 08:00:00+00:00,0.9984525442123413,0.9985271692276001,0.9983608722686768,0.9985271692276001,0
2026-01-24 09:00:00+00:00,0.9983900785446167,0.9985380172729492,0.998350977897644,0.998430609703064,0
2026-01-24 10:00:00+00:00,0.9984085559844971,0.9985586404800415,0.9983499050140381,0.9984645247459412,0
2026-01-24 11:00:00+00:00,0.9984599947929382,0.9984989762306213,0.9983085989952087,0.9984909296035767,0
2026-01-24 12:00:00+00:00,0.9984450340270996,0.9984983205795288,0.9983224272727966,0.9984663724899292,0
2026-01-24 13:00:00+00:00,0.9984544515609741,0.9985910058021545,0.9983617663383484,0.9984802603721619,0
2026-01-24 14:00:00+00:00,0.9988545775413513,0.9988545775413513,0.9983606934547424,0.9985377788543701,0
2026-01-24 15:00:00+00:00,0.998525083065033,0.9985772967338562,0.9982932806015015,0.9984229803085327,0
2026-01-24 16:00:00+00:00,0.9984922409057617,0.9986169338226318,0.9983236789703369,0.998424232006073,0
2026-01-24 17:00:00+00:00,0.9983556866645813,0.9986868500709534,0.9982423186302185,0.9983883500099182,0
2026-01-24 18:00:00+00:00,0.998388946056366,0.9985482096672058,0.9983094334602356,0.9983950257301331,0
2026-01-24 19:00:00+00:00,0.9984462857246399,0.9985657334327698,0.998366117477417,0.9984588027000427,0
2026-01-24 20:00:00+00:00,0.9984495043754578,0.9985255002975464,0.9983454942703247,0.9984229803085327,0
2026-01-24 21:00:00+00:00,0.9984167814254761,0.998531699180603,0.9982758164405823,0.9984244704246521,0
2026-01-24 22:00:00+00:00,0.9985581040382385,0.9985581040382385,0.9983548521995544,0.9984188675880432,0
2026-01-24 23:00:00+00:00,0.9984917044639587,0.9985338449478149,0.9983364939689636,0.9984015822410583,0
2026-01-25 00:00:00+00:00,0.9984562397003174,0.998570442199707,0.9983373284339905,0.9984661936759949,0
2026-01-25 01:00:00+00:00,0.9984473586082458,0.9985120892524719,0.998277485370636,0.9984130859375,182980608
2026-01-25 02:00:00+00:00,0.9984343647956848,0.998488187789917,0.998231828212738,0.998436450958252,0
2026-01-25 03:00:00+00:00,0.9983965754508972,0.9986396431922913,0.9983924627304077,0.9985486268997192,0
2026-01-25 04:00:00+00:00,0.9984824061393738,0.9985815286636353,0.9983974695205688,0.998512327671051,47222784
2026-01-25 05:00:00+00:00,0.9984968304634094,0.998598039150238,0.9983956813812256,0.998457133769989,144154624
2026-01-25 06:00:00+00:00,0.9984700083732605,0.9988370537757874,0.9983727931976318,0.998457133769989,465416192
2026-01-25 07:00:00+00:00,0.9984385967254639,0.998569905757904,0.9983161091804504,0.9984601736068726,0
2026-01-25 08:00:00+00:00,0.9984483122825623,0.9988616108894348,0.9983408451080322,0.9984083771705627,874647552
2026-01-25 09:00:00+00:00,0.9984918236732483,0.9985653162002563,0.9983028769493103,0.9983488321304321,578334720
2026-01-25 10:00:00+00:00,0.9984397292137146,0.9986282587051392,0.9983475804328918,0.9983953237533569,1570877440
2026-01-25 11:00:00+00:00,0.9984409809112549,0.9984818696975708,0.9983272552490234,0.9984069466590881,368840704
2026-01-25 12:00:00+00:00,0.9984328150749207,0.9987440705299377,0.9983298182487488,0.9984675645828247,734732288
2026-01-25 13:00:00+00:00,0.9984714388847351,0.9986598491668701,0.9983552098274231,0.9984523057937622,626130944
2026-01-25 14:00:00+00:00,0.9984877109527588,0.9987522959709167,0.9983893036842346,0.9985155463218689,0
2026-01-25 15:00:00+00:00,0.9985922574996948,0.9986796975135803,0.9983740448951721,0.9985085129737854,0
2026-01-25 16:00:00+00:00,0.9985731840133667,0.9990648627281189,0.9983929991722107,0.9985882043838501,6139367424
2026-01-25 17:00:00+00:00,0.9985844492912292,0.9988223314285278,0.9984515309333801,0.9987084865570068,1722105856
2026-01-25 18:00:00+00:00,0.9986652135848999,0.9992791414260864,0.9984986782073975,0.9986191987991333,5147414528
2026-01-25 19:00:00+00:00,0.998629629611969,0.9992436766624451,0.9986167550086975,0.9988124966621399,6616289280
2026-01-25 20:00:00+00:00,0.9988899230957031,0.9991511106491089,0.9987192749977112,0.998994767665863,5134467072
2026-01-25 21:00:00+00:00,0.9988852143287659,0.9993202090263367,0.998818576335907,0.9989206194877625,2671403008
2026-01-25 22:00:00+00:00,0.9988998770713806,0.9994012117385864,0.9987749457359314,0.9989514350891113,2969837568
2026-01-25 23:00:00+00:00,0.9990066885948181,0.9993395805358887,0.9987999796867371,0.9989354610443115,3436355584
2026-01-26 00:00:00+00:00,0.9989959001541138,0.9991626739501953,0.9987949132919312,0.9988635778427124,2313945088
2026-01-26 01:00:00+00:00,0.9989039301872253,0.9994353652000427,0.9987708926200867,0.998786985874176,3783360512
2026-01-26 02:00:00+00:00,0.9989345669746399,0.9990317225456238,0.9985837936401367,0.9987198114395142,2780233728
2026-01-26 03:00:00+00:00,0.9986923336982727,0.9989197850227356,0.9985409379005432,0.9987264275550842,1605279744
2026-01-26 04:00:00+00:00,0.998652994632721,0.9991180300712585,0.998563826084137,0.9986806511878967,2102140928
2026-01-26 05:00:00+00:00,0.9986684918403625,0.9988631010055542,0.9986077547073364,0.9987959861755371,2242076672
2026-01-26 06:00:00+00:00,0.9987450838088989,0.9988773465156555,0.9985849857330322,0.9987030625343323,1813585920
2026-01-26 07:00:00+00:00,0.9987779259681702,0.9992290139198303,0.998662531375885,0.9987687468528748,2296127488
2026-01-26 08:00:00+00:00,0.9988346099853516,0.9990053176879883,0.9986945986747742,0.9988346099853516,1511251968
2026-01-26 09:00:00+00:00,0.998867928981781,0.9990009069442749,0.9987170100212097,0.9987975358963013,659431424
2026-01-26 10:00:00+00:00,0.998902440071106,0.9990174174308777,0.9987598657608032,0.9989486932754517,618151936
2026-01-26 11:00:00+00:00,0.9988849759101868,0.9990407824516296,0.9988213181495667,0.9988967180252075,741908480
2026-01-26 12:00:00+00:00,0.9989041090011597,0.9991241097450256,0.998776376247406,0.9989067912101746,145539072
2026-01-26 13:00:00+00:00,0.9988635182380676,0.9991846084594727,0.9988176822662354,0.9989491701126099,1546002432
2026-01-26 14:00:00+00:00,0.9990158677101135,0.9996223449707031,0.9987591505050659,0.9991005063056946,5311447040
2026-01-26 15:00:00+00:00,0.9989479780197144,0.9995372295379639,0.9987165331840515,0.9991405606269836,5871763456
2026-01-26 16:00:00+00:00,0.9989308714866638,0.9994304776191711,0.9987750053405762,0.9988846182823181,0
2026-01-26 17:00:00+00:00,0.9990605115890503,0.9993377327919006,0.9989315271377563,0.9990027546882629,423542784
2026-01-26 18:00:00+00:00,0.9989783763885498,0.9994171261787415,0.9988519549369812,0.9989913105964661,0
2026-01-26 19:00:00+00:00,0.99897301197052,0.9991913437843323,0.9988372325897217,0.9989428520202637,0
2026-01-26 20:00:00+00:00,0.9989454746246338,0.999110996723175,0.998782753944397,0.998981237411499,0
2026-01-26 21:00:00+00:00,0.998796820640564,0.9990851879119873,0.9987945556640625,0.9990118145942688,0
2026-01-26 22:00:00+00:00,0.9989174604415894,0.9992221593856812,0.9988073706626892,0.9989029765129089,0
2026-01-26 23:00:00+00:00,0.9989470839500427,0.9990774989128113,0.9987990856170654,0.9989468455314636,0
2026-01-27 00:00:00+00:00,0.9989643096923828,0.99904465675354,0.9987976551055908,0.998873233795166,0
2026-01-27 01:00:00+00:00,0.998955488204956,0.9991078972816467,0.9987713694572449,0.9989380836486816,0
2026-01-27 02:00:00+00:00,0.9989538192749023,0.9990812540054321,0.9987363219261169,0.9989755749702454,0
2026-01-27 03:00:00+00:00,0.9988214373588562,0.9989405274391174,0.9986600279808044,0.998733639717102,1383809024
2026-01-27 04:00:00+00:00,0.9987199306488037,0.9988534450531006,0.9986563920974731,0.998698353767395,0
2026-01-27 05:00:00+00:00,0.9987180233001709,0.9989286065101624,0.9985999464988708,0.9987354278564453,0
2026-01-27 06:00:00+00:00,0.9987552762031555,0.9990782737731934,0.9986402988433838,0.9987552762031555,0
2026-01-27 07:00:00+00:00,0.9987220764160156,0.9989989995956421,0.9986603260040283,0.9987196326255798,0
2026-01-27 08:00:00+00:00,0.9987043738365173,0.9988604187965393,0.9985218644142151,0.9986474514007568,0
2026-01-27 09:00:00+00:00,0.998589038848877,0.9987816214561462,0.9985101819038391,0.998629629611969,0
2026-01-27 10:00:00+00:00,0.9986076354980469,0.9987418055534363,0.9985167980194092,0.9985392689704895,350191616
2026-01-27 11:00:00+00:00,0.9986388087272644,0.9987657070159912,0.9984325766563416,0.99864661693573,0
2026-01-27 12:00:00+00:00,0.9985830187797546,0.9987537264823914,0.9984674453735352,0.99859219789505,0
2026-01-27 13:00:00+00:00,0.9986118674278259,0.9986998438835144,0.9984947443008423,0.9984947443008423,0
2026-01-27 14:00:00+00:00,0.9985624551773071,0.998909056186676,0.998455286026001,0.9985516667366028,0
2026-01-27 15:00:00+00:00,0.9985501766204834,0.999066174030304,0.99849933385849,0.9986985325813293,0
2026-01-27 16:00:00+00:00,0.9986486434936523,0.9991515874862671,0.9985119104385376,0.9988487958908081,3208978432
2026-01-27 17:00:00+00:00,0.9987539052963257,0.9990426301956177,0.9985655546188354,0.9987569451332092,1356537856
2026-01-27 18:00:00+00:00,0.9987867474555969,0.9989877343177795,0.9985480308532715,0.9987374544143677,421920768
2026-01-27 19:00:00+00:00,0.9985045790672302,0.9989662766456604,0.9985032081604004,0.9986217617988586,1498284032
2026-01-27 20:00:00+00:00,0.9986280202865601,0.9991572499275208,0.9984774589538574,0.998692512512207,2400362496
2026-01-27 21:00:00+00:00,0.9988749027252197,0.9994153380393982,0.9986474514007568,0.9987121820449829,1199120384
2026-01-27 22:00:00+00:00,0.9986255764961243,0.9990635514259338,0.998600423336029,0.9987511038780212,2117672960
2026-01-27 23:00:00+00:00,0.9986473321914673,0.9990313053131104,0.998627781867981,0.9986399412155151,788332544
2026-01-28 00:00:00+00:00,0.9986388683319092,0.998883068561554,0.9985517263412476,0.9986487030982971,0
2026-01-28 01:00:00+00:00,0.9986901879310608,0.9990530014038086,0.998497724533081,0.9986563324928284,887619584
2026-01-28 02:00:00+00:00,0.9985966086387634,0.998956024646759,0.9985224604606628,0.9985349178314209,0
2026-01-28 03:00:00+00:00,0.9985468983650208,0.998742401599884,0.9984471797943115,0.9985949993133545,0
2026-01-28 04:00:00+00:00,0.9985154867172241,0.9991216063499451,0.9984843730926514,0.9986699223518372,0
2026-01-28 05:00:00+00:00,0.9986050128936768,0.9989674091339111,0.9985135197639465,0.9985677003860474,0
2026-01-28 06:00:00+00:00,0.998471736907959,0.9987831115722656,0.9984627366065979,0.9984627366065979,307134464
2026-01-28 07:00:00+00:00,0.9985256195068359,0.998676061630249,0.9983773231506348,0.9985365867614746,0
2026-01-28 08:00:00+00:00,0.9985593557357788,0.9987298250198364,0.9984389543533325,0.9986000061035156,1057488896
2026-01-28 09:00:00+00:00,0.9985771775245667,0.9987474083900452,0.9984330534934998,0.9985727071762085,210878464
2026-01-28 10:00:00+00:00,0.9987636804580688,0.998947024345398,0.9983187317848206,0.9985890984535217,1300684800
2026-01-28 11:00:00+00:00,0.9986056089401245,0.9989612698554993,0.9984907507896423,0.9986306428909302,1257119744
2026-01-28 12:00:00+00:00,0.9986622929573059,0.998816192150116,0.9985491037368774,0.9987202286720276,1659502592
2026-01-28 13:00:00+00:00,0.9985798597335815,0.9988081455230713,0.99846351146698,0.9985816478729248,2924601344
2026-01-28 14:00:00+00:00,0.9986125826835632,0.99889075756073,0.9984385371208191,0.9985669255256653,257679360
2026-01-28 15:00:00+00:00,0.9986064434051514,0.9995354413986206,0.9985442757606506,0.9989825487136841,1304354816
2026-01-28 16:00:00+00:00,0.9988661408424377,0.9988661408424377,0.9985781311988831,0.9986099600791931,0
2026-01-28 17:00:00+00:00,0.9985547065734863,0.9989270567893982,0.9985117316246033,0.9986966252326965,0
2026-01-28 18:00:00+00:00,0.99884033203125,0.9991148710250854,0.9985443353652954,0.998688280582428,211009536
2026-01-28 19:00:00+00:00,0.9987838864326477,0.9991757273674011,0.9985699653625488,0.998719334602356,1276248064
2026-01-28 20:00:00+00:00,0.9986740350723267,0.999187707901001,0.9985350370407104,0.9985401034355164,0
2026-01-28 21:00:00+00:00,0.9991362690925598,0.9991362690925598,0.9984034895896912,0.998404860496521,0
2026-01-28 22:00:00+00:00,0.9984415173530579,0.9987037181854248,0.9983265995979309,0.9983973503112793,0
2026-01-28 23:00:00+00:00,0.9984373450279236,0.9989076256752014,0.9983986616134644,0.9989076256752014,45080576
2026-01-29 00:00:00+00:00,0.9985599517822266,0.9986521005630493,0.9983290433883667,0.9985381364822388,365805568
2026-01-29 01:00:00+00:00,0.9985116720199585,0.9991414546966553,0.9984073042869568,0.9984999895095825,277872640
2026-01-29 02:00:00+00:00,0.9985553622245789,0.998917818069458,0.9983973503112793,0.9984884858131409,2899304448
2026-01-29 03:00:00+00:00,0.9984928369522095,0.9986857175827026,0.9982715845108032,0.9985079169273376,1495998464
2026-01-29 04:00:00+00:00,0.998378336429596,0.9986496567726135,0.9983532428741455,0.9984249472618103,489553920
2026-01-29 05:00:00+00:00,0.9984157085418701,0.9987477660179138,0.9983625411987305,0.9984666705131531,61800448
2026-01-29 06:00:00+00:00,0.9985833764076233,0.9986562728881836,0.998381495475769,0.9984431862831116,0
2026-01-29 07:00:00+00:00,0.9984697699546814,0.9986427426338196,0.9983373284339905,0.998410701751709,440254464
2026-01-29 08:00:00+00:00,0.9985134601593018,0.9989230632781982,0.9982492327690125,0.9983938932418823,965754880
2026-01-29 09:00:00+00:00,0.9984067678451538,0.9990234375,0.9982627630233765,0.9984114766120911,81010688
2026-01-29 10:00:00+00:00,0.9985104203224182,0.9985690116882324,0.9982700347900391,0.9983857274055481,0
2026-01-29 11:00:00+00:00,0.99842768907547,0.9985451102256775,0.9982638955116272,0.9983803033828735,0
2026-01-29 12:00:00+00:00,0.9984349012374878,0.9985306859016418,0.9982928037643433,0.9984503984451294,0
2026-01-29 13:00:00+00:00,0.9983923435211182,0.9984760880470276,0.9982736706733704,0.9984167814254761,0
2026-01-29 14:00:00+00:00,0.998508095741272,0.9987590909004211,0.9982263445854187,0.9984054565429688,0
2026-01-29 15:00:00+00:00,0.9985623359680176,0.9987386465072632,0.9980906248092651,0.9982878565788269,13517012992
2026-01-29 16:00:00+00:00,0.9982821941375732,0.9989516735076904,0.9982782006263733,0.9984809160232544,7744937984
2026-01-29 17:00:00+00:00,0.9983636736869812,0.9987133741378784,0.9981820583343506,0.9981820583343506,4379213824
2026-01-29 18:00:00+00:00,0.9985213279724121,0.9987819790840149,0.9982061982154846,0.9982838034629822,5275181056
2026-01-29 19:00:00+00:00,0.9982967972755432,0.9984882473945618,0.9980136156082153,0.9981616735458374,2367864832
2026-01-29 20:00:00+00:00,0.9981217980384827,0.9985575675964355,0.9979031085968018,0.998112678527832,1056768000
2026-01-29 21:00:00+00:00,0.9981672763824463,0.9983775019645691,0.9980430603027344,0.9982619881629944,1563983872
2026-01-29 22:00:00+00:00,0.9983649253845215,0.9985040426254272,0.9981945753097534,0.9983847141265869,643145728
2026-01-29 23:00:00+00:00,0.9983373880386353,0.9985155463218689,0.998249888420105,0.9983519315719604,1149820928
2026-01-30 00:00:00+00:00,0.9983090162277222,0.9987565875053406,0.9983090162277222,0.998371958732605,0
2026-01-30 01:00:00+00:00,0.9983569979667664,0.998985767364502,0.9981326460838318,0.9984581470489502,9606619136
2026-01-30 02:00:00+00:00,0.9984076619148254,0.9987015128135681,0.9980111122131348,0.9983786940574646,5409685504
2026-01-30 03:00:00+00:00,0.9985467195510864,0.998730480670929,0.9982437491416931,0.9984790086746216,1239154688
2026-01-30 04:00:00+00:00,0.9983773827552795,0.9986875653266907,0.9982565641403198,0.9983229041099548,2245296128
2026-01-30 05:00:00+00:00,0.9983846545219421,0.998711109161377,0.9982348680496216,0.9983987212181091,835747840
2026-01-30 06:00:00+00:00,0.9983475208282471,0.9985969662666321,0.998258650302887,0.9984583854675293,2373386240
2026-01-30 07:00:00+00:00,0.998433530330658,0.9985306262969971,0.9981399774551392,0.9981399774551392,3156606976
2026-01-30 08:00:00+00:00,0.9982491731643677,0.9984767436981201,0.9981292486190796,0.998245358467102,169885696
2026-01-30 09:00:00+00:00,0.998295247554779,0.998573899269104,0.9982092380523682,0.9983375668525696,752271360
2026-01-30 10:00:00+00:00,0.9983730912208557,0.9985138773918152,0.9981326460838318,0.9983261227607727,1297760256
2026-01-30 11:00:00+00:00,0.9984123110771179,0.9986969232559204,0.9982417225837708,0.9983417987823486,0
2026-01-30 12:00:00+00:00,0.9983298778533936,0.9986695647239685,0.9981412291526794,0.9983054995536804,829407232
2026-01-30 13:00:00+00:00,0.9982901215553284,0.9989593625068665,0.9980322122573853,0.9983398914337158,2007105536
2026-01-30 14:00:00+00:00,0.9982654452323914,0.9986306428909302,0.9982507228851318,0.9984070658683777,3685302272
2026-01-30 15:00:00+00:00,0.9983551502227783,0.9988846182823181,0.9982770681381226,0.9985411763191223,0
2026-01-30 16:00:00+00:00,0.9985944032669067,0.9987524747848511,0.9982309341430664,0.998353898525238,0
2026-01-30 17:00:00+00:00,0.9984925389289856,0.9988312721252441,0.9982698559761047,0.9984575510025024,0
2026-01-30 18:00:00+00:00,0.9982610940933228,0.9990241527557373,0.9982610940933228,0.9988915324211121,0
2026-01-30 19:00:00+00:00,0.9983378052711487,0.9993013739585876,0.9982973337173462,0.998497486114502,1079951360
2026-01-30 20:00:00+00:00,0.9985783100128174,0.9990414977073669,0.9980792999267578,0.9982147812843323,3637821440
2026-01-30 21:00:00+00:00,0.9985908269882202,0.9987804293632507,0.9980465769767761,0.9982585310935974,487473152
2026-01-30 22:00:00+00:00,0.9983468651771545,0.9987499117851257,0.998171865940094,0.9984617829322815,407175168
2026-01-30 23:00:00+00:00,0.9985520243644714,0.9986884593963623,0.9982671141624451,0.9984283447265625,9191424
2026-01-31 00:00:00+00:00,0.9983676671981812,0.9986016750335693,0.998325765132904,0.9983536601066589,0
2026-01-31 01:00:00+00:00,0.9984856843948364,0.9985533952713013,0.9982380867004395,0.9983501434326172,0
2026-01-31 02:00:00+00:00,0.9982837438583374,0.9985252022743225,0.9982543587684631,0.998299241065979,0
2026-01-31 03:00:00+00:00,0.9983214139938354,0.9984570741653442,0.9982181787490845,0.9984148740768433,0
2026-01-31 04:00:00+00:00,0.9983989596366882,0.9985519051551819,0.9982474446296692,0.9982690811157227,0
2026-01-31 05:00:00+00:00,0.9983389377593994,0.9984794855117798,0.9981864094734192,0.9982194304466248,0
2026-01-31 06:00:00+00:00,0.9983129501342773,0.9984155893325806,0.998146116733551,0.9982286095619202,0
2026-01-31 07:00:00+00:00,0.9982143044471741,0.9984105825424194,0.9981333017349243,0.9982260465621948,0
2026-01-31 08:00:00+00:00,0.9982624053955078,0.9985600113868713,0.9981348514556885,0.9983673095703125,2635833344
2026-01-31 09:00:00+00:00,0.9983158707618713,0.9985759258270264,0.998212456703186,0.9983956217765808,0
2026-01-31 10:00:00+00:00,0.9982631802558899,0.9985651969909668,0.9981746673583984,0.9983154535293579,0
2026-01-31 11:00:00+00:00,0.9984875917434692,0.9985424876213074,0.9982275366783142,0.9985010623931885,0
2026-01-31 12:00:00+00:00,0.9982572793960571,0.9989738464355469,0.9982267022132874,0.998296320438385,0
2026-01-31 13:00:00+00:00,0.9982700347900391,0.9986181855201721,0.9981682300567627,0.9985112547874451,0
2026-01-31 14:00:00+00:00,0.998420238494873,0.9994370937347412,0.997613787651062,0.9984742999076843,8369987584
2026-01-31 15:00:00+00:00,0.9984667301177979,0.9993243217468262,0.9982814192771912,0.9983118772506714,0
2026-01-31 16:00:00+00:00,0.9983161687850952,0.9995948076248169,0.9980549812316895,0.9983296394348145,5685125120
2026-01-31 17:00:00+00:00,0.9984678626060486,1.00022292137146,0.9975348114967346,0.9986170530319214,14607949824
2026-01-31 18:00:00+00:00,0.9984844326972961,1.000631332397461,0.9972853064537048,0.9986265301704407,9680658432
2026-01-31 19:00:00+00:00,0.9987086653709412,0.9994724988937378,0.998466968536377,0.9985397458076477,2198388736
2026-01-31 20:00:00+00:00,0.9986009001731873,0.999351978302002,0.9984968900680542,0.9984968900680542,0
2026-01-31 21:00:00+00:00,0.9988341331481934,0.9994530081748962,0.9982566833496094,0.9987413883209229,2348253184
2026-01-31 22:00:00+00:00,0.9987009167671204,0.9996299147605896,0.9986154437065125,0.9993031024932861,102924288
2026-01-31 23:00:00+00:00,0.998910129070282,0.9995144009590149,0.9986031651496887,0.9988663196563721,4553736192
2026-02-01 00:00:00+00:00,0.9989398717880249,0.9994478821754456,0.9987821578979492,0.9991099238395691,2409873408
2026-02-01 01:00:00+00:00,0.9989114999771118,0.9994896650314331,0.9987441301345825,0.9988968372344971,1540784128
2026-02-01 02:00:00+00:00,0.9989169239997864,0.9996406435966492,0.9987572431564331,0.9988704323768616,885178368
2026-02-01 03:00:00+00:00,0.9991034865379333,0.9993575811386108,0.998806357383728,0.999125599861145,772292608
2026-02-01 04:00:00+00:00,0.9990155100822449,0.9991613626480103,0.9987724423408508,0.9988546967506409,1104363520
2026-02-01 05:00:00+00:00,0.9988269209861755,0.9992600679397583,0.9986822605133057,0.9988370537757874,1215086592
2026-02-01 06:00:00+00:00,0.9988316893577576,0.9993780851364136,0.9987738132476807,0.9988482594490051,806010880
2026-02-01 07:00:00+00:00,0.9988245964050293,0.9992883205413818,0.998755693435669,0.998890221118927,1188085760
2026-02-01 08:00:00+00:00,0.9987947940826416,0.9992426633834839,0.9987749457359314,0.9989732503890991,0
2026-02-01 09:00:00+00:00,0.9988635778427124,0.9991728663444519,0.9988546371459961,0.9990923404693604,0
2026-02-01 10:00:00+00:00,0.9990023374557495,0.9995130300521851,0.9988659620285034,0.9990103840827942,447332352
2026-02-01 11:00:00+00:00,0.9990148544311523,0.9994446039199829,0.9988752603530884,0.9991681575775146,2548842496
2026-02-01 12:00:00+00:00,0.9991428852081299,0.9995429515838623,0.9990866184234619,0.9991628527641296,223559680
2026-02-01 13:00:00+00:00,0.9991072416305542,0.9994625449180603,0.9989761710166931,0.9991897344589233,0
2026-02-01 14:00:00+00:00,0.9990462064743042,0.9996368885040283,0.9988314509391785,0.9994931817054749,0
2026-02-01 15:00:00+00:00,0.9994859099388123,0.9997562766075134,0.9988537430763245,0.9991235733032227,1716977664
2026-02-01 16:00:00+00:00,0.9989026784896851,0.9996022582054138,0.9987326264381409,0.9991346597671509,0
2026-02-01 17:00:00+00:00,0.9989900588989258,0.9994956254959106,0.9989457130432129,0.9991201162338257,0
2026-02-01 18:00:00+00:00,0.9991686344146729,0.9993927478790283,0.9989402890205383,0.9989768266677856,0
2026-02-01 19:00:00+00:00,0.9990641474723816,0.9994935393333435,0.9989054203033447,0.9990843534469604,0
2026-02-01 20:00:00+00:00,0.9990323781967163,0.9995908141136169,0.9986854195594788,0.998943030834198,0
2026-02-01 21:00:00+00:00,0.9989694356918335,0.9996637105941772,0.9988553524017334,0.9991028308868408,0
2026-02-01 22:00:00+00:00,0.9988574981689453,0.9995768070220947,0.9987743496894836,0.9989086985588074,804093952
2026-02-01 23:00:00+00:00,0.9989342093467712,0.9997562766075134,0.9987842440605164,0.999001145362854,6109978624
2026-02-02 00:00:00+00:00,0.9989779591560364,0.9996288418769836,0.9987922310829163,0.9991024136543274,864296960
2026-02-02 01:00:00+00:00,0.9990575313568115,0.9996698498725891,0.9987807869911194,0.999094545841217,1207820288
2026-02-02 02:00:00+00:00,0.9991737008094788,0.9993902444839478,0.9988499879837036,0.9989651441574097,898260992
2026-02-02 03:00:00+00:00,0.9988740682601929,0.999439001083374,0.9986428022384644,0.9990028738975525,11401797632
2026-02-02 04:00:00+00:00,0.9989765882492065,0.9992732405662537,0.9986904859542847,0.9988160133361816,4837752832
2026-02-02 05:00:00+00:00,0.9989357590675354,0.999514639377594,0.9986078143119812,0.9988269209861755,3766960128
2026-02-02 06:00:00+00:00,0.9990200996398926,0.9999136328697205,0.9986513257026672,0.9991958737373352,7306002432
2026-02-02 07:00:00+00:00,0.9989701509475708,0.9992082118988037,0.9985582232475281,0.9986878633499146,2874507264
2026-02-02 08:00:00+00:00,0.9987238049507141,0.9990968108177185,0.9984023571014404,0.9990584254264832,2325807104
2026-02-02 09:00:00+00:00,0.9988147020339966,0.9994302988052368,0.9986996054649353,0.9989314675331116,3009183744
2026-02-02 10:00:00+00:00,0.9988284707069397,0.9992906451225281,0.9987314939498901,0.9990034103393555,670973952
2026-02-02 11:00:00+00:00,0.9988591074943542,0.9992074966430664,0.9987959861755371,0.9988539814949036,1237090304
2026-02-02 12:00:00+00:00,0.9990498423576355,0.9993897676467896,0.9987823963165283,0.9990612268447876,1957117952
2026-02-02 13:00:00+00:00,0.9990376234054565,0.9996399879455566,0.9987988471984863,0.9993190169334412,1461780480
2026-02-02 14:00:00+00:00,0.9991660118103027,0.9999452233314514,0.9988549947738647,0.9991572499275208,2376155136
2026-02-02 15:00:00+00:00,0.9991308450698853,1.0000736713409424,0.9988483190536499,0.9994822144508362,5053743104
2026-02-02 16:00:00+00:00,0.9997817873954773,0.9999538660049438,0.9990749955177307,0.999282956123352,5112053760
2026-02-02 17:00:00+00:00,0.9992210865020752,0.999762773513794,0.9991856217384338,0.9994090795516968,2248982528
2026-02-02 18:00:00+00:00,0.9993317127227783,1.0001225471496582,0.999165952205658,0.9992259740829468,891355136
2026-02-02 19:00:00+00:00,0.999225914478302,0.9995859861373901,0.9990738034248352,0.9992263317108154,4449320960
2026-02-02 20:00:00+00:00,0.9992308020591736,0.9999650120735168,0.9990241527557373,0.999154269695282,1826734080
2026-02-02 21:00:00+00:00,0.9991372227668762,0.999479353427887,0.9990085959434509,0.9991757273674011,0
2026-02-02 22:00:00+00:00,0.9991967678070068,0.9993299245834351,0.9990163445472717,0.9991973638534546,1196310528
2026-02-02 23:00:00+00:00,0.9992205500602722,0.9992900490760803,0.998984158039093,0.9991782307624817,0
2026-02-03 00:00:00+00:00,0.999128520488739,0.9995009303092957,0.9989290833473206,0.9992591142654419,0
2026-02-03 01:00:00+00:00,0.9991073608398438,0.9993197917938232,0.9988915920257568,0.9990105628967285,130170880
2026-02-03 02:00:00+00:00,0.9990695714950562,0.999693751335144,0.9989213347434998,0.9991571307182312,0
2026-02-03 03:00:00+00:00,0.9989975094795227,0.9994839429855347,0.9988746047019958,0.9990897178649902,0
2026-02-03 04:00:00+00:00,0.9992182850837708,0.9996376633644104,0.9989131093025208,0.99900221824646,0
2026-02-03 05:00:00+00:00,0.9990668892860413,0.9993818402290344,0.9989702701568604,0.9989705085754395,0
2026-02-03 06:00:00+00:00,0.9989591240882874,0.9995782375335693,0.9988741278648376,0.9990394711494446,0
2026-02-03 07:00:00+00:00,0.9991428852081299,0.9994725584983826,0.9989327192306519,0.9991946816444397,0
2026-02-03 08:00:00+00:00,0.9990153312683105,0.9993825554847717,0.9989314675331116,0.9991475343704224,0
2026-02-03 09:00:00+00:00,0.9991568326950073,1.0001057386398315,0.9988164305686951,0.9991039037704468,0
2026-02-03 10:00:00+00:00,0.9990859031677246,0.9993355870246887,0.9989423155784607,0.9990924596786499,0
2026-02-03 11:00:00+00:00,0.999129056930542,0.999673068523407,0.9987970590591431,0.998954176902771,0
2026-02-03 12:00:00+00:00,0.9990391731262207,0.9992111325263977,0.9988999366760254,0.998971164226532,0
2026-02-03 13:00:00+00:00,0.9988502860069275,0.999187707901001,0.9988502860069275,0.9988519549369812,0
2026-02-03 14:00:00+00:00,0.9988937377929688,0.9999998807907104,0.9987673759460449,0.9993093609809875,0
2026-02-03 15:00:00+00:00,0.9991230964660645,0.9994747042655945,0.9987494349479675,0.9991574287414551,0
2026-02-03 16:00:00+00:00,0.9991626143455505,0.9999473094940186,0.9988921880722046,0.9990711212158203,1410187264
2026-02-03 17:00:00+00:00,0.9992867112159729,0.9997318387031555,0.9987425804138184,0.9988270998001099,3991552000
2026-02-03 18:00:00+00:00,0.9991452693939209,0.9998471736907959,0.998449981212616,0.9988356232643127,11262754816
2026-02-03 19:00:00+00:00,0.9989302158355713,0.9994718432426453,0.9985511302947998,0.9987974166870117,7261880320
2026-02-03 20:00:00+00:00,0.9987706542015076,0.9991218447685242,0.9984069466590881,0.9987315535545349,6441222144
2026-02-03 21:00:00+00:00,0.9988453984260559,0.9996582269668579,0.9984793663024902,0.99868243932724,3184844800
2026-02-03 22:00:00+00:00,0.9987492561340332,0.9992237687110901,0.9984439611434937,0.9987131953239441,1800044544
2026-02-03 23:00:00+00:00,0.9986702799797058,0.9989509582519531,0.9984375834465027,0.998622715473175,1121910784
2026-02-04 00:00:00+00:00,0.998491644859314,0.9991658926010132,0.9983694553375244,0.9987239837646484,89227264
2026-02-04 01:00:00+00:00,0.9986430406570435,0.9990196824073792,0.9984716176986694,0.9985969066619873,865435648
2026-02-04 02:00:00+00:00,0.9985025525093079,0.9990088939666748,0.9983634352684021,0.998604953289032,0
2026-02-04 03:00:00+00:00,0.9983662962913513,0.9989050626754761,0.9983662962913513,0.9986487627029419,42532864
2026-02-04 04:00:00+00:00,0.9987050294876099,0.9989346265792847,0.9985982179641724,0.9988066554069519,0
2026-02-04 05:00:00+00:00,0.9987701773643494,0.9990060329437256,0.9985710382461548,0.9987555146217346,116604928
2026-02-04 06:00:00+00:00,0.9988330006599426,0.9989809989929199,0.998457133769989,0.9987605810165405,0
2026-02-04 07:00:00+00:00,0.9986487627029419,0.9996867775917053,0.9985308647155762,0.9986329078674316,0
2026-02-04 08:00:00+00:00,0.9986271858215332,0.9989684820175171,0.9984994530677795,0.9985928535461426,0
2026-02-04 09:00:00+00:00,0.9986115097999573,0.9987797737121582,0.9983071088790894,0.9984251260757446,0
2026-02-04 10:00:00+00:00,0.9983278512954712,0.9986184239387512,0.9983278512954712,0.9984346628189087,0
2026-02-04 11:00:00+00:00,0.9985143542289734,0.9994197487831116,0.9982854723930359,0.9985092878341675,2420465664
2026-02-04 12:00:00+00:00,0.9989192485809326,0.9991592764854431,0.9984117746353149,0.9984911680221558,0
2026-02-04 13:00:00+00:00,0.9984678626060486,0.9987421631813049,0.9982025623321533,0.9983882308006287,3356049408
2026-02-04 14:00:00+00:00,0.9983945488929749,0.999591052532196,0.9981594085693359,0.9986231923103333,2247557120
2026-02-04 15:00:00+00:00,0.9984963536262512,0.9991575479507446,0.9981091022491455,0.9985673427581787,2839035904
2026-02-04 16:00:00+00:00,0.9986242055892944,0.9989742040634155,0.9982163906097412,0.9982333779335022,582189056
2026-02-04 17:00:00+00:00,0.9981010556221008,0.9988576173782349,0.9977205395698547,0.9980038404464722,872857600
2026-02-04 18:00:00+00:00,0.9977726936340332,0.998891294002533,0.9974207878112793,0.9978524446487427,0
2026-02-04 19:00:00+00:00,0.9976513385772705,0.9986923336982727,0.9976513385772705,0.9978618621826172,0
2026-02-04 20:00:00+00:00,0.9979475736618042,0.9982718229293823,0.997703492641449,0.9978446364402771,0
2026-02-04 21:00:00+00:00,0.9978533387184143,0.9980374574661255,0.9975509643554688,0.9977933168411255,0
2026-02-04 22:00:00+00:00,0.9977824687957764,0.9989219307899475,0.9974044561386108,0.9977279901504517,1434861568
2026-02-04 23:00:00+00:00,0.9978394508361816,0.999030351638794,0.9976451396942139,0.9978797435760498,1117634560
2026-02-05 00:00:00+00:00,0.9978145360946655,0.9981183409690857,0.9974807500839233,0.997890055179596,0
2026-02-05 01:00:00+00:00,0.9979561567306519,0.9981630444526672,0.9972869753837585,0.9973975419998169,2549268480
2026-02-05 02:00:00+00:00,0.9974632263183594,0.9983448386192322,0.9972034096717834,0.9978944659233093,3099344896
2026-02-05 03:00:00+00:00,0.9979314208030701,0.9988550543785095,0.9976358413696289,0.9982486367225647,3311501312
2026-02-05 04:00:00+00:00,0.9981356263160706,0.9985249042510986,0.9978412985801697,0.9979711771011353,5401329664
2026-02-05 05:00:00+00:00,0.9979220628738403,0.9989413619041443,0.9978002905845642,0.9979515075683594,5099061248
2026-02-05 06:00:00+00:00,0.9979315400123596,0.9983285069465637,0.9977845549583435,0.998015820980072,2987196416
2026-02-05 07:00:00+00:00,0.9981043934822083,0.9998608231544495,0.9976801872253418,0.9977139234542847,353615872
2026-02-05 08:00:00+00:00,0.9977383017539978,0.9985088109970093,0.9975275993347168,0.9980297088623047,3176366080
2026-02-05 09:00:00+00:00,0.9979299306869507,0.9983497262001038,0.997662365436554,0.998209536075592,1263288320
2026-02-05 10:00:00+00:00,0.9980925917625427,0.9988607168197632,0.9979864358901978,0.998124361038208,2867265536
2026-02-05 11:00:00+00:00,0.9981380701065063,0.9991388916969299,0.9980124831199646,0.9982750415802002,3309879296
2026-02-05 12:00:00+00:00,0.9982557892799377,0.9990988373756409,0.9980270862579346,0.9981867074966431,2573058048
2026-02-05 13:00:00+00:00,0.9981678128242493,0.9984620809555054,0.9977993369102478,0.9980770945549011,1655472128
2026-02-05 14:00:00+00:00,0.9981370568275452,0.9992777109146118,0.9980169534683228,0.998639702796936,974979072
2026-02-05 15:00:00+00:00,0.998455822467804,0.9987358450889587,0.997858464717865,0.9981076717376709,11371692032
2026-02-05 16:00:00+00:00,0.9982398748397827,0.9988055229187012,0.9977653622627258,0.9981528520584106,1229553664
2026-02-05 17:00:00+00:00,0.9981443881988525,0.9988681077957153,0.9978095889091492,0.9980387091636658,3280388096
2026-02-05 18:00:00+00:00,0.9980767965316772,0.998806357383728,0.9975225329399109,0.9979122281074524,0
2026-02-05 19:00:00+00:00,0.9978927969932556,0.9986480474472046,0.997563898563385,0.9981807470321655,3238346752
2026-02-05 20:00:00+00:00,0.9978432059288025,0.9988051056861877,0.9976502060890198,0.9979239702224731,13805633536
2026-02-05 21:00:00+00:00,0.9978546500205994,0.9987732768058777,0.9976933002471924,0.9976933002471924,8286683136
2026-02-05 22:00:00+00:00,0.9979275465011597,0.9986741542816162,0.9977693557739258,0.9981957674026489,5416124416
2026-02-05 23:00:00+00:00,0.9981833100318909,0.998703122138977,0.998021125793457,0.9983342289924622,2151038976
2026-02-06 00:00:00+00:00,0.9980838894844055,1.0001481771469116,0.9976163506507874,0.9985899329185486,24870780928
2026-02-06 01:00:00+00:00,0.9986948370933533,0.9996899962425232,0.9983734488487244,0.9987911581993103,7489945600
2026-02-06 02:00:00+00:00,0.9987099766731262,0.9995232820510864,0.9984089732170105,0.9989420771598816,2652356608
2026-02-06 03:00:00+00:00,0.9988558888435364,0.999931812286377,0.9985210299491882,0.9988629817962646,0
2026-02-06 04:00:00+00:00,0.9989253282546997,0.9995574355125427,0.9986992478370667,0.9987659454345703,0
2026-02-06 05:00:00+00:00,0.9987843036651611,1.000521183013916,0.9986116886138916,0.9988189935684204,0
2026-02-06 06:00:00+00:00,0.9988090991973877,0.9994423985481262,0.9985974431037903,0.9988343715667725,2015625216
2026-02-06 07:00:00+00:00,0.9987542033195496,0.9996136426925659,0.9985947012901306,0.9986955523490906,3715678208
2026-02-06 08:00:00+00:00,0.9987100958824158,0.9997520446777344,0.9984396696090698,0.9987004399299622,2272673792
2026-02-06 09:00:00+00:00,0.9987177848815918,0.9992942214012146,0.9985102415084839,0.999077320098877,2403057664
2026-02-06 10:00:00+00:00,0.9986447691917419,0.999049723148346,0.9984192848205566,0.9986438155174255,1768095744
2026-02-06 11:00:00+00:00,0.9986507892608643,0.9993181228637695,0.9985461831092834,0.9986860156059265,0
2026-02-06 12:00:00+00:00,0.9985823631286621,0.9990753531455994,0.9985598921775818,0.9987310767173767,0
2026-02-06 13:00:00+00:00,0.9989290237426758,0.9995734095573425,0.9986221194267273,0.9990537166595459,3829760000
2026-02-06 14:00:00+00:00,0.9989081025123596,1.0003187656402588,0.9988045692443848,0.9993321299552917,1899053056
2026-02-06 15:00:00+00:00,0.9997270107269287,1.0001260042190552,0.9990038871765137,0.9999130964279175,0
2026-02-06 16:00:00+00:00,0.9997605085372925,1.0004544258117676,0.9994723200798035,0.9997384548187256,0
2026-02-06 17:00:00+00:00,0.9997156262397766,1.0002564191818237,0.9994377493858337,0.9995251297950745,2704375808
2026-02-06 18:00:00+00:00,0.9995425343513489,1.000072717666626,0.9990629553794861,0.9990629553794861,0
2026-02-06 19:00:00+00:00,0.999165415763855,0.9996905326843262,0.9989156723022461,0.9992842078208923,0
2026-02-06 20:00:00+00:00,0.99913090467453,0.9998998641967773,0.9989880323410034,0.9993118047714233,0
2026-02-06 21:00:00+00:00,0.9993487000465393,0.9998018741607666,0.9991047978401184,0.9994484782218933,0
2026-02-06 22:00:00+00:00,0.9991883039474487,0.9995643496513367,0.9990140199661255,0.9993767142295837,0
2026-02-06 23:00:00+00:00,0.9994388818740845,0.9996960163116455,0.9990978240966797,0.9992302060127258,0
2026-02-07 00:00:00+00:00,0.9992004036903381,0.9997855424880981,0.9991455674171448,0.9994301795959473,0
2026-02-07 01:00:00+00:00,0.9993383884429932,0.9998608231544495,0.9992918372154236,0.9994457960128784,0
2026-02-07 02:00:00+00:00,0.9994444847106934,1.0002635717391968,0.9993346333503723,0.9994577169418335,0
2026-02-07 03:00:00+00:00,0.9995920062065125,0.9998347163200378,0.9993002414703369,0.9995327591896057,0
2026-02-07 04:00:00+00:00,0.9994170069694519,0.9999603629112244,0.9993532299995422,0.9997096061706543,0
2026-02-07 05:00:00+00:00,0.9995360970497131,0.9999407529830933,0.9992865920066833,0.9994643926620483,0
2026-02-07 06:00:00+00:00,0.9993621706962585,0.9998911023139954,0.9992351531982422,0.9995144009590149,0
2026-02-07 07:00:00+00:00,0.999612033367157,1.000281810760498,0.9992043375968933,0.999421238899231,3721625600
2026-02-07 08:00:00+00:00,0.9993793368339539,1.0000219345092773,0.9992843866348267,0.999457061290741,0
2026-02-07 09:00:00+00:00,0.9995173215866089,0.999738335609436,0.9992585182189941,0.9992680549621582,0
2026-02-07 10:00:00+00:00,0.9994254112243652,0.9998307824134827,0.9992192387580872,0.9992821216583252,0
2026-02-07 11:00:00+00:00,0.9993858933448792,0.9997571110725403,0.9990432858467102,0.9996757507324219,0
2026-02-07 12:00:00+00:00,0.9992215633392334,0.999527633190155,0.9988113641738892,0.9989608526229858,2926690304
2026-02-07 13:00:00+00:00,0.999286949634552,0.999286949634552,0.9989069700241089,0.9990259408950806,0
2026-02-07 14:00:00+00:00,0.9987806081771851,0.9998181462287903,0.9987806081771851,0.9990930557250977,0
2026-02-07 15:00:00+00:00,0.9990244507789612,0.9994487166404724,0.9986916780471802,0.9991263151168823,0
2026-02-07 16:00:00+00:00,0.9991344809532166,1.0000653266906738,0.9988830089569092,0.9991891384124756,7966507008
2026-02-07 17:00:00+00:00,0.9994552731513977,0.9997321963310242,0.9991060495376587,0.9993144869804382,0
2026-02-07 18:00:00+00:00,0.9991251230239868,0.9998044967651367,0.9991251230239868,0.9992651343345642,0
2026-02-07 19:00:00+00:00,0.9992195963859558,0.9995821714401245,0.9990203380584717,0.9993489980697632,0
2026-02-07 20:00:00+00:00,0.9998032450675964,0.9998394846916199,0.9990623593330383,0.9997577667236328,0
2026-02-07 21:00:00+00:00,0.9992616772651672,0.999886155128479,0.999214768409729,0.9994360208511353,0
2026-02-07 22:00:00+00:00,0.9994760751724243,0.9999311566352844,0.9991577863693237,0.9993588328361511,0
2026-02-07 23:00:00+00:00,0.9994364976882935,0.9996309876441956,0.9991961121559143,0.9993487596511841,0
2026-02-08 00:00:00+00:00,0.999615490436554,0.9999036192893982,0.9991196393966675,0.999356210231781,0
2026-02-08 01:00:00+00:00,0.9993692636489868,0.9996206164360046,0.99918532371521,0.9993788599967957,0
2026-02-08 02:00:00+00:00,0.9994494318962097,0.9995314478874207,0.9991602301597595,0.999302864074707,0
2026-02-08 03:00:00+00:00,0.9993517398834229,0.999558687210083,0.9991869926452637,0.9991945028305054,0
2026-02-08 04:00:00+00:00,0.9993285536766052,0.9995408058166504,0.999191403388977,0.9992954134941101,0
2026-02-08 05:00:00+00:00,0.9992265105247498,0.9996017813682556,0.9991726875305176,0.9992855191230774,0
2026-02-08 06:00:00+00:00,0.9992036819458008,0.9995269775390625,0.9991818070411682,0.9992198944091797,0
2026-02-08 07:00:00+00:00,0.9991866946220398,0.9994733333587646,0.9991011619567871,0.9993363618850708,0
2026-02-08 08:00:00+00:00,0.9993025660514832,0.9998919367790222,0.9990587830543518,0.9991863965988159,0
2026-02-08 09:00:00+00:00,0.9991536140441895,0.999699056148529,0.9990205764770508,0.9991378784179688,0
2026-02-08 10:00:00+00:00,0.9993752241134644,0.9993752241134644,0.9990142583847046,0.9992783665657043,0
2026-02-08 11:00:00+00:00,0.9991188645362854,0.9997790455818176,0.9991188645362854,0.9992867708206177,0
2026-02-08 12:00:00+00:00,0.999301016330719,0.9996625781059265,0.9990198016166687,0.9991721510887146,0
2026-02-08 13:00:00+00:00,0.9991233348846436,0.9998262524604797,0.999062716960907,0.9994059801101685,0
2026-02-08 14:00:00+00:00,0.9992769956588745,0.9995350241661072,0.9990620613098145,0.9992995262145996,0
2026-02-08 15:00:00+00:00,0.9992450475692749,0.9997657537460327,0.9991239309310913,0.9992223381996155,0
2026-02-08 16:00:00+00:00,0.999254584312439,0.9998872876167297,0.9991827011108398,0.9993708729743958,0
2026-02-08 17:00:00+00:00,0.9993462562561035,0.999772846698761,0.9991541504859924,0.9993220567703247,0
2026-02-08 18:00:00+00:00,0.9992789626121521,0.9996834993362427,0.9991688132286072,0.9993280172348022,0
2026-02-08 19:00:00+00:00,0.9992604851722717,0.9996439218521118,0.9991787672042847,0.9993204474449158,0
2026-02-08 20:00:00+00:00,0.9995939135551453,0.9997990131378174,0.9992781281471252,0.9993217587471008,293593088
2026-02-08 21:00:00+00:00,0.9994142055511475,0.9998847842216492,0.9992209076881409,0.9997953772544861,0
2026-02-08 22:00:00+00:00,0.9997243881225586,0.9997745156288147,0.9992774724960327,0.9994813203811646,0
2026-02-08 23:00:00+00:00,0.9993892908096313,1.000182032585144,0.9992406368255615,0.9994234442710876,3740844032
2026-02-09 00:00:00+00:00,0.9994274377822876,0.9998571276664734,0.9989767074584961,0.9995388388633728,397172736
2026-02-09 01:00:00+00:00,0.9993388056755066,0.9999215602874756,0.9991462230682373,0.9994012713432312,1663557632
2026-02-09 02:00:00+00:00,0.999323308467865,0.9998049139976501,0.9992504119873047,0.9995620846748352,566001664
2026-02-09 03:00:00+00:00,0.9991371035575867,0.9995959401130676,0.9991371035575867,0.9992640614509583,1436426240
2026-02-09 04:00:00+00:00,0.9992312788963318,0.9995958805084229,0.9991514086723328,0.9992049932479858,349036544
2026-02-09 05:00:00+00:00,0.9993333220481873,0.999504566192627,0.9991556406021118,0.9992677569389343,0
2026-02-09 06:00:00+00:00,0.9993438124656677,0.9997124671936035,0.9991637468338013,0.9993205666542053,2131107840
2026-02-09 07:00:00+00:00,0.9992680549621582,0.9998803734779358,0.9990602731704712,0.9993410110473633,944857088
2026-02-09 08:00:00+00:00,0.9990786910057068,0.9996506571769714,0.9990319609642029,0.9991589188575745,0
2026-02-09 09:00:00+00:00,0.9992296099662781,0.9996639490127563,0.9989916086196899,0.9990100860595703,66322432
2026-02-09 10:00:00+00:00,0.9990973472595215,0.9997386932373047,0.9989391565322876,0.9990230202674866,2185289728
2026-02-09 11:00:00+00:00,0.9989745020866394,0.9991753101348877,0.9989084601402283,0.9990322589874268,0
2026-02-09 12:00:00+00:00,0.9990036487579346,0.9995671510696411,0.9989417195320129,0.9990109205245972,115032064
2026-02-09 13:00:00+00:00,0.9991480708122253,0.9999537467956543,0.9989599585533142,0.9991899728775024,0
2026-02-09 14:00:00+00:00,0.9992218017578125,0.9999300241470337,0.9989825487136841,0.999561071395874,4247822336
2026-02-09 15:00:00+00:00,0.999485433101654,0.9999021887779236,0.9993066787719727,0.9995149970054626,1255505920
2026-02-09 16:00:00+00:00,0.9995782971382141,1.0000019073486328,0.9992261528968811,0.9995572566986084,1822744576
2026-02-09 17:00:00+00:00,0.9993566274642944,0.9998624324798584,0.9992196559906006,0.9994566440582275,3565690880
2026-02-09 18:00:00+00:00,0.9994226694107056,0.9999997019767761,0.9991703629493713,0.999370813369751,2010980352
2026-02-09 19:00:00+00:00,0.9995265007019043,0.9999776482582092,0.9993515610694885,0.9994675517082214,72941568
2026-02-09 20:00:00+00:00,0.999354898929596,0.9998868703842163,0.9993155598640442,0.999478280544281,2614222848
2026-02-09 21:00:00+00:00,0.9995293021202087,0.9997080564498901,0.9993517994880676,0.9994345903396606,2759499776
2026-02-09 22:00:00+00:00,0.9997292757034302,0.9998441338539124,0.9992733597755432,0.9994458556175232,1121656832
2026-02-09 23:00:00+00:00,0.9994753003120422,0.9998877644538879,0.9992819428443909,0.9997125864028931,0
2026-02-10 00:00:00+00:00,0.9995467066764832,0.9999187588691711,0.9993684887886047,0.9995325803756714,0
2026-02-10 01:00:00+00:00,0.9994315505027771,1.0000721216201782,0.9993525147438049,0.9995052814483643,0
2026-02-10 02:00:00+00:00,0.9994462728500366,0.9999747276306152,0.9992676377296448,0.9993639588356018,0
2026-02-10 03:00:00+00:00,0.9993788599967957,0.999785304069519,0.9991580843925476,0.9992914795875549,542113792
2026-02-10 04:00:00+00:00,0.9992617964744568,0.9995570778846741,0.9991662502288818,0.999394953250885,0
2026-02-10 05:00:00+00:00,0.9993067979812622,0.9995567798614502,0.9991887211799622,0.9993489384651184,473251840
2026-02-10 06:00:00+00:00,0.9993080496788025,0.9996923804283142,0.9991819262504578,0.9993590712547302,2693259264
2026-02-10 07:00:00+00:00,0.9993111491203308,0.9994919300079346,0.9989883303642273,0.9991337060928345,1070276608
2026-02-10 08:00:00+00:00,0.9992212057113647,0.9997444748878479,0.9989168047904968,0.999153733253479,0
2026-02-10 09:00:00+00:00,0.9991496205329895,0.9993804097175598,0.9988815188407898,0.9991180300712585,344899584
2026-02-10 10:00:00+00:00,0.9990297555923462,0.9992873668670654,0.9989635944366455,0.9992169141769409,0
2026-02-10 11:00:00+00:00,0.9991661906242371,0.9993870854377747,0.9989762306213379,0.9991568922996521,0
2026-02-10 12:00:00+00:00,0.9990422129631042,0.9995301365852356,0.9990242719650269,0.9992027878761292,246390784
2026-02-10 13:00:00+00:00,0.9990833401679993,0.9995884895324707,0.9990457892417908,0.9993199706077576,340844544
2026-02-10 14:00:00+00:00,0.9992782473564148,0.9997285604476929,0.9990735650062561,0.9992353320121765,0
2026-02-10 15:00:00+00:00,0.9995772838592529,0.9998611807823181,0.9991635084152222,0.999320924282074,0
2026-02-10 16:00:00+00:00,0.9995856881141663,1.0001832246780396,0.9995629787445068,0.999576985836029,0
2026-02-10 17:00:00+00:00,0.9996880888938904,1.0000150203704834,0.9995084404945374,0.9995881915092468,0
2026-02-10 18:00:00+00:00,0.9999143481254578,1.0000797510147095,0.999373733997345,0.9994052648544312,0
2026-02-10 19:00:00+00:00,0.9996213316917419,0.9999640583992004,0.9993481636047363,0.9994227290153503,0
2026-02-10 20:00:00+00:00,0.9994913339614868,0.9997553825378418,0.999383270740509,0.9995689392089844,0
2026-02-10 21:00:00+00:00,0.9994808435440063,0.9997097849845886,0.9993159770965576,0.999386727809906,0
2026-02-10 22:00:00+00:00,0.9993947744369507,0.9998922348022461,0.9992653727531433,0.9994292259216309,0
2026-02-10 23:00:00+00:00,0.9996508955955505,0.9998295903205872,0.9992979168891907,0.9994287490844727,0
2026-02-11 00:00:00+00:00,0.9994223117828369,0.9996175765991211,0.999262273311615,0.9993963837623596,898170880
2026-02-11 01:00:00+00:00,0.9994206428527832,0.9996262192726135,0.999214768409729,0.9994036555290222,0
2026-02-11 02:00:00+00:00,0.9993718266487122,0.9997202157974243,0.9992284178733826,0.999350368976593,0
2026-02-11 03:00:00+00:00,0.9994640946388245,1.0001044273376465,0.9992053508758545,0.9992979764938354,0
2026-02-11 04:00:00+00:00,0.9992163181304932,0.9998205304145813,0.9992163181304932,0.9992756843566895,1473806336
2026-02-11 05:00:00+00:00,0.9993714094161987,0.9997524619102478,0.9991683959960938,0.9994103312492371,193724416
2026-02-11 06:00:00+00:00,0.9995309710502625,1.000038981437683,0.9990156292915344,0.9992467164993286,0
2026-02-11 07:00:00+00:00,0.9993849396705627,0.9995284676551819,0.9991717338562012,0.9991717338562012,0
2026-02-11 08:00:00+00:00,0.9993817806243896,0.9997144937515259,0.9992863535881042,0.999460756778717,0
2026-02-11 09:00:00+00:00,0.9995720386505127,0.9997419118881226,0.9993581175804138,0.9994828701019287,0
2026-02-11 10:00:00+00:00,0.9994537234306335,0.9996892213821411,0.9992585778236389,0.9994756579399109,854589440
2026-02-11 11:00:00+00:00,0.9994068145751953,0.99969083070755,0.9992775321006775,0.9994261860847473,461725696
2026-02-11 12:00:00+00:00,0.9994343519210815,1.0000889301300049,0.9992865324020386,0.9995403289794922,591044608
2026-02-11 13:00:00+00:00,0.9993970394134521,0.9999966621398926,0.9993202686309814,0.9998061656951904,1487183872
2026-02-11 14:00:00+00:00,0.9995518922805786,1.000473141670227,0.9993564486503601,0.9995462894439697,2252619776
2026-02-11 15:00:00+00:00,0.9994533061981201,1.0003502368927002,0.9993936419487,0.9996973872184753,3479789568
2026-02-11 16:00:00+00:00,0.9993149042129517,1.0001252889633179,0.9992360472679138,0.9995667338371277,861659136
2026-02-11 17:00:00+00:00,0.9994382858276367,1.0000272989273071,0.9992579221725464,0.9993870258331299,943759360
2026-02-11 18:00:00+00:00,0.9994788765907288,0.9997743964195251,0.9992313981056213,0.9994642734527588,0
2026-02-11 19:00:00+00:00,0.9993805289268494,0.9998976588249207,0.9986960291862488,0.9992791414260864,1115979776
2026-02-11 20:00:00+00:00,0.9994719624519348,0.9997571706771851,0.9990738034248352,0.9992213845252991,230285312
2026-02-11 21:00:00+00:00,0.9996634125709534,0.9996894598007202,0.9991263747215271,0.9992685317993164,3720749056
2026-02-11 22:00:00+00:00,0.9992730617523193,0.9995010495185852,0.9991620779037476,0.9992763996124268,0
2026-02-11 23:00:00+00:00,0.9990967512130737,0.9997269511222839,0.9990967512130737,0.9993386268615723,967770112
2026-02-12 00:00:00+00:00,0.9993142485618591,0.9997367262840271,0.9991247653961182,0.9994698762893677,1466966016
2026-02-12 01:00:00+00:00,0.9994160532951355,0.9996427297592163,0.9992105960845947,0.999355137348175,591560704
2026-02-12 02:00:00+00:00,0.9993907809257507,0.9995828866958618,0.9991461634635925,0.999278724193573,0
2026-02-12 03:00:00+00:00,0.9992879033088684,0.9998201131820679,0.9991585612297058,0.9993337988853455,102096896
2026-02-12 04:00:00+00:00,0.9993849992752075,0.9994832277297974,0.999106228351593,0.9994145631790161,0
2026-02-12 05:00:00+00:00,0.9994218349456787,0.9996687769889832,0.9991333484649658,0.9992193579673767,24313856
2026-02-12 06:00:00+00:00,0.9992789030075073,0.9994052052497864,0.9991148710250854,0.9991148710250854,0
2026-02-12 07:00:00+00:00,0.9992401003837585,0.9996570944786072,0.999143123626709,0.9993113279342651,0
2026-02-12 08:00:00+00:00,0.9995335936546326,0.9997473955154419,0.9991492033004761,0.9992895126342773,0
2026-02-12 09:00:00+00:00,0.9992972016334534,0.9998816847801208,0.9991788268089294,0.9993698596954346,327196672
2026-02-12 10:00:00+00:00,0.9993242621421814,0.9995080232620239,0.9992113709449768,0.9993810057640076,0
2026-02-12 11:00:00+00:00,0.9993650913238525,0.9996780157089233,0.9992305040359497,0.9994716644287109,657850368
2026-02-12 12:00:00+00:00,0.9994630813598633,0.9999139308929443,0.9994415044784546,0.999580442905426,0
2026-02-12 13:00:00+00:00,0.9995495676994324,1.00006902217865,0.9993806481361389,0.9995328187942505,0
2026-02-12 14:00:00+00:00,0.9995071887969971,1.0001091957092285,0.9993830323219299,0.9995700716972351,0
2026-02-12 15:00:00+00:00,0.9996460676193237,1.000170111656189,0.9994006752967834,0.9995625615119934,0
2026-02-12 16:00:00+00:00,0.9995303750038147,0.9999678730964661,0.999258279800415,0.999571681022644,1495326720
2026-02-12 17:00:00+00:00,0.9994961619377136,0.999920129776001,0.9991053342819214,0.9993762969970703,1860149248
2026-02-12 18:00:00+00:00,0.9994149804115295,0.9998101592063904,0.9992157816886902,0.9993143677711487,1064583168
2026-02-12 19:00:00+00:00,0.9992879629135132,0.9998704195022583,0.999058723449707,0.999334990978241,220758016
2026-02-12 20:00:00+00:00,0.999208927154541,0.9997256398200989,0.9989230632781982,0.999068021774292,454230016
2026-02-12 21:00:00+00:00,0.9989439249038696,0.9995248913764954,0.9989023208618164,0.9992245435714722,0
2026-02-12 22:00:00+00:00,0.9991748929023743,0.9995256662368774,0.999038577079773,0.9992902278900146,0
2026-02-12 23:00:00+00:00,0.9993048906326294,0.9994223713874817,0.9990566968917847,0.9991999268531799,946569216
2026-02-13 00:00:00+00:00,0.9991300106048584,0.9994179010391235,0.9990013241767883,0.9991686344146729,0
2026-02-13 01:00:00+00:00,0.9995020627975464,0.9995164275169373,0.9990536570549011,0.9991734623908997,0
2026-02-13 02:00:00+00:00,0.9990622401237488,0.9993971586227417,0.9989228248596191,0.9991431832313538,0
2026-02-13 03:00:00+00:00,0.9992130398750305,0.9994218945503235,0.9990124702453613,0.9991568326950073,910884864
2026-02-13 04:00:00+00:00,0.9992148876190186,0.9993284940719604,0.9989655017852783,0.9992290139198303,0
2026-02-13 05:00:00+00:00,0.9991006851196289,0.999323844909668,0.9990369081497192,0.9992028474807739,0
2026-02-13 06:00:00+00:00,0.9991841316223145,0.9993895292282104,0.9990963339805603,0.9993895292282104,0
2026-02-13 07:00:00+00:00,0.999261200428009,0.9995074272155762,0.9990940093994141,0.9991097450256348,478699520
2026-02-13 08:00:00+00:00,0.9991220235824585,0.9995255470275879,0.9990233182907104,0.9992926120758057,0
2026-02-13 09:00:00+00:00,0.9991729855537415,0.9996071457862854,0.9990258812904358,0.9992427825927734,0
2026-02-13 10:00:00+00:00,0.9992069602012634,0.999474048614502,0.9990108013153076,0.9992303252220154,0
2026-02-13 11:00:00+00:00,0.9991534352302551,0.9994539022445679,0.9990888237953186,0.9992331266403198,0
2026-02-13 12:00:00+00:00,0.9992043972015381,0.9996769428253174,0.999083936214447,0.9992522597312927,0
2026-02-13 13:00:00+00:00,0.9992614388465881,1.0001640319824219,0.9990670680999756,0.9991767406463623,417144832
2026-02-13 14:00:00+00:00,0.9992307424545288,0.9999907612800598,0.9991039037704468,0.9994696378707886,969023488
2026-02-13 15:00:00+00:00,0.9994127750396729,1.0001473426818848,0.999295711517334,0.9994995594024658,3524067328
2026-02-13 16:00:00+00:00,0.9993951320648193,1.0001187324523926,0.9988804459571838,0.9992803931236267,0
2026-02-13 17:00:00+00:00,0.9994709491729736,0.9996187090873718,0.9991978406906128,0.9993438124656677,0
2026-02-13 18:00:00+00:00,0.9993177056312561,0.999934196472168,0.9992222189903259,0.9995297193527222,0
2026-02-13 19:00:00+00:00,0.9996182918548584,0.9998944401741028,0.9992906451225281,0.9992906451225281,0
2026-02-13 20:00:00+00:00,0.9995757937431335,0.9998325705528259,0.9993516206741333,0.9996687173843384,0
2026-02-13 21:00:00+00:00,0.9994058012962341,0.9997878074645996,0.999383807182312,0.9995167851448059,0
2026-02-13 22:00:00+00:00,0.9994676113128662,0.9997884035110474,0.9990622401237488,0.9997884035110474,0
2026-02-13 23:00:00+00:00,0.9996889233589172,0.9996889233589172,0.9993221163749695,0.999439001083374,24289280
2026-02-14 00:00:00+00:00,0.999430775642395,0.9999415278434753,0.9993601441383362,0.9995954036712646,0
2026-02-14 01:00:00+00:00,0.9997735023498535,0.9998164176940918,0.99944669008255,0.9995380640029907,0
2026-02-14 02:00:00+00:00,0.9994876980781555,0.999700665473938,0.9993791580200195,0.999379575252533,0
2026-02-14 03:00:00+00:00,0.9994599223136902,0.9998794198036194,0.9993689060211182,0.9995385408401489,0
2026-02-14 04:00:00+00:00,0.9995091557502747,0.9998337626457214,0.9994450211524963,0.9995699524879456,0
2026-02-14 05:00:00+00:00,0.9995997548103333,0.9999266862869263,0.9994524717330933,0.9995731115341187,0
2026-02-14 06:00:00+00:00,0.9995121955871582,0.9997226595878601,0.9994493126869202,0.9994651675224304,0
2026-02-14 07:00:00+00:00,0.9994912147521973,0.9998459219932556,0.9994659423828125,0.999527633190155,0
2026-02-14 08:00:00+00:00,0.9995467066764832,0.9999449849128723,0.9994196891784668,0.9994900822639465,1389862912
2026-02-14 09:00:00+00:00,0.9995369911193848,0.9997391104698181,0.9994471073150635,0.9994861483573914,7757824
2026-02-14 10:00:00+00:00,0.9995612502098083,0.9996051788330078,0.9994203448295593,0.9994941353797913,0
2026-02-14 11:00:00+00:00,0.9994667172431946,0.9999530911445618,0.9994080066680908,0.9996127486228943,2487869440
2026-02-14 12:00:00+00:00,0.9995142817497253,0.9999773502349854,0.9992871284484863,0.9999773502349854,2610839552
2026-02-14 13:00:00+00:00,0.9997415542602539,1.0000126361846924,0.9994351267814636,0.9996808767318726,1690189824
2026-02-14 14:00:00+00:00,0.9996670484542847,1.0001320838928223,0.9996190071105957,0.9998536705970764,0
2026-02-14 15:00:00+00:00,0.9997038245201111,1.0001599788665771,0.999650776386261,0.999882698059082,0
2026-02-14 16:00:00+00:00,0.9998422861099243,0.9999843239784241,0.999538004398346,0.9996265769004822,0
2026-02-14 17:00:00+00:00,0.9998054504394531,0.9999627470970154,0.9994094967842102,0.9995655417442322,0
2026-02-14 18:00:00+00:00,0.9996638894081116,0.9998412728309631,0.9994149208068848,0.9995945692062378,0
2026-02-14 19:00:00+00:00,0.9996058940887451,0.99993497133255,0.9995011687278748,0.9996651411056519,0
2026-02-14 20:00:00+00:00,0.9996861815452576,0.9997314214706421,0.9993950724601746,0.999569833278656,0
2026-02-14 21:00:00+00:00,0.9995827674865723,1.0000503063201904,0.9994373321533203,0.9995527267456055,524599296
2026-02-14 22:00:00+00:00,0.999444305896759,0.9997906684875488,0.999320387840271,0.999320387840271,536240128
2026-02-14 23:00:00+00:00,0.9994687438011169,0.9998812079429626,0.9993770122528076,0.999539315700531,383090688
2026-02-15 00:00:00+00:00,0.9995132088661194,0.9999796152114868,0.9994083642959595,0.9996815919876099,98467840
2026-02-15 01:00:00+00:00,0.9994359016418457,0.9997776746749878,0.9993197321891785,0.9994692802429199,769728512
2026-02-15 02:00:00+00:00,0.9994794726371765,0.999950647354126,0.9993554353713989,0.9995333552360535,1899700224
2026-02-15 03:00:00+00:00,0.9998884201049805,1.0000354051589966,0.9993506669998169,0.9997596144676208,4569612288
2026-02-15 04:00:00+00:00,0.9997435808181763,1.000337839126587,0.9995521306991577,0.9997256994247437,3436060672
2026-02-15 05:00:00+00:00,0.9999634623527527,1.0000442266464233,0.9995877742767334,0.9998172521591187,1720303616
2026-02-15 06:00:00+00:00,0.9997416138648987,1.0001453161239624,0.999566912651062,0.9996504783630371,663601152
2026-02-15 07:00:00+00:00,0.9996801018714905,1.0000200271606445,0.9994786977767944,0.9998679161071777,2283134976
2026-02-15 08:00:00+00:00,0.9996572136878967,0.9999067187309265,0.999504804611206,0.9995578527450562,829923328
2026-02-15 09:00:00+00:00,0.9996349811553955,0.9997860193252563,0.9994248151779175,0.9995825290679932,0
2026-02-15 10:00:00+00:00,0.9995784163475037,0.9999833106994629,0.9994125962257385,0.99969482421875,813817856
2026-02-15 11:00:00+00:00,0.9996089339256287,0.9999819397926331,0.9994620680809021,0.9995560050010681,0
2026-02-15 12:00:00+00:00,0.9995747804641724,1.0000594854354858,0.9993245005607605,0.9997988939285278,0
2026-02-15 13:00:00+00:00,0.9998387098312378,1.0000503063201904,0.9992795586585999,0.9995871782302856,386826240
2026-02-15 14:00:00+00:00,0.9995151162147522,0.9998685121536255,0.999341607093811,0.9995710849761963,0
2026-02-15 15:00:00+00:00,0.9994920492172241,0.9997340440750122,0.9994014501571655,0.9995148777961731,404144128
2026-02-15 16:00:00+00:00,0.9995483160018921,1.0002424716949463,0.9994602203369141,0.9995880126953125,0
2026-02-15 17:00:00+00:00,0.9995700716972351,1.0000571012496948,0.9991888999938965,0.9994339942932129,772972544
2026-02-15 18:00:00+00:00,0.9995330572128296,1.0000584125518799,0.9992850422859192,0.9994845390319824,3513229312
2026-02-15 19:00:00+00:00,0.9995754361152649,1.0002590417861938,0.9993348121643066,0.9994757771492004,4704034816
2026-02-15 20:00:00+00:00,0.9993451833724976,0.9998816251754761,0.9993243217468262,0.9994634985923767,587317248
2026-02-15 21:00:00+00:00,0.9994829297065735,0.9999608397483826,0.9993463754653931,0.9995095133781433,0
2026-02-15 22:00:00+00:00,0.9993951916694641,0.99971604347229,0.9993332624435425,0.999534547328949,0
2026-02-15 23:00:00+00:00,0.9996061325073242,0.9997103214263916,0.999322235584259,0.9995771050453186,498900992
2026-02-16 00:00:00+00:00,0.9994177222251892,0.9999476671218872,0.9993345141410828,0.999408483505249,71475200
2026-02-16 01:00:00+00:00,0.9994840025901794,0.9998497366905212,0.9993700981140137,0.9995105862617493,0
2026-02-16 02:00:00+00:00,0.9994034171104431,0.9998425841331482,0.9994034171104431,0.999756932258606,0
2026-02-16 03:00:00+00:00,0.9995375275611877,0.9997339844703674,0.9993982315063477,0.9994844198226929,0
2026-02-16 04:00:00+00:00,0.99947589635849,0.9996628165245056,0.999367356300354,0.9995227456092834,0
2026-02-16 05:00:00+00:00,0.9995470643043518,0.9997824430465698,0.9993946552276611,0.9995509386062622,0
2026-02-16 06:00:00+00:00,0.9995136857032776,0.9996851682662964,0.9993213415145874,0.9994346499443054,0
2026-02-16 07:00:00+00:00,0.9995235204696655,0.9997601509094238,0.9993311166763306,0.9994376301765442,0
2026-02-16 08:00:00+00:00,0.9994819760322571,0.9997296333312988,0.9992848634719849,0.999386727809906,0
2026-02-16 09:00:00+00:00,0.9994364380836487,0.9998906850814819,0.999351978302002,0.999443531036377,476127232
2026-02-16 10:00:00+00:00,0.9993942379951477,0.9997133612632751,0.999207615852356,0.9994611144065857,0
2026-02-16 11:00:00+00:00,0.9993610978126526,1.0001355409622192,0.9993610978126526,0.9995100498199463,419168256
2026-02-16 12:00:00+00:00,0.9994961023330688,0.9998429417610168,0.9993387460708618,0.9994275569915771,596500480
2026-02-16 13:00:00+00:00,0.9994564652442932,1.0005455017089844,0.99931800365448,0.9994704723358154,0
2026-02-16 14:00:00+00:00,0.9994364380836487,0.9999020099639893,0.9992957711219788,0.9995066523551941,385867776
2026-02-16 15:00:00+00:00,0.9994005560874939,1.0000569820404053,0.9992488026618958,0.9993739724159241,2913124352
2026-02-16 16:00:00+00:00,0.9994034171104431,0.9998288750648499,0.9992367029190063,0.9994887113571167,0
2026-02-16 17:00:00+00:00,0.999513566493988,0.999949038028717,0.9993641376495361,0.9994812607765198,0
2026-02-16 18:00:00+00:00,0.9994893074035645,0.9999914169311523,0.9993951320648193,0.9995439648628235,0
2026-02-16 19:00:00+00:00,0.9995790719985962,0.9997280836105347,0.9993783831596375,0.9995418787002563,0
2026-02-16 20:00:00+00:00,0.9996195435523987,1.000171422958374,0.9994045495986938,0.9994808435440063,0
2026-02-16 21:00:00+00:00,0.9995182752609253,0.9997714757919312,0.9993972182273865,0.9997034668922424,0
2026-02-16 22:00:00+00:00,0.9995681643486023,1.000177025794983,0.9994164705276489,0.999785840511322,368033792
2026-02-16 23:00:00+00:00,0.999514639377594,0.9999605417251587,0.9993066191673279,0.999517560005188,0
2026-02-17 00:00:00+00:00,0.9995715022087097,0.9999006390571594,0.9992643594741821,0.9995189905166626,0
2026-02-17 01:00:00+00:00,0.9994519352912903,0.9996744394302368,0.9993026852607727,0.9995803833007812,0
2026-02-17 02:00:00+00:00,0.9994845986366272,1.000098705291748,0.9993254542350769,0.9994877576828003,0
2026-02-17 03:00:00+00:00,0.9994831681251526,0.9998055100440979,0.9992923140525818,0.9994906783103943,0
2026-02-17 04:00:00+00:00,0.9994660019874573,0.9997986555099487,0.9993184208869934,0.9994877576828003,0
2026-02-17 05:00:00+00:00,0.9994994401931763,0.9997201561927795,0.9993264675140381,0.9994942545890808,522960896
2026-02-17 06:00:00+00:00,0.9995270371437073,0.999935507774353,0.9993550181388855,0.9995247721672058,0
2026-02-17 07:00:00+00:00,0.9995274543762207,1.0000576972961426,0.9993105530738831,0.9994841814041138,0
2026-02-17 08:00:00+00:00,0.9995381236076355,0.9999627470970154,0.999275803565979,0.9994946122169495,1011212288
2026-02-17 09:00:00+00:00,0.9995296001434326,0.9997113347053528,0.9993770122528076,0.9994950294494629,0
2026-02-17 10:00:00+00:00,0.9994044899940491,0.9996015429496765,0.9993420243263245,0.9993741512298584,264871936
2026-02-17 11:00:00+00:00,0.9994215369224548,0.9996663331985474,0.9992937445640564,0.9994073510169983,0
2026-02-17 12:00:00+00:00,0.9993679523468018,0.9996388554573059,0.9993131160736084,0.9994431734085083,0
2026-02-17 13:00:00+00:00,0.9994844198226929,0.999849259853363,0.9991310238838196,0.9994041919708252,0
2026-02-17 14:00:00+00:00,0.9994482398033142,1.000240683555603,0.9992359280586243,0.9993501901626587,1845915648
2026-02-17 15:00:00+00:00,0.9993888139724731,1.000182032585144,0.9993073344230652,1.0001424551010132,939245568
2026-02-17 16:00:00+00:00,0.9995686411857605,0.9999799132347107,0.9993546605110168,0.9994028210639954,1635532800
2026-02-17 17:00:00+00:00,0.9994852542877197,1.0005477666854858,0.9994218945503235,0.9994698166847229,789618688
2026-02-17 18:00:00+00:00,0.9995604157447815,0.9998176097869873,0.9993780851364136,0.9995288848876953,1658396672
2026-02-17 19:00:00+00:00,0.9996575713157654,1.0002939701080322,0.9993553161621094,0.9993734955787659,1150976000
2026-02-17 20:00:00+00:00,0.9996667504310608,0.9997247457504272,0.9993318319320679,0.9994729161262512,118325248
2026-02-17 21:00:00+00:00,0.9996020197868347,0.999918520450592,0.9993838667869568,0.9995890855789185,0
2026-02-17 22:00:00+00:00,0.999470591545105,1.0000876188278198,0.9993748664855957,0.9995765089988708,0
2026-02-17 23:00:00+00:00,0.9995377063751221,0.9998418092727661,0.9994325041770935,0.9995827674865723,0
2026-02-18 00:00:00+00:00,0.9996320009231567,0.9997556805610657,0.999424397945404,0.999465823173523,0
2026-02-18 01:00:00+00:00,0.9994486570358276,1.0000381469726562,0.9993650913238525,0.9994621872901917,415145984
2026-02-18 02:00:00+00:00,0.9994349479675293,0.9996946454048157,0.9993553757667542,0.9994565844535828,0
2026-02-18 03:00:00+00:00,0.9993211030960083,0.9997145533561707,0.9993091225624084,0.9994326233863831,88023040
2026-02-18 04:00:00+00:00,0.9995545148849487,0.9996895790100098,0.9993200898170471,0.9993812441825867,0
2026-02-18 05:00:00+00:00,0.9994589686393738,0.9997886419296265,0.9993061423301697,0.999505341053009,0
2026-02-18 06:00:00+00:00,0.9995385408401489,0.9996920228004456,0.9993544220924377,0.9995303153991699,0
2026-02-18 07:00:00+00:00,0.9994853734970093,0.9997203350067139,0.9993954300880432,0.9995138645172119,401629184
2026-02-18 08:00:00+00:00,0.9995366930961609,0.999724805355072,0.9993797540664673,0.9995255470275879,0
2026-02-18 09:00:00+00:00,0.9994819760322571,0.9999598264694214,0.9993912577629089,0.9996307492256165,0
2026-02-18 10:00:00+00:00,0.9995208978652954,0.9999679923057556,0.9993465542793274,0.9994981288909912,0
2026-02-18 11:00:00+00:00,0.9995372891426086,1.000024437904358,0.9994259476661682,0.9994259476661682,808116224
2026-02-18 12:00:00+00:00,0.9995970129966736,0.9998592138290405,0.9993844628334045,0.9997790455818176,0
2026-02-18 13:00:00+00:00,0.9995555877685547,0.9999457001686096,0.9994579553604126,0.9996709823608398,0
2026-02-18 14:00:00+00:00,0.999595582485199,1.0002678632736206,0.9994120001792908,0.9997801184654236,0
2026-02-18 15:00:00+00:00,0.9996019601821899,1.0004029273986816,0.9995062351226807,0.9996681213378906,0
2026-02-18 16:00:00+00:00,0.9996854066848755,1.0001002550125122,0.9994623064994812,0.9996469616889954,0
2026-02-18 17:00:00+00:00,0.9996402859687805,0.9999786019325256,0.9993902444839478,0.9997685551643372,0
2026-02-18 18:00:00+00:00,0.9996532201766968,1.0006275177001953,0.9993990063667297,0.9995161890983582,438464512
2026-02-18 19:00:00+00:00,0.9995093941688538,0.9999072551727295,0.999363362789154,0.9995028376579285,1367031808
2026-02-18 20:00:00+00:00,0.9995641112327576,0.9999464154243469,0.9993952512741089,0.9996251463890076,333467648
2026-02-18 21:00:00+00:00,0.9995710253715515,0.9998567700386047,0.9993613958358765,0.9995210766792297,947458048
2026-02-18 22:00:00+00:00,0.9994463920593262,0.9998430609703064,0.9994198083877563,0.9996694326400757,489472000
2026-02-18 23:00:00+00:00,0.999511182308197,0.9996432065963745,0.9991748929023743,0.9995027184486389,12550144
2026-02-19 00:00:00+00:00,0.9994615316390991,0.9997199773788452,0.9994410276412964,0.9995257258415222,224256000
2026-02-19 01:00:00+00:00,0.9995152354240417,1.0000063180923462,0.9993990659713745,0.9994943141937256,0
2026-02-19 02:00:00+00:00,0.9996176958084106,0.9999067187309265,0.9993833303451538,0.999450147151947,0
2026-02-19 03:00:00+00:00,0.9995025396347046,0.9996799230575562,0.9994515776634216,0.9996458888053894,0
2026-02-19 04:00:00+00:00,0.9995747804641724,0.9998193979263306,0.999442994594574,0.9995415210723877,11341824
2026-02-19 05:00:00+00:00,0.9995501637458801,1.0000205039978027,0.9994451403617859,0.9995167851448059,311853056
2026-02-19 06:00:00+00:00,0.9995989799499512,1.0001410245895386,0.9994297027587891,0.9996744394302368,661065728
2026-02-19 07:00:00+00:00,0.9996960163116455,0.9998398423194885,0.9995028972625732,0.9995352029800415,0
2026-02-19 08:00:00+00:00,0.9995998740196228,1.0001126527786255,0.9994620084762573,0.9995496869087219,0
2026-02-19 09:00:00+00:00,0.9995927214622498,0.9997106194496155,0.9994484186172485,0.9995343685150146,332259328
2026-02-19 10:00:00+00:00,0.9995191097259521,0.9997231960296631,0.9994063377380371,0.9995250105857849,0
2026-02-19 11:00:00+00:00,0.9994267821311951,0.9996523261070251,0.9993762373924255,0.9996045231819153,0
2026-02-19 12:00:00+00:00,0.9994086623191833,1.000375509262085,0.9992251396179199,0.9994696974754333,0
2026-02-19 13:00:00+00:00,0.9995643496513367,1.0000046491622925,0.9993011355400085,0.9996021389961243,1428443136
2026-02-19 14:00:00+00:00,0.999607503414154,1.0002689361572266,0.9994215369224548,0.9997159242630005,522289152
2026-02-19 15:00:00+00:00,0.9999206066131592,1.0003762245178223,0.9994861483573914,1.0000625848770142,0
2026-02-19 16:00:00+00:00,0.9996249079704285,0.9999866485595703,0.9991593956947327,0.9999866485595703,0
2026-02-19 17:00:00+00:00,0.9996429681777954,1.0001294612884521,0.999449610710144,0.9996507167816162,795705344
2026-02-19 18:00:00+00:00,0.999535322189331,1.0001736879348755,0.9993572235107422,0.9995640516281128,0
2026-02-19 19:00:00+00:00,0.9996801018714905,1.0000333786010742,0.9995148777961731,0.9996783137321472,0
2026-02-19 20:00:00+00:00,0.9996481537818909,0.9999687671661377,0.9995425343513489,0.9997113943099976,0
2026-02-19 21:00:00+00:00,0.9996501207351685,0.9998607039451599,0.9995532631874084,0.999626100063324,0
2026-02-19 22:00:00+00:00,0.9996508359909058,1.0000340938568115,0.9995056986808777,0.9997384548187256,532541440
2026-02-19 23:00:00+00:00,0.9995845556259155,0.9998041391372681,0.9994783401489258,0.9996459484100342,0
2026-02-20 00:00:00+00:00,0.9996176958084106,0.9998855590820312,0.9993653893470764,0.9995682835578918,641679360
2026-02-20 01:00:00+00:00,0.9996955990791321,0.9997643828392029,0.9993773102760315,0.9995522499084473,0
2026-02-20 02:00:00+00:00,0.9995352625846863,0.9996411204338074,0.9993939399719238,0.9995559453964233,17215488
2026-02-20 03:00:00+00:00,0.9995977878570557,0.9998235106468201,0.9993459582328796,0.9995216131210327,309776384
2026-02-20 04:00:00+00:00,0.9994745850563049,0.9998716115951538,0.99932461977005,0.9996829628944397,385564672
2026-02-20 05:00:00+00:00,0.9996008276939392,0.9998835921287537,0.9995079040527344,0.9996250867843628,1154764800
2026-02-20 06:00:00+00:00,0.9996610879898071,0.9999286532402039,0.9994767308235168,0.9996533989906311,66465792
2026-02-20 07:00:00+00:00,0.9996498823165894,1.000012993812561,0.999466061592102,0.9996457099914551,117059584
2026-02-20 08:00:00+00:00,0.999708354473114,0.9999886751174927,0.9994651079177856,0.9996974468231201,0
2026-02-20 09:00:00+00:00,0.9995611310005188,0.9998435974121094,0.9995168447494507,0.9995924234390259,871165952
2026-02-20 10:00:00+00:00,0.9996533393859863,0.9999791383743286,0.9994878172874451,0.9996140599250793,445825024
2026-02-20 11:00:00+00:00,0.9995648264884949,1.000098705291748,0.9994751811027527,1.000098705291748,1600839680
2026-02-20 12:00:00+00:00,0.999689519405365,1.0001327991485596,0.999516487121582,0.9997283220291138,397991936
2026-02-20 13:00:00+00:00,0.9996243715286255,1.0006282329559326,0.9995287656784058,0.9996078610420227,2435710976
2026-02-20 14:00:00+00:00,0.9996500015258789,1.0002671480178833,0.9995619654655457,0.999889075756073,2326929408
2026-02-20 15:00:00+00:00,0.9999752640724182,1.000352382659912,0.9994668364524841,0.9998584985733032,3479216128
2026-02-20 16:00:00+00:00,1.000144600868225,1.0005559921264648,0.9996971487998962,0.9997629523277283,2068824064
2026-02-20 17:00:00+00:00,0.9998497366905212,1.0001801252365112,0.9995559453964233,0.9997204542160034,4167663616
2026-02-20 18:00:00+00:00,0.9998136758804321,1.0002470016479492,0.9996234774589539,0.9998027682304382,1883889664
2026-02-20 19:00:00+00:00,0.9997959733009338,1.0000237226486206,0.9995231628417969,0.9996722936630249,72343552
2026-02-20 20:00:00+00:00,0.9996334314346313,0.9999189972877502,0.9995441436767578,0.9997168183326721,370688000
2026-02-20 21:00:00+00:00,0.999739408493042,0.9998758435249329,0.9995103478431702,0.9997105598449707,437780480
2026-02-20 22:00:00+00:00,0.9996395111083984,1.0001219511032104,0.9995803236961365,0.999783456325531,0
2026-02-20 23:00:00+00:00,0.999783456325531,0.9999321699142456,0.9995179772377014,0.9995985627174377,385794048
2026-02-21 00:00:00+00:00,0.9996123909950256,0.9997498393058777,0.9994996190071106,0.9995890855789185,0
2026-02-21 01:00:00+00:00,0.999626874923706,0.9999004602432251,0.9995725154876709,0.9996518492698669,0
2026-02-21 02:00:00+00:00,0.9996858239173889,1.0000768899917603,0.999587893486023,0.9996825456619263,229867520
2026-02-21 03:00:00+00:00,0.9998318552970886,0.9999997019767761,0.9995477199554443,0.999769389629364,71442432
2026-02-21 04:00:00+00:00,0.9997010827064514,1.0001429319381714,0.9995383024215698,0.9996836185455322,0
2026-02-21 05:00:00+00:00,0.9995924234390259,0.9998591542243958,0.9995545148849487,0.9997397661209106,0
2026-02-21 06:00:00+00:00,0.9996345043182373,1.000168800354004,0.9996054768562317,0.9996415376663208,0
2026-02-21 07:00:00+00:00,0.999726414680481,0.9998298287391663,0.9996095299720764,0.9997118711471558,0
2026-02-21 08:00:00+00:00,0.9997787475585938,0.9998443722724915,0.9996415376663208,0.9997228980064392,0
2026-02-21 09:00:00+00:00,0.9997683763504028,0.9999912977218628,0.9995927214622498,0.9996928572654724,0
2026-02-21 10:00:00+00:00,0.9997227787971497,0.9999246001243591,0.9996896982192993,0.9997684359550476,0
2026-02-21 11:00:00+00:00,0.9997663497924805,0.9998736381530762,0.9996702671051025,0.9997671246528625,0
2026-02-21 12:00:00+00:00,0.9997801780700684,0.9999172687530518,0.9996232986450195,0.999710738658905,0
2026-02-21 13:00:00+00:00,0.9996778964996338,0.999938428401947,0.999642014503479,0.9996944665908813,0
2026-02-21 14:00:00+00:00,0.9998481869697571,1.000015377998352,0.9996011853218079,0.9996694326400757,0
2026-02-21 15:00:00+00:00,0.9997571706771851,0.9998945593833923,0.9995527863502502,0.9996986985206604,0
2026-02-21 16:00:00+00:00,0.9996645450592041,1.0001170635223389,0.9996302127838135,0.9997541904449463,0
2026-02-21 17:00:00+00:00,0.9997137188911438,1.000028133392334,0.9996695518493652,0.9997919797897339,0
2026-02-21 18:00:00+00:00,0.9997187256813049,0.999973475933075,0.9997037053108215,0.9997414350509644,0
2026-02-21 19:00:00+00:00,0.9997124075889587,0.999988853931427,0.99965500831604,0.9997315406799316,0
2026-02-21 20:00:00+00:00,0.9996878504753113,0.9998939633369446,0.9996568560600281,0.9997607469558716,0
2026-02-21 21:00:00+00:00,0.9997671842575073,0.9999545812606812,0.9996899962425232,0.9997396469116211,0
2026-02-21 22:00:00+00:00,0.9996588826179504,1.0001074075698853,0.9996588826179504,0.999702513217926,0
2026-02-21 23:00:00+00:00,0.9998454451560974,1.000061273574829,0.9996753334999084,0.9997373819351196,7151616
2026-02-22 00:00:00+00:00,0.9997557997703552,0.9999907612800598,0.9996135234832764,0.9999907612800598,0
2026-02-22 01:00:00+00:00,0.9995759725570679,0.9999637603759766,0.9995759725570679,0.9997254610061646,0
2026-02-22 02:00:00+00:00,0.9996122121810913,0.9999856352806091,0.9995734691619873,0.999617874622345,0
2026-02-22 03:00:00+00:00,0.999696671962738,0.9999189376831055,0.9995734691619873,0.9996185898780823,0
2026-02-22 04:00:00+00:00,0.9997069239616394,0.9998836517333984,0.9994946122169495,0.9996566772460938,0
2026-02-22 05:00:00+00:00,0.9997053146362305,0.9998345375061035,0.9995879530906677,0.9996258616447449,0
2026-02-22 06:00:00+00:00,0.9997122883796692,0.999998927116394,0.99952232837677,0.9996355772018433,119947264
2026-02-22 07:00:00+00:00,0.999663770198822,1.000016450881958,0.9996141195297241,0.9997593760490417,131817472
2026-02-22 08:00:00+00:00,0.99978107213974,1.000043272972107,0.9996533393859863,0.9997479319572449,0
2026-02-22 09:00:00+00:00,0.9997385740280151,0.9998345971107483,0.999660313129425,0.9997480511665344,0
2026-02-22 10:00:00+00:00,0.9997881650924683,1.000058650970459,0.9996767640113831,0.9997000098228455,0
2026-02-22 11:00:00+00:00,0.9996609091758728,0.9999509453773499,0.9996413588523865,0.9997699856758118,0
2026-02-22 12:00:00+00:00,0.9998010396957397,0.9999881982803345,0.9996766448020935,0.9998574256896973,179863552
2026-02-22 13:00:00+00:00,0.9997435212135315,1.0000463724136353,0.9996481537818909,0.9997556805610657,1094610944
2026-02-22 14:00:00+00:00,0.9996894598007202,0.9999673366546631,0.9996499419212341,0.9997228384017944,0
2026-02-22 15:00:00+00:00,0.999813973903656,0.9998834133148193,0.9996342658996582,0.9996805191040039,572293120
2026-02-22 16:00:00+00:00,0.9997676014900208,0.99991375207901,0.9996356964111328,0.9997192025184631,0
2026-02-22 17:00:00+00:00,0.9996930956840515,0.9998383522033691,0.9995787739753723,0.9996620416641235,673820672
2026-02-22 18:00:00+00:00,0.9996522665023804,0.9998242855072021,0.9995405077934265,0.9996734261512756,0
2026-02-22 19:00:00+00:00,0.9996455311775208,0.9997919797897339,0.9994862079620361,0.9995316863059998,0
2026-02-22 20:00:00+00:00,0.9996183514595032,0.9997203946113586,0.9994452595710754,0.9995035529136658,0
2026-02-22 21:00:00+00:00,0.9995101094245911,0.9996684789657593,0.9994713664054871,0.9996337890625,125669376
2026-02-22 22:00:00+00:00,0.9996267557144165,0.9998003244400024,0.9995307922363281,0.9996878504753113,0
2026-02-22 23:00:00+00:00,0.9995695352554321,1.0002307891845703,0.9995005130767822,0.9996806383132935,321314816
2026-02-23 00:00:00+00:00,0.9996508359909058,0.9999626874923706,0.9995442628860474,0.9996972680091858,268898304
2026-02-23 01:00:00+00:00,0.9996023178100586,1.0004477500915527,0.9995555877685547,0.9998405575752258,11462615040
2026-02-23 02:00:00+00:00,1.0003958940505981,1.0003958940505981,0.9996007084846497,0.999715268611908,4067323904
2026-02-23 03:00:00+00:00,0.9997061491012573,1.000105619430542,0.9995834231376648,0.9997884035110474,1984823296
2026-02-23 04:00:00+00:00,0.9998416900634766,0.9999043941497803,0.9996252059936523,0.9997857809066772,1592299520
2026-02-23 05:00:00+00:00,0.9997139573097229,0.999844491481781,0.9995299577713013,0.9996963143348694,2054025216
2026-02-23 06:00:00+00:00,0.9996708035469055,1.0000648498535156,0.9996359944343567,0.999901294708252,2085138432
2026-02-23 07:00:00+00:00,0.9998415112495422,1.0001574754714966,0.9995964169502258,0.999761164188385,2231562240
2026-02-23 08:00:00+00:00,0.9997560381889343,1.000283122062683,0.9996903538703918,0.9997376203536987,1699667968
2026-02-23 09:00:00+00:00,0.9998239278793335,1.000157117843628,0.9997066855430603,0.999879002571106,2167054336
2026-02-23 10:00:00+00:00,0.9998871684074402,1.000293493270874,0.9997304677963257,0.9997724890708923,1887354880
2026-02-23 11:00:00+00:00,0.9997938275337219,1.0000884532928467,0.9997520446777344,0.9999400973320007,1020788736
2026-02-23 12:00:00+00:00,0.999944806098938,1.0002832412719727,0.9997366666793823,0.9999524354934692,1312137216
2026-02-23 13:00:00+00:00,0.9999887347221375,1.0004727840423584,0.9997583031654358,0.99991774559021,2520424448
2026-02-23 14:00:00+00:00,0.9999517798423767,1.0003701448440552,0.9995365738868713,0.9995365738868713,2111930368
2026-02-23 15:00:00+00:00,0.9996806383132935,1.00046706199646,0.9995131492614746,0.9997509717941284,1278353408
2026-02-23 16:00:00+00:00,0.9997139573097229,1.0002604722976685,0.9996469616889954,0.9997810125350952,2914664448
2026-02-23 17:00:00+00:00,0.9999542832374573,1.0008399486541748,0.9997648000717163,0.9998595714569092,3453362176
2026-02-23 18:00:00+00:00,1.0003772974014282,1.0003951787948608,0.9996522068977356,0.9997236728668213,2315870208
2026-02-23 19:00:00+00:00,0.999823272228241,1.0002819299697876,0.9995381832122803,0.9998192191123962,3015647232
2026-02-23 20:00:00+00:00,0.9997076988220215,1.0001400709152222,0.9996999502182007,0.9998170733451843,1721384960
2026-02-23 21:00:00+00:00,0.9997636079788208,1.000084400177002,0.999655544757843,0.9997820854187012,1066803200
2026-02-23 22:00:00+00:00,0.9997432827949524,0.9999675750732422,0.9995350241661072,0.9997680187225342,1109499904
2026-02-23 23:00:00+00:00,0.9997780919075012,1.0001189708709717,0.9995887875556946,0.9997155666351318,87023616
2026-02-24 00:00:00+00:00,0.9997074007987976,0.9999554753303528,0.9995604157447815,0.9997402429580688,0
2026-02-24 01:00:00+00:00,0.9995654225349426,1.000321388244629,0.9993309378623962,0.9996418356895447,0
2026-02-24 02:00:00+00:00,0.9997455477714539,0.9999464154243469,0.9994018077850342,0.9996681213378906,0
2026-02-24 03:00:00+00:00,0.999647319316864,1.0000298023223877,0.999403178691864,0.999569833278656,0
2026-02-24 04:00:00+00:00,0.9995484948158264,1.0000874996185303,0.9994658827781677,0.9997286796569824,1240383488
2026-02-24 05:00:00+00:00,0.9995610117912292,0.9999019503593445,0.999474048614502,0.9995524287223816,287514624
2026-02-24 06:00:00+00:00,0.9995641112327576,1.000120759010315,0.999489963054657,0.9997157454490662,0
2026-02-24 07:00:00+00:00,0.9996355772018433,0.9999217987060547,0.9995643496513367,0.9996554255485535,0
2026-02-24 08:00:00+00:00,0.9995803236961365,1.0002691745758057,0.9995803236961365,0.9997406601905823,0
2026-02-24 09:00:00+00:00,0.9997397661209106,0.9999675154685974,0.9995643496513367,0.9997789263725281,0
2026-02-24 10:00:00+00:00,0.9998831152915955,0.9999657869338989,0.9996371269226074,0.999862551689148,0
2026-02-24 11:00:00+00:00,0.9998457431793213,1.0000624656677246,0.999604344367981,0.9998956918716431,0
2026-02-24 12:00:00+00:00,0.9998182058334351,1.00033700466156,0.9997231364250183,0.9997949004173279,0
2026-02-24 13:00:00+00:00,0.9997743368148804,1.0004403591156006,0.9996618628501892,0.999859094619751,0
2026-02-24 14:00:00+00:00,0.999809741973877,1.0004416704177856,0.9996984004974365,1.0000684261322021,0
2026-02-24 15:00:00+00:00,1.000008225440979,1.0007163286209106,0.9998297691345215,1.000139832496643,360562688
2026-02-24 16:00:00+00:00,0.9999169707298279,1.0007655620574951,0.9997666478157043,1.0000035762786865,0
2026-02-24 17:00:00+00:00,1.0000073909759521,1.0004345178604126,0.9997507929801941,1.0004197359085083,0
2026-02-24 18:00:00+00:00,1.0000944137573242,1.0003796815872192,0.9998880624771118,1.0000090599060059,0
2026-02-24 19:00:00+00:00,1.000016450881958,1.0004498958587646,0.9996358156204224,1.0001649856567383,0
2026-02-24 20:00:00+00:00,1.0000243186950684,1.0003366470336914,0.9999654293060303,1.0000618696212769,0
2026-02-24 21:00:00+00:00,0.9999743700027466,1.000396728515625,0.9999743700027466,1.0000115633010864,0
2026-02-24 22:00:00+00:00,1.0000616312026978,1.0001939535140991,0.9999225735664368,1.0001726150512695,0
2026-02-24 23:00:00+00:00,1.0000044107437134,1.0003756284713745,0.9999454617500305,1.0000760555267334,0
2026-02-25 00:00:00+00:00,1.0000395774841309,1.0003526210784912,0.9999287128448486,1.000041127204895,0
2026-02-25 01:00:00+00:00,0.999927282333374,1.0008556842803955,0.9997586607933044,1.0000542402267456,1373356032
2026-02-25 02:00:00+00:00,0.9999369382858276,1.0004020929336548,0.9997535347938538,0.9999039769172668,1625047040
2026-02-25 03:00:00+00:00,1.0001943111419678,1.0002894401550293,0.999780535697937,0.9998829364776611,0
2026-02-25 04:00:00+00:00,0.9999628067016602,1.0001232624053955,0.9998242855072021,0.9998242855072021,0
2026-02-25 05:00:00+00:00,0.9999186396598816,1.0006688833236694,0.9997298121452332,0.999836266040802,0
2026-02-25 06:00:00+00:00,0.9999567866325378,1.000221848487854,0.9997508525848389,0.9998711943626404,0
2026-02-25 07:00:00+00:00,0.9998767971992493,1.0003156661987305,0.9997114539146423,0.9999436140060425,0
2026-02-25 08:00:00+00:00,0.9998691082000732,1.0000609159469604,0.9997151494026184,0.9999181628227234,296468480
2026-02-25 09:00:00+00:00,0.9998185038566589,1.0002448558807373,0.9997371435165405,0.9999414682388306,63217664
2026-02-25 10:00:00+00:00,0.9999645352363586,1.0001541376113892,0.9998330473899841,0.9999772906303406,0
2026-02-25 11:00:00+00:00,1.0000547170639038,1.0005347728729248,0.9997379183769226,0.999974250793457,0
2026-02-25 12:00:00+00:00,0.9998847246170044,1.0002738237380981,0.9998127222061157,1.0000437498092651,1913905152
2026-02-25 13:00:00+00:00,1.0000823736190796,1.0004639625549316,0.999864935874939,1.000015139579773,650805248
2026-02-25 14:00:00+00:00,0.999995231628418,1.000556230545044,0.9998603463172913,1.0000368356704712,1458995200
2026-02-25 15:00:00+00:00,0.9999428391456604,1.0007610321044922,0.9999354481697083,1.0000145435333252,3003490304
2026-02-25 16:00:00+00:00,1.0001314878463745,1.0004853010177612,0.9997754693031311,1.0003105401992798,1968029696
2026-02-25 17:00:00+00:00,1.000536561012268,1.000715732574463,1.000084400177002,1.0001983642578125,4066140160
2026-02-25 18:00:00+00:00,1.0002753734588623,1.0006710290908813,1.000086784362793,1.000241994857788,3210838016
2026-02-25 19:00:00+00:00,1.0002819299697876,1.0006020069122314,1.0000940561294556,1.0001896619796753,1956544512
2026-02-25 20:00:00+00:00,1.0002992153167725,1.0005614757537842,1.0000393390655518,1.000313401222229,2547417088
2026-02-25 21:00:00+00:00,1.0002195835113525,1.0006834268569946,1.0001087188720703,1.0003628730773926,4087578624
2026-02-25 22:00:00+00:00,1.0003206729888916,1.0006794929504395,1.0001195669174194,1.0002721548080444,2607038464
2026-02-25 23:00:00+00:00,1.000122308731079,1.0004923343658447,1.000037431716919,1.0003747940063477,2169831424
2026-02-26 00:00:00+00:00,1.0000637769699097,1.0003467798233032,1.0000157356262207,1.0001543760299683,2284216320
2026-02-26 01:00:00+00:00,1.0002281665802002,1.0007072687149048,0.999910295009613,1.0002245903015137,0
2026-02-26 02:00:00+00:00,1.0001537799835205,1.0003817081451416,0.9999260306358337,1.000177025794983,0
2026-02-26 03:00:00+00:00,1.000023603439331,1.0003405809402466,0.999907910823822,1.000083327293396,0
2026-02-26 04:00:00+00:00,1.0001736879348755,1.0004315376281738,0.9999719858169556,1.0000169277191162,2303934464
2026-02-26 05:00:00+00:00,1.0000216960906982,1.0005035400390625,0.9999586939811707,1.0000303983688354,0
2026-02-26 06:00:00+00:00,1.0001977682113647,1.0003292560577393,0.9999671578407288,0.9999873638153076,7196532736
2026-02-26 07:00:00+00:00,1.0000600814819336,1.0003231763839722,0.9999358057975769,1.0001685619354248,129474560
2026-02-26 08:00:00+00:00,0.9999949336051941,1.0005438327789307,0.9999226927757263,1.0000054836273193,313073664
2026-02-26 09:00:00+00:00,1.0002620220184326,1.000300407409668,0.9999317526817322,1.0001100301742554,514605056
2026-02-26 10:00:00+00:00,1.0000170469284058,1.0004982948303223,0.9999327659606934,1.0000218152999878,1030021120
2026-02-26 11:00:00+00:00,1.0000215768814087,1.0002386569976807,0.9999310374259949,0.9999738335609436,240173056
2026-02-26 12:00:00+00:00,0.9999714493751526,1.0004370212554932,0.9998380541801453,1.0001065731048584,0
2026-02-26 13:00:00+00:00,1.0000208616256714,1.000178337097168,0.9998412132263184,1.0000563859939575,0
2026-02-26 14:00:00+00:00,1.0000383853912354,1.000770092010498,0.9997735023498535,1.000275731086731,0
2026-02-26 15:00:00+00:00,1.0004305839538574,1.000714898109436,0.9998875856399536,1.0001357793807983,0
2026-02-26 16:00:00+00:00,1.0005459785461426,1.0012661218643188,0.9998986721038818,0.9998986721038818,0
2026-02-26 17:00:00+00:00,1.000082015991211,1.0003538131713867,0.9997730851173401,1.0001637935638428,0
2026-02-26 18:00:00+00:00,0.9999967217445374,1.0004174709320068,0.9998764395713806,1.0000653266906738,0
2026-02-26 19:00:00+00:00,0.9999502897262573,1.0004979372024536,0.999912679195404,0.999912679195404,0
2026-02-26 20:00:00+00:00,0.9999884366989136,1.0004284381866455,0.9998412132263184,1.0000823736190796,0
2026-02-26 21:00:00+00:00,0.9999310970306396,1.000551700592041,0.9998753070831299,0.9999505281448364,0
2026-02-26 22:00:00+00:00,1.000131607055664,1.0004688501358032,0.9999383091926575,1.000129222869873,0
2026-02-26 23:00:00+00:00,1.0001288652420044,1.0006996393203735,0.9998619556427002,1.000051498413086,0
2026-02-27 00:00:00+00:00,1.0000569820404053,1.0004550218582153,0.9999542832374573,1.0000081062316895,0
2026-02-27 01:00:00+00:00,1.000062346458435,1.000599980354309,1.000014305114746,1.0000722408294678,192167936
2026-02-27 02:00:00+00:00,1.0001987218856812,1.0004173517227173,0.9999860525131226,1.000183343887329,0
2026-02-27 03:00:00+00:00,1.000235676765442,1.0003012418746948,0.9998076558113098,0.9999150633811951,41050112
2026-02-27 04:00:00+00:00,0.9999964237213135,1.0004507303237915,0.9999739527702332,1.0001715421676636,994181120
2026-02-27 05:00:00+00:00,1.00004243850708,1.0003927946090698,0.9999722242355347,1.0001026391983032,0
2026-02-27 06:00:00+00:00,1.0000182390213013,1.0003600120544434,0.9999687075614929,1.0000836849212646,0
2026-02-27 07:00:00+00:00,1.0000237226486206,1.0003119707107544,0.9999417066574097,1.0000776052474976,2113536
2026-02-27 08:00:00+00:00,1.0000324249267578,1.0002614259719849,0.9999575018882751,1.0000239610671997,397869056
2026-02-27 09:00:00+00:00,1.0000311136245728,1.000352144241333,0.9998992085456848,1.0000501871109009,230916096
2026-02-27 10:00:00+00:00,1.0000388622283936,1.000490427017212,0.9999486804008484,1.0001318454742432,499286016
2026-02-27 11:00:00+00:00,1.0000803470611572,1.0007059574127197,0.9999287128448486,1.0005748271942139,2882502656
2026-02-27 12:00:00+00:00,1.0000309944152832,1.000360369682312,0.9998449683189392,0.9999881982803345,1930420224
2026-02-27 13:00:00+00:00,1.0003612041473389,1.0004310607910156,0.9998019933700562,1.0004069805145264,2279997440
2026-02-27 14:00:00+00:00,1.0000933408737183,1.000693678855896,0.999985933303833,1.000319004058838,0
2026-02-27 15:00:00+00:00,1.0001479387283325,1.0004339218139648,0.9998815059661865,1.0001747608184814,0
2026-02-27 16:00:00+00:00,1.0004408359527588,1.0004408359527588,0.9998525977134705,1.0001329183578491,0
2026-02-27 17:00:00+00:00,1.0001181364059448,1.0002655982971191,0.9999229907989502,0.9999229907989502,0
2026-02-27 18:00:00+00:00,1.0000660419464111,1.000150442123413,0.9998130202293396,0.9999449253082275,0
2026-02-27 19:00:00+00:00,0.9999189376831055,1.0004677772521973,0.9998356699943542,0.9999480247497559,0
2026-02-27 20:00:00+00:00,1.0000035762786865,1.0002331733703613,0.9998091459274292,0.9999943375587463,0
2026-02-27 21:00:00+00:00,0.9999570250511169,1.0001075267791748,0.9997764825820923,0.9999502301216125,0
2026-02-27 22:00:00+00:00,0.9999940395355225,1.000221610069275,0.9998319745063782,0.9999344348907471,1077903360
2026-02-27 23:00:00+00:00,0.9998946189880371,1.000138282775879,0.9998909831047058,0.9999099969863892,152403968
2026-02-28 00:00:00+00:00,0.9999065399169922,1.00031578540802,0.9998510479927063,0.9999725818634033,0
2026-02-28 01:00:00+00:00,0.9999663829803467,1.0003999471664429,0.9998878836631775,0.9999821782112122,0
2026-02-28 02:00:00+00:00,0.9999464750289917,1.0002247095108032,0.9998865127563477,1.0000416040420532,0
2026-02-28 03:00:00+00:00,1.0000624656677246,1.000235676765442,0.9998619556427002,1.0000478029251099,0
2026-02-28 04:00:00+00:00,0.9999063014984131,1.0004494190216064,0.999824583530426,0.9999271035194397,0
2026-02-28 05:00:00+00:00,0.9999697208404541,1.0002615451812744,0.9998331665992737,0.999946653842926,0
2026-02-28 06:00:00+00:00,0.9999845623970032,1.0006121397018433,0.9997546672821045,0.9999700784683228,5749489664
2026-02-28 07:00:00+00:00,1.0000275373458862,1.0003420114517212,0.9997894167900085,0.9999383687973022,4557807616
2026-02-28 08:00:00+00:00,0.9998934268951416,1.000339388847351,0.9998816847801208,0.9999975562095642,0
2026-02-28 09:00:00+00:00,0.9999558925628662,1.0001620054244995,0.999765157699585,1.00007164478302,1862287360
2026-02-28 10:00:00+00:00,0.9999876618385315,1.0004583597183228,0.9999083280563354,1.0000520944595337,0
2026-02-28 11:00:00+00:00,1.0000413656234741,1.0004373788833618,0.999929666519165,1.000164270401001,0
2026-02-28 12:00:00+00:00,1.0000883340835571,1.0003623962402344,1.0000029802322388,1.0001879930496216,0
2026-02-28 13:00:00+00:00,1.000150442123413,1.0006091594696045,0.9999922513961792,1.0000680685043335,0
2026-02-28 14:00:00+00:00,1.0002378225326538,1.0005583763122559,0.9999518990516663,1.0004394054412842,1555423232
2026-02-28 15:00:00+00:00,1.0001109838485718,1.0006355047225952,0.9996554851531982,1.0000324249267578,0
2026-02-28 16:00:00+00:00,1.0000420808792114,1.0006316900253296,0.9998986124992371,1.0001729726791382,0
2026-02-28 17:00:00+00:00,1.0001236200332642,1.0003316402435303,0.9999876022338867,1.0000334978103638,0
2026-02-28 18:00:00+00:00,1.0001301765441895,1.000528335571289,1.0000206232070923,1.0001641511917114,112058368
2026-02-28 19:00:00+00:00,1.0003747940063477,1.00064218044281,0.9999523758888245,1.0000267028808594,1865498624
2026-02-28 20:00:00+00:00,1.0002541542053223,1.000557780265808,0.9999895095825195,1.000098705291748,1628348416
2026-02-28 21:00:00+00:00,1.0001858472824097,1.0004758834838867,0.9999274611473083,1.000145673751831,932446208
2026-02-28 22:00:00+00:00,1.0000470876693726,1.000520944595337,0.9999333024024963,1.0003564357757568,1488625664
2026-02-28 23:00:00+00:00,1.0001565217971802,1.0007332563400269,1.0000431537628174,1.00022554397583,370106368
2026-03-01 00:00:00+00:00,1.0000450611114502,1.000510334968567,1.0000450611114502,1.000076413154602,99524608
2026-03-01 01:00:00+00:00,1.0005937814712524,1.0005946159362793,0.9999807476997375,1.0002905130386353,3048194048
2026-03-01 02:00:00+00:00,1.0002834796905518,1.0008132457733154,0.9999675750732422,1.0000839233398438,5828313088
2026-03-01 03:00:00+00:00,1.0001243352890015,1.000448226928711,0.9999359250068665,1.0000243186950684,1252245504
2026-03-01 04:00:00+00:00,1.0000110864639282,1.000429391860962,0.9998969435691833,1.0000579357147217,2266210304
2026-03-01 05:00:00+00:00,0.9999930262565613,1.0002038478851318,0.9998988509178162,1.0000630617141724,1454792704
2026-03-01 06:00:00+00:00,1.0000780820846558,1.0005536079406738,0.9999484419822693,1.0000700950622559,0
2026-03-01 07:00:00+00:00,1.0000461339950562,1.0003248453140259,0.9999678730964661,1.0001124143600464,0
2026-03-01 08:00:00+00:00,0.9999885559082031,1.000395655632019,0.9999406933784485,1.0001531839370728,0
2026-03-01 09:00:00+00:00,1.0000520944595337,1.0006542205810547,0.9999234080314636,1.0001499652862549,0
2026-03-01 10:00:00+00:00,1.000256061553955,1.0003572702407837,0.999955952167511,1.0000704526901245,0
2026-03-01 11:00:00+00:00,1.000008463859558,1.0004204511642456,0.9999145269393921,1.000089168548584,0
2026-03-01 12:00:00+00:00,0.9999828934669495,1.0004644393920898,0.9998917579650879,1.0001113414764404,0
2026-03-01 13:00:00+00:00,1.0000735521316528,1.000685691833496,0.9990216493606567,1.0002394914627075,0
2026-03-01 14:00:00+00:00,1.0001189708709717,1.000415325164795,0.9999445676803589,1.0003057718276978,0
2026-03-01 15:00:00+00:00,1.0001554489135742,1.000665545463562,0.9999334216117859,1.0001461505889893,0
2026-03-01 16:00:00+00:00,1.0001115798950195,1.0007086992263794,0.9999513626098633,1.0001760721206665,1872846848
2026-03-01 17:00:00+00:00,1.0001214742660522,1.0007585287094116,0.9999427199363708,1.0002810955047607,253173760
2026-03-01 18:00:00+00:00,1.0002357959747314,1.0004924535751343,0.9996938705444336,1.0000678300857544,159154176
2026-03-01 19:00:00+00:00,1.0002013444900513,1.000380277633667,0.9998986721038818,1.0000323057174683,0
2026-03-01 20:00:00+00:00,1.0000109672546387,1.0003679990768433,0.9999039173126221,1.0000689029693604,0
2026-03-01 21:00:00+00:00,1.0002024173736572,1.0002377033233643,0.9999405145645142,1.0001351833343506,0
2026-03-01 22:00:00+00:00,1.0002650022506714,1.0003952980041504,0.9998757243156433,1.000185489654541,913383424
2026-03-01 23:00:00+00:00,0.9999905824661255,1.0002615451812744,0.999842643737793,1.000184416770935,1128202240
2026-03-02 00:00:00+00:00,1.0000330209732056,1.000438928604126,0.9998660683631897,1.0000466108322144,773742592
2026-03-02 01:00:00+00:00,0.9999843835830688,1.000339150428772,0.9999114871025085,1.000078797340393,0
2026-03-02 02:00:00+00:00,1.000083565711975,1.0002840757369995,0.9999064207077026,1.000035285949707,0
2026-03-02 03:00:00+00:00,0.9999993443489075,1.0004253387451172,0.9998214244842529,0.9999827742576599,0
2026-03-02 04:00:00+00:00,0.999955415725708,1.0003504753112793,0.9999234080314636,1.000053882598877,0
2026-03-02 05:00:00+00:00,1.0001965761184692,1.0002849102020264,0.9999436736106873,0.9999436736106873,530341888
2026-03-02 06:00:00+00:00,0.9999977350234985,1.0003379583358765,0.9998921751976013,1.000032901763916,0
2026-03-02 07:00:00+00:00,1.0002633333206177,1.0002633333206177,0.9998570680618286,0.9999523758888245,1211301888
2026-03-02 08:00:00+00:00,0.9999935030937195,1.0003622770309448,0.9998525977134705,1.0001121759414673,303300608
2026-03-02 09:00:00+00:00,0.999984860420227,1.000587821006775,0.9996890425682068,1.0000346899032593,1134419968
2026-03-02 10:00:00+00:00,1.0000572204589844,1.0001753568649292,0.9997920989990234,1.0000678300857544,0
2026-03-02 11:00:00+00:00,1.0001319646835327,1.0002833604812622,0.9997480511665344,1.0000327825546265,1573249024
2026-03-02 12:00:00+00:00,1.0001448392868042,1.0002357959747314,0.999792754650116,0.9998989105224609,1109655552
2026-03-02 13:00:00+00:00,0.9999165534973145,1.000166893005371,0.9995341300964355,1.000075101852417,1475362816
2026-03-02 14:00:00+00:00,0.9998863339424133,1.0001983642578125,0.99962317943573,1.0000771284103394,3801792512
2026-03-02 15:00:00+00:00,0.9999011158943176,1.000365138053894,0.999634861946106,1.0001463890075684,9153363968
2026-03-02 16:00:00+00:00,1.0003858804702759,1.0003858804702759,0.9998623132705688,1.0001451969146729,7315259392
2026-03-02 17:00:00+00:00,1.000209093093872,1.0003637075424194,0.999983012676239,1.0001137256622314,2030911488
2026-03-02 18:00:00+00:00,1.0000306367874146,1.0003702640533447,0.9999011754989624,1.0002005100250244,924123136
2026-03-02 19:00:00+00:00,1.0001157522201538,1.0004642009735107,0.9999702572822571,1.0002325773239136,1668898816
2026-03-02 20:00:00+00:00,1.0001181364059448,1.0004611015319824,0.9999703168869019,1.0002305507659912,0
2026-03-02 21:00:00+00:00,1.0002872943878174,1.0003584623336792,1.000023365020752,1.0002552270889282,0
2026-03-02 22:00:00+00:00,1.000306487083435,1.0003998279571533,0.9999815821647644,1.0002272129058838,0
2026-03-02 23:00:00+00:00,0.9998664259910583,1.0003517866134644,0.9998664259910583,1.0000391006469727,263405568
2026-03-03 00:00:00+00:00,0.9999234080314636,1.0002824068069458,0.9999127388000488,0.9999127388000488,0
2026-03-03 01:00:00+00:00,1.0000889301300049,1.000284194946289,0.9997922778129578,1.000259280204773,0
2026-03-03 02:00:00+00:00,0.9999054670333862,1.0002110004425049,0.9997749924659729,0.999932050704956,1972224000
2026-03-03 03:00:00+00:00,1.0001448392868042,1.0002495050430298,0.999750554561615,0.9998355507850647,0
2026-03-03 04:00:00+00:00,0.9999277591705322,1.000308632850647,0.9997963905334473,0.9998267889022827,0
2026-03-03 05:00:00+00:00,0.9998374581336975,1.0001323223114014,0.999736487865448,0.999782919883728,672366592
2026-03-03 06:00:00+00:00,0.9998572468757629,1.000170111656189,0.9997586607933044,0.9997586607933044,0
2026-03-03 07:00:00+00:00,0.999813437461853,1.0002743005752563,0.9997107982635498,0.9999577403068542,171565056
2026-03-03 08:00:00+00:00,0.9998454451560974,1.0003167390823364,0.9997280240058899,0.9999892115592957,1041506304
2026-03-03 09:00:00+00:00,0.9999129772186279,1.0002344846725464,0.9997416734695435,0.9999403953552246,1054916608
2026-03-03 10:00:00+00:00,0.9998366832733154,1.0001128911972046,0.9997586607933044,0.9998269081115723,1010761728
2026-03-03 11:00:00+00:00,0.9998293519020081,1.0002086162567139,0.9996589422225952,0.9998113512992859,1229864960
2026-03-03 12:00:00+00:00,0.9998328685760498,1.000138282775879,0.9996686577796936,0.9998461008071899,1322229760
2026-03-03 13:00:00+00:00,0.999833345413208,1.0000689029693604,0.9997111558914185,0.9999026656150818,0
2026-03-03 14:00:00+00:00,0.9999839663505554,1.0002011060714722,0.9997327923774719,0.9999434351921082,0
2026-03-03 15:00:00+00:00,0.9997859001159668,1.0001944303512573,0.9997726082801819,1.0001496076583862,0
2026-03-03 16:00:00+00:00,1.00011146068573,1.0003665685653687,0.9997873902320862,1.0003212690353394,0
2026-03-03 17:00:00+00:00,1.0003032684326172,1.0003056526184082,0.999937117099762,1.0001147985458374,0
2026-03-03 18:00:00+00:00,1.000191330909729,1.0005152225494385,0.9999637007713318,1.0002586841583252,0
2026-03-03 19:00:00+00:00,1.0002024173736572,1.0004173517227173,0.9998520612716675,1.0000872611999512,0
2026-03-03 20:00:00+00:00,1.000217318534851,1.0002782344818115,0.9999330043792725,1.000126838684082,0
2026-03-03 21:00:00+00:00,0.9998853206634521,1.0003215074539185,0.9998853206634521,1.0001697540283203,0
2026-03-03 22:00:00+00:00,1.0001541376113892,1.0002431869506836,0.9999560713768005,1.0000958442687988,0
2026-03-03 23:00:00+00:00,1.0001580715179443,1.0003379583358765,0.9998576045036316,1.0000567436218262,1048576
2026-03-04 00:00:00+00:00,1.0001147985458374,1.0003628730773926,0.9999696612358093,1.0002058744430542,0
2026-03-04 01:00:00+00:00,1.000268816947937,1.0004403591156006,1.0000381469726562,1.0001730918884277,569163776
2026-03-04 02:00:00+00:00,1.000220775604248,1.0002843141555786,0.9999864101409912,1.0000922679901123,0
2026-03-04 03:00:00+00:00,1.0001037120819092,1.0002859830856323,0.9999523758888245,1.000148057937622,1190830080
2026-03-04 04:00:00+00:00,1.0003230571746826,1.0003230571746826,0.9998854994773865,1.0001600980758667,0
2026-03-04 05:00:00+00:00,1.0001146793365479,1.0003809928894043,0.9997814893722534,1.0000483989715576,619118592
2026-03-04 06:00:00+00:00,0.9999649524688721,1.0001438856124878,0.9998356103897095,1.0000735521316528,1339645952
2026-03-04 07:00:00+00:00,1.0000817775726318,1.0001686811447144,0.9998414516448975,1.0000855922698975,911712256
2026-03-04 08:00:00+00:00,1.0001955032348633,1.000247836112976,0.9998800754547119,0.9999590516090393,3609124864
2026-03-04 09:00:00+00:00,1.0000120401382446,1.000372052192688,0.9997808933258057,1.0001022815704346,5653790720
2026-03-04 10:00:00+00:00,1.0001022815704346,1.000431776046753,0.9999275207519531,0.9999908208847046,2772606976
2026-03-04 11:00:00+00:00,0.9999175071716309,1.0000858306884766,0.9999141097068787,1.0000067949295044,828596224
2026-03-04 12:00:00+00:00,1.0000258684158325,1.0001593828201294,0.9998411536216736,1.0000065565109253,678043648
2026-03-04 13:00:00+00:00,0.999975323677063,1.0000907182693481,0.9998160004615784,0.9999486207962036,1194647552
2026-03-04 14:00:00+00:00,0.9999809861183167,1.0002278089523315,0.9998572468757629,1.000104546546936,3490045952
2026-03-04 15:00:00+00:00,1.0001391172409058,1.000333309173584,0.9999333024024963,1.000078797340393,4435951616
2026-03-04 16:00:00+00:00,1.0002028942108154,1.0004630088806152,1.0000807046890259,1.000285029411316,1398874112
2026-03-04 17:00:00+00:00,1.000187873840332,1.0004069805145264,1.0000231266021729,1.0002344846725464,2604179456
2026-03-04 18:00:00+00:00,1.0002739429473877,1.000490665435791,1.0000853538513184,1.000303030014038,295411712
2026-03-04 19:00:00+00:00,1.0000876188278198,1.0005242824554443,1.0000852346420288,1.000479817390442,3973488640
2026-03-04 20:00:00+00:00,1.0004273653030396,1.000533103942871,1.0001736879348755,1.0003023147583008,514629632
2026-03-04 21:00:00+00:00,1.000464916229248,1.0005027055740356,1.0001775026321411,1.0002425909042358,1511432192
2026-03-04 22:00:00+00:00,1.000316858291626,1.0003759860992432,1.000009536743164,1.000009536743164,1108213760
2026-03-04 23:00:00+00:00,1.0000178813934326,1.0001962184906006,0.9999998211860657,1.0001505613327026,899244032
2026-03-05 00:00:00+00:00,1.0000818967819214,1.000260829925537,0.9999953508377075,1.0002280473709106,52142080
2026-03-05 01:00:00+00:00,1.0002918243408203,1.0003806352615356,0.9999988675117493,1.0001373291015625,594485248
2026-03-05 02:00:00+00:00,1.0000665187835693,1.000298023223877,0.99993497133255,1.0001219511032104,178479104
2026-03-05 03:00:00+00:00,1.0000821352005005,1.0001907348632812,1.0000361204147339,1.000135898590088,0
2026-03-05 04:00:00+00:00,1.0001298189163208,1.0002491474151611,1.0000361204147339,1.0000971555709839,217260032
2026-03-05 05:00:00+00:00,1.0001673698425293,1.0001779794692993,1.0000444650650024,1.0001087188720703,348692480
2026-03-05 06:00:00+00:00,1.0001152753829956,1.0001707077026367,0.9998282194137573,1.0001301765441895,284254208
2026-03-05 07:00:00+00:00,1.0000468492507935,1.0001682043075562,0.9999822378158569,1.0001416206359863,0
2026-03-05 08:00:00+00:00,1.0001670122146606,1.000206708908081,0.9999752640724182,1.0000584125518799,0
2026-03-05 09:00:00+00:00,1.000089168548584,1.0002410411834717,1.0000269412994385,1.0000978708267212,0
2026-03-05 10:00:00+00:00,1.0000771284103394,1.0002992153167725,1.0000624656677246,1.0002992153167725,0
2026-03-05 11:00:00+00:00,1.0002412796020508,1.000453233718872,1.000040888786316,1.0000660419464111,999456768
2026-03-05 12:00:00+00:00,1.0001035928726196,1.000156283378601,0.9998648166656494,1.0000309944152832,0
2026-03-05 13:00:00+00:00,1.0001662969589233,1.000252604484558,0.9999666213989258,0.9999666213989258,0
2026-03-05 14:00:00+00:00,1.0000879764556885,1.0003089904785156,0.9998028874397278,1.0002057552337646,0
2026-03-05 15:00:00+00:00,1.0001567602157593,1.0003209114074707,0.9999039769172668,1.0000537633895874,0
2026-03-05 16:00:00+00:00,1.0000731945037842,1.0003025531768799,0.9998999834060669,1.0001450777053833,0
2026-03-05 17:00:00+00:00,1.0001126527786255,1.0002031326293945,0.9998899698257446,1.0001317262649536,0
2026-03-05 18:00:00+00:00,1.0000191926956177,1.000065565109253,0.9998557567596436,1.0000563859939575,0
2026-03-05 19:00:00+00:00,0.9999902248382568,1.000101923942566,0.9997614026069641,0.9999256134033203,0
2026-03-05 20:00:00+00:00,0.9999061822891235,1.0000449419021606,0.9997785687446594,0.9998804926872253,0
2026-03-05 21:00:00+00:00,0.9999678730964661,1.0000817775726318,0.9998837113380432,1.0000180006027222,0
2026-03-05 22:00:00+00:00,0.9999446272850037,1.0001202821731567,0.9998838305473328,0.9999697804450989,0
2026-03-05 23:00:00+00:00,1.0000035762786865,1.000201940536499,0.9998763203620911,1.000201940536499,0
2026-03-06 00:00:00+00:00,0.9999400973320007,1.0000693798065186,0.9998741745948792,0.9999861121177673,0
2026-03-06 01:00:00+00:00,1.00005042552948,1.0000855922698975,0.9998610615730286,0.9999975562095642,0
2026-03-06 02:00:00+00:00,1.0000215768814087,1.000045895576477,0.9998382329940796,0.9999563694000244,0
2026-03-06 03:00:00+00:00,0.9999323487281799,1.0001007318496704,0.9999253749847412,0.9999589323997498,0
2026-03-06 04:00:00+00:00,1.0000219345092773,1.0000678300857544,0.9997510313987732,1.000019907951355,0
2026-03-06 05:00:00+00:00,0.9999707937240601,1.0000790357589722,0.9998356103897095,1.0000255107879639,0
2026-03-06 06:00:00+00:00,0.9999430179595947,1.0000606775283813,0.9998725652694702,0.9999637007713318,0
2026-03-06 07:00:00+00:00,0.9999180436134338,1.0000863075256348,0.9998003840446472,1.0000299215316772,0
2026-03-06 08:00:00+00:00,0.9999598264694214,1.0000606775283813,0.999883770942688,1.0000392198562622,0
2026-03-06 09:00:00+00:00,0.9998704791069031,1.0001450777053833,0.9998070001602173,1.0000813007354736,0
2026-03-06 10:00:00+00:00,0.9999861121177673,1.0000900030136108,0.9998490214347839,0.9999287128448486,0
2026-03-06 11:00:00+00:00,0.9999503493309021,1.000093698501587,0.9998877048492432,0.9999824166297913,0
2026-03-06 12:00:00+00:00,0.9999848008155823,1.0000885725021362,0.9997442364692688,1.0000618696212769,930791424
2026-03-06 13:00:00+00:00,0.9999815821647644,1.0000879764556885,0.999828040599823,0.9998716115951538,1262682112
2026-03-06 14:00:00+00:00,1.0000053644180298,1.0000861883163452,0.9997552633285522,0.9999213814735413,3165437952
2026-03-06 15:00:00+00:00,0.9999812245368958,1.0001497268676758,0.9998504519462585,0.9999980330467224,0
2026-03-06 16:00:00+00:00,1.0000128746032715,1.000114917755127,0.9998020529747009,0.9999716877937317,0
2026-03-06 17:00:00+00:00,0.9999832510948181,1.0001585483551025,0.9998074769973755,0.9998630881309509,147955712
2026-03-06 18:00:00+00:00,1.0000114440917969,1.0000544786453247,0.9998761415481567,0.9999341368675232,0
2026-03-06 19:00:00+00:00,0.9999199509620667,1.0000520944595337,0.99985271692276,0.9999295473098755,0
2026-03-06 20:00:00+00:00,0.9998844265937805,1.0000241994857788,0.9997225403785706,0.9998722076416016,0
2026-03-06 21:00:00+00:00,0.9999145269393921,1.0000249147415161,0.9997711181640625,0.9999127388000488,0
2026-03-06 22:00:00+00:00,0.9999372959136963,1.0000529289245605,0.9998496174812317,0.9999483823776245,0
2026-03-06 23:00:00+00:00,0.9999644160270691,1.0000649690628052,0.9998673796653748,0.9999608993530273,0
2026-03-07 00:00:00+00:00,0.9998980164527893,0.9999935030937195,0.9998719692230225,0.9999033808708191,0
2026-03-07 01:00:00+00:00,0.9999373555183411,1.0000337362289429,0.9998920559883118,0.9998927712440491,0
2026-03-07 02:00:00+00:00,0.9999660849571228,1.0000050067901611,0.999882161617279,0.9999436736106873,0
2026-03-07 03:00:00+00:00,0.999912440776825,1.0000561475753784,0.9998822808265686,0.9999213814735413,0
2026-03-07 04:00:00+00:00,0.999960720539093,1.0000100135803223,0.9998710751533508,0.9999384880065918,0
2026-03-07 05:00:00+00:00,0.9999504685401917,1.0001018047332764,0.9998531937599182,0.9999345541000366,0
2026-03-07 06:00:00+00:00,0.9998905062675476,1.0000526905059814,0.9998807907104492,0.9999338984489441,0
2026-03-07 07:00:00+00:00,1.000001311302185,1.0000596046447754,0.9998538494110107,0.9999478459358215,0
2026-03-07 08:00:00+00:00,0.9999138116836548,1.000125527381897,0.9998427033424377,0.999961256980896,0
2026-03-07 09:00:00+00:00,0.9999573826789856,1.0000075101852417,0.9998257160186768,0.9999235272407532,0
2026-03-07 10:00:00+00:00,0.999895453453064,1.0000680685043335,0.9998913407325745,0.9999293088912964,0
2026-03-07 11:00:00+00:00,0.9999428391456604,1.0001301765441895,0.999923586845398,0.9999616146087646,0
2026-03-07 12:00:00+00:00,0.9999288320541382,1.0000697374343872,0.9998766779899597,0.999987781047821,0
2026-03-07 13:00:00+00:00,0.9999452233314514,1.0001274347305298,0.9999076128005981,0.9999524354934692,0
2026-03-07 14:00:00+00:00,0.9999712705612183,1.0001182556152344,0.9998269081115723,0.9999761581420898,0
2026-03-07 15:00:00+00:00,0.9999545812606812,1.0000063180923462,0.9998470544815063,0.9999300837516785,0
2026-03-07 16:00:00+00:00,0.9999889135360718,1.000159740447998,0.9998679757118225,0.9999547600746155,0
2026-03-07 17:00:00+00:00,0.9999712705612183,1.0000044107437134,0.9998666048049927,0.9999542832374573,0
2026-03-07 18:00:00+00:00,0.9999609589576721,1.0000150203704834,0.9997725486755371,0.99986732006073,0
2026-03-07 19:00:00+00:00,0.9999088644981384,1.0002433061599731,0.9998580813407898,0.9999986886978149,1763442688
2026-03-07 20:00:00+00:00,0.9999746680259705,1.0000693798065186,0.9999227523803711,1.0000050067901611,0
2026-03-07 21:00:00+00:00,1.0000064373016357,1.0000905990600586,0.9999311566352844,1.000001311302185,0
2026-03-07 22:00:00+00:00,1.0000395774841309,1.0000636577606201,0.9998146295547485,0.9999611377716064,133312512
2026-03-07 23:00:00+00:00,0.9997662901878357,0.9999986886978149,0.9997662901878357,0.9999095797538757,74444800
2026-03-08 00:00:00+00:00,0.9998090863227844,1.0000801086425781,0.9998090863227844,0.9999107718467712,0
2026-03-08 01:00:00+00:00,0.999961793422699,1.000078558921814,0.999849796295166,0.9999562501907349,0
2026-03-08 02:00:00+00:00,0.9999015927314758,1.0000814199447632,0.9998602867126465,0.9999242424964905,1672810496
2026-03-08 03:00:00+00:00,0.999929666519165,1.0000686645507812,0.9998136758804321,0.9999547004699707,534474752
2026-03-08 04:00:00+00:00,0.9999197125434875,1.0000101327896118,0.9998188018798828,0.9998879432678223,524021760
2026-03-08 05:00:00+00:00,0.9999630451202393,1.0000368356704712,0.9998161196708679,0.9999420642852783,460210176
2026-03-08 06:00:00+00:00,0.9999900460243225,1.000075101852417,0.9999017119407654,0.9999960660934448,0
2026-03-08 07:00:00+00:00,0.9999805092811584,1.0000898838043213,0.9998103976249695,0.9999359250068665,0
2026-03-08 08:00:00+00:00,0.9999463558197021,1.000061273574829,0.9997856020927429,0.9999404549598694,218509312
2026-03-08 09:00:00+00:00,0.9999504089355469,1.000076413154602,0.9998616576194763,0.9999740719795227,784801792
2026-03-08 10:00:00+00:00,0.9999511241912842,1.0000182390213013,0.9998546242713928,0.9999606609344482,1820999680
2026-03-08 11:00:00+00:00,0.9999312162399292,1.0001966953277588,0.9997965097427368,0.9999508857727051,396611584
2026-03-08 12:00:00+00:00,0.9999428391456604,1.0000426769256592,0.9998226165771484,0.9999672174453735,1811025920
2026-03-08 13:00:00+00:00,0.9999799132347107,1.0001007318496704,0.9997820854187012,0.9999301433563232,2158743552
2026-03-08 14:00:00+00:00,0.9999869465827942,0.9999956488609314,0.9998102784156799,0.999911367893219,0
2026-03-08 15:00:00+00:00,0.9998999834060669,1.0000041723251343,0.9998089075088501,0.9999515414237976,289198080
2026-03-08 16:00:00+00:00,0.9998460412025452,1.0000420808792114,0.9997951984405518,0.9999775886535645,471764992
2026-03-08 17:00:00+00:00,0.9999338388442993,1.0000213384628296,0.9998084306716919,0.9999193549156189,753651712
2026-03-08 18:00:00+00:00,0.9999199509620667,1.0000667572021484,0.9998505711555481,0.9999138116836548,0
2026-03-08 19:00:00+00:00,0.9998556971549988,1.0001130104064941,0.9997910857200623,0.9999687671661377,0
2026-03-08 20:00:00+00:00,0.9999662041664124,1.000024676322937,0.9998716711997986,0.9999545812606812,516669440
2026-03-08 21:00:00+00:00,0.9999445676803589,1.000020980834961,0.9998340606689453,0.9999683499336243,900186112
2026-03-08 22:00:00+00:00,0.9999220371246338,1.0001388788223267,0.9997872114181519,1.0000102519989014,4136714240
2026-03-08 23:00:00+00:00,0.9999861717224121,1.000116229057312,0.9998500943183899,0.9999071359634399,2002092032
2026-03-09 00:00:00+00:00,0.9999979734420776,1.0001600980758667,0.9998663663864136,0.9999907612800598,1676918784
2026-03-09 01:00:00+00:00,1.0000336170196533,1.0001280307769775,0.9998130202293396,1.0000014305114746,2090590208
2026-03-09 02:00:00+00:00,1.0000025033950806,1.0000563859939575,0.9997984170913696,0.9999009966850281,178536448
2026-03-09 03:00:00+00:00,0.9999916553497314,1.000191330909729,0.9998589158058167,0.9999909400939941,2591756288
2026-03-09 04:00:00+00:00,1.0000311136245728,1.0001068115234375,0.9998027086257935,1.00001060962677,0
2026-03-09 05:00:00+00:00,1.000070571899414,1.0001496076583862,0.9997833371162415,0.9999470710754395,2767527936
2026-03-09 06:00:00+00:00,0.999937891960144,1.0000813007354736,0.9998055696487427,0.99992835521698,1867784192
2026-03-09 07:00:00+00:00,1.0000014305114746,1.0000747442245483,0.9998011589050293,0.9998471140861511,1091772416
2026-03-09 08:00:00+00:00,0.9998888969421387,1.0001568794250488,0.9997584819793701,0.9997584819793701,1895268352
2026-03-09 09:00:00+00:00,0.9997982978820801,1.0000522136688232,0.9997711181640625,0.9999057054519653,1281687552
2026-03-09 10:00:00+00:00,0.9999057054519653,1.0001015663146973,0.9997394680976868,0.9998506307601929,184352768
2026-03-09 11:00:00+00:00,0.9998138546943665,1.00001859664917,0.9997175335884094,0.999885082244873,109199360
2026-03-09 12:00:00+00:00,0.999913215637207,0.9999842643737793,0.999790608882904,0.9999021291732788,0
2026-03-09 13:00:00+00:00,0.9999876022338867,1.0003575086593628,0.9998725652694702,1.000062108039856,2537439232
2026-03-09 14:00:00+00:00,1.0000255107879639,1.0002456903457642,0.999896228313446,1.0001460313796997,4177747968
2026-03-09 15:00:00+00:00,0.9999803304672241,1.000231146812439,0.9999803304672241,1.000187873840332,2658713600
2026-03-09 16:00:00+00:00,1.000137448310852,1.0002379417419434,1.0000077486038208,1.0002127885818481,1621188608
2026-03-09 17:00:00+00:00,1.0001866817474365,1.0002630949020386,1.0000097751617432,1.0001224279403687,1099931648
2026-03-09 18:00:00+00:00,1.000186562538147,1.0002423524856567,1.00001060962677,1.0001277923583984,1504305152
2026-03-09 19:00:00+00:00,1.0001113414764404,1.0003334283828735,1.0000501871109009,1.0001795291900635,1850007552
2026-03-09 20:00:00+00:00,1.0001330375671387,1.000374436378479,1.0001314878463745,1.0002524852752686,771768320
2026-03-09 21:00:00+00:00,1.0001661777496338,1.0003448724746704,0.9999901056289673,1.0001548528671265,283877376
2026-03-09 22:00:00+00:00,1.0001486539840698,1.000447154045105,1.0000181198120117,1.0001016855239868,0
2026-03-09 23:00:00+00:00,1.0000687837600708,1.0004024505615234,0.9999911785125732,1.0001016855239868,0
2026-03-10 00:00:00+00:00,1.0001723766326904,1.0003129243850708,1.0000100135803223,1.0002305507659912,0
2026-03-10 01:00:00+00:00,1.0001280307769775,1.0004684925079346,1.0000027418136597,1.0001041889190674,0
2026-03-10 02:00:00+00:00,1.0001556873321533,1.0003204345703125,0.9999092817306519,1.0000017881393433,2010832896
2026-03-10 03:00:00+00:00,0.9999786615371704,1.0004644393920898,0.999898374080658,1.0000613927841187,0
2026-03-10 04:00:00+00:00,1.0001075267791748,1.0003561973571777,0.9998720288276672,1.0001071691513062,366067712
2026-03-10 05:00:00+00:00,1.000187873840332,1.0002477169036865,0.9999425411224365,1.0001320838928223,0
2026-03-10 06:00:00+00:00,0.9999889135360718,1.0003070831298828,0.9999889135360718,1.000038504600525,0
2026-03-10 07:00:00+00:00,1.000341534614563,1.000341534614563,1.0000227689743042,1.0000487565994263,427876352
2026-03-10 08:00:00+00:00,1.0000929832458496,1.0002636909484863,0.9998788237571716,1.0000178813934326,1327366144
2026-03-10 09:00:00+00:00,1.0001856088638306,1.0003563165664673,1.0000184774398804,1.000152826309204,0
2026-03-10 10:00:00+00:00,1.0003023147583008,1.0003023147583008,1.000014066696167,1.000146508216858,139632640
2026-03-10 11:00:00+00:00,1.0001283884048462,1.0003107786178589,0.9999727010726929,1.00008225440979,1124909056
2026-03-10 12:00:00+00:00,1.0000683069229126,1.0005438327789307,1.000016212463379,1.0002453327178955,0
2026-03-10 13:00:00+00:00,1.0002082586288452,1.000341534614563,1.0000170469284058,1.000213384628296,0
2026-03-10 14:00:00+00:00,1.0002862215042114,1.0003739595413208,0.9999813437461853,1.0002152919769287,1107542016
2026-03-10 15:00:00+00:00,1.0001264810562134,1.0005929470062256,1.0001184940338135,1.0002745389938354,2890416128
2026-03-10 16:00:00+00:00,1.0004023313522339,1.0004830360412598,1.0001784563064575,1.000255823135376,1687117824
2026-03-10 17:00:00+00:00,1.000261902809143,1.000375509262085,1.0000981092453003,1.0002175569534302,993550336
2026-03-10 18:00:00+00:00,1.0002104043960571,1.0003893375396729,1.0000958442687988,1.0001415014266968,1885577216
2026-03-10 19:00:00+00:00,1.000184178352356,1.0003019571304321,0.9999256730079651,1.0000653266906738,0
2026-03-10 20:00:00+00:00,1.0000985860824585,1.0002895593643188,0.9999922513961792,1.0001980066299438,0
2026-03-10 21:00:00+00:00,1.0000970363616943,1.0002540349960327,1.0000003576278687,1.0001168251037598,276938752
2026-03-10 22:00:00+00:00,1.000213623046875,1.0002427101135254,0.9999955296516418,1.0000598430633545,0
2026-03-10 23:00:00+00:00,1.0001249313354492,1.0002162456512451,1.0000102519989014,1.0000711679458618,0
2026-03-11 00:00:00+00:00,1.0001062154769897,1.0002384185791016,1.00001060962677,1.00001060962677,0
2026-03-11 01:00:00+00:00,1.0002450942993164,1.0002998113632202,1.0000334978103638,1.0001493692398071,88809472
2026-03-11 02:00:00+00:00,1.0001468658447266,1.0002816915512085,1.0000219345092773,1.0002214908599854,0
2026-03-11 03:00:00+00:00,1.0001481771469116,1.0002914667129517,0.9999927282333374,1.0001780986785889,807133184
2026-03-11 04:00:00+00:00,1.0000871419906616,1.000288724899292,0.9999655485153198,1.0001875162124634,0
2026-03-11 05:00:00+00:00,1.0001740455627441,1.0002131462097168,0.9999359250068665,1.0001778602600098,0
2026-03-11 06:00:00+00:00,1.000017523765564,1.0002059936523438,0.9999505877494812,1.000001072883606,0
2026-03-11 07:00:00+00:00,1.000170350074768,1.0002050399780273,0.9999669194221497,1.0001665353775024,0
2026-03-11 08:00:00+00:00,1.0000370740890503,1.000313401222229,0.9999354481697083,1.0000768899917603,0
2026-03-11 09:00:00+00:00,1.000101089477539,1.0005674362182617,0.9999249577522278,1.0000616312026978,0
2026-03-11 10:00:00+00:00,1.0002145767211914,1.000267744064331,0.9999104738235474,1.0000901222229004,0
2026-03-11 11:00:00+00:00,1.0000593662261963,1.0004351139068604,0.9999326467514038,1.0001804828643799,0
2026-03-11 12:00:00+00:00,0.99995356798172,1.0003702640533447,0.9999075531959534,1.0001059770584106,1004142592
2026-03-11 13:00:00+00:00,1.0000630617141724,1.0003376007080078,0.9999551177024841,1.0000519752502441,1767211008
2026-03-11 14:00:00+00:00,1.0001295804977417,1.000298023223877,0.999996542930603,1.000126838684082,0
2026-03-11 15:00:00+00:00,0.9999479651451111,1.0003268718719482,0.9999479651451111,1.0002057552337646,0
2026-03-11 16:00:00+00:00,1.0001832246780396,1.0005422830581665,1.000002384185791,1.0002098083496094,0
2026-03-11 17:00:00+00:00,1.0002622604370117,1.000388741493225,1.0000865459442139,1.0002472400665283,1677475840
2026-03-11 18:00:00+00:00,1.0002098083496094,1.0003818273544312,1.000093698501587,1.0002572536468506,0
2026-03-11 19:00:00+00:00,1.0002915859222412,1.0004833936691284,1.000112533569336,1.0001757144927979,0
2026-03-11 20:00:00+00:00,1.000307321548462,1.000345230102539,0.9999376535415649,0.9999376535415649,0
2026-03-11 21:00:00+00:00,1.0002199411392212,1.0003472566604614,0.9999836683273315,1.000123143196106,0
2026-03-11 22:00:00+00:00,1.000245213508606,1.0004757642745972,1.0000078678131104,1.0002919435501099,41721856
2026-03-11 23:00:00+00:00,1.0002630949020386,1.00039541721344,1.000058650970459,1.0002623796463013,0
2026-03-12 00:00:00+00:00,1.0002460479736328,1.0003834962844849,1.0000221729278564,1.0002094507217407,0
2026-03-12 01:00:00+00:00,1.0001246929168701,1.0003352165222168,0.9999855756759644,1.0000247955322266,53370880
2026-03-12 02:00:00+00:00,1.0000652074813843,1.000293254852295,1.0000157356262207,1.0002071857452393,0
2026-03-12 03:00:00+00:00,1.0001616477966309,1.0002309083938599,1.000022053718567,1.0001308917999268,0
2026-03-12 04:00:00+00:00,1.0001332759857178,1.0002211332321167,0.9999639987945557,1.0000487565994263,0
2026-03-12 05:00:00+00:00,1.0000101327896118,1.0001416206359863,0.9999538064002991,1.0000187158584595,0
2026-03-12 06:00:00+00:00,0.9999866485595703,1.0001782178878784,0.9999120235443115,1.0000064373016357,0
2026-03-12 07:00:00+00:00,0.9999658465385437,1.0002118349075317,0.9999440908432007,1.000067114830017,0
2026-03-12 08:00:00+00:00,1.000187873840332,1.0002917051315308,0.999927818775177,1.0002120733261108,486653952
2026-03-12 09:00:00+00:00,1.000152587890625,1.0002988576889038,0.9999392628669739,1.0000896453857422,668508160
2026-03-12 10:00:00+00:00,1.0001277923583984,1.0003949403762817,0.999893069267273,1.0003308057785034,779075584
2026-03-12 11:00:00+00:00,1.000110387802124,1.0003080368041992,0.9999852776527405,1.000252366065979,527327232
2026-03-12 12:00:00+00:00,1.0002020597457886,1.0004023313522339,1.0000640153884888,1.0001691579818726,0
2026-03-12 13:00:00+00:00,1.0002862215042114,1.0003596544265747,0.9999247193336487,1.0001004934310913,0
2026-03-12 14:00:00+00:00,1.000219464302063,1.0004812479019165,1.0000860691070557,1.0001311302185059,0
2026-03-12 15:00:00+00:00,1.0002145767211914,1.0003337860107422,0.9999215006828308,1.0002055168151855,177037312
2026-03-12 16:00:00+00:00,1.0002046823501587,1.0003911256790161,0.999992847442627,1.00014328956604,564215808
2026-03-12 17:00:00+00:00,1.0002621412277222,1.0004132986068726,1.0000593662261963,1.0002679824829102,0
2026-03-12 18:00:00+00:00,1.0002553462982178,1.0004342794418335,1.00007963180542,1.0002403259277344,0
2026-03-12 19:00:00+00:00,1.0000840425491333,1.0003695487976074,1.0000652074813843,1.0001602172851562,151093248
2026-03-12 20:00:00+00:00,1.000257134437561,1.0003838539123535,1.0000778436660767,1.0001496076583862,259366912
2026-03-12 21:00:00+00:00,1.0002117156982422,1.000328779220581,0.9999619126319885,1.0001946687698364,0
2026-03-12 22:00:00+00:00,1.000093936920166,1.0004421472549438,0.999994158744812,1.000158667564392,0
2026-03-12 23:00:00+00:00,1.000162959098816,1.0003209114074707,0.9999045729637146,1.0000715255737305,1629323264
2026-03-13 00:00:00+00:00,1.0001187324523926,1.0002809762954712,0.9999392032623291,1.0000536441802979,6453018624
2026-03-13 01:00:00+00:00,1.0000783205032349,1.0002225637435913,0.9998909831047058,1.0000282526016235,1361117184
2026-03-13 02:00:00+00:00,1.0000051259994507,1.0001333951950073,0.9998376369476318,0.9999600648880005,0
2026-03-13 03:00:00+00:00,0.9999911785125732,1.0000699758529663,0.9998598694801331,0.9999441504478455,626180096
2026-03-13 04:00:00+00:00,0.9999845027923584,1.0000730752944946,0.9998800754547119,0.9999858736991882,261890048
2026-03-13 05:00:00+00:00,0.9997764229774475,1.0000540018081665,0.9997254014015198,0.9999794363975525,0
2026-03-13 06:00:00+00:00,0.9998387098312378,1.0000048875808716,0.9998278021812439,0.9999664425849915,1766342656
2026-03-13 07:00:00+00:00,0.9999405145645142,1.0000486373901367,0.9998108744621277,1.0000368356704712,824688640
2026-03-13 08:00:00+00:00,0.9999817609786987,1.0001300573349,0.9997879862785339,0.9999806880950928,1236893696
2026-03-13 09:00:00+00:00,1.0000768899917603,1.000147819519043,0.999923050403595,0.9999895691871643,0
2026-03-13 10:00:00+00:00,1.0001307725906372,1.0002751350402832,0.9998539686203003,1.0000503063201904,2689335296
2026-03-13 11:00:00+00:00,1.0000076293945312,1.0001713037490845,0.9999133944511414,1.0000249147415161,110747648
2026-03-13 12:00:00+00:00,0.9999999403953552,1.000222086906433,0.9998795390129089,1.0001592636108398,1188831232
2026-03-13 13:00:00+00:00,1.00019109249115,1.0002847909927368,0.9998095631599426,1.0000909566879272,4492500992
2026-03-13 14:00:00+00:00,1.0002565383911133,1.0004416704177856,1.0000005960464478,1.0001157522201538,4098138112
2026-03-13 15:00:00+00:00,1.0002802610397339,1.0003331899642944,0.9999585151672363,1.000047206878662,3219218432
2026-03-13 16:00:00+00:00,1.0001922845840454,1.0002706050872803,0.9999235272407532,1.0001291036605835,2316091392
2026-03-13 17:00:00+00:00,1.0000756978988647,1.0002250671386719,0.9998228549957275,1.0000284910202026,2077310976
2026-03-13 18:00:00+00:00,0.9999769926071167,1.0002224445343018,0.9998368620872498,0.999925434589386,0
2026-03-13 19:00:00+00:00,0.9999353289604187,1.0001330375671387,0.9998432993888855,0.9998859167098999,1598447616
2026-03-13 20:00:00+00:00,1.0000410079956055,1.0001572370529175,0.9998136162757874,1.0000395774841309,0
2026-03-13 21:00:00+00:00,1.0000417232513428,1.0002021789550781,0.9997883439064026,1.0001351833343506,256843776
2026-03-13 22:00:00+00:00,1.0000531673431396,1.0001392364501953,0.9995889663696289,1.0001392364501953,671350784
2026-03-13 23:00:00+00:00,0.9999754428863525,1.0002344846725464,0.9998364448547363,1.0001434087753296,0
2026-03-14 00:00:00+00:00,1.0000914335250854,1.0001875162124634,0.9998270869255066,1.000048041343689,0
2026-03-14 01:00:00+00:00,0.9999604821205139,1.0001721382141113,0.9998682737350464,1.0000255107879639,0
2026-03-14 02:00:00+00:00,1.000028133392334,1.0001693964004517,0.9998925924301147,1.0000859498977661,0
2026-03-14 03:00:00+00:00,0.9999475479125977,1.0001404285430908,0.9998873472213745,1.0000613927841187,0
2026-03-14 04:00:00+00:00,1.0000708103179932,1.0001634359359741,0.9999142289161682,0.9999910593032837,0
2026-03-14 05:00:00+00:00,1.0000299215316772,1.000350832939148,0.9999168515205383,1.0003107786178589,0
2026-03-14 06:00:00+00:00,1.0002670288085938,1.0003466606140137,1.0000267028808594,1.0001386404037476,0
2026-03-14 07:00:00+00:00,1.0002398490905762,1.0003451108932495,1.000065803527832,1.00019371509552,0
2026-03-14 08:00:00+00:00,1.0001578330993652,1.0002888441085815,1.0000883340835571,1.0002108812332153,0
2026-03-14 09:00:00+00:00,1.0001063346862793,1.0004042387008667,1.0000666379928589,1.000248908996582,0
2026-03-14 10:00:00+00:00,1.0001561641693115,1.0003232955932617,1.000035285949707,1.0001729726791382,0
2026-03-14 11:00:00+00:00,1.0001801252365112,1.0003228187561035,1.0000978708267212,1.000257134437561,0
2026-03-14 12:00:00+00:00,1.00020170211792,1.0002630949020386,1.0000805854797363,1.000235915184021,0
2026-03-14 13:00:00+00:00,1.0002105236053467,1.0002951622009277,1.0001221895217896,1.0001375675201416,0
2026-03-14 14:00:00+00:00,1.000091791152954,1.000327229499817,1.000091791152954,1.0001826286315918,0
2026-03-14 15:00:00+00:00,1.0002518892288208,1.000264286994934,1.0000197887420654,1.0001206398010254,0
2026-03-14 16:00:00+00:00,1.0001311302185059,1.000173807144165,0.9999953508377075,1.0001001358032227,0
2026-03-14 17:00:00+00:00,1.0000653266906738,1.0001529455184937,0.9999687671661377,1.0000905990600586,0
2026-03-14 18:00:00+00:00,1.0000630617141724,1.000159740447998,0.9999922513961792,1.000159740447998,0
2026-03-14 19:00:00+00:00,1.0000717639923096,1.0001734495162964,0.9999663233757019,1.0001544952392578,0
2026-03-14 20:00:00+00:00,1.0000865459442139,1.0002139806747437,0.9999025464057922,1.0001943111419678,0
2026-03-14 21:00:00+00:00,1.0000990629196167,1.000199317932129,0.9999452829360962,1.0001404285430908,0
2026-03-14 22:00:00+00:00,1.0001062154769897,1.0002528429031372,0.999939501285553,1.0001487731933594,0
2026-03-14 23:00:00+00:00,1.0001007318496704,1.000211477279663,1.0000561475753784,1.0001004934310913,4132864
2026-03-15 00:00:00+00:00,1.0001052618026733,1.0002514123916626,0.9999975562095642,1.000145435333252,0
2026-03-15 01:00:00+00:00,1.0001338720321655,1.0002050399780273,0.9999823570251465,1.0001373291015625,0
2026-03-15 02:00:00+00:00,1.0001448392868042,1.0002206563949585,0.9999255537986755,1.000135898590088,613359616
2026-03-15 03:00:00+00:00,1.000095009803772,1.0001583099365234,0.9999721050262451,1.0000492334365845,0
2026-03-15 04:00:00+00:00,1.0001094341278076,1.0001384019851685,0.9999162554740906,1.0000059604644775,0
2026-03-15 05:00:00+00:00,1.0001455545425415,1.0002027750015259,0.9999591112136841,1.000096321105957,399970304
2026-03-15 06:00:00+00:00,1.0001022815704346,1.0001699924468994,0.9999901056289673,1.0001212358474731,0
2026-03-15 07:00:00+00:00,1.0001081228256226,1.0001715421676636,0.9999840259552002,0.9999972581863403,0
2026-03-15 08:00:00+00:00,1.000019907951355,1.0001767873764038,0.9999366402626038,1.0000128746032715,0
2026-03-15 09:00:00+00:00,1.000067114830017,1.0001411437988281,0.9998911619186401,1.0000379085540771,362397696
2026-03-15 10:00:00+00:00,0.999947190284729,1.000175952911377,0.9998891949653625,1.000105381011963,0
2026-03-15 11:00:00+00:00,1.0000344514846802,1.0001752376556396,0.9999479651451111,1.0000282526016235,0
2026-03-15 12:00:00+00:00,1.0000958442687988,1.0001518726348877,0.9999654293060303,1.0001367330551147,175673344
2026-03-15 13:00:00+00:00,1.000067949295044,1.0002137422561646,0.9999464750289917,1.0001020431518555,1998270464
2026-03-15 14:00:00+00:00,1.000135898590088,1.0001696348190308,0.9999478459358215,1.0000243186950684,101736448
2026-03-15 15:00:00+00:00,1.0000571012496948,1.000178337097168,0.9998555779457092,1.0001020431518555,0
2026-03-15 16:00:00+00:00,1.0001119375228882,1.0002344846725464,0.9998524188995361,1.0002344846725464,0
2026-03-15 17:00:00+00:00,1.0002086162567139,1.0002086162567139,0.9999704360961914,0.9999704360961914,497401856
2026-03-15 18:00:00+00:00,1.000077486038208,1.000123143196106,0.9998754262924194,1.0001091957092285,886018048
2026-03-15 19:00:00+00:00,0.9998948574066162,1.0001788139343262,0.9998948574066162,1.0000672340393066,564117504
2026-03-15 20:00:00+00:00,1.0000935792922974,1.0001416206359863,0.9999671578407288,1.000109314918518,865357824
2026-03-15 21:00:00+00:00,1.000046968460083,1.0001497268676758,0.999933123588562,1.0000675916671753,855560192
2026-03-15 22:00:00+00:00,1.0001137256622314,1.0002139806747437,0.9999121427536011,0.9999323487281799,5353926656
2026-03-15 23:00:00+00:00,0.999971866607666,1.0003548860549927,0.999971866607666,1.0001657009124756,3331719168
2026-03-16 00:00:00+00:00,1.0001717805862427,1.0002515316009521,0.9999712705612183,1.0001150369644165,1377927168
2026-03-16 01:00:00+00:00,1.0000799894332886,1.000242829322815,0.9999673962593079,1.000104546546936,1469362176
2026-03-16 02:00:00+00:00,1.0000805854797363,1.0002042055130005,0.9999449253082275,1.0000096559524536,0
2026-03-16 03:00:00+00:00,1.0001001358032227,1.0001881122589111,0.9996657371520996,1.0000383853912354,6618050560
2026-03-16 04:00:00+00:00,1.0000871419906616,1.0001596212387085,0.9997835755348206,0.9999810457229614,5222653952
2026-03-16 05:00:00+00:00,0.9999311566352844,1.0001057386398315,0.9997515678405762,0.9998724460601807,3039559680
2026-03-16 06:00:00+00:00,0.999930202960968,1.0000343322753906,0.9997382760047913,0.9999057650566101,3586375680
2026-03-16 07:00:00+00:00,0.9998878240585327,1.000062346458435,0.9998044967651367,1.0000355243682861,3014049792
2026-03-16 08:00:00+00:00,0.9998481869697571,1.0001604557037354,0.9998481869697571,0.9999589920043945,3749486592
2026-03-16 09:00:00+00:00,0.9999844431877136,1.0001461505889893,0.9998763799667358,0.9999681115150452,1138204672
2026-03-16 10:00:00+00:00,0.999964714050293,1.0001355409622192,0.9998752474784851,0.99995356798172,2232836096
2026-03-16 11:00:00+00:00,0.9999821782112122,1.0001205205917358,0.9998019337654114,1.0000370740890503,1875410944
2026-03-16 12:00:00+00:00,1.0001026391983032,1.0002131462097168,0.9994484782218933,1.0000715255737305,3232571392
2026-03-16 13:00:00+00:00,1.000064492225647,1.0002472400665283,0.9997949004173279,0.9998859763145447,775446528
2026-03-16 14:00:00+00:00,1.0000249147415161,1.0004863739013672,0.9998916387557983,0.9998992085456848,6153453568
2026-03-16 15:00:00+00:00,0.9999738931655884,1.000299096107483,0.9998281002044678,1.0000239610671997,2532425728
2026-03-16 16:00:00+00:00,1.0000063180923462,1.0000646114349365,0.9998234510421753,1.0000017881393433,3826139136
2026-03-16 17:00:00+00:00,0.9999889135360718,1.0000380277633667,0.9998309016227722,0.9999194741249084,3450994688
2026-03-16 18:00:00+00:00,1.0000312328338623,1.000110149383545,0.9998825192451477,0.9999731779098511,2977505280
2026-03-16 19:00:00+00:00,0.9999194741249084,1.000092625617981,0.9998217225074768,0.9999746084213257,2677710848
2026-03-16 20:00:00+00:00,0.9998795390129089,1.000102162361145,0.9998528957366943,1.0000460147857666,803790848
2026-03-16 21:00:00+00:00,1.0000815391540527,1.0002530813217163,0.9998341798782349,0.99996417760849,2410602496
2026-03-16 22:00:00+00:00,1.0000234842300415,1.0001112222671509,0.9998688697814941,0.9998903274536133,0
2026-03-16 23:00:00+00:00,0.9999374151229858,1.0000855922698975,0.999816358089447,1.000012755393982,12623872
2026-03-17 00:00:00+00:00,1.0000046491622925,1.0001689195632935,0.9998112916946411,1.0000940561294556,2852749312
2026-03-17 01:00:00+00:00,0.999880313873291,1.0000998973846436,0.9998013973236084,0.9999291300773621,2675310592
2026-03-17 02:00:00+00:00,0.9999975562095642,1.0000417232513428,0.9998642802238464,0.9999639391899109,2295619584
2026-03-17 03:00:00+00:00,0.9999719858169556,1.000044584274292,0.9998002648353577,0.9998944997787476,0
2026-03-17 04:00:00+00:00,0.9998733401298523,1.0000783205032349,0.9996869564056396,0.999925971031189,97435648
2026-03-17 05:00:00+00:00,0.9999160766601562,1.0000391006469727,0.9997946619987488,0.9999377727508545,0
2026-03-17 06:00:00+00:00,0.9997013211250305,1.0000035762786865,0.9997013211250305,0.9999646544456482,0
2026-03-17 07:00:00+00:00,0.9999510645866394,1.0000499486923218,0.9998250603675842,1.0000313520431519,0
2026-03-17 08:00:00+00:00,0.9999340772628784,1.0001872777938843,0.9996992945671082,0.9999943375587463,0
2026-03-17 09:00:00+00:00,1.0000317096710205,1.0002031326293945,0.9997618198394775,1.0001217126846313,4898816
2026-03-17 10:00:00+00:00,0.9999639391899109,1.0001165866851807,0.9997706413269043,0.9999445676803589,0
2026-03-17 11:00:00+00:00,0.9999949932098389,1.0001041889190674,0.9997813105583191,1.0000540018081665,0
2026-03-17 12:00:00+00:00,1.0000205039978027,1.0002440214157104,0.9998202323913574,0.9999379515647888,0
2026-03-17 13:00:00+00:00,1.000046730041504,1.0003565549850464,0.9998814463615417,1.0000405311584473,0
2026-03-17 14:00:00+00:00,1.0000576972961426,1.000250220298767,0.9998751282691956,1.0001657009124756,0
2026-03-17 15:00:00+00:00,1.0002011060714722,1.0003373622894287,0.9999809861183167,1.0001572370529175,0
2026-03-17 16:00:00+00:00,1.0001717805862427,1.000236988067627,0.9999313354492188,1.0001767873764038,337780736
2026-03-17 17:00:00+00:00,1.0001338720321655,1.0003681182861328,0.9999304413795471,1.0002038478851318,0
2026-03-17 18:00:00+00:00,1.0001235008239746,1.0003113746643066,0.9999287128448486,1.0002233982086182,0
2026-03-17 19:00:00+00:00,1.0001704692840576,1.0003107786178589,0.9999539852142334,1.0001393556594849,0
2026-03-17 20:00:00+00:00,1.0000337362289429,1.0002847909927368,1.0000314712524414,1.000065565109253,0
2026-03-17 21:00:00+00:00,1.0000979900360107,1.0002366304397583,0.9999648332595825,1.0002366304397583,0
2026-03-17 22:00:00+00:00,1.00020432472229,1.000330924987793,0.999996542930603,0.999996542930603,0
2026-03-17 23:00:00+00:00,1.0001758337020874,1.000381588935852,1.0000251531600952,1.0002864599227905,425984
2026-03-18 00:00:00+00:00,1.0002719163894653,1.0003002882003784,1.000020980834961,1.0002110004425049,0
2026-03-18 01:00:00+00:00,1.0001273155212402,1.000295639038086,1.0000141859054565,1.0002020597457886,0
2026-03-18 02:00:00+00:00,1.0001591444015503,1.0003160238265991,1.0000325441360474,1.0001417398452759,0
2026-03-18 03:00:00+00:00,1.0002304315567017,1.000403881072998,0.9999319314956665,1.0001009702682495,0
2026-03-18 04:00:00+00:00,1.0001888275146484,1.0003437995910645,1.0000406503677368,1.0002988576889038,0
2026-03-18 05:00:00+00:00,1.0002288818359375,1.0003266334533691,0.9999595880508423,1.0002490282058716,0
2026-03-18 06:00:00+00:00,1.0002762079238892,1.0003758668899536,1.0000674724578857,1.0001078844070435,0
2026-03-18 07:00:00+00:00,1.0000994205474854,1.0002323389053345,0.9999527931213379,1.0000919103622437,0
2026-03-18 08:00:00+00:00,1.0001704692840576,1.0001978874206543,0.9998984336853027,1.0000454187393188,0
2026-03-18 09:00:00+00:00,1.0000834465026855,1.0002332925796509,1.0000008344650269,1.0001566410064697,0
2026-03-18 10:00:00+00:00,1.0000933408737183,1.000289797782898,0.999954342842102,1.0000944137573242,0
2026-03-18 11:00:00+00:00,1.0001959800720215,1.00025475025177,0.9997254610061646,1.0000663995742798,3388252160
2026-03-18 12:00:00+00:00,1.0001678466796875,1.0001879930496216,0.9998694062232971,1.0001109838485718,2996690944
2026-03-18 13:00:00+00:00,1.000043272972107,1.0002881288528442,0.9998489022254944,1.0002881288528442,702930944
2026-03-18 14:00:00+00:00,1.0001176595687866,1.0001763105392456,0.9998064637184143,1.0001763105392456,2341363712
2026-03-18 15:00:00+00:00,1.0000717639923096,1.0001604557037354,0.9995076656341553,1.000083327293396,2426208256
2026-03-18 16:00:00+00:00,1.0000240802764893,1.0001636743545532,0.999844491481781,1.0000704526901245,776404992
2026-03-18 17:00:00+00:00,1.0000416040420532,1.0001729726791382,0.9999393820762634,1.0000332593917847,1443069952
2026-03-18 18:00:00+00:00,0.9999414086341858,1.0002044439315796,0.9997913837432861,1.000101923942566,1905541120
2026-03-18 19:00:00+00:00,1.000030517578125,1.0001918077468872,0.9998732805252075,1.0000678300857544,599269376
2026-03-18 20:00:00+00:00,1.000014066696167,1.0001301765441895,0.999873697757721,1.0000276565551758,835239936
2026-03-18 21:00:00+00:00,1.0001221895217896,1.000141978263855,0.9998681545257568,1.0000537633895874,1307254784
2026-03-18 22:00:00+00:00,1.0000758171081543,1.0002233982086182,0.9999366402626038,1.0000399351119995,126672896
2026-03-18 23:00:00+00:00,1.000038743019104,1.0001026391983032,0.9999265074729919,0.9999662637710571,501178368
2026-03-19 00:00:00+00:00,0.9999889731407166,1.000157356262207,0.9998639225959778,0.9999954104423523,0
2026-03-19 01:00:00+00:00,1.0000723600387573,1.000105381011963,0.9999266862869263,1.0000289678573608,9715712
2026-03-19 02:00:00+00:00,0.9999774694442749,1.0001420974731445,0.9998652338981628,1.000010371208191,0
2026-03-19 03:00:00+00:00,1.00005042552948,1.0001097917556763,0.999893069267273,0.9999908804893494,1036591104
2026-03-19 04:00:00+00:00,1.0000286102294922,1.0001170635223389,0.9998748302459717,0.999940812587738,373547008
2026-03-19 05:00:00+00:00,1.0000312328338623,1.000112771987915,0.999746561050415,0.999954104423523,84885504
2026-03-19 06:00:00+00:00,0.9998329281806946,1.0000282526016235,0.999796450138092,0.999947726726532,471236608
2026-03-19 07:00:00+00:00,0.999855101108551,1.000142216682434,0.9998460412025452,0.9998469352722168,4457742336
2026-03-19 08:00:00+00:00,1.0000064373016357,1.0001863241195679,0.9998719096183777,0.9999890327453613,1403936768
2026-03-19 09:00:00+00:00,1.000056505203247,1.0001773834228516,0.9999457597732544,0.9999778270721436,1982316544
2026-03-19 10:00:00+00:00,1.000030755996704,1.000030755996704,0.9998717904090881,0.9999051690101624,301924352
2026-03-19 11:00:00+00:00,0.9999829530715942,1.0000073909759521,0.9998380541801453,0.9999053478240967,0
2026-03-19 12:00:00+00:00,0.9998589158058167,1.0000900030136108,0.9998153448104858,0.9999108910560608,0
2026-03-19 13:00:00+00:00,0.9998738765716553,1.000056505203247,0.9996439218521118,1.0000052452087402,955670528
2026-03-19 14:00:00+00:00,0.9999790787696838,1.000144600868225,0.9998399615287781,0.9999793767929077,0
2026-03-19 15:00:00+00:00,0.9999480247497559,1.0001782178878784,0.9997977614402771,1.0000479221343994,0
2026-03-19 16:00:00+00:00,0.9999991655349731,1.000222086906433,0.9999184608459473,1.0000771284103394,1456119808
2026-03-19 17:00:00+00:00,1.0000290870666504,1.0001869201660156,0.9998437166213989,0.9999788999557495,0
2026-03-19 18:00:00+00:00,0.9999296069145203,1.0002844333648682,0.9999296069145203,1.0002844333648682,0
2026-03-19 19:00:00+00:00,0.9999953508377075,1.000242829322815,0.9998403787612915,1.000166654586792,919101440
2026-03-19 20:00:00+00:00,1.0001499652862549,1.0002076625823975,0.9999808073043823,1.000114917755127,0
2026-03-19 21:00:00+00:00,1.000256061553955,1.000256061553955,0.9999867677688599,1.0000361204147339,0
2026-03-19 22:00:00+00:00,1.0001320838928223,1.0002402067184448,0.9999697208404541,0.9999961256980896,0
2026-03-19 23:00:00+00:00,1.0000309944152832,1.0001651048660278,0.9999655485153198,1.0000890493392944,0
2026-03-20 00:00:00+00:00,1.0000228881835938,1.0001550912857056,0.9999202489852905,1.000091314315796,0
2026-03-20 01:00:00+00:00,1.0000685453414917,1.0001933574676514,0.9999037981033325,1.0000008344650269,365625344
2026-03-20 02:00:00+00:00,1.0001319646835327,1.0001835823059082,0.9999508857727051,1.0000975131988525,627449856
2026-03-20 03:00:00+00:00,1.0000778436660767,1.0001611709594727,0.9998981952667236,1.0000827312469482,0
2026-03-20 04:00:00+00:00,1.0000176429748535,1.0001202821731567,0.9998289942741394,1.0000519752502441,0
2026-03-20 05:00:00+00:00,0.9999735951423645,1.0001771450042725,0.9998743534088135,0.9999824166297913,0
2026-03-20 06:00:00+00:00,0.9999421238899231,1.0000807046890259,0.9998879432678223,1.0000054836273193,0
2026-03-20 07:00:00+00:00,1.000003695487976,1.0001413822174072,0.9998442530632019,1.0000180006027222,0
2026-03-20 08:00:00+00:00,1.0000355243682861,1.0001537799835205,0.999862551689148,0.9999967217445374,211288064
2026-03-20 09:00:00+00:00,0.9999972581863403,1.0000717639923096,0.9998747110366821,0.9999662637710571,0
2026-03-20 10:00:00+00:00,1.0000524520874023,1.0001258850097656,0.9998272061347961,0.9999738931655884,0
2026-03-20 11:00:00+00:00,0.9999661445617676,1.0001312494277954,0.9998475909233093,1.0001312494277954,2121728
2026-03-20 12:00:00+00:00,1.0000073909759521,1.0002626180648804,0.999822735786438,0.9999191761016846,0
2026-03-20 13:00:00+00:00,1.0000697374343872,1.0001686811447144,0.9997622966766357,0.9999474883079529,0
2026-03-20 14:00:00+00:00,0.9998725056648254,1.0001455545425415,0.999794602394104,0.9999848008155823,0
2026-03-20 15:00:00+00:00,0.9999327063560486,1.0001596212387085,0.9997461438179016,0.9998822808265686,0
2026-03-20 16:00:00+00:00,1.0000247955322266,1.0001757144927979,0.9997482299804688,0.999858558177948,0
2026-03-20 17:00:00+00:00,0.9998078346252441,1.0000643730163574,0.9996147751808167,0.9998092651367188,0
2026-03-20 18:00:00+00:00,0.9997183680534363,1.0000276565551758,0.9996650218963623,0.9998157620429993,643203072
2026-03-20 19:00:00+00:00,0.9997405409812927,1.0001486539840698,0.9996420741081238,0.9998971819877625,0
2026-03-20 20:00:00+00:00,0.9998247623443604,1.0002739429473877,0.9996798038482666,0.9999576210975647,53616640
2026-03-20 21:00:00+00:00,0.9998684525489807,1.0002026557922363,0.9996080994606018,0.9998716711997986,470482944
2026-03-20 22:00:00+00:00,0.9999390244483948,1.0001293420791626,0.9998339414596558,0.9999955296516418,0
2026-03-20 23:00:00+00:00,1.0000032186508179,1.0001529455184937,0.999891459941864,0.9999909996986389,0
2026-03-21 00:00:00+00:00,1.0000874996185303,1.0001448392868042,0.9998465180397034,0.9999626278877258,0
2026-03-21 01:00:00+00:00,0.9998276233673096,1.0001477003097534,0.9998276233673096,0.9998911619186401,0
2026-03-21 02:00:00+00:00,0.9999558925628662,1.0000455379486084,0.9997867941856384,0.9999063611030579,0
2026-03-21 03:00:00+00:00,0.9998887777328491,1.0000578165054321,0.9998384118080139,0.9999376535415649,0
2026-03-21 04:00:00+00:00,1.0000056028366089,1.0000346899032593,0.9998127222061157,0.9998127222061157,0
2026-03-21 05:00:00+00:00,0.9998971819877625,1.000074028968811,0.9997556209564209,0.9998418688774109,44867584
2026-03-21 06:00:00+00:00,0.9998437166213989,1.0000205039978027,0.9997819662094116,0.9998931884765625,0
2026-03-21 07:00:00+00:00,0.9999256134033203,1.000026822090149,0.9997556805610657,0.9998309016227722,0
2026-03-21 08:00:00+00:00,1.0000147819519043,1.0000147819519043,0.9997417330741882,0.9998932480812073,0
2026-03-21 09:00:00+00:00,0.9999005198478699,0.9999648928642273,0.9997644424438477,0.9998695254325867,0
2026-03-21 10:00:00+00:00,0.9999690055847168,0.9999932646751404,0.9997301697731018,0.9998963475227356,0
2026-03-21 11:00:00+00:00,0.9999046325683594,0.9999082088470459,0.9997736811637878,0.999789297580719,0
2026-03-21 12:00:00+00:00,0.999810516834259,0.9998477101325989,0.9996410608291626,0.9998027086257935,0
2026-03-21 13:00:00+00:00,0.9997806549072266,0.9998689889907837,0.9997069239616394,0.9997729063034058,0
2026-03-21 14:00:00+00:00,0.999775767326355,0.9999176263809204,0.9997288584709167,0.9998553395271301,0
2026-03-21 15:00:00+00:00,0.9998312592506409,0.9999549388885498,0.9997532367706299,0.9998243451118469,0
2026-03-21 16:00:00+00:00,0.9998181462287903,0.9999439120292664,0.9997498393058777,0.9999235272407532,0
2026-03-21 17:00:00+00:00,0.9999033212661743,0.999953031539917,0.9997663497924805,0.9998311400413513,0
2026-03-21 18:00:00+00:00,0.9998692274093628,0.9999398589134216,0.9997720122337341,0.9998466372489929,0
2026-03-21 19:00:00+00:00,0.9998272657394409,0.9999198913574219,0.999733567237854,0.9997972249984741,0
2026-03-21 20:00:00+00:00,0.9998272657394409,0.9999573826789856,0.9997612833976746,0.9999458193778992,0
2026-03-21 21:00:00+00:00,0.9998910427093506,0.9999831318855286,0.9997820854187012,0.9999562501907349,0
2026-03-21 22:00:00+00:00,0.9999073147773743,0.9999611377716064,0.9997761845588684,0.9998708963394165,0
2026-03-21 23:00:00+00:00,0.9999539256095886,0.9999773502349854,0.9997551441192627,0.9999740123748779,2829766656
2026-03-22 00:00:00+00:00,0.9999724626541138,1.000159740447998,0.9997774958610535,0.999948263168335,5824909312
2026-03-22 01:00:00+00:00,0.9998947978019714,1.0000388622283936,0.9997668266296387,0.999858558177948,1376641024
2026-03-22 02:00:00+00:00,0.9999324679374695,1.000040888786316,0.999764621257782,0.999889075756073,911548416
2026-03-22 03:00:00+00:00,0.9998787045478821,1.000109314918518,0.9997859001159668,0.9998898506164551,1139859456
2026-03-22 04:00:00+00:00,0.9999992847442627,1.0001245737075806,0.9997977614402771,0.999904990196228,600014848
2026-03-22 05:00:00+00:00,0.999902606010437,1.0000128746032715,0.9998331665992737,0.9998444318771362,0
2026-03-22 06:00:00+00:00,0.999911904335022,0.9999911189079285,0.9997797012329102,0.9998020529747009,103526400
2026-03-22 07:00:00+00:00,0.9998254776000977,0.9999837875366211,0.999799370765686,0.99985271692276,160301056
2026-03-22 08:00:00+00:00,0.9997946619987488,1.000033974647522,0.9997931718826294,0.9998058676719666,1384296448
2026-03-22 09:00:00+00:00,0.9998811483383179,0.999985933303833,0.9998068809509277,0.9998877644538879,621727744
2026-03-22 10:00:00+00:00,0.9999130368232727,1.0000211000442505,0.9998208284378052,0.9999245405197144,212627456
2026-03-22 11:00:00+00:00,1.000007152557373,1.000017523765564,0.9998559355735779,0.9999192953109741,1262518272
2026-03-22 12:00:00+00:00,0.9998318552970886,1.00002121925354,0.9998318552970886,0.9999229311943054,1165381632
2026-03-22 13:00:00+00:00,1.000003695487976,1.0000885725021362,0.99982750415802,1.0000053644180298,986787840
2026-03-22 14:00:00+00:00,0.9999082684516907,1.000095009803772,0.9998846054077148,0.9999514818191528,0
2026-03-22 15:00:00+00:00,1.0000216960906982,1.000130534172058,0.99990314245224,1.0000007152557373,0
2026-03-22 16:00:00+00:00,0.9999722242355347,1.000192642211914,0.9999395608901978,1.0000921487808228,0
2026-03-22 17:00:00+00:00,1.0000791549682617,1.0001846551895142,0.999947190284729,1.0000181198120117,88887296
2026-03-22 18:00:00+00:00,1.0001038312911987,1.00034761428833,0.9999133348464966,0.9999948143959045,707194880
2026-03-22 19:00:00+00:00,0.9999761581420898,1.0001226663589478,0.9998419284820557,0.9999586939811707,1560743936
2026-03-22 20:00:00+00:00,0.9999428391456604,1.0001283884048462,0.999859631061554,0.9999917149543762,187088896
2026-03-22 21:00:00+00:00,0.9999911189079285,1.00015389919281,0.9997760653495789,0.9999644756317139,2883833856
2026-03-22 22:00:00+00:00,0.9999148845672607,1.0001270771026611,0.9996938109397888,0.9999811053276062,1964515328
2026-03-22 23:00:00+00:00,0.9998760223388672,1.0002211332321167,0.9997178316116333,0.9998260140419006,0
2026-03-23 00:00:00+00:00,0.9997967481613159,1.0000557899475098,0.9997334480285645,0.9998698830604553,113496064
2026-03-23 01:00:00+00:00,0.9999462366104126,1.0001270771026611,0.9996486902236938,0.9999341368675232,0
2026-03-23 02:00:00+00:00,0.9999735951423645,1.0000371932983398,0.9996291399002075,0.999821126461029,215613440
2026-03-23 03:00:00+00:00,0.9997374415397644,1.0000897645950317,0.9996703267097473,0.9998270273208618,0
2026-03-23 04:00:00+00:00,0.9998159408569336,1.0000693798065186,0.9996406435966492,0.9998887777328491,0
2026-03-23 05:00:00+00:00,0.9997122287750244,1.0000627040863037,0.9996446371078491,0.999790608882904,1836310528
2026-03-23 06:00:00+00:00,0.9996621608734131,1.0000919103622437,0.9996621608734131,0.9997676014900208,2319712256
2026-03-23 07:00:00+00:00,0.9997274875640869,0.9998921751976013,0.999645471572876,0.9998303055763245,2764910592
2026-03-23 08:00:00+00:00,0.9997628927230835,1.0000146627426147,0.9995801448822021,0.9997279047966003,1021771776
2026-03-23 09:00:00+00:00,0.9997676610946655,1.0000027418136597,0.9995900392532349,0.9998233318328857,818540544
2026-03-23 10:00:00+00:00,0.9999338388442993,0.9999757409095764,0.9996242523193359,0.9997875094413757,788250624
2026-03-23 11:00:00+00:00,0.9998881816864014,1.0002422332763672,0.9996238946914673,0.9996759295463562,15249829888
2026-03-23 12:00:00+00:00,0.9997426271438599,1.0001904964447021,0.999605119228363,0.9998367428779602,5644664832
2026-03-23 13:00:00+00:00,0.9997167587280273,1.0002926588058472,0.999512791633606,0.9999076724052429,4209467392
2026-03-23 14:00:00+00:00,0.9997051358222961,1.0002690553665161,0.9997037649154663,1.000036597251892,3912949760
2026-03-23 15:00:00+00:00,0.9999855160713196,1.000186562538147,0.9996519684791565,0.9998512864112854,4296728576
2026-03-23 16:00:00+00:00,0.9997652769088745,1.0001779794692993,0.9996391534805298,1.0001779794692993,4469350400
2026-03-23 17:00:00+00:00,1.0000015497207642,1.0001407861709595,0.9995607137680054,0.9997885227203369,2909323264
2026-03-23 18:00:00+00:00,0.9998054504394531,1.0001310110092163,0.9996598958969116,0.9999217987060547,421797888
2026-03-23 19:00:00+00:00,0.9997994303703308,0.9999709725379944,0.9996641874313354,0.9996959567070007,0
2026-03-23 20:00:00+00:00,0.9998409748077393,1.0000357627868652,0.9996408820152283,0.9997997879981995,1420992512
2026-03-23 21:00:00+00:00,0.9998425841331482,1.0000306367874146,0.9997502565383911,0.9998974800109863,0
2026-03-23 22:00:00+00:00,0.9997896552085876,1.000015139579773,0.9996768236160278,0.9998686909675598,0
2026-03-23 23:00:00+00:00,0.9998415112495422,0.9999820590019226,0.9996651411056519,0.999773383140564,0
2026-03-24 00:00:00+00:00,0.9998456239700317,1.0002204179763794,0.9997084140777588,0.9999364614486694,0
2026-03-24 01:00:00+00:00,0.9997698068618774,1.0002069473266602,0.9997076392173767,0.999947726726532,17530880
2026-03-24 02:00:00+00:00,0.999855101108551,0.9999763369560242,0.9996688961982727,0.9997708201408386,0
2026-03-24 03:00:00+00:00,0.9997942447662354,0.9999043345451355,0.9996577501296997,0.9997118711471558,0
2026-03-24 04:00:00+00:00,0.9997333884239197,0.9998763799667358,0.9996227622032166,0.9997565746307373,0
2026-03-24 05:00:00+00:00,0.9996966123580933,0.9998374581336975,0.9996627569198608,0.9997802376747131,697851904
2026-03-24 06:00:00+00:00,0.9997154474258423,0.9998696446418762,0.9996638298034668,0.9997076392173767,0
2026-03-24 07:00:00+00:00,0.9997077584266663,0.9999475479125977,0.9995923638343811,0.9997655749320984,0
2026-03-24 08:00:00+00:00,0.9998435974121094,0.9999818801879883,0.9996560215950012,0.999877393245697,0
2026-03-24 09:00:00+00:00,0.9997771978378296,0.9999715089797974,0.9996155500411987,0.9998311400413513,226443264
2026-03-24 10:00:00+00:00,0.9998409152030945,0.9999659657478333,0.9996727705001831,0.9999659657478333,173809664
2026-03-24 11:00:00+00:00,0.9998651742935181,1.0000617504119873,0.9995808005332947,0.9998140931129456,0
2026-03-24 12:00:00+00:00,0.9998207688331604,0.9999050498008728,0.9996283650398254,0.9998089671134949,0
2026-03-24 13:00:00+00:00,0.9997903108596802,1.0002332925796509,0.9995611906051636,0.9998254776000977,0
2026-03-24 14:00:00+00:00,0.9998371005058289,0.9999473094940186,0.9994860887527466,0.9997517466545105,191799296
2026-03-24 15:00:00+00:00,0.9996506571769714,1.0000885725021362,0.999506950378418,1.0000885725021362,0
2026-03-24 16:00:00+00:00,0.9997606873512268,0.9999388456344604,0.9995326399803162,0.9996985793113708,0
2026-03-24 17:00:00+00:00,0.9997006058692932,0.9999368786811829,0.9995139837265015,0.9996634721755981,537673728
2026-03-24 18:00:00+00:00,0.9995617270469666,0.9998480677604675,0.9994306564331055,0.9996178150177002,128524288
2026-03-24 19:00:00+00:00,0.9995428323745728,0.999765157699585,0.9994392395019531,0.9995281100273132,0
2026-03-24 20:00:00+00:00,0.9994503855705261,0.9998010993003845,0.9993961453437805,0.9997107982635498,1625235456
2026-03-24 21:00:00+00:00,0.9995311498641968,0.9998727440834045,0.9993961453437805,0.9996622800827026,939646976
2026-03-24 22:00:00+00:00,0.9995508790016174,0.9998024702072144,0.9994427561759949,0.9997418522834778,550830080
2026-03-24 23:00:00+00:00,0.9995560646057129,0.9998577833175659,0.999427855014801,0.9996031522750854,794337280
2026-03-25 00:00:00+00:00,0.9996466636657715,0.9998612403869629,0.9993849396705627,0.9996842741966248,0
2026-03-25 01:00:00+00:00,0.9997429847717285,0.9997876882553101,0.9994608759880066,0.9995760321617126,202612736
2026-03-25 02:00:00+00:00,0.9995736479759216,0.99981290102005,0.9994179010391235,0.9996398091316223,0
2026-03-25 03:00:00+00:00,0.9996249079704285,0.999764084815979,0.9994593858718872,0.9996310472488403,313196544
2026-03-25 04:00:00+00:00,0.999655544757843,0.9998076558113098,0.9994043707847595,0.9996364712715149,150781952
2026-03-25 05:00:00+00:00,0.9995648860931396,0.9997525811195374,0.9994975924491882,0.9996979832649231,952762368
2026-03-25 06:00:00+00:00,0.999663770198822,0.9998540282249451,0.9995763897895813,0.9997368454933167,578805760
2026-03-25 07:00:00+00:00,0.999714195728302,0.9998475909233093,0.9995852112770081,0.9998180866241455,0
2026-03-25 08:00:00+00:00,0.9996932148933411,0.9998912215232849,0.9994421005249023,0.9996547698974609,605274112
2026-03-25 09:00:00+00:00,0.9997361302375793,0.9999102354049683,0.9996390342712402,0.9998566508293152,0
2026-03-25 10:00:00+00:00,0.9998580813407898,0.9999500513076782,0.9996190071105957,0.9997568726539612,29556736
2026-03-25 11:00:00+00:00,0.9998276829719543,1.0000581741333008,0.9996346235275269,0.9998205304145813,1061978112
2026-03-25 12:00:00+00:00,0.9999066591262817,0.9999732971191406,0.9995990991592407,0.9997493028640747,1283391488
2026-03-25 13:00:00+00:00,0.9997000694274902,0.9999474287033081,0.9995775818824768,0.9997038841247559,0
2026-03-25 14:00:00+00:00,0.9997508525848389,0.9998947978019714,0.9995976090431213,0.9997338652610779,0
2026-03-25 15:00:00+00:00,0.9996744394302368,0.9999247789382935,0.9995587468147278,0.9997097253799438,0
2026-03-25 16:00:00+00:00,0.9998050928115845,0.9999157190322876,0.9996092915534973,0.9997922778129578,73654272
2026-03-25 17:00:00+00:00,0.9999247789382935,0.9999247789382935,0.9994382858276367,0.9996989369392395,0
2026-03-25 18:00:00+00:00,0.9995998740196228,0.9998483061790466,0.9994498491287231,0.999599814414978,0
2026-03-25 19:00:00+00:00,0.9995586276054382,0.9998215436935425,0.9993935227394104,0.999544620513916,89120768
2026-03-25 20:00:00+00:00,0.9995613694190979,0.9996921420097351,0.9994314908981323,0.9995808601379395,0
2026-03-25 21:00:00+00:00,0.9996482133865356,0.999914824962616,0.9995141625404358,0.9995887875556946,0
2026-03-25 22:00:00+00:00,0.9996008276939392,0.9998659491539001,0.9994817972183228,0.9996961355209351,0
2026-03-25 23:00:00+00:00,0.9996891021728516,0.9997445940971375,0.9995437860488892,0.9996200203895569,0
2026-03-26 00:00:00+00:00,0.9996024370193481,0.9999039769172668,0.9995239973068237,0.9996561408042908,0
2026-03-26 01:00:00+00:00,0.999622642993927,0.9997386932373047,0.9995595812797546,0.9997279644012451,0
2026-03-26 02:00:00+00:00,0.9996894598007202,0.9997735023498535,0.9995988011360168,0.9996100068092346,268754944
2026-03-26 03:00:00+00:00,0.9996747970581055,0.9997736215591431,0.9994395971298218,0.9995243549346924,0
2026-03-26 04:00:00+00:00,0.999520480632782,0.9996872544288635,0.9995008111000061,0.9995515942573547,0
2026-03-26 05:00:00+00:00,0.9995575547218323,0.9997017979621887,0.9994422197341919,0.9995357990264893,306323456
2026-03-26 06:00:00+00:00,0.9995055794715881,0.9996764063835144,0.9994170069694519,0.9995469450950623,416817152
2026-03-26 07:00:00+00:00,0.9995564818382263,0.9996650218963623,0.9994173645973206,0.9996340274810791,216825856
2026-03-26 08:00:00+00:00,0.9995824694633484,0.9996697306632996,0.9994372129440308,0.9995193481445312,0
2026-03-26 09:00:00+00:00,0.9994987845420837,0.999639630317688,0.9993798732757568,0.9995072484016418,1527857152
2026-03-26 10:00:00+00:00,0.9995296597480774,0.9996444582939148,0.9994388222694397,0.9996444582939148,780795904
2026-03-26 11:00:00+00:00,0.9995936155319214,0.9998511672019958,0.9994738101959229,0.9996567368507385,0
2026-03-26 12:00:00+00:00,0.9996466040611267,0.9997493624687195,0.9995139241218567,0.9996483325958252,0
2026-03-26 13:00:00+00:00,0.9996170997619629,0.9997894167900085,0.9993636012077332,0.999435305595398,629325824
2026-03-26 14:00:00+00:00,0.9994790554046631,0.9997565150260925,0.9994209408760071,0.999573826789856,326508544
2026-03-26 15:00:00+00:00,0.999564528465271,0.9997465014457703,0.999398410320282,0.999398410320282,435929088
2026-03-26 16:00:00+00:00,0.9996283054351807,0.9996851682662964,0.9993468523025513,0.9995416402816772,0
2026-03-26 17:00:00+00:00,0.9993401765823364,0.9996055364608765,0.9992527961730957,0.9993293285369873,0
2026-03-26 18:00:00+00:00,0.9994824528694153,0.999550998210907,0.9992433786392212,0.9992808103561401,2461163520
2026-03-26 19:00:00+00:00,0.9992654323577881,0.9995917677879333,0.9992654323577881,0.999336838722229,295280640
2026-03-26 20:00:00+00:00,0.9992552399635315,0.9996664524078369,0.9991791844367981,0.9994210600852966,2507005952
2026-03-26 21:00:00+00:00,0.9993546009063721,0.9996321201324463,0.999257504940033,0.9996321201324463,664535040
2026-03-26 22:00:00+00:00,0.9993641972541809,0.9997666478157043,0.9992802739143372,0.9993873238563538,13221888
2026-03-26 23:00:00+00:00,0.9995505809783936,0.9995872974395752,0.9993061423301697,0.999367892742157,7004160
2026-03-27 00:00:00+00:00,0.9993512630462646,0.9997078776359558,0.9992768168449402,0.9993979930877686,0
2026-03-27 01:00:00+00:00,0.9994040131568909,0.9995948076248169,0.9992985129356384,0.9994493126869202,0
2026-03-27 02:00:00+00:00,0.9994356036186218,0.9996087551116943,0.9993237257003784,0.9994798302650452,0
2026-03-27 03:00:00+00:00,0.999354362487793,0.9996384382247925,0.9993176460266113,0.9994058609008789,0
2026-03-27 04:00:00+00:00,0.9993960857391357,0.9998688697814941,0.9992397427558899,0.9992397427558899,956006400
2026-03-27 05:00:00+00:00,0.9993369579315186,0.9995783567428589,0.9992619156837463,0.9994674324989319,0
2026-03-27 06:00:00+00:00,0.9993506669998169,0.9995954632759094,0.999293863773346,0.9994043707847595,0
2026-03-27 07:00:00+00:00,0.999361515045166,0.9996810555458069,0.9992476105690002,0.9993062019348145,1860354048
2026-03-27 08:00:00+00:00,0.9994463920593262,0.9996533989906311,0.9992628693580627,0.9994505047798157,2675671040
2026-03-27 09:00:00+00:00,0.99952232837677,0.9996078610420227,0.9992557764053345,0.9993101954460144,0
2026-03-27 10:00:00+00:00,0.9993615746498108,0.9996737241744995,0.9992851614952087,0.9995556473731995,3122855936
2026-03-27 11:00:00+00:00,0.9994628429412842,0.9996363520622253,0.9994062781333923,0.9995437860488892,2342445056
2026-03-27 12:00:00+00:00,0.9995630979537964,0.9996289610862732,0.9993497729301453,0.9994539022445679,1121656832
2026-03-27 13:00:00+00:00,0.9994705319404602,0.9997483491897583,0.9993452429771423,0.9995075464248657,758054912
2026-03-27 14:00:00+00:00,0.9993923902511597,0.9996268153190613,0.9992501139640808,0.9994247555732727,1233330176
2026-03-27 15:00:00+00:00,0.999432384967804,0.9995607733726501,0.9992591738700867,0.9994009733200073,2512273408
2026-03-27 16:00:00+00:00,0.9994305372238159,0.9995588064193726,0.999282717704773,0.9995077848434448,370032640
2026-03-27 17:00:00+00:00,0.9994834661483765,0.9995784163475037,0.99923175573349,0.9992801547050476,6307840
2026-03-27 18:00:00+00:00,0.9993667602539062,0.9995824694633484,0.9991479516029358,0.9993976354598999,0
2026-03-27 19:00:00+00:00,0.9993287324905396,0.9994743466377258,0.9991256594657898,0.9993183612823486,169771008
2026-03-27 20:00:00+00:00,0.9992045760154724,0.9995211958885193,0.9991105198860168,0.9991568326950073,0
2026-03-27 21:00:00+00:00,0.9991698861122131,0.9994432926177979,0.9991034269332886,0.9994045495986938,0
2026-03-27 22:00:00+00:00,0.9993510246276855,0.9994755387306213,0.9991361498832703,0.9993957281112671,0
2026-03-27 23:00:00+00:00,0.9991570115089417,0.9995738863945007,0.9991391897201538,0.999423086643219,0
2026-03-28 00:00:00+00:00,0.9993882179260254,0.9995660185813904,0.9992391467094421,0.9992997646331787,0
2026-03-28 01:00:00+00:00,0.9992474317550659,0.9995051622390747,0.9992167353630066,0.9992480874061584,0
2026-03-28 02:00:00+00:00,0.9993432760238647,0.9995324611663818,0.9992139339447021,0.9993175268173218,0
2026-03-28 03:00:00+00:00,0.9993710517883301,0.9995332360267639,0.9992464780807495,0.9992731809616089,0
2026-03-28 04:00:00+00:00,0.9994049668312073,0.9995076656341553,0.9992495179176331,0.9992583394050598,0
2026-03-28 05:00:00+00:00,0.999449610710144,0.9994935989379883,0.9991950988769531,0.999279797077179,0
2026-03-28 06:00:00+00:00,0.9992668032646179,0.9995253086090088,0.9992121458053589,0.9993717670440674,0
2026-03-28 07:00:00+00:00,0.9992993474006653,0.9995490908622742,0.9992256164550781,0.9992749691009521,0
2026-03-28 08:00:00+00:00,0.9992110729217529,0.9994719624519348,0.9992110729217529,0.9992601275444031,0
2026-03-28 09:00:00+00:00,0.9992808699607849,0.9996629953384399,0.9991958737373352,0.9993258714675903,0
2026-03-28 10:00:00+00:00,0.999273419380188,0.999560534954071,0.9992640018463135,0.9994093179702759,1365377024
2026-03-28 11:00:00+00:00,0.9992725253105164,0.9996048808097839,0.9992558360099792,0.9994294047355652,0
2026-03-28 12:00:00+00:00,0.9994333982467651,0.9995936155319214,0.9991913437843323,0.9993209838867188,0
2026-03-28 13:00:00+00:00,0.9993234276771545,0.9995453357696533,0.9992766976356506,0.9993222951889038,0
2026-03-28 14:00:00+00:00,0.9993874430656433,0.9995657205581665,0.9991746544837952,0.999366044998169,0
2026-03-28 15:00:00+00:00,0.9994101524353027,0.9995518326759338,0.9992291331291199,0.9992870092391968,0
2026-03-28 16:00:00+00:00,0.999301552772522,0.9995335340499878,0.9992209076881409,0.999290943145752,0
2026-03-28 17:00:00+00:00,0.9992287755012512,0.9996089935302734,0.9992165565490723,0.9995011687278748,0
2026-03-28 18:00:00+00:00,0.9993451237678528,0.9994840025901794,0.9991847276687622,0.9993302822113037,0
2026-03-28 19:00:00+00:00,0.9992712736129761,0.9996671080589294,0.9992166757583618,0.9992849826812744,0
2026-03-28 20:00:00+00:00,0.9992672204971313,0.9994410872459412,0.9991311430931091,0.9993469715118408,0
2026-03-28 21:00:00+00:00,0.9992168545722961,0.9994500875473022,0.9990385174751282,0.9992599487304688,0
2026-03-28 22:00:00+00:00,0.9992594718933105,0.9994544982910156,0.9990741610527039,0.9991092085838318,0
2026-03-28 23:00:00+00:00,0.9991934895515442,0.9994779229164124,0.9991058111190796,0.9991962909698486,0
2026-03-29 00:00:00+00:00,0.9993338584899902,0.9995071887969971,0.9991542100906372,0.9993064403533936,361758720
2026-03-29 01:00:00+00:00,0.9993850588798523,0.9996324777603149,0.9991408586502075,0.9991408586502075,0
2026-03-29 02:00:00+00:00,0.9991845488548279,0.9993951916694641,0.9990811347961426,0.9991998672485352,0
2026-03-29 03:00:00+00:00,0.9992103576660156,0.9994233250617981,0.9989230036735535,0.99916672706604,548659200
2026-03-29 04:00:00+00:00,0.9991758465766907,0.9995694756507874,0.9990385174751282,0.9992305636405945,0
2026-03-29 05:00:00+00:00,0.9991565942764282,1.0000261068344116,0.99908846616745,0.9991226196289062,0
2026-03-29 06:00:00+00:00,0.999140739440918,0.999504566192627,0.9990595579147339,0.9992354512214661,0
2026-03-29 07:00:00+00:00,0.9992648959159851,0.9995836019515991,0.99909508228302,0.9995836019515991,0
2026-03-29 08:00:00+00:00,0.9991347789764404,0.9993817210197449,0.9990888833999634,0.999207079410553,0
2026-03-29 09:00:00+00:00,0.9992052912712097,0.9994352459907532,0.9991328120231628,0.9992554187774658,0
2026-03-29 10:00:00+00:00,0.9992245435714722,0.9995038509368896,0.9991397857666016,0.9992604851722717,0
2026-03-29 11:00:00+00:00,0.9992446303367615,0.9994484782218933,0.9991044998168945,0.9991608262062073,204357632
2026-03-29 12:00:00+00:00,0.9992865920066833,0.9993987679481506,0.9991000294685364,0.9991890788078308,0
2026-03-29 13:00:00+00:00,0.9991176724433899,0.9995602965354919,0.999072790145874,0.9991365671157837,0
2026-03-29 14:00:00+00:00,0.9991832375526428,0.9994935393333435,0.9990916848182678,0.999211311340332,0
2026-03-29 15:00:00+00:00,0.9991846084594727,0.9993913173675537,0.9990293383598328,0.9992053508758545,0
2026-03-29 16:00:00+00:00,0.9991490840911865,0.9993394613265991,0.9990061521530151,0.9991177320480347,0
2026-03-29 17:00:00+00:00,0.9991431832313538,0.9994037747383118,0.9990701675415039,0.9991198778152466,0
2026-03-29 18:00:00+00:00,0.9991353750228882,0.9993859529495239,0.9990362524986267,0.9991396069526672,0
2026-03-29 19:00:00+00:00,0.9991730451583862,0.999396562576294,0.9990903735160828,0.9991945028305054,135397376
2026-03-29 20:00:00+00:00,0.9991154074668884,0.9993557929992676,0.9990355968475342,0.9991686940193176,301387776
2026-03-29 21:00:00+00:00,0.9992344975471497,0.9993839263916016,0.9991106390953064,0.9992698431015015,0
2026-03-29 22:00:00+00:00,0.9992356300354004,0.9995533227920532,0.9991008639335632,0.999102771282196,3621457920
2026-03-29 23:00:00+00:00,0.9991371631622314,0.9995132088661194,0.9991217255592346,0.9991217255592346,2602668032
2026-03-30 00:00:00+00:00,0.9992514252662659,0.999679684638977,0.999058187007904,0.9995540976524353,2076450816
2026-03-30 01:00:00+00:00,0.9993295073509216,0.999518871307373,0.9989914894104004,0.9991202354431152,1024172032
2026-03-30 02:00:00+00:00,0.9991636872291565,0.999563455581665,0.9990281462669373,0.9990949034690857,1853935616
2026-03-30 03:00:00+00:00,0.9991733431816101,0.9994373321533203,0.9990220069885254,0.9991222620010376,1457303552
2026-03-30 04:00:00+00:00,0.9989180564880371,0.9995076656341553,0.9988992810249329,0.9990502595901489,2151407616
2026-03-30 05:00:00+00:00,0.9990729689598083,0.9995726943016052,0.9989916682243347,0.9990581274032593,1528455168
2026-03-30 06:00:00+00:00,0.9992521405220032,0.999306321144104,0.9989868402481079,0.9991555213928223,1158569984
2026-03-30 07:00:00+00:00,0.9991759657859802,0.99943608045578,0.998845636844635,0.9991040229797363,1060286464
2026-03-30 08:00:00+00:00,0.9991605281829834,0.9994286894798279,0.9990484714508057,0.99927818775177,2927333376
2026-03-30 09:00:00+00:00,0.9992178678512573,0.999433159828186,0.9990952610969543,0.9992456436157227,1483157504
2026-03-30 10:00:00+00:00,0.9992265701293945,0.9994702339172363,0.9990114569664001,0.9991940259933472,487686144
2026-03-30 11:00:00+00:00,0.9992571473121643,1.0001475811004639,0.9991185665130615,0.9993070363998413,1757081600
2026-03-30 12:00:00+00:00,0.9993957877159119,0.9995191693305969,0.9989346265792847,0.9993131756782532,1370148864
2026-03-30 13:00:00+00:00,0.9993491172790527,0.9994840621948242,0.999049186706543,0.999049186706543,2093604864
2026-03-30 14:00:00+00:00,0.9991409182548523,0.9994071125984192,0.9990389943122864,0.9992504119873047,2508931072
2026-03-30 15:00:00+00:00,0.9993055462837219,0.9994551539421082,0.999213457107544,0.9992538094520569,1692221440
2026-03-30 16:00:00+00:00,0.9993013739585876,0.9995574951171875,0.999193549156189,0.9993070960044861,1112178688
2026-03-30 17:00:00+00:00,0.9993956685066223,0.9994004368782043,0.9989712238311768,0.9990946650505066,1904869376
2026-03-30 18:00:00+00:00,0.9991060495376587,0.9993639588356018,0.9990236163139343,0.9992817640304565,1324130304
2026-03-30 19:00:00+00:00,0.9992093443870544,0.9993374347686768,0.9990079402923584,0.9990079402923584,1437204480
2026-03-30 20:00:00+00:00,0.9992367625236511,0.9992733597755432,0.9990081191062927,0.9990994334220886,432209920
2026-03-30 21:00:00+00:00,0.9991158843040466,0.9993968605995178,0.9990790486335754,0.9991321563720703,1590755328
2026-03-30 22:00:00+00:00,0.9991795420646667,0.9994298815727234,0.9991098046302795,0.999169647693634,0
2026-03-30 23:00:00+00:00,0.9991743564605713,0.9993778467178345,0.9990836381912231,0.9991510510444641,0
2026-03-31 00:00:00+00:00,0.9995404481887817,0.9995404481887817,0.9990971684455872,0.9990971684455872,0
2026-03-31 01:00:00+00:00,0.9993091821670532,0.9996328949928284,0.9990197420120239,0.9992560148239136,2709667840
2026-03-31 02:00:00+00:00,0.9992259740829468,0.9994940757751465,0.9990300536155701,0.9992203712463379,0
2026-03-31 03:00:00+00:00,0.999293327331543,0.9993470907211304,0.9990922808647156,0.9992554187774658,0
2026-03-31 04:00:00+00:00,0.9992914795875549,0.9993946552276611,0.9990682601928711,0.999223530292511,0
2026-03-31 05:00:00+00:00,0.9991782903671265,0.9994595646858215,0.9990909099578857,0.9992296695709229,0
2026-03-31 06:00:00+00:00,0.9991950988769531,0.9994505643844604,0.9990543723106384,0.9992759823799133,0
2026-03-31 07:00:00+00:00,0.999155580997467,0.9994509220123291,0.9989795088768005,0.9992482662200928,860708864
2026-03-31 08:00:00+00:00,0.9991088509559631,0.9993786215782166,0.9989391565322876,0.9992437958717346,0
2026-03-31 09:00:00+00:00,0.9991726875305176,0.999357283115387,0.9989963173866272,0.9991911053657532,1376493568
2026-03-31 10:00:00+00:00,0.9990153312683105,0.9993257522583008,0.9989432692527771,0.999152660369873,1192558592
2026-03-31 11:00:00+00:00,0.9991887211799622,0.9993917346000671,0.9990224838256836,0.9990856051445007,877494272
2026-03-31 12:00:00+00:00,0.9992288947105408,0.9993216395378113,0.9989687204360962,0.9992494583129883,886571008
2026-03-31 13:00:00+00:00,0.9991580247879028,0.9994025230407715,0.99900221824646,0.9991357922554016,0
2026-03-31 14:00:00+00:00,0.999233603477478,0.9994946122169495,0.9990026950836182,0.9990026950836182,453984256
2026-03-31 15:00:00+00:00,0.9991868138313293,0.999342679977417,0.998972475528717,0.9992440938949585,765722624
2026-03-31 16:00:00+00:00,0.999146580696106,0.9993433356285095,0.9989003539085388,0.9991908669471741,2276958208
2026-03-31 17:00:00+00:00,0.9990546107292175,0.9993987679481506,0.998989999294281,0.9992393851280212,2793644032
2026-03-31 18:00:00+00:00,0.9990673661231995,0.9993531107902527,0.9989110231399536,0.9991937279701233,136773632
2026-03-31 19:00:00+00:00,0.9991801381111145,0.9993788599967957,0.9990148544311523,0.9991476535797119,269754368
2026-03-31 20:00:00+00:00,0.9992334246635437,0.9992890357971191,0.9989457726478577,0.9990615844726562,527589376
2026-03-31 21:00:00+00:00,0.9990450143814087,0.9992865920066833,0.9989524483680725,0.9991581439971924,0
2026-03-31 22:00:00+00:00,0.9991603493690491,0.999362587928772,0.9990665316581726,0.9990665316581726,890904576
2026-03-31 23:00:00+00:00,0.9990426898002625,0.9993863105773926,0.9989328980445862,0.9990719556808472,0
2026-04-01 00:00:00+00:00,0.9991238713264465,0.999370276927948,0.9989972114562988,0.9989972114562988,0
2026-04-01 01:00:00+00:00,0.9991406798362732,0.999561071395874,0.9988269805908203,0.9991847276687622,0
2026-04-01 02:00:00+00:00,0.9991305470466614,0.9995306730270386,0.9990347623825073,0.9991936087608337,975200256
2026-04-01 03:00:00+00:00,0.9991766810417175,0.9994641542434692,0.9990358352661133,0.9992196559906006,360988672
2026-04-01 04:00:00+00:00,0.9991143345832825,0.9993652701377869,0.9990121126174927,0.9992952942848206,0
2026-04-01 05:00:00+00:00,0.9993347525596619,0.9994788765907288,0.9990591406822205,0.999089241027832,1084399616
2026-04-01 06:00:00+00:00,0.9991264939308167,0.9994596242904663,0.9990270137786865,0.9994387030601501,2115289088
2026-04-01 07:00:00+00:00,0.9994268417358398,0.9996237754821777,0.999365508556366,0.999540388584137,1190125568
2026-04-01 08:00:00+00:00,0.9995043873786926,0.999661922454834,0.999411940574646,0.999578058719635,447397888
2026-04-01 09:00:00+00:00,0.999440610408783,0.9996933341026306,0.999440610408783,0.9995509386062622,0
2026-04-01 10:00:00+00:00,0.999580442905426,0.9998639822006226,0.9994561076164246,0.99956876039505,0
2026-04-01 11:00:00+00:00,0.9995583295822144,0.9997142553329468,0.9994592666625977,0.9996066689491272,0
2026-04-01 12:00:00+00:00,0.9996426105499268,0.9996559023857117,0.998406171798706,0.999431848526001,837754880
2026-04-01 13:00:00+00:00,0.9995149970054626,0.9997976422309875,0.9993888735771179,0.9995523691177368,576266240
2026-04-01 14:00:00+00:00,0.9995162487030029,0.9998223781585693,0.9994255900382996,0.9995392560958862,0
2026-04-01 15:00:00+00:00,0.9995023012161255,0.9998007416725159,0.9995017647743225,0.9996122717857361,0
2026-04-01 16:00:00+00:00,0.9996212720870972,0.9998267889022827,0.9995260834693909,0.9997023940086365,0
2026-04-01 17:00:00+00:00,0.9996728301048279,0.9998518228530884,0.9995160102844238,0.9996355175971985,0
2026-04-01 18:00:00+00:00,0.9995267391204834,0.9997812509536743,0.9994723796844482,0.9995636940002441,0
2026-04-01 19:00:00+00:00,0.9996354579925537,0.9998295903205872,0.9995259046554565,0.9996737241744995,245489664
2026-04-01 20:00:00+00:00,0.9996303915977478,0.9998049736022949,0.9994492530822754,0.9997204542160034,0
2026-04-01 21:00:00+00:00,0.9996192455291748,0.999870240688324,0.9995994567871094,0.9998388290405273,496836608
2026-04-01 22:00:00+00:00,0.9998102188110352,0.9998810887336731,0.9995881915092468,0.9997243881225586,521879552
2026-04-01 23:00:00+00:00,0.9997510313987732,0.9999157786369324,0.9996271133422852,0.9997532963752747,0
2026-04-02 00:00:00+00:00,0.9998323917388916,0.9998903870582581,0.9995968341827393,0.9996508955955505,0
2026-04-02 01:00:00+00:00,0.9998277425765991,0.999947190284729,0.9994664788246155,0.9997720718383789,3534962688
2026-04-02 02:00:00+00:00,0.9997630715370178,0.9998483657836914,0.9993864297866821,0.9996913075447083,1897463808
2026-04-02 03:00:00+00:00,0.9998120069503784,0.9998469948768616,0.9995458126068115,0.9997883439064026,1331298304
2026-04-02 04:00:00+00:00,0.9997451901435852,0.9997872710227966,0.9995254874229431,0.999695897102356,609845248
2026-04-02 05:00:00+00:00,0.9998108148574829,0.9998108148574829,0.99952232837677,0.9996758699417114,360644608
2026-04-02 06:00:00+00:00,0.9997525215148926,0.9998388290405273,0.9995535016059875,0.9996166825294495,0
2026-04-02 07:00:00+00:00,0.9996358156204224,0.9998201727867126,0.9995785355567932,0.999724268913269,0
2026-04-02 08:00:00+00:00,0.9996888041496277,0.9998145699501038,0.9995426535606384,0.9996209144592285,0
2026-04-02 09:00:00+00:00,0.9997725486755371,0.9997725486755371,0.9995547533035278,0.9996300935745239,174088192
2026-04-02 10:00:00+00:00,0.9996755719184875,0.9997687935829163,0.999494194984436,0.9996224641799927,640401408
2026-04-02 11:00:00+00:00,0.9996364116668701,0.9997535943984985,0.999482274055481,0.9996412396430969,541515776
2026-04-02 12:00:00+00:00,0.999640703201294,0.999798059463501,0.999525249004364,0.9996698498725891,0
2026-04-02 13:00:00+00:00,0.9996784925460815,0.9998409748077393,0.9994800686836243,0.999647855758667,340721664
2026-04-02 14:00:00+00:00,0.9996512532234192,0.999895453453064,0.9995943903923035,0.9998101592063904,2508668928
2026-04-02 15:00:00+00:00,0.9999294877052307,0.9999294877052307,0.9996418356895447,0.999735414981842,572473344
2026-04-02 16:00:00+00:00,0.99971604347229,0.9998010993003845,0.9995805025100708,0.9997523427009583,111173632
2026-04-02 17:00:00+00:00,0.9997221231460571,0.9998882412910461,0.999629557132721,0.9998174905776978,0
2026-04-02 18:00:00+00:00,0.9997439384460449,0.9999036192893982,0.999582827091217,0.9997444152832031,0
2026-04-02 19:00:00+00:00,0.9997990727424622,0.9999976754188538,0.9995909333229065,0.9998244047164917,30474240
2026-04-02 20:00:00+00:00,0.9998224377632141,0.9999741315841675,0.9997383952140808,0.9999184012413025,0
2026-04-02 21:00:00+00:00,0.9998487830162048,0.99993896484375,0.999737024307251,0.9998355507850647,0
2026-04-02 22:00:00+00:00,0.9998576045036316,0.9999401569366455,0.9997220039367676,0.9997873306274414,0
2026-04-02 23:00:00+00:00,0.9999400973320007,0.9999764561653137,0.9997525215148926,0.9998481273651123,0
2026-04-03 00:00:00+00:00,0.999866783618927,0.9999654293060303,0.9997407793998718,0.9998370409011841,0
2026-04-03 01:00:00+00:00,0.9998434782028198,0.9999384880065918,0.9996753931045532,0.9998059272766113,0
2026-04-03 02:00:00+00:00,0.9997221827507019,0.9999642968177795,0.9996453523635864,0.9997982978820801,0
2026-04-03 03:00:00+00:00,0.9997289180755615,0.9998693466186523,0.9996885657310486,0.9998259544372559,0
2026-04-03 04:00:00+00:00,0.9998728036880493,0.9999262690544128,0.9996811747550964,0.9999253153800964,0
2026-04-03 05:00:00+00:00,0.9998937249183655,1.0000051259994507,0.9996914863586426,0.9997881054878235,0
2026-04-03 06:00:00+00:00,0.9997461438179016,0.9999514818191528,0.9995664358139038,0.999724805355072,0
2026-04-03 07:00:00+00:00,0.9997923970222473,0.9999308586120605,0.9995861053466797,0.9998293519020081,0
2026-04-03 08:00:00+00:00,0.9998369216918945,0.999943733215332,0.9996783137321472,0.999790370464325,0
2026-04-03 09:00:00+00:00,0.9997280836105347,0.999899685382843,0.999652087688446,0.9997636079788208,0
2026-04-03 10:00:00+00:00,0.9998331069946289,0.9999364018440247,0.9997002482414246,0.999769389629364,0
2026-04-03 11:00:00+00:00,0.9999126195907593,0.9999386668205261,0.9996808767318726,0.9999386668205261,0
2026-04-03 12:00:00+00:00,0.9998507499694824,0.999986469745636,0.9994611740112305,0.9999226331710815,0
2026-04-03 13:00:00+00:00,0.9997953176498413,0.9999575614929199,0.999666690826416,0.9998450875282288,0
2026-04-03 14:00:00+00:00,0.9998216032981873,0.9999834895133972,0.9996228218078613,0.9999333620071411,0
2026-04-03 15:00:00+00:00,0.9998267292976379,0.999947190284729,0.9995786547660828,0.9998093247413635,0
2026-04-03 16:00:00+00:00,0.9998226165771484,0.9999077320098877,0.9996077418327332,0.999796986579895,0
2026-04-03 17:00:00+00:00,0.9997467398643494,0.9999520182609558,0.9996457695960999,0.9997618794441223,0
2026-04-03 18:00:00+00:00,0.9998560547828674,0.9999465942382812,0.9996803998947144,0.9998660087585449,0
2026-04-03 19:00:00+00:00,0.999843418598175,0.9999271631240845,0.9996662139892578,0.9998571872711182,0
2026-04-03 20:00:00+00:00,0.9999029636383057,1.000056505203247,0.9996525645256042,0.9998029470443726,0
2026-04-03 21:00:00+00:00,0.9997867345809937,0.9999616742134094,0.9996024966239929,0.9998011589050293,0
2026-04-03 22:00:00+00:00,0.999870777130127,0.9999923706054688,0.999588131904602,0.9998688101768494,0
2026-04-03 23:00:00+00:00,0.9998510479927063,0.9999134540557861,0.9996725916862488,0.9998670220375061,0
2026-04-04 00:00:00+00:00,0.999807596206665,0.9999163746833801,0.9996702075004578,0.9997624754905701,0
2026-04-04 01:00:00+00:00,0.9997661709785461,0.9999268054962158,0.9996639490127563,0.9998137950897217,0
2026-04-04 02:00:00+00:00,0.9998362064361572,0.9999459385871887,0.99966961145401,0.9996814131736755,0
2026-04-04 03:00:00+00:00,0.9997116923332214,0.9999024271965027,0.9996724724769592,0.99977707862854,0
2026-04-04 04:00:00+00:00,0.9998453855514526,0.9998576641082764,0.9996108412742615,0.9997848868370056,0
2026-04-04 05:00:00+00:00,0.9998195767402649,0.999896228313446,0.9996064901351929,0.9997684955596924,0
2026-04-04 06:00:00+00:00,0.9996776580810547,0.9998936653137207,0.9995735287666321,0.9997223615646362,0
2026-04-04 07:00:00+00:00,0.9996749758720398,0.9998881816864014,0.9996708035469055,0.9997957348823547,0
2026-04-04 08:00:00+00:00,0.9997875094413757,0.9998652935028076,0.999627411365509,0.9997648596763611,0
2026-04-04 09:00:00+00:00,0.9997824430465698,0.9998414516448975,0.9996296763420105,0.999764084815979,0
2026-04-04 10:00:00+00:00,0.9997705817222595,0.9998747110366821,0.9994872808456421,0.9997187852859497,0
2026-04-04 11:00:00+00:00,0.9997334480285645,0.9998986124992371,0.9996306896209717,0.9997333884239197,0
2026-04-04 12:00:00+00:00,0.9997789859771729,0.9998573660850525,0.9996578097343445,0.9997989535331726,0
2026-04-04 13:00:00+00:00,0.9997267127037048,0.9999051690101624,0.9997267127037048,0.999809741973877,0
2026-04-04 14:00:00+00:00,0.9997605681419373,0.9999204277992249,0.9997467994689941,0.9998412132263184,0
2026-04-04 15:00:00+00:00,0.9998600482940674,0.9998894333839417,0.9997560977935791,0.9997739195823669,463028224
2026-04-04 16:00:00+00:00,0.9997943639755249,0.9998618960380554,0.9997012615203857,0.9998012185096741,0
2026-04-04 17:00:00+00:00,0.9998290538787842,0.9998742938041687,0.9997431039810181,0.9998146891593933,90120192
2026-04-04 18:00:00+00:00,0.9997915029525757,0.9999196529388428,0.9997536540031433,0.9998218417167664,0
2026-04-04 19:00:00+00:00,0.99985271692276,0.9999420046806335,0.9997520446777344,0.9998925924301147,707538944
2026-04-04 20:00:00+00:00,0.9998687505722046,0.9999192953109741,0.9998283982276917,0.9998525977134705,77901824
2026-04-04 21:00:00+00:00,0.9998802542686462,0.9999282360076904,0.9997774958610535,0.9998631477355957,0
2026-04-04 22:00:00+00:00,0.999823808670044,0.9999318718910217,0.9997071623802185,0.9998753070831299,11661312
2026-04-04 23:00:00+00:00,0.9998825192451477,0.9999533295631409,0.9997437596321106,0.9998414516448975,434176
2026-04-05 00:00:00+00:00,0.999869704246521,0.9999232888221741,0.9997317790985107,0.9998376369476318,0
2026-04-05 01:00:00+00:00,0.9998300671577454,0.9998969435691833,0.9998025894165039,0.9998427629470825,76521472
2026-04-05 02:00:00+00:00,0.9998810291290283,0.9999030828475952,0.9997648596763611,0.9998238682746887,242462720
2026-04-05 03:00:00+00:00,0.9997897148132324,0.9998828172683716,0.9997660517692566,0.9998507499694824,71589888
2026-04-05 04:00:00+00:00,0.9998443722724915,0.9999016523361206,0.9997317790985107,0.9997965097427368,0
2026-04-05 05:00:00+00:00,0.9997929930686951,0.9998956322669983,0.9997415542602539,0.9998167753219604,0
2026-04-05 06:00:00+00:00,0.9997976422309875,0.9998557567596436,0.9996750950813293,0.9996750950813293,1347928064
2026-04-05 07:00:00+00:00,0.9998201727867126,0.9998201727867126,0.9996066689491272,0.9997448921203613,257474560
2026-04-05 08:00:00+00:00,0.9996511340141296,0.9997831583023071,0.9995802640914917,0.9996627569198608,0
2026-04-05 09:00:00+00:00,0.9996403455734253,0.9997920393943787,0.9995720982551575,0.9997338056564331,131985408
2026-04-05 10:00:00+00:00,0.9997278451919556,0.9997648000717163,0.9995274543762207,0.9996899962425232,1265664
2026-04-05 11:00:00+00:00,0.9997289776802063,0.9997861385345459,0.9995815753936768,0.9997010231018066,0
2026-04-05 12:00:00+00:00,0.9996835589408875,0.9998122453689575,0.9996122717857361,0.9996439814567566,1522921472
2026-04-05 13:00:00+00:00,0.9996790885925293,0.9998031854629517,0.9995458722114563,0.999649167060852,379219968
2026-04-05 14:00:00+00:00,0.9996843338012695,0.9997646808624268,0.9995996952056885,0.9997301697731018,0
2026-04-05 15:00:00+00:00,0.9997092485427856,0.9998358488082886,0.9995599389076233,0.9997187256813049,1143578624
2026-04-05 16:00:00+00:00,0.9997743368148804,0.9998307228088379,0.9995929002761841,0.9997150301933289,182607872
2026-04-05 17:00:00+00:00,0.99972003698349,0.9997930526733398,0.9995925426483154,0.9996544718742371,0
2026-04-05 18:00:00+00:00,0.9996294379234314,0.9997244477272034,0.9996061325073242,0.9996458292007446,69386240
2026-04-05 19:00:00+00:00,0.9996666312217712,0.9997385740280151,0.9995601773262024,0.9996944069862366,0
2026-04-05 20:00:00+00:00,0.9996850490570068,0.9997573494911194,0.9995364546775818,0.9997060894966125,232239104
2026-04-05 21:00:00+00:00,0.9996517896652222,0.9997453093528748,0.9995552897453308,0.9996181130409241,297234432
2026-04-05 22:00:00+00:00,0.9996390342712402,0.9997631907463074,0.9995025992393494,0.9996730089187622,1888419840
2026-04-05 23:00:00+00:00,0.9996267557144165,0.9996804594993591,0.9995321035385132,0.9995389580726624,3930365952
2026-04-06 00:00:00+00:00,0.9995322227478027,0.9997372031211853,0.9994637966156006,0.999649703502655,3964866560
2026-04-06 01:00:00+00:00,0.9996678829193115,0.9997122287750244,0.9995219111442566,0.9996945261955261,1661235200
2026-04-06 02:00:00+00:00,0.9996506571769714,0.9996860027313232,0.9994615316390991,0.9996395111083984,2016821248
2026-04-06 03:00:00+00:00,0.9996713995933533,0.999677836894989,0.9995217323303223,0.9995941519737244,1391083520
2026-04-06 04:00:00+00:00,0.9996067881584167,0.9997115731239319,0.9994831681251526,0.9996304512023926,1432801280
2026-04-06 05:00:00+00:00,0.9996073842048645,0.9997242093086243,0.9995710849761963,0.9996302127838135,485175296
2026-04-06 06:00:00+00:00,0.9996657371520996,0.9997384548187256,0.9995036125183105,0.9995937943458557,188366848
2026-04-06 07:00:00+00:00,0.9995978474617004,0.9997376203536987,0.9994747042655945,0.9996595978736877,565370880
2026-04-06 08:00:00+00:00,0.9996519088745117,0.99979168176651,0.9995819330215454,0.9997313618659973,1497788416
2026-04-06 09:00:00+00:00,0.9996383190155029,0.9999622702598572,0.9995813369750977,0.999862790107727,5143375872
2026-04-06 10:00:00+00:00,0.9997521042823792,1.0000128746032715,0.9997521042823792,0.9999264478683472,1509859328
2026-04-06 11:00:00+00:00,0.9998674392700195,0.9999890923500061,0.9996551275253296,0.9998501539230347,957558784
2026-04-06 12:00:00+00:00,0.9997825622558594,0.9999822974205017,0.9996943473815918,0.9999150633811951,0
2026-04-06 13:00:00+00:00,0.9998449683189392,0.9999532699584961,0.9996345639228821,0.9996865391731262,1063927808
2026-04-06 14:00:00+00:00,0.9996305704116821,1.0000314712524414,0.9996305704116821,0.9999505877494812,3259170816
2026-04-06 15:00:00+00:00,0.9999442100524902,1.0001442432403564,0.9996691942214966,0.999897837638855,0
2026-04-06 16:00:00+00:00,0.9999569654464722,1.0000869035720825,0.9996525645256042,0.9998189806938171,1553301504
2026-04-06 17:00:00+00:00,0.9997270107269287,1.0000439882278442,0.9994845390319824,0.9998909831047058,2193858560
2026-04-06 18:00:00+00:00,0.9998670220375061,1.0000863075256348,0.9997740387916565,1.0000863075256348,1118289920
2026-04-06 19:00:00+00:00,0.9999967217445374,1.0001311302185059,0.9997240304946899,0.9998219609260559,1076486144
2026-04-06 20:00:00+00:00,0.9997223019599915,1.0001366138458252,0.9997192025184631,1.0000759363174438,0
2026-04-06 21:00:00+00:00,1.0000295639038086,1.0001336336135864,0.999855101108551,1.000043272972107,450723840
2026-04-06 22:00:00+00:00,1.0000778436660767,1.0000871419906616,0.9997328519821167,0.9999516010284424,0
2026-04-06 23:00:00+00:00,0.9997743964195251,1.0002081394195557,0.9996235370635986,0.9998061060905457,6750208
2026-04-07 00:00:00+00:00,0.9998412728309631,1.0000598430633545,0.9996470808982849,0.9998921155929565,0
2026-04-07 01:00:00+00:00,0.9997959733009338,0.9999812841415405,0.9996621608734131,0.9997482895851135,0
2026-04-07 02:00:00+00:00,0.9998244047164917,1.0000011920928955,0.9996485710144043,0.9998602271080017,0
2026-04-07 03:00:00+00:00,0.9998406171798706,0.9999777674674988,0.9996770620346069,0.9999244809150696,0
2026-04-07 04:00:00+00:00,0.999866783618927,0.9999896883964539,0.9996011257171631,0.9999896883964539,0
2026-04-07 05:00:00+00:00,0.9998460412025452,1.0000051259994507,0.9996942281723022,0.9999256134033203,0
2026-04-07 06:00:00+00:00,0.9997313022613525,0.9999942183494568,0.9996851086616516,0.9998644590377808,0
2026-04-07 07:00:00+00:00,0.9998098611831665,0.999948263168335,0.9996816515922546,0.999850332736969,0
2026-04-07 08:00:00+00:00,0.999846875667572,1.0000466108322144,0.9997270703315735,0.9998794794082642,0
2026-04-07 09:00:00+00:00,0.9999085068702698,1.0000706911087036,0.9998038411140442,1.000002145767212,0
2026-04-07 10:00:00+00:00,0.9999200701713562,1.0001128911972046,0.9997588992118835,0.9999544024467468,1097555968
2026-04-07 11:00:00+00:00,0.9998601078987122,0.9999586343765259,0.9997105002403259,0.9998780488967896,911429632
2026-04-07 12:00:00+00:00,0.9997973442077637,1.0000667572021484,0.9997424483299255,0.9998946785926819,0
2026-04-07 13:00:00+00:00,0.9998701810836792,1.0000081062316895,0.9997259378433228,0.9998657703399658,1190940672
2026-04-07 14:00:00+00:00,0.9998155236244202,1.000015377998352,0.9997192025184631,0.9999083876609802,0
2026-04-07 15:00:00+00:00,0.9997640252113342,0.999912679195404,0.9996286034584045,0.9997661709785461,1783332864
2026-04-07 16:00:00+00:00,0.9997522234916687,0.9998863339424133,0.9997177124023438,0.9997786283493042,0
2026-04-07 17:00:00+00:00,0.9997333884239197,0.9999356865882874,0.9996898770332336,0.9998584985733032,0
2026-04-07 18:00:00+00:00,0.999845564365387,0.9999537467956543,0.9996910691261292,0.9997881650924683,123011072
2026-04-07 19:00:00+00:00,0.9998008608818054,0.9999445080757141,0.9997084140777588,0.999824047088623,1096400896
2026-04-07 20:00:00+00:00,0.999764084815979,0.9999828338623047,0.999764084815979,0.99980229139328,2343247872
2026-04-07 21:00:00+00:00,0.9998111724853516,0.9999374747276306,0.9996889233589172,0.9998663663864136,3556892672
2026-04-07 22:00:00+00:00,0.9998438954353333,1.0001076459884644,0.9997082948684692,0.999930739402771,4977238016
2026-04-07 23:00:00+00:00,0.9998390078544617,1.0000131130218506,0.9996871948242188,0.9997572898864746,7835893760
2026-04-08 00:00:00+00:00,0.9997360706329346,0.9998838305473328,0.9995801448822021,0.9997472763061523,2629419008
2026-04-08 01:00:00+00:00,0.999707043170929,0.999859094619751,0.9995969533920288,0.9997799396514893,666009600
2026-04-08 02:00:00+00:00,0.9997553825378418,0.999902069568634,0.9993388056755066,0.9997865557670593,1527226368
2026-04-08 03:00:00+00:00,0.9996896386146545,0.9998699426651001,0.9996045827865601,0.9998145699501038,1087782912
2026-04-08 04:00:00+00:00,0.9998512864112854,0.9998877644538879,0.9995714426040649,0.9998199939727783,1240408064
2026-04-08 05:00:00+00:00,0.9998012185096741,0.9998891353607178,0.9996424913406372,0.9998704195022583,866066432
2026-04-08 06:00:00+00:00,0.9997905492782593,0.9998918771743774,0.9997290968894958,0.9998665452003479,615473152
2026-04-08 07:00:00+00:00,0.9998477697372437,0.9999803304672241,0.9997364282608032,0.9999170303344727,2202140672
2026-04-08 08:00:00+00:00,0.9999045729637146,0.9999484419822693,0.9998111128807068,0.9998733997344971,431357952
2026-04-08 09:00:00+00:00,0.999875545501709,1.000054955482483,0.9997227191925049,0.9999326467514038,78798848
2026-04-08 10:00:00+00:00,0.9998458027839661,0.9999303221702576,0.99977707862854,0.9998200535774231,0
2026-04-08 11:00:00+00:00,0.9999009966850281,1.000023365020752,0.9997646808624268,0.9998915791511536,148267008
2026-04-08 12:00:00+00:00,0.9999136924743652,1.0000413656234741,0.9997496604919434,0.999878466129303,228925440
2026-04-08 13:00:00+00:00,0.9999481439590454,1.0000711679458618,0.9997507929801941,0.9997507929801941,3768442880
2026-04-08 14:00:00+00:00,0.9997677206993103,1.0000187158584595,0.9996561408042908,0.9997835755348206,2387968000
2026-04-08 15:00:00+00:00,0.9997069239616394,1.0000724792480469,0.9995906352996826,0.9999614953994751,679567360
2026-04-08 16:00:00+00:00,0.9998164176940918,1.0001821517944336,0.9996623396873474,0.9999518394470215,495091712
2026-04-08 17:00:00+00:00,0.9999953508377075,1.0001732110977173,0.999833345413208,1.0001105070114136,45056000
2026-04-08 18:00:00+00:00,1.0000019073486328,1.0000674724578857,0.9996666312217712,0.9998945593833923,745316352
2026-04-08 19:00:00+00:00,0.9998915195465088,1.0001087188720703,0.9995301365852356,0.99986332654953,0
2026-04-08 20:00:00+00:00,1.0000306367874146,1.0002113580703735,0.9996731281280518,1.0000447034835815,0
2026-04-08 21:00:00+00:00,1.00003182888031,1.0000834465026855,0.99973464012146,0.9997954964637756,0
2026-04-08 22:00:00+00:00,0.99990314245224,1.0001024007797241,0.9997141361236572,0.9999399781227112,0
2026-04-08 23:00:00+00:00,0.9999895095825195,1.0000576972961426,0.9997810125350952,0.9999188780784607,0
2026-04-09 00:00:00+00:00,0.9998822212219238,1.0001364946365356,0.9997686743736267,0.9999659657478333,0
2026-04-09 01:00:00+00:00,0.9998695850372314,1.0001507997512817,0.9997968673706055,0.9998339414596558,0
2026-04-09 02:00:00+00:00,1.0000468492507935,1.0000659227371216,0.9996915459632874,0.9999387264251709,0
2026-04-09 03:00:00+00:00,0.9998407363891602,1.0000784397125244,0.9998369216918945,0.9999661445617676,0
2026-04-09 04:00:00+00:00,0.9999650716781616,1.0000841617584229,0.9997777342796326,1.0000126361846924,0
2026-04-09 05:00:00+00:00,0.9999844431877136,1.000056505203247,0.9997901916503906,1.000056505203247,0
2026-04-09 06:00:00+00:00,0.9999158978462219,1.0000852346420288,0.9997965693473816,0.9999948143959045,0
2026-04-09 07:00:00+00:00,0.9999822378158569,1.0001318454742432,0.99985271692276,0.9999386668205261,0
2026-04-09 08:00:00+00:00,0.9999444484710693,1.0000638961791992,0.99965900182724,0.9999503493309021,0
2026-04-09 09:00:00+00:00,0.9999959468841553,1.0000629425048828,0.9996688365936279,0.9999908804893494,0
2026-04-09 10:00:00+00:00,0.9999085068702698,1.0001027584075928,0.9998124241828918,0.9999774694442749,0
2026-04-09 11:00:00+00:00,0.9999820590019226,1.0000582933425903,0.9997802376747131,0.9998161792755127,0
2026-04-09 12:00:00+00:00,0.9998225569725037,1.0000299215316772,0.999760627746582,0.9997907280921936,0
2026-04-09 13:00:00+00:00,0.9998654127120972,1.000057339668274,0.9996475577354431,0.999890923500061,0
2026-04-09 14:00:00+00:00,0.9998392462730408,1.000122308731079,0.9996069073677063,1.0000427961349487,0
2026-04-09 15:00:00+00:00,0.9999483227729797,1.0001513957977295,0.9994649291038513,1.0000524520874023,2193309696
2026-04-09 16:00:00+00:00,0.9998264312744141,1.0000979900360107,0.9997017979621887,1.0000512599945068,2253127680
2026-04-09 17:00:00+00:00,0.9999790787696838,1.0002070665359497,0.9998365640640259,1.0002070665359497,872603648
2026-04-09 18:00:00+00:00,1.0000420808792114,1.0001660585403442,0.9996782541275024,0.9999739527702332,0
2026-04-09 19:00:00+00:00,0.9999275207519531,1.0001240968704224,0.9997881650924683,1.000118613243103,0
2026-04-09 20:00:00+00:00,1.0000381469726562,1.0002144575119019,0.9997967481613159,1.000084400177002,1645756416
2026-04-09 21:00:00+00:00,1.000022292137146,1.000148057937622,0.9997214078903198,0.9998270273208618,881197056
2026-04-09 22:00:00+00:00,0.9999927282333374,1.0001274347305298,0.9996134042739868,0.9999593496322632,2370519040
2026-04-09 23:00:00+00:00,0.9999005198478699,1.000091791152954,0.999626100063324,1.0000196695327759,487874560
2026-04-10 00:00:00+00:00,0.9998617768287659,1.0000710487365723,0.9996888637542725,1.000004529953003,578600960
2026-04-10 01:00:00+00:00,0.9998217821121216,1.0000590085983276,0.999528169631958,0.9999775886535645,59777024
2026-04-10 02:00:00+00:00,1.0000642538070679,1.000074863433838,0.9997495412826538,1.000002384185791,0
2026-04-10 03:00:00+00:00,1.0000232458114624,1.0001070499420166,0.9997554421424866,1.0000557899475098,0
2026-04-10 04:00:00+00:00,1.0000205039978027,1.0001856088638306,0.999823272228241,0.9999927282333374,708239360
2026-04-10 05:00:00+00:00,0.9997923970222473,1.0000615119934082,0.9997456669807434,0.9999933242797852,512712704
2026-04-10 06:00:00+00:00,1.0000001192092896,1.0001063346862793,0.9996277093887329,1.0000207424163818,0
2026-04-10 07:00:00+00:00,1.0000194311141968,1.0001397132873535,0.9998420476913452,0.9999367594718933,309993472
2026-04-10 08:00:00+00:00,1.0000234842300415,1.0000786781311035,0.9997875690460205,0.9999608993530273,415916032
2026-04-10 09:00:00+00:00,1.0000009536743164,1.0000940561294556,0.99979168176651,0.9999775290489197,476168192
2026-04-10 10:00:00+00:00,1.0000027418136597,1.0001192092895508,0.9998626708984375,1.0000457763671875,0
2026-04-10 11:00:00+00:00,1.0000033378601074,1.0001897811889648,0.9997850060462952,1.000065565109253,1272971264
2026-04-10 12:00:00+00:00,1.000011682510376,1.0002422332763672,0.999832034111023,1.0001182556152344,1186185216
2026-04-10 13:00:00+00:00,1.0001198053359985,1.0002394914627075,0.9997599720954895,1.0002394914627075,1757331456
2026-04-10 14:00:00+00:00,1.0000178813934326,1.0005123615264893,0.9997528791427612,1.0002895593643188,3942154240
2026-04-10 15:00:00+00:00,1.0003502368927002,1.000475287437439,0.9998695850372314,1.0002250671386719,0
2026-04-10 16:00:00+00:00,1.0000975131988525,1.0003210306167603,0.9999237656593323,1.000108242034912,0
2026-04-10 17:00:00+00:00,1.0001704692840576,1.0002657175064087,0.9999446272850037,1.000145435333252,0
2026-04-10 18:00:00+00:00,1.0001574754714966,1.000396966934204,1.0000643730163574,1.0002557039260864,99524608
2026-04-10 19:00:00+00:00,1.0002548694610596,1.0005124807357788,1.0000907182693481,1.0001174211502075,372416512
2026-04-10 20:00:00+00:00,1.000135898590088,1.0004856586456299,0.9999807476997375,1.0002483129501343,659390464
2026-04-10 21:00:00+00:00,1.0001801252365112,1.000386357307434,1.000002145767212,1.000050663948059,107896832
2026-04-10 22:00:00+00:00,1.0001912117004395,1.00033438205719,0.9999743700027466,1.00031316280365,0
2026-04-10 23:00:00+00:00,1.0002838373184204,1.0003937482833862,1.0000590085983276,1.0002461671829224,0
2026-04-11 00:00:00+00:00,1.0002046823501587,1.0003734827041626,1.0000450611114502,1.000214695930481,0
2026-04-11 01:00:00+00:00,1.000219464302063,1.0005115270614624,1.000099778175354,1.0002788305282593,0
2026-04-11 02:00:00+00:00,1.0002444982528687,1.000427007675171,1.0000907182693481,1.0003262758255005,155213824
2026-04-11 03:00:00+00:00,1.000227928161621,1.0004247426986694,1.0001249313354492,1.000257134437561,0
2026-04-11 04:00:00+00:00,1.000270128250122,1.0004469156265259,1.0001248121261597,1.0003126859664917,117686272
2026-04-11 05:00:00+00:00,1.000279188156128,1.0004619359970093,1.0001453161239624,1.0004619359970093,0
2026-04-11 06:00:00+00:00,1.0003840923309326,1.000447154045105,1.0001699924468994,1.0003324747085571,25010176
2026-04-11 07:00:00+00:00,1.0003539323806763,1.000441312789917,1.000210165977478,1.0003057718276978,0
2026-04-11 08:00:00+00:00,1.0002659559249878,1.0004349946975708,1.0000709295272827,1.0003172159194946,0
2026-04-11 09:00:00+00:00,1.000252604484558,1.0004491806030273,1.0000121593475342,1.0003232955932617,0
2026-04-11 10:00:00+00:00,1.0004109144210815,1.0004302263259888,1.0001274347305298,1.0003294944763184,0
2026-04-11 11:00:00+00:00,1.0002555847167969,1.000399112701416,1.0001827478408813,1.0003666877746582,0
2026-04-11 12:00:00+00:00,1.000254511833191,1.000445008277893,1.0000396966934204,1.0003501176834106,0
2026-04-11 13:00:00+00:00,1.0003504753112793,1.0003530979156494,1.000084638595581,1.0003074407577515,0
2026-04-11 14:00:00+00:00,1.0002682209014893,1.0003854036331177,1.0001429319381714,1.000307559967041,0
2026-04-11 15:00:00+00:00,1.0003409385681152,1.0004769563674927,1.0001356601715088,1.0003291368484497,0
2026-04-11 16:00:00+00:00,1.0003066062927246,1.0004160404205322,1.0000882148742676,1.0002193450927734,0
2026-04-11 17:00:00+00:00,1.0002068281173706,1.000299096107483,1.0000823736190796,1.0002758502960205,0
2026-04-11 18:00:00+00:00,1.0001213550567627,1.000299096107483,1.0000441074371338,1.000241756439209,1103728640
2026-04-11 19:00:00+00:00,1.000097393989563,1.0003676414489746,1.0000921487808228,1.0002402067184448,944463872
2026-04-11 20:00:00+00:00,1.000231385231018,1.0004092454910278,1.000054955482483,1.0002819299697876,137306112
2026-04-11 21:00:00+00:00,1.0001392364501953,1.0004171133041382,1.0000795125961304,1.000247836112976,0
2026-04-11 22:00:00+00:00,1.0001568794250488,1.0003676414489746,1.0000450611114502,1.000261902809143,0
2026-04-11 23:00:00+00:00,1.000151515007019,1.000396966934204,1.0000923871994019,1.0002163648605347,105918464
2026-04-12 00:00:00+00:00,1.0002238750457764,1.0003764629364014,1.0000263452529907,1.0002261400222778,0
2026-04-12 01:00:00+00:00,1.0002433061599731,1.0003858804702759,0.999984085559845,1.0002930164337158,3718623232
2026-04-12 02:00:00+00:00,1.0002760887145996,1.0003738403320312,1.0000464916229248,1.0001721382141113,3375648768
2026-04-12 03:00:00+00:00,1.0001802444458008,1.0003021955490112,0.9999774694442749,1.0001932382583618,1053106176
2026-04-12 04:00:00+00:00,1.0002249479293823,1.0003167390823364,0.9999297261238098,1.0001955032348633,948723712
2026-04-12 05:00:00+00:00,1.000319242477417,1.000319242477417,1.0000677108764648,1.000184178352356,581853184
2026-04-12 06:00:00+00:00,1.0001977682113647,1.0004445314407349,1.0001133680343628,1.0002976655960083,0
2026-04-12 07:00:00+00:00,1.000257134437561,1.0003759860992432,1.000069499015808,1.0002453327178955,104693760
2026-04-12 08:00:00+00:00,1.0002683401107788,1.0003796815872192,1.0000429153442383,1.0001696348190308,773455872
2026-04-12 09:00:00+00:00,1.0002800226211548,1.0003573894500732,1.0000641345977783,1.0002578496932983,0
2026-04-12 10:00:00+00:00,1.0003013610839844,1.0003798007965088,1.000044822692871,1.0002009868621826,405291008
2026-04-12 11:00:00+00:00,1.0002365112304688,1.0004342794418335,1.000059962272644,1.0003079175949097,499089408
2026-04-12 12:00:00+00:00,1.0002862215042114,1.0003498792648315,0.9999557137489319,1.0002342462539673,999751680
2026-04-12 13:00:00+00:00,1.0003799200057983,1.0003799200057983,1.0000147819519043,1.0002187490463257,1679613952
2026-04-12 14:00:00+00:00,1.0002177953720093,1.0003859996795654,0.9999719262123108,1.0003383159637451,0
2026-04-12 15:00:00+00:00,1.0002144575119019,1.0003798007965088,1.0000982284545898,1.0002467632293701,615337984
2026-04-12 16:00:00+00:00,1.0001966953277588,1.0003708600997925,1.0000369548797607,1.0002641677856445,0
2026-04-12 17:00:00+00:00,1.0003178119659424,1.0004693269729614,1.0000275373458862,1.0002923011779785,0
2026-04-12 18:00:00+00:00,1.0002824068069458,1.0003784894943237,0.9999038577079773,1.00031316280365,0
2026-04-12 19:00:00+00:00,1.000299334526062,1.000424861907959,1.000016689300537,1.0003535747528076,0
2026-04-12 20:00:00+00:00,1.0003304481506348,1.0003740787506104,1.0000303983688354,1.0002015829086304,0
2026-04-12 21:00:00+00:00,1.000152349472046,1.0003474950790405,0.9997988343238831,1.0003198385238647,0
2026-04-12 22:00:00+00:00,1.0000219345092773,1.0003358125686646,0.9998496770858765,1.0000104904174805,1505529856
2026-04-12 23:00:00+00:00,1.000089406967163,1.000089406967163,0.9997968077659607,0.9999762177467346,417972224
2026-04-13 00:00:00+00:00,0.9999126195907593,1.0001680850982666,0.9998011589050293,1.000136137008667,306507776
2026-04-13 01:00:00+00:00,1.000122308731079,1.000205159187317,0.9998716711997986,1.0001853704452515,0
2026-04-13 02:00:00+00:00,1.000024437904358,1.000268578529358,0.9997618794441223,1.0001507997512817,0
2026-04-13 03:00:00+00:00,0.9999864101409912,1.0001490116119385,0.9997749328613281,0.9999950528144836,0
2026-04-13 04:00:00+00:00,0.9999669194221497,1.0001187324523926,0.9997060894966125,1.0000821352005005,63619072
2026-04-13 05:00:00+00:00,0.999968409538269,1.0002198219299316,0.9998058676719666,1.0000922679901123,1030107136
2026-04-13 06:00:00+00:00,0.9998941421508789,1.0001600980758667,0.9997690916061401,1.0001516342163086,1858408448
2026-04-13 07:00:00+00:00,1.0000436305999756,1.0001626014709473,0.9998229146003723,1.0000050067901611,2470256640
2026-04-13 08:00:00+00:00,1.0000004768371582,1.0000792741775513,0.9997737407684326,0.9999829530715942,1541926912
2026-04-13 09:00:00+00:00,0.9999829530715942,1.0001500844955444,0.9997981190681458,1.0,0
2026-04-13 10:00:00+00:00,1.0000382661819458,1.0001461505889893,0.999747633934021,0.9999865889549255,0
2026-04-13 11:00:00+00:00,1.0000278949737549,1.0001375675201416,0.9997930526733398,1.0000746250152588,316514304
2026-04-13 12:00:00+00:00,1.000053882598877,1.0000985860824585,0.9998674392700195,1.0000940561294556,447811584
2026-04-13 13:00:00+00:00,1.000064492225647,1.0002269744873047,0.9998982548713684,0.9999366402626038,1695899648
2026-04-13 14:00:00+00:00,1.0000556707382202,1.0004633665084839,0.999916136264801,1.0004633665084839,3504951296
2026-04-13 15:00:00+00:00,1.0003561973571777,1.0004817247390747,1.000038981437683,1.0000747442245483,3455438848
2026-04-13 16:00:00+00:00,1.0001596212387085,1.0004888772964478,0.9999326467514038,1.0003057718276978,3510554624
2026-04-13 17:00:00+00:00,1.0002800226211548,1.0004640817642212,1.0000298023223877,1.0002498626708984,2824921088
2026-04-13 18:00:00+00:00,1.000265121459961,1.000472068786621,1.0001273155212402,1.0002710819244385,1746870272
2026-04-13 19:00:00+00:00,1.0001707077026367,1.0004866123199463,1.000075101852417,1.0002968311309814,4989599744
2026-04-13 20:00:00+00:00,1.0003386735916138,1.0004994869232178,1.0001640319824219,1.0003775358200073,2727256064
2026-04-13 21:00:00+00:00,1.000373125076294,1.0004688501358032,1.0000288486480713,1.000299334526062,1111982080
2026-04-13 22:00:00+00:00,1.0002559423446655,1.000471830368042,0.9999110698699951,1.0002604722976685,5148344320
2026-04-13 23:00:00+00:00,1.0002572536468506,1.000451922416687,1.0000922679901123,1.0001546144485474,6618079232
2026-04-14 00:00:00+00:00,1.000233769416809,1.0003788471221924,1.0000591278076172,1.0002878904342651,1451204608
2026-04-14 01:00:00+00:00,1.0000425577163696,1.000413179397583,1.0000425577163696,1.0002706050872803,2354847744
2026-04-14 02:00:00+00:00,1.0003546476364136,1.000441074371338,0.9999538660049438,1.0003389120101929,0
2026-04-14 03:00:00+00:00,1.0003628730773926,1.0004514455795288,1.000127911567688,1.000163197517395,745234432
2026-04-14 04:00:00+00:00,1.0002230405807495,1.0004329681396484,1.0001063346862793,1.000220537185669,386162688
2026-04-14 05:00:00+00:00,1.0001614093780518,1.0004616975784302,1.0001214742660522,1.000375747680664,2271313920
2026-04-14 06:00:00+00:00,1.0003069639205933,1.00041925907135,1.0001518726348877,1.0003896951675415,2603696128
2026-04-14 07:00:00+00:00,1.0002812147140503,1.0004554986953735,1.0001161098480225,1.0003899335861206,4111835136
2026-04-14 08:00:00+00:00,1.0002633333206177,1.0005046129226685,1.000043511390686,1.000454306602478,4437311488
2026-04-14 09:00:00+00:00,1.0003094673156738,1.0004533529281616,1.0001031160354614,1.0002857446670532,3111034880
2026-04-14 10:00:00+00:00,1.0003068447113037,1.0003894567489624,1.0001300573349,1.0002596378326416,3463102464
2026-04-14 11:00:00+00:00,1.0001503229141235,1.0003070831298828,0.9999822974205017,1.0003070831298828,3067191296
2026-04-14 12:00:00+00:00,1.0002468824386597,1.000282883644104,0.9999943971633911,1.000174641609192,2474688512
2026-04-14 13:00:00+00:00,1.0000227689743042,1.0004957914352417,0.9999639391899109,1.0003859996795654,4598349824
2026-04-14 14:00:00+00:00,1.0002985000610352,1.0007327795028687,1.0001764297485352,1.0004349946975708,6743105536
2026-04-14 15:00:00+00:00,1.0004372596740723,1.000552773475647,1.0001293420791626,1.0002048015594482,3195682816
2026-04-14 16:00:00+00:00,1.0002168416976929,1.00043523311615,1.0000666379928589,1.0003911256790161,2177302528
2026-04-14 17:00:00+00:00,1.0002728700637817,1.0004823207855225,1.000067949295044,1.0003119707107544,1823981568
2026-04-14 18:00:00+00:00,1.0003249645233154,1.00046968460083,1.0001237392425537,1.0004465579986572,3114663936
2026-04-14 19:00:00+00:00,1.000529408454895,1.000529408454895,1.000168800354004,1.0004531145095825,0
2026-04-14 20:00:00+00:00,1.0003914833068848,1.0005838871002197,1.0001323223114014,1.0003300905227661,818020352
2026-04-14 21:00:00+00:00,1.0000320672988892,1.0004299879074097,1.0000320672988892,1.000290036201477,307068928
2026-04-14 22:00:00+00:00,1.0003000497817993,1.000349998474121,1.000290036201477,1.0003299713134766,0
2026-04-14 23:00:00+00:00,1.0003199577331543,1.0004700422286987,1.0002399682998657,1.0004600286483765,0
2026-04-15 00:00:00+00:00,1.0004700422286987,1.0004700422286987,1.0002299547195435,1.0004500150680542,2127478784
2026-04-15 01:00:00+00:00,1.0004600286483765,1.0004700422286987,1.000440001487732,1.0004500150680542,190906368
2026-04-15 02:00:00+00:00,1.0004500150680542,1.0004700422286987,1.0002199411392212,1.0003900527954102,1976639488
2026-04-15 03:00:00+00:00,1.0003999471664429,1.0003999471664429,1.0003000497817993,1.0003600120544434,927268864
2026-04-15 04:00:00+00:00,1.000349998474121,1.0004700422286987,1.000349998474121,1.0004600286483765,1705771008
2026-04-15 05:00:00+00:00,1.0004700422286987,1.0004700422286987,1.000249981880188,1.000290036201477,0
2026-04-15 06:00:00+00:00,1.0002700090408325,1.000290036201477,1.0002399682998657,1.0002700090408325,0
2026-04-15 07:00:00+00:00,1.0002399682998657,1.0002700090408325,1.0001499652862549,1.0001599788665771,0
2026-04-15 08:00:00+00:00,1.0001499652862549,1.0002599954605103,1.0001499652862549,1.000249981880188,0
2026-04-15 09:00:00+00:00,1.000249981880188,1.0002800226211548,1.0002399682998657,1.0002800226211548,0
2026-04-15 10:00:00+00:00,1.0002800226211548,1.0002800226211548,1.0001800060272217,1.0001800060272217,0
2026-04-15 11:00:00+00:00,1.0001800060272217,1.0002000331878662,1.0001499652862549,1.000190019607544,0
2026-04-15 12:00:00+00:00,1.0001800060272217,1.000249981880188,1.0001800060272217,1.000249981880188,0
2026-04-15 13:00:00+00:00,1.0002399682998657,1.000249981880188,1.0002399682998657,1.000249981880188,0
2026-04-15 14:00:00+00:00,1.000249981880188,1.000290036201477,1.0002399682998657,1.0002599954605103,0
2026-04-15 15:00:00+00:00,1.0002399682998657,1.0004700422286987,1.0001699924468994,1.0002000331878662,0
2026-04-15 16:00:00+00:00,1.0002000331878662,1.0003900527954102,1.0,1.0000100135803223,0
2026-04-15 17:00:00+00:00,1.0,1.0001599788665771,1.0,1.000059962272644,0
2026-04-15 18:00:00+00:00,1.000059962272644,1.000249981880188,1.0000300407409668,1.0001200437545776,0
2026-04-15 19:00:00+00:00,1.000100016593933,1.0003199577331543,1.000040054321289,1.0001699924468994,0
2026-04-15 20:00:00+00:00,1.0001599788665771,1.0002199411392212,1.0000799894332886,1.0001100301742554,948592640
2026-04-15 21:00:00+00:00,1.0001100301742554,1.0004099607467651,1.000100016593933,1.0003999471664429,307789824
2026-04-15 22:00:00+00:00,1.0004099607467651,1.0004099607467651,1.000040054321289,1.000190019607544,0
2026-04-15 23:00:00+00:00,1.0002199411392212,1.0003399848937988,1.000190019607544,1.0003299713134766,1245421568
2026-04-16 00:00:00+00:00,1.0003199577331543,1.0003299713134766,1.000290036201477,1.0003000497817993,0
2026-04-16 01:00:00+00:00,1.0003000497817993,1.0003000497817993,1.0001200437545776,1.0001300573349,121782272
2026-04-16 02:00:00+00:00,1.000100016593933,1.000249981880188,0.999970018863678,1.0002399682998657,0
2026-04-16 03:00:00+00:00,1.0002299547195435,1.0003999471664429,1.0002299547195435,1.000349998474121,2196701184
2026-04-16 04:00:00+00:00,1.0003399848937988,1.000349998474121,1.0003199577331543,1.0003199577331543,683335680
2026-04-16 05:00:00+00:00,1.0003199577331543,1.0003299713134766,1.0001499652862549,1.000290036201477,0
2026-04-16 06:00:00+00:00,1.000290036201477,1.000290036201477,1.000040054321289,1.0000499486923218,0
2026-04-16 07:00:00+00:00,1.0000499486923218,1.000059962272644,1.0000499486923218,1.0000499486923218,0
2026-04-16 08:00:00+00:00,1.0000499486923218,1.0003700256347656,1.0000499486923218,1.0003299713134766,2941132800
2026-04-16 09:00:00+00:00,1.0003399848937988,1.000349998474121,1.0002599954605103,1.0002800226211548,0
2026-04-16 10:00:00+00:00,1.000249981880188,1.0002800226211548,0.9999399781227112,0.999970018863678,696442880
2026-04-16 11:00:00+00:00,0.999970018863678,1.000100016593933,0.999970018863678,1.0000499486923218,1284448256
2026-04-16 12:00:00+00:00,1.0000499486923218,1.000380039215088,1.0000499486923218,1.0003399848937988,839917568
2026-04-16 13:00:00+00:00,1.0003399848937988,1.0003700256347656,1.0002800226211548,1.000290036201477,862781440
2026-04-16 14:00:00+00:00,1.000290036201477,1.000290036201477,0.9999499917030334,1.0000300407409668,3685507072
2026-04-16 15:00:00+00:00,1.000059962272644,1.0001599788665771,0.999970018863678,1.0000100135803223,2108145664
2026-04-16 16:00:00+00:00,1.0000100135803223,1.0003999471664429,1.0,1.0002299547195435,1947516928
2026-04-16 17:00:00+00:00,1.0001800060272217,1.0002700090408325,1.0000100135803223,1.0001699924468994,1998225408
2026-04-16 18:00:00+00:00,1.0001699924468994,1.0003999471664429,0.9999499917030334,1.000349998474121,1589436416
2026-04-16 19:00:00+00:00,1.000349998474121,1.0003600120544434,1.0000100135803223,1.0001200437545776,2096103424
2026-04-16 20:00:00+00:00,1.0001200437545776,1.0001399517059326,1.0,1.0001399517059326,324165632
2026-04-16 21:00:00+00:00,1.0001399517059326,1.0003600120544434,0.9999399781227112,0.9999600052833557,685318144
2026-04-16 22:00:00+00:00,1.0000100135803223,1.0003900527954102,1.0,1.0002800226211548,0
2026-04-16 23:00:00+00:00,1.000290036201477,1.000380039215088,1.0002800226211548,1.000349998474121,3284992
2026-04-17 00:00:00+00:00,1.0003600120544434,1.0003600120544434,0.999970018863678,1.000349998474121,0
2026-04-17 01:00:00+00:00,1.0003399848937988,1.000349998474121,1.0003199577331543,1.0003399848937988,447455232
2026-04-17 02:00:00+00:00,1.0003199577331543,1.000349998474121,1.0002199411392212,1.0002599954605103,0
2026-04-17 03:00:00+00:00,1.0002599954605103,1.0002700090408325,1.0000499486923218,1.0001200437545776,113098752
2026-04-17 04:00:00+00:00,1.0000799894332886,1.0003299713134766,1.0000799894332886,1.0003199577331543,0
2026-04-17 05:00:00+00:00,1.0003299713134766,1.000349998474121,1.0003199577331543,1.0003399848937988,0
2026-04-17 06:00:00+00:00,1.000349998474121,1.0003999471664429,1.000290036201477,1.0003399848937988,127000576
2026-04-17 07:00:00+00:00,1.0003299713134766,1.0003399848937988,1.000059962272644,1.0001300573349,535314432
2026-04-17 08:00:00+00:00,1.0001599788665771,1.0001599788665771,1.0000499486923218,1.0000799894332886,1123590144
2026-04-17 09:00:00+00:00,1.0000799894332886,1.0001800060272217,1.0000699758529663,1.0001200437545776,4338974720
2026-04-17 10:00:00+00:00,1.0001200437545776,1.0002000331878662,1.000040054321289,1.0001399517059326,1381875712
2026-04-17 11:00:00+00:00,1.0001499652862549,1.000190019607544,1.0000499486923218,1.0001200437545776,0
2026-04-17 12:00:00+00:00,1.0001200437545776,1.0003900527954102,1.0001200437545776,1.0003700256347656,1521238016
2026-04-17 13:00:00+00:00,1.0003700256347656,1.0004700422286987,0.9998700022697449,1.0003299713134766,8521383936
2026-04-17 14:00:00+00:00,1.0003199577331543,1.000480055809021,1.0002100467681885,1.000480055809021,3229990912
2026-04-17 15:00:00+00:00,1.000480055809021,1.000480055809021,1.0001800060272217,1.000440001487732,1756954624
2026-04-17 16:00:00+00:00,1.0004500150680542,1.000480055809021,1.0000100135803223,1.0002299547195435,0
2026-04-17 17:00:00+00:00,1.0002299547195435,1.000480055809021,1.0002100467681885,1.0003199577331543,1453572096
2026-04-17 18:00:00+00:00,1.0003299713134766,1.000480055809021,1.0001699924468994,1.000349998474121,0
2026-04-17 19:00:00+00:00,1.0003399848937988,1.000480055809021,1.0003000497817993,1.000480055809021,0
2026-04-17 20:00:00+00:00,1.000480055809021,1.000480055809021,1.0003900527954102,1.000480055809021,0
2026-04-17 21:00:00+00:00,1.000480055809021,1.000480055809021,1.0002800226211548,1.0003399848937988,0
2026-04-17 22:00:00+00:00,1.0002800226211548,1.000290036201477,1.0001300573349,1.0002700090408325,1377910784
2026-04-17 23:00:00+00:00,1.0002700090408325,1.0003199577331543,1.0000499486923218,1.0003199577331543,2116501504
2026-04-18 00:00:00+00:00,1.0003199577331543,1.000349998474121,1.0001599788665771,1.0002000331878662,0
2026-04-18 01:00:00+00:00,1.0002100467681885,1.0003999471664429,1.0002000331878662,1.0003999471664429,0
2026-04-18 02:00:00+00:00,1.0003999471664429,1.0004199743270874,1.0003900527954102,1.0004099607467651,0
2026-04-18 03:00:00+00:00,1.0004199743270874,1.0004600286483765,1.0004099607467651,1.0004500150680542,0
2026-04-18 04:00:00+00:00,1.0004500150680542,1.0004500150680542,1.0003000497817993,1.0003000497817993,1025310720
2026-04-18 05:00:00+00:00,1.0003199577331543,1.000380039215088,1.0003000497817993,1.0003700256347656,611958784
2026-04-18 06:00:00+00:00,1.0003399848937988,1.000380039215088,1.0003299713134766,1.0003700256347656,0
2026-04-18 07:00:00+00:00,1.0003700256347656,1.000380039215088,1.0003000497817993,1.000309944152832,0
2026-04-18 08:00:00+00:00,1.000309944152832,1.0003199577331543,1.0003000497817993,1.0003000497817993,0
2026-04-18 09:00:00+00:00,1.0003000497817993,1.0004199743270874,1.0003000497817993,1.000349998474121,0
2026-04-18 10:00:00+00:00,1.000349998474121,1.000380039215088,1.0003000497817993,1.0003000497817993,0
2026-04-18 11:00:00+00:00,1.0003000497817993,1.000349998474121,1.0003000497817993,1.000309944152832,1089880064
2026-04-18 12:00:00+00:00,1.0003000497817993,1.0004700422286987,1.0003000497817993,1.0003299713134766,0
2026-04-18 13:00:00+00:00,1.0003199577331543,1.0004700422286987,1.0003199577331543,1.000349998474121,0
2026-04-18 14:00:00+00:00,1.0003600120544434,1.0004700422286987,1.0003000497817993,1.0003299713134766,0
2026-04-18 15:00:00+00:00,1.0003299713134766,1.0003299713134766,1.0003000497817993,1.000309944152832,0
2026-04-18 16:00:00+00:00,1.0002399682998657,1.000290036201477,1.0002199411392212,1.0002399682998657,0
2026-04-18 17:00:00+00:00,1.0002399682998657,1.0003399848937988,1.0002000331878662,1.0002100467681885,0
2026-04-18 18:00:00+00:00,1.0002199411392212,1.0003299713134766,1.0002000331878662,1.000290036201477,0
2026-04-18 19:00:00+00:00,1.000290036201477,1.000309944152832,1.0002800226211548,1.000309944152832,0
2026-04-18 20:00:00+00:00,1.000309944152832,1.000309944152832,1.0002000331878662,1.0002599954605103,0
2026-04-18 21:00:00+00:00,1.0002700090408325,1.0004600286483765,1.0002599954605103,1.0004500150680542,0
2026-04-18 22:00:00+00:00,1.0004600286483765,1.000480055809021,1.0004500150680542,1.000480055809021,0
2026-04-18 23:00:00+00:00,1.000480055809021,1.000480055809021,1.0004600286483765,1.0004600286483765,16384
2026-04-19 00:00:00+00:00,1.0004700422286987,1.000480055809021,1.0004600286483765,1.0004700422286987,0
2026-04-19 01:00:00+00:00,1.0004700422286987,1.000480055809021,1.0002299547195435,1.0002399682998657,0
2026-04-19 02:00:00+00:00,1.000249981880188,1.000480055809021,1.0002399682998657,1.0004099607467651,0
2026-04-19 03:00:00+00:00,1.0004199743270874,1.000480055809021,1.0004099607467651,1.000480055809021,12730368
2026-04-19 04:00:00+00:00,1.000480055809021,1.000480055809021,1.000349998474121,1.0003700256347656,0
2026-04-19 05:00:00+00:00,1.000380039215088,1.0004099607467651,1.0003399848937988,1.0003399848937988,0
2026-04-19 06:00:00+00:00,1.000349998474121,1.0003600120544434,1.0003399848937988,1.0003600120544434,894713856
2026-04-19 07:00:00+00:00,1.0003600120544434,1.0003600120544434,1.0003399848937988,1.0003399848937988,1624276992
2026-04-19 08:00:00+00:00,1.000349998474121,1.000480055809021,1.0003399848937988,1.0004299879074097,0
2026-04-19 09:00:00+00:00,1.0004199743270874,1.000480055809021,1.0004199743270874,1.000480055809021,0
2026-04-19 10:00:00+00:00,1.0004700422286987,1.000480055809021,1.0002100467681885,1.0002100467681885,0
2026-04-19 11:00:00+00:00,1.000249981880188,1.000249981880188,1.0002000331878662,1.0002100467681885,0
2026-04-19 12:00:00+00:00,1.0002000331878662,1.000440001487732,1.0002000331878662,1.0004199743270874,0
2026-04-19 13:00:00+00:00,1.0004199743270874,1.000480055809021,1.0003999471664429,1.0004600286483765,976601088
2026-04-19 14:00:00+00:00,1.0004600286483765,1.0004700422286987,1.0004199743270874,1.0004199743270874,850223104
2026-04-19 15:00:00+00:00,1.0004199743270874,1.0004299879074097,1.0002100467681885,1.000249981880188,1107116032
2026-04-19 16:00:00+00:00,1.0002399682998657,1.0003000497817993,1.0002100467681885,1.0002199411392212,0
2026-04-19 17:00:00+00:00,1.0002199411392212,1.0003399848937988,1.0002000331878662,1.000290036201477,1361403904
2026-04-19 18:00:00+00:00,1.000290036201477,1.0004299879074097,1.000290036201477,1.0004099607467651,556998656
2026-04-19 19:00:00+00:00,1.0004099607467651,1.0004700422286987,1.000290036201477,1.0003000497817993,0
2026-04-19 20:00:00+00:00,1.0003000497817993,1.0003299713134766,1.0002199411392212,1.000309944152832,847806464
2026-04-19 21:00:00+00:00,1.000309944152832,1.0003199577331543,1.0002100467681885,1.000309944152832,138706944
2026-04-19 22:00:00+00:00,1.000309944152832,1.0004299879074097,1.000249981880188,1.0004299879074097,3139878912
2026-04-19 23:00:00+00:00,1.0004299879074097,1.0004899501800537,1.0004199743270874,1.000480055809021,2330288128
2026-04-20 00:00:00+00:00,1.0004899501800537,1.0004899501800537,1.0003700256347656,1.0004899501800537,2005950464
2026-04-20 01:00:00+00:00,1.000480055809021,1.0004899501800537,1.0002399682998657,1.0004500150680542,1374396416
2026-04-20 02:00:00+00:00,1.000440001487732,1.0004899501800537,1.000249981880188,1.000480055809021,1138302976
2026-04-20 03:00:00+00:00,1.000480055809021,1.0004899501800537,1.000249981880188,1.000309944152832,593485824
2026-04-20 04:00:00+00:00,1.000309944152832,1.000309944152832,1.0002000331878662,1.000249981880188,0
2026-04-20 05:00:00+00:00,1.000249981880188,1.0003999471664429,1.0000499486923218,1.0003999471664429,391593984
2026-04-20 06:00:00+00:00,1.000380039215088,1.0004299879074097,1.0003600120544434,1.0003700256347656,0
2026-04-20 07:00:00+00:00,1.0003600120544434,1.0003700256347656,1.0001699924468994,1.0002299547195435,1067769856
2026-04-20 08:00:00+00:00,1.0002299547195435,1.0002399682998657,1.0001699924468994,1.0002199411392212,805658624
2026-04-20 09:00:00+00:00,1.0002299547195435,1.0003199577331543,1.0002100467681885,1.0003199577331543,1551851520
2026-04-20 10:00:00+00:00,1.000309944152832,1.0003299713134766,1.0002199411392212,1.0003299713134766,998014976
2026-04-20 11:00:00+00:00,1.0003299713134766,1.0003900527954102,1.0002399682998657,1.0002599954605103,640303104
2026-04-20 12:00:00+00:00,1.000249981880188,1.0002599954605103,1.000100016593933,1.0002399682998657,1634451456
2026-04-20 13:00:00+00:00,1.000249981880188,1.000440001487732,1.0002199411392212,1.0003600120544434,336961536
2026-04-20 14:00:00+00:00,1.0003600120544434,1.0004899501800537,1.0,1.0003999471664429,1383628800
2026-04-20 15:00:00+00:00,1.0003999471664429,1.0004099607467651,1.000059962272644,1.0003199577331543,1718116352
2026-04-20 16:00:00+00:00,1.0003199577331543,1.0005700588226318,0.999970018863678,1.0003600120544434,1491009536
2026-04-20 17:00:00+00:00,1.0003600120544434,1.0006599426269531,1.0002100467681885,1.0005099773406982,0
2026-04-20 18:00:00+00:00,1.000499963760376,1.0005500316619873,1.0001100301742554,1.000499963760376,0
2026-04-20 19:00:00+00:00,1.0005899667739868,1.0005899667739868,1.0002199411392212,1.0005799531936646,1778155520
2026-04-20 20:00:00+00:00,1.0005899667739868,1.0006500482559204,1.0002399682998657,1.0005500316619873,1603887104
2026-04-20 21:00:00+00:00,1.000540018081665,1.000599980354309,1.0002100467681885,1.0002299547195435,2231787520
2026-04-20 22:00:00+00:00,1.0002299547195435,1.0005500316619873,1.000190019607544,1.0003700256347656,0
2026-04-20 23:00:00+00:00,1.0003600120544434,1.0004600286483765,1.0002299547195435,1.0004600286483765,7135232
2026-04-21 00:00:00+00:00,1.0004600286483765,1.0004600286483765,1.0002100467681885,1.0002599954605103,0
2026-04-21 01:00:00+00:00,1.0002599954605103,1.0005899667739868,1.0002599954605103,1.0005700588226318,0
2026-04-21 02:00:00+00:00,1.0005799531936646,1.0005799531936646,1.0002100467681885,1.000249981880188,27967488
2026-04-21 03:00:00+00:00,1.000249981880188,1.0005199909210205,1.0002399682998657,1.0003299713134766,278634496
2026-04-21 04:00:00+00:00,1.0003199577331543,1.0004099607467651,1.000249981880188,1.000249981880188,1351704576
2026-04-21 05:00:00+00:00,1.0002599954605103,1.000499963760376,1.0002299547195435,1.000440001487732,362708992
2026-04-21 06:00:00+00:00,1.000440001487732,1.000440001487732,1.0002100467681885,1.0002199411392212,0
2026-04-21 07:00:00+00:00,1.0002199411392212,1.0003700256347656,1.0002199411392212,1.000349998474121,9516974080
2026-04-21 08:00:00+00:00,1.000349998474121,1.0004500150680542,1.000349998474121,1.0004099607467651,0
2026-04-21 09:00:00+00:00,1.0004199743270874,1.0004199743270874,1.0002199411392212,1.0002399682998657,0
2026-04-21 10:00:00+00:00,1.0002399682998657,1.0002399682998657,1.0002100467681885,1.0002199411392212,0
2026-04-21 11:00:00+00:00,1.0002100467681885,1.0002199411392212,1.000190019607544,1.000190019607544,0
2026-04-21 12:00:00+00:00,1.0002100467681885,1.000499963760376,1.0001499652862549,1.0001499652862549,14974976
2026-04-21 13:00:00+00:00,1.0003000497817993,1.0005500316619873,1.0001499652862549,1.000190019607544,9516171264
2026-04-21 14:00:00+00:00,1.0001699924468994,1.000499963760376,1.0000799894332886,1.0003299713134766,0
2026-04-21 15:00:00+00:00,1.0003299713134766,1.0006500482559204,0.999970018863678,1.0002599954605103,0
2026-04-21 16:00:00+00:00,1.0002700090408325,1.0004099607467651,1.0000699758529663,1.0004099607467651,0
2026-04-21 17:00:00+00:00,1.0003999471664429,1.0004600286483765,1.0000100135803223,1.000290036201477,622247936
2026-04-21 18:00:00+00:00,1.0002800226211548,1.0004500150680542,0.9999799728393555,1.0002000331878662,0
2026-04-21 19:00:00+00:00,1.0002000331878662,1.0003900527954102,1.0002000331878662,1.0002199411392212,1448501248
2026-04-21 20:00:00+00:00,1.0002199411392212,1.0004299879074097,1.0002199411392212,1.0003600120544434,0
2026-04-21 21:00:00+00:00,1.0003600120544434,1.0004299879074097,1.000249981880188,1.0002800226211548,0
2026-04-21 22:00:00+00:00,1.000290036201477,1.0004500150680542,1.0002700090408325,1.0004099607467651,116924416
2026-04-21 23:00:00+00:00,1.0004099607467651,1.0004099607467651,1.0003000497817993,1.0003199577331543,0
2026-04-22 00:00:00+00:00,1.0003299713134766,1.0003900527954102,1.0003199577331543,1.0003700256347656,0
2026-04-22 01:00:00+00:00,1.0003600120544434,1.0003999471664429,1.000100016593933,1.0002700090408325,0
2026-04-22 02:00:00+00:00,1.0002700090408325,1.0002700090408325,1.0002000331878662,1.000249981880188,1922367488
2026-04-22 03:00:00+00:00,1.0002399682998657,1.000290036201477,1.000100016593933,1.0001599788665771,2140348416
2026-04-22 04:00:00+00:00,1.0001599788665771,1.0002000331878662,1.0,1.0001100301742554,903168000
2026-04-22 05:00:00+00:00,1.0001100301742554,1.0001399517059326,0.9998999834060669,0.9998999834060669,4239007744
2026-04-22 06:00:00+00:00,0.9999399781227112,1.0000499486923218,0.9998999834060669,1.0,1337229312
2026-04-22 07:00:00+00:00,1.0,1.0000100135803223,0.9998700022697449,0.9999200105667114,1299357696
2026-04-22 08:00:00+00:00,0.999970018863678,1.000059962272644,0.9999099969863892,0.9999399781227112,1082564608
2026-04-22 09:00:00+00:00,0.9999499917030334,1.000040054321289,0.9999099969863892,1.000040054321289,0
2026-04-22 10:00:00+00:00,1.000040054321289,1.000100016593933,0.9999399781227112,1.0000699758529663,705363968
2026-04-22 11:00:00+00:00,1.0000499486923218,1.0000900030136108,0.9999600052833557,1.0000699758529663,1356308480
2026-04-22 12:00:00+00:00,1.0000699758529663,1.000499963760376,1.0000300407409668,1.0002100467681885,0
2026-04-22 13:00:00+00:00,1.0002000331878662,1.0003000497817993,1.0000799894332886,1.0001599788665771,3111739392
2026-04-22 14:00:00+00:00,1.0001599788665771,1.000290036201477,1.0001499652862549,1.0002000331878662,2470264832
2026-04-22 15:00:00+00:00,1.0002000331878662,1.0004099607467651,1.0001699924468994,1.0003399848937988,1303511040
2026-04-22 16:00:00+00:00,1.000480055809021,1.0005199909210205,1.0001499652862549,1.0002800226211548,1505591296
2026-04-22 17:00:00+00:00,1.000249981880188,1.0002800226211548,1.000040054321289,1.0002299547195435,0
2026-04-22 18:00:00+00:00,1.0002299547195435,1.0002299547195435,1.0000499486923218,1.0001800060272217,0
2026-04-22 19:00:00+00:00,1.000190019607544,1.000249981880188,0.9999099969863892,1.000059962272644,0
2026-04-22 20:00:00+00:00,1.000059962272644,1.0003999471664429,1.000059962272644,1.0003299713134766,0
2026-04-22 21:00:00+00:00,1.0003199577331543,1.0003999471664429,1.0000300407409668,1.0002199411392212,891707392
2026-04-22 22:00:00+00:00,1.0002299547195435,1.000380039215088,1.0001100301742554,1.000380039215088,0
2026-04-22 23:00:00+00:00,1.0003700256347656,1.000440001487732,1.0001100301742554,1.0004099607467651,7880704
2026-04-23 00:00:00+00:00,1.0004099607467651,1.0004700422286987,1.0001200437545776,1.0002000331878662,1601798144
2026-04-23 01:00:00+00:00,1.0002000331878662,1.000249981880188,1.000040054321289,1.0001100301742554,2034966528
2026-04-23 02:00:00+00:00,1.0001200437545776,1.0004199743270874,1.000100016593933,1.0002100467681885,0
2026-04-23 03:00:00+00:00,1.0002000331878662,1.0004700422286987,1.0001499652862549,1.0001800060272217,0
2026-04-23 04:00:00+00:00,1.0001800060272217,1.000349998474121,1.0001499652862549,1.000190019607544,0
2026-04-23 05:00:00+00:00,1.000190019607544,1.0003299713134766,1.0001399517059326,1.0002000331878662,0
2026-04-23 06:00:00+00:00,1.0002000331878662,1.0003199577331543,1.0000100135803223,1.0002299547195435,0
2026-04-23 07:00:00+00:00,1.0002399682998657,1.0002399682998657,1.0001100301742554,1.0001499652862549,0
2026-04-23 08:00:00+00:00,1.0001499652862549,1.000599980354309,1.0000499486923218,1.000349998474121,260882432
2026-04-23 09:00:00+00:00,1.0003399848937988,1.000349998474121,1.0000900030136108,1.0001100301742554,1414348800
2026-04-23 10:00:00+00:00,1.000100016593933,1.0001499652862549,0.999750018119812,1.0000900030136108,1395154944
2026-04-23 11:00:00+00:00,1.0000799894332886,1.0001499652862549,1.0,1.0000900030136108,0
2026-04-23 12:00:00+00:00,1.0000900030136108,1.0004500150680542,1.000040054321289,1.000440001487732,0
2026-04-23 13:00:00+00:00,1.0004199743270874,1.0004500150680542,1.000040054321289,1.0001499652862549,0
2026-04-23 14:00:00+00:00,1.000100016593933,1.000440001487732,1.000059962272644,1.0002100467681885,0
2026-04-23 15:00:00+00:00,1.0002100467681885,1.0004500150680542,1.0001300573349,1.0001499652862549,0
2026-04-23 16:00:00+00:00,1.0001499652862549,1.0007699728012085,1.0000699758529663,1.0003399848937988,0
2026-04-23 17:00:00+00:00,1.0003900527954102,1.0005700588226318,1.0003399848937988,1.000480055809021,2056683520
2026-04-23 18:00:00+00:00,1.0004700422286987,1.0005199909210205,1.0000200271606445,1.0002100467681885,2062180352
2026-04-23 19:00:00+00:00,1.0002100467681885,1.0003900527954102,1.0000200271606445,1.000249981880188,885907456
2026-04-23 20:00:00+00:00,1.0002599954605103,1.000480055809021,1.0001100301742554,1.0002599954605103,0
2026-04-23 21:00:00+00:00,1.0002599954605103,1.0004199743270874,0.9999600052833557,1.0003199577331543,20873216
2026-04-23 22:00:00+00:00,1.000309944152832,1.0009000301361084,1.0000900030136108,1.0004700422286987,1310744576
2026-04-23 23:00:00+00:00,1.0004600286483765,1.0004700422286987,1.000249981880188,1.000349998474121,148750336
2026-04-24 00:00:00+00:00,1.000349998474121,1.000349998474121,1.0002399682998657,1.0002599954605103,0
2026-04-24 01:00:00+00:00,1.0002599954605103,1.0004199743270874,1.000249981880188,1.0004199743270874,0
2026-04-24 02:00:00+00:00,1.0004199743270874,1.0009100437164307,1.0004099607467651,1.0004899501800537,0
2026-04-24 03:00:00+00:00,1.0004899501800537,1.0004899501800537,1.000380039215088,1.0003900527954102,1007853568
2026-04-24 04:00:00+00:00,1.0003999471664429,1.0003999471664429,1.0003700256347656,1.0003900527954102,171401216
2026-04-24 05:00:00+00:00,1.0003900527954102,1.0003900527954102,1.0003199577331543,1.0003199577331543,552132608
2026-04-24 06:00:00+00:00,1.0003199577331543,1.000349998474121,1.0002399682998657,1.000309944152832,0
2026-04-24 07:00:00+00:00,1.0003000497817993,1.0004600286483765,1.0003000497817993,1.0004299879074097,601350144
2026-04-24 08:00:00+00:00,1.0004299879074097,1.0004600286483765,1.0002700090408325,1.0002800226211548,0
2026-04-24 09:00:00+00:00,1.0002800226211548,1.0003199577331543,1.0002700090408325,1.0003199577331543,0
2026-04-24 10:00:00+00:00,1.0003199577331543,1.0003199577331543,1.0002599954605103,1.0003000497817993,0
2026-04-24 11:00:00+00:00,1.0003000497817993,1.0003000497817993,1.0002000331878662,1.0002000331878662,1295179776
2026-04-24 12:00:00+00:00,1.0002100467681885,1.0004199743270874,1.0001300573349,1.0003900527954102,0
2026-04-24 13:00:00+00:00,1.0003900527954102,1.0004600286483765,1.0002599954605103,1.000380039215088,312811520
2026-04-24 14:00:00+00:00,1.0003700256347656,1.000540018081665,1.0001300573349,1.000499963760376,554123264
2026-04-24 15:00:00+00:00,1.000499963760376,1.0009100437164307,1.0003000497817993,1.0003399848937988,0
2026-04-24 16:00:00+00:00,1.0003600120544434,1.0004700422286987,1.000059962272644,1.0003299713134766,0
2026-04-24 17:00:00+00:00,1.000349998474121,1.000349998474121,1.0000900030136108,1.0002399682998657,0
2026-04-24 18:00:00+00:00,1.0002399682998657,1.0004199743270874,1.0001499652862549,1.000380039215088,0
2026-04-24 19:00:00+00:00,1.0003700256347656,1.0004299879074097,1.0000699758529663,1.0002800226211548,0
2026-04-24 20:00:00+00:00,1.0002599954605103,1.0004199743270874,1.0002299547195435,1.0003600120544434,50003968
2026-04-24 21:00:00+00:00,1.0003700256347656,1.0004700422286987,1.0003600120544434,1.0004099607467651,337051648
2026-04-24 22:00:00+00:00,1.0004199743270874,1.0004299879074097,1.0002599954605103,1.0002800226211548,358924288
2026-04-24 23:00:00+00:00,1.0002800226211548,1.0004600286483765,1.0002700090408325,1.000349998474121,1515520
2026-04-25 00:00:00+00:00,1.0003399848937988,1.0004199743270874,1.000290036201477,1.000380039215088,0
2026-04-25 01:00:00+00:00,1.0003900527954102,1.0004199743270874,1.0003600120544434,1.0003999471664429,0
2026-04-25 02:00:00+00:00,1.0003999471664429,1.000440001487732,1.000380039215088,1.000380039215088,0
2026-04-25 03:00:00+00:00,1.0003900527954102,1.0004199743270874,1.000380039215088,1.0003999471664429,0
2026-04-25 04:00:00+00:00,1.0003999471664429,1.0004099607467651,1.0003000497817993,1.000349998474121,0
2026-04-25 05:00:00+00:00,1.000349998474121,1.0004199743270874,1.0003299713134766,1.0003299713134766,0
2026-04-25 06:00:00+00:00,1.0003399848937988,1.0003399848937988,1.000290036201477,1.000309944152832,0
2026-04-25 07:00:00+00:00,1.0003000497817993,1.000309944152832,1.0003000497817993,1.000309944152832,0
2026-04-25 08:00:00+00:00,1.0003000497817993,1.000309944152832,1.000290036201477,1.0003000497817993,0
2026-04-25 09:00:00+00:00,1.0003000497817993,1.0003000497817993,1.0001599788665771,1.0001699924468994,0
2026-04-25 10:00:00+00:00,1.0001599788665771,1.0001699924468994,1.0001599788665771,1.0001699924468994,0
2026-04-25 11:00:00+00:00,1.0001699924468994,1.0001699924468994,1.000100016593933,1.0001699924468994,0
2026-04-25 12:00:00+00:00,1.0001699924468994,1.0002199411392212,1.0001599788665771,1.0002199411392212,0
2026-04-25 13:00:00+00:00,1.0002100467681885,1.0003299713134766,1.0002100467681885,1.0003299713134766,0
2026-04-25 14:00:00+00:00,1.0003299713134766,1.0003299713134766,1.000309944152832,1.000309944152832,0
2026-04-25 15:00:00+00:00,1.0003199577331543,1.0003199577331543,1.0003000497817993,1.0003000497817993,0
2026-04-25 16:00:00+00:00,1.0003000497817993,1.0003999471664429,1.0003000497817993,1.0003700256347656,0
2026-04-25 17:00:00+00:00,1.0003700256347656,1.0004199743270874,1.0003600120544434,1.0003700256347656,0
2026-04-25 18:00:00+00:00,1.0003900527954102,1.0003900527954102,1.0003600120544434,1.000380039215088,0
2026-04-25 19:00:00+00:00,1.000380039215088,1.000380039215088,1.0003600120544434,1.0003700256347656,0
2026-04-25 20:00:00+00:00,1.0003700256347656,1.0003700256347656,1.0003299713134766,1.000349998474121,0
2026-04-25 21:00:00+00:00,1.000349998474121,1.000349998474121,1.0003299713134766,1.0003399848937988,0
2026-04-25 22:00:00+00:00,1.0003399848937988,1.0003399848937988,1.0003299713134766,1.0003399848937988,0
2026-04-25 23:00:00+00:00,1.0003399848937988,1.000349998474121,1.0003199577331543,1.0003399848937988,0
2026-04-26 00:00:00+00:00,1.0003299713134766,1.0003399848937988,1.0003000497817993,1.000309944152832,0
2026-04-26 01:00:00+00:00,1.000309944152832,1.0003700256347656,1.0003000497817993,1.000349998474121,0
2026-04-26 02:00:00+00:00,1.000349998474121,1.0003700256347656,1.0003299713134766,1.000349998474121,0
2026-04-26 03:00:00+00:00,1.000349998474121,1.0003600120544434,1.0003000497817993,1.0003000497817993,0
2026-04-26 04:00:00+00:00,1.000309944152832,1.0003399848937988,1.0003000497817993,1.0003199577331543,132866048
2026-04-26 05:00:00+00:00,1.000309944152832,1.0003900527954102,1.0003000497817993,1.0003000497817993,1471242240
2026-04-26 06:00:00+00:00,1.0003000497817993,1.0003199577331543,1.0003000497817993,1.000309944152832,206061568
2026-04-26 07:00:00+00:00,1.0003000497817993,1.0003399848937988,1.0003000497817993,1.0003299713134766,182624256
2026-04-26 08:00:00+00:00,1.0003399848937988,1.0003399848937988,1.000309944152832,1.0003199577331543,253214720
2026-04-26 09:00:00+00:00,1.0003199577331543,1.0003299713134766,1.0003000497817993,1.0003000497817993,0
2026-04-26 10:00:00+00:00,1.000309944152832,1.0003299713134766,1.0003000497817993,1.000309944152832,0
2026-04-26 11:00:00+00:00,1.0003000497817993,1.000309944152832,0.9999799728393555,1.0000900030136108,0
2026-04-26 12:00:00+00:00,1.0000799894332886,1.0001399517059326,1.0000699758529663,1.0001200437545776,0
2026-04-26 13:00:00+00:00,1.0001200437545776,1.0001399517059326,1.000040054321289,1.000059962272644,365682688
2026-04-26 14:00:00+00:00,1.000059962272644,1.0001399517059326,1.0000499486923218,1.0001399517059326,43802624
2026-04-26 15:00:00+00:00,1.0001399517059326,1.0002299547195435,1.0001300573349,1.0002199411392212,0
2026-04-26 16:00:00+00:00,1.0002199411392212,1.0002299547195435,1.0000200271606445,1.0000699758529663,0
2026-04-26 17:00:00+00:00,1.0000699758529663,1.0003000497817993,1.0000499486923218,1.000290036201477,0
2026-04-26 18:00:00+00:00,1.0002599954605103,1.0004500150680542,1.0002599954605103,1.0003299713134766,838893568
2026-04-26 19:00:00+00:00,1.0003399848937988,1.0003999471664429,1.0002199411392212,1.0003299713134766,952467456
2026-04-26 20:00:00+00:00,1.0003299713134766,1.000440001487732,1.000309944152832,1.000440001487732,540975104
2026-04-26 21:00:00+00:00,1.0004500150680542,1.0005099773406982,1.0002599954605103,1.0003900527954102,1091575808
2026-04-26 22:00:00+00:00,1.0003900527954102,1.0004199743270874,1.000380039215088,1.0003900527954102,3000459264
2026-04-26 23:00:00+00:00,1.0003999471664429,1.0003999471664429,1.0003399848937988,1.0003600120544434,2508660736
2026-04-27 00:00:00+00:00,1.000349998474121,1.0003600120544434,1.0003299713134766,1.000349998474121,2443059200
2026-04-27 01:00:00+00:00,1.000349998474121,1.000349998474121,1.0001599788665771,1.0003299713134766,3431940096
2026-04-27 02:00:00+00:00,1.0003399848937988,1.0003700256347656,1.0002299547195435,1.0003700256347656,1462910976
2026-04-27 03:00:00+00:00,1.0003600120544434,1.0004199743270874,1.0001699924468994,1.0002399682998657,818077696
2026-04-27 04:00:00+00:00,1.0002199411392212,1.0002399682998657,1.0002000331878662,1.0002100467681885,631439360
2026-04-27 05:00:00+00:00,1.0002100467681885,1.000349998474121,1.0001699924468994,1.000290036201477,3229720576
2026-04-27 06:00:00+00:00,1.000290036201477,1.000290036201477,1.000190019607544,1.0002000331878662,2143838208
2026-04-27 07:00:00+00:00,1.0002100467681885,1.0002100467681885,1.0001699924468994,1.000190019607544,486375424
2026-04-27 08:00:00+00:00,1.0001800060272217,1.000190019607544,1.0000100135803223,1.0000799894332886,610066432
2026-04-27 09:00:00+00:00,1.0000799894332886,1.0000900030136108,1.0,1.0000100135803223,1697873920
2026-04-27 10:00:00+00:00,1.0000100135803223,1.0001399517059326,1.0000100135803223,1.0000699758529663,945618944
2026-04-27 11:00:00+00:00,1.0000699758529663,1.0000699758529663,1.0,1.0000200271606445,982179840
2026-04-27 12:00:00+00:00,1.0000100135803223,1.0001300573349,1.0,1.0,2244550656
2026-04-27 13:00:00+00:00,1.0000100135803223,1.000190019607544,1.0,1.0,1510989824
2026-04-27 14:00:00+00:00,1.0000100135803223,1.0000100135803223,0.9997299909591675,0.9999399781227112,2116739072
2026-04-27 15:00:00+00:00,0.9999399781227112,1.000100016593933,0.9997299909591675,1.0000200271606445,6296723456
2026-04-27 16:00:00+00:00,1.0000100135803223,1.0000900030136108,0.9996799826622009,0.999970018863678,2355920896
2026-04-27 17:00:00+00:00,0.9999099969863892,1.0002100467681885,0.9996600151062012,0.9999600052833557,1423155200
2026-04-27 18:00:00+00:00,0.9999600052833557,1.0,0.9995800256729126,0.9997299909591675,0
2026-04-27 19:00:00+00:00,0.9997299909591675,1.000100016593933,0.9995899796485901,0.999779999256134,443310080
2026-04-27 20:00:00+00:00,0.999779999256134,1.0001599788665771,0.9995999932289124,1.000059962272644,546414592
2026-04-27 21:00:00+00:00,1.0000699758529663,1.0000799894332886,0.9995099902153015,0.9997000098228455,0
2026-04-27 22:00:00+00:00,0.9998000264167786,1.0000699758529663,0.9997000098228455,1.000040054321289,0
2026-04-27 23:00:00+00:00,1.000040054321289,1.0000799894332886,0.9996399879455566,0.9998400211334229,10461184
2026-04-28 00:00:00+00:00,0.9998400211334229,1.0000900030136108,0.9998000264167786,1.0000699758529663,0
2026-04-28 01:00:00+00:00,1.0000699758529663,1.0000699758529663,0.9999300241470337,1.0,0
2026-04-28 02:00:00+00:00,1.0,1.0,0.9996799826622009,1.0,0
2026-04-28 03:00:00+00:00,0.9998599886894226,1.000100016593933,0.9998599886894226,1.0000799894332886,0
2026-04-28 04:00:00+00:00,1.0000799894332886,1.0000900030136108,0.9999200105667114,0.9999399781227112,0
2026-04-28 05:00:00+00:00,1.0000100135803223,1.000059962272644,0.9998300075531006,0.9998900294303894,0
2026-04-28 06:00:00+00:00,0.9998900294303894,0.9998900294303894,0.9997599720954895,0.9997699856758118,0
2026-04-28 07:00:00+00:00,0.999779999256134,0.999779999256134,0.9997599720954895,0.9997699856758118,355082240
2026-04-28 08:00:00+00:00,0.9997699856758118,0.9997699856758118,0.9997100234031677,0.9997199773788452,721068032
2026-04-28 09:00:00+00:00,0.9997100234031677,0.9997199773788452,0.9997100234031677,0.9997199773788452,0
2026-04-28 10:00:00+00:00,0.9997199773788452,0.9998999834060669,0.9997100234031677,0.999809980392456,0
2026-04-28 11:00:00+00:00,0.999809980392456,0.9998999834060669,0.999750018119812,0.999750018119812,735322112
2026-04-28 12:00:00+00:00,0.999750018119812,0.9999899864196777,0.9996399879455566,0.9999899864196777,904568832
2026-04-28 13:00:00+00:00,0.9999799728393555,1.0,0.9996700286865234,0.9998999834060669,826892288
2026-04-28 14:00:00+00:00,0.9998999834060669,1.0000900030136108,0.9997000098228455,0.9998000264167786,0
2026-04-28 15:00:00+00:00,0.999809980392456,1.0001699924468994,0.999779999256134,0.9998900294303894,0
2026-04-28 16:00:00+00:00,0.9998800158500671,1.0000900030136108,0.9997100234031677,0.9997299909591675,0
2026-04-28 17:00:00+00:00,0.9997400045394897,0.9998400211334229,0.9995999932289124,0.9996500015258789,0
2026-04-28 18:00:00+00:00,0.9996399879455566,0.9998800158500671,0.9996100068092346,0.9998499751091003,0
2026-04-28 19:00:00+00:00,0.9998400211334229,0.9998999834060669,0.9996500015258789,0.9998499751091003,0
2026-04-28 20:00:00+00:00,0.9998599886894226,0.9998800158500671,0.9996299743652344,0.9998000264167786,232652800
2026-04-28 21:00:00+00:00,0.999809980392456,1.000100016593933,0.999750018119812,1.0000300407409668,205930496
2026-04-28 22:00:00+00:00,1.0000100135803223,1.000100016593933,0.9996500015258789,0.9999099969863892,0
2026-04-28 23:00:00+00:00,0.9998999834060669,0.9999099969863892,0.9996500015258789,0.9998300075531006,9822208
2026-04-29 00:00:00+00:00,0.9997599720954895,0.9998400211334229,0.9996299743652344,0.9996799826622009,0
2026-04-29 01:00:00+00:00,0.9996799826622009,0.9998800158500671,0.9996600151062012,0.9997100234031677,0
2026-04-29 02:00:00+00:00,0.9997299909591675,0.9997299909591675,0.9995800256729126,0.9996299743652344,0
2026-04-29 03:00:00+00:00,0.9996299743652344,0.9998400211334229,0.9995800256729126,0.9996399879455566,1392148480
2026-04-29 04:00:00+00:00,0.9996399879455566,0.9998700022697449,0.9996399879455566,0.9997299909591675,1247682560
2026-04-29 05:00:00+00:00,0.9997299909591675,0.9998800158500671,0.9996700286865234,0.9998800158500671,0
2026-04-29 06:00:00+00:00,0.9998700022697449,0.9998800158500671,0.9998700022697449,0.9998800158500671,0
2026-04-29 07:00:00+00:00,0.9998800158500671,0.9998900294303894,0.9998700022697449,0.9998900294303894,950337536
2026-04-29 08:00:00+00:00,0.9998900294303894,0.9998900294303894,0.9996700286865234,0.9996700286865234,0
2026-04-29 09:00:00+00:00,0.9996700286865234,0.9999200105667114,0.9996700286865234,0.9998499751091003,2627928064
2026-04-29 10:00:00+00:00,0.9998499751091003,0.9998800158500671,0.9996700286865234,0.9998700022697449,3546144768
2026-04-29 11:00:00+00:00,0.9998700022697449,0.9998700022697449,0.9997199773788452,0.9998199939727783,292143104
2026-04-29 12:00:00+00:00,0.9998199939727783,1.0000100135803223,0.9996700286865234,0.9998300075531006,1824792576
2026-04-29 13:00:00+00:00,0.9998300075531006,1.000040054321289,0.999530017375946,0.9998800158500671,108986368
2026-04-29 14:00:00+00:00,0.9998999834060669,0.9999399781227112,0.9996600151062012,0.9996799826622009,0
2026-04-29 15:00:00+00:00,0.9997000098228455,0.999970018863678,0.9996600151062012,0.999750018119812,1055612928
2026-04-29 16:00:00+00:00,0.999750018119812,0.9998800158500671,0.999530017375946,0.9995899796485901,2926968832
2026-04-29 17:00:00+00:00,0.9995399713516235,0.9995999932289124,0.9993799924850464,0.9994999766349792,399065088
2026-04-29 18:00:00+00:00,0.999530017375946,0.999750018119812,0.9993699789047241,0.9995200037956238,4921729024
2026-04-29 19:00:00+00:00,0.999459981918335,0.9996899962425232,0.9993799924850464,0.9995399713516235,1410195456
2026-04-29 20:00:00+00:00,0.9995399713516235,0.9997400045394897,0.9994400143623352,0.9996899962425232,385220608
2026-04-29 21:00:00+00:00,0.9997000098228455,0.9997599720954895,0.9993500113487244,0.9995399713516235,0
2026-04-29 22:00:00+00:00,0.9995399713516235,0.9996600151062012,0.9994099736213684,0.999530017375946,296943616
2026-04-29 23:00:00+00:00,0.9995499849319458,0.9996299743652344,0.9994099736213684,0.9996200203895569,0
2026-04-30 00:00:00+00:00,0.9996100068092346,0.9996700286865234,0.9995599985122681,0.9996700286865234,1253515264
2026-04-30 01:00:00+00:00,0.9996200203895569,0.9996799826622009,0.9993199706077576,0.9996700286865234,1935663104
2026-04-30 02:00:00+00:00,0.9996799826622009,0.9996799826622009,0.9996200203895569,0.9996700286865234,2118705152
2026-04-30 03:00:00+00:00,0.9996600151062012,0.9996799826622009,0.9994999766349792,0.9996799826622009,0
2026-04-30 04:00:00+00:00,0.9996600151062012,0.9997000098228455,0.9995099902153015,0.9996200203895569,0
2026-04-30 05:00:00+00:00,0.9996200203895569,0.9996200203895569,0.9995099902153015,0.999530017375946,1541423104
2026-04-30 06:00:00+00:00,0.9995800256729126,0.9996799826622009,0.9993900060653687,0.9996299743652344,1351483392
2026-04-30 07:00:00+00:00,0.9996299743652344,0.9996600151062012,0.9993199706077576,0.9995399713516235,0
2026-04-30 08:00:00+00:00,0.9995399713516235,0.9996500015258789,0.9992600083351135,0.9994500279426575,0
2026-04-30 09:00:00+00:00,0.9994500279426575,0.9995800256729126,0.9993900060653687,0.9995800256729126,0
2026-04-30 10:00:00+00:00,0.9995800256729126,0.9995999932289124,0.9993900060653687,0.9994300007820129,0
2026-04-30 11:00:00+00:00,0.9994300007820129,0.9996500015258789,0.9993900060653687,0.9994099736213684,0
2026-04-30 12:00:00+00:00,0.9994099736213684,0.9996700286865234,0.9993900060653687,0.9994999766349792,0
2026-04-30 13:00:00+00:00,0.9994900226593018,0.9997299909591675,0.9994900226593018,0.9996299743652344,0
2026-04-30 14:00:00+00:00,0.9996600151062012,1.0,0.9992700219154358,0.9995499849319458,0
2026-04-30 15:00:00+00:00,0.9995599985122681,0.9999499917030334,0.9993000030517578,0.9997299909591675,0
2026-04-30 16:00:00+00:00,0.9997299909591675,0.999779999256134,0.9993600249290466,0.9994500279426575,0
2026-04-30 17:00:00+00:00,0.9994500279426575,0.9997900128364563,0.999239981174469,0.999750018119812,0
2026-04-30 18:00:00+00:00,0.9996299743652344,0.9998499751091003,0.999530017375946,0.9997199773788452,0
2026-04-30 19:00:00+00:00,0.9997299909591675,0.9998999834060669,0.9996500015258789,0.9997000098228455,0
2026-04-30 20:00:00+00:00,0.999750018119812,0.999750018119812,0.9994199872016907,0.9995200037956238,0
2026-04-30 21:00:00+00:00,0.9995099902153015,0.9996500015258789,0.999459981918335,0.9995899796485901,280371200
2026-04-30 22:00:00+00:00,0.9995899796485901,0.9996299743652344,0.9994800090789795,0.999530017375946,0
2026-04-30 23:00:00+00:00,0.9995499849319458,0.9996200203895569,0.9994300007820129,0.999530017375946,1166327808
2026-05-01 00:00:00+00:00,0.999530017375946,0.9995999932289124,0.9994900226593018,0.9995700120925903,328810496
2026-05-01 01:00:00+00:00,0.9995899796485901,0.9995999932289124,0.9995099902153015,0.9995399713516235,0
2026-05-01 02:00:00+00:00,0.9995499849319458,0.9995999932289124,0.9995099902153015,0.9995999932289124,0
2026-05-01 03:00:00+00:00,0.9995999932289124,0.9996200203895569,0.9992899894714355,0.9995599985122681,1535795200
2026-05-01 04:00:00+00:00,0.9995599985122681,0.9996399879455566,0.9994900226593018,0.9995899796485901,177430528
2026-05-01 05:00:00+00:00,0.9996399879455566,0.9996399879455566,0.9995599985122681,0.9995999932289124,0
2026-05-01 06:00:00+00:00,0.9995999932289124,0.9996399879455566,0.9995200037956238,0.9995700120925903,0
2026-05-01 07:00:00+00:00,0.9995800256729126,0.9995800256729126,0.9995399713516235,0.9995700120925903,122036224
2026-05-01 08:00:00+00:00,0.9995700120925903,0.9996500015258789,0.9995499849319458,0.9996299743652344,259031040
2026-05-01 09:00:00+00:00,0.9996299743652344,0.999750018119812,0.9995599985122681,0.9996500015258789,0
2026-05-01 10:00:00+00:00,0.9996500015258789,0.9996600151062012,0.999530017375946,0.9995899796485901,27934720
2026-05-01 11:00:00+00:00,0.9995899796485901,0.9996100068092346,0.9994900226593018,0.9996100068092346,204390400
2026-05-01 12:00:00+00:00,0.9996100068092346,0.9999099969863892,0.9995999932289124,0.9996399879455566,499326976
2026-05-01 13:00:00+00:00,0.9996399879455566,0.9997599720954895,0.9995700120925903,0.9996799826622009,2347622400
2026-05-01 14:00:00+00:00,0.9996799826622009,0.9998000264167786,0.9995999932289124,0.9997900128364563,2815270912
2026-05-01 15:00:00+00:00,0.9997900128364563,0.9999399781227112,0.999779999256134,0.9998999834060669,1053655040
2026-05-01 16:00:00+00:00,0.9998900294303894,0.9999499917030334,0.9997000098228455,0.9998300075531006,1508483072
2026-05-01 17:00:00+00:00,0.9998300075531006,0.9999499917030334,0.9998300075531006,0.9999300241470337,387244032
2026-05-01 18:00:00+00:00,0.9998900294303894,1.000100016593933,0.9998199939727783,0.9998700022697449,0
2026-05-01 19:00:00+00:00,0.9998800158500671,1.0000900030136108,0.999779999256134,1.0000499486923218,0
2026-05-01 20:00:00+00:00,1.0000499486923218,1.0000499486923218,0.9998400211334229,0.9999099969863892,523001856
2026-05-01 21:00:00+00:00,0.9999099969863892,0.9999799728393555,0.9998999834060669,0.9999799728393555,757342208
2026-05-01 22:00:00+00:00,0.999970018863678,1.000040054321289,0.9998499751091003,0.9998700022697449,91955200
2026-05-01 23:00:00+00:00,0.9998700022697449,0.9998800158500671,0.9998599886894226,0.9998700022697449,99819520
2026-05-02 00:00:00+00:00,0.9998700022697449,0.9999399781227112,0.9995700120925903,0.9997299909591675,0
2026-05-02 01:00:00+00:00,0.9997299909591675,0.9999799728393555,0.9996899962425232,0.999970018863678,0
2026-05-02 02:00:00+00:00,0.999970018863678,1.0,0.9998300075531006,0.9999099969863892,0
2026-05-02 03:00:00+00:00,0.9998999834060669,0.9999099969863892,0.9996899962425232,0.999750018119812,0
2026-05-02 04:00:00+00:00,0.999750018119812,0.999750018119812,0.9997100234031677,0.9997400045394897,0
2026-05-02 05:00:00+00:00,0.9997400045394897,0.9997400045394897,0.9997000098228455,0.9997299909591675,100352000
2026-05-02 06:00:00+00:00,0.9997400045394897,0.9997400045394897,0.9996500015258789,0.9997100234031677,0
2026-05-02 07:00:00+00:00,0.9997100234031677,0.9997199773788452,0.9997000098228455,0.9997199773788452,0
2026-05-02 08:00:00+00:00,0.9997199773788452,0.9997199773788452,0.9996500015258789,0.9996799826622009,0
2026-05-02 09:00:00+00:00,0.9996799826622009,0.9997199773788452,0.9996600151062012,0.9997100234031677,0
2026-05-02 10:00:00+00:00,0.9997199773788452,0.9997199773788452,0.9997000098228455,0.9997000098228455,0
2026-05-02 11:00:00+00:00,0.9997199773788452,0.9997199773788452,0.9996100068092346,0.9996600151062012,0
2026-05-02 12:00:00+00:00,0.9996600151062012,0.9997299909591675,0.9995999932289124,0.9996799826622009,0
2026-05-02 13:00:00+00:00,0.9996799826622009,0.9997299909591675,0.9996600151062012,0.9997199773788452,0
2026-05-02 14:00:00+00:00,0.9997199773788452,0.999779999256134,0.9997100234031677,0.9997599720954895,0
2026-05-02 15:00:00+00:00,0.9997599720954895,0.9998199939727783,0.999750018119812,0.9998199939727783,0
2026-05-02 16:00:00+00:00,0.999809980392456,0.999809980392456,0.999779999256134,0.9997900128364563,0
2026-05-02 17:00:00+00:00,0.9997900128364563,0.9999799728393555,0.9997699856758118,0.999970018863678,0
2026-05-02 18:00:00+00:00,0.9999399781227112,0.999970018863678,0.9998999834060669,0.9999399781227112,0
2026-05-02 19:00:00+00:00,0.9999300241470337,0.9999499917030334,0.9999099969863892,0.9999399781227112,0
2026-05-02 20:00:00+00:00,0.9999499917030334,0.9999499917030334,0.9999200105667114,0.9999300241470337,0
2026-05-02 21:00:00+00:00,0.9999200105667114,0.9999499917030334,0.9998999834060669,0.9999300241470337,0
2026-05-02 22:00:00+00:00,0.9999399781227112,1.0,0.9999099969863892,1.0,0
2026-05-02 23:00:00+00:00,0.9999799728393555,1.0,0.9999799728393555,1.0,224690176
2026-05-03 00:00:00+00:00,1.0,1.0,0.999970018863678,0.9999799728393555,0
2026-05-03 01:00:00+00:00,0.9999799728393555,1.0000200271606445,0.9999399781227112,0.999970018863678,0
2026-05-03 02:00:00+00:00,0.9999799728393555,0.9999799728393555,0.9998999834060669,0.9998999834060669,0
2026-05-03 03:00:00+00:00,0.9999799728393555,0.9999799728393555,0.9998599886894226,0.9998900294303894,0
2026-05-03 04:00:00+00:00,0.9998999834060669,0.9998999834060669,0.9998199939727783,0.9998700022697449,0
2026-05-03 05:00:00+00:00,0.9998700022697449,0.9998800158500671,0.9998000264167786,0.9998499751091003,0
2026-05-03 06:00:00+00:00,0.9998599886894226,0.9999499917030334,0.9998499751091003,0.9998599886894226,0
2026-05-03 07:00:00+00:00,0.9998499751091003,0.9999499917030334,0.9998499751091003,0.9998999834060669,0
2026-05-03 08:00:00+00:00,0.9998999834060669,0.9999099969863892,0.9998599886894226,0.9998900294303894,0
2026-05-03 09:00:00+00:00,0.9998900294303894,0.9998900294303894,0.9998300075531006,0.9998700022697449,0
2026-05-03 10:00:00+00:00,0.9998700022697449,0.9998900294303894,0.9997900128364563,0.9998300075531006,78716928
2026-05-03 11:00:00+00:00,0.9998400211334229,1.0000499486923218,0.9998300075531006,0.9998300075531006,1324384256
2026-05-03 12:00:00+00:00,0.9998300075531006,0.9999300241470337,0.9996100068092346,0.9997199773788452,2332286976
2026-05-03 13:00:00+00:00,0.9997199773788452,0.9998599886894226,0.9996500015258789,0.9997699856758118,479764480
2026-05-03 14:00:00+00:00,0.9997699856758118,0.9998300075531006,0.9996700286865234,0.9997900128364563,951451648
2026-05-03 15:00:00+00:00,0.9997900128364563,0.9998000264167786,0.9996100068092346,0.999750018119812,1063256064
2026-05-03 16:00:00+00:00,0.9997599720954895,0.9997599720954895,0.9996600151062012,0.9996899962425232,0
2026-05-03 17:00:00+00:00,0.9996899962425232,0.999750018119812,0.9996200203895569,0.9997100234031677,929120256
2026-05-03 18:00:00+00:00,0.9996700286865234,0.9997900128364563,0.9996700286865234,0.9997699856758118,195149824
2026-05-03 19:00:00+00:00,0.9997699856758118,0.9997699856758118,0.9997400045394897,0.9997400045394897,1373380608
2026-05-03 20:00:00+00:00,0.999750018119812,0.9998499751091003,0.9997400045394897,0.9998300075531006,1954996224
2026-05-03 21:00:00+00:00,0.9998300075531006,0.9999499917030334,0.9998199939727783,0.9999200105667114,567746560
2026-05-03 22:00:00+00:00,0.9999200105667114,1.000100016593933,0.9995399713516235,0.9998300075531006,2938511360
2026-05-03 23:00:00+00:00,0.9998400211334229,0.9999200105667114,0.9998300075531006,0.9999099969863892,1435000832
2026-05-04 00:00:00+00:00,0.9999099969863892,0.9999200105667114,0.9997699856758118,0.9998400211334229,2526199808
2026-05-04 01:00:00+00:00,0.9998499751091003,0.9998700022697449,0.9996799826622009,0.9998400211334229,2526961664
2026-05-04 02:00:00+00:00,0.999809980392456,0.9998400211334229,0.9997299909591675,0.9998000264167786,9009930240
2026-05-04 03:00:00+00:00,0.9997900128364563,0.9999399781227112,0.9997199773788452,0.9998000264167786,5268545536
2026-05-04 04:00:00+00:00,0.9998499751091003,0.9998499751091003,0.9997199773788452,0.999809980392456,4967424000
2026-05-04 05:00:00+00:00,0.9998199939727783,0.9998800158500671,0.999809980392456,0.9998700022697449,4001153024
2026-05-04 06:00:00+00:00,0.9998700022697449,0.9998700022697449,0.9996299743652344,0.9997900128364563,2386427904
2026-05-04 07:00:00+00:00,0.9998000264167786,0.999809980392456,0.9997000098228455,0.9998000264167786,2143944704
2026-05-04 08:00:00+00:00,0.9997000098228455,0.9998400211334229,0.9995999932289124,0.9997400045394897,3517366272
2026-05-04 09:00:00+00:00,0.9997400045394897,0.9997900128364563,0.9995999932289124,0.9997100234031677,1694842880
2026-05-04 10:00:00+00:00,0.9996899962425232,0.9997299909591675,0.9994800090789795,0.9995999932289124,9444368384
2026-05-04 11:00:00+00:00,0.9995999932289124,0.9997599720954895,0.9994900226593018,0.9995399713516235,1190944768
2026-05-04 12:00:00+00:00,0.9996299743652344,0.9997400045394897,0.9995499849319458,0.9996700286865234,522354688
2026-05-04 13:00:00+00:00,0.9996700286865234,0.9997900128364563,0.9995399713516235,0.9997100234031677,1012129792
2026-05-04 14:00:00+00:00,0.9997299909591675,0.9998800158500671,0.9994999766349792,0.9997199773788452,4941332480
2026-05-04 15:00:00+00:00,0.9997000098228455,0.9998800158500671,0.9995700120925903,0.999779999256134,6122520576
2026-05-04 16:00:00+00:00,0.9997699856758118,1.0000499486923218,0.9995800256729126,0.9998900294303894,2745909248
2026-05-04 17:00:00+00:00,0.9998800158500671,0.9998999834060669,0.9996299743652344,0.9998599886894226,1932591104
2026-05-04 18:00:00+00:00,0.9998599886894226,1.0000499486923218,0.9997100234031677,0.9998199939727783,1727873024
2026-05-04 19:00:00+00:00,0.9998400211334229,1.0000200271606445,0.9995599985122681,0.9998499751091003,768409600
2026-05-04 20:00:00+00:00,0.999809980392456,1.0,0.9995999932289124,0.9998800158500671,0
2026-05-04 21:00:00+00:00,0.9998000264167786,0.9999399781227112,0.9996200203895569,0.9997400045394897,0
2026-05-04 22:00:00+00:00,0.9997400045394897,0.9998900294303894,0.9996600151062012,0.9998300075531006,0
2026-05-04 23:00:00+00:00,0.9998300075531006,0.9998300075531006,0.9995899796485901,0.999779999256134,0
2026-05-05 00:00:00+00:00,0.9997900128364563,0.9999399781227112,0.9995700120925903,0.9997000098228455,0
2026-05-05 01:00:00+00:00,0.9997000098228455,0.9998300075531006,0.9996500015258789,0.9998000264167786,0
2026-05-05 02:00:00+00:00,0.9998000264167786,0.9998300075531006,0.9996799826622009,0.9997299909591675,0
2026-05-05 03:00:00+00:00,0.9997299909591675,0.9997400045394897,0.9995599985122681,0.9996700286865234,0
2026-05-05 04:00:00+00:00,0.9996700286865234,0.9998000264167786,0.9995599985122681,0.9996700286865234,0
2026-05-05 05:00:00+00:00,0.9996700286865234,0.9997699856758118,0.9995899796485901,0.9997199773788452,0
2026-05-05 06:00:00+00:00,0.9997199773788452,0.999809980392456,0.9995999932289124,0.9997000098228455,0
2026-05-05 07:00:00+00:00,0.9997000098228455,0.9998999834060669,0.9995999932289124,0.9996899962425232,798998528
2026-05-05 08:00:00+00:00,0.9996899962425232,0.9999200105667114,0.9995800256729126,0.9997000098228455,140263424
2026-05-05 09:00:00+00:00,0.9997000098228455,0.9998000264167786,0.9995800256729126,0.9997299909591675,0
2026-05-05 10:00:00+00:00,0.9997199773788452,0.9998199939727783,0.9997000098228455,0.9998199939727783,0
2026-05-05 11:00:00+00:00,0.999809980392456,1.0,0.9997299909591675,0.9998199939727783,0
2026-05-05 12:00:00+00:00,0.9998199939727783,0.9998599886894226,0.9997199773788452,0.9998199939727783,654360576
2026-05-05 13:00:00+00:00,0.9998199939727783,1.00600004196167,0.9998000264167786,1.0000699758529663,3694673920
2026-05-05 14:00:00+00:00,1.0000100135803223,1.0000499486923218,0.9996799826622009,1.0,0
2026-05-05 15:00:00+00:00,1.000040054321289,1.0001699924468994,0.9997000098228455,0.9999499917030334,0
2026-05-05 16:00:00+00:00,0.9999200105667114,1.0001699924468994,0.9998199939727783,0.999970018863678,0
2026-05-05 17:00:00+00:00,0.999750018119812,0.999970018863678,0.9996899962425232,0.9998900294303894,0
2026-05-05 18:00:00+00:00,0.9998999834060669,1.0001100301742554,0.9998199939727783,1.0000499486923218,0
2026-05-05 19:00:00+00:00,1.0000499486923218,1.0000699758529663,0.9997299909591675,0.9999099969863892,116178944
2026-05-05 20:00:00+00:00,0.9998999834060669,1.0001300573349,0.9997100234031677,1.0000699758529663,1414873088
2026-05-05 21:00:00+00:00,1.000059962272644,1.0001399517059326,0.9998400211334229,1.0,1391566848
2026-05-05 22:00:00+00:00,0.9999899864196777,1.000100016593933,0.9999200105667114,0.9999799728393555,1938497536
2026-05-05 23:00:00+00:00,0.9999799728393555,1.0000499486923218,0.999750018119812,0.9999499917030334,869416960
2026-05-06 00:00:00+00:00,0.9999499917030334,0.9999499917030334,0.9998999834060669,0.9999300241470337,824819712
2026-05-06 01:00:00+00:00,0.9999200105667114,0.9999499917030334,0.9997000098228455,0.9998599886894226,1039425536
2026-05-06 02:00:00+00:00,0.9998599886894226,0.9999499917030334,0.9998499751091003,0.9998999834060669,0
2026-05-06 03:00:00+00:00,0.9999099969863892,0.9999300241470337,0.9997400045394897,0.9998999834060669,143228928
2026-05-06 04:00:00+00:00,0.9998999834060669,0.9999499917030334,0.9997199773788452,0.9998999834060669,121274368
2026-05-06 05:00:00+00:00,0.9998900294303894,0.9998999834060669,0.9970099925994873,0.9997699856758118,0
2026-05-06 06:00:00+00:00,0.999779999256134,0.9999200105667114,0.999779999256134,0.9999200105667114,658268160
2026-05-06 07:00:00+00:00,0.9999099969863892,0.9999499917030334,0.9999099969863892,0.9999200105667114,0
2026-05-06 08:00:00+00:00,0.9999200105667114,0.9999499917030334,0.9995700120925903,0.9997299909591675,1835892736
2026-05-06 09:00:00+00:00,0.9997299909591675,0.9998199939727783,0.9997000098228455,0.999779999256134,5069127680
2026-05-06 10:00:00+00:00,0.9997699856758118,0.9999399781227112,0.9997599720954895,0.9998999834060669,2391588864
2026-05-06 11:00:00+00:00,0.9998999834060669,0.9999300241470337,0.9995099902153015,0.999809980392456,2769059840
2026-05-06 12:00:00+00:00,0.999809980392456,0.9999499917030334,0.9997299909591675,0.9998300075531006,1529790464
2026-05-06 13:00:00+00:00,0.9998199939727783,0.9999399781227112,0.9997199773788452,0.9998499751091003,0
2026-05-06 14:00:00+00:00,0.9998599886894226,0.9999499917030334,0.9998199939727783,0.9999099969863892,1790623744
2026-05-06 15:00:00+00:00,0.9999300241470337,0.9999499917030334,0.9995999932289124,0.9997699856758118,0
2026-05-06 16:00:00+00:00,0.999779999256134,0.9999499917030334,0.9995999932289124,0.9998900294303894,0
2026-05-06 17:00:00+00:00,0.9998800158500671,0.9999499917030334,0.9998800158500671,0.9999200105667114,765394944
2026-05-06 18:00:00+00:00,0.9999099969863892,0.9999499917030334,0.999750018119812,0.9998599886894226,522207232
2026-05-06 19:00:00+00:00,0.9998599886894226,0.9998999834060669,0.9996500015258789,0.9998000264167786,0
2026-05-06 20:00:00+00:00,0.9998000264167786,0.9999300241470337,0.9995999932289124,0.9997199773788452,0
2026-05-06 21:00:00+00:00,0.9997400045394897,0.9998599886894226,0.9996100068092346,0.9997900128364563,0
2026-05-06 22:00:00+00:00,0.9998199939727783,0.9999499917030334,0.999530017375946,0.9998199939727783,0
2026-05-06 23:00:00+00:00,0.9998199939727783,0.9999399781227112,0.9997000098228455,0.9998599886894226,0
2026-05-07 00:00:00+00:00,0.9998199939727783,0.9998900294303894,0.9987499713897705,0.9997699856758118,0
2026-05-07 01:00:00+00:00,0.9997699856758118,0.9999499917030334,0.9997599720954895,0.9999499917030334,0
2026-05-07 02:00:00+00:00,0.9999499917030334,0.9999499917030334,0.9997199773788452,0.9999200105667114,0
2026-05-07 03:00:00+00:00,0.9999300241470337,0.9999499917030334,0.9997000098228455,0.9998499751091003,0
2026-05-07 04:00:00+00:00,0.9998800158500671,0.9999099969863892,0.9997400045394897,0.9998700022697449,0
2026-05-07 05:00:00+00:00,0.9998700022697449,0.9998800158500671,0.9996899962425232,0.9996899962425232,0
2026-05-07 06:00:00+00:00,0.9996899962425232,0.9996899962425232,0.9996399879455566,0.9996500015258789,384884736
2026-05-07 07:00:00+00:00,0.9996500015258789,0.9999399781227112,0.9996399879455566,0.9998999834060669,1613275136
2026-05-07 08:00:00+00:00,0.9998800158500671,0.9999499917030334,0.9998800158500671,0.9999300241470337,0
2026-05-07 09:00:00+00:00,0.9999300241470337,0.9999399781227112,0.999779999256134,0.9999099969863892,0
2026-05-07 10:00:00+00:00,0.9998999834060669,0.9999099969863892,0.9997199773788452,0.9998599886894226,0
2026-05-07 11:00:00+00:00,0.9998599886894226,0.9998999834060669,0.9997699856758118,0.9998599886894226,0
2026-05-07 12:00:00+00:00,0.9998599886894226,1.0011500120162964,0.9998300075531006,1.0000300407409668,0
2026-05-07 13:00:00+00:00,1.0000300407409668,1.0001599788665771,0.999779999256134,0.9999799728393555,0
2026-05-07 14:00:00+00:00,0.999970018863678,1.0001699924468994,0.9997000098228455,1.0000900030136108,0
2026-05-07 15:00:00+00:00,1.0000900030136108,1.0001699924468994,0.9998800158500671,1.0000100135803223,119351222272
2026-05-07 16:00:00+00:00,1.0000100135803223,1.000040054321289,0.9995999932289124,0.9997400045394897,198836224
2026-05-07 17:00:00+00:00,0.9997299909591675,1.000100016593933,0.9995999932289124,0.999970018863678,1306443776
2026-05-07 18:00:00+00:00,0.999970018863678,1.0000900030136108,0.999750018119812,0.9998800158500671,423542784
2026-05-07 19:00:00+00:00,0.9998800158500671,0.9999099969863892,0.999750018119812,0.9998700022697449,666910720
2026-05-07 20:00:00+00:00,0.9998599886894226,0.9999099969863892,0.9997000098228455,0.9998700022697449,0
2026-05-07 21:00:00+00:00,0.9997900128364563,0.9999300241470337,0.9997199773788452,0.9998800158500671,1706573824
2026-05-07 22:00:00+00:00,0.9998800158500671,0.9999399781227112,0.9997599720954895,0.9998900294303894,1835204608
2026-05-07 23:00:00+00:00,0.9998800158500671,0.9999499917030334,0.9997400045394897,0.9998999834060669,1293172736
2026-05-08 00:00:00+00:00,0.9998900294303894,0.9999499917030334,0.9997900128364563,0.9999399781227112,824688640
2026-05-08 01:00:00+00:00,0.9998800158500671,0.9999499917030334,0.9998800158500671,0.9999399781227112,0
2026-05-08 03:00:00+00:00,0.9997982382774353,0.9998109340667725,0.9995971322059631,0.9997199177742004,158609186816
2026-05-08 04:00:00+00:00,0.9997884631156921,0.9998359680175781,0.9995348453521729,0.9998359680175781,0
2026-05-08 05:00:00+00:00,0.9997463226318359,0.9998825788497925,0.9996086955070496,0.9996459484100342,0
2026-05-08 06:00:00+00:00,0.9997509717941284,0.999902606010437,0.9995695948600769,0.9997987151145935,0
2026-05-08 07:00:00+00:00,0.9996799230575562,0.999901294708252,0.9995752573013306,0.9997683167457581,0
2026-05-08 08:00:00+00:00,0.9996326565742493,0.9999086260795593,0.9996326565742493,0.9998502135276794,0
2026-05-08 09:00:00+00:00,0.9998441338539124,0.9999082684516907,0.999755859375,0.9998235702514648,9601024
2026-05-08 10:00:00+00:00,0.9998471736907959,0.9998822808265686,0.9997377991676331,0.9998478293418884,0
2026-05-08 11:00:00+00:00,0.9998182058334351,0.9999356269836426,0.9997882843017578,0.9998659491539001,458047488
2026-05-08 12:00:00+00:00,0.9998313784599304,0.9999899864196777,0.9997699856758118,0.9999600052833557,0
2026-05-08 13:00:00+00:00,0.9999600052833557,0.999970018863678,0.999750018119812,0.9997599720954895,0
2026-05-08 14:00:00+00:00,0.9999499917030334,0.9999499917030334,0.9987499713897705,0.9998800158500671,0
2026-05-08 15:00:00+00:00,0.9997699856758118,0.9998000264167786,0.9990000128746033,0.999779999256134,0
2026-05-08 16:00:00+00:00,0.9997000098228455,0.9998999834060669,0.9976999759674072,0.999809980392456,0
2026-05-08 17:00:00+00:00,0.999809980392456,1.0000100135803223,0.9987499713897705,0.9999399781227112,883834880
2026-05-08 18:00:00+00:00,0.9999399781227112,1.000100016593933,0.9997000098228455,0.9999600052833557,712843264
2026-05-08 19:00:00+00:00,0.9999300241470337,1.0001200437545776,0.999779999256134,0.9998599886894226,0
2026-05-08 20:00:00+00:00,0.999750018119812,1.0001499652862549,0.999750018119812,1.0000100135803223,0
2026-05-08 21:00:00+00:00,1.0000100135803223,1.000040054321289,0.9995099902153015,0.9998800158500671,0
2026-05-08 22:00:00+00:00,0.9998800158500671,1.0,0.9987499713897705,0.9997699856758118,0
2026-05-08 23:00:00+00:00,0.9997699856758118,0.9999499917030334,0.9996200203895569,0.9999399781227112,561078272
2026-05-09 00:00:00+00:00,0.9999099969863892,0.999970018863678,0.999750018119812,0.9998900294303894,0
2026-05-09 01:00:00+00:00,0.9998900294303894,0.999970018863678,0.999750018119812,0.9999200105667114,120963072
2026-05-09 02:00:00+00:00,0.9999200105667114,0.9999499917030334,0.9997699856758118,0.9999399781227112,0
2026-05-09 03:00:00+00:00,0.9999399781227112,1.0,0.9998999834060669,0.9999499917030334,0
2026-05-09 04:00:00+00:00,0.9999499917030334,1.0000100135803223,0.9999399781227112,0.9999600052833557,840146944
2026-05-09 05:00:00+00:00,0.9999799728393555,1.0000100135803223,0.9998800158500671,0.9999499917030334,110297088
2026-05-09 06:00:00+00:00,0.9999499917030334,0.999970018863678,0.9998199939727783,0.9999200105667114,0
2026-05-09 07:00:00+00:00,0.9998900294303894,0.9999200105667114,0.999750018119812,0.9997699856758118,0
2026-05-09 08:00:00+00:00,0.9997900128364563,0.9997900128364563,0.999750018119812,0.9997699856758118,0
2026-05-09 09:00:00+00:00,0.9997699856758118,0.9998499751091003,0.9997599720954895,0.9998300075531006,0
2026-05-09 10:00:00+00:00,0.9998400211334229,0.9999499917030334,0.9998300075531006,0.9998499751091003,0
2026-05-09 11:00:00+00:00,0.9998499751091003,0.9998599886894226,0.9998400211334229,0.9998499751091003,0
2026-05-09 12:00:00+00:00,0.9998599886894226,0.9999499917030334,0.9998400211334229,0.9999099969863892,0
2026-05-09 13:00:00+00:00,0.9999099969863892,0.9999499917030334,0.9995899796485901,0.9998900294303894,0
2026-05-09 14:00:00+00:00,0.9998900294303894,0.9998900294303894,0.999750018119812,0.9998300075531006,0
2026-05-09 15:00:00+00:00,0.9998300075531006,0.9998499751091003,0.9997199773788452,0.9998400211334229,0
2026-05-09 16:00:00+00:00,0.9998000264167786,0.9998999834060669,0.9997199773788452,0.9998999834060669,0
2026-05-09 17:00:00+00:00,0.9998999834060669,0.9999099969863892,0.9995999932289124,0.9997199773788452,0
2026-05-09 18:00:00+00:00,0.999779999256134,0.999809980392456,0.9996200203895569,0.9997599720954895,0
2026-05-09 19:00:00+00:00,0.999750018119812,0.9998199939727783,0.9997299909591675,0.9997900128364563,0
2026-05-09 20:00:00+00:00,0.999809980392456,0.9999399781227112,0.9997599720954895,0.9998900294303894,0
2026-05-09 21:00:00+00:00,0.9998800158500671,0.9999099969863892,0.9997199773788452,0.9998999834060669,0
2026-05-09 22:00:00+00:00,0.9999099969863892,0.9999099969863892,0.999779999256134,0.9998700022697449,0
2026-05-09 23:00:00+00:00,0.9998700022697449,0.9998700022697449,0.9997400045394897,0.9998000264167786,0
2026-05-10 00:00:00+00:00,0.9998000264167786,0.9998400211334229,0.9997000098228455,0.9998199939727783,0
2026-05-10 01:00:00+00:00,0.9998000264167786,0.9999499917030334,0.9996600151062012,0.9997699856758118,0
2026-05-10 02:00:00+00:00,0.9997599720954895,0.9998000264167786,0.9997000098228455,0.9997100234031677,0
2026-05-10 03:00:00+00:00,0.9997199773788452,0.999809980392456,0.9997000098228455,0.9998000264167786,0
2026-05-10 04:00:00+00:00,0.9998000264167786,0.9998400211334229,0.999750018119812,0.9997900128364563,0
2026-05-10 05:00:00+00:00,0.999779999256134,0.9998400211334229,0.9996600151062012,0.9998300075531006,0
2026-05-10 06:00:00+00:00,0.9998300075531006,0.9998300075531006,0.9997000098228455,0.9998199939727783,0
2026-05-10 07:00:00+00:00,0.9998199939727783,0.9998199939727783,0.9997000098228455,0.999779999256134,0
2026-05-10 08:00:00+00:00,0.999779999256134,0.9998300075531006,0.9997000098228455,0.9997199773788452,0
2026-05-10 09:00:00+00:00,0.9997199773788452,0.999809980392456,0.9995899796485901,0.9997199773788452,0
2026-05-10 10:00:00+00:00,0.9997100234031677,0.9997400045394897,0.9996100068092346,0.9997199773788452,507547648
2026-05-10 11:00:00+00:00,0.9997299909591675,0.9997299909591675,0.9996100068092346,0.9997299909591675,449462272
2026-05-10 12:00:00+00:00,0.9997299909591675,0.9997299909591675,0.9996600151062012,0.9997199773788452,0
2026-05-10 13:00:00+00:00,0.9997199773788452,0.9998000264167786,0.9996100068092346,0.9996500015258789,0
2026-05-10 14:00:00+00:00,0.9997599720954895,0.9997900128364563,0.9996700286865234,0.9997599720954895,964681728
2026-05-10 15:00:00+00:00,0.999750018119812,0.9997900128364563,0.9995899796485901,0.9997199773788452,1440870400
2026-05-10 16:00:00+00:00,0.9997100234031677,0.9998000264167786,0.9996799826622009,0.9997599720954895,1428496384
2026-05-10 17:00:00+00:00,0.9997599720954895,0.9998400211334229,0.9995999932289124,0.9998199939727783,4457897984
2026-05-10 18:00:00+00:00,0.9998300075531006,0.9998800158500671,0.9995999932289124,0.9997900128364563,1651539968
2026-05-10 19:00:00+00:00,0.9998000264167786,0.999809980392456,0.9997199773788452,0.999750018119812,1218498560
2026-05-10 20:00:00+00:00,0.999779999256134,0.9998199939727783,0.9997199773788452,0.9997599720954895,3748757504
2026-05-10 21:00:00+00:00,0.9997599720954895,0.9998900294303894,0.999750018119812,0.9998900294303894,2335227904
2026-05-10 22:00:00+00:00,0.9998900294303894,0.9999499917030334,0.9998800158500671,0.9999300241470337,4890865664
2026-05-10 23:00:00+00:00,0.9999300241470337,1.000100016593933,0.999809980392456,1.0000799894332886,3552919552
2026-05-11 00:00:00+00:00,1.000059962272644,1.0001399517059326,0.9999300241470337,1.0000100135803223,2534596608
2026-05-11 01:00:00+00:00,1.0000200271606445,1.0000200271606445,0.9999099969863892,0.999970018863678,1128628224
2026-05-11 02:00:00+00:00,0.999970018863678,0.9999899864196777,0.9997699856758118,0.9999099969863892,152100864
2026-05-11 03:00:00+00:00,0.9999200105667114,0.9999300241470337,0.9997599720954895,0.9998400211334229,2998165504
2026-05-11 04:00:00+00:00,0.9998300075531006,0.9998400211334229,0.9997400045394897,0.9998000264167786,972185600
2026-05-11 05:00:00+00:00,0.9998199939727783,0.9998199939727783,0.999750018119812,0.9997900128364563,104390656
2026-05-11 06:00:00+00:00,0.9997900128364563,0.9998700022697449,0.999750018119812,0.999809980392456,1290199040
2026-05-11 07:00:00+00:00,0.9998199939727783,0.9998400211334229,0.999750018119812,0.999779999256134,778698752
2026-05-11 08:00:00+00:00,0.999779999256134,0.999809980392456,0.9997400045394897,0.999809980392456,1266917376
2026-05-11 09:00:00+00:00,0.999750018119812,0.999809980392456,0.9997000098228455,0.9997400045394897,273915904
2026-05-11 10:00:00+00:00,0.9997299909591675,0.999779999256134,0.9997199773788452,0.9997699856758118,623550464
2026-05-11 11:00:00+00:00,0.9997699856758118,0.999970018863678,0.9997299909591675,0.9998300075531006,116654080
2026-05-11 12:00:00+00:00,0.9998300075531006,0.9999399781227112,0.9997599720954895,0.9997599720954895,1539604480
2026-05-11 13:00:00+00:00,0.9997599720954895,0.9997699856758118,0.9995800256729126,0.9997000098228455,1819475968
2026-05-11 14:00:00+00:00,0.9995599985122681,0.9997000098228455,0.9993000030517578,0.9994500279426575,1748901888
2026-05-11 15:00:00+00:00,0.9993799924850464,0.9997000098228455,0.9993799924850464,0.9995200037956238,460414976
2026-05-11 16:00:00+00:00,0.9994999766349792,0.9996700286865234,0.9993900060653687,0.9995099902153015,298762240
2026-05-11 17:00:00+00:00,0.9995200037956238,0.9995800256729126,0.9993900060653687,0.9995599985122681,0
2026-05-11 18:00:00+00:00,0.9995599985122681,0.9995700120925903,0.9994999766349792,0.9995599985122681,0
2026-05-11 19:00:00+00:00,0.9995599985122681,0.9997299909591675,0.9993500113487244,0.9997199773788452,240959488
2026-05-11 20:00:00+00:00,0.9997199773788452,0.9997299909591675,0.9995099902153015,0.9997000098228455,0
2026-05-11 21:00:00+00:00,0.9997000098228455,0.9997400045394897,0.9994400143623352,0.9996799826622009,0
2026-05-11 22:00:00+00:00,0.9996799826622009,0.9997400045394897,0.9995099902153015,0.9995499849319458,0
2026-05-11 23:00:00+00:00,0.9994699954986572,0.9996899962425232,0.9994699954986572,0.9996500015258789,0
2026-05-12 00:00:00+00:00,0.9995999932289124,0.9997299909591675,0.9995899796485901,0.9996399879455566,0
2026-05-12 01:00:00+00:00,0.9996899962425232,0.9997100234031677,0.9951000213623047,0.9995599985122681,586326016
2026-05-12 02:00:00+00:00,0.9995200037956238,0.9996299743652344,0.9994900226593018,0.9996299743652344,0
2026-05-12 03:00:00+00:00,0.9996299743652344,0.9996299743652344,0.9995599985122681,0.9996299743652344,0
2026-05-12 04:00:00+00:00,0.9996299743652344,0.9996299743652344,0.999019980430603,0.9995099902153015,0
2026-05-12 05:00:00+00:00,0.9995099902153015,0.9995899796485901,0.9970099925994873,0.9995700120925903,0
2026-05-12 06:00:00+00:00,0.9995700120925903,0.9996299743652344,0.9995399713516235,0.9995700120925903,0
2026-05-12 07:00:00+00:00,0.9995700120925903,0.9996200203895569,0.9993399977684021,0.999530017375946,270106624
2026-05-12 08:00:00+00:00,0.9993900060653687,0.9995800256729126,0.9993500113487244,0.9994199872016907,547733504
2026-05-12 09:00:00+00:00,0.9994199872016907,0.9995999932289124,0.9993600249290466,0.9994300007820129,927670272
2026-05-12 10:00:00+00:00,0.9994300007820129,0.9997400045394897,0.9993699789047241,0.9997400045394897,114384896
2026-05-12 11:00:00+00:00,0.9997400045394897,0.9997400045394897,0.9994099736213684,0.9996799826622009,1044897792
2026-05-12 12:00:00+00:00,0.9996799826622009,0.9997299909591675,0.9994400143623352,0.9997000098228455,170704896
2026-05-12 13:00:00+00:00,0.9997000098228455,0.9997400045394897,0.9995099902153015,0.9996899962425232,0
2026-05-12 14:00:00+00:00,0.9996100068092346,0.9997400045394897,0.9994000196456909,0.9997000098228455,770129920
2026-05-12 15:00:00+00:00,0.9997000098228455,0.999750018119812,0.9991999864578247,0.9995599985122681,802578432
2026-05-12 16:00:00+00:00,0.9995599985122681,0.999750018119812,0.9987499713897705,0.9996799826622009,0
2026-05-12 17:00:00+00:00,0.9996799826622009,0.999970018863678,0.9991999864578247,0.9997599720954895,358825984
2026-05-12 18:00:00+00:00,0.9997900128364563,0.9998900294303894,0.9992600083351135,0.9995700120925903,0
2026-05-12 19:00:00+00:00,0.9995700120925903,0.999809980392456,0.9994500279426575,0.9996200203895569,0
2026-05-12 20:00:00+00:00,0.9995099902153015,0.9997699856758118,0.9994199872016907,0.9996399879455566,0
2026-05-12 21:00:00+00:00,0.9996399879455566,0.9998999834060669,0.9995200037956238,0.9998000264167786,230612992
2026-05-12 22:00:00+00:00,0.9998000264167786,0.9998199939727783,0.9997100234031677,0.9997699856758118,0
2026-05-12 23:00:00+00:00,0.9997699856758118,0.9998199939727783,0.9997100234031677,0.9997599720954895,41615360
2026-05-13 00:00:00+00:00,0.9997599720954895,0.999809980392456,0.999750018119812,0.999809980392456,0
2026-05-13 01:00:00+00:00,0.999809980392456,0.9998300075531006,0.999750018119812,0.9998000264167786,0
2026-05-13 02:00:00+00:00,0.9998000264167786,0.9998300075531006,0.9997699856758118,0.999779999256134,0
2026-05-13 03:00:00+00:00,0.9998000264167786,0.9998199939727783,0.9995700120925903,0.9996600151062012,378896384
2026-05-13 04:00:00+00:00,0.9996899962425232,0.999809980392456,0.9996500015258789,0.999809980392456,265306112
2026-05-13 05:00:00+00:00,0.999809980392456,0.9999600052833557,0.9996700286865234,0.9997699856758118,415629312
2026-05-13 06:00:00+00:00,0.9995499849319458,0.9998199939727783,0.9995499849319458,0.9997100234031677,18989056
2026-05-13 07:00:00+00:00,0.9996899962425232,0.9997100234031677,0.9995499849319458,0.9996899962425232,0
2026-05-13 08:00:00+00:00,0.9996799826622009,0.9997100234031677,0.9995999932289124,0.9996600151062012,37994496
2026-05-13 09:00:00+00:00,0.9996700286865234,0.9996700286865234,0.9995399713516235,0.9995499849319458,598081536
2026-05-13 10:00:00+00:00,0.9995899796485901,0.9995999932289124,0.999530017375946,0.9995899796485901,482222080
2026-05-13 11:00:00+00:00,0.9995899796485901,0.9996899962425232,0.9995700120925903,0.9996299743652344,0
2026-05-13 12:00:00+00:00,0.9996200203895569,0.9998499751091003,0.9994199872016907,0.9995599985122681,1674371072
2026-05-13 13:00:00+00:00,0.9995700120925903,0.9999799728393555,0.9994900226593018,0.9997100234031677,873480192
2026-05-13 14:00:00+00:00,0.9997000098228455,1.0,0.9995999932289124,0.9997000098228455,433602560
2026-05-13 15:00:00+00:00,0.9997100234031677,0.9999399781227112,0.9995899796485901,0.9996600151062012,164323328
2026-05-13 16:00:00+00:00,0.9995899796485901,0.9996299743652344,0.9992200136184692,0.9994199872016907,2214330368
2026-05-13 17:00:00+00:00,0.9994300007820129,0.9995099902153015,0.9993500113487244,0.9994999766349792,251404288
2026-05-13 18:00:00+00:00,0.9995099902153015,0.9999600052833557,0.9994000196456909,0.9996500015258789,1006051328
2026-05-13 19:00:00+00:00,0.9996500015258789,0.9997699856758118,0.9995800256729126,0.9996200203895569,0
2026-05-13 20:00:00+00:00,0.9996100068092346,0.9997699856758118,0.9994800090789795,0.9996100068092346,0
2026-05-13 21:00:00+00:00,0.9996100068092346,0.9996100068092346,0.9994500279426575,0.9995899796485901,0
2026-05-13 22:00:00+00:00,0.9995899796485901,0.9996299743652344,0.9993500113487244,0.9996200203895569,342376448
2026-05-13 23:00:00+00:00,0.9996200203895569,0.9996200203895569,0.9994199872016907,0.9995800256729126,341155840
2026-05-14 00:00:00+00:00,0.9995700120925903,0.9996500015258789,0.999530017375946,0.9995499849319458,630358016
2026-05-14 01:00:00+00:00,0.9995399713516235,0.9996600151062012,0.999459981918335,0.9995899796485901,0
2026-05-14 02:00:00+00:00,0.9995899796485901,0.9997000098228455,0.999530017375946,0.9995899796485901,500375552
2026-05-14 03:00:00+00:00,0.9995800256729126,0.9995999932289124,0.999530017375946,0.9995599985122681,261873664
2026-05-14 04:00:00+00:00,0.9995599985122681,0.9996299743652344,0.9995399713516235,0.9996200203895569,965902336
2026-05-14 05:00:00+00:00,0.9996200203895569,0.9996299743652344,0.9995399713516235,0.9995700120925903,416186368
2026-05-14 06:00:00+00:00,0.9995599985122681,0.999809980392456,0.9995599985122681,0.9995999932289124,194797568
2026-05-14 07:00:00+00:00,0.9995999932289124,0.9996799826622009,0.9995099902153015,0.9995200037956238,226402304
2026-05-14 08:00:00+00:00,0.9995099902153015,0.9995800256729126,0.9994800090789795,0.9995499849319458,245293056
2026-05-14 09:00:00+00:00,0.9995399713516235,0.9995999932289124,0.9995200037956238,0.9995599985122681,0
2026-05-14 10:00:00+00:00,0.9995700120925903,0.9995700120925903,0.999530017375946,0.9995399713516235,0
2026-05-14 11:00:00+00:00,0.9995399713516235,0.9996299743652344,0.9994199872016907,0.9996200203895569,0
2026-05-14 12:00:00+00:00,0.9996100068092346,0.999750018119812,0.9994199872016907,0.9994800090789795,0
2026-05-14 13:00:00+00:00,0.9994800090789795,0.9996899962425232,0.9994099736213684,0.9995399713516235,0
2026-05-14 14:00:00+00:00,0.9995999932289124,0.9996899962425232,0.9994999766349792,0.9996899962425232,1363533824
2026-05-14 15:00:00+00:00,0.9996799826622009,0.999750018119812,0.9996799826622009,0.9997199773788452,1637146624
2026-05-14 16:00:00+00:00,0.9997400045394897,0.9999200105667114,0.9996799826622009,0.9998499751091003,1726398464
2026-05-14 17:00:00+00:00,0.9998599886894226,0.9999300241470337,0.9996399879455566,0.9998400211334229,4094140416
2026-05-14 18:00:00+00:00,0.9998499751091003,1.0,0.9997599720954895,0.9999899864196777,1359060992
2026-05-14 19:00:00+00:00,0.9999899864196777,1.0,0.9996700286865234,0.9998499751091003,1309827072
2026-05-14 20:00:00+00:00,0.9998400211334229,1.0001300573349,0.9998000264167786,1.0000300407409668,1423024128
2026-05-14 21:00:00+00:00,1.0000300407409668,1.0000300407409668,0.9998900294303894,0.9999099969863892,491659264
2026-05-14 22:00:00+00:00,0.9998999834060669,0.9999600052833557,0.9998400211334229,0.9999200105667114,182190080
2026-05-14 23:00:00+00:00,0.9999300241470337,0.9999300241470337,0.9996799826622009,0.999779999256134,279797760
2026-05-15 00:00:00+00:00,0.9997900128364563,0.9998199939727783,0.9996399879455566,0.9997299909591675,53714944
2026-05-15 01:00:00+00:00,0.9997299909591675,0.9998599886894226,0.9995899796485901,0.9995999932289124,692019200
2026-05-15 02:00:00+00:00,0.9996200203895569,0.9997699856758118,0.9996100068092346,0.9997699856758118,748462080
2026-05-15 03:00:00+00:00,0.9997699856758118,0.9997699856758118,0.9996799826622009,0.9997299909591675,0
2026-05-15 04:00:00+00:00,0.9997299909591675,0.9997599720954895,0.9996500015258789,0.9996799826622009,0
2026-05-15 05:00:00+00:00,0.9996899962425232,0.999779999256134,0.9995599985122681,0.9996600151062012,1546510336
2026-05-15 06:00:00+00:00,0.9996600151062012,0.9996899962425232,0.9995899796485901,0.9996899962425232,917684224
2026-05-15 07:00:00+00:00,0.9996899962425232,0.9997000098228455,0.9995999932289124,0.9996299743652344,1149829120
2026-05-15 08:00:00+00:00,0.9996299743652344,0.9997599720954895,0.9995999932289124,0.9996399879455566,0
2026-05-15 09:00:00+00:00,0.9996399879455566,0.9997299909591675,0.9996399879455566,0.9997199773788452,270516224
2026-05-15 10:00:00+00:00,0.9997299909591675,0.9997400045394897,0.9995899796485901,0.9997199773788452,180568064
2026-05-15 11:00:00+00:00,0.9997299909591675,0.9997299909591675,0.9995499849319458,0.9996299743652344,0
2026-05-15 12:00:00+00:00,0.9996200203895569,0.9998300075531006,0.9995899796485901,0.9997100234031677,109191168
2026-05-15 13:00:00+00:00,0.9997100234031677,0.999750018119812,0.9994000196456909,0.9994699954986572,3718701056
2026-05-15 14:00:00+00:00,0.9994099736213684,0.9996500015258789,0.9992499947547913,0.9994699954986572,2559705088
2026-05-15 15:00:00+00:00,0.9994699954986572,0.9996100068092346,0.9993500113487244,0.9994400143623352,0
2026-05-15 16:00:00+00:00,0.9994500279426575,0.9996100068092346,0.9992499947547913,0.9994699954986572,0
2026-05-15 17:00:00+00:00,0.9994699954986572,0.9997100234031677,0.9993100166320801,0.9995700120925903,0
2026-05-15 18:00:00+00:00,0.9995700120925903,0.9997299909591675,0.9992200136184692,0.9994800090789795,0
2026-05-15 19:00:00+00:00,0.9994800090789795,0.9996700286865234,0.9992300271987915,0.9995200037956238,0
2026-05-15 20:00:00+00:00,0.9995200037956238,0.9996600151062012,0.999180018901825,0.9994800090789795,0
2026-05-15 21:00:00+00:00,0.9994800090789795,0.9995700120925903,0.9988099932670593,0.9993000030517578,0
2026-05-15 22:00:00+00:00,0.9994400143623352,0.9995200037956238,0.999210000038147,0.999459981918335,0
2026-05-15 23:00:00+00:00,0.999459981918335,0.999530017375946,0.9993600249290466,0.9994199872016907,0
2026-05-16 00:00:00+00:00,0.9993600249290466,0.9995099902153015,0.9993100166320801,0.9994800090789795,0
2026-05-16 01:00:00+00:00,0.9994800090789795,0.999530017375946,0.9993500113487244,0.9994000196456909,0
2026-05-16 02:00:00+00:00,0.9994000196456909,0.9994800090789795,0.9993500113487244,0.9994000196456909,0
2026-05-16 03:00:00+00:00,0.9993699789047241,0.9995499849319458,0.9993699789047241,0.9994400143623352,0
2026-05-16 04:00:00+00:00,0.9994000196456909,0.9995800256729126,0.9994000196456909,0.9994699954986572,153829376
2026-05-16 05:00:00+00:00,0.9994699954986572,0.9995999932289124,0.9994199872016907,0.9994900226593018,0
2026-05-16 06:00:00+00:00,0.9995700120925903,0.9995700120925903,0.9991999864578247,0.9993500113487244,0
2026-05-16 07:00:00+00:00,0.9993600249290466,0.9995200037956238,0.9993100166320801,0.9994300007820129,1222025216
2026-05-16 08:00:00+00:00,0.9994300007820129,0.9995899796485901,0.9992499947547913,0.9994400143623352,0
2026-05-16 09:00:00+00:00,0.9994099736213684,0.9994999766349792,0.9993600249290466,0.9994900226593018,1741422592
2026-05-16 10:00:00+00:00,0.999459981918335,0.9995899796485901,0.9993799924850464,0.9995599985122681,1905819648
2026-05-16 11:00:00+00:00,0.9995700120925903,0.9995999932289124,0.9994800090789795,0.9995999932289124,511442944
2026-05-16 12:00:00+00:00,0.9995800256729126,0.9996500015258789,0.9993500113487244,0.9995800256729126,0
2026-05-16 13:00:00+00:00,0.9995800256729126,0.9997100234031677,0.9995099902153015,0.9995399713516235,0
2026-05-16 14:00:00+00:00,0.999530017375946,0.9995899796485901,0.999459981918335,0.999530017375946,0
2026-05-16 15:00:00+00:00,0.999530017375946,0.9995899796485901,0.9994500279426575,0.9994900226593018,0
2026-05-16 16:00:00+00:00,0.9995899796485901,0.9996200203895569,0.9994900226593018,0.9995800256729126,0
2026-05-16 17:00:00+00:00,0.9994999766349792,0.9996799826622009,0.9993100166320801,0.9995599985122681,0
2026-05-16 18:00:00+00:00,0.9995599985122681,0.9996700286865234,0.9994400143623352,0.9995899796485901,0
2026-05-16 19:00:00+00:00,0.9995899796485901,0.9996700286865234,0.9995200037956238,0.9995999932289124,0
2026-05-16 20:00:00+00:00,0.9996500015258789,0.9996700286865234,0.999530017375946,0.9996200203895569,0
2026-05-16 21:00:00+00:00,0.9995599985122681,0.9996700286865234,0.999530017375946,0.999530017375946,0
2026-05-16 22:00:00+00:00,0.9996399879455566,0.9996600151062012,0.999459981918335,0.9996200203895569,0
2026-05-16 23:00:00+00:00,0.9996200203895569,0.9996200203895569,0.9994900226593018,0.9995800256729126,0
2026-05-17 00:00:00+00:00,0.9995800256729126,0.9996899962425232,0.9995099902153015,0.9996500015258789,0
2026-05-17 01:00:00+00:00,0.9996500015258789,0.9996799826622009,0.9995099902153015,0.9995599985122681,908361728
2026-05-17 02:00:00+00:00,0.9995599985122681,0.9996799826622009,0.999459981918335,0.9995399713516235,73498624
2026-05-17 03:00:00+00:00,0.9996200203895569,0.9996500015258789,0.9994500279426575,0.9996100068092346,0
2026-05-17 04:00:00+00:00,0.9996100068092346,0.9996200203895569,0.9992799758911133,0.9994999766349792,0
2026-05-17 05:00:00+00:00,0.9994999766349792,0.9996399879455566,0.9992799758911133,0.9995200037956238,39006208
2026-05-17 06:00:00+00:00,0.9996299743652344,0.9996399879455566,0.999459981918335,0.9996100068092346,0
2026-05-17 07:00:00+00:00,0.9996100068092346,0.9996399879455566,0.999459981918335,0.9996200203895569,0
2026-05-17 08:00:00+00:00,0.9996200203895569,0.9996399879455566,0.9994999766349792,0.9995399713516235,0
2026-05-17 09:00:00+00:00,0.9995399713516235,0.9996399879455566,0.9995099902153015,0.9996100068092346,0
2026-05-17 10:00:00+00:00,0.9996299743652344,0.9996799826622009,0.9994099736213684,0.9996100068092346,0
2026-05-17 11:00:00+00:00,0.9996100068092346,0.9996799826622009,0.9994099736213684,0.9995399713516235,0
2026-05-17 12:00:00+00:00,0.9995999932289124,0.9996399879455566,0.9994999766349792,0.9996200203895569,0
2026-05-17 13:00:00+00:00,0.9996200203895569,0.9996200203895569,0.9994099736213684,0.9994199872016907,0
2026-05-17 14:00:00+00:00,0.9994099736213684,0.9996299743652344,0.9994099736213684,0.9995999932289124,0
2026-05-17 15:00:00+00:00,0.9995499849319458,0.9996500015258789,0.9994099736213684,0.9995800256729126,0
2026-05-17 16:00:00+00:00,0.999459981918335,0.9995800256729126,0.9994099736213684,0.9995599985122681,0
2026-05-17 17:00:00+00:00,0.9995599985122681,0.9995999932289124,0.9994999766349792,0.9995499849319458,184369152
2026-05-17 18:00:00+00:00,0.9995999932289124,0.9995999932289124,0.9994800090789795,0.9995499849319458,0
2026-05-17 19:00:00+00:00,0.9995499849319458,0.9995999932289124,0.999459981918335,0.9995899796485901,358010880
2026-05-17 20:00:00+00:00,0.9995899796485901,0.9995999932289124,0.9993500113487244,0.9995700120925903,310059008
2026-05-17 21:00:00+00:00,0.9995700120925903,0.9995899796485901,0.9994400143623352,0.9995399713516235,229478400
2026-05-17 22:00:00+00:00,0.9995899796485901,0.9995899796485901,0.9993500113487244,0.9995200037956238,846331904
2026-05-17 23:00:00+00:00,0.999530017375946,0.9995899796485901,0.9993500113487244,0.9995200037956238,6103162880
2026-05-18 00:00:00+00:00,0.9995200037956238,0.9995999932289124,0.9993199706077576,0.9995099902153015,3502059520
2026-05-18 01:00:00+00:00,0.9995999932289124,0.9996200203895569,0.9993600249290466,0.9995099902153015,903032832
2026-05-18 02:00:00+00:00,0.9995499849319458,0.9996200203895569,0.9994000196456909,0.9994000196456909,1242083328
2026-05-18 03:00:00+00:00,0.9994699954986572,0.9995999932289124,0.9993500113487244,0.9995700120925903,947785728
2026-05-18 04:00:00+00:00,0.999530017375946,0.9996600151062012,0.9993799924850464,0.9996200203895569,725094400
2026-05-18 05:00:00+00:00,0.9996500015258789,0.9996500015258789,0.999210000038147,0.9995099902153015,691032064
2026-05-18 06:00:00+00:00,0.9995099902153015,0.9995399713516235,0.9993000030517578,0.9994500279426575,2035490816
2026-05-18 07:00:00+00:00,0.9993399977684021,0.9995099902153015,0.9990800023078918,0.9992899894714355,1766125568
2026-05-18 08:00:00+00:00,0.9991999864578247,0.9994999766349792,0.9991700053215027,0.9992200136184692,1710690304
2026-05-18 09:00:00+00:00,0.9993699789047241,0.9993900060653687,0.9992200136184692,0.9992799758911133,874905600
2026-05-18 10:00:00+00:00,0.9992499947547913,0.9998499751091003,0.999239981174469,0.999459981918335,468049920
2026-05-18 11:00:00+00:00,0.999459981918335,0.9995099902153015,0.9993299841880798,0.9993900060653687,1514156032
2026-05-18 12:00:00+00:00,0.9993900060653687,0.9995099902153015,0.9991899728775024,0.9994099736213684,2372132864
2026-05-18 13:00:00+00:00,0.9994099736213684,0.9996799826622009,0.9991499781608582,0.9993000030517578,2738249728
2026-05-18 14:00:00+00:00,0.9991199970245361,0.9995200037956238,0.9991199970245361,0.9993900060653687,4680359936
2026-05-18 15:00:00+00:00,0.9994999766349792,0.9995499849319458,0.9991999864578247,0.9994699954986572,4634533888
2026-05-18 16:00:00+00:00,0.9993600249290466,0.9993600249290466,0.998769998550415,0.9991599917411804,3706650624
2026-05-18 17:00:00+00:00,0.9990000128746033,0.9995399713516235,0.9987499713897705,0.9991999864578247,859037696
2026-05-18 18:00:00+00:00,0.9991999864578247,0.9994099736213684,0.9989500045776367,0.9992700219154358,1921622016
2026-05-18 19:00:00+00:00,0.9991499781608582,0.9993299841880798,0.9986000061035156,0.999180018901825,2624167936
2026-05-18 20:00:00+00:00,0.9991899728775024,0.9993000030517578,0.9988899827003479,0.999210000038147,1564426240
2026-05-18 21:00:00+00:00,0.9992899894714355,0.999459981918335,0.9989200234413147,0.9991000294685364,1231839232
2026-05-18 22:00:00+00:00,0.9992600083351135,0.9994699954986572,0.9989799857139587,0.9993900060653687,0
2026-05-18 23:00:00+00:00,0.9992899894714355,0.9993900060653687,0.9991199970245361,0.9993900060653687,0
2026-05-19 00:00:00+00:00,0.9993900060653687,0.9993900060653687,0.999180018901825,0.9992200136184692,0
2026-05-19 01:00:00+00:00,0.9992200136184692,0.9993799924850464,0.999210000038147,0.9992200136184692,0
2026-05-19 02:00:00+00:00,0.9992200136184692,0.9993799924850464,0.9990299940109253,0.9992200136184692,0
2026-05-19 03:00:00+00:00,0.9990400075912476,0.9992600083351135,0.9990400075912476,0.999239981174469,0
2026-05-19 04:00:00+00:00,0.999239981174469,0.9993900060653687,0.9991400241851807,0.9993100166320801,0
2026-05-19 05:00:00+00:00,0.9993100166320801,0.9993100166320801,0.9991499781608582,0.9992700219154358,0
2026-05-19 06:00:00+00:00,0.9992700219154358,0.9992799758911133,0.9991400241851807,0.9991499781608582,0
2026-05-19 07:00:00+00:00,0.999239981174469,0.9993000030517578,0.9990000128746033,0.999019980430603,0
2026-05-19 08:00:00+00:00,0.9990299940109253,0.9993000030517578,0.9990100264549255,0.9990800023078918,0
2026-05-19 09:00:00+00:00,0.9991400241851807,0.9991899728775024,0.9990000128746033,0.9991599917411804,312246272
2026-05-19 10:00:00+00:00,0.9991599917411804,0.9993199706077576,0.9990000128746033,0.9991899728775024,0
2026-05-19 11:00:00+00:00,0.9990100264549255,0.9992200136184692,0.9989100098609924,0.9990400075912476,0
2026-05-19 12:00:00+00:00,0.9990400075912476,0.9994000196456909,0.9988499879837036,0.9990800023078918,0
2026-05-19 13:00:00+00:00,0.9990699887275696,0.9991599917411804,0.998449981212616,0.9990400075912476,0
2026-05-19 14:00:00+00:00,0.9990400075912476,0.9993500113487244,0.9986900091171265,0.9991099834442139,0
2026-05-19 15:00:00+00:00,0.9991099834442139,0.9994400143623352,0.9986000061035156,0.9992200136184692,0
2026-05-19 16:00:00+00:00,0.9992200136184692,0.9993600249290466,0.9990000128746033,0.9990100264549255,0
2026-05-19 17:00:00+00:00,0.9993500113487244,0.9998999834060669,0.9987999796867371,0.9992499947547913,378089472
2026-05-19 18:00:00+00:00,0.9999499917030334,0.9999499917030334,0.9988999962806702,0.9991400241851807,0
2026-05-19 19:00:00+00:00,0.9991700053215027,0.9995399713516235,0.9989200234413147,0.9992700219154358,0
2026-05-19 20:00:00+00:00,0.9992799758911133,0.9994300007820129,0.9990900158882141,0.9992200136184692,0
2026-05-19 21:00:00+00:00,0.9992200136184692,0.9993100166320801,0.9991300106048584,0.9992499947547913,0
2026-05-19 22:00:00+00:00,0.999239981174469,0.9993199706077576,0.9990800023078918,0.9991700053215027,0
2026-05-19 23:00:00+00:00,0.9991700053215027,0.999239981174469,0.9990599751472473,0.9991599917411804,0
2026-05-20 00:00:00+00:00,0.9991700053215027,0.9991899728775024,0.9990599751472473,0.9991499781608582,0
2026-05-20 01:00:00+00:00,0.9991499781608582,0.9991999864578247,0.998989999294281,0.9990100264549255,0
2026-05-20 02:00:00+00:00,0.9991499781608582,0.9992499947547913,0.9989799857139587,0.9989799857139587,0
2026-05-20 03:00:00+00:00,0.9989799857139587,0.9991599917411804,0.9987599849700928,0.9989200234413147,519962624
2026-05-20 04:00:00+00:00,0.9988200068473816,0.9990000128746033,0.9987800121307373,0.9989799857139587,0
2026-05-20 05:00:00+00:00,0.9988600015640259,0.9991000294685364,0.9988499879837036,0.9990400075912476,1261854720
2026-05-20 06:00:00+00:00,0.998960018157959,0.9991000294685364,0.9988600015640259,0.9990100264549255,462999552
2026-05-20 07:00:00+00:00,0.9990100264549255,0.9991099834442139,0.9988499879837036,0.9988700151443481,0
2026-05-20 08:00:00+00:00,0.9988700151443481,0.9990100264549255,0.9988499879837036,0.9989699721336365,0
2026-05-20 09:00:00+00:00,0.9989699721336365,0.9991000294685364,0.9988499879837036,0.998989999294281,0
2026-05-20 10:00:00+00:00,0.9989100098609924,0.999019980430603,0.9988499879837036,0.9988800287246704,0
2026-05-20 11:00:00+00:00,0.9988800287246704,0.9991400241851807,0.9986100196838379,0.9988099932670593,0
2026-05-20 12:00:00+00:00,0.9988099932670593,0.9990299940109253,0.998740017414093,0.999019980430603,244596736
2026-05-20 13:00:00+00:00,0.9989699721336365,0.9990900158882141,0.9988300204277039,0.9990500211715698,216674304
2026-05-20 14:00:00+00:00,0.9988399744033813,0.9993000030517578,0.998740017414093,0.998989999294281,207335424
2026-05-20 15:00:00+00:00,0.9990000128746033,0.9993000030517578,0.998740017414093,0.9988899827003479,686592000
2026-05-20 16:00:00+00:00,0.9988800287246704,0.9991300106048584,0.9988099932670593,0.9990299940109253,843788288
2026-05-20 17:00:00+00:00,0.9990000128746033,0.9990800023078918,0.9987999796867371,0.999019980430603,327839744
2026-05-20 18:00:00+00:00,0.9990699887275696,0.999210000038147,0.9987599849700928,0.9987900257110596,813113344
2026-05-20 19:00:00+00:00,0.9990299940109253,0.9992700219154358,0.9986900091171265,0.9990400075912476,294277120
2026-05-20 20:00:00+00:00,0.9990400075912476,0.9992799758911133,0.9989500045776367,0.9990400075912476,790134784
2026-05-20 21:00:00+00:00,0.999019980430603,0.9992799758911133,0.9989699721336365,0.9991400241851807,0
2026-05-20 22:00:00+00:00,0.9990699887275696,0.9991499781608582,0.998960018157959,0.998989999294281,770547712
2026-05-20 23:00:00+00:00,0.998989999294281,0.998989999294281,0.9989299774169922,0.998989999294281,236933120
2026-05-21 00:00:00+00:00,0.998989999294281,0.9991099834442139,0.9989500045776367,0.9991099834442139,0
2026-05-21 01:00:00+00:00,0.9990100264549255,0.9991999864578247,0.9990000128746033,0.9990800023078918,1230729216
2026-05-21 02:00:00+00:00,0.9990900158882141,0.9991999864578247,0.9989799857139587,0.999180018901825,300699648
2026-05-21 03:00:00+00:00,0.9991599917411804,0.9991999864578247,0.9987800121307373,0.9990699887275696,0
2026-05-21 04:00:00+00:00,0.9990800023078918,0.9992499947547913,0.9990400075912476,0.9991899728775024,317333504
2026-05-21 05:00:00+00:00,0.9990500211715698,0.9991999864578247,0.9988800287246704,0.999019980430603,0
2026-05-21 06:00:00+00:00,0.999019980430603,0.9991400241851807,0.9989100098609924,0.9990299940109253,22700032
2026-05-21 07:00:00+00:00,0.9990299940109253,0.9991000294685364,0.9988999962806702,0.9990800023078918,138915840
2026-05-21 08:00:00+00:00,0.9989399909973145,0.9991700053215027,0.9989399909973145,0.9990500211715698,654016512
2026-05-21 09:00:00+00:00,0.9991499781608582,0.999239981174469,0.9984999895095825,0.9989799857139587,0
2026-05-21 10:00:00+00:00,0.9986100196838379,0.9990400075912476,0.9986100196838379,0.9989200234413147,1506021376
2026-05-21 11:00:00+00:00,0.999019980430603,0.9990299940109253,0.9988099932670593,0.999019980430603,1031946240
2026-05-21 12:00:00+00:00,0.9990299940109253,0.9990599751472473,0.9987099766731262,0.9989299774169922,665264128
2026-05-21 13:00:00+00:00,0.9989100098609924,0.9989699721336365,0.9985499978065491,0.9987999796867371,0
2026-05-21 14:00:00+00:00,0.9988999962806702,0.9998999834060669,0.9987300038337708,0.9990400075912476,0
2026-05-21 15:00:00+00:00,0.9991199970245361,0.9996500015258789,0.9987499713897705,0.9989699721336365,0
2026-05-21 16:00:00+00:00,0.9989699721336365,0.9991000294685364,0.9987000226974487,0.9988399744033813,0
2026-05-21 17:00:00+00:00,0.9990100264549255,0.999239981174469,0.9986100196838379,0.9991899728775024,2497724416
2026-05-21 18:00:00+00:00,0.9991899728775024,0.9992799758911133,0.998769998550415,0.9990599751472473,252780544
2026-05-21 19:00:00+00:00,0.9988999962806702,0.9991400241851807,0.9987199902534485,0.9988700151443481,392265728
2026-05-21 20:00:00+00:00,0.9990000128746033,0.999750018119812,0.9987000226974487,0.9990299940109253,0
2026-05-21 21:00:00+00:00,0.9990299940109253,0.9990400075912476,0.9984999895095825,0.9990000128746033,0
2026-05-21 22:00:00+00:00,0.9990299940109253,0.9991599917411804,0.9987599849700928,0.9989399909973145,0
2026-05-21 23:00:00+00:00,0.9990100264549255,0.9992200136184692,0.9989399909973145,0.9991000294685364,0
2026-05-22 00:00:00+00:00,0.999019980430603,0.9994999766349792,0.999019980430603,0.9992700219154358,0
2026-05-22 01:00:00+00:00,0.9992600083351135,0.9993299841880798,0.9990299940109253,0.9992200136184692,0
2026-05-22 02:00:00+00:00,0.9992700219154358,0.9993000030517578,0.999019980430603,0.9991000294685364,0
2026-05-22 03:00:00+00:00,0.9991000294685364,0.999210000038147,0.9990100264549255,0.9990100264549255,0
2026-05-22 04:00:00+00:00,0.9990100264549255,0.9991999864578247,0.9988600015640259,0.9990800023078918,0
2026-05-22 05:00:00+00:00,0.9990800023078918,0.9990900158882141,0.9986000061035156,0.9990100264549255,117891072
2026-05-22 06:00:00+00:00,0.9990100264549255,0.9990299940109253,0.9987800121307373,0.9989699721336365,0
2026-05-22 07:00:00+00:00,0.9989799857139587,0.9990299940109253,0.9986000061035156,0.9989399909973145,488914944
2026-05-22 08:00:00+00:00,0.9988099932670593,0.9990800023078918,0.9986100196838379,0.9989200234413147,348209152
2026-05-22 09:00:00+00:00,0.9989299774169922,0.9989500045776367,0.9986000061035156,0.9989200234413147,0
2026-05-22 10:00:00+00:00,0.9989200234413147,0.998960018157959,0.9986299872398376,0.9989399909973145,0
2026-05-22 11:00:00+00:00,0.9989500045776367,0.999750018119812,0.9987000226974487,0.9990299940109253,0
2026-05-22 12:00:00+00:00,0.9990299940109253,1.0,0.9986600279808044,0.9989799857139587,81920000
2026-05-22 13:00:00+00:00,0.9989799857139587,0.9994900226593018,0.998449981212616,0.9985499978065491,0
2026-05-22 14:00:00+00:00,0.9984899759292603,0.999019980430603,0.9984700083732605,0.998960018157959,264548352
2026-05-22 15:00:00+00:00,0.9989699721336365,0.9992899894714355,0.9985100030899048,0.998960018157959,83030016
2026-05-22 16:00:00+00:00,0.998960018157959,0.9990500211715698,0.9985100030899048,0.9988300204277039,0
2026-05-22 17:00:00+00:00,0.998520016670227,0.999750018119812,0.9984700083732605,0.9988600015640259,0
2026-05-22 18:00:00+00:00,0.9988700151443481,0.999180018901825,0.9986000061035156,0.9989699721336365,447766528
2026-05-22 19:00:00+00:00,0.9986100196838379,0.999210000038147,0.9984899759292603,0.9988999962806702,3101257728
2026-05-22 20:00:00+00:00,0.9987000226974487,0.9990500211715698,0.9984700083732605,0.9989100098609924,1060380672
2026-05-22 21:00:00+00:00,0.998960018157959,0.9990500211715698,0.9986900091171265,0.9987499713897705,529104896
2026-05-22 22:00:00+00:00,0.9986900091171265,0.9990000128746033,0.9985499978065491,0.9989100098609924,689999872
2026-05-22 23:00:00+00:00,0.9987300038337708,0.9989200234413147,0.9986799955368042,0.9987999796867371,68743168
2026-05-23 00:00:00+00:00,0.9988099932670593,0.9988600015640259,0.9986900091171265,0.9987900257110596,3135782912
2026-05-23 01:00:00+00:00,0.9988499879837036,0.9990000128746033,0.9987199902534485,0.998769998550415,0
2026-05-23 02:00:00+00:00,0.9988700151443481,0.9988899827003479,0.998740017414093,0.9987599849700928,0
2026-05-23 03:00:00+00:00,0.9987800121307373,0.9989200234413147,0.9987499713897705,0.9989200234413147,0
2026-05-23 04:00:00+00:00,0.9989200234413147,0.9989200234413147,0.998769998550415,0.9988300204277039,807870464
2026-05-23 05:00:00+00:00,0.9987800121307373,0.9990100264549255,0.9987499713897705,0.998960018157959,0
2026-05-23 06:00:00+00:00,0.9988800287246704,0.9990100264549255,0.998740017414093,0.9988899827003479,0
2026-05-23 07:00:00+00:00,0.9988899827003479,0.9990000128746033,0.9987300038337708,0.9988899827003479,3190050816
2026-05-23 08:00:00+00:00,0.9988899827003479,0.9989399909973145,0.9987599849700928,0.9988700151443481,1294229504
2026-05-23 09:00:00+00:00,0.9988700151443481,0.9988999962806702,0.9987800121307373,0.9988999962806702,614285312
2026-05-23 10:00:00+00:00,0.9988999962806702,0.9989100098609924,0.9987800121307373,0.9988899827003479,0
2026-05-23 11:00:00+00:00,0.9988399744033813,0.9989100098609924,0.9987900257110596,0.9989100098609924,0
2026-05-23 12:00:00+00:00,0.9989100098609924,0.9989799857139587,0.9987800121307373,0.9988300204277039,0
2026-05-23 13:00:00+00:00,0.9989100098609924,0.9991000294685364,0.9988300204277039,0.9989299774169922,0
2026-05-23 14:00:00+00:00,0.9989299774169922,0.9990299940109253,0.9987599849700928,0.9988200068473816,0
2026-05-23 15:00:00+00:00,0.9988499879837036,0.9988800287246704,0.9987599849700928,0.9988800287246704,0
2026-05-23 16:00:00+00:00,0.9988800287246704,0.9989500045776367,0.9987199902534485,0.9988499879837036,0
2026-05-23 17:00:00+00:00,0.9989399909973145,0.9990000128746033,0.998769998550415,0.9989100098609924,0
2026-05-23 18:00:00+00:00,0.9988999962806702,0.9989100098609924,0.9987499713897705,0.9989100098609924,0
2026-05-23 19:00:00+00:00,0.9989100098609924,0.9989500045776367,0.9987800121307373,0.9988600015640259,0
2026-05-23 20:00:00+00:00,0.9988600015640259,0.9989399909973145,0.9987000226974487,0.9987999796867371,2102525952
2026-05-23 21:00:00+00:00,0.9987999796867371,0.9988399744033813,0.9986799955368042,0.9987599849700928,3699482624
2026-05-23 22:00:00+00:00,0.9987599849700928,0.9988200068473816,0.9986799955368042,0.9987000226974487,285384704
2026-05-23 23:00:00+00:00,0.9988099932670593,0.9988800287246704,0.9986900091171265,0.9987199902534485,0
2026-05-24 00:00:00+00:00,0.9987499713897705,0.999239981174469,0.9986900091171265,0.9987999796867371,0
2026-05-24 01:00:00+00:00,0.9987999796867371,0.9988399744033813,0.9986799955368042,0.9987000226974487,0
2026-05-24 02:00:00+00:00,0.9988200068473816,0.9988800287246704,0.9985100030899048,0.9987599849700928,0
2026-05-24 03:00:00+00:00,0.9987599849700928,0.9988200068473816,0.998420000076294,0.9986699819564819,226340864
2026-05-24 04:00:00+00:00,0.9986699819564819,0.9987999796867371,0.9986299872398376,0.9987999796867371,16719872
2026-05-24 05:00:00+00:00,0.9987999796867371,0.9988600015640259,0.9987099766731262,0.9988200068473816,0
2026-05-24 06:00:00+00:00,0.9988200068473816,0.9988499879837036,0.9984700083732605,0.9987900257110596,0
2026-05-24 07:00:00+00:00,0.9987800121307373,0.9988399744033813,0.9986500144004822,0.9987300038337708,0
2026-05-24 08:00:00+00:00,0.9988399744033813,0.9988899827003479,0.9987000226974487,0.9988300204277039,0
2026-05-24 09:00:00+00:00,0.9988300204277039,0.9988499879837036,0.9986600279808044,0.9988300204277039,0
2026-05-24 10:00:00+00:00,0.9988499879837036,1.0,0.9986900091171265,0.9988300204277039,898064384
2026-05-24 11:00:00+00:00,0.9988200068473816,0.9989699721336365,0.9986900091171265,0.9988700151443481,0
2026-05-24 12:00:00+00:00,0.9988899827003479,0.9989200234413147,0.9987000226974487,0.998769998550415,0
2026-05-24 13:00:00+00:00,0.9988700151443481,0.9988899827003479,0.9987499713897705,0.9988700151443481,0
2026-05-24 14:00:00+00:00,0.9988800287246704,0.9988899827003479,0.9987499713897705,0.9988200068473816,1197613056
2026-05-24 15:00:00+00:00,0.9988200068473816,0.9988200068473816,0.9987000226974487,0.9987999796867371,0
2026-05-24 16:00:00+00:00,0.9987999796867371,0.9988200068473816,0.9986100196838379,0.9987000226974487,0
2026-05-24 17:00:00+00:00,0.9987800121307373,0.998989999294281,0.9986799955368042,0.9988300204277039,0
2026-05-24 18:00:00+00:00,0.9988099932670593,0.9988700151443481,0.9986900091171265,0.9988700151443481,0
2026-05-24 19:00:00+00:00,0.9988700151443481,0.9988700151443481,0.9984800219535828,0.9986699819564819,0
2026-05-24 20:00:00+00:00,0.9986799955368042,0.9988999962806702,0.9986400008201599,0.9986799955368042,0
2026-05-24 21:00:00+00:00,0.9986799955368042,0.9988999962806702,0.9986400008201599,0.9988399744033813,0
2026-05-24 22:00:00+00:00,0.9986799955368042,0.9988899827003479,0.9986299872398376,0.9987499713897705,601874432
2026-05-24 23:00:00+00:00,0.9988800287246704,0.9988800287246704,0.9986699819564819,0.9986699819564819,191770624
2026-05-25 00:00:00+00:00,0.9986699819564819,0.9988999962806702,0.998449981212616,0.9987499713897705,42393600
2026-05-25 01:00:00+00:00,0.9987499713897705,0.9988300204277039,0.9984400272369385,0.998740017414093,178929664
2026-05-25 02:00:00+00:00,0.9988099932670593,0.9988600015640259,0.9987300038337708,0.9987900257110596,551960576
2026-05-25 03:00:00+00:00,0.9987900257110596,0.9989200234413147,0.9987300038337708,0.9988099932670593,0
2026-05-25 04:00:00+00:00,0.9988099932670593,0.9988899827003479,0.998740017414093,0.9988700151443481,329039872
2026-05-25 05:00:00+00:00,0.9988700151443481,0.9988800287246704,0.9986699819564819,0.9986699819564819,486203392
2026-05-25 06:00:00+00:00,0.9988600015640259,0.9991999864578247,0.9986199736595154,0.9987800121307373,643805184
2026-05-25 07:00:00+00:00,0.9988499879837036,0.9988899827003479,0.9984700083732605,0.9988399744033813,1071075328
2026-05-25 08:00:00+00:00,0.9986799955368042,0.9999899864196777,0.9985299706459045,0.9988899827003479,0
2026-05-25 09:00:00+00:00,0.9985499978065491,0.9988899827003479,0.9984899759292603,0.9986100196838379,327950336
2026-05-25 10:00:00+00:00,0.9986299872398376,0.9991999864578247,0.9986299872398376,0.9987599849700928,599343104
2026-05-25 11:00:00+00:00,0.9989299774169922,0.9991899728775024,0.9988099932670593,0.9990900158882141,378036224
2026-05-25 12:00:00+00:00,0.9990100264549255,0.9991000294685364,0.9988999962806702,0.9990699887275696,953417728
2026-05-25 13:00:00+00:00,0.9990699887275696,0.9990900158882141,0.9988499879837036,0.9989200234413147,110710784
2026-05-25 14:00:00+00:00,0.9990100264549255,0.9991000294685364,0.9988600015640259,0.9990100264549255,0
2026-05-25 15:00:00+00:00,0.9990100264549255,0.9991099834442139,0.9988399744033813,0.9991000294685364,1789366272
2026-05-25 16:00:00+00:00,0.9990900158882141,0.9991099834442139,0.9988099932670593,0.9991000294685364,460038144
2026-05-25 17:00:00+00:00,0.9991000294685364,0.9991300106048584,0.9989799857139587,0.9991300106048584,722493440
2026-05-25 18:00:00+00:00,0.9990100264549255,0.9991499781608582,0.9988200068473816,0.9990500211715698,207544320
2026-05-25 19:00:00+00:00,0.9990500211715698,0.9991000294685364,0.9988099932670593,0.9990500211715698,741769216
2026-05-25 20:00:00+00:00,0.9990500211715698,0.9990500211715698,0.9987199902534485,0.9989399909973145,0
2026-05-25 21:00:00+00:00,0.9990400075912476,0.9990699887275696,0.9986699819564819,0.9989500045776367,0
2026-05-25 22:00:00+00:00,0.9989399909973145,0.9990000128746033,0.9987099766731262,0.9989500045776367,0
2026-05-25 23:00:00+00:00,0.9989500045776367,0.9990599751472473,0.998740017414093,0.9989500045776367,3784704
2026-05-26 00:00:00+00:00,0.9989500045776367,0.9990500211715698,0.9988200068473816,0.998960018157959,601497600
2026-05-26 01:00:00+00:00,0.9989699721336365,0.9990500211715698,0.9987599849700928,0.9990000128746033,821972992
2026-05-26 02:00:00+00:00,0.998989999294281,0.9990699887275696,0.998740017414093,0.9989500045776367,1040764928
2026-05-26 03:00:00+00:00,0.9989500045776367,0.9990000128746033,0.9988200068473816,0.998960018157959,0
2026-05-26 04:00:00+00:00,0.998960018157959,0.9990000128746033,0.9987800121307373,0.9988300204277039,1125289984
2026-05-26 05:00:00+00:00,0.9988300204277039,0.998989999294281,0.9987599849700928,0.9987999796867371,171708416
2026-05-26 06:00:00+00:00,0.9987999796867371,0.9989699721336365,0.9987599849700928,0.9989699721336365,123322368
2026-05-26 07:00:00+00:00,0.9989699721336365,0.9989699721336365,0.9984999895095825,0.9987199902534485,0
2026-05-26 08:00:00+00:00,0.9987199902534485,0.9988999962806702,0.9985799789428711,0.9987499713897705,171311104
2026-05-26 09:00:00+00:00,0.9987499713897705,0.9987599849700928,0.998520016670227,0.9986100196838379,222564352
2026-05-26 10:00:00+00:00,0.9986199736595154,0.9991999864578247,0.9984899759292603,0.9986600279808044,2130636800
2026-05-26 11:00:00+00:00,0.9986500144004822,0.9989100098609924,0.998520016670227,0.9988899827003479,932179968
2026-05-26 12:00:00+00:00,0.9987900257110596,0.9991099834442139,0.9985799789428711,0.9988300204277039,378277888
2026-05-26 13:00:00+00:00,0.9987800121307373,0.9990400075912476,0.9987199902534485,0.9990100264549255,1664135168
2026-05-26 14:00:00+00:00,0.998989999294281,0.9991300106048584,0.9985100030899048,0.9988999962806702,4008390656
2026-05-26 15:00:00+00:00,0.9989100098609924,0.998989999294281,0.9984099864959717,0.9985299706459045,2546184192
2026-05-26 16:00:00+00:00,0.9987199902534485,0.9989699721336365,0.9984099864959717,0.9987499713897705,3652460544
2026-05-26 17:00:00+00:00,0.9987499713897705,0.9988300204277039,0.9983699917793274,0.9986000061035156,2811830272
2026-05-26 18:00:00+00:00,0.9986000061035156,0.9987499713897705,0.9981399774551392,0.9982399940490723,1903632384
2026-05-26 19:00:00+00:00,0.998199999332428,0.9986799955368042,0.9980499744415283,0.9983900189399719,1009475584
2026-05-26 20:00:00+00:00,0.9982500076293945,0.9987499713897705,0.9976999759674072,0.9983999729156494,866050048
2026-05-26 21:00:00+00:00,0.9983800053596497,0.9987000226974487,0.9973999857902527,0.9985499978065491,600154112
2026-05-26 22:00:00+00:00,0.9985399842262268,0.9985499978065491,0.9800000190734863,0.9983800053596497,458547200
2026-05-26 23:00:00+00:00,0.9985600113868713,0.9988399744033813,0.9983100295066833,0.9986500144004822,382533632
2026-05-27 00:00:00+00:00,0.9985399842262268,0.9988099932670593,0.9984700083732605,0.9986600279808044,0
2026-05-27 01:00:00+00:00,0.9986600279808044,0.9986799955368042,0.9984800219535828,0.9986400008201599,0
2026-05-27 02:00:00+00:00,0.9986400008201599,0.9986699819564819,0.998420000076294,0.9985299706459045,0
2026-05-27 03:00:00+00:00,0.9985399842262268,0.9986699819564819,0.9984300136566162,0.9986400008201599,298082304
2026-05-27 04:00:00+00:00,0.9986400008201599,0.9986400008201599,0.9983500242233276,0.9985399842262268,919617536
2026-05-27 05:00:00+00:00,0.9985799789428711,0.9986000061035156,0.9983500242233276,0.9985799789428711,48095232
2026-05-27 06:00:00+00:00,0.9985799789428711,0.9985799789428711,0.9983299970626831,0.9983299970626831,0
2026-05-27 07:00:00+00:00,0.9983299970626831,0.9985100030899048,0.9981600046157837,0.9983800053596497,0
2026-05-27 08:00:00+00:00,0.9983800053596497,0.9986799955368042,0.9983800053596497,0.9984800219535828,398573568
2026-05-27 09:00:00+00:00,0.9984800219535828,0.9986000061035156,0.9983100295066833,0.998420000076294,0
2026-05-27 10:00:00+00:00,0.9983299970626831,0.9984800219535828,0.9982699751853943,0.998420000076294,0
2026-05-27 11:00:00+00:00,0.998420000076294,0.9984599947929382,0.9980000257492065,0.9983599781990051,0
2026-05-27 12:00:00+00:00,0.9983599781990051,0.9986900091171265,0.9983000159263611,0.9983800053596497,719142912
2026-05-27 13:00:00+00:00,0.9983800053596497,0.9983999729156494,0.9977999925613403,0.9981099963188171,2577850368
2026-05-27 14:00:00+00:00,0.9981099963188171,0.9983699917793274,0.9977999925613403,0.9981799721717834,0
2026-05-27 15:00:00+00:00,0.9980900287628174,0.998449981212616,0.9980499744415283,0.9983999729156494,0
2026-05-27 16:00:00+00:00,0.9982200264930725,0.9987000226974487,0.9982100129127502,0.998520016670227,0
2026-05-27 17:00:00+00:00,0.9983400106430054,0.9985600113868713,0.9978200197219849,0.9983199834823608,0
2026-05-27 18:00:00+00:00,0.9983199834823608,0.9984800219535828,0.9979199767112732,0.9980599880218506,0
2026-05-27 19:00:00+00:00,0.9980499744415283,0.9985600113868713,0.9977700114250183,0.9982900023460388,0
2026-05-27 20:00:00+00:00,0.998199999332428,0.9985600113868713,0.9981099963188171,0.9984099864959717,0
2026-05-27 21:00:00+00:00,0.998170018196106,0.9985600113868713,0.9981600046157837,0.9985399842262268,815849472
2026-05-27 22:00:00+00:00,0.9983999729156494,0.9987000226974487,0.9983800053596497,0.9986000061035156,1257250816
2026-05-27 23:00:00+00:00,0.9986000061035156,0.9987499713897705,0.9904999732971191,0.9985399842262268,825982976
2026-05-28 00:00:00+00:00,0.9983000159263611,0.9986500144004822,0.9981600046157837,0.9984999895095825,153378816
2026-05-28 01:00:00+00:00,0.9984800219535828,0.998769998550415,0.9982100129127502,0.9984899759292603,691503104
2026-05-28 02:00:00+00:00,0.9984899759292603,0.9985799789428711,0.9982600212097168,0.9982699751853943,617062400
2026-05-28 03:00:00+00:00,0.9982699751853943,0.9987599849700928,0.9981200098991394,0.9985700249671936,4453376000
2026-05-28 04:00:00+00:00,0.9985700249671936,0.9986100196838379,0.9983599781990051,0.9983900189399719,4415168512
2026-05-28 05:00:00+00:00,0.9985100030899048,0.9985700249671936,0.9983699917793274,0.9984899759292603,1446060032
2026-05-28 06:00:00+00:00,0.9983900189399719,0.9985600113868713,0.9983100295066833,0.9985100030899048,818126848
2026-05-28 07:00:00+00:00,0.9983900189399719,0.9986199736595154,0.9983299970626831,0.9983400106430054,1563418624
2026-05-28 08:00:00+00:00,0.9984400272369385,0.9984999895095825,0.9982100129127502,0.9984899759292603,0
2026-05-28 09:00:00+00:00,0.9984800219535828,0.9985899925231934,0.9982699751853943,0.9983699917793274,83779584
2026-05-28 10:00:00+00:00,0.998420000076294,0.9985100030899048,0.9981600046157837,0.9984800219535828,453672960
2026-05-28 11:00:00+00:00,0.9984800219535828,0.9987599849700928,0.9982900023460388,0.9986000061035156,576069632
2026-05-28 12:00:00+00:00,0.998449981212616,0.9991499781608582,0.9981099963188171,0.9988200068473816,0
2026-05-28 13:00:00+00:00,0.998520016670227,0.9988999962806702,0.998449981212616,0.998449981212616,0
2026-05-28 14:00:00+00:00,0.9984700083732605,0.9989399909973145,0.998009979724884,0.9983999729156494,1620287488
2026-05-28 15:00:00+00:00,0.9983900189399719,0.9984899759292603,0.9979000091552734,0.9983699917793274,0
2026-05-28 16:00:00+00:00,0.9983800053596497,0.9989100098609924,0.9981200098991394,0.9983900189399719,565788672
2026-05-28 17:00:00+00:00,0.9985100030899048,0.9988099932670593,0.998199999332428,0.9987599849700928,47177728
2026-05-28 18:00:00+00:00,0.9987599849700928,0.9987999796867371,0.9984400272369385,0.9986600279808044,109240320
2026-05-28 19:00:00+00:00,0.9986600279808044,0.9987199902534485,0.9984400272369385,0.9986199736595154,0
2026-05-28 20:00:00+00:00,0.9985299706459045,0.9990800023078918,0.9984800219535828,0.9987300038337708,578330624
2026-05-28 21:00:00+00:00,0.998740017414093,0.9988399744033813,0.998520016670227,0.9987900257110596,0
2026-05-28 22:00:00+00:00,0.9987999796867371,0.9990000128746033,0.9985299706459045,0.998769998550415,0
2026-05-28 23:00:00+00:00,0.9987599849700928,0.9987999796867371,0.9984700083732605,0.998769998550415,5349376
2026-05-29 00:00:00+00:00,0.998769998550415,0.9987900257110596,0.998449981212616,0.9986799955368042,0
2026-05-29 01:00:00+00:00,0.998769998550415,0.9988600015640259,0.9985600113868713,0.9986600279808044,0
2026-05-29 02:00:00+00:00,0.9987900257110596,0.9991899728775024,0.9985100030899048,0.9986900091171265,0
2026-05-29 03:00:00+00:00,0.9985799789428711,0.9987599849700928,0.9985600113868713,0.9987099766731262,0
2026-05-29 04:00:00+00:00,0.9987000226974487,0.9987999796867371,0.9984300136566162,0.9986799955368042,0
2026-05-29 05:00:00+00:00,0.9985399842262268,0.9987999796867371,0.998449981212616,0.9986100196838379,0
2026-05-29 06:00:00+00:00,0.9986000061035156,0.9987199902534485,0.9983299970626831,0.9987000226974487,0
2026-05-29 07:00:00+00:00,0.9987000226974487,0.9987900257110596,0.998420000076294,0.9986400008201599,0
2026-05-29 08:00:00+00:00,0.9986400008201599,0.9986900091171265,0.9985600113868713,0.9986500144004822,1039761408
2026-05-29 09:00:00+00:00,0.9986400008201599,0.9986799955368042,0.9985600113868713,0.9986100196838379,203177984
2026-05-29 10:00:00+00:00,0.9986900091171265,0.9988600015640259,0.998449981212616,0.9987499713897705,0
2026-05-29 11:00:00+00:00,0.9987499713897705,0.9988300204277039,0.9986000061035156,0.9987300038337708,275365888
2026-05-29 12:00:00+00:00,0.9987300038337708,0.9991999864578247,0.9984300136566162,0.9987800121307373,0
2026-05-29 13:00:00+00:00,0.9987099766731262,0.9991599917411804,0.9987000226974487,0.9987000226974487,0
2026-05-29 14:00:00+00:00,0.9987000226974487,0.9991700053215027,0.9984899759292603,0.9986400008201599,0
2026-05-29 15:00:00+00:00,0.9986400008201599,1.0,0.9981600046157837,0.9986799955368042,3683852288
2026-05-29 16:00:00+00:00,0.9985600113868713,0.9987900257110596,0.9984099864959717,0.9987000226974487,616570880
2026-05-29 17:00:00+00:00,0.9987000226974487,0.9996600151062012,0.9983999729156494,0.9986900091171265,1777565696
2026-05-29 18:00:00+00:00,0.9987300038337708,0.9997100234031677,0.9985100030899048,0.9986799955368042,337231872
2026-05-29 19:00:00+00:00,0.9986799955368042,0.9987999796867371,0.9985399842262268,0.9987199902534485,459792384
2026-05-29 20:00:00+00:00,0.9987199902534485,0.9988300204277039,0.9985399842262268,0.9987499713897705,0
2026-05-29 21:00:00+00:00,0.9987499713897705,0.9989100098609924,0.9987099766731262,0.9988899827003479,362225664
2026-05-29 22:00:00+00:00,0.9988800287246704,0.9988999962806702,0.9987199902534485,0.9987300038337708,0
2026-05-29 23:00:00+00:00,0.9987300038337708,0.9988800287246704,0.9986000061035156,0.9987800121307373,4096000
2026-05-30 00:00:00+00:00,0.9986600279808044,0.9988200068473816,0.9986500144004822,0.9987099766731262,0
2026-05-30 01:00:00+00:00,0.9987099766731262,0.9988200068473816,0.9985899925231934,0.9986400008201599,129933312
2026-05-30 02:00:00+00:00,0.9987499713897705,0.9988200068473816,0.9986000061035156,0.998740017414093,0
2026-05-30 03:00:00+00:00,0.9986500144004822,0.9989200234413147,0.9986000061035156,0.9987900257110596,209551360
2026-05-30 04:00:00+00:00,0.9987000226974487,0.9988200068473816,0.9986299872398376,0.9986400008201599,710729728
2026-05-30 05:00:00+00:00,0.998740017414093,0.9988700151443481,0.9985799789428711,0.9988300204277039,251371520
2026-05-30 06:00:00+00:00,0.9986699819564819,0.9994999766349792,0.9986600279808044,0.9994999766349792,0
2026-05-30 07:00:00+00:00,0.9994999766349792,0.9994999766349792,0.9987999796867371,0.9988600015640259,0
2026-05-30 08:00:00+00:00,0.9988700151443481,0.9989100098609924,0.9988600015640259,0.9988600015640259,0
2026-05-30 09:00:00+00:00,0.9988600015640259,0.9988700151443481,0.9988600015640259,0.9988600015640259,0
2026-05-30 10:00:00+00:00,0.9988600015640259,0.998989999294281,0.9988600015640259,0.9988600015640259,0
2026-05-30 11:00:00+00:00,0.9988700151443481,0.9988800287246704,0.9988600015640259,0.9988700151443481,0
2026-05-30 12:00:00+00:00,0.9988700151443481,0.9988800287246704,0.9987199902534485,0.9987900257110596,0
2026-05-30 13:00:00+00:00,0.998769998550415,0.9987900257110596,0.998769998550415,0.9987900257110596,0
2026-05-30 14:00:00+00:00,0.998769998550415,0.9999899864196777,0.9987499713897705,0.998769998550415,0
2026-05-30 15:00:00+00:00,0.998769998550415,0.9988399744033813,0.9985600113868713,0.9985700249671936,0
2026-05-30 16:00:00+00:00,0.9985700249671936,0.998769998550415,0.9985700249671936,0.9987499713897705,0
2026-05-30 17:00:00+00:00,0.9987599849700928,0.9987800121307373,0.9985700249671936,0.9986199736595154,0
2026-05-30 18:00:00+00:00,0.9986199736595154,0.998769998550415,0.9986000061035156,0.9987199902534485,0
2026-05-30 19:00:00+00:00,0.9987199902534485,0.9987199902534485,0.9985700249671936,0.9986100196838379,0
2026-05-30 20:00:00+00:00,0.9986699819564819,0.9987000226974487,0.9984999895095825,0.9986900091171265,0
2026-05-30 21:00:00+00:00,0.9985799789428711,0.9987099766731262,0.9985100030899048,0.9986699819564819,0
2026-05-30 22:00:00+00:00,0.9986699819564819,0.9987099766731262,0.9986199736595154,0.9986199736595154,0
2026-05-30 23:00:00+00:00,0.9986500144004822,0.998740017414093,0.9986100196838379,0.9986600279808044,0
2026-05-31 00:00:00+00:00,0.9986900091171265,0.998740017414093,0.9985499978065491,0.9985799789428711,0
2026-05-31 01:00:00+00:00,0.9985600113868713,0.9987099766731262,0.9985499978065491,0.9985700249671936,0
2026-05-31 02:00:00+00:00,0.9986100196838379,0.9986799955368042,0.9985600113868713,0.9985700249671936,147169280
2026-05-31 03:00:00+00:00,0.9985700249671936,0.9986799955368042,0.9985600113868713,0.9986699819564819,0
2026-05-31 04:00:00+00:00,0.9986799955368042,0.9986900091171265,0.9985700249671936,0.9986699819564819,0
2026-05-31 05:00:00+00:00,0.9985799789428711,0.9987099766731262,0.9984400272369385,0.9986000061035156,0
2026-05-31 06:00:00+00:00,0.9986000061035156,0.9987099766731262,0.9984800219535828,0.9986900091171265,0
2026-05-31 07:00:00+00:00,0.9987099766731262,0.998740017414093,0.9985600113868713,0.9987199902534485,161402880
2026-05-31 08:00:00+00:00,0.9987300038337708,0.998740017414093,0.9985600113868713,0.9987099766731262,407420928
2026-05-31 09:00:00+00:00,0.9986000061035156,0.9987499713897705,0.9985600113868713,0.9987199902534485,77168640
2026-05-31 10:00:00+00:00,0.9985700249671936,0.9987499713897705,0.9985600113868713,0.998740017414093,281264128
2026-05-31 11:00:00+00:00,0.9987300038337708,0.9987999796867371,0.9985600113868713,0.9985700249671936,0
2026-05-31 12:00:00+00:00,0.9987599849700928,0.9987999796867371,0.9984999895095825,0.9987199902534485,99418112
2026-05-31 13:00:00+00:00,0.9987199902534485,0.9987800121307373,0.9985100030899048,0.9986699819564819,56369152
2026-05-31 14:00:00+00:00,0.9986699819564819,0.9987599849700928,0.9984700083732605,0.9987599849700928,0
2026-05-31 15:00:00+00:00,0.9987599849700928,0.9987800121307373,0.998449981212616,0.9985499978065491,0
2026-05-31 16:00:00+00:00,0.9987000226974487,0.9987099766731262,0.9985299706459045,0.9985600113868713,173522944
2026-05-31 17:00:00+00:00,0.9986100196838379,0.9986799955368042,0.9985499978065491,0.9986799955368042,0
2026-05-31 18:00:00+00:00,0.9986799955368042,0.9987599849700928,0.9985600113868713,0.9987000226974487,0
2026-05-31 19:00:00+00:00,0.9985799789428711,0.9987499713897705,0.9985600113868713,0.9986000061035156,0
2026-05-31 20:00:00+00:00,0.9985799789428711,0.9987300038337708,0.9985600113868713,0.9985700249671936,225255424
2026-05-31 21:00:00+00:00,0.9985799789428711,0.9987300038337708,0.9985399842262268,0.9987000226974487,252710912
2026-05-31 22:00:00+00:00,0.9985799789428711,0.9987300038337708,0.9985600113868713,0.9985700249671936,439488512
2026-05-31 23:00:00+00:00,0.9985600113868713,0.9987999796867371,0.9982200264930725,0.9986199736595154,888717312
2026-06-01 00:00:00+00:00,0.9987199902534485,0.9987900257110596,0.9984899759292603,0.9986500144004822,1083072512
2026-06-01 01:00:00+00:00,0.9986500144004822,0.998769998550415,0.9985499978065491,0.9987000226974487,660275200
2026-06-01 02:00:00+00:00,0.9985799789428711,0.9987900257110596,0.9985600113868713,0.9986000061035156,958312448
2026-06-01 03:00:00+00:00,0.9986000061035156,0.9987599849700928,0.9985600113868713,0.9986000061035156,946151424
2026-06-01 04:00:00+00:00,0.9986000061035156,0.9987800121307373,0.9985600113868713,0.9986100196838379,1039515648
2026-06-01 05:00:00+00:00,0.9986100196838379,0.9987999796867371,0.9985600113868713,0.9986199736595154,933376000
2026-06-01 06:00:00+00:00,0.9986199736595154,0.9988399744033813,0.9986100196838379,0.9986500144004822,1676468224
2026-06-01 07:00:00+00:00,0.9988300204277039,0.9988600015640259,0.9985600113868713,0.9987800121307373,1466068992
2026-06-01 08:00:00+00:00,0.9987800121307373,0.9991999864578247,0.9986100196838379,0.9986299872398376,1990828032
2026-06-01 09:00:00+00:00,0.9987599849700928,0.9989100098609924,0.9986199736595154,0.9988800287246704,2331009024
2026-06-01 10:00:00+00:00,0.9987099766731262,0.9989799857139587,0.9986699819564819,0.9988899827003479,1735495680
2026-06-01 11:00:00+00:00,0.9988999962806702,0.9990500211715698,0.9986299872398376,0.9987999796867371,1008852992
2026-06-01 12:00:00+00:00,0.998740017414093,0.9991899728775024,0.9987199902534485,0.9987599849700928,4169932800
2026-06-01 13:00:00+00:00,0.9987599849700928,0.9991999864578247,0.9983900189399719,0.9984700083732605,4704010240
2026-06-01 14:00:00+00:00,0.9984700083732605,0.9994999766349792,0.9976000189781189,0.9985100030899048,4349042688
2026-06-01 15:00:00+00:00,0.9994999766349792,0.9994999766349792,0.9980999827384949,0.9983199834823608,3634446336
2026-06-01 16:00:00+00:00,0.9983400106430054,0.9990599751472473,0.998170018196106,0.9984800219535828,3870220288
2026-06-01 17:00:00+00:00,0.9983999729156494,0.9988600015640259,0.9980000257492065,0.9986100196838379,3466477568
2026-06-01 18:00:00+00:00,0.9986199736595154,0.9991400241851807,0.9984599947929382,0.9986799955368042,1439711232
2026-06-01 19:00:00+00:00,0.9986900091171265,0.9998000264167786,0.9983999729156494,0.9988800287246704,1403600896
2026-06-01 20:00:00+00:00,0.9987300038337708,1.0,0.9987199902534485,0.998960018157959,245768192
2026-06-01 21:00:00+00:00,0.9989500045776367,0.9991700053215027,0.9983500242233276,0.998740017414093,516259840
2026-06-01 22:00:00+00:00,0.9986900091171265,1.0,0.9984599947929382,0.9988499879837036,1041874944
2026-06-01 23:00:00+00:00,0.9988099932670593,0.9991099834442139,0.9983100295066833,0.9986400008201599,49725440
2026-06-02 00:00:00+00:00,0.9986199736595154,0.9997900128364563,0.9984400272369385,0.9989100098609924,0
2026-06-02 01:00:00+00:00,0.9988099932670593,0.9996799826622009,0.9984700083732605,0.9987099766731262,375595008
2026-06-02 02:00:00+00:00,0.9984999895095825,0.998960018157959,0.9983599781990051,0.9987199902534485,1533665280
2026-06-02 03:00:00+00:00,0.9987099766731262,0.9991999864578247,0.9984800219535828,0.9986299872398376,286121984
2026-06-02 04:00:00+00:00,0.9988099932670593,0.9990000128746033,0.9983000159263611,0.9986000061035156,129556480
2026-06-02 05:00:00+00:00,0.9984300136566162,0.9988600015640259,0.9983900189399719,0.9984700083732605,410673152
2026-06-02 06:00:00+00:00,0.9984700083732605,0.9986799955368042,0.9984099864959717,0.9984400272369385,607879168
2026-06-02 07:00:00+00:00,0.9985499978065491,0.9987900257110596,0.9984400272369385,0.9986199736595154,905379840
2026-06-02 08:00:00+00:00,0.9986299872398376,0.9988499879837036,0.998420000076294,0.9985399842262268,0
2026-06-02 09:00:00+00:00,0.9985399842262268,0.9988700151443481,0.9983699917793274,0.9984899759292603,224755712
2026-06-02 10:00:00+00:00,0.9984300136566162,0.998769998550415,0.9982100129127502,0.9984999895095825,0
2026-06-02 11:00:00+00:00,0.998449981212616,0.9988999962806702,0.9983299970626831,0.9986299872398376,120963072
2026-06-02 12:00:00+00:00,0.9985899925231934,0.9988200068473816,0.9984999895095825,0.9986000061035156,0
2026-06-02 13:00:00+00:00,0.9986100196838379,0.9987900257110596,0.9985299706459045,0.9985299706459045,0
2026-06-02 14:00:00+00:00,0.9985399842262268,0.9996200203895569,0.9978200197219849,0.9983699917793274,2174238720
2026-06-02 15:00:00+00:00,0.9984999895095825,0.9997000098228455,0.998009979724884,0.9984300136566162,3104653312
2026-06-02 16:00:00+00:00,0.9984400272369385,0.999750018119812,0.9982799887657166,0.9983400106430054,123674624
2026-06-02 17:00:00+00:00,0.9983400106430054,0.9986500144004822,0.9982399940490723,0.9983999729156494,0
2026-06-02 18:00:00+00:00,0.9982799887657166,0.9987000226974487,0.9982500076293945,0.998520016670227,400211968
2026-06-02 19:00:00+00:00,0.998520016670227,0.9987099766731262,0.9984099864959717,0.9984899759292603,3056279552
2026-06-02 20:00:00+00:00,0.9984599947929382,0.998740017414093,0.9982500076293945,0.9986699819564819,2178113536
2026-06-02 21:00:00+00:00,0.9987599849700928,0.9987800121307373,0.9983999729156494,0.9986900091171265,534986752
2026-06-02 22:00:00+00:00,0.9986199736595154,0.9987300038337708,0.9984099864959717,0.998520016670227,1432608768
2026-06-02 23:00:00+00:00,0.9986699819564819,0.9987599849700928,0.998420000076294,0.9985799789428711,4688502784
2026-06-03 00:00:00+00:00,0.9985799789428711,0.9987499713897705,0.9983400106430054,0.9986799955368042,1333108736
2026-06-03 01:00:00+00:00,0.9986699819564819,0.9987199902534485,0.9985600113868713,0.9987000226974487,37609472
2026-06-03 02:00:00+00:00,0.9987000226974487,0.9987999796867371,0.9985899925231934,0.9987199902534485,0
2026-06-03 03:00:00+00:00,0.9985899925231934,0.9988099932670593,0.9985700249671936,0.9986600279808044,3168739328
2026-06-03 04:00:00+00:00,0.9987999796867371,0.9988200068473816,0.9986500144004822,0.9987999796867371,1865195520
2026-06-03 05:00:00+00:00,0.9986500144004822,0.9988200068473816,0.9985600113868713,0.9986299872398376,1913331712
2026-06-03 06:00:00+00:00,0.9986299872398376,0.9988300204277039,0.9985299706459045,0.9986299872398376,970383360
2026-06-03 07:00:00+00:00,0.9986400008201599,0.9988099932670593,0.9986199736595154,0.9987900257110596,0
2026-06-03 08:00:00+00:00,0.9986500144004822,0.9988099932670593,0.9985899925231934,0.9986799955368042,482877440
2026-06-03 09:00:00+00:00,0.9987199902534485,0.9987300038337708,0.9985600113868713,0.9986600279808044,0
2026-06-03 10:00:00+00:00,0.9986500144004822,0.9987000226974487,0.9980000257492065,0.9986199736595154,558972928
2026-06-03 11:00:00+00:00,0.9986199736595154,0.9987000226974487,0.9983800053596497,0.9985100030899048,495902720
2026-06-03 12:00:00+00:00,0.9986699819564819,0.998740017414093,0.9983800053596497,0.9986400008201599,58318848
2026-06-03 13:00:00+00:00,0.9986299872398376,0.9988300204277039,0.9983800053596497,0.9985100030899048,0
2026-06-03 14:00:00+00:00,0.9985600113868713,0.9986799955368042,0.9983900189399719,0.9985499978065491,0
2026-06-03 15:00:00+00:00,0.998420000076294,0.9987599849700928,0.9984099864959717,0.9986100196838379,0
2026-06-03 16:00:00+00:00,0.9985100030899048,0.998769998550415,0.9983900189399719,0.9986299872398376,0
2026-06-03 17:00:00+00:00,0.9984300136566162,0.9987499713897705,0.9982500076293945,0.9986100196838379,177569792
2026-06-03 18:00:00+00:00,0.9986100196838379,0.999750018119812,0.9985299706459045,0.9987499713897705,0
2026-06-03 19:00:00+00:00,0.9986199736595154,0.9987499713897705,0.9985600113868713,0.9986299872398376,0
2026-06-03 20:00:00+00:00,0.9986299872398376,0.9999300241470337,0.9985700249671936,0.9987599849700928,323461120
2026-06-03 21:00:00+00:00,0.9987599849700928,0.9990900158882141,0.9985799789428711,0.9986900091171265,2970173440
2026-06-03 22:00:00+00:00,0.9986100196838379,0.9987800121307373,0.998199999332428,0.9986299872398376,0
2026-06-03 23:00:00+00:00,0.9986000061035156,0.998769998550415,0.9985100030899048,0.9987199902534485,4104192
2026-06-04 00:00:00+00:00,0.9987199902534485,0.9988099932670593,0.9984999895095825,0.9986500144004822,3619332096
2026-06-04 01:00:00+00:00,0.9986500144004822,0.998769998550415,0.998520016670227,0.9986400008201599,1738833920
2026-06-04 02:00:00+00:00,0.9986699819564819,0.999210000038147,0.9986500144004822,0.9988200068473816,10062274560
2026-06-04 03:00:00+00:00,0.9988700151443481,0.9989699721336365,0.998769998550415,0.9989399909973145,2176761856
2026-06-04 04:00:00+00:00,0.9989399909973145,0.9994900226593018,0.9987599849700928,0.9990500211715698,0
2026-06-04 05:00:00+00:00,0.9989799857139587,0.9993900060653687,0.9988499879837036,0.9990500211715698,390332416
2026-06-04 06:00:00+00:00,0.9989699721336365,0.9990599751472473,0.998960018157959,0.9990500211715698,0
2026-06-04 07:00:00+00:00,0.9990500211715698,0.9991700053215027,0.9989799857139587,0.9991000294685364,0
2026-06-04 08:00:00+00:00,0.9990299940109253,0.9994900226593018,0.9988399744033813,0.9988399744033813,1566752768
2026-06-04 09:00:00+00:00,0.9988399744033813,0.998960018157959,0.9987000226974487,0.9987000226974487,1239605248
2026-06-04 10:00:00+00:00,0.9987800121307373,0.9987800121307373,0.9986400008201599,0.9987099766731262,462512128
2026-06-04 11:00:00+00:00,0.9987000226974487,0.998989999294281,0.9987000226974487,0.9988600015640259,4957388800
2026-06-04 12:00:00+00:00,0.9988499879837036,0.998989999294281,0.9986100196838379,0.9988800287246704,2724708352
2026-06-04 13:00:00+00:00,0.9988800287246704,0.9990699887275696,0.9985799789428711,0.9988600015640259,1310859264
2026-06-04 14:00:00+00:00,0.9987800121307373,0.9991000294685364,0.9986400008201599,0.9990000128746033,136790016
2026-06-04 15:00:00+00:00,0.9990699887275696,0.9991000294685364,0.9987099766731262,0.9989299774169922,0
2026-06-04 16:00:00+00:00,0.998960018157959,0.9990900158882141,0.9987199902534485,0.9989799857139587,0
2026-06-04 17:00:00+00:00,0.9987300038337708,0.9991400241851807,0.9986799955368042,0.9987199902534485,0
2026-06-04 18:00:00+00:00,0.998989999294281,0.9990900158882141,0.9986100196838379,0.9988499879837036,814227456
2026-06-04 19:00:00+00:00,0.9989100098609924,0.9991499781608582,0.9985600113868713,0.9987300038337708,0
2026-06-04 20:00:00+00:00,0.998740017414093,0.9991499781608582,0.9985600113868713,0.9990299940109253,0
2026-06-04 21:00:00+00:00,0.9990299940109253,0.999239981174469,0.9987599849700928,0.9990500211715698,0
2026-06-04 22:00:00+00:00,0.9990100264549255,0.9993199706077576,0.9986100196838379,0.998989999294281,0
2026-06-04 23:00:00+00:00,0.9987099766731262,0.999180018901825,0.9986000061035156,0.9988700151443481,31055872
2026-06-05 00:00:00+00:00,0.9988700151443481,0.999180018901825,0.9987000226974487,0.9989399909973145,0
2026-06-05 01:00:00+00:00,0.9988800287246704,0.9990900158882141,0.998740017414093,0.9987800121307373,0
2026-06-05 02:00:00+00:00,0.9987800121307373,0.9991700053215027,0.9985700249671936,0.9988700151443481,0
2026-06-05 03:00:00+00:00,0.9988700151443481,0.9989500045776367,0.998520016670227,0.9988700151443481,0
2026-06-05 04:00:00+00:00,0.9988700151443481,0.9990000128746033,0.9987199902534485,0.9988300204277039,422862848
2026-06-05 05:00:00+00:00,0.9989399909973145,0.9990699887275696,0.9988099932670593,0.9989200234413147,0
2026-06-05 06:00:00+00:00,0.9990400075912476,0.9992600083351135,0.9987999796867371,0.9988899827003479,9415868416
2026-06-05 07:00:00+00:00,0.9988899827003479,0.9990299940109253,0.9986400008201599,0.9990100264549255,1526579200
2026-06-05 08:00:00+00:00,0.9990000128746033,0.9990100264549255,0.9989799857139587,0.998989999294281,0
2026-06-05 09:00:00+00:00,0.9989799857139587,0.998989999294281,0.9989399909973145,0.9989500045776367,0
2026-06-05 10:00:00+00:00,0.9989500045776367,0.9992200136184692,0.9988800287246704,0.9991499781608582,0
2026-06-05 11:00:00+00:00,0.999019980430603,0.9994999766349792,0.9987800121307373,0.998989999294281,0
2026-06-05 12:00:00+00:00,0.9991300106048584,0.9994400143623352,0.9989699721336365,0.9990299940109253,0
2026-06-05 13:00:00+00:00,0.9990400075912476,0.999239981174469,0.9988399744033813,0.9991000294685364,73695232
2026-06-05 14:00:00+00:00,0.9991000294685364,0.9994000196456909,0.9988800287246704,0.9993399977684021,7530774528
2026-06-05 15:00:00+00:00,0.9993600249290466,0.9997000098228455,0.9991700053215027,0.9992499947547913,4268875776
2026-06-05 16:00:00+00:00,0.9993799924850464,0.9996399879455566,0.9992300271987915,0.9993299841880798,8034672640
2026-06-05 17:00:00+00:00,0.9993299841880798,0.9995899796485901,0.9991199970245361,0.9993500113487244,798334976
2026-06-05 18:00:00+00:00,0.9993100166320801,0.999459981918335,0.998960018157959,0.9993399977684021,2570141696
2026-06-05 19:00:00+00:00,0.9993299841880798,0.999530017375946,0.9991000294685364,0.9993799924850464,5468332032
2026-06-05 20:00:00+00:00,0.9993799924850464,0.9997000098228455,0.9992700219154358,0.9995999932289124,3720421376
2026-06-05 21:00:00+00:00,0.9995099902153015,0.9998400211334229,0.9993900060653687,0.9995499849319458,1817673728
2026-06-05 22:00:00+00:00,0.9995499849319458,0.9997000098228455,0.9993900060653687,0.9996600151062012,1340940288
2026-06-05 23:00:00+00:00,0.9996600151062012,1.0,0.9993900060653687,0.9996799826622009,1682604032
2026-06-06 00:00:00+00:00,0.9995499849319458,0.9999899864196777,0.999459981918335,0.9996600151062012,243007488
2026-06-06 01:00:00+00:00,0.9995399713516235,0.9999099969863892,0.999530017375946,0.9997400045394897,0
2026-06-06 02:00:00+00:00,0.9996399879455566,0.9999200105667114,0.9996100068092346,0.9996799826622009,0
2026-06-06 03:00:00+00:00,0.9996899962425232,0.999809980392456,0.9996100068092346,0.9996600151062012,0
2026-06-06 04:00:00+00:00,0.9996299743652344,0.9999499917030334,0.9995999932289124,0.9996799826622009,1168506880
2026-06-06 05:00:00+00:00,0.9996799826622009,0.9996799826622009,0.9994199872016907,0.9995099902153015,1431879680
2026-06-06 06:00:00+00:00,0.9995099902153015,0.9996899962425232,0.9991599917411804,0.9994800090789795,0
2026-06-06 07:00:00+00:00,0.9994699954986572,0.9994800090789795,0.9993299841880798,0.9994699954986572,0
2026-06-06 08:00:00+00:00,0.9994699954986572,0.9996600151062012,0.9993699789047241,0.9995899796485901,0
2026-06-06 09:00:00+00:00,0.9995899796485901,0.9996899962425232,0.9994099736213684,0.9994300007820129,0
2026-06-06 10:00:00+00:00,0.9994300007820129,0.999779999256134,0.9994000196456909,0.9994900226593018,981368832
2026-06-06 11:00:00+00:00,0.9994900226593018,0.9994999766349792,0.9994000196456909,0.9994699954986572,0
2026-06-06 12:00:00+00:00,0.9994699954986572,0.9995399713516235,0.9994300007820129,0.9994999766349792,0
2026-06-06 13:00:00+00:00,0.9994999766349792,0.9995399713516235,0.9994300007820129,0.999530017375946,0
2026-06-06 14:00:00+00:00,0.999530017375946,0.9995800256729126,0.9994500279426575,0.9994699954986572,0
2026-06-06 15:00:00+00:00,0.9995099902153015,0.9997299909591675,0.9994699954986572,0.9995399713516235,0
2026-06-06 16:00:00+00:00,0.9994999766349792,0.9995399713516235,0.9994699954986572,0.9995099902153015,0
2026-06-06 17:00:00+00:00,0.9995099902153015,0.9996200203895569,0.9994400143623352,0.9995999932289124,0
2026-06-06 18:00:00+00:00,0.9995099902153015,0.9996100068092346,0.9994800090789795,0.9994999766349792,0
2026-06-06 19:00:00+00:00,0.9995700120925903,0.9996200203895569,0.9994800090789795,0.9995200037956238,0
2026-06-06 20:00:00+00:00,0.9995800256729126,0.9996100068092346,0.9994800090789795,0.9994999766349792,0
2026-06-06 21:00:00+00:00,0.9995999932289124,0.9996100068092346,0.9994800090789795,0.9995099902153015,0
2026-06-06 22:00:00+00:00,0.9995200037956238,0.9996100068092346,0.9994699954986572,0.9995999932289124,0
2026-06-06 23:00:00+00:00,0.9994999766349792,0.9996200203895569,0.9994800090789795,0.9995099902153015,3506176
2026-06-07 00:00:00+00:00,0.9995999932289124,0.9996200203895569,0.9994800090789795,0.9995999932289124,0
2026-06-07 01:00:00+00:00,0.9995999932289124,0.9996200203895569,0.9994800090789795,0.9995999932289124,1147641856
2026-06-07 02:00:00+00:00,0.9995999932289124,0.9996200203895569,0.9994699954986572,0.9994800090789795,0
2026-06-07 03:00:00+00:00,0.9995499849319458,0.9996200203895569,0.999459981918335,0.9995999932289124,0
2026-06-07 04:00:00+00:00,0.9996100068092346,0.9996100068092346,0.9994699954986572,0.9994800090789795,0
2026-06-07 05:00:00+00:00,0.9995099902153015,0.9997400045394897,0.9994699954986572,0.9995800256729126,0
2026-06-07 06:00:00+00:00,0.9995800256729126,0.999809980392456,0.9994699954986572,0.999530017375946,0
2026-06-07 07:00:00+00:00,0.999530017375946,0.9995999932289124,0.9995200037956238,0.9995999932289124,848101376
2026-06-07 08:00:00+00:00,0.9995499849319458,0.9995999932289124,0.9995099902153015,0.9995899796485901,1230254080
2026-06-07 09:00:00+00:00,0.9995899796485901,0.9996399879455566,0.999530017375946,0.9995899796485901,1481838592
2026-06-07 10:00:00+00:00,0.9995899796485901,0.9996500015258789,0.9995700120925903,0.9995999932289124,0
2026-06-07 11:00:00+00:00,0.9996399879455566,0.9997299909591675,0.9995899796485901,0.9996600151062012,0
2026-06-07 12:00:00+00:00,0.9996600151062012,0.9996799826622009,0.9996100068092346,0.9996700286865234,2114129920
2026-06-07 13:00:00+00:00,0.9996700286865234,0.9997000098228455,0.9996600151062012,0.9996799826622009,0
2026-06-07 14:00:00+00:00,0.9997000098228455,0.9997000098228455,0.9993699789047241,0.9996200203895569,1239281664
2026-06-07 15:00:00+00:00,0.9996200203895569,0.9996600151062012,0.999530017375946,0.9996299743652344,0
2026-06-07 16:00:00+00:00,0.9996200203895569,0.9997900128364563,0.9995200037956238,0.9996500015258789,0
2026-06-07 17:00:00+00:00,0.9996500015258789,0.9997900128364563,0.9995700120925903,0.9995700120925903,500781056
2026-06-07 18:00:00+00:00,0.9996200203895569,1.0,0.999530017375946,0.9997199773788452,0
2026-06-07 19:00:00+00:00,0.9996799826622009,0.999779999256134,0.9994900226593018,0.9995700120925903,1279246336
2026-06-07 20:00:00+00:00,0.9995800256729126,0.9996299743652344,0.9994900226593018,0.9995499849319458,666791936
2026-06-07 21:00:00+00:00,0.9996200203895569,0.9998599886894226,0.9995200037956238,0.9995899796485901,0
2026-06-07 22:00:00+00:00,0.9995899796485901,0.9997900128364563,0.9994999766349792,0.9995399713516235,6462230528
2026-06-07 23:00:00+00:00,0.9996100068092346,0.9997299909591675,0.9994999766349792,0.9996100068092346,1454833664
2026-06-08 00:00:00+00:00,0.9996100068092346,0.9999899864196777,0.999459981918335,0.9996100068092346,1264271360
2026-06-08 01:00:00+00:00,0.9996100068092346,0.9997000098228455,0.9994999766349792,0.9996500015258789,468238336
2026-06-08 02:00:00+00:00,0.9996500015258789,0.9996700286865234,0.9994800090789795,0.9994800090789795,117194752
2026-06-08 03:00:00+00:00,0.9996299743652344,0.9996600151062012,0.9993900060653687,0.9994000196456909,0
2026-06-08 04:00:00+00:00,0.9993900060653687,0.9994000196456909,0.9993799924850464,0.9993900060653687,1414938624
2026-06-08 05:00:00+00:00,0.9993900060653687,0.9994199872016907,0.9992700219154358,0.9993399977684021,0
2026-06-08 06:00:00+00:00,0.9993399977684021,0.9993500113487244,0.9993100166320801,0.9993199706077576,0
2026-06-08 07:00:00+00:00,0.9993199706077576,0.9993199706077576,0.9990900158882141,0.9991199970245361,1066033152
2026-06-08 08:00:00+00:00,0.9991199970245361,0.9991199970245361,0.9990400075912476,0.9990400075912476,0
2026-06-08 09:00:00+00:00,0.9989699721336365,0.9994000196456909,0.9989699721336365,0.9993900060653687,0
2026-06-08 10:00:00+00:00,0.9992200136184692,0.999459981918335,0.9990299940109253,0.9991499781608582,0
2026-06-08 11:00:00+00:00,0.9992899894714355,0.999459981918335,0.9990000128746033,0.9991599917411804,2014806016
2026-06-08 12:00:00+00:00,0.9991599917411804,0.999459981918335,0.9988899827003479,0.999239981174469,159760384
2026-06-08 13:00:00+00:00,0.999239981174469,0.999530017375946,0.9990100264549255,0.9993000030517578,1734213632
2026-06-08 14:00:00+00:00,0.9993500113487244,0.9996700286865234,0.9990100264549255,0.9995899796485901,1345830912
2026-06-08 15:00:00+00:00,0.9995899796485901,0.9996700286865234,0.997979998588562,0.9994800090789795,2497585152
2026-06-08 16:00:00+00:00,0.9994900226593018,0.9995399713516235,0.9919999837875366,0.9992899894714355,471785472
2026-06-08 17:00:00+00:00,0.9992899894714355,0.9998900294303894,0.9991300106048584,0.9993600249290466,1359880192
2026-06-08 18:00:00+00:00,0.9993299841880798,0.9995999932289124,0.9959999918937683,0.9994900226593018,649650176
2026-06-08 19:00:00+00:00,0.9994900226593018,0.9995599985122681,0.9990800023078918,0.9995599985122681,0
2026-06-08 20:00:00+00:00,0.9995599985122681,0.9997100234031677,0.9992799758911133,0.999530017375946,418193408
2026-06-08 21:00:00+00:00,0.9996600151062012,0.9999600052833557,0.9995099902153015,0.9998900294303894,216989696
2026-06-08 22:00:00+00:00,0.999750018119812,1.0,0.9997100234031677,0.999809980392456,0
2026-06-08 23:00:00+00:00,0.999809980392456,0.9998300075531006,0.9962499737739563,0.9996100068092346,0
2026-06-09 00:00:00+00:00,0.9996100068092346,0.9997400045394897,0.9993799924850464,0.9996500015258789,0
2026-06-09 01:00:00+00:00,0.9994999766349792,0.9998199939727783,0.9993600249290466,0.9996299743652344,168042496
2026-06-09 02:00:00+00:00,0.9996299743652344,0.9996500015258789,0.9992499947547913,0.9995399713516235,0
2026-06-09 03:00:00+00:00,0.9995399713516235,0.9996600151062012,0.9993600249290466,0.9994999766349792,279453696
2026-06-09 04:00:00+00:00,0.9994099736213684,0.9995099902153015,0.999210000038147,0.9992799758911133,1358708736
2026-06-09 05:00:00+00:00,0.9993699789047241,0.999459981918335,0.9992600083351135,0.9994400143623352,40632320
2026-06-09 06:00:00+00:00,0.9994400143623352,0.9994400143623352,0.998960018157959,0.9994099736213684,273326080
2026-06-09 07:00:00+00:00,0.9994000196456909,0.9994300007820129,0.998960018157959,0.9993199706077576,0
2026-06-09 08:00:00+00:00,0.9993799924850464,0.9994400143623352,0.998960018157959,0.9992499947547913,0
2026-06-09 09:00:00+00:00,0.9994000196456909,0.999459981918335,0.9992499947547913,0.9994300007820129,0
2026-06-09 10:00:00+00:00,0.9994400143623352,0.9994400143623352,0.9991599917411804,0.9992899894714355,0
2026-06-09 11:00:00+00:00,0.9993100166320801,0.999459981918335,0.9990299940109253,0.9994300007820129,0
2026-06-09 12:00:00+00:00,0.9993000030517578,0.999459981918335,0.9991499781608582,0.9994300007820129,0
2026-06-09 13:00:00+00:00,0.9994400143623352,1.0,0.9994000196456909,0.9994300007820129,0
2026-06-09 14:00:00+00:00,0.9995399713516235,1.0000100135803223,0.9991999864578247,0.9994900226593018,1817088000
2026-06-09 15:00:00+00:00,0.9993900060653687,0.999750018119812,0.9991999864578247,0.9993600249290466,0
2026-06-09 16:00:00+00:00,0.9994000196456909,0.9994999766349792,0.9990400075912476,0.9993900060653687,3470024704
2026-06-09 17:00:00+00:00,0.999210000038147,0.9995399713516235,0.9991199970245361,0.9992300271987915,2421358592
2026-06-09 18:00:00+00:00,0.9991400241851807,0.9992700219154358,0.9990299940109253,0.9991000294685364,1504247808
2026-06-09 19:00:00+00:00,0.9990599751472473,0.9994000196456909,0.9990299940109253,0.9992600083351135,0
2026-06-09 20:00:00+00:00,0.9992499947547913,0.9994999766349792,0.9991499781608582,0.999239981174469,214851584
2026-06-09 21:00:00+00:00,0.9992899894714355,0.9996299743652344,0.9991899728775024,0.999239981174469,0
2026-06-09 22:00:00+00:00,0.9993799924850464,0.9995099902153015,0.9992200136184692,0.9993199706077576,75546624
2026-06-09 23:00:00+00:00,0.9992600083351135,0.9994500279426575,0.9992600083351135,0.9994400143623352,6864896
2026-06-10 00:00:00+00:00,0.9994300007820129,0.9999899864196777,0.9992899894714355,0.9994800090789795,0
2026-06-10 01:00:00+00:00,0.9994699954986572,0.9994800090789795,0.9992899894714355,0.9993299841880798,0
2026-06-10 02:00:00+00:00,0.9993900060653687,0.9995800256729126,0.9993100166320801,0.9994400143623352,0
2026-06-10 03:00:00+00:00,0.9994400143623352,0.9998000264167786,0.9993100166320801,0.9994400143623352,0
2026-06-10 04:00:00+00:00,0.9993399977684021,0.9996299743652344,0.9992799758911133,0.9993600249290466,0
2026-06-10 05:00:00+00:00,0.9993600249290466,0.9994500279426575,0.9991599917411804,0.9993500113487244,0
2026-06-10 06:00:00+00:00,0.9993500113487244,0.9994300007820129,0.999019980430603,0.9993699789047241,0
2026-06-10 07:00:00+00:00,0.9993699789047241,0.9995499849319458,0.9990000128746033,0.9992600083351135,0
2026-06-10 08:00:00+00:00,0.9991400241851807,0.9993299841880798,0.9990800023078918,0.999239981174469,0
2026-06-10 09:00:00+00:00,0.9992300271987915,0.9993199706077576,0.9990100264549255,0.9991499781608582,186646528
2026-06-10 10:00:00+00:00,0.9991499781608582,0.9993900060653687,0.9990000128746033,0.9991599917411804,13565952
2026-06-10 11:00:00+00:00,0.9991300106048584,0.999180018901825,0.9990500211715698,0.9991400241851807,943177728
2026-06-10 12:00:00+00:00,0.9991199970245361,0.9992300271987915,0.9988099932670593,0.9990900158882141,1163403264
2026-06-10 13:00:00+00:00,0.9990100264549255,0.9992300271987915,0.9990000128746033,0.9992200136184692,273580032
2026-06-10 14:00:00+00:00,0.999210000038147,0.9993799924850464,0.9988899827003479,0.9991000294685364,0
2026-06-10 15:00:00+00:00,0.9991000294685364,0.9991700053215027,0.9988200068473816,0.9990599751472473,0
2026-06-10 16:00:00+00:00,0.9988600015640259,0.9991899728775024,0.998769998550415,0.9990699887275696,0
2026-06-10 17:00:00+00:00,0.9989799857139587,0.9990900158882141,0.9989500045776367,0.9990299940109253,0
2026-06-10 18:00:00+00:00,0.9990299940109253,0.9990500211715698,0.9986600279808044,0.9987199902534485,0
2026-06-10 19:00:00+00:00,0.9989299774169922,0.9990800023078918,0.9986500144004822,0.9989500045776367,0
2026-06-10 20:00:00+00:00,0.9988600015640259,0.9989699721336365,0.9987599849700928,0.998960018157959,0
2026-06-10 21:00:00+00:00,0.9987599849700928,0.9989799857139587,0.9985399842262268,0.9988600015640259,0
2026-06-10 22:00:00+00:00,0.9988600015640259,0.9993000030517578,0.9987999796867371,0.9990500211715698,1417519104
2026-06-10 23:00:00+00:00,0.9991099834442139,0.9991099834442139,0.9989500045776367,0.9990599751472473,121053184
2026-06-11 00:00:00+00:00,0.9990599751472473,0.9990599751472473,0.9990000128746033,0.9990299940109253,0
2026-06-11 01:00:00+00:00,0.9990000128746033,0.9990599751472473,0.9987900257110596,0.9989200234413147,97099776
2026-06-11 02:00:00+00:00,0.9990000128746033,0.9990500211715698,0.998769998550415,0.9988200068473816,0
2026-06-11 03:00:00+00:00,0.9988499879837036,0.998989999294281,0.998769998550415,0.9987999796867371,1529511936
2026-06-11 04:00:00+00:00,0.9987599849700928,0.9989500045776367,0.9987000226974487,0.9988600015640259,1213440000
2026-06-11 05:00:00+00:00,0.9988600015640259,0.9988899827003479,0.9986199736595154,0.9988099932670593,0
2026-06-11 06:00:00+00:00,0.9988200068473816,0.9989399909973145,0.9984599947929382,0.9988700151443481,1389375488
2026-06-11 07:00:00+00:00,0.9988800287246704,0.9989200234413147,0.998769998550415,0.9988399744033813,184049664
2026-06-11 08:00:00+00:00,0.9987999796867371,0.9988600015640259,0.9984700083732605,0.9988099932670593,124456960
2026-06-11 09:00:00+00:00,0.9988099932670593,0.9991000294685364,0.9987199902534485,0.9989200234413147,0
2026-06-11 10:00:00+00:00,0.9988999962806702,0.9989100098609924,0.9987499713897705,0.9988800287246704,28934144
2026-06-11 11:00:00+00:00,0.9988800287246704,0.998960018157959,0.9987900257110596,0.998960018157959,0
2026-06-11 12:00:00+00:00,0.998960018157959,0.9990000128746033,0.9988800287246704,0.998989999294281,0
2026-06-11 13:00:00+00:00,0.998989999294281,0.9993000030517578,0.9987900257110596,0.9989299774169922,0
2026-06-11 14:00:00+00:00,0.9988099932670593,0.9989699721336365,0.9984700083732605,0.9987599849700928,19083264
2026-06-11 15:00:00+00:00,0.9987599849700928,0.9989299774169922,0.9984999895095825,0.9988800287246704,0
2026-06-11 16:00:00+00:00,0.9985799789428711,0.9989699721336365,0.9985799789428711,0.9987999796867371,0
2026-06-11 17:00:00+00:00,0.998989999294281,0.9994999766349792,0.9987000226974487,0.998960018157959,1092706304
2026-06-11 18:00:00+00:00,0.998960018157959,0.999750018119812,0.9987800121307373,0.9989799857139587,1054121984
2026-06-11 19:00:00+00:00,0.9990699887275696,0.9995599985122681,0.9986199736595154,0.9988099932670593,2034311168
2026-06-11 20:00:00+00:00,0.9989500045776367,0.9991099834442139,0.998740017414093,0.9990299940109253,250843136
2026-06-11 21:00:00+00:00,0.9990400075912476,0.9991099834442139,0.9987300038337708,0.9989100098609924,0
2026-06-11 22:00:00+00:00,0.9989100098609924,0.9993500113487244,0.9987499713897705,0.9987999796867371,0
2026-06-11 23:00:00+00:00,0.9989799857139587,0.9990400075912476,0.9986400008201599,0.9989200234413147,0
2026-06-12 00:00:00+00:00,0.9989200234413147,0.998960018157959,0.9987000226974487,0.9988899827003479,315351040
2026-06-12 01:00:00+00:00,0.9989100098609924,0.9990299940109253,0.9986400008201599,0.9988300204277039,0
2026-06-12 02:00:00+00:00,0.9988399744033813,0.9988899827003479,0.998520016670227,0.9987499713897705,0
2026-06-12 03:00:00+00:00,0.9987499713897705,0.9987800121307373,0.9985600113868713,0.9985700249671936,0
2026-06-12 04:00:00+00:00,0.9985700249671936,0.9986299872398376,0.9983599781990051,0.9986000061035156,0
2026-06-12 05:00:00+00:00,0.9983900189399719,0.9989500045776367,0.9983599781990051,0.9986199736595154,117182464
2026-06-12 06:00:00+00:00,0.998449981212616,0.9987999796867371,0.9983800053596497,0.9985299706459045,0
2026-06-12 07:00:00+00:00,0.9985299706459045,0.9989399909973145,0.9984700083732605,0.9986500144004822,564404224
2026-06-12 08:00:00+00:00,0.9986500144004822,0.9987900257110596,0.9986199736595154,0.9987099766731262,0
2026-06-12 09:00:00+00:00,0.9986199736595154,0.9988099932670593,0.9986100196838379,0.9988099932670593,852963328
2026-06-12 10:00:00+00:00,0.998740017414093,0.9988099932670593,0.9985100030899048,0.9986900091171265,948322304
2026-06-12 11:00:00+00:00,0.9986900091171265,0.9987999796867371,0.9984999895095825,0.9987800121307373,0
2026-06-12 12:00:00+00:00,0.9986900091171265,0.9989399909973145,0.9986900091171265,0.9988999962806702,0
2026-06-12 13:00:00+00:00,0.9988899827003479,0.9990800023078918,0.9987099766731262,0.9988399744033813,0
2026-06-12 14:00:00+00:00,0.9988300204277039,0.9992499947547913,0.9986100196838379,0.9992300271987915,909402112
2026-06-12 15:00:00+00:00,0.999239981174469,0.9995700120925903,0.9990100264549255,0.9993299841880798,2986975232
2026-06-12 16:00:00+00:00,0.9993100166320801,0.9996899962425232,0.9991599917411804,0.9993699789047241,1296908288
2026-06-12 17:00:00+00:00,0.9993699789047241,0.9995399713516235,0.9991599917411804,0.9993500113487244,0
2026-06-12 18:00:00+00:00,0.9993000030517578,0.9994000196456909,0.9993000030517578,0.9993600249290466,0
2026-06-12 19:00:00+00:00,0.9993699789047241,0.9997000098228455,0.9993100166320801,0.9994199872016907,0
2026-06-12 20:00:00+00:00,0.9994300007820129,1.0,0.9993100166320801,0.9995800256729126,0
2026-06-12 21:00:00+00:00,0.9996200203895569,0.9996700286865234,0.9993699789047241,0.9995899796485901,97984512
2026-06-12 22:00:00+00:00,0.9995899796485901,0.9996200203895569,0.9993799924850464,0.9994099736213684,114020352
2026-06-12 23:00:00+00:00,0.9994099736213684,0.9995700120925903,0.9993799924850464,0.9995200037956238,0
2026-06-13 00:00:00+00:00,0.9995200037956238,0.9995800256729126,0.9993799924850464,0.9995099902153015,0
2026-06-13 01:00:00+00:00,0.9995099902153015,0.9995599985122681,0.9991599917411804,0.9993199706077576,0
2026-06-13 02:00:00+00:00,0.9994099736213684,0.9994500279426575,0.9990800023078918,0.9993299841880798,0
2026-06-13 03:00:00+00:00,0.9993299841880798,0.999530017375946,0.9993100166320801,0.9995200037956238,0
2026-06-13 04:00:00+00:00,0.9995200037956238,0.9995399713516235,0.9994099736213684,0.9995099902153015,0
2026-06-13 05:00:00+00:00,0.9995099902153015,0.9995700120925903,0.9992200136184692,0.9995599985122681,0
2026-06-13 06:00:00+00:00,0.9995499849319458,0.9995700120925903,0.9993000030517578,0.9993100166320801,0
2026-06-13 07:00:00+00:00,0.9993199706077576,0.999459981918335,0.9993199706077576,0.9994400143623352,0
2026-06-13 08:00:00+00:00,0.999459981918335,0.999459981918335,0.9993699789047241,0.9994400143623352,0
2026-06-13 09:00:00+00:00,0.9994400143623352,0.9995399713516235,0.9993299841880798,0.999459981918335,0
2026-06-13 10:00:00+00:00,0.9994000196456909,0.999459981918335,0.9992600083351135,0.9994000196456909,0
2026-06-13 11:00:00+00:00,0.9994099736213684,0.9994099736213684,0.9992600083351135,0.9993199706077576,0
2026-06-13 12:00:00+00:00,0.9994099736213684,0.9994800090789795,0.9993100166320801,0.999459981918335,0
2026-06-13 13:00:00+00:00,0.9994699954986572,0.9995599985122681,0.9993699789047241,0.9995200037956238,0
2026-06-13 14:00:00+00:00,0.9995099902153015,0.9995399713516235,0.9993600249290466,0.9994099736213684,0
2026-06-13 15:00:00+00:00,0.999459981918335,0.9995200037956238,0.9990699887275696,0.9993799924850464,0
2026-06-13 16:00:00+00:00,0.9994500279426575,0.999459981918335,0.9990900158882141,0.9993699789047241,0
2026-06-13 17:00:00+00:00,0.9992600083351135,0.9994800090789795,0.9991000294685364,0.9994400143623352,0
2026-06-13 18:00:00+00:00,0.9994400143623352,0.9994999766349792,0.9993699789047241,0.999459981918335,0
2026-06-13 19:00:00+00:00,0.9994999766349792,0.999530017375946,0.9994400143623352,0.9994999766349792,0
2026-06-13 20:00:00+00:00,0.9995099902153015,0.9996100068092346,0.9994400143623352,0.9994999766349792,419479552
2026-06-13 21:00:00+00:00,0.999530017375946,0.9996799826622009,0.9994699954986572,0.9995200037956238,605855744
2026-06-13 22:00:00+00:00,0.9994999766349792,0.9996799826622009,0.9994999766349792,0.9996299743652344,0
2026-06-13 23:00:00+00:00,0.9996299743652344,0.9997599720954895,0.9995399713516235,0.9996600151062012,75304960
2026-06-14 00:00:00+00:00,0.9997000098228455,0.9998000264167786,0.9995700120925903,0.9996100068092346,0
2026-06-14 01:00:00+00:00,0.9996799826622009,0.9997599720954895,0.9995200037956238,0.9996100068092346,81985536
2026-06-14 02:00:00+00:00,0.9996200203895569,1.0000100135803223,0.9995099902153015,0.9996799826622009,0
2026-06-14 03:00:00+00:00,0.9995599985122681,0.9997000098228455,0.9994699954986572,0.9995599985122681,0
2026-06-14 04:00:00+00:00,0.9995599985122681,0.9997000098228455,0.9994500279426575,0.9996299743652344,712462336
2026-06-14 05:00:00+00:00,0.9996399879455566,0.9998300075531006,0.9994900226593018,0.9995800256729126,0
2026-06-14 06:00:00+00:00,0.9995099902153015,0.9995999932289124,0.9994900226593018,0.9995099902153015,998912000
2026-06-14 07:00:00+00:00,0.9994999766349792,0.9995899796485901,0.999459981918335,0.9994800090789795,0
2026-06-14 08:00:00+00:00,0.9994800090789795,0.9995099902153015,0.9994199872016907,0.9994300007820129,0
2026-06-14 09:00:00+00:00,0.9994900226593018,0.9994999766349792,0.9993600249290466,0.9994300007820129,277499904
2026-06-14 10:00:00+00:00,0.9994800090789795,0.9995099902153015,0.9993600249290466,0.9993799924850464,101527552
2026-06-14 11:00:00+00:00,0.9993799924850464,0.9994900226593018,0.9992600083351135,0.9994400143623352,0
2026-06-14 12:00:00+00:00,0.9994400143623352,0.9995200037956238,0.9993000030517578,0.9994900226593018,0
2026-06-14 13:00:00+00:00,0.9994900226593018,0.9995099902153015,0.9993000030517578,0.9994800090789795,0
2026-06-14 14:00:00+00:00,0.9993100166320801,0.9994900226593018,0.9993000030517578,0.9994800090789795,911220736
2026-06-14 15:00:00+00:00,0.9994800090789795,0.9995599985122681,0.9993399977684021,0.9994999766349792,0
2026-06-14 16:00:00+00:00,0.9993500113487244,0.9995099902153015,0.9993000030517578,0.9994099736213684,0
2026-06-14 17:00:00+00:00,0.9994800090789795,0.9994800090789795,0.9991099834442139,0.9992200136184692,0
2026-06-14 18:00:00+00:00,0.9994199872016907,0.9995099902153015,0.999210000038147,0.9994099736213684,0
2026-06-14 19:00:00+00:00,0.9994900226593018,0.9995899796485901,0.9991000294685364,0.9993799924850464,0
2026-06-14 20:00:00+00:00,0.9994500279426575,0.999459981918335,0.9991599917411804,0.9993100166320801,221196288
2026-06-14 21:00:00+00:00,0.9992600083351135,0.9995899796485901,0.9992499947547913,0.9995899796485901,3974680576
2026-06-14 22:00:00+00:00,0.9994999766349792,0.9996200203895569,0.9993900060653687,0.9994800090789795,3084853248
2026-06-14 23:00:00+00:00,0.9994800090789795,0.9994999766349792,0.9993000030517578,0.9993699789047241,2123751424
2026-06-15 00:00:00+00:00,0.9994999766349792,0.9994999766349792,0.9993600249290466,0.9994199872016907,1028857856
2026-06-15 01:00:00+00:00,0.9994800090789795,0.9995099902153015,0.9993500113487244,0.9994199872016907,1426415616
2026-06-15 02:00:00+00:00,0.9994900226593018,0.9995200037956238,0.9993900060653687,0.9995099902153015,907280384
2026-06-15 03:00:00+00:00,0.9994199872016907,0.9995200037956238,0.9993699789047241,0.9994999766349792,1608269824
2026-06-15 04:00:00+00:00,0.9994900226593018,0.9995099902153015,0.9993299841880798,0.9994500279426575,811114496
2026-06-15 05:00:00+00:00,0.9994500279426575,0.999459981918335,0.9992300271987915,0.9993799924850464,517713920
2026-06-15 06:00:00+00:00,0.9993699789047241,0.9995700120925903,0.9991199970245361,0.9994199872016907,0
2026-06-15 07:00:00+00:00,0.9994199872016907,0.9994400143623352,0.9990000128746033,0.999210000038147,1614983168
2026-06-15 08:00:00+00:00,0.9993699789047241,0.9994099736213684,0.9990500211715698,0.9993299841880798,946765824
2026-06-15 09:00:00+00:00,0.9993299841880798,0.9994099736213684,0.9990400075912476,0.9993500113487244,808046592
2026-06-15 10:00:00+00:00,0.9993500113487244,0.9994199872016907,0.9990000128746033,0.9993199706077576,864083968
2026-06-15 11:00:00+00:00,0.9993399977684021,0.9994199872016907,0.9990800023078918,0.9994099736213684,4193402880
2026-06-15 12:00:00+00:00,0.9993900060653687,0.999530017375946,0.9990900158882141,0.9993299841880798,2532868096
2026-06-15 13:00:00+00:00,0.9993299841880798,0.999530017375946,0.9989500045776367,0.999210000038147,5213724672
2026-06-15 14:00:00+00:00,0.9989799857139587,0.9994800090789795,0.9989100098609924,0.999180018901825,1738014720
2026-06-15 15:00:00+00:00,0.9993000030517578,0.9994199872016907,0.9990000128746033,0.9993799924850464,3372171264
2026-06-15 16:00:00+00:00,0.9992499947547913,0.9995200037956238,0.9990500211715698,0.9994000196456909,3421454336
2026-06-15 17:00:00+00:00,0.9994000196456909,0.9995200037956238,0.9991499781608582,0.9995200037956238,2344951808
2026-06-15 18:00:00+00:00,0.9995200037956238,0.9996600151062012,0.999180018901825,0.9994999766349792,1059389440
2026-06-15 19:00:00+00:00,0.9994999766349792,0.9998499751091003,0.9991999864578247,0.9995800256729126,1899814912
2026-06-15 20:00:00+00:00,0.9995700120925903,0.9995700120925903,0.9991999864578247,0.9995099902153015,649158656
2026-06-15 21:00:00+00:00,0.9995099902153015,0.9995700120925903,0.9994000196456909,0.9994099736213684,0
2026-06-15 22:00:00+00:00,0.9994500279426575,0.999459981918335,0.9991599917411804,0.9994000196456909,0
2026-06-15 23:00:00+00:00,0.9994000196456909,0.9996299743652344,0.9992300271987915,0.9994500279426575,0
2026-06-16 00:00:00+00:00,0.999459981918335,0.9994999766349792,0.9992300271987915,0.9993900060653687,0
2026-06-16 01:00:00+00:00,0.9993500113487244,0.9996500015258789,0.999180018901825,0.9994300007820129,0
2026-06-16 02:00:00+00:00,0.9994099736213684,0.9994400143623352,0.999210000038147,0.9993799924850464,648839168
2026-06-16 03:00:00+00:00,0.9993299841880798,0.9993900060653687,0.9993000030517578,0.9993799924850464,221708288
2026-06-16 04:00:00+00:00,0.9993799924850464,0.9994000196456909,0.9992899894714355,0.9993100166320801,67051520
2026-06-16 05:00:00+00:00,0.9993900060653687,0.999459981918335,0.9991999864578247,0.9994199872016907,63029248
2026-06-16 06:00:00+00:00,0.9993699789047241,0.9994999766349792,0.9993500113487244,0.9994099736213684,562511872
2026-06-16 07:00:00+00:00,0.9994099736213684,0.9994900226593018,0.9993299841880798,0.9994800090789795,382353408
2026-06-16 08:00:00+00:00,0.9993699789047241,0.9994800090789795,0.9992700219154358,0.9993799924850464,686055424
2026-06-16 09:00:00+00:00,0.9993799924850464,0.9994000196456909,0.9989500045776367,0.999210000038147,908574720
2026-06-16 10:00:00+00:00,0.999210000038147,0.9993900060653687,0.9989200234413147,0.9991099834442139,0
2026-06-16 11:00:00+00:00,0.9989299774169922,0.9994300007820129,0.9989299774169922,0.9992799758911133,0
2026-06-16 12:00:00+00:00,0.9992799758911133,0.9992799758911133,0.9988399744033813,0.9991899728775024,0
2026-06-16 13:00:00+00:00,0.9991899728775024,0.9991999864578247,0.9988399744033813,0.9991499781608582,0
2026-06-16 14:00:00+00:00,0.9991599917411804,0.9993900060653687,0.9988499879837036,0.9993299841880798,788258816
2026-06-16 15:00:00+00:00,0.9993299841880798,0.9994500279426575,0.998989999294281,0.9991499781608582,0
2026-06-16 16:00:00+00:00,0.9991499781608582,0.9993699789047241,0.9988999962806702,0.9990699887275696,0
2026-06-16 17:00:00+00:00,0.9993600249290466,0.999530017375946,0.9990400075912476,0.9992300271987915,0
2026-06-16 18:00:00+00:00,0.9991199970245361,0.9997900128364563,0.9990500211715698,0.9993000030517578,167096320
2026-06-16 19:00:00+00:00,0.9992799758911133,1.0,0.9990000128746033,0.999019980430603,0
2026-06-16 20:00:00+00:00,0.9990299940109253,0.9992899894714355,0.9987499713897705,0.9990000128746033,0
2026-06-16 21:00:00+00:00,0.9990000128746033,0.9991599917411804,0.9989100098609924,0.9991000294685364,0
2026-06-16 22:00:00+00:00,0.9991000294685364,0.9991999864578247,0.9988499879837036,0.9990400075912476,0
2026-06-16 23:00:00+00:00,0.9990400075912476,0.9991000294685364,0.9988600015640259,0.9989799857139587,247644160
2026-06-17 00:00:00+00:00,0.9989799857139587,0.9990500211715698,0.9989399909973145,0.9990500211715698,0
2026-06-17 01:00:00+00:00,0.9990500211715698,0.999239981174469,0.9988200068473816,0.9990400075912476,405426176
2026-06-17 02:00:00+00:00,0.9990500211715698,0.9990699887275696,0.9989699721336365,0.9990299940109253,0
2026-06-17 03:00:00+00:00,0.9990699887275696,0.9991199970245361,0.9988999962806702,0.9990800023078918,0
2026-06-17 04:00:00+00:00,0.9991099834442139,0.9991300106048584,0.9988499879837036,0.9990100264549255,0
2026-06-17 05:00:00+00:00,0.9990000128746033,0.9990800023078918,0.9988200068473816,0.9990400075912476,0
2026-06-17 06:00:00+00:00,0.9990800023078918,0.9991000294685364,0.9989799857139587,0.9990900158882141,0
2026-06-17 07:00:00+00:00,0.999019980430603,0.9991400241851807,0.9989699721336365,0.999019980430603,0
2026-06-17 08:00:00+00:00,0.999019980430603,0.9991700053215027,0.9987800121307373,0.998960018157959,163786752
2026-06-17 09:00:00+00:00,0.998989999294281,0.9991899728775024,0.9987999796867371,0.999180018901825,0
2026-06-17 10:00:00+00:00,0.9991899728775024,0.9991899728775024,0.9988899827003479,0.9991099834442139,99569664
2026-06-17 11:00:00+00:00,0.9991099834442139,0.999180018901825,0.9988800287246704,0.9991499781608582,344608768
2026-06-17 12:00:00+00:00,0.9991499781608582,0.9991700053215027,0.9988300204277039,0.9989500045776367,0
2026-06-17 13:00:00+00:00,0.9990699887275696,0.9991000294685364,0.9988399744033813,0.9991000294685364,0
2026-06-17 14:00:00+00:00,0.9991000294685364,0.9991499781608582,0.9988700151443481,0.9991199970245361,0
2026-06-17 15:00:00+00:00,0.9991199970245361,0.9993000030517578,0.9988999962806702,0.9991599917411804,702640128
2026-06-17 16:00:00+00:00,0.9991199970245361,0.9992899894714355,0.9988999962806702,0.9992200136184692,1974112256
2026-06-17 17:00:00+00:00,0.9992300271987915,0.9994000196456909,0.998960018157959,0.9991099834442139,162451456
2026-06-17 18:00:00+00:00,0.9991899728775024,0.9994000196456909,0.9989200234413147,0.9991999864578247,3536625664
2026-06-17 19:00:00+00:00,0.999210000038147,0.9992899894714355,0.998989999294281,0.999210000038147,1772437504
