timestamp,open,high,low,close,volume
2025-12-20 00:00:00+00:00,1.9074257612228394,1.9076285362243652,1.902477741241455,1.9055975675582886,0
2025-12-20 01:00:00+00:00,1.9055333137512207,1.905741810798645,1.9015699625015259,1.901771068572998,0
2025-12-20 02:00:00+00:00,1.9016571044921875,1.901737928390503,1.8951398134231567,1.8971247673034668,0
2025-12-20 03:00:00+00:00,1.8971612453460693,1.904698371887207,1.8958654403686523,1.903830885887146,0
2025-12-20 04:00:00+00:00,1.903599500656128,1.9048190116882324,1.8998976945877075,1.9034324884414673,0
2025-12-20 05:00:00+00:00,1.9037622213363647,1.915961742401123,1.9037622213363647,1.91307532787323,0
2025-12-20 06:00:00+00:00,1.9131197929382324,1.9152462482452393,1.913077473640442,1.9149755239486694,0
2025-12-20 07:00:00+00:00,1.915090799331665,1.915730357170105,1.9068529605865479,1.9130380153656006,0
2025-12-20 08:00:00+00:00,1.9130690097808838,1.9355546236038208,1.9130690097808838,1.9293593168258667,29552896
2025-12-20 09:00:00+00:00,1.9298611879348755,1.953290581703186,1.9298611879348755,1.9496486186981201,79347712
2025-12-20 10:00:00+00:00,1.9504759311676025,1.9533778429031372,1.9413282871246338,1.9413282871246338,29157632
2025-12-20 11:00:00+00:00,1.9408092498779297,1.9427947998046875,1.9330353736877441,1.941759467124939,41819136
2025-12-20 12:00:00+00:00,1.9418224096298218,1.9453240633010864,1.940520167350769,1.940520167350769,0
2025-12-20 13:00:00+00:00,1.9401909112930298,1.9411324262619019,1.9211920499801636,1.9281396865844727,27780864
2025-12-20 14:00:00+00:00,1.927785038948059,1.9278658628463745,1.9209004640579224,1.927772879600525,0
2025-12-20 15:00:00+00:00,1.927877426147461,1.9329925775527954,1.9189457893371582,1.9208343029022217,0
2025-12-20 16:00:00+00:00,1.9211024045944214,1.9272407293319702,1.920871615409851,1.9264622926712036,0
2025-12-20 17:00:00+00:00,1.9277644157409668,1.9293352365493774,1.9220038652420044,1.9229027032852173,0
2025-12-20 18:00:00+00:00,1.922930359840393,1.9244685173034668,1.9196131229400635,1.9228501319885254,0
2025-12-20 19:00:00+00:00,1.9228323698043823,1.9247112274169922,1.9201335906982422,1.9247112274169922,0
2025-12-20 20:00:00+00:00,1.924349308013916,1.9265010356903076,1.923886775970459,1.92527174949646,0
2025-12-20 21:00:00+00:00,1.9255419969558716,1.9293462038040161,1.9255419969558716,1.9293462038040161,0
2025-12-20 22:00:00+00:00,1.9302767515182495,1.9351905584335327,1.9277222156524658,1.9348806142807007,0
2025-12-20 23:00:00+00:00,1.9344428777694702,1.9345083236694336,1.9312583208084106,1.9324028491973877,0
2025-12-21 00:00:00+00:00,1.932358741760254,1.937556266784668,1.9314043521881104,1.935774803161621,10701440
2025-12-21 01:00:00+00:00,1.9361858367919922,1.939073085784912,1.929807424545288,1.929807424545288,42661632
2025-12-21 02:00:00+00:00,1.929713249206543,1.929713249206543,1.9194589853286743,1.923036813735962,75070208
2025-12-21 03:00:00+00:00,1.9230351448059082,1.9341087341308594,1.9230351448059082,1.9291352033615112,62064640
2025-12-21 04:00:00+00:00,1.9290345907211304,1.9291131496429443,1.9245339632034302,1.9245339632034302,25287936
2025-12-21 05:00:00+00:00,1.9246126413345337,1.9259775876998901,1.9224239587783813,1.9224239587783813,34134016
2025-12-21 06:00:00+00:00,1.92247474193573,1.9232511520385742,1.9203261137008667,1.920716404914856,50557952
2025-12-21 07:00:00+00:00,1.9206576347351074,1.9254393577575684,1.9202349185943604,1.9235931634902954,72496640
2025-12-21 08:00:00+00:00,1.9241694211959839,1.9385440349578857,1.9229274988174438,1.9363130331039429,47964416
2025-12-21 09:00:00+00:00,1.9363887310028076,1.9462770223617554,1.9345380067825317,1.9457359313964844,2315776
2025-12-21 10:00:00+00:00,1.9459145069122314,1.9471838474273682,1.9327324628829956,1.9328681230545044,9769728
2025-12-21 11:00:00+00:00,1.932913064956665,1.9347763061523438,1.9315707683563232,1.9331495761871338,0
2025-12-21 12:00:00+00:00,1.9336140155792236,1.9367883205413818,1.928341269493103,1.9284932613372803,2981632
2025-12-21 13:00:00+00:00,1.9285614490509033,1.9285703897476196,1.896828293800354,1.897104024887085,50715392
2025-12-21 14:00:00+00:00,1.8974086046218872,1.9107699394226074,1.8974086046218872,1.9048221111297607,46925056
2025-12-21 15:00:00+00:00,1.9049301147460938,1.9064360857009888,1.8997745513916016,1.9039418697357178,0
2025-12-21 16:00:00+00:00,1.903968334197998,1.9063957929611206,1.9005310535430908,1.9055205583572388,0
2025-12-21 17:00:00+00:00,1.9056106805801392,1.916852593421936,1.9056106805801392,1.9083802700042725,14890496
2025-12-21 18:00:00+00:00,1.9082388877868652,1.912223219871521,1.903300166130066,1.912223219871521,0
2025-12-21 19:00:00+00:00,1.912811279296875,1.9172114133834839,1.9107576608657837,1.9172114133834839,2500352
2025-12-21 20:00:00+00:00,1.9172693490982056,1.9175063371658325,1.9123749732971191,1.913364052772522,0
2025-12-21 21:00:00+00:00,1.9133150577545166,1.917022943496704,1.9093596935272217,1.909769058227539,0
2025-12-21 22:00:00+00:00,1.9080008268356323,1.9171780347824097,1.9066178798675537,1.9166479110717773,0
2025-12-21 23:00:00+00:00,1.9166758060455322,1.9243972301483154,1.9166758060455322,1.9220247268676758,34691072
2025-12-22 00:00:00+00:00,1.9219814538955688,1.9400136470794678,1.9219814538955688,1.9286973476409912,80789248
2025-12-22 01:00:00+00:00,1.9283990859985352,1.9345747232437134,1.9214333295822144,1.9214333295822144,115200
2025-12-22 02:00:00+00:00,1.9212628602981567,1.9212628602981567,1.9103221893310547,1.9188690185546875,0
2025-12-22 03:00:00+00:00,1.918776273727417,1.924019455909729,1.9147824048995972,1.9204431772232056,0
2025-12-22 04:00:00+00:00,1.9202144145965576,1.923619031906128,1.9190101623535156,1.9224683046340942,6589696
2025-12-22 05:00:00+00:00,1.9227988719940186,1.9263256788253784,1.9189039468765259,1.9207489490509033,0
2025-12-22 06:00:00+00:00,1.9206897020339966,1.9206897020339966,1.914281964302063,1.9190051555633545,0
2025-12-22 07:00:00+00:00,1.9186912775039673,1.927230715751648,1.9178798198699951,1.9261704683303833,0
2025-12-22 08:00:00+00:00,1.9263416528701782,1.9295122623443604,1.9199309349060059,1.9199309349060059,0
2025-12-22 09:00:00+00:00,1.9195977449417114,1.9214683771133423,1.9161843061447144,1.9214683771133423,0
2025-12-22 10:00:00+00:00,1.9215891361236572,1.927200198173523,1.917930006980896,1.925203561782837,0
2025-12-22 11:00:00+00:00,1.9252983331680298,1.9347409009933472,1.9246883392333984,1.9340895414352417,9634304
2025-12-22 12:00:00+00:00,1.9340606927871704,1.9418624639511108,1.9329980611801147,1.9333258867263794,50519808
2025-12-22 13:00:00+00:00,1.9350236654281616,1.936288833618164,1.9285798072814941,1.93240225315094,0
2025-12-22 14:00:00+00:00,1.9327396154403687,1.938210368156433,1.927936315536499,1.9378557205200195,14990976
2025-12-22 15:00:00+00:00,1.9381533861160278,1.9436882734298706,1.9252278804779053,1.9335155487060547,80068864
2025-12-22 16:00:00+00:00,1.9334691762924194,1.940226674079895,1.9334691762924194,1.9362783432006836,43634688
2025-12-22 17:00:00+00:00,1.9380650520324707,1.9380650520324707,1.923572063446045,1.9285261631011963,21699328
2025-12-22 18:00:00+00:00,1.9288585186004639,1.9359054565429688,1.9288585186004639,1.930249571800232,12946688
2025-12-22 19:00:00+00:00,1.9294122457504272,1.9294122457504272,1.9026128053665161,1.9027189016342163,96803328
2025-12-22 20:00:00+00:00,1.9028160572052002,1.9042415618896484,1.8928056955337524,1.8984602689743042,141890048
2025-12-22 21:00:00+00:00,1.8977030515670776,1.9017740488052368,1.8953585624694824,1.896924614906311,48341248
2025-12-22 22:00:00+00:00,1.896863579750061,1.9066040515899658,1.8936048746109009,1.9066040515899658,51313408
2025-12-22 23:00:00+00:00,1.9069867134094238,1.9069867134094238,1.9008499383926392,1.902764081954956,102912
2025-12-23 00:00:00+00:00,1.9026238918304443,1.9070125818252563,1.9000394344329834,1.903782606124878,0
2025-12-23 01:00:00+00:00,1.9036669731140137,1.905143141746521,1.897922396659851,1.897964596748352,0
2025-12-23 02:00:00+00:00,1.8978819847106934,1.9039074182510376,1.8921520709991455,1.8930808305740356,0
2025-12-23 03:00:00+00:00,1.8931081295013428,1.8936223983764648,1.887713074684143,1.8930498361587524,28125184
2025-12-23 04:00:00+00:00,1.8919034004211426,1.894331693649292,1.887914776802063,1.8879666328430176,0
2025-12-23 05:00:00+00:00,1.8878966569900513,1.8886579275131226,1.8808573484420776,1.8819326162338257,29145856
2025-12-23 06:00:00+00:00,1.8810135126113892,1.8840171098709106,1.8746079206466675,1.882236361503601,66449920
2025-12-23 07:00:00+00:00,1.8820629119873047,1.88495671749115,1.8803082704544067,1.8818490505218506,9183232
2025-12-23 08:00:00+00:00,1.8818057775497437,1.8818057775497437,1.8764605522155762,1.8764605522155762,0
2025-12-23 09:00:00+00:00,1.8764607906341553,1.8858497142791748,1.8764607906341553,1.8857536315917969,0
2025-12-23 10:00:00+00:00,1.8856418132781982,1.898261308670044,1.885103702545166,1.8966264724731445,0
2025-12-23 11:00:00+00:00,1.8977866172790527,1.904093623161316,1.8977866172790527,1.9040768146514893,0
2025-12-23 12:00:00+00:00,1.9040477275848389,1.9040477275848389,1.8976457118988037,1.9005005359649658,0
2025-12-23 13:00:00+00:00,1.90043044090271,1.90043044090271,1.8798773288726807,1.879936695098877,4270080
2025-12-23 14:00:00+00:00,1.8796194791793823,1.8834484815597534,1.866700291633606,1.86716890335083,22793472
2025-12-23 15:00:00+00:00,1.868890643119812,1.8887289762496948,1.868890643119812,1.881150245666504,3897600
2025-12-23 16:00:00+00:00,1.8811514377593994,1.8904348611831665,1.880574107170105,1.8904348611831665,13681920
2025-12-23 17:00:00+00:00,1.890425682067871,1.890425682067871,1.874271273612976,1.874271273612976,0
2025-12-23 18:00:00+00:00,1.8739005327224731,1.8826117515563965,1.8694583177566528,1.8816795349121094,61628928
2025-12-23 19:00:00+00:00,1.8814866542816162,1.884385108947754,1.8788981437683105,1.8815418481826782,0
2025-12-23 20:00:00+00:00,1.8817647695541382,1.8910282850265503,1.8799173831939697,1.884381651878357,0
2025-12-23 21:00:00+00:00,1.8833931684494019,1.8833931684494019,1.8777989149093628,1.8810895681381226,0
2025-12-23 22:00:00+00:00,1.8810516595840454,1.8820871114730835,1.876309871673584,1.8786207437515259,0
2025-12-23 23:00:00+00:00,1.8786965608596802,1.8786965608596802,1.8727946281433105,1.8727946281433105,126720
2025-12-24 00:00:00+00:00,1.8727281093597412,1.873788595199585,1.8696671724319458,1.8724788427352905,0
2025-12-24 01:00:00+00:00,1.8725898265838623,1.8758349418640137,1.8705604076385498,1.8705604076385498,0
2025-12-24 02:00:00+00:00,1.8706495761871338,1.8706495761871338,1.852798581123352,1.8548310995101929,0
2025-12-24 03:00:00+00:00,1.8546195030212402,1.8613415956497192,1.8470486402511597,1.860878348350525,0
2025-12-24 04:00:00+00:00,1.860866665840149,1.8656758069992065,1.8543397188186646,1.8544353246688843,0
2025-12-24 05:00:00+00:00,1.8543875217437744,1.855080485343933,1.8442174196243286,1.8463512659072876,0
2025-12-24 06:00:00+00:00,1.8462666273117065,1.8499164581298828,1.8375813961029053,1.8493049144744873,0
2025-12-24 07:00:00+00:00,1.8506909608840942,1.8570142984390259,1.8504552841186523,1.856109857559204,8018944
2025-12-24 08:00:00+00:00,1.8558286428451538,1.8589818477630615,1.852423906326294,1.852423906326294,14501248
2025-12-24 09:00:00+00:00,1.8523447513580322,1.8567925691604614,1.8523447513580322,1.854029893875122,0
2025-12-24 10:00:00+00:00,1.8539663553237915,1.8679410219192505,1.8535354137420654,1.8671213388442993,19109760
2025-12-24 11:00:00+00:00,1.8665275573730469,1.873629093170166,1.8665275573730469,1.868849754333496,0
2025-12-24 12:00:00+00:00,1.8687514066696167,1.8709020614624023,1.863913655281067,1.8708739280700684,0
2025-12-24 13:00:00+00:00,1.8706578016281128,1.871065616607666,1.864963173866272,1.8689923286437988,0
2025-12-24 14:00:00+00:00,1.869067907333374,1.8755866289138794,1.8575950860977173,1.858373761177063,0
2025-12-24 15:00:00+00:00,1.8587074279785156,1.8662922382354736,1.8553316593170166,1.862033486366272,0
2025-12-24 16:00:00+00:00,1.8621439933776855,1.865817904472351,1.8584039211273193,1.8604364395141602,0
2025-12-24 17:00:00+00:00,1.8607083559036255,1.866136074066162,1.8557530641555786,1.8557530641555786,0
2025-12-24 18:00:00+00:00,1.853039264678955,1.8570504188537598,1.8506178855895996,1.8549636602401733,0
2025-12-24 19:00:00+00:00,1.8550950288772583,1.8609437942504883,1.8537464141845703,1.8609437942504883,3785728
2025-12-24 20:00:00+00:00,1.8610762357711792,1.867014765739441,1.8610737323760986,1.8623020648956299,0
2025-12-24 21:00:00+00:00,1.8629931211471558,1.8642098903656006,1.8618069887161255,1.8623385429382324,0
2025-12-24 22:00:00+00:00,1.8624082803726196,1.8672142028808594,1.860313892364502,1.8672142028808594,7970176
2025-12-24 23:00:00+00:00,1.8674029111862183,1.8679146766662598,1.8611456155776978,1.8611665964126587,0
2025-12-25 00:00:00+00:00,1.8611924648284912,1.8633663654327393,1.857701301574707,1.8577184677124023,0
2025-12-25 01:00:00+00:00,1.8576561212539673,1.8644698858261108,1.8565495014190674,1.8644698858261108,0
2025-12-25 02:00:00+00:00,1.8644448518753052,1.8705586194992065,1.8631198406219482,1.8703358173370361,0
2025-12-25 03:00:00+00:00,1.8699774742126465,1.8724974393844604,1.8675217628479004,1.8693698644638062,0
2025-12-25 04:00:00+00:00,1.8693933486938477,1.8727312088012695,1.8687105178833008,1.8726387023925781,0
2025-12-25 05:00:00+00:00,1.872558832168579,1.872558832168579,1.8683420419692993,1.8686832189559937,0
2025-12-25 06:00:00+00:00,1.868713140487671,1.874556064605713,1.8660361766815186,1.874556064605713,0
2025-12-25 07:00:00+00:00,1.874303936958313,1.8744432926177979,1.872185230255127,1.8734732866287231,0
2025-12-25 08:00:00+00:00,1.873463749885559,1.8773983716964722,1.8677970170974731,1.8728859424591064,5151872
2025-12-25 09:00:00+00:00,1.8728842735290527,1.8728842735290527,1.8660037517547607,1.8711669445037842,8232832
2025-12-25 10:00:00+00:00,1.8711203336715698,1.8711203336715698,1.8544429540634155,1.8560361862182617,2306688
2025-12-25 11:00:00+00:00,1.8561840057373047,1.8615211248397827,1.8561840057373047,1.8586336374282837,0
2025-12-25 12:00:00+00:00,1.8585457801818848,1.8632599115371704,1.855745792388916,1.8632599115371704,0
2025-12-25 13:00:00+00:00,1.8632868528366089,1.8680278062820435,1.8632868528366089,1.8671457767486572,5137152
2025-12-25 14:00:00+00:00,1.8671578168869019,1.8680003881454468,1.8653066158294678,1.8677051067352295,0
2025-12-25 15:00:00+00:00,1.8678398132324219,1.885102391242981,1.8667333126068115,1.8828251361846924,21929088
2025-12-25 16:00:00+00:00,1.882752776145935,1.882752776145935,1.8711239099502563,1.8711601495742798,0
2025-12-25 17:00:00+00:00,1.8710553646087646,1.8710553646087646,1.8652087450027466,1.8699268102645874,0
2025-12-25 18:00:00+00:00,1.8699496984481812,1.8727984428405762,1.8699496984481812,1.8725258111953735,0
2025-12-25 19:00:00+00:00,1.8725274801254272,1.8725955486297607,1.8702914714813232,1.8716843128204346,0
2025-12-25 20:00:00+00:00,1.871659278869629,1.8718887567520142,1.86457097530365,1.8673014640808105,0
2025-12-25 21:00:00+00:00,1.8673759698867798,1.867668867111206,1.8647688627243042,1.8648055791854858,0
2025-12-25 22:00:00+00:00,1.8648210763931274,1.8648210763931274,1.8438869714736938,1.8449833393096924,60715904
2025-12-25 23:00:00+00:00,1.8440947532653809,1.8481539487838745,1.830260157585144,1.831839680671692,116748544
2025-12-26 00:00:00+00:00,1.8317747116088867,1.8347313404083252,1.825568675994873,1.8295267820358276,70970752
2025-12-26 01:00:00+00:00,1.82975172996521,1.837753176689148,1.82975172996521,1.8365079164505005,32523520
2025-12-26 02:00:00+00:00,1.8364894390106201,1.8761423826217651,1.834608554840088,1.8701598644256592,182064896
2025-12-26 03:00:00+00:00,1.869797706604004,1.8702694177627563,1.859198808670044,1.8633912801742554,45198464
2025-12-26 04:00:00+00:00,1.8630707263946533,1.8663197755813599,1.854979157447815,1.8648723363876343,42142208
2025-12-26 05:00:00+00:00,1.8648754358291626,1.869726538658142,1.8634226322174072,1.8690290451049805,25182464
2025-12-26 06:00:00+00:00,1.8687000274658203,1.8758654594421387,1.868570327758789,1.8740018606185913,45828096
2025-12-26 07:00:00+00:00,1.873988151550293,1.8801937103271484,1.8633776903152466,1.8633776903152466,74717952
2025-12-26 08:00:00+00:00,1.8633924722671509,1.868025302886963,1.8622019290924072,1.8647695779800415,0
2025-12-26 09:00:00+00:00,1.8651667833328247,1.8757439851760864,1.8651667833328247,1.875741958618164,9244672
2025-12-26 10:00:00+00:00,1.875649094581604,1.8786543607711792,1.8724769353866577,1.878173589706421,5405056
2025-12-26 11:00:00+00:00,1.8781757354736328,1.8781757354736328,1.870891809463501,1.8711628913879395,0
2025-12-26 12:00:00+00:00,1.8711390495300293,1.87196946144104,1.8702354431152344,1.8713557720184326,6570624
2025-12-26 13:00:00+00:00,1.871341586112976,1.877504825592041,1.869795322418213,1.8774491548538208,16940416
2025-12-26 14:00:00+00:00,1.8769608736038208,1.8769608736038208,1.845617413520813,1.845784068107605,109127552
2025-12-26 15:00:00+00:00,1.8455086946487427,1.8455086946487427,1.830143690109253,1.832521677017212,171484800
2025-12-26 16:00:00+00:00,1.8334646224975586,1.844167709350586,1.8334646224975586,1.83720862865448,44564736
2025-12-26 17:00:00+00:00,1.836844563484192,1.8465856313705444,1.8366435766220093,1.8428586721420288,31644160
2025-12-26 18:00:00+00:00,1.8428682088851929,1.8454328775405884,1.8413023948669434,1.844388484954834,5380096
2025-12-26 19:00:00+00:00,1.8443790674209595,1.8457521200180054,1.843216061592102,1.8442878723144531,17780224
2025-12-26 20:00:00+00:00,1.8447297811508179,1.8570165634155273,1.8444814682006836,1.8553674221038818,17994752
2025-12-26 21:00:00+00:00,1.8549085855484009,1.8549165725708008,1.8473600149154663,1.8473600149154663,9724672
2025-12-26 22:00:00+00:00,1.846544861793518,1.8478827476501465,1.8434641361236572,1.8447864055633545,0
2025-12-26 23:00:00+00:00,1.845949649810791,1.8470274209976196,1.8421810865402222,1.8429622650146484,0
2025-12-27 00:00:00+00:00,1.8426309823989868,1.8440697193145752,1.8414403200149536,1.8438479900360107,0
2025-12-27 01:00:00+00:00,1.8441053628921509,1.8441365957260132,1.8428617715835571,1.8441365957260132,0
2025-12-27 02:00:00+00:00,1.8450132608413696,1.8493882417678833,1.8445014953613281,1.848294973373413,0
2025-12-27 03:00:00+00:00,1.8482348918914795,1.8515496253967285,1.8464751243591309,1.8502634763717651,0
2025-12-27 04:00:00+00:00,1.8506578207015991,1.8506578207015991,1.8465925455093384,1.8465925455093384,0
2025-12-27 05:00:00+00:00,1.8467137813568115,1.847970962524414,1.8457716703414917,1.847970962524414,0
2025-12-27 06:00:00+00:00,1.848220944404602,1.848220944404602,1.8467345237731934,1.846755027770996,0
2025-12-27 07:00:00+00:00,1.84676194190979,1.8505287170410156,1.84676194190979,1.847170114517212,0
2025-12-27 08:00:00+00:00,1.846880316734314,1.8497068881988525,1.846880316734314,1.8489270210266113,0
2025-12-27 09:00:00+00:00,1.8489195108413696,1.8534371852874756,1.8489195108413696,1.8503479957580566,0
2025-12-27 10:00:00+00:00,1.8502687215805054,1.8506113290786743,1.8461896181106567,1.8467105627059937,0
2025-12-27 11:00:00+00:00,1.8470916748046875,1.8506888151168823,1.8470845222473145,1.8505394458770752,0
2025-12-27 12:00:00+00:00,1.8509830236434937,1.8516606092453003,1.85008704662323,1.850391149520874,0
2025-12-27 13:00:00+00:00,1.8504420518875122,1.8504420518875122,1.8456323146820068,1.8459711074829102,0
2025-12-27 14:00:00+00:00,1.8458964824676514,1.8481814861297607,1.8432167768478394,1.8481814861297607,0
2025-12-27 15:00:00+00:00,1.8480075597763062,1.84986412525177,1.8470607995986938,1.8490839004516602,0
2025-12-27 16:00:00+00:00,1.8490662574768066,1.8490662574768066,1.843821406364441,1.843821406364441,0
2025-12-27 17:00:00+00:00,1.843793511390686,1.8479710817337036,1.843793511390686,1.8479710817337036,0
2025-12-27 18:00:00+00:00,1.8478319644927979,1.8509126901626587,1.8478319644927979,1.849176287651062,6964672
2025-12-27 19:00:00+00:00,1.8491640090942383,1.8547779321670532,1.8481671810150146,1.8540918827056885,0
2025-12-27 20:00:00+00:00,1.854223608970642,1.8570184707641602,1.8535088300704956,1.8542766571044922,0
2025-12-27 21:00:00+00:00,1.8545030355453491,1.8596844673156738,1.8545030355453491,1.8596844673156738,0
2025-12-27 22:00:00+00:00,1.8607755899429321,1.8694887161254883,1.8607755899429321,1.8636280298233032,37781760
2025-12-27 23:00:00+00:00,1.8633019924163818,1.8737589120864868,1.861857295036316,1.8728525638580322,20523840
2025-12-28 00:00:00+00:00,1.8726767301559448,1.8732051849365234,1.8689918518066406,1.8705698251724243,10865088
2025-12-28 01:00:00+00:00,1.8705695867538452,1.8728574514389038,1.8682726621627808,1.8690670728683472,4252608
2025-12-28 02:00:00+00:00,1.8691415786743164,1.8750560283660889,1.868954062461853,1.872393012046814,0
2025-12-28 03:00:00+00:00,1.8723552227020264,1.8731400966644287,1.8708738088607788,1.8731400966644287,0
2025-12-28 04:00:00+00:00,1.8731340169906616,1.875169038772583,1.872911810874939,1.8737103939056396,9972864
2025-12-28 05:00:00+00:00,1.873660922050476,1.8746583461761475,1.8725327253341675,1.8725697994232178,12469184
2025-12-28 06:00:00+00:00,1.8725641965866089,1.8767198324203491,1.872035264968872,1.8756479024887085,15801472
2025-12-28 07:00:00+00:00,1.8755323886871338,1.8767929077148438,1.8724963665008545,1.872518539428711,1423360
2025-12-28 08:00:00+00:00,1.872512936592102,1.8737130165100098,1.869170069694519,1.869170069694519,10935488
2025-12-28 09:00:00+00:00,1.8688973188400269,1.8688973188400269,1.86300790309906,1.8632185459136963,2154368
2025-12-28 10:00:00+00:00,1.8633270263671875,1.8690820932388306,1.8633270263671875,1.8690820932388306,2620352
2025-12-28 11:00:00+00:00,1.8691285848617554,1.8721317052841187,1.868632435798645,1.8702073097229004,0
2025-12-28 12:00:00+00:00,1.8702315092086792,1.8703341484069824,1.8651981353759766,1.8651981353759766,502464
2025-12-28 13:00:00+00:00,1.8651785850524902,1.8678146600723267,1.864791750907898,1.865656852722168,0
2025-12-28 14:00:00+00:00,1.8656580448150635,1.8734593391418457,1.8656580448150635,1.871056318283081,15513216
2025-12-28 15:00:00+00:00,1.871085524559021,1.8726626634597778,1.869316816329956,1.869316816329956,8420096
2025-12-28 16:00:00+00:00,1.86923348903656,1.8700679540634155,1.865098237991333,1.8651280403137207,7503616
2025-12-28 17:00:00+00:00,1.8651262521743774,1.8694636821746826,1.8651262521743774,1.8676899671554565,0
2025-12-28 18:00:00+00:00,1.867703914642334,1.867703914642334,1.8555500507354736,1.8559558391571045,33401408
2025-12-28 19:00:00+00:00,1.8555020093917847,1.8560831546783447,1.8538873195648193,1.8556631803512573,17111168
2025-12-28 20:00:00+00:00,1.8558218479156494,1.8602491617202759,1.8541460037231445,1.8583182096481323,0
2025-12-28 21:00:00+00:00,1.8583332300186157,1.8600572347640991,1.8558621406555176,1.8599591255187988,5639808
2025-12-28 22:00:00+00:00,1.8600084781646729,1.8675965070724487,1.8599833250045776,1.8675775527954102,0
2025-12-28 23:00:00+00:00,1.867501974105835,1.8675955533981323,1.8600740432739258,1.8643572330474854,0
2025-12-29 00:00:00+00:00,1.8642436265945435,1.8739643096923828,1.862599492073059,1.8722903728485107,25383744
2025-12-29 01:00:00+00:00,1.8722796440124512,1.882737398147583,1.8669772148132324,1.8812142610549927,70434304
2025-12-29 02:00:00+00:00,1.8812978267669678,1.8931300640106201,1.8812978267669678,1.8905271291732788,108891648
2025-12-29 03:00:00+00:00,1.8904457092285156,1.9138917922973633,1.8903967142105103,1.9136073589324951,118481408
2025-12-29 04:00:00+00:00,1.9132293462753296,1.9140535593032837,1.9096579551696777,1.9123988151550293,68348544
2025-12-29 05:00:00+00:00,1.9123573303222656,1.9123573303222656,1.902981162071228,1.902981162071228,73651712
2025-12-29 06:00:00+00:00,1.9014639854431152,1.9055711030960083,1.8984085321426392,1.9005402326583862,39361024
2025-12-29 07:00:00+00:00,1.9005024433135986,1.901323676109314,1.8911120891571045,1.8989001512527466,69006208
2025-12-29 08:00:00+00:00,1.898781657218933,1.9018703699111938,1.8963679075241089,1.8963921070098877,28100864
2025-12-29 09:00:00+00:00,1.896391749382019,1.896391749382019,1.8681572675704956,1.8711222410202026,122252928
2025-12-29 10:00:00+00:00,1.8714154958724976,1.878382921218872,1.8714154958724976,1.87502920627594,41671296
2025-12-29 11:00:00+00:00,1.8742694854736328,1.8744126558303833,1.8706640005111694,1.8706640005111694,27447424
2025-12-29 12:00:00+00:00,1.870526909828186,1.870526909828186,1.8556076288223267,1.8652312755584717,125159168
2025-12-29 13:00:00+00:00,1.86479651927948,1.8663113117218018,1.858070969581604,1.8595881462097168,33316480
2025-12-29 14:00:00+00:00,1.860439658164978,1.874364972114563,1.8602367639541626,1.867868423461914,74437888
2025-12-29 15:00:00+00:00,1.8657549619674683,1.8706201314926147,1.863187551498413,1.8648886680603027,65178752
2025-12-29 16:00:00+00:00,1.8645703792572021,1.865097999572754,1.8593252897262573,1.861189603805542,30233088
2025-12-29 17:00:00+00:00,1.86107337474823,1.863843321800232,1.8591936826705933,1.863325834274292,29905408
2025-12-29 18:00:00+00:00,1.8633707761764526,1.864600419998169,1.8548544645309448,1.8548544645309448,0
2025-12-29 19:00:00+00:00,1.8548423051834106,1.856605052947998,1.851204752922058,1.8512741327285767,33131520
2025-12-29 20:00:00+00:00,1.8513572216033936,1.85379159450531,1.8463276624679565,1.8473948240280151,48710144
2025-12-29 21:00:00+00:00,1.847530722618103,1.8515651226043701,1.8471367359161377,1.8510024547576904,18442496
2025-12-29 22:00:00+00:00,1.8511134386062622,1.8528045415878296,1.8455209732055664,1.8523739576339722,25501440
2025-12-29 23:00:00+00:00,1.8521937131881714,1.8521937131881714,1.8467094898223877,1.8477401733398438,6968064
2025-12-30 00:00:00+00:00,1.8482255935668945,1.851639986038208,1.847106695175171,1.8488320112228394,0
2025-12-30 01:00:00+00:00,1.8488399982452393,1.8492087125778198,1.8455349206924438,1.8455349206924438,0
2025-12-30 02:00:00+00:00,1.8456178903579712,1.8488551378250122,1.8441519737243652,1.8488551378250122,0
2025-12-30 03:00:00+00:00,1.8489588499069214,1.8601341247558594,1.8486909866333008,1.8598546981811523,0
2025-12-30 04:00:00+00:00,1.8595579862594604,1.860453724861145,1.8569811582565308,1.8592196702957153,0
2025-12-30 05:00:00+00:00,1.8592143058776855,1.860025405883789,1.8541631698608398,1.8564422130584717,0
2025-12-30 06:00:00+00:00,1.8564143180847168,1.8646358251571655,1.8563482761383057,1.8613715171813965,0
2025-12-30 07:00:00+00:00,1.861302137374878,1.8614526987075806,1.8560813665390015,1.8579785823822021,0
2025-12-30 08:00:00+00:00,1.8580310344696045,1.8672367334365845,1.8580310344696045,1.86376953125,32705920
2025-12-30 09:00:00+00:00,1.8638309240341187,1.8678011894226074,1.8635237216949463,1.867197871208191,0
2025-12-30 10:00:00+00:00,1.8671358823776245,1.8671358823776245,1.8601053953170776,1.8601053953170776,0
2025-12-30 11:00:00+00:00,1.860116720199585,1.8610163927078247,1.8591607809066772,1.8592634201049805,0
2025-12-30 12:00:00+00:00,1.8601148128509521,1.8648803234100342,1.8601148128509521,1.8618146181106567,0
2025-12-30 13:00:00+00:00,1.8619194030761719,1.862078070640564,1.8593182563781738,1.8618003129959106,0
2025-12-30 14:00:00+00:00,1.861804485321045,1.8713023662567139,1.8574132919311523,1.8710718154907227,21401856
2025-12-30 15:00:00+00:00,1.8710062503814697,1.876400351524353,1.8648499250411987,1.8761887550354004,10301568
2025-12-30 16:00:00+00:00,1.8761286735534668,1.8786537647247314,1.8694885969161987,1.8747422695159912,29179904
2025-12-30 17:00:00+00:00,1.8747066259384155,1.8826154470443726,1.8736670017242432,1.8736670017242432,61974016
2025-12-30 18:00:00+00:00,1.8735238313674927,1.8809783458709717,1.872997522354126,1.8765299320220947,13040256
2025-12-30 19:00:00+00:00,1.8767176866531372,1.8778793811798096,1.872593641281128,1.874082326889038,0
2025-12-30 20:00:00+00:00,1.8740684986114502,1.874285340309143,1.8661434650421143,1.8661434650421143,0
2025-12-30 21:00:00+00:00,1.8666458129882812,1.8706488609313965,1.8666458129882812,1.8706488609313965,0
2025-12-30 22:00:00+00:00,1.8706861734390259,1.8755584955215454,1.8704243898391724,1.8704856634140015,0
2025-12-30 23:00:00+00:00,1.8705779314041138,1.875494122505188,1.8702853918075562,1.875494122505188,68992
2025-12-31 00:00:00+00:00,1.8747297525405884,1.8747893571853638,1.8708231449127197,1.872604250907898,0
2025-12-31 01:00:00+00:00,1.8720052242279053,1.8805835247039795,1.8707807064056396,1.8776572942733765,31381248
2025-12-31 02:00:00+00:00,1.8773249387741089,1.8773314952850342,1.875077724456787,1.8760898113250732,0
2025-12-31 03:00:00+00:00,1.8763445615768433,1.8764530420303345,1.8681364059448242,1.8689504861831665,0
2025-12-31 04:00:00+00:00,1.8689247369766235,1.8692352771759033,1.866186499595642,1.866464376449585,0
2025-12-31 05:00:00+00:00,1.8663872480392456,1.8700389862060547,1.8663872480392456,1.8696091175079346,0
2025-12-31 06:00:00+00:00,1.8696107864379883,1.8730387687683105,1.8691990375518799,1.871618628501892,0
2025-12-31 07:00:00+00:00,1.8715490102767944,1.8715490102767944,1.8673365116119385,1.8693386316299438,0
2025-12-31 08:00:00+00:00,1.86934494972229,1.871869444847107,1.864050030708313,1.8647633790969849,0
2025-12-31 09:00:00+00:00,1.8647388219833374,1.8683494329452515,1.8647388219833374,1.8682584762573242,0
2025-12-31 10:00:00+00:00,1.8681800365447998,1.8702812194824219,1.867984652519226,1.8686312437057495,0
2025-12-31 11:00:00+00:00,1.8695387840270996,1.8775333166122437,1.8694854974746704,1.8763247728347778,43441792
2025-12-31 12:00:00+00:00,1.8764477968215942,1.8764477968215942,1.8720240592956543,1.873191475868225,981248
2025-12-31 13:00:00+00:00,1.873494029045105,1.8756959438323975,1.8711544275283813,1.8733160495758057,4079616
2025-12-31 14:00:00+00:00,1.8734629154205322,1.8780055046081543,1.8635401725769043,1.8635401725769043,0
2025-12-31 15:00:00+00:00,1.8635581731796265,1.8643561601638794,1.8527032136917114,1.8572368621826172,18494080
2025-12-31 16:00:00+00:00,1.856813669204712,1.8568475246429443,1.8429452180862427,1.8430261611938477,50876160
2025-12-31 17:00:00+00:00,1.8428202867507935,1.8428202867507935,1.8340814113616943,1.8340814113616943,6279552
2025-12-31 18:00:00+00:00,1.8340117931365967,1.8374254703521729,1.8319791555404663,1.832885503768921,0
2025-12-31 19:00:00+00:00,1.8327809572219849,1.835120439529419,1.8257131576538086,1.8269984722137451,35668736
2025-12-31 20:00:00+00:00,1.8268308639526367,1.8297348022460938,1.8116357326507568,1.8296093940734863,87512448
2025-12-31 21:00:00+00:00,1.8292497396469116,1.8394684791564941,1.8266063928604126,1.8378742933273315,105329792
2025-12-31 22:00:00+00:00,1.837890386581421,1.841922402381897,1.8360706567764282,1.8365956544876099,33033216
2025-12-31 23:00:00+00:00,1.8369827270507812,1.8407841920852661,1.8369827270507812,1.8399792909622192,20830336
2026-01-01 00:00:00+00:00,1.8399866819381714,1.843624472618103,1.838620662689209,1.8431367874145508,17079424
2026-01-01 01:00:00+00:00,1.8430193662643433,1.8435190916061401,1.8389850854873657,1.8392618894577026,0
2026-01-01 02:00:00+00:00,1.8392900228500366,1.8393441438674927,1.8373236656188965,1.8375438451766968,0
2026-01-01 03:00:00+00:00,1.8373392820358276,1.8382627964019775,1.832692265510559,1.832692265510559,0
2026-01-01 04:00:00+00:00,1.8319621086120605,1.8319621086120605,1.825240969657898,1.8271417617797852,34292608
2026-01-01 05:00:00+00:00,1.8272725343704224,1.8495410680770874,1.8272725343704224,1.843200922012329,53746560
2026-01-01 06:00:00+00:00,1.8428322076797485,1.8438314199447632,1.842420220375061,1.8435635566711426,1135872
2026-01-01 07:00:00+00:00,1.8434613943099976,1.8436975479125977,1.8389785289764404,1.8390804529190063,0
2026-01-01 08:00:00+00:00,1.8390700817108154,1.8448811769485474,1.8390700817108154,1.8448811769485474,0
2026-01-01 09:00:00+00:00,1.8453251123428345,1.850426435470581,1.8453251123428345,1.848876953125,9493504
2026-01-01 10:00:00+00:00,1.8492907285690308,1.8510019779205322,1.8492166996002197,1.8506276607513428,0
2026-01-01 11:00:00+00:00,1.850688099861145,1.8519539833068848,1.8481682538986206,1.8519539833068848,0
2026-01-01 12:00:00+00:00,1.8519866466522217,1.852799415588379,1.8496356010437012,1.8503090143203735,0
2026-01-01 13:00:00+00:00,1.8502248525619507,1.8552769422531128,1.850011944770813,1.8552144765853882,0
2026-01-01 14:00:00+00:00,1.8552193641662598,1.8565031290054321,1.8513423204421997,1.8552236557006836,0
2026-01-01 15:00:00+00:00,1.8543846607208252,1.858868956565857,1.8503408432006836,1.858868956565857,0
2026-01-01 16:00:00+00:00,1.8590259552001953,1.860312581062317,1.8555068969726562,1.86020827293396,0
2026-01-01 17:00:00+00:00,1.8604586124420166,1.8709229230880737,1.8604586124420166,1.8676130771636963,0
2026-01-01 18:00:00+00:00,1.8671505451202393,1.8674789667129517,1.863463044166565,1.865006923675537,0
2026-01-01 19:00:00+00:00,1.8651591539382935,1.8704806566238403,1.8651591539382935,1.870402216911316,0
2026-01-01 20:00:00+00:00,1.870402216911316,1.8726346492767334,1.8677194118499756,1.868138074874878,0
2026-01-01 21:00:00+00:00,1.8681952953338623,1.8692641258239746,1.8663859367370605,1.8680919408798218,0
2026-01-01 22:00:00+00:00,1.8681188821792603,1.872723937034607,1.8677417039871216,1.872723937034607,0
2026-01-01 23:00:00+00:00,1.8727420568466187,1.8779350519180298,1.8715821504592896,1.8779350519180298,11385728
2026-01-02 00:00:00+00:00,1.8777636289596558,1.8779850006103516,1.8736622333526611,1.8760329484939575,0
2026-01-02 01:00:00+00:00,1.8761281967163086,1.877091407775879,1.8703832626342773,1.8704065084457397,0
2026-01-02 02:00:00+00:00,1.8704007863998413,1.8742282390594482,1.867539405822754,1.8742282390594482,0
2026-01-02 03:00:00+00:00,1.87434983253479,1.8888717889785767,1.8738893270492554,1.8868848085403442,73944960
2026-01-02 04:00:00+00:00,1.8869539499282837,1.887190818786621,1.8752001523971558,1.8756049871444702,0
2026-01-02 05:00:00+00:00,1.8754582405090332,1.8754582405090332,1.8707530498504639,1.87369966506958,0
2026-01-02 06:00:00+00:00,1.8737154006958008,1.8784033060073853,1.8729530572891235,1.8767422437667847,39582976
2026-01-02 07:00:00+00:00,1.8767116069793701,1.8767116069793701,1.869234561920166,1.8698657751083374,13695488
2026-01-02 08:00:00+00:00,1.8697993755340576,1.8758866786956787,1.8696078062057495,1.8758866786956787,17786624
2026-01-02 09:00:00+00:00,1.8759541511535645,1.894665241241455,1.8759541511535645,1.894219160079956,105312256
2026-01-02 10:00:00+00:00,1.894195318222046,1.9017633199691772,1.894195318222046,1.8958964347839355,104592768
2026-01-02 11:00:00+00:00,1.895882248878479,1.895882248878479,1.886958360671997,1.888829231262207,52821504
2026-01-02 12:00:00+00:00,1.8888475894927979,1.898716688156128,1.8881038427352905,1.8970791101455688,51037824
2026-01-02 13:00:00+00:00,1.8970533609390259,1.9016209840774536,1.8963979482650757,1.8969541788101196,40927616
2026-01-02 14:00:00+00:00,1.896147608757019,1.9168087244033813,1.8905220031738281,1.9168087244033813,208635776
2026-01-02 15:00:00+00:00,1.918617844581604,1.9224985837936401,1.9008809328079224,1.91621994972229,150129920
2026-01-02 16:00:00+00:00,1.9161642789840698,1.9584338665008545,1.9161642789840698,1.9584338665008545,303550208
2026-01-02 17:00:00+00:00,1.9586718082427979,1.993251919746399,1.9586718082427979,1.9929533004760742,322547712
2026-01-02 18:00:00+00:00,1.9928230047225952,1.9933021068572998,1.9716068506240845,1.9748973846435547,177994496
2026-01-02 19:00:00+00:00,1.9750075340270996,1.992569923400879,1.9743810892105103,1.9910380840301514,132928256
2026-01-02 20:00:00+00:00,1.9911246299743652,1.994128704071045,1.9812568426132202,1.9816365242004395,89982208
2026-01-02 21:00:00+00:00,1.9806565046310425,2.017536163330078,1.9806565046310425,2.0169363021850586,211716096
2026-01-02 22:00:00+00:00,2.0166015625,2.022834539413452,2.0118515491485596,2.0180444717407227,153875968
2026-01-02 23:00:00+00:00,2.01790452003479,2.01790452003479,2.0058014392852783,2.0058014392852783,43674368
2026-01-03 00:00:00+00:00,2.006054401397705,2.0370686054229736,2.006054401397705,2.0176429748535156,128826624
2026-01-03 01:00:00+00:00,2.0177009105682373,2.02978515625,2.0152409076690674,2.02978515625,55805184
2026-01-03 02:00:00+00:00,2.029344320297241,2.029344320297241,2.020008087158203,2.024717330932617,25871616
2026-01-03 03:00:00+00:00,2.0246284008026123,2.0368056297302246,2.0203802585601807,2.0368056297302246,0
2026-01-03 04:00:00+00:00,2.0383141040802,2.053532600402832,2.0382163524627686,2.0478601455688477,130527488
2026-01-03 05:00:00+00:00,2.048145055770874,2.052233934402466,2.0295121669769287,2.0308125019073486,67040000
2026-01-03 06:00:00+00:00,2.030557870864868,2.03434419631958,2.0131969451904297,2.0131969451904297,37689856
2026-01-03 07:00:00+00:00,2.0128066539764404,2.0141921043395996,1.9896310567855835,1.9939383268356323,170732032
2026-01-03 08:00:00+00:00,1.993356704711914,2.007459878921509,1.993356704711914,2.006503105163574,72328448
2026-01-03 09:00:00+00:00,2.006770610809326,2.0204782485961914,2.006770610809326,2.0161588191986084,0
2026-01-03 10:00:00+00:00,2.015716075897217,2.015716075897217,2.0057225227355957,2.005845069885254,0
2026-01-03 11:00:00+00:00,2.005764961242676,2.005764961242676,1.9982160329818726,1.9982160329818726,0
2026-01-03 12:00:00+00:00,1.998564600944519,2.003833293914795,1.995754361152649,2.001136541366577,0
2026-01-03 13:00:00+00:00,2.001063823699951,2.0070462226867676,2.001063823699951,2.0069682598114014,0
2026-01-03 14:00:00+00:00,2.006174325942993,2.0153708457946777,2.004875898361206,2.008596658706665,0
2026-01-03 15:00:00+00:00,2.0088930130004883,2.009786605834961,2.0054945945739746,2.005833148956299,0
2026-01-03 16:00:00+00:00,2.0057907104492188,2.007065534591675,2.001199960708618,2.0043561458587646,0
2026-01-03 17:00:00+00:00,2.0042712688446045,2.0042712688446045,1.9981012344360352,2.001603603363037,0
2026-01-03 18:00:00+00:00,2.0011565685272217,2.0085203647613525,1.998124361038208,2.0085203647613525,0
2026-01-03 19:00:00+00:00,2.0085458755493164,2.0085458755493164,2.004528045654297,2.0048882961273193,0
2026-01-03 20:00:00+00:00,2.004889726638794,2.0089163780212402,1.999930500984192,2.006622791290283,0
2026-01-03 21:00:00+00:00,2.006657600402832,2.0111494064331055,2.0054728984832764,2.008730411529541,0
2026-01-03 22:00:00+00:00,2.0086677074432373,2.013852834701538,2.006287097930908,2.0123021602630615,0
2026-01-03 23:00:00+00:00,2.0125744342803955,2.017695426940918,2.0125744342803955,2.017404317855835,0
2026-01-04 00:00:00+00:00,2.0174977779388428,2.044325113296509,2.0171597003936768,2.043966770172119,13377280
2026-01-04 01:00:00+00:00,2.0435707569122314,2.0435707569122314,2.029113292694092,2.0330874919891357,0
2026-01-04 02:00:00+00:00,2.0330896377563477,2.035233974456787,2.0284223556518555,2.0285542011260986,22358272
2026-01-04 03:00:00+00:00,2.0286929607391357,2.0586044788360596,2.0286929607391357,2.056866407394409,95632384
2026-01-04 04:00:00+00:00,2.0571227073669434,2.0649538040161133,2.0550053119659424,2.059527635574341,0
2026-01-04 05:00:00+00:00,2.0594706535339355,2.0714192390441895,2.058701276779175,2.0665175914764404,15515136
2026-01-04 06:00:00+00:00,2.0657601356506348,2.0702481269836426,2.061760902404785,2.06877064704895,1566208
2026-01-04 07:00:00+00:00,2.068094253540039,2.0766115188598633,2.0640153884887695,2.07240629196167,0
2026-01-04 08:00:00+00:00,2.0718421936035156,2.081014394760132,2.0615127086639404,2.0751359462738037,60194048
2026-01-04 09:00:00+00:00,2.0753040313720703,2.083770513534546,2.0688910484313965,2.083770513534546,13012736
2026-01-04 10:00:00+00:00,2.083826780319214,2.0885088443756104,2.0789215564727783,2.0885088443756104,37307392
2026-01-04 11:00:00+00:00,2.0887551307678223,2.0935633182525635,2.0836360454559326,2.0928707122802734,43375616
2026-01-04 12:00:00+00:00,2.092914342880249,2.116752862930298,2.092914342880249,2.114741563796997,189883904
2026-01-04 13:00:00+00:00,2.114854574203491,2.114854574203491,2.094036817550659,2.1010515689849854,130461696
2026-01-04 14:00:00+00:00,2.1008825302124023,2.101719856262207,2.083505630493164,2.0871689319610596,79391488
2026-01-04 15:00:00+00:00,2.0877091884613037,2.0928006172180176,2.084946870803833,2.0908122062683105,54186752
2026-01-04 16:00:00+00:00,2.090733051300049,2.0912764072418213,2.084545373916626,2.091141700744629,57455104
2026-01-04 17:00:00+00:00,2.091111183166504,2.0986886024475098,2.0902798175811768,2.093200922012329,30766848
2026-01-04 18:00:00+00:00,2.093344211578369,2.093683958053589,2.078824996948242,2.087578535079956,45028352
2026-01-04 19:00:00+00:00,2.0875046253204346,2.0875046253204346,2.074680805206299,2.0815048217773438,57732352
2026-01-04 20:00:00+00:00,2.0815258026123047,2.092776298522949,2.0815258026123047,2.0903429985046387,3297536
2026-01-04 21:00:00+00:00,2.090407133102417,2.098635673522949,2.090407133102417,2.0959348678588867,30153728
2026-01-04 22:00:00+00:00,2.0958235263824463,2.0978281497955322,2.0814363956451416,2.081636428833008,5151232
2026-01-04 23:00:00+00:00,2.0822103023529053,2.093959093093872,2.0822103023529053,2.0900304317474365,30280960
2026-01-05 00:00:00+00:00,2.0900380611419678,2.111135721206665,2.08896803855896,2.1093835830688477,7358208
2026-01-05 01:00:00+00:00,2.1099390983581543,2.1608498096466064,2.1099390983581543,2.1565303802490234,251499264
2026-01-05 02:00:00+00:00,2.156108856201172,2.1571497917175293,2.1376075744628906,2.143442392349243,102044672
2026-01-05 03:00:00+00:00,2.1432888507843018,2.1493163108825684,2.138322114944458,2.1423637866973877,0
2026-01-05 04:00:00+00:00,2.142347812652588,2.1425461769104004,2.120509624481201,2.1265673637390137,0
2026-01-05 05:00:00+00:00,2.1264498233795166,2.1328043937683105,2.123929500579834,2.1260087490081787,0
2026-01-05 06:00:00+00:00,2.126032590866089,2.126290798187256,2.113615036010742,2.122823715209961,0
2026-01-05 07:00:00+00:00,2.1226675510406494,2.132730007171631,2.1226675510406494,2.131340742111206,0
2026-01-05 08:00:00+00:00,2.1317358016967773,2.149035930633545,2.1317358016967773,2.140143632888794,0
2026-01-05 09:00:00+00:00,2.1399407386779785,2.1443727016448975,2.129828691482544,2.1388397216796875,33673216
2026-01-05 10:00:00+00:00,2.1380116939544678,2.1458935737609863,2.1347386837005615,2.1387109756469727,22277632
2026-01-05 11:00:00+00:00,2.1368136405944824,2.1368136405944824,2.1275415420532227,2.13224458694458,0
2026-01-05 12:00:00+00:00,2.132239580154419,2.1337921619415283,2.1242504119873047,2.1267101764678955,0
2026-01-05 13:00:00+00:00,2.1263949871063232,2.1293134689331055,2.113044500350952,2.1172239780426025,0
2026-01-05 14:00:00+00:00,2.1167993545532227,2.1496737003326416,2.113987684249878,2.1496737003326416,108809472
2026-01-05 15:00:00+00:00,2.1479923725128174,2.1665940284729004,2.1440200805664062,2.1665940284729004,211847680
2026-01-05 16:00:00+00:00,2.1657421588897705,2.1939868927001953,2.1657421588897705,2.192143201828003,202336000
2026-01-05 17:00:00+00:00,2.1926333904266357,2.1996612548828125,2.1762239933013916,2.1996612548828125,211955200
2026-01-05 18:00:00+00:00,2.2045750617980957,2.2636027336120605,2.2041752338409424,2.263397693634033,418255360
2026-01-05 19:00:00+00:00,2.2626984119415283,2.277139902114868,2.262561321258545,2.2755510807037354,346618880
2026-01-05 20:00:00+00:00,2.2779672145843506,2.342559576034546,2.2779672145843506,2.3043253421783447,800779776
2026-01-05 21:00:00+00:00,2.3149795532226562,2.3363490104675293,2.3149795532226562,2.334545373916626,327737856
2026-01-05 22:00:00+00:00,2.33449125289917,2.3402767181396484,2.3253417015075684,2.337317705154419,184555008
2026-01-05 23:00:00+00:00,2.3365848064422607,2.3597986698150635,2.335510015487671,2.348780632019043,295263232
2026-01-06 00:00:00+00:00,2.348585844039917,2.3622701168060303,2.3216168880462646,2.3622701168060303,296383488
2026-01-06 01:00:00+00:00,2.369873285293579,2.395707368850708,2.3659355640411377,2.3659355640411377,175376896
2026-01-06 02:00:00+00:00,2.367314338684082,2.4101483821868896,2.367314338684082,2.3923234939575195,181346816
2026-01-06 03:00:00+00:00,2.3922595977783203,2.3966543674468994,2.3840537071228027,2.384232997894287,81491968
2026-01-06 04:00:00+00:00,2.3849081993103027,2.389660120010376,2.3694870471954346,2.3884201049804688,84043264
2026-01-06 05:00:00+00:00,2.3881418704986572,2.4018332958221436,2.3854143619537354,2.387352466583252,173900288
2026-01-06 06:00:00+00:00,2.3872718811035156,2.3952972888946533,2.3766896724700928,2.3782198429107666,131003392
2026-01-06 07:00:00+00:00,2.377983570098877,2.377983570098877,2.3270585536956787,2.3308794498443604,284142080
2026-01-06 08:00:00+00:00,2.3309836387634277,2.3422329425811768,2.329411029815674,2.3357765674591064,110088192
2026-01-06 09:00:00+00:00,2.3334734439849854,2.3536555767059326,2.3334734439849854,2.3533148765563965,59255808
2026-01-06 10:00:00+00:00,2.353062868118286,2.3613901138305664,2.348520278930664,2.360487461090088,7337472
2026-01-06 11:00:00+00:00,2.360111951828003,2.3727869987487793,2.35982084274292,2.3720436096191406,101081600
2026-01-06 12:00:00+00:00,2.374333381652832,2.3905587196350098,2.370465040206909,2.375141143798828,132824064
2026-01-06 13:00:00+00:00,2.3726775646209717,2.373448610305786,2.368950843811035,2.3729546070098877,21929472
2026-01-06 14:00:00+00:00,2.3727669715881348,2.3881804943084717,2.3710994720458984,2.375563144683838,142405632
2026-01-06 15:00:00+00:00,2.378659963607788,2.387996196746826,2.3387398719787598,2.339524507522583,23211008
2026-01-06 16:00:00+00:00,2.345698595046997,2.3503618240356445,2.271742343902588,2.283137321472168,357050880
2026-01-06 17:00:00+00:00,2.28263521194458,2.285191059112549,2.2185187339782715,2.2185187339782715,332043264
2026-01-06 18:00:00+00:00,2.2157607078552246,2.248976469039917,2.213348627090454,2.2431695461273193,0
2026-01-06 19:00:00+00:00,2.243579864501953,2.253549575805664,2.225846290588379,2.2274231910705566,0
2026-01-06 20:00:00+00:00,2.227635145187378,2.2636523246765137,2.227635145187378,2.2599897384643555,0
2026-01-06 21:00:00+00:00,2.2587366104125977,2.2871253490448,2.252135992050171,2.283454179763794,0
2026-01-06 22:00:00+00:00,2.2832019329071045,2.293123483657837,2.2775774002075195,2.2910401821136475,0
2026-01-06 23:00:00+00:00,2.290895700454712,2.307774782180786,2.290895700454712,2.3068950176239014,0
2026-01-07 00:00:00+00:00,2.3042476177215576,2.316556215286255,2.291027307510376,2.291027307510376,0
2026-01-07 01:00:00+00:00,2.2898988723754883,2.2898988723754883,2.258385419845581,2.2632150650024414,0
2026-01-07 02:00:00+00:00,2.264416456222534,2.275230884552002,2.261139154434204,2.275230884552002,0
2026-01-07 03:00:00+00:00,2.274956703186035,2.278441905975342,2.2623682022094727,2.2638537883758545,0
2026-01-07 04:00:00+00:00,2.2639639377593994,2.2703633308410645,2.257655143737793,2.257655143737793,0
2026-01-07 05:00:00+00:00,2.25797963142395,2.2606284618377686,2.2496862411499023,2.250711441040039,0
2026-01-07 06:00:00+00:00,2.2507083415985107,2.2640669345855713,2.2507083415985107,2.259596586227417,0
2026-01-07 07:00:00+00:00,2.2623891830444336,2.282606840133667,2.2623891830444336,2.275883197784424,0
2026-01-07 08:00:00+00:00,2.277519464492798,2.2853033542633057,2.2762258052825928,2.28462290763855,0
2026-01-07 09:00:00+00:00,2.281770944595337,2.2821390628814697,2.234264373779297,2.2404019832611084,18446848
2026-01-07 10:00:00+00:00,2.2391250133514404,2.249495267868042,2.2376909255981445,2.245553731918335,0
2026-01-07 11:00:00+00:00,2.2468769550323486,2.2533552646636963,2.2466115951538086,2.249915599822998,0
2026-01-07 12:00:00+00:00,2.249479055404663,2.252354383468628,2.2437100410461426,2.2467284202575684,0
2026-01-07 13:00:00+00:00,2.2470507621765137,2.2509477138519287,2.238298177719116,2.2425403594970703,0
2026-01-07 14:00:00+00:00,2.242466926574707,2.242466926574707,2.2119221687316895,2.2297089099884033,0
2026-01-07 15:00:00+00:00,2.2278220653533936,2.2278220653533936,2.1874523162841797,2.19267201423645,0
2026-01-07 16:00:00+00:00,2.1941158771514893,2.217369556427002,2.1941158771514893,2.202684164047241,0
2026-01-07 17:00:00+00:00,2.20121431350708,2.206483840942383,2.191324234008789,2.191920042037964,0
2026-01-07 18:00:00+00:00,2.1919105052948,2.19987416267395,2.184560537338257,2.1848304271698,0
2026-01-07 19:00:00+00:00,2.1868960857391357,2.194817304611206,2.1724021434783936,2.194657564163208,286208
2026-01-07 20:00:00+00:00,2.193697452545166,2.1940698623657227,2.173210382461548,2.177816152572632,0
2026-01-07 21:00:00+00:00,2.1750874519348145,2.182284116744995,2.172409772872925,2.178169012069702,0
2026-01-07 22:00:00+00:00,2.1782002449035645,2.184499502182007,2.1710424423217773,2.1710424423217773,0
2026-01-07 23:00:00+00:00,2.168870687484741,2.175124168395996,2.156625747680664,2.1671249866485596,3298816
2026-01-08 00:00:00+00:00,2.16668438911438,2.169113874435425,2.1497433185577393,2.169113874435425,0
2026-01-08 01:00:00+00:00,2.168850898742676,2.186174154281616,2.1685972213745117,2.1824252605438232,0
2026-01-08 02:00:00+00:00,2.180567741394043,2.1854162216186523,2.1613922119140625,2.1647627353668213,45554432
2026-01-08 03:00:00+00:00,2.1648919582366943,2.1707417964935303,2.147521734237671,2.147646427154541,31697408
2026-01-08 04:00:00+00:00,2.1489145755767822,2.1669604778289795,2.1482834815979004,2.1602537631988525,13747968
2026-01-08 05:00:00+00:00,2.1606013774871826,2.1619679927825928,2.1399245262145996,2.140033483505249,0
2026-01-08 06:00:00+00:00,2.140375852584839,2.1417887210845947,2.111257553100586,2.111257553100586,179787264
2026-01-08 07:00:00+00:00,2.110139846801758,2.1176974773406982,2.1027274131774902,2.1164493560791016,158942720
2026-01-08 08:00:00+00:00,2.116452217102051,2.128326892852783,2.1084201335906982,2.1084511280059814,27371776
2026-01-08 09:00:00+00:00,2.1088457107543945,2.115633487701416,2.097321033477783,2.097321033477783,0
2026-01-08 10:00:00+00:00,2.0974435806274414,2.1031601428985596,2.085888624191284,2.103053569793701,80660224
2026-01-08 11:00:00+00:00,2.1024606227874756,2.1024606227874756,2.0819101333618164,2.087944269180298,93231616
2026-01-08 12:00:00+00:00,2.0885941982269287,2.08889102935791,2.0728108882904053,2.075481414794922,94607872
2026-01-08 13:00:00+00:00,2.075664758682251,2.089008331298828,2.075664758682251,2.0855612754821777,9789952
2026-01-08 14:00:00+00:00,2.0856807231903076,2.0920660495758057,2.0660769939422607,2.086351156234741,54629376
2026-01-08 15:00:00+00:00,2.086468458175659,2.1144044399261475,2.077526807785034,2.1144044399261475,8371712
2026-01-08 16:00:00+00:00,2.1160669326782227,2.139737844467163,2.1151952743530273,2.139737844467163,170501632
2026-01-08 17:00:00+00:00,2.1401355266571045,2.1618471145629883,2.1399199962615967,2.161681652069092,114789376
2026-01-08 18:00:00+00:00,2.1617610454559326,2.1621322631835938,2.126838445663452,2.134552001953125,41061376
2026-01-08 19:00:00+00:00,2.134652614593506,2.146721601486206,2.134652614593506,2.135460376739502,0
2026-01-08 20:00:00+00:00,2.135685920715332,2.135685920715332,2.1158132553100586,2.1295735836029053,0
2026-01-08 21:00:00+00:00,2.127694845199585,2.1409406661987305,2.1249940395355225,2.1396119594573975,21385216
2026-01-08 22:00:00+00:00,2.1390488147735596,2.1408770084381104,2.1239724159240723,2.1312813758850098,0
2026-01-08 23:00:00+00:00,2.1311757564544678,2.1327850818634033,2.122422456741333,2.122422456741333,0
2026-01-09 00:00:00+00:00,2.121964931488037,2.134000778198242,2.121293067932129,2.1316561698913574,0
2026-01-09 01:00:00+00:00,2.1314220428466797,2.1359965801239014,2.1109955310821533,2.111433506011963,0
2026-01-09 02:00:00+00:00,2.1110341548919678,2.132359743118286,2.1097323894500732,2.116738796234131,0
2026-01-09 03:00:00+00:00,2.1166226863861084,2.1316699981689453,2.1163997650146484,2.1315441131591797,0
2026-01-09 04:00:00+00:00,2.1318368911743164,2.1327719688415527,2.125950336456299,2.126058578491211,0
2026-01-09 05:00:00+00:00,2.125994920730591,2.134068012237549,2.1258633136749268,2.134047269821167,0
2026-01-09 06:00:00+00:00,2.1341159343719482,2.14205002784729,2.130310535430908,2.1407270431518555,0
2026-01-09 07:00:00+00:00,2.140859365463257,2.140859365463257,2.1218080520629883,2.1218080520629883,0
2026-01-09 08:00:00+00:00,2.121511220932007,2.121511220932007,2.0745742321014404,2.0789945125579834,56936704
2026-01-09 09:00:00+00:00,2.0790493488311768,2.099140167236328,2.0790493488311768,2.0951409339904785,6679552
2026-01-09 10:00:00+00:00,2.0952939987182617,2.102703094482422,2.0928051471710205,2.099543333053589,0
2026-01-09 11:00:00+00:00,2.0994842052459717,2.103922128677368,2.0967447757720947,2.1004157066345215,0
2026-01-09 12:00:00+00:00,2.100447654724121,2.100785255432129,2.090463161468506,2.096426248550415,0
2026-01-09 13:00:00+00:00,2.0963592529296875,2.107367753982544,2.0930795669555664,2.104527235031128,89270016
2026-01-09 14:00:00+00:00,2.104262590408325,2.104262590408325,2.0846898555755615,2.0854556560516357,0
2026-01-09 15:00:00+00:00,2.088411569595337,2.153425455093384,2.08512806892395,2.1100046634674072,168418560
2026-01-09 16:00:00+00:00,2.1103761196136475,2.1382651329040527,2.1103761196136475,2.130737543106079,0
2026-01-09 17:00:00+00:00,2.130061626434326,2.130061626434326,2.0960190296173096,2.1071183681488037,0
2026-01-09 18:00:00+00:00,2.1071038246154785,2.1071038246154785,2.082139492034912,2.0937061309814453,0
2026-01-09 19:00:00+00:00,2.091238498687744,2.091238498687744,2.0784308910369873,2.083320140838623,0
2026-01-09 20:00:00+00:00,2.081244945526123,2.08868145942688,2.080354690551758,2.0858960151672363,0
2026-01-09 21:00:00+00:00,2.0834832191467285,2.08943510055542,2.0792410373687744,2.089432716369629,0
2026-01-09 22:00:00+00:00,2.0896944999694824,2.0959157943725586,2.0870933532714844,2.094433307647705,0
2026-01-09 23:00:00+00:00,2.09483003616333,2.095180034637451,2.091492176055908,2.091646671295166,817920
2026-01-10 00:00:00+00:00,2.0924854278564453,2.0932724475860596,2.0880415439605713,2.0883209705352783,0
2026-01-10 01:00:00+00:00,2.088995933532715,2.0938596725463867,2.0889792442321777,2.092966079711914,0
2026-01-10 02:00:00+00:00,2.0929365158081055,2.0974438190460205,2.089639902114868,2.091057062149048,0
2026-01-10 03:00:00+00:00,2.091559648513794,2.0940520763397217,2.087069511413574,2.0895957946777344,0
2026-01-10 04:00:00+00:00,2.089460611343384,2.089460611343384,2.0808868408203125,2.0823404788970947,0
2026-01-10 05:00:00+00:00,2.0820395946502686,2.0891222953796387,2.0801455974578857,2.0890352725982666,0
2026-01-10 06:00:00+00:00,2.088738441467285,2.091313362121582,2.084610939025879,2.0905990600585938,0
2026-01-10 07:00:00+00:00,2.0905468463897705,2.0974059104919434,2.090236186981201,2.0974059104919434,0
2026-01-10 08:00:00+00:00,2.097590446472168,2.0985629558563232,2.0891027450561523,2.0897316932678223,0
2026-01-10 09:00:00+00:00,2.0904786586761475,2.0946080684661865,2.089865207672119,2.0941312313079834,0
2026-01-10 10:00:00+00:00,2.094228744506836,2.101367950439453,2.0937304496765137,2.100674867630005,0
2026-01-10 11:00:00+00:00,2.1016857624053955,2.1016857624053955,2.098330497741699,2.099095582962036,0
2026-01-10 12:00:00+00:00,2.0991694927215576,2.1062469482421875,2.0991694927215576,2.0992860794067383,0
2026-01-10 13:00:00+00:00,2.0990161895751953,2.0990161895751953,2.091486930847168,2.091486930847168,0
2026-01-10 14:00:00+00:00,2.0914976596832275,2.0914976596832275,2.0871524810791016,2.087595224380493,0
2026-01-10 15:00:00+00:00,2.087618112564087,2.091792106628418,2.087618112564087,2.090927839279175,0
2026-01-10 16:00:00+00:00,2.09079909324646,2.0938382148742676,2.0889699459075928,2.091888904571533,0
2026-01-10 17:00:00+00:00,2.0919361114501953,2.0941169261932373,2.088027000427246,2.088027000427246,0
2026-01-10 18:00:00+00:00,2.0881004333496094,2.0972766876220703,2.086672306060791,2.096290111541748,0
2026-01-10 19:00:00+00:00,2.096141815185547,2.096141815185547,2.090841293334961,2.090841293334961,0
2026-01-10 20:00:00+00:00,2.091298818588257,2.0923452377319336,2.0897445678710938,2.0906057357788086,0
2026-01-10 21:00:00+00:00,2.090439558029175,2.090439558029175,2.086864709854126,2.0886881351470947,0
2026-01-10 22:00:00+00:00,2.088663101196289,2.0919811725616455,2.086367607116699,2.086367607116699,0
2026-01-10 23:00:00+00:00,2.0863518714904785,2.088761329650879,2.085087299346924,2.088012933731079,0
2026-01-11 00:00:00+00:00,2.0880322456359863,2.0898475646972656,2.0853865146636963,2.0878653526306152,0
2026-01-11 01:00:00+00:00,2.0878846645355225,2.0896155834198,2.0858612060546875,2.0896155834198,0
2026-01-11 02:00:00+00:00,2.089871644973755,2.0927329063415527,2.0882859230041504,2.09134840965271,0
2026-01-11 03:00:00+00:00,2.0912885665893555,2.0921483039855957,2.090320587158203,2.0921268463134766,0
2026-01-11 04:00:00+00:00,2.0921378135681152,2.092373847961426,2.0883758068084717,2.090423822402954,0
2026-01-11 05:00:00+00:00,2.090341329574585,2.092742919921875,2.0883355140686035,2.092634916305542,0
2026-01-11 06:00:00+00:00,2.0927038192749023,2.0930228233337402,2.0848217010498047,2.090890645980835,645248
2026-01-11 07:00:00+00:00,2.090909481048584,2.0942676067352295,2.0892961025238037,2.0904197692871094,0
2026-01-11 08:00:00+00:00,2.090113878250122,2.0941262245178223,2.086763858795166,2.094043493270874,0
2026-01-11 09:00:00+00:00,2.0940423011779785,2.0942981243133545,2.089590072631836,2.090242862701416,389120
2026-01-11 10:00:00+00:00,2.0901527404785156,2.091946840286255,2.0886497497558594,2.0902748107910156,0
2026-01-11 11:00:00+00:00,2.0902936458587646,2.093214273452759,2.0896694660186768,2.0931267738342285,0
2026-01-11 12:00:00+00:00,2.093073844909668,2.1023006439208984,2.093073844909668,2.101607322692871,15886208
2026-01-11 13:00:00+00:00,2.1016271114349365,2.1018636226654053,2.0935776233673096,2.0946102142333984,7102208
2026-01-11 14:00:00+00:00,2.094848394393921,2.102857828140259,2.094848394393921,2.102857828140259,2254464
2026-01-11 15:00:00+00:00,2.1029212474823,2.104299783706665,2.085183620452881,2.086524248123169,62739968
2026-01-11 16:00:00+00:00,2.0865485668182373,2.0985097885131836,2.0863285064697266,2.093419075012207,61368704
2026-01-11 17:00:00+00:00,2.0934195518493652,2.094712018966675,2.087315559387207,2.090777635574341,8097920
2026-01-11 18:00:00+00:00,2.0908074378967285,2.091322660446167,2.086533784866333,2.0911805629730225,0
2026-01-11 19:00:00+00:00,2.091193437576294,2.0928072929382324,2.0846216678619385,2.085294723510742,17793536
2026-01-11 20:00:00+00:00,2.0852367877960205,2.0852367877960205,2.0496363639831543,2.0611162185668945,236226560
2026-01-11 21:00:00+00:00,2.0613486766815186,2.0714008808135986,2.0544698238372803,2.0714008808135986,54553344
2026-01-11 22:00:00+00:00,2.0714590549468994,2.0714590549468994,2.0559635162353516,2.061239719390869,57451776
2026-01-11 23:00:00+00:00,2.060900926589966,2.071061134338379,2.050632953643799,2.071061134338379,86609408
2026-01-12 00:00:00+00:00,2.070913314819336,2.070913314819336,2.0377726554870605,2.0437116622924805,201113728
2026-01-12 01:00:00+00:00,2.044081687927246,2.0713863372802734,2.044081687927246,2.062488317489624,201703936
2026-01-12 02:00:00+00:00,2.0624959468841553,2.1001203060150146,2.0620527267456055,2.0992133617401123,180179968
2026-01-12 03:00:00+00:00,2.0990195274353027,2.100820779800415,2.0830795764923096,2.0830795764923096,131752704
2026-01-12 04:00:00+00:00,2.0831503868103027,2.0913000106811523,2.0807032585144043,2.0884227752685547,76299776
2026-01-12 05:00:00+00:00,2.0883021354675293,2.0883021354675293,2.080566644668579,2.0807695388793945,44717312
2026-01-12 06:00:00+00:00,2.080644130706787,2.081716775894165,2.067800998687744,2.068793535232544,96320000
2026-01-12 07:00:00+00:00,2.0685806274414062,2.0724074840545654,2.0521368980407715,2.054060935974121,116963840
2026-01-12 08:00:00+00:00,2.053546190261841,2.056290864944458,2.0374670028686523,2.0475730895996094,172271872
2026-01-12 09:00:00+00:00,2.04750657081604,2.0503642559051514,2.042203664779663,2.042203664779663,111915264
2026-01-12 10:00:00+00:00,2.042001724243164,2.0447263717651367,2.0341601371765137,2.0344398021698,116610816
2026-01-12 11:00:00+00:00,2.0343871116638184,2.045660972595215,2.0339393615722656,2.045660972595215,109932288
2026-01-12 12:00:00+00:00,2.0457146167755127,2.0512375831604004,2.0455636978149414,2.0472960472106934,24003072
2026-01-12 13:00:00+00:00,2.0473289489746094,2.0533149242401123,2.04288911819458,2.0500032901763916,31192064
2026-01-12 14:00:00+00:00,2.0497779846191406,2.0692930221557617,2.0438952445983887,2.0691776275634766,144979712
2026-01-12 15:00:00+00:00,2.069288969039917,2.089715003967285,2.069288969039917,2.089715003967285,94605568
2026-01-12 16:00:00+00:00,2.0896735191345215,2.1050901412963867,2.0896735191345215,2.0938327312469482,126806528
2026-01-12 17:00:00+00:00,2.0938217639923096,2.0954365730285645,2.060004472732544,2.0659117698669434,121469440
2026-01-12 18:00:00+00:00,2.0660178661346436,2.0744080543518066,2.0619986057281494,2.065652370452881,55206400
2026-01-12 19:00:00+00:00,2.0654385089874268,2.0689709186553955,2.060590982437134,2.0689709186553955,25078528
2026-01-12 20:00:00+00:00,2.068883180618286,2.0720221996307373,2.0632543563842773,2.0634078979492188,0
2026-01-12 21:00:00+00:00,2.063490867614746,2.063490867614746,2.041318655014038,2.04241943359375,27857408
2026-01-12 22:00:00+00:00,2.0436654090881348,2.055172920227051,2.0436654090881348,2.052428960800171,0
2026-01-12 23:00:00+00:00,2.0524868965148926,2.053924083709717,2.046199083328247,2.052546739578247,162560
2026-01-13 00:00:00+00:00,2.0524966716766357,2.0566346645355225,2.051356792449951,2.0556182861328125,0
2026-01-13 01:00:00+00:00,2.0555431842803955,2.0596859455108643,2.0474283695220947,2.0501248836517334,0
2026-01-13 02:00:00+00:00,2.0503854751586914,2.0576069355010986,2.049612283706665,2.0520241260528564,0
2026-01-13 03:00:00+00:00,2.0518152713775635,2.0543041229248047,2.045912265777588,2.0470056533813477,0
2026-01-13 04:00:00+00:00,2.0467886924743652,2.052798271179199,2.0467886924743652,2.052798271179199,0
2026-01-13 05:00:00+00:00,2.052974224090576,2.0721242427825928,2.052974224090576,2.0624375343322754,38725376
2026-01-13 06:00:00+00:00,2.061901807785034,2.063767433166504,2.0573818683624268,2.0615134239196777,0
2026-01-13 07:00:00+00:00,2.061443567276001,2.061443567276001,2.0509798526763916,2.0509798526763916,0
2026-01-13 08:00:00+00:00,2.051180362701416,2.0652072429656982,2.051180362701416,2.0637402534484863,0
2026-01-13 09:00:00+00:00,2.063640832901001,2.0706067085266113,2.0628397464752197,2.063066005706787,0
2026-01-13 10:00:00+00:00,2.06362247467041,2.0669820308685303,2.0574042797088623,2.0583572387695312,0
2026-01-13 11:00:00+00:00,2.058427333831787,2.0604915618896484,2.057096004486084,2.0587856769561768,0
2026-01-13 12:00:00+00:00,2.058523654937744,2.0614378452301025,2.0557093620300293,2.060858964920044,0
2026-01-13 13:00:00+00:00,2.0608913898468018,2.0727596282958984,2.0587799549102783,2.067322254180908,112283136
2026-01-13 14:00:00+00:00,2.0667989253997803,2.092919111251831,2.0635480880737305,2.0764105319976807,35805696
2026-01-13 15:00:00+00:00,2.0768373012542725,2.096252918243408,2.0664212703704834,2.096158742904663,28715776
2026-01-13 16:00:00+00:00,2.0971245765686035,2.1103034019470215,2.090074300765991,2.1081387996673584,101422336
2026-01-13 17:00:00+00:00,2.107132911682129,2.107132911682129,2.086561441421509,2.09004545211792,0
2026-01-13 18:00:00+00:00,2.0894434452056885,2.1093926429748535,2.0894434452056885,2.104304790496826,50400512
2026-01-13 19:00:00+00:00,2.1043741703033447,2.13566517829895,2.1043741703033447,2.135572671890259,115412992
2026-01-13 20:00:00+00:00,2.138362407684326,2.1438684463500977,2.121448040008545,2.127350091934204,214856960
2026-01-13 21:00:00+00:00,2.1283164024353027,2.1367690563201904,2.1212613582611084,2.1212613582611084,32398336
2026-01-13 22:00:00+00:00,2.1207473278045654,2.173675537109375,2.1207473278045654,2.1718101501464844,406798592
2026-01-13 23:00:00+00:00,2.1718339920043945,2.1796443462371826,2.152991771697998,2.1638011932373047,231043840
2026-01-14 00:00:00+00:00,2.1639084815979004,2.1738760471343994,2.1579277515411377,2.1664271354675293,122895872
2026-01-14 01:00:00+00:00,2.1652133464813232,2.17392635345459,2.160926580429077,2.17392635345459,124666880
2026-01-14 02:00:00+00:00,2.1739859580993652,2.1855456829071045,2.169466018676758,2.1698806285858154,144852480
2026-01-14 03:00:00+00:00,2.1698837280273438,2.180715560913086,2.1671197414398193,2.180715560913086,59306496
2026-01-14 04:00:00+00:00,2.1814229488372803,2.182101249694824,2.1629462242126465,2.1629462242126465,76708608
2026-01-14 05:00:00+00:00,2.16294002532959,2.16294002532959,2.1527507305145264,2.1527507305145264,66389504
2026-01-14 06:00:00+00:00,2.1526107788085938,2.1526107788085938,2.1346442699432373,2.1475698947906494,141206016
2026-01-14 07:00:00+00:00,2.1476328372955322,2.1538429260253906,2.141714572906494,2.1468915939331055,70330368
2026-01-14 08:00:00+00:00,2.146965980529785,2.149930477142334,2.143519639968872,2.143519639968872,24201728
2026-01-14 09:00:00+00:00,2.1433448791503906,2.150862216949463,2.142122983932495,2.1475729942321777,7496704
2026-01-14 10:00:00+00:00,2.1474363803863525,2.1474363803863525,2.131664276123047,2.135890007019043,54833152
2026-01-14 11:00:00+00:00,2.134608507156372,2.134608507156372,2.11352801322937,2.11352801322937,50502656
2026-01-14 12:00:00+00:00,2.113957166671753,2.123988151550293,2.1138875484466553,2.123988151550293,56747520
2026-01-14 13:00:00+00:00,2.1239876747131348,2.1267552375793457,2.112910747528076,2.113337516784668,0
2026-01-14 14:00:00+00:00,2.1134209632873535,2.166456937789917,2.1134209632873535,2.1597368717193604,107612160
2026-01-14 15:00:00+00:00,2.159345865249634,2.171135902404785,2.1467270851135254,2.153186082839966,168032768
2026-01-14 16:00:00+00:00,2.1532318592071533,2.1724538803100586,2.1532318592071533,2.1593949794769287,0
2026-01-14 17:00:00+00:00,2.1595611572265625,2.1643640995025635,2.139867067337036,2.139867067337036,24265216
2026-01-14 18:00:00+00:00,2.140044689178467,2.1506614685058594,2.1276705265045166,2.141538143157959,44623872
2026-01-14 19:00:00+00:00,2.1411349773406982,2.157193422317505,2.1377456188201904,2.146601915359497,11993088
2026-01-14 20:00:00+00:00,2.146479606628418,2.156979560852051,2.1419012546539307,2.145051956176758,0
2026-01-14 21:00:00+00:00,2.1460258960723877,2.1533753871917725,2.1449058055877686,2.145749807357788,0
2026-01-14 22:00:00+00:00,2.1459460258483887,2.146946430206299,2.133883237838745,2.135178804397583,0
2026-01-14 23:00:00+00:00,2.13527250289917,2.142786741256714,2.1330504417419434,2.1397318840026855,0
2026-01-15 00:00:00+00:00,2.139739513397217,2.142378330230713,2.130610227584839,2.13077974319458,0
2026-01-15 01:00:00+00:00,2.130981922149658,2.138441324234009,2.1183111667633057,2.1183111667633057,0
2026-01-15 02:00:00+00:00,2.1188502311706543,2.122865915298462,2.1027777194976807,2.1029655933380127,0
2026-01-15 03:00:00+00:00,2.103137731552124,2.104874849319458,2.08504056930542,2.0879600048065186,64517376
2026-01-15 04:00:00+00:00,2.0879757404327393,2.1008644104003906,2.0872697830200195,2.1001412868499756,0
2026-01-15 05:00:00+00:00,2.100290536880493,2.102515459060669,2.097317695617676,2.0998289585113525,0
2026-01-15 06:00:00+00:00,2.09909987449646,2.1002416610717773,2.089656114578247,2.0923426151275635,0
2026-01-15 07:00:00+00:00,2.0922889709472656,2.1036274433135986,2.0903875827789307,2.099132776260376,0
2026-01-15 08:00:00+00:00,2.099113702774048,2.102626323699951,2.0959038734436035,2.102583885192871,0
2026-01-15 09:00:00+00:00,2.1026406288146973,2.120049238204956,2.0984668731689453,2.1180505752563477,16539392
2026-01-15 10:00:00+00:00,2.118016004562378,2.118016004562378,2.1102993488311768,2.114255666732788,0
2026-01-15 11:00:00+00:00,2.1142396926879883,2.1188771724700928,2.1114449501037598,2.111752510070801,0
2026-01-15 12:00:00+00:00,2.111621379852295,2.1173367500305176,2.1085822582244873,2.1173043251037598,0
2026-01-15 13:00:00+00:00,2.1174821853637695,2.1285560131073,2.1160173416137695,2.1280248165130615,0
2026-01-15 14:00:00+00:00,2.1282334327697754,2.129757881164551,2.094414234161377,2.0977988243103027,0
2026-01-15 15:00:00+00:00,2.098006010055542,2.101538896560669,2.073868989944458,2.0817711353302,0
2026-01-15 16:00:00+00:00,2.0828309059143066,2.094240665435791,2.0828309059143066,2.091810941696167,0
2026-01-15 17:00:00+00:00,2.0914762020111084,2.0946836471557617,2.081815719604492,2.081815719604492,0
2026-01-15 18:00:00+00:00,2.0813112258911133,2.0813112258911133,2.067533254623413,2.071742057800293,0
2026-01-15 19:00:00+00:00,2.071991443634033,2.071991443634033,2.0550761222839355,2.0640292167663574,0
2026-01-15 20:00:00+00:00,2.064408540725708,2.0690855979919434,2.059657335281372,2.065714120864868,0
2026-01-15 21:00:00+00:00,2.064225673675537,2.0727345943450928,2.062972068786621,2.072629451751709,1104128
2026-01-15 22:00:00+00:00,2.072866916656494,2.0771634578704834,2.070636510848999,2.0752973556518555,0
2026-01-15 23:00:00+00:00,2.075399160385132,2.0788562297821045,2.072072744369507,2.078119993209839,0
2026-01-16 00:00:00+00:00,2.0781655311584473,2.0848352909088135,2.077022075653076,2.0832090377807617,0
2026-01-16 01:00:00+00:00,2.083038568496704,2.083038568496704,2.0762600898742676,2.0784308910369873,0
2026-01-16 02:00:00+00:00,2.078129291534424,2.078129291534424,2.0675477981567383,2.0726308822631836,0
2026-01-16 03:00:00+00:00,2.0729262828826904,2.0775229930877686,2.0654938220977783,2.0654938220977783,0
2026-01-16 04:00:00+00:00,2.0654168128967285,2.0690221786499023,2.0584867000579834,2.0587894916534424,0
2026-01-16 05:00:00+00:00,2.0595877170562744,2.071460485458374,2.0595877170562744,2.071460485458374,728320
2026-01-16 06:00:00+00:00,2.0714097023010254,2.0739376544952393,2.0675225257873535,2.072458267211914,0
2026-01-16 07:00:00+00:00,2.0725479125976562,2.075636148452759,2.06961989402771,2.071711778640747,0
2026-01-16 08:00:00+00:00,2.071716785430908,2.078662395477295,2.071716785430908,2.0742671489715576,0
2026-01-16 09:00:00+00:00,2.073923110961914,2.0749731063842773,2.0668106079101562,2.0668106079101562,0
2026-01-16 10:00:00+00:00,2.0668182373046875,2.0668182373046875,2.059514284133911,2.0605990886688232,0
2026-01-16 11:00:00+00:00,2.060606002807617,2.0640461444854736,2.059738874435425,2.063974142074585,0
2026-01-16 12:00:00+00:00,2.064066171646118,2.0661227703094482,2.060791015625,2.0624678134918213,12916992
2026-01-16 13:00:00+00:00,2.0624425411224365,2.0624425411224365,2.0547585487365723,2.0573930740356445,0
2026-01-16 14:00:00+00:00,2.057375192642212,2.063001871109009,2.0572152137756348,2.058177947998047,0
2026-01-16 15:00:00+00:00,2.0579946041107178,2.062319278717041,2.0294852256774902,2.03342866897583,46211328
2026-01-16 16:00:00+00:00,2.033100128173828,2.0447683334350586,2.031675100326538,2.0424277782440186,0
2026-01-16 17:00:00+00:00,2.0425426959991455,2.0500285625457764,2.03905987739563,2.0493087768554688,0
2026-01-16 18:00:00+00:00,2.0498759746551514,2.0512092113494873,2.0472967624664307,2.04923677444458,0
2026-01-16 19:00:00+00:00,2.0491442680358887,2.054643154144287,2.043335199356079,2.0533344745635986,0
2026-01-16 20:00:00+00:00,2.053391456604004,2.0764620304107666,2.0481743812561035,2.0764620304107666,4337664
2026-01-16 21:00:00+00:00,2.0776612758636475,2.0776612758636475,2.070843458175659,2.074113368988037,31060992
2026-01-16 22:00:00+00:00,2.074140787124634,2.0745327472686768,2.069570779800415,2.0727217197418213,0
2026-01-16 23:00:00+00:00,2.0728423595428467,2.0728423595428467,2.0679447650909424,2.0682153701782227,160512
2026-01-17 00:00:00+00:00,2.068063259124756,2.068063259124756,2.062657356262207,2.0635805130004883,0
2026-01-17 01:00:00+00:00,2.0635006427764893,2.0672295093536377,2.0627169609069824,2.066044330596924,0
2026-01-17 02:00:00+00:00,2.066009044647217,2.066009044647217,2.0591228008270264,2.0605616569519043,0
2026-01-17 03:00:00+00:00,2.0606508255004883,2.0613949298858643,2.0540659427642822,2.0547049045562744,0
2026-01-17 04:00:00+00:00,2.054574728012085,2.0637433528900146,2.054574728012085,2.063741445541382,0
2026-01-17 05:00:00+00:00,2.0635576248168945,2.0646753311157227,2.06027889251709,2.0631465911865234,0
2026-01-17 06:00:00+00:00,2.0631277561187744,2.0631277561187744,2.0592901706695557,2.059725522994995,0
2026-01-17 07:00:00+00:00,2.0590929985046387,2.0597569942474365,2.056321859359741,2.0580785274505615,0
2026-01-17 08:00:00+00:00,2.057513475418091,2.0613784790039062,2.0574963092803955,2.0613043308258057,0
2026-01-17 09:00:00+00:00,2.0613362789154053,2.064995050430298,2.0613362789154053,2.063220500946045,0
2026-01-17 10:00:00+00:00,2.063170909881592,2.0656235218048096,2.061383008956909,2.061383008956909,0
2026-01-17 11:00:00+00:00,2.0613603591918945,2.062624454498291,2.057659149169922,2.0614702701568604,0
2026-01-17 12:00:00+00:00,2.061433792114258,2.0624592304229736,2.058610677719116,2.059128761291504,0
2026-01-17 13:00:00+00:00,2.0591695308685303,2.0624475479125977,2.058793783187866,2.0615673065185547,0
2026-01-17 14:00:00+00:00,2.061589002609253,2.076929807662964,2.059866189956665,2.0735480785369873,0
2026-01-17 15:00:00+00:00,2.073564291000366,2.0804269313812256,2.0721213817596436,2.0804269313812256,0
2026-01-17 16:00:00+00:00,2.0804357528686523,2.0804357528686523,2.07019305229187,2.0721919536590576,0
2026-01-17 17:00:00+00:00,2.072157859802246,2.0778565406799316,2.072157859802246,2.0732057094573975,0
2026-01-17 18:00:00+00:00,2.075932502746582,2.0786399841308594,2.0735223293304443,2.0735223293304443,0
2026-01-17 19:00:00+00:00,2.074349880218506,2.075864791870117,2.0734753608703613,2.0734753608703613,0
2026-01-17 20:00:00+00:00,2.073197841644287,2.0739970207214355,2.071035385131836,2.071230888366699,0
2026-01-17 21:00:00+00:00,2.0712246894836426,2.0712246894836426,2.0664689540863037,2.067901134490967,0
2026-01-17 22:00:00+00:00,2.0679008960723877,2.0680718421936035,2.060720205307007,2.0645651817321777,0
2026-01-17 23:00:00+00:00,2.064143419265747,2.0652318000793457,2.062373399734497,2.062373399734497,40064
2026-01-18 00:00:00+00:00,2.0625979900360107,2.0659666061401367,2.0596420764923096,2.059678554534912,0
2026-01-18 01:00:00+00:00,2.059591293334961,2.059591293334961,2.050802707672119,2.05094313621521,41423104
2026-01-18 02:00:00+00:00,2.0510289669036865,2.05584454536438,2.0497312545776367,2.0523643493652344,12618368
2026-01-18 03:00:00+00:00,2.052427291870117,2.0590314865112305,2.0522115230560303,2.0576467514038086,3620352
2026-01-18 04:00:00+00:00,2.0575454235076904,2.0575454235076904,2.0530524253845215,2.0546767711639404,0
2026-01-18 05:00:00+00:00,2.054704427719116,2.054741621017456,2.050252676010132,2.0544655323028564,17797760
2026-01-18 06:00:00+00:00,2.0543861389160156,2.058502674102783,2.054252862930298,2.0577125549316406,0
2026-01-18 07:00:00+00:00,2.0577471256256104,2.058344841003418,2.0528016090393066,2.0533149242401123,7891584
2026-01-18 08:00:00+00:00,2.053182601928711,2.057955741882324,2.0510098934173584,2.057861804962158,0
2026-01-18 09:00:00+00:00,2.057634115219116,2.060504913330078,2.055833578109741,2.060353994369507,0
2026-01-18 10:00:00+00:00,2.060284376144409,2.060284376144409,2.0546815395355225,2.056957244873047,6299776
2026-01-18 11:00:00+00:00,2.056868314743042,2.056868314743042,2.053635835647583,2.0547025203704834,0
2026-01-18 12:00:00+00:00,2.054723024368286,2.055152416229248,2.052941083908081,2.052941083908081,400640
2026-01-18 13:00:00+00:00,2.0528719425201416,2.0528719425201416,2.0483529567718506,2.0516881942749023,14552960
2026-01-18 14:00:00+00:00,2.0516834259033203,2.0579214096069336,2.0502939224243164,2.051835060119629,0
2026-01-18 15:00:00+00:00,2.0518765449523926,2.0518765449523926,2.0475103855133057,2.0494725704193115,0
2026-01-18 16:00:00+00:00,2.049494743347168,2.055725574493408,2.049107789993286,2.054572105407715,0
2026-01-18 17:00:00+00:00,2.051114320755005,2.055344343185425,2.0468077659606934,2.0473666191101074,22038784
2026-01-18 18:00:00+00:00,2.047654390335083,2.063920497894287,2.0468850135803223,2.063629627227783,8941952
2026-01-18 19:00:00+00:00,2.0629327297210693,2.0629327297210693,2.053032398223877,2.053032398223877,2593152
2026-01-18 20:00:00+00:00,2.0531435012817383,2.058907985687256,2.0515270233154297,2.054887056350708,0
2026-01-18 21:00:00+00:00,2.0550694465637207,2.0585217475891113,2.0550694465637207,2.0564146041870117,0
2026-01-18 22:00:00+00:00,2.0564117431640625,2.06091570854187,2.0563573837280273,2.059502124786377,0
2026-01-18 23:00:00+00:00,2.059134006500244,2.0591862201690674,1.991735577583313,1.9926230907440186,400937728
2026-01-19 00:00:00+00:00,1.9925767183303833,1.9925767183303833,1.927056074142456,1.9442389011383057,1017556096
2026-01-19 01:00:00+00:00,1.9443520307540894,1.9596717357635498,1.9419028759002686,1.9515111446380615,171082752
2026-01-19 02:00:00+00:00,1.9517254829406738,1.9598336219787598,1.9512522220611572,1.9563640356063843,104019968
2026-01-19 03:00:00+00:00,1.9565420150756836,1.9661428928375244,1.954992651939392,1.96610689163208,85891840
2026-01-19 04:00:00+00:00,1.966141939163208,1.9716042280197144,1.9622353315353394,1.966139793395996,99773184
2026-01-19 05:00:00+00:00,1.965863585472107,1.965863585472107,1.9589897394180298,1.9610240459442139,133907968
2026-01-19 06:00:00+00:00,1.9610291719436646,1.9637237787246704,1.9534869194030762,1.9556571245193481,103530752
2026-01-19 07:00:00+00:00,1.9565736055374146,1.960318684577942,1.9541665315628052,1.9595897197723389,78638080
2026-01-19 08:00:00+00:00,1.9597289562225342,1.979205846786499,1.9597289562225342,1.9789379835128784,131939072
2026-01-19 09:00:00+00:00,1.9788099527359009,1.9794672727584839,1.974212408065796,1.976528525352478,45865984
2026-01-19 10:00:00+00:00,1.977216362953186,1.9811919927597046,1.9742995500564575,1.9786529541015625,47708416
2026-01-19 11:00:00+00:00,1.9790772199630737,1.9803082942962646,1.9715090990066528,1.9716075658798218,50748672
2026-01-19 12:00:00+00:00,1.9715901613235474,1.9749945402145386,1.9689440727233887,1.9689440727233887,45730304
2026-01-19 13:00:00+00:00,1.9696756601333618,1.9718024730682373,1.9661636352539062,1.9712119102478027,28598528
2026-01-19 14:00:00+00:00,1.9715850353240967,1.9812387228012085,1.971411943435669,1.979060411453247,44730880
2026-01-19 15:00:00+00:00,1.9789294004440308,1.9816577434539795,1.9777288436889648,1.9806734323501587,14330368
2026-01-19 16:00:00+00:00,1.9806491136550903,2.025184392929077,1.9804199934005737,2.0239007472991943,153027072
2026-01-19 17:00:00+00:00,2.023627996444702,2.023627996444702,2.009140968322754,2.018152952194214,81831424
2026-01-19 18:00:00+00:00,2.01802921295166,2.0215535163879395,2.0103952884674072,2.011077642440796,31392768
2026-01-19 19:00:00+00:00,2.010866641998291,2.0149290561676025,2.009615182876587,2.0129644870758057,14452992
2026-01-19 20:00:00+00:00,2.0129027366638184,2.014080047607422,2.001094102859497,2.001190185546875,41259008
2026-01-19 21:00:00+00:00,2.0011496543884277,2.0051474571228027,1.998181939125061,1.9996503591537476,34085120
2026-01-19 22:00:00+00:00,1.9993809461593628,1.9993809461593628,1.9838244915008545,1.9844244718551636,94708480
2026-01-19 23:00:00+00:00,1.9836218357086182,1.9919098615646362,1.9820077419281006,1.9863815307617188,0
2026-01-20 00:00:00+00:00,1.9863430261611938,1.9878886938095093,1.983093500137329,1.9836586713790894,0
2026-01-20 01:00:00+00:00,1.9842230081558228,1.9843693971633911,1.972182035446167,1.9736167192459106,0
2026-01-20 02:00:00+00:00,1.9734435081481934,1.9734435081481934,1.9629096984863281,1.9665647745132446,0
2026-01-20 03:00:00+00:00,1.9677211046218872,1.9677211046218872,1.9563229084014893,1.9597742557525635,0
2026-01-20 04:00:00+00:00,1.9597898721694946,1.9703857898712158,1.959520936012268,1.9653244018554688,0
2026-01-20 05:00:00+00:00,1.9651433229446411,1.9653651714324951,1.9557451009750366,1.9641133546829224,0
2026-01-20 06:00:00+00:00,1.9639579057693481,1.9639579057693481,1.9446016550064087,1.9478679895401,26785280
2026-01-20 07:00:00+00:00,1.9478861093521118,1.953453540802002,1.9467295408248901,1.9494060277938843,0
2026-01-20 08:00:00+00:00,1.9494596719741821,1.9505729675292969,1.9215339422225952,1.9264509677886963,170070784
2026-01-20 09:00:00+00:00,1.9264978170394897,1.9278050661087036,1.9215792417526245,1.9232206344604492,41889536
2026-01-20 10:00:00+00:00,1.9230855703353882,1.9293042421340942,1.9230855703353882,1.9278098344802856,9520896
2026-01-20 11:00:00+00:00,1.927740454673767,1.9380195140838623,1.927740454673767,1.9294377565383911,1820672
2026-01-20 12:00:00+00:00,1.9290028810501099,1.9346096515655518,1.9282231330871582,1.934432864189148,0
2026-01-20 13:00:00+00:00,1.934492826461792,1.934492826461792,1.9154616594314575,1.9156001806259155,49432064
2026-01-20 14:00:00+00:00,1.9153331518173218,1.929726004600525,1.9153331518173218,1.9243741035461426,124589312
2026-01-20 15:00:00+00:00,1.923898458480835,1.925474762916565,1.9109433889389038,1.9115468263626099,195739136
2026-01-20 16:00:00+00:00,1.9126564264297485,1.924054503440857,1.9031254053115845,1.909275770187378,0
2026-01-20 17:00:00+00:00,1.909084677696228,1.9156696796417236,1.9014898538589478,1.9032520055770874,6933248
2026-01-20 18:00:00+00:00,1.9031355381011963,1.9044243097305298,1.8952854871749878,1.8968563079833984,39385600
2026-01-20 19:00:00+00:00,1.8968597650527954,1.90418541431427,1.8955262899398804,1.8996784687042236,79279360
2026-01-20 20:00:00+00:00,1.8997948169708252,1.9075489044189453,1.8974683284759521,1.9075489044189453,42201600
2026-01-20 21:00:00+00:00,1.9057056903839111,1.9057056903839111,1.883945345878601,1.8860950469970703,76354560
2026-01-20 22:00:00+00:00,1.8864214420318604,1.894681453704834,1.8839234113693237,1.889160394668579,45360128
2026-01-20 23:00:00+00:00,1.8887646198272705,1.89024817943573,1.8844481706619263,1.8895692825317383,734720
2026-01-21 00:00:00+00:00,1.8892583847045898,1.9115780591964722,1.8887009620666504,1.9115780591964722,56861696
2026-01-21 01:00:00+00:00,1.9112719297409058,1.9116777181625366,1.8981176614761353,1.8981176614761353,25648896
2026-01-21 02:00:00+00:00,1.8979218006134033,1.9025317430496216,1.8937615156173706,1.8946125507354736,0
2026-01-21 03:00:00+00:00,1.8945519924163818,1.9040154218673706,1.8945519924163818,1.8997763395309448,0
2026-01-21 04:00:00+00:00,1.8997763395309448,1.9063199758529663,1.8997763395309448,1.9034380912780762,0
2026-01-21 05:00:00+00:00,1.9038947820663452,1.92221999168396,1.9038947820663452,1.918940782546997,0
2026-01-21 06:00:00+00:00,1.9190925359725952,1.9195797443389893,1.9146056175231934,1.9146056175231934,0
2026-01-21 07:00:00+00:00,1.914298415184021,1.918745517730713,1.9062626361846924,1.9062626361846924,0
2026-01-21 08:00:00+00:00,1.9065043926239014,1.906911849975586,1.897702932357788,1.8996837139129639,0
2026-01-21 09:00:00+00:00,1.8996901512145996,1.9091582298278809,1.8996901512145996,1.9068230390548706,6599680
2026-01-21 10:00:00+00:00,1.9073119163513184,1.9127285480499268,1.9034119844436646,1.9034875631332397,56392192
2026-01-21 11:00:00+00:00,1.9031816720962524,1.9031816720962524,1.8925237655639648,1.8925237655639648,35666432
2026-01-21 12:00:00+00:00,1.8925114870071411,1.8949674367904663,1.8818771839141846,1.8949674367904663,145834752
2026-01-21 13:00:00+00:00,1.895018458366394,1.9004658460617065,1.8913772106170654,1.8941929340362549,56949760
2026-01-21 14:00:00+00:00,1.8944237232208252,1.9381804466247559,1.892188310623169,1.9381804466247559,218889728
2026-01-21 15:00:00+00:00,1.9383430480957031,1.9563136100769043,1.937807321548462,1.9563136100769043,0
2026-01-21 16:00:00+00:00,1.956045389175415,1.9561407566070557,1.8894455432891846,1.8894455432891846,87880192
2026-01-21 17:00:00+00:00,1.8890935182571411,1.8939290046691895,1.8756887912750244,1.8880844116210938,112696320
2026-01-21 18:00:00+00:00,1.8883423805236816,1.9067327976226807,1.8846532106399536,1.9047154188156128,7160320
2026-01-21 19:00:00+00:00,1.9047107696533203,1.9780665636062622,1.8985414505004883,1.9712095260620117,284317440
2026-01-21 20:00:00+00:00,1.9712269306182861,1.9712269306182861,1.9530439376831055,1.9665541648864746,78037504
2026-01-21 21:00:00+00:00,1.9678364992141724,1.982544183731079,1.9678364992141724,1.9743155241012573,8620032
2026-01-21 22:00:00+00:00,1.973956823348999,1.9848034381866455,1.9672398567199707,1.9672398567199707,0
2026-01-21 23:00:00+00:00,1.967069149017334,1.967069149017334,1.941562533378601,1.9455596208572388,14059008
2026-01-22 00:00:00+00:00,1.9457048177719116,1.957699179649353,1.9457048177719116,1.95704984664917,0
2026-01-22 01:00:00+00:00,1.9568833112716675,1.9640731811523438,1.9543473720550537,1.9564130306243896,5195776
2026-01-22 02:00:00+00:00,1.9562859535217285,1.9573490619659424,1.9454116821289062,1.9454116821289062,12963328
2026-01-22 03:00:00+00:00,1.9453556537628174,1.9521865844726562,1.9425960779190063,1.9463019371032715,22618624
2026-01-22 04:00:00+00:00,1.9461764097213745,1.9518368244171143,1.9461764097213745,1.9518368244171143,6163456
2026-01-22 05:00:00+00:00,1.9516465663909912,1.9520926475524902,1.9452943801879883,1.9495925903320312,0
2026-01-22 06:00:00+00:00,1.9497941732406616,1.9555611610412598,1.9479961395263672,1.9534903764724731,0
2026-01-22 07:00:00+00:00,1.953458309173584,1.9537400007247925,1.9467328786849976,1.9467328786849976,0
2026-01-22 08:00:00+00:00,1.9467378854751587,1.9566757678985596,1.9464975595474243,1.9566757678985596,0
2026-01-22 09:00:00+00:00,1.9566925764083862,1.9620627164840698,1.9553409814834595,1.9606741666793823,0
2026-01-22 10:00:00+00:00,1.9610130786895752,1.961673617362976,1.9527842998504639,1.9531896114349365,0
2026-01-22 11:00:00+00:00,1.9532665014266968,1.9543136358261108,1.9424247741699219,1.9426895380020142,0
2026-01-22 12:00:00+00:00,1.9426367282867432,1.9467693567276,1.941972255706787,1.9420089721679688,0
2026-01-22 13:00:00+00:00,1.9408339262008667,1.9408339262008667,1.9270086288452148,1.9287588596343994,0
2026-01-22 14:00:00+00:00,1.9289692640304565,1.9296716451644897,1.9166653156280518,1.9166653156280518,0
2026-01-22 15:00:00+00:00,1.9166381359100342,1.9186102151870728,1.902387022972107,1.9121267795562744,0
2026-01-22 16:00:00+00:00,1.9123785495758057,1.9246333837509155,1.90645170211792,1.9217524528503418,0
2026-01-22 17:00:00+00:00,1.9218076467514038,1.9264144897460938,1.912988305091858,1.9264144897460938,0
2026-01-22 18:00:00+00:00,1.926645040512085,1.929636001586914,1.920662760734558,1.920670986175537,0
2026-01-22 19:00:00+00:00,1.9206234216690063,1.9329310655593872,1.9192357063293457,1.9319969415664673,0
2026-01-22 20:00:00+00:00,1.9320058822631836,1.9320058822631836,1.9195141792297363,1.922977089881897,0
2026-01-22 21:00:00+00:00,1.923327088356018,1.9290273189544678,1.9214720726013184,1.924157977104187,0
2026-01-22 22:00:00+00:00,1.9240776300430298,1.9273260831832886,1.9226396083831787,1.9238544702529907,0
2026-01-22 23:00:00+00:00,1.923060655593872,1.923060655593872,1.9157183170318604,1.9216742515563965,0
2026-01-23 00:00:00+00:00,1.9216632843017578,1.9234880208969116,1.9163837432861328,1.9178601503372192,0
2026-01-23 01:00:00+00:00,1.917807698249817,1.9213752746582031,1.9171535968780518,1.921203374862671,0
2026-01-23 02:00:00+00:00,1.9207181930541992,1.9207181930541992,1.9087380170822144,1.9087380170822144,0
2026-01-23 03:00:00+00:00,1.9085772037506104,1.9151315689086914,1.9078261852264404,1.9120277166366577,0
2026-01-23 04:00:00+00:00,1.9124850034713745,1.9213147163391113,1.9121034145355225,1.9193153381347656,8380672
2026-01-23 05:00:00+00:00,1.9192156791687012,1.9192156791687012,1.9066051244735718,1.9073561429977417,0
2026-01-23 06:00:00+00:00,1.9075063467025757,1.9133127927780151,1.9039355516433716,1.9078032970428467,0
2026-01-23 07:00:00+00:00,1.9079904556274414,1.9116088151931763,1.9072558879852295,1.9108706712722778,0
2026-01-23 08:00:00+00:00,1.9110901355743408,1.9115304946899414,1.9019784927368164,1.9042985439300537,41470208
2026-01-23 09:00:00+00:00,1.9042129516601562,1.9081836938858032,1.9020336866378784,1.9063591957092285,0
2026-01-23 10:00:00+00:00,1.9062098264694214,1.9094316959381104,1.9060457944869995,1.9067989587783813,0
2026-01-23 11:00:00+00:00,1.906760334968567,1.91159188747406,1.905882716178894,1.911159634590149,0
2026-01-23 12:00:00+00:00,1.9113595485687256,1.9114441871643066,1.9077858924865723,1.9082589149475098,0
2026-01-23 13:00:00+00:00,1.9081379175186157,1.9090173244476318,1.902740240097046,1.902740240097046,0
2026-01-23 14:00:00+00:00,1.902774691581726,1.905421495437622,1.8888955116271973,1.8926641941070557,17849344
2026-01-23 15:00:00+00:00,1.892679214477539,1.9160152673721313,1.8917299509048462,1.9159754514694214,0
2026-01-23 16:00:00+00:00,1.916735053062439,1.9452037811279297,1.916735053062439,1.9352675676345825,0
2026-01-23 17:00:00+00:00,1.9352645874023438,1.9583511352539062,1.9269914627075195,1.9457505941390991,178497920
2026-01-23 18:00:00+00:00,1.945607304573059,1.9559993743896484,1.9422942399978638,1.9450387954711914,68208128
2026-01-23 19:00:00+00:00,1.94438636302948,1.94438636302948,1.9234066009521484,1.9234066009521484,69050112
2026-01-23 20:00:00+00:00,1.9231152534484863,1.9231152534484863,1.9085360765457153,1.9145745038986206,47952640
2026-01-23 21:00:00+00:00,1.9138892889022827,1.92287015914917,1.9137020111083984,1.9180318117141724,20720384
2026-01-23 22:00:00+00:00,1.9179569482803345,1.9247479438781738,1.9172377586364746,1.922837257385254,18764032
2026-01-23 23:00:00+00:00,1.923190951347351,1.923190951347351,1.9183776378631592,1.9195300340652466,356608
2026-01-24 00:00:00+00:00,1.9194978475570679,1.919531226158142,1.9167598485946655,1.9177626371383667,0
2026-01-24 01:00:00+00:00,1.917683720588684,1.918480396270752,1.9152873754501343,1.916700839996338,0
2026-01-24 02:00:00+00:00,1.9166946411132812,1.9228918552398682,1.9166946411132812,1.9213283061981201,0
2026-01-24 03:00:00+00:00,1.921326994895935,1.9232029914855957,1.921000599861145,1.9212268590927124,0
2026-01-24 04:00:00+00:00,1.9211534261703491,1.9244736433029175,1.9209766387939453,1.9224591255187988,0
2026-01-24 05:00:00+00:00,1.9224802255630493,1.922731876373291,1.9186334609985352,1.9186334609985352,0
2026-01-24 06:00:00+00:00,1.9189326763153076,1.919151782989502,1.9160548448562622,1.9160548448562622,0
2026-01-24 07:00:00+00:00,1.9160465002059937,1.9165419340133667,1.9148081541061401,1.9164243936538696,0
2026-01-24 08:00:00+00:00,1.9163892269134521,1.9181309938430786,1.915912389755249,1.9169050455093384,0
2026-01-24 09:00:00+00:00,1.9168750047683716,1.9168750047683716,1.9136391878128052,1.914103627204895,0
2026-01-24 10:00:00+00:00,1.9140839576721191,1.914806604385376,1.913022518157959,1.9147107601165771,0
2026-01-24 11:00:00+00:00,1.9146848917007446,1.9168944358825684,1.9146153926849365,1.9147753715515137,0
2026-01-24 12:00:00+00:00,1.9147529602050781,1.9187101125717163,1.9134266376495361,1.9169752597808838,0
2026-01-24 13:00:00+00:00,1.9170029163360596,1.9208966493606567,1.9166303873062134,1.9203829765319824,0
2026-01-24 14:00:00+00:00,1.9200133085250854,1.9200133085250854,1.9159932136535645,1.916088581085205,0
2026-01-24 15:00:00+00:00,1.9162148237228394,1.9184315204620361,1.9107072353363037,1.9107072353363037,0
2026-01-24 16:00:00+00:00,1.9106934070587158,1.913710594177246,1.909602165222168,1.9131126403808594,0
2026-01-24 17:00:00+00:00,1.912366509437561,1.9153671264648438,1.9116449356079102,1.9139659404754639,0
2026-01-24 18:00:00+00:00,1.9142342805862427,1.9172203540802002,1.9139736890792847,1.9171686172485352,0
2026-01-24 19:00:00+00:00,1.9172552824020386,1.9177443981170654,1.9127309322357178,1.913746953010559,0
2026-01-24 20:00:00+00:00,1.9137614965438843,1.9155759811401367,1.9137614965438843,1.9151312112808228,0
2026-01-24 21:00:00+00:00,1.9149271249771118,1.9149271249771118,1.9124014377593994,1.9145816564559937,0
2026-01-24 22:00:00+00:00,1.9146066904067993,1.9196276664733887,1.9146066904067993,1.9178920984268188,0
2026-01-24 23:00:00+00:00,1.9181854724884033,1.9187226295471191,1.9131205081939697,1.9131205081939697,0
2026-01-25 00:00:00+00:00,1.9129233360290527,1.9135817289352417,1.9093654155731201,1.9107283353805542,2153344
2026-01-25 01:00:00+00:00,1.9108574390411377,1.9113236665725708,1.9017490148544312,1.9024196863174438,30904256
2026-01-25 02:00:00+00:00,1.902550220489502,1.905709147453308,1.902550220489502,1.9044325351715088,0
2026-01-25 03:00:00+00:00,1.9044463634490967,1.9048082828521729,1.8963261842727661,1.8978497982025146,20904448
2026-01-25 04:00:00+00:00,1.89804208278656,1.900476098060608,1.8971359729766846,1.89957857131958,6083264
2026-01-25 05:00:00+00:00,1.8994905948638916,1.8994905948638916,1.8958712816238403,1.898362636566162,0
2026-01-25 06:00:00+00:00,1.8983403444290161,1.8989017009735107,1.894444465637207,1.895637035369873,16581632
2026-01-25 07:00:00+00:00,1.8956358432769775,1.8956358432769775,1.8924620151519775,1.8925222158432007,17604544
2026-01-25 08:00:00+00:00,1.8925230503082275,1.8963605165481567,1.8892043828964233,1.8892097473144531,41912256
2026-01-25 09:00:00+00:00,1.8890526294708252,1.8936693668365479,1.8862227201461792,1.8909785747528076,56251904
2026-01-25 10:00:00+00:00,1.8909467458724976,1.9076908826828003,1.8909467458724976,1.9056305885314941,53060992
2026-01-25 11:00:00+00:00,1.9055886268615723,1.9063595533370972,1.89875066280365,1.8994617462158203,29455744
2026-01-25 12:00:00+00:00,1.8994871377944946,1.89955472946167,1.895755648612976,1.897200107574463,18639232
2026-01-25 13:00:00+00:00,1.8971761465072632,1.8996105194091797,1.8933954238891602,1.8994379043579102,14957824
2026-01-25 14:00:00+00:00,1.8994133472442627,1.8994251489639282,1.8840038776397705,1.8860547542572021,12373760
2026-01-25 15:00:00+00:00,1.8858829736709595,1.8896188735961914,1.8848190307617188,1.8848190307617188,13410944
2026-01-25 16:00:00+00:00,1.8849269151687622,1.8849269151687622,1.8480931520462036,1.8508508205413818,340077184
2026-01-25 17:00:00+00:00,1.8509472608566284,1.85331392288208,1.837283968925476,1.844983458518982,166502400
2026-01-25 18:00:00+00:00,1.8450360298156738,1.8463478088378906,1.8286452293395996,1.8337169885635376,195221120
2026-01-25 19:00:00+00:00,1.8336995840072632,1.835073471069336,1.8145073652267456,1.8157182931900024,224159232
2026-01-25 20:00:00+00:00,1.8158800601959229,1.8225520849227905,1.8138712644577026,1.8225520849227905,156940032
2026-01-25 21:00:00+00:00,1.8222426176071167,1.8376038074493408,1.8222426176071167,1.8376038074493408,141832960
2026-01-25 22:00:00+00:00,1.837488055229187,1.8378669023513794,1.8187988996505737,1.8220021724700928,100776192
2026-01-25 23:00:00+00:00,1.822367548942566,1.8345437049865723,1.822367548942566,1.832876443862915,115334144
2026-01-26 00:00:00+00:00,1.833092451095581,1.8500134944915771,1.833092451095581,1.8499820232391357,90908672
2026-01-26 01:00:00+00:00,1.8501497507095337,1.8846149444580078,1.8501497507095337,1.8837212324142456,160507648
2026-01-26 02:00:00+00:00,1.8838742971420288,1.8838742971420288,1.873030662536621,1.8752522468566895,78513152
2026-01-26 03:00:00+00:00,1.875170111656189,1.879489779472351,1.8642170429229736,1.8643827438354492,21521152
2026-01-26 04:00:00+00:00,1.8645529747009277,1.8883761167526245,1.8645529747009277,1.877251386642456,89084416
2026-01-26 05:00:00+00:00,1.8772255182266235,1.8789716958999634,1.8742262125015259,1.8789716958999634,27523584
2026-01-26 06:00:00+00:00,1.8789631128311157,1.8817349672317505,1.8758679628372192,1.879995346069336,28952576
2026-01-26 07:00:00+00:00,1.878864049911499,1.8804875612258911,1.8769831657409668,1.8804082870483398,46025728
2026-01-26 08:00:00+00:00,1.880380630493164,1.8919702768325806,1.8794952630996704,1.8859190940856934,45438464
2026-01-26 09:00:00+00:00,1.8861454725265503,1.8863931894302368,1.876102089881897,1.876328468322754,2203904
2026-01-26 10:00:00+00:00,1.8764779567718506,1.8878298997879028,1.8764779567718506,1.8852598667144775,0
2026-01-26 11:00:00+00:00,1.8852208852767944,1.8915419578552246,1.8852208852767944,1.8893529176712036,17356288
2026-01-26 12:00:00+00:00,1.8893179893493652,1.8984066247940063,1.8893179893493652,1.8963987827301025,36216064
2026-01-26 13:00:00+00:00,1.8965398073196411,1.9122060537338257,1.8965398073196411,1.9034367799758911,98407936
2026-01-26 14:00:00+00:00,1.9034305810928345,1.921590805053711,1.9020787477493286,1.913862705230713,145891072
2026-01-26 15:00:00+00:00,1.9161553382873535,1.937290072441101,1.9133176803588867,1.9230283498764038,238434560
2026-01-26 16:00:00+00:00,1.923201560974121,1.9290452003479004,1.91792631149292,1.9195376634597778,0
2026-01-26 17:00:00+00:00,1.9192041158676147,1.9192041158676147,1.899433970451355,1.9096320867538452,0
2026-01-26 18:00:00+00:00,1.9097555875778198,1.921838641166687,1.9074162244796753,1.9143167734146118,0
2026-01-26 19:00:00+00:00,1.9146116971969604,1.9181956052780151,1.9052891731262207,1.9052891731262207,0
2026-01-26 20:00:00+00:00,1.90529465675354,1.9058417081832886,1.8916175365447998,1.8917104005813599,0
2026-01-26 21:00:00+00:00,1.8914697170257568,1.9008636474609375,1.8888565301895142,1.898134469985962,0
2026-01-26 22:00:00+00:00,1.8981640338897705,1.8998219966888428,1.8942930698394775,1.8980540037155151,0
2026-01-26 23:00:00+00:00,1.8969345092773438,1.9093550443649292,1.8951915502548218,1.9034881591796875,0
2026-01-27 00:00:00+00:00,1.9027851819992065,1.9027851819992065,1.8977822065353394,1.9007762670516968,0
2026-01-27 01:00:00+00:00,1.9008355140686035,1.905719518661499,1.8971168994903564,1.9037747383117676,0
2026-01-27 02:00:00+00:00,1.9037610292434692,1.910818099975586,1.9037610292434692,1.9107470512390137,0
2026-01-27 03:00:00+00:00,1.9112533330917358,1.9133483171463013,1.907067060470581,1.9071154594421387,0
2026-01-27 04:00:00+00:00,1.9069994688034058,1.9129366874694824,1.9066976308822632,1.9077515602111816,0
2026-01-27 05:00:00+00:00,1.9076318740844727,1.9076318740844727,1.8994364738464355,1.8994364738464355,0
2026-01-27 06:00:00+00:00,1.8994404077529907,1.899959921836853,1.8935644626617432,1.8958864212036133,0
2026-01-27 07:00:00+00:00,1.8960435390472412,1.8980082273483276,1.8955886363983154,1.8955886363983154,0
2026-01-27 08:00:00+00:00,1.8958771228790283,1.899318814277649,1.891527533531189,1.89293372631073,0
2026-01-27 09:00:00+00:00,1.8928998708724976,1.8928998708724976,1.8817083835601807,1.8817083835601807,0
2026-01-27 10:00:00+00:00,1.8815536499023438,1.8862720727920532,1.8811113834381104,1.8822205066680908,0
2026-01-27 11:00:00+00:00,1.8823609352111816,1.8889652490615845,1.880846619606018,1.8879141807556152,0
2026-01-27 12:00:00+00:00,1.8878390789031982,1.889512538909912,1.8826320171356201,1.883290410041809,0
2026-01-27 13:00:00+00:00,1.8832992315292358,1.883435606956482,1.8740235567092896,1.8740869760513306,0
2026-01-27 14:00:00+00:00,1.8741426467895508,1.891090989112854,1.8741391897201538,1.8813735246658325,0
2026-01-27 15:00:00+00:00,1.8812861442565918,1.8902300596237183,1.8786053657531738,1.890158772468567,0
2026-01-27 16:00:00+00:00,1.8900864124298096,1.9099717140197754,1.8900864124298096,1.9087450504302979,1993088
2026-01-27 17:00:00+00:00,1.9091616868972778,1.9108142852783203,1.8773258924484253,1.8776116371154785,24888320
2026-01-27 18:00:00+00:00,1.8777658939361572,1.9025195837020874,1.877740502357483,1.9025195837020874,0
2026-01-27 19:00:00+00:00,1.9026010036468506,1.9061167240142822,1.8978840112686157,1.9042202234268188,6278656
2026-01-27 20:00:00+00:00,1.904225468635559,1.9230852127075195,1.9041974544525146,1.9196032285690308,72451328
2026-01-27 21:00:00+00:00,1.9200325012207031,1.9253569841384888,1.910982608795166,1.910982608795166,6114816
2026-01-27 22:00:00+00:00,1.9111183881759644,1.9209766387939453,1.9104143381118774,1.9184517860412598,14782208
2026-01-27 23:00:00+00:00,1.9182401895523071,1.9182401895523071,1.9139281511306763,1.9139281511306763,3752704
2026-01-28 00:00:00+00:00,1.9139842987060547,1.9147893190383911,1.9073312282562256,1.9085686206817627,7191552
2026-01-28 01:00:00+00:00,1.9087443351745605,1.9088528156280518,1.8970975875854492,1.9003251791000366,12478464
2026-01-28 02:00:00+00:00,1.9003030061721802,1.9009854793548584,1.893784523010254,1.899066686630249,6315776
2026-01-28 03:00:00+00:00,1.8990604877471924,1.9000567197799683,1.896185040473938,1.899690866470337,0
2026-01-28 04:00:00+00:00,1.899577021598816,1.9004448652267456,1.895670771598816,1.899015188217163,0
2026-01-28 05:00:00+00:00,1.898951530456543,1.9081287384033203,1.8983033895492554,1.9081287384033203,16882432
2026-01-28 06:00:00+00:00,1.9083945751190186,1.920968770980835,1.9083945751190186,1.9207837581634521,29618688
2026-01-28 07:00:00+00:00,1.9202849864959717,1.9202849864959717,1.9128957986831665,1.9130181074142456,13148416
2026-01-28 08:00:00+00:00,1.9130048751831055,1.914974331855774,1.907234787940979,1.907234787940979,14050304
2026-01-28 09:00:00+00:00,1.9072723388671875,1.925690770149231,1.905479907989502,1.925690770149231,27014144
2026-01-28 10:00:00+00:00,1.9258850812911987,1.9300658702850342,1.9244202375411987,1.9261518716812134,30022912
2026-01-28 11:00:00+00:00,1.926126480102539,1.9366083145141602,1.9220523834228516,1.9365215301513672,26471168
2026-01-28 12:00:00+00:00,1.9367952346801758,1.9379206895828247,1.9241716861724854,1.9241716861724854,68929792
2026-01-28 13:00:00+00:00,1.9241706132888794,1.9337105751037598,1.9238994121551514,1.9298089742660522,24478208
2026-01-28 14:00:00+00:00,1.9299770593643188,1.9301352500915527,1.9159270524978638,1.9185351133346558,0
2026-01-28 15:00:00+00:00,1.9183348417282104,1.9201184511184692,1.9033452272415161,1.9061260223388672,47328768
2026-01-28 16:00:00+00:00,1.9056555032730103,1.9112623929977417,1.9020601511001587,1.9065678119659424,0
2026-01-28 17:00:00+00:00,1.9063156843185425,1.9211177825927734,1.9035046100616455,1.91962468624115,0
2026-01-28 18:00:00+00:00,1.9185473918914795,1.9185473918914795,1.9110194444656372,1.9128849506378174,15657216
2026-01-28 19:00:00+00:00,1.9128352403640747,1.9187768697738647,1.906557559967041,1.9187768697738647,36234496
2026-01-28 20:00:00+00:00,1.9175095558166504,1.9257956743240356,1.914602518081665,1.9174201488494873,0
2026-01-28 21:00:00+00:00,1.9171735048294067,1.9176188707351685,1.9073827266693115,1.913848876953125,0
2026-01-28 22:00:00+00:00,1.9131743907928467,1.9155919551849365,1.9076718091964722,1.9155919551849365,0
2026-01-28 23:00:00+00:00,1.9155960083007812,1.9155960083007812,1.9070146083831787,1.9087555408477783,196608
2026-01-29 00:00:00+00:00,1.90850830078125,1.9085936546325684,1.8996176719665527,1.9017912149429321,3607552
2026-01-29 01:00:00+00:00,1.9019495248794556,1.9045881032943726,1.8894588947296143,1.889549970626831,4903936
2026-01-29 02:00:00+00:00,1.8893970251083374,1.892910361289978,1.869913101196289,1.8715269565582275,81554176
2026-01-29 03:00:00+00:00,1.8717353343963623,1.8798418045043945,1.8697670698165894,1.8741459846496582,57058560
2026-01-29 04:00:00+00:00,1.8739659786224365,1.8760027885437012,1.865218162536621,1.875908613204956,60538880
2026-01-29 05:00:00+00:00,1.8758047819137573,1.8803542852401733,1.8758047819137573,1.8765488862991333,28601600
2026-01-29 06:00:00+00:00,1.8763084411621094,1.8858141899108887,1.8763084411621094,1.8837511539459229,31397632
2026-01-29 07:00:00+00:00,1.883417010307312,1.8851547241210938,1.8822662830352783,1.884255290031433,79603712
2026-01-29 08:00:00+00:00,1.8838707208633423,1.8838707208633423,1.8757339715957642,1.8766406774520874,124634880
2026-01-29 09:00:00+00:00,1.876651406288147,1.8770495653152466,1.8704544305801392,1.871718406677246,144356096
2026-01-29 10:00:00+00:00,1.8716901540756226,1.8732036352157593,1.8688863515853882,1.8716942071914673,78012416
2026-01-29 11:00:00+00:00,1.8716188669204712,1.8716188669204712,1.8658665418624878,1.868255853652954,170068992
2026-01-29 12:00:00+00:00,1.8683868646621704,1.8697011470794678,1.866385579109192,1.8683215379714966,0
2026-01-29 13:00:00+00:00,1.868453860282898,1.8731356859207153,1.868453860282898,1.871367335319519,0
2026-01-29 14:00:00+00:00,1.8715600967407227,1.8741495609283447,1.8302042484283447,1.8302042484283447,214333440
2026-01-29 15:00:00+00:00,1.8300368785858154,1.8300368785858154,1.7899432182312012,1.8021855354309082,498769664
2026-01-29 16:00:00+00:00,1.8019800186157227,1.8130124807357788,1.7931935787200928,1.8130124807357788,199556608
2026-01-29 17:00:00+00:00,1.8127793073654175,1.838402509689331,1.8127793073654175,1.8140015602111816,146222080
2026-01-29 18:00:00+00:00,1.8138561248779297,1.8141288757324219,1.7866791486740112,1.7866791486740112,157101568
2026-01-29 19:00:00+00:00,1.7865583896636963,1.7915323972702026,1.7774858474731445,1.788071870803833,163519488
2026-01-29 20:00:00+00:00,1.7878832817077637,1.8030661344528198,1.7847282886505127,1.802956223487854,52050944
2026-01-29 21:00:00+00:00,1.8015916347503662,1.8015916347503662,1.795816421508789,1.8000625371932983,41075200
2026-01-29 22:00:00+00:00,1.8004491329193115,1.8092565536499023,1.8004491329193115,1.8090112209320068,19782656
2026-01-29 23:00:00+00:00,1.808606743812561,1.808606743812561,1.7968500852584839,1.8050880432128906,25318912
2026-01-30 00:00:00+00:00,1.805070400238037,1.8093211650848389,1.7962253093719482,1.7963721752166748,28729856
2026-01-30 01:00:00+00:00,1.7961169481277466,1.7982902526855469,1.7397769689559937,1.7555996179580688,505097216
2026-01-30 02:00:00+00:00,1.7548813819885254,1.7562217712402344,1.7285135984420776,1.7439898252487183,193438720
2026-01-30 03:00:00+00:00,1.744724988937378,1.7572810649871826,1.7434139251708984,1.7459626197814941,38255104
2026-01-30 04:00:00+00:00,1.7456876039505005,1.7658498287200928,1.7456876039505005,1.7629071474075317,57153024
2026-01-30 05:00:00+00:00,1.761979103088379,1.765052080154419,1.7570656538009644,1.7639130353927612,8779776
2026-01-30 06:00:00+00:00,1.7634673118591309,1.7634673118591309,1.7350913286209106,1.7381223440170288,31354368
2026-01-30 07:00:00+00:00,1.7383602857589722,1.7567505836486816,1.7382423877716064,1.7564926147460938,11538432
2026-01-30 08:00:00+00:00,1.7565969228744507,1.7585915327072144,1.743207573890686,1.7473493814468384,0
2026-01-30 09:00:00+00:00,1.7471940517425537,1.7494933605194092,1.7357306480407715,1.7367933988571167,0
2026-01-30 10:00:00+00:00,1.7370080947875977,1.7475543022155762,1.736628770828247,1.7467089891433716,0
2026-01-30 11:00:00+00:00,1.746894121170044,1.7652840614318848,1.7466851472854614,1.7652509212493896,0
2026-01-30 12:00:00+00:00,1.7669299840927124,1.7695890665054321,1.7578580379486084,1.7579927444458008,25508864
2026-01-30 13:00:00+00:00,1.7583099603652954,1.7588392496109009,1.747319221496582,1.748070240020752,79314432
2026-01-30 14:00:00+00:00,1.7482857704162598,1.7703076601028442,1.7482857704162598,1.7585539817810059,0
2026-01-30 15:00:00+00:00,1.7584997415542603,1.7731740474700928,1.7444616556167603,1.7579612731933594,0
2026-01-30 16:00:00+00:00,1.7581865787506104,1.7671927213668823,1.7514803409576416,1.7592605352401733,0
2026-01-30 17:00:00+00:00,1.7594287395477295,1.768270492553711,1.7503794431686401,1.7523667812347412,0
2026-01-30 18:00:00+00:00,1.7509883642196655,1.7692779302597046,1.7135812044143677,1.7692779302597046,63666688
2026-01-30 19:00:00+00:00,1.7696558237075806,1.7801086902618408,1.768474817276001,1.7734512090682983,0
2026-01-30 20:00:00+00:00,1.7727950811386108,1.7727950811386108,1.7377153635025024,1.7410506010055542,66865152
2026-01-30 21:00:00+00:00,1.7402904033660889,1.7453529834747314,1.7256033420562744,1.7299764156341553,37507584
2026-01-30 22:00:00+00:00,1.729541301727295,1.729541301727295,1.717248797416687,1.7256653308868408,50333696
2026-01-30 23:00:00+00:00,1.7260123491287231,1.7327157258987427,1.7233972549438477,1.7324262857437134,11782144
2026-01-31 00:00:00+00:00,1.7323875427246094,1.7366368770599365,1.7323875427246094,1.7340065240859985,0
2026-01-31 01:00:00+00:00,1.7340104579925537,1.7441307306289673,1.7340104579925537,1.7441307306289673,0
2026-01-31 02:00:00+00:00,1.7440301179885864,1.7491734027862549,1.7354642152786255,1.7476942539215088,0
2026-01-31 03:00:00+00:00,1.7476738691329956,1.7486323118209839,1.7412374019622803,1.741442322731018,0
2026-01-31 04:00:00+00:00,1.741447925567627,1.7451528310775757,1.7348121404647827,1.7348469495773315,0
2026-01-31 05:00:00+00:00,1.7348756790161133,1.7350587844848633,1.7293857336044312,1.734239935874939,0
2026-01-31 06:00:00+00:00,1.7342724800109863,1.7357922792434692,1.721409797668457,1.7261948585510254,0
2026-01-31 07:00:00+00:00,1.7261689901351929,1.7287297248840332,1.714443325996399,1.716630220413208,3540480
2026-01-31 08:00:00+00:00,1.7165043354034424,1.7178587913513184,1.683404564857483,1.6928448677062988,223763456
2026-01-31 09:00:00+00:00,1.6927369832992554,1.702518343925476,1.6924052238464355,1.6992985010147095,0
2026-01-31 10:00:00+00:00,1.6990902423858643,1.707533836364746,1.694556713104248,1.705831527709961,564480
2026-01-31 11:00:00+00:00,1.7058048248291016,1.7058048248291016,1.6981441974639893,1.6985927820205688,0
2026-01-31 12:00:00+00:00,1.6986440420150757,1.6986846923828125,1.6868476867675781,1.6891708374023438,13499392
2026-01-31 13:00:00+00:00,1.6890103816986084,1.6890103816986084,1.672642707824707,1.672918438911438,24703744
2026-01-31 14:00:00+00:00,1.6729735136032104,1.6759183406829834,1.6178232431411743,1.6372281312942505,469736192
2026-01-31 15:00:00+00:00,1.6373687982559204,1.6521382331848145,1.6369216442108154,1.6371183395385742,0
2026-01-31 16:00:00+00:00,1.6370394229888916,1.6444721221923828,1.608887791633606,1.609250783920288,187175168
2026-01-31 17:00:00+00:00,1.6096346378326416,1.61081862449646,1.5604969263076782,1.566290259361267,728507392
2026-01-31 18:00:00+00:00,1.56648850440979,1.5857369899749756,1.547796607017517,1.5769041776657104,556036096
2026-01-31 19:00:00+00:00,1.5780677795410156,1.6007273197174072,1.5771214962005615,1.5859955549240112,261078016
2026-01-31 20:00:00+00:00,1.5851058959960938,1.5921916961669922,1.5738029479980469,1.5921916961669922,0
2026-01-31 21:00:00+00:00,1.5921754837036133,1.622577428817749,1.590258240699768,1.6194652318954468,99737600
2026-01-31 22:00:00+00:00,1.6193839311599731,1.6194236278533936,1.6055511236190796,1.6117879152297974,23202816
2026-01-31 23:00:00+00:00,1.6116631031036377,1.648787021636963,1.6116631031036377,1.6454658508300781,165592576
2026-02-01 00:00:00+00:00,1.64584219455719,1.6702275276184082,1.6447935104370117,1.6636812686920166,175997440
2026-02-01 01:00:00+00:00,1.663365125656128,1.6634583473205566,1.6480276584625244,1.659218192100525,123525632
2026-02-01 02:00:00+00:00,1.6592812538146973,1.6732221841812134,1.6582638025283813,1.67115318775177,76511232
2026-02-01 03:00:00+00:00,1.671195149421692,1.671195149421692,1.6610238552093506,1.6649196147918701,30277632
2026-02-01 04:00:00+00:00,1.664922833442688,1.671052098274231,1.6622613668441772,1.6660557985305786,14596096
2026-02-01 05:00:00+00:00,1.6657620668411255,1.6670387983322144,1.658726453781128,1.659096360206604,33089024
2026-02-01 06:00:00+00:00,1.6591709852218628,1.6694974899291992,1.6554464101791382,1.6554464101791382,42131456
2026-02-01 07:00:00+00:00,1.6556422710418701,1.6672509908676147,1.6481446027755737,1.660412311553955,14804480
2026-02-01 08:00:00+00:00,1.6604382991790771,1.6725119352340698,1.6591728925704956,1.6628280878067017,0
2026-02-01 09:00:00+00:00,1.662819743156433,1.6642563343048096,1.654509425163269,1.6634116172790527,0
2026-02-01 10:00:00+00:00,1.6630964279174805,1.6655495166778564,1.6344209909439087,1.6344209909439087,15413760
2026-02-01 11:00:00+00:00,1.6342884302139282,1.6507967710494995,1.6329307556152344,1.647800326347351,53287936
2026-02-01 12:00:00+00:00,1.6476967334747314,1.6480008363723755,1.6366009712219238,1.638951301574707,0
2026-02-01 13:00:00+00:00,1.6388722658157349,1.6477521657943726,1.6287555694580078,1.628922462463379,0
2026-02-01 14:00:00+00:00,1.6285901069641113,1.6286379098892212,1.6034232378005981,1.6193410158157349,0
2026-02-01 15:00:00+00:00,1.6183576583862305,1.6183576583862305,1.5789932012557983,1.593045949935913,28738560
2026-02-01 16:00:00+00:00,1.5926434993743896,1.6016103029251099,1.5858545303344727,1.5921307802200317,0
2026-02-01 17:00:00+00:00,1.5924886465072632,1.5989774465560913,1.5891233682632446,1.5968725681304932,0
2026-02-01 18:00:00+00:00,1.5977016687393188,1.6208157539367676,1.5977016687393188,1.6109061241149902,0
2026-02-01 19:00:00+00:00,1.6118141412734985,1.6122592687606812,1.5927430391311646,1.5934537649154663,0
2026-02-01 20:00:00+00:00,1.5945109128952026,1.6072492599487305,1.584513545036316,1.5977447032928467,0
2026-02-01 21:00:00+00:00,1.5977325439453125,1.5977330207824707,1.5857586860656738,1.5864160060882568,0
2026-02-01 22:00:00+00:00,1.5893617868423462,1.6077420711517334,1.5888053178787231,1.601118564605713,12566272
2026-02-01 23:00:00+00:00,1.6004904508590698,1.60358464717865,1.5614824295043945,1.5913969278335571,273790464
2026-02-02 00:00:00+00:00,1.5911020040512085,1.6127574443817139,1.5868065357208252,1.6035492420196533,0
2026-02-02 01:00:00+00:00,1.603804349899292,1.6104050874710083,1.5870413780212402,1.6025151014328003,0
2026-02-02 02:00:00+00:00,1.602613091468811,1.602613091468811,1.5869470834732056,1.5874907970428467,0
2026-02-02 03:00:00+00:00,1.5876665115356445,1.588369369506836,1.532645583152771,1.5790373086929321,440512256
2026-02-02 04:00:00+00:00,1.5788756608963013,1.5929807424545288,1.5608783960342407,1.576206922531128,163499008
2026-02-02 05:00:00+00:00,1.5760443210601807,1.5760443210601807,1.5398821830749512,1.5463851690292358,186392064
2026-02-02 06:00:00+00:00,1.5467331409454346,1.5805437564849854,1.5350656509399414,1.576093316078186,399010816
2026-02-02 07:00:00+00:00,1.5758898258209229,1.5880554914474487,1.5758898258209229,1.5816658735275269,86674432
2026-02-02 08:00:00+00:00,1.5812668800354004,1.5953078269958496,1.5799691677093506,1.5939610004425049,65150464
2026-02-02 09:00:00+00:00,1.5932544469833374,1.6090166568756104,1.5887483358383179,1.608806848526001,140115456
2026-02-02 10:00:00+00:00,1.6083928346633911,1.6118453741073608,1.6054294109344482,1.608567476272583,0
2026-02-02 11:00:00+00:00,1.6085981130599976,1.6239593029022217,1.6085981130599976,1.6217769384384155,54250496
2026-02-02 12:00:00+00:00,1.6212334632873535,1.644577145576477,1.6212334632873535,1.6444019079208374,172802560
2026-02-02 13:00:00+00:00,1.6440527439117432,1.6473020315170288,1.637898325920105,1.63933527469635,72599552
2026-02-02 14:00:00+00:00,1.6391565799713135,1.6391565799713135,1.625957727432251,1.6287494897842407,29873152
2026-02-02 15:00:00+00:00,1.628954291343689,1.6473171710968018,1.628954291343689,1.63937246799469,0
2026-02-02 16:00:00+00:00,1.6393996477127075,1.6529382467269897,1.6393996477127075,1.642988920211792,0
2026-02-02 17:00:00+00:00,1.6428171396255493,1.651140570640564,1.6389739513397217,1.6413121223449707,6502400
2026-02-02 18:00:00+00:00,1.641507625579834,1.6440998315811157,1.6367782354354858,1.6423171758651733,0
2026-02-02 19:00:00+00:00,1.642311930656433,1.642311930656433,1.6261811256408691,1.6271121501922607,0
2026-02-02 20:00:00+00:00,1.6264089345932007,1.6297403573989868,1.6157933473587036,1.6201491355895996,0
2026-02-02 21:00:00+00:00,1.6180245876312256,1.6241060495376587,1.6141383647918701,1.6232221126556396,0
2026-02-02 22:00:00+00:00,1.6231094598770142,1.630308747291565,1.6222000122070312,1.624875545501709,0
2026-02-02 23:00:00+00:00,1.6249401569366455,1.6249401569366455,1.6180139780044556,1.6205580234527588,0
2026-02-03 00:00:00+00:00,1.6203672885894775,1.6203672885894775,1.6097841262817383,1.6152712106704712,0
2026-02-03 01:00:00+00:00,1.6153417825698853,1.616290807723999,1.6083528995513916,1.614612102508545,0
2026-02-03 02:00:00+00:00,1.6147289276123047,1.6155471801757812,1.5931315422058105,1.5937646627426147,0
2026-02-03 03:00:00+00:00,1.5919488668441772,1.6112693548202515,1.590274691581726,1.6112693548202515,0
2026-02-03 04:00:00+00:00,1.6110386848449707,1.6226122379302979,1.6098508834838867,1.6212142705917358,0
2026-02-03 05:00:00+00:00,1.6211916208267212,1.6211916208267212,1.6087441444396973,1.6087441444396973,0
2026-02-03 06:00:00+00:00,1.6087480783462524,1.6105061769485474,1.5998395681381226,1.6105061769485474,0
2026-02-03 07:00:00+00:00,1.6103683710098267,1.6190944910049438,1.6083142757415771,1.6163331270217896,0
2026-02-03 08:00:00+00:00,1.6161314249038696,1.622902274131775,1.6126011610031128,1.6158849000930786,0
2026-02-03 09:00:00+00:00,1.6156730651855469,1.6196993589401245,1.5959827899932861,1.6029785871505737,0
2026-02-03 10:00:00+00:00,1.602857232093811,1.6053178310394287,1.597455382347107,1.5974655151367188,0
2026-02-03 11:00:00+00:00,1.5977230072021484,1.6046086549758911,1.5977230072021484,1.604134202003479,0
2026-02-03 12:00:00+00:00,1.6039626598358154,1.608391523361206,1.5992594957351685,1.6081032752990723,0
2026-02-03 13:00:00+00:00,1.6078497171401978,1.6097086668014526,1.6055535078048706,1.6096891164779663,0
2026-02-03 14:00:00+00:00,1.6093670129776,1.6131718158721924,1.586338758468628,1.586338758468628,0
2026-02-03 15:00:00+00:00,1.5861612558364868,1.6148138046264648,1.5813013315200806,1.6148138046264648,104189952
2026-02-03 16:00:00+00:00,1.614769697189331,1.6161860227584839,1.5842444896697998,1.58524489402771,52920320
2026-02-03 17:00:00+00:00,1.5849554538726807,1.5861001014709473,1.559617280960083,1.559617280960083,109793024
2026-02-03 18:00:00+00:00,1.5591336488723755,1.5607407093048096,1.5305633544921875,1.5315924882888794,315322368
2026-02-03 19:00:00+00:00,1.5315678119659424,1.582998275756836,1.5295486450195312,1.5796788930892944,292891136
2026-02-03 20:00:00+00:00,1.5798488855361938,1.6193182468414307,1.5663888454437256,1.6118738651275635,232497920
2026-02-03 21:00:00+00:00,1.613389253616333,1.6253817081451416,1.6021876335144043,1.6021876335144043,99311360
2026-02-03 22:00:00+00:00,1.6022053956985474,1.6022053956985474,1.5851424932479858,1.5853732824325562,38698752
2026-02-03 23:00:00+00:00,1.585701823234558,1.5858410596847534,1.5718424320220947,1.5742262601852417,43660800
2026-02-04 00:00:00+00:00,1.5753333568572998,1.581908941268921,1.5681811571121216,1.5760704278945923,5498112
2026-02-04 01:00:00+00:00,1.5760258436203003,1.5982869863510132,1.5753628015518188,1.5912927389144897,35389440
2026-02-04 02:00:00+00:00,1.5911375284194946,1.5914462804794312,1.5768134593963623,1.5807466506958008,0
2026-02-04 03:00:00+00:00,1.5807069540023804,1.6012707948684692,1.5807069540023804,1.597963571548462,27023360
2026-02-04 04:00:00+00:00,1.5978456735610962,1.599461317062378,1.5931044816970825,1.5931044816970825,0
2026-02-04 05:00:00+00:00,1.5931127071380615,1.5931978225708008,1.583740234375,1.5841118097305298,0
2026-02-04 06:00:00+00:00,1.5842138528823853,1.6016677618026733,1.5842138528823853,1.6011947393417358,26872832
2026-02-04 07:00:00+00:00,1.6010892391204834,1.6049602031707764,1.5976712703704834,1.6026562452316284,0
2026-02-04 08:00:00+00:00,1.6027696132659912,1.6087294816970825,1.5997871160507202,1.607808232307434,0
2026-02-04 09:00:00+00:00,1.6074421405792236,1.6074421405792236,1.596265435218811,1.596961498260498,0
2026-02-04 10:00:00+00:00,1.5968817472457886,1.6001079082489014,1.59439218044281,1.59439218044281,0
2026-02-04 11:00:00+00:00,1.5942214727401733,1.5942214727401733,1.579511284828186,1.59108567237854,81882112
2026-02-04 12:00:00+00:00,1.5908865928649902,1.5946816205978394,1.5882930755615234,1.5889054536819458,0
2026-02-04 13:00:00+00:00,1.5887787342071533,1.5887787342071533,1.567781925201416,1.567781925201416,63718144
2026-02-04 14:00:00+00:00,1.5674703121185303,1.5696587562561035,1.5489180088043213,1.5489180088043213,81980416
2026-02-04 15:00:00+00:00,1.5481770038604736,1.5550116300582886,1.5371531248092651,1.5404715538024902,50566400
2026-02-04 16:00:00+00:00,1.540614366531372,1.5417518615722656,1.5202783346176147,1.5312145948410034,120515072
2026-02-04 17:00:00+00:00,1.5308756828308105,1.5308756828308105,1.5088411569595337,1.5161529779434204,67324928
2026-02-04 18:00:00+00:00,1.5159640312194824,1.5466639995574951,1.504805326461792,1.53745436668396,0
2026-02-04 19:00:00+00:00,1.5340358018875122,1.5513468980789185,1.5265079736709595,1.5513468980789185,0
2026-02-04 20:00:00+00:00,1.551104187965393,1.551104187965393,1.5349810123443604,1.5358394384384155,0
2026-02-04 21:00:00+00:00,1.5354136228561401,1.5354136228561401,1.5064195394515991,1.5099983215332031,0
2026-02-04 22:00:00+00:00,1.5104191303253174,1.5387736558914185,1.497360110282898,1.5093406438827515,138010624
2026-02-04 23:00:00+00:00,1.5097545385360718,1.5194811820983887,1.5060961246490479,1.5104670524597168,73914880
2026-02-05 00:00:00+00:00,1.509689211845398,1.509689211845398,1.4904580116271973,1.4904580116271973,49139200
2026-02-05 01:00:00+00:00,1.4879062175750732,1.494992971420288,1.467046856880188,1.4711720943450928,228138752
2026-02-05 02:00:00+00:00,1.4710620641708374,1.4759912490844727,1.4582964181900024,1.4582964181900024,186260992
2026-02-05 03:00:00+00:00,1.4530131816864014,1.4597514867782593,1.4402154684066772,1.4402154684066772,156929536
2026-02-05 04:00:00+00:00,1.440464735031128,1.453655481338501,1.4400802850723267,1.4433695077896118,183108096
2026-02-05 05:00:00+00:00,1.4433884620666504,1.450767159461975,1.4313164949417114,1.4404290914535522,176668160
2026-02-05 06:00:00+00:00,1.4402008056640625,1.4402008056640625,1.418741226196289,1.422864317893982,165128704
2026-02-05 07:00:00+00:00,1.4232065677642822,1.4444345235824585,1.4232065677642822,1.432187557220459,91089408
2026-02-05 08:00:00+00:00,1.4318913221359253,1.436630129814148,1.4277253150939941,1.4298049211502075,60332544
2026-02-05 09:00:00+00:00,1.4292937517166138,1.4378503561019897,1.4134658575057983,1.4134658575057983,122603520
2026-02-05 10:00:00+00:00,1.41334867477417,1.41334867477417,1.360643744468689,1.3616361618041992,320050688
2026-02-05 11:00:00+00:00,1.362623691558838,1.3756129741668701,1.345375418663025,1.359787106513977,417806336
2026-02-05 12:00:00+00:00,1.3603402376174927,1.3701516389846802,1.3567028045654297,1.3647295236587524,287103488
2026-02-05 13:00:00+00:00,1.3644003868103027,1.3644003868103027,1.34455144405365,1.3529773950576782,177664000
2026-02-05 14:00:00+00:00,1.3528079986572266,1.3773925304412842,1.352514386177063,1.3608886003494263,135021568
2026-02-05 15:00:00+00:00,1.360381841659546,1.360381841659546,1.277177333831787,1.2934486865997314,745065984
2026-02-05 16:00:00+00:00,1.293891429901123,1.2992535829544067,1.2758781909942627,1.2824732065200806,276649472
2026-02-05 17:00:00+00:00,1.2823866605758667,1.2823866605758667,1.2243831157684326,1.254848837852478,492353536
2026-02-05 18:00:00+00:00,1.2544822692871094,1.2553173303604126,1.2180900573730469,1.2553173303604126,234677760
2026-02-05 19:00:00+00:00,1.2586026191711426,1.2586026191711426,1.211065649986267,1.211065649986267,196550656
2026-02-05 20:00:00+00:00,1.2112812995910645,1.2153533697128296,1.150820255279541,1.1880288124084473,931435520
2026-02-05 21:00:00+00:00,1.1867729425430298,1.1919317245483398,1.1556025743484497,1.1564000844955444,541201408
2026-02-05 22:00:00+00:00,1.1569565534591675,1.2261658906936646,1.1535985469818115,1.2214932441711426,554064896
2026-02-05 23:00:00+00:00,1.222344160079956,1.2566379308700562,1.211557149887085,1.2135064601898193,438350848
2026-02-06 00:00:00+00:00,1.2126734256744385,1.2284296751022339,1.1339051723480225,1.2147952318191528,1202098176
2026-02-06 01:00:00+00:00,1.2148767709732056,1.2855572700500488,1.2148767709732056,1.2833284139633179,460181504
2026-02-06 02:00:00+00:00,1.282552719116211,1.282552719116211,1.2454664707183838,1.2563769817352295,112688128
2026-02-06 03:00:00+00:00,1.256758213043213,1.2725638151168823,1.256758213043213,1.2656742334365845,0
2026-02-06 04:00:00+00:00,1.2664045095443726,1.2859972715377808,1.2651344537734985,1.2777105569839478,20601856
2026-02-06 05:00:00+00:00,1.2781562805175781,1.3229053020477295,1.2781562805175781,1.3229053020477295,271946752
2026-02-06 06:00:00+00:00,1.323449730873108,1.3292597532272339,1.3052054643630981,1.3062559366226196,94782464
2026-02-06 07:00:00+00:00,1.3047280311584473,1.3072378635406494,1.2885783910751343,1.292525053024292,21993472
2026-02-06 08:00:00+00:00,1.292383074760437,1.3029788732528687,1.2878021001815796,1.3012385368347168,146212864
2026-02-06 09:00:00+00:00,1.3015016317367554,1.3275467157363892,1.2947026491165161,1.3275467157363892,110516224
2026-02-06 10:00:00+00:00,1.3273087739944458,1.3780711889266968,1.3273087739944458,1.3615810871124268,251624448
2026-02-06 11:00:00+00:00,1.3610531091690063,1.3667813539505005,1.353539228439331,1.3667813539505005,0
2026-02-06 12:00:00+00:00,1.366963505744934,1.3775583505630493,1.3600026369094849,1.3759063482284546,0
2026-02-06 13:00:00+00:00,1.3769832849502563,1.4370169639587402,1.3769832849502563,1.430944800376892,590942208
2026-02-06 14:00:00+00:00,1.4312620162963867,1.4677152633666992,1.406402349472046,1.4635014533996582,461659136
2026-02-06 15:00:00+00:00,1.470555305480957,1.5387649536132812,1.4677215814590454,1.5165804624557495,0
2026-02-06 16:00:00+00:00,1.5166348218917847,1.5263292789459229,1.493329405784607,1.493329405784607,17025024
2026-02-06 17:00:00+00:00,1.4935123920440674,1.5120763778686523,1.4873263835906982,1.4973560571670532,0
2026-02-06 18:00:00+00:00,1.4972268342971802,1.4972268342971802,1.4534690380096436,1.4567806720733643,0
2026-02-06 19:00:00+00:00,1.456673502922058,1.4604004621505737,1.44144606590271,1.4558560848236084,0
2026-02-06 20:00:00+00:00,1.4558660984039307,1.4595739841461182,1.4454448223114014,1.4454448223114014,0
2026-02-06 21:00:00+00:00,1.4492977857589722,1.4628825187683105,1.4458791017532349,1.4579211473464966,0
2026-02-06 22:00:00+00:00,1.4579004049301147,1.4840984344482422,1.4564257860183716,1.4836623668670654,0
2026-02-06 23:00:00+00:00,1.4847337007522583,1.4917380809783936,1.4681400060653687,1.4714220762252808,0
2026-02-07 00:00:00+00:00,1.471075177192688,1.4792983531951904,1.4502215385437012,1.4562615156173706,0
2026-02-07 01:00:00+00:00,1.4563987255096436,1.4737458229064941,1.438488483428955,1.4737458229064941,0
2026-02-07 02:00:00+00:00,1.4731110334396362,1.4731110334396362,1.4580702781677246,1.4598653316497803,0
2026-02-07 03:00:00+00:00,1.459396481513977,1.482306957244873,1.459396481513977,1.4715769290924072,0
2026-02-07 04:00:00+00:00,1.472033977508545,1.480883240699768,1.4559561014175415,1.4604092836380005,0
2026-02-07 05:00:00+00:00,1.4604885578155518,1.4664101600646973,1.4547655582427979,1.4557558298110962,0
2026-02-07 06:00:00+00:00,1.4559816122055054,1.4669795036315918,1.4450722932815552,1.4450722932815552,0
2026-02-07 07:00:00+00:00,1.4410091638565063,1.4428304433822632,1.4123256206512451,1.4136364459991455,183454720
2026-02-07 08:00:00+00:00,1.413491129875183,1.4263923168182373,1.4081424474716187,1.4256131649017334,0
2026-02-07 09:00:00+00:00,1.425316572189331,1.425316572189331,1.4088940620422363,1.411633849143982,0
2026-02-07 10:00:00+00:00,1.4119904041290283,1.4132639169692993,1.3899568319320679,1.3985283374786377,0
2026-02-07 11:00:00+00:00,1.3989005088806152,1.4009517431259155,1.3880728483200073,1.390254020690918,0
2026-02-07 12:00:00+00:00,1.390293002128601,1.4282318353652954,1.390293002128601,1.4168740510940552,125310976
2026-02-07 13:00:00+00:00,1.4170398712158203,1.4188730716705322,1.3999488353729248,1.4015780687332153,0
2026-02-07 14:00:00+00:00,1.4016826152801514,1.4070734977722168,1.3948948383331299,1.397289752960205,0
2026-02-07 15:00:00+00:00,1.3976097106933594,1.4157801866531372,1.3976097106933594,1.4074933528900146,0
2026-02-07 16:00:00+00:00,1.407597541809082,1.4253770112991333,1.407597541809082,1.4185843467712402,20012544
2026-02-07 17:00:00+00:00,1.4186789989471436,1.4262259006500244,1.4136697053909302,1.4223995208740234,0
2026-02-07 18:00:00+00:00,1.4226021766662598,1.4444496631622314,1.4226021766662598,1.4413769245147705,0
2026-02-07 19:00:00+00:00,1.4412635564804077,1.4412635564804077,1.4292399883270264,1.4292885065078735,0
2026-02-07 20:00:00+00:00,1.4298285245895386,1.4382719993591309,1.4296795129776,1.434592843055725,0
2026-02-07 21:00:00+00:00,1.4349052906036377,1.4359875917434692,1.4289524555206299,1.4289524555206299,0
2026-02-07 22:00:00+00:00,1.4290173053741455,1.4309345483779907,1.4229426383972168,1.4230560064315796,0
2026-02-07 23:00:00+00:00,1.42324697971344,1.4248631000518799,1.4168871641159058,1.4242016077041626,0
2026-02-08 00:00:00+00:00,1.424073576927185,1.4259227514266968,1.4163848161697388,1.4173895120620728,0
2026-02-08 01:00:00+00:00,1.4181748628616333,1.4345088005065918,1.4181748628616333,1.4317902326583862,0
2026-02-08 02:00:00+00:00,1.4319007396697998,1.4377069473266602,1.4259504079818726,1.4267510175704956,0
2026-02-08 03:00:00+00:00,1.4291434288024902,1.4302293062210083,1.4146003723144531,1.4149391651153564,0
2026-02-08 04:00:00+00:00,1.415342092514038,1.4198073148727417,1.4138810634613037,1.4192363023757935,0
2026-02-08 05:00:00+00:00,1.41994047164917,1.423810362815857,1.4168082475662231,1.4170527458190918,0
2026-02-08 06:00:00+00:00,1.4173896312713623,1.4200050830841064,1.4150141477584839,1.4151655435562134,0
2026-02-08 07:00:00+00:00,1.4153655767440796,1.4184420108795166,1.4149771928787231,1.4183636903762817,0
2026-02-08 08:00:00+00:00,1.4184352159500122,1.4531513452529907,1.4184352159500122,1.4495720863342285,0
2026-02-08 09:00:00+00:00,1.4497106075286865,1.4538460969924927,1.4364806413650513,1.4392199516296387,7172864
2026-02-08 10:00:00+00:00,1.4393082857131958,1.4427475929260254,1.4300788640975952,1.4313195943832397,0
2026-02-08 11:00:00+00:00,1.4310483932495117,1.4493932723999023,1.4307827949523926,1.4482128620147705,0
2026-02-08 12:00:00+00:00,1.4490485191345215,1.452581524848938,1.4453126192092896,1.4525071382522583,0
2026-02-08 13:00:00+00:00,1.4533634185791016,1.4632515907287598,1.4508771896362305,1.4605700969696045,1111296
2026-02-08 14:00:00+00:00,1.4605356454849243,1.4655253887176514,1.4594788551330566,1.4608631134033203,0
2026-02-08 15:00:00+00:00,1.4607651233673096,1.4608360528945923,1.4350883960723877,1.4378275871276855,0
2026-02-08 16:00:00+00:00,1.4378161430358887,1.4431405067443848,1.4145227670669556,1.417470097541809,0
2026-02-08 17:00:00+00:00,1.4179834127426147,1.4327195882797241,1.4179834127426147,1.4304625988006592,0
2026-02-08 18:00:00+00:00,1.4304814338684082,1.4466190338134766,1.4304814338684082,1.441130518913269,0
2026-02-08 19:00:00+00:00,1.4409915208816528,1.448845386505127,1.440172553062439,1.4485929012298584,0
2026-02-08 20:00:00+00:00,1.4485689401626587,1.4485689401626587,1.4349931478500366,1.4351985454559326,0
2026-02-08 21:00:00+00:00,1.4354175329208374,1.439273715019226,1.426199197769165,1.4264514446258545,972288
2026-02-08 22:00:00+00:00,1.426830768585205,1.4334450960159302,1.426830768585205,1.4334450960159302,0
2026-02-08 23:00:00+00:00,1.433318018913269,1.455726981163025,1.426723599433899,1.4321683645248413,166028288
2026-02-09 00:00:00+00:00,1.4320319890975952,1.4383395910263062,1.4275026321411133,1.4314411878585815,7120128
2026-02-09 01:00:00+00:00,1.4315968751907349,1.4406187534332275,1.4231834411621094,1.4245243072509766,62477056
2026-02-09 02:00:00+00:00,1.4234882593154907,1.449353575706482,1.4217383861541748,1.4440723657608032,67578880
2026-02-09 03:00:00+00:00,1.4438157081604004,1.4514394998550415,1.4411369562149048,1.450717568397522,54365696
2026-02-09 04:00:00+00:00,1.451049566268921,1.451049566268921,1.4447579383850098,1.446336269378662,19852288
2026-02-09 05:00:00+00:00,1.4461760520935059,1.4503194093704224,1.4416714906692505,1.4503194093704224,47118080
2026-02-09 06:00:00+00:00,1.449277639389038,1.449277639389038,1.429376482963562,1.4343150854110718,98077696
2026-02-09 07:00:00+00:00,1.4344793558120728,1.4365001916885376,1.4237048625946045,1.4249430894851685,80067584
2026-02-09 08:00:00+00:00,1.4247934818267822,1.4274566173553467,1.4064323902130127,1.408378005027771,0
2026-02-09 09:00:00+00:00,1.4082030057907104,1.4094765186309814,1.3954377174377441,1.3971120119094849,0
2026-02-09 10:00:00+00:00,1.3971749544143677,1.4025218486785889,1.374929428100586,1.3813873529434204,163996416
2026-02-09 11:00:00+00:00,1.3814831972122192,1.3938138484954834,1.3814831972122192,1.390435814857483,48172544
2026-02-09 12:00:00+00:00,1.3920011520385742,1.4098179340362549,1.3920011520385742,1.4064297676086426,99109120
2026-02-09 13:00:00+00:00,1.4067330360412598,1.4089289903640747,1.39655339717865,1.39655339717865,0
2026-02-09 14:00:00+00:00,1.3962907791137695,1.432734727859497,1.3962907791137695,1.42856764793396,142226944
2026-02-09 15:00:00+00:00,1.4290157556533813,1.4456440210342407,1.4216489791870117,1.4430861473083496,94287360
2026-02-09 16:00:00+00:00,1.4431252479553223,1.4568625688552856,1.4380944967269897,1.4526535272598267,28665088
2026-02-09 17:00:00+00:00,1.452215552330017,1.452497124671936,1.4357140064239502,1.4507583379745483,104047616
2026-02-09 18:00:00+00:00,1.4507131576538086,1.452383279800415,1.4384187459945679,1.4406406879425049,33831424
2026-02-09 19:00:00+00:00,1.440942406654358,1.452099323272705,1.440942406654358,1.4519202709197998,43401472
2026-02-09 20:00:00+00:00,1.451793909072876,1.453657627105713,1.4457025527954102,1.4519621133804321,27301376
2026-02-09 21:00:00+00:00,1.4540867805480957,1.4553784132003784,1.4419879913330078,1.4508144855499268,43952384
2026-02-09 22:00:00+00:00,1.45086669921875,1.45086669921875,1.444132685661316,1.4441403150558472,0
2026-02-09 23:00:00+00:00,1.4442497491836548,1.4473141431808472,1.436126947402954,1.436126947402954,0
2026-02-10 00:00:00+00:00,1.4361388683319092,1.4396287202835083,1.4355878829956055,1.4367400407791138,0
2026-02-10 01:00:00+00:00,1.4369735717773438,1.4494024515151978,1.4369735717773438,1.447048306465149,0
2026-02-10 02:00:00+00:00,1.4469267129898071,1.4473295211791992,1.4442570209503174,1.4460071325302124,0
2026-02-10 03:00:00+00:00,1.4460108280181885,1.4482839107513428,1.4314219951629639,1.433805227279663,2532352
2026-02-10 04:00:00+00:00,1.433676838874817,1.4483935832977295,1.433676838874817,1.4477299451828003,29593088
2026-02-10 05:00:00+00:00,1.4476131200790405,1.4476131200790405,1.438253402709961,1.4391781091690063,0
2026-02-10 06:00:00+00:00,1.4393571615219116,1.4397907257080078,1.4165316820144653,1.4185264110565186,0
2026-02-10 07:00:00+00:00,1.4186334609985352,1.426476001739502,1.4186334609985352,1.4222654104232788,0
2026-02-10 08:00:00+00:00,1.4220623970031738,1.429214358329773,1.4164625406265259,1.429051399230957,0
2026-02-10 09:00:00+00:00,1.4290900230407715,1.4336328506469727,1.4193620681762695,1.4200669527053833,0
2026-02-10 10:00:00+00:00,1.419996976852417,1.4213426113128662,1.4154783487319946,1.4156924486160278,0
2026-02-10 11:00:00+00:00,1.415586233139038,1.416791558265686,1.4071224927902222,1.4071224927902222,0
2026-02-10 12:00:00+00:00,1.4072766304016113,1.4120277166366577,1.4065637588500977,1.4087228775024414,0
2026-02-10 13:00:00+00:00,1.4078528881072998,1.4152289628982544,1.4058544635772705,1.4135551452636719,0
2026-02-10 14:00:00+00:00,1.414058804512024,1.4196778535842896,1.396142601966858,1.403707504272461,0
2026-02-10 15:00:00+00:00,1.4037977457046509,1.4103617668151855,1.3996622562408447,1.4067962169647217,0
2026-02-10 16:00:00+00:00,1.4068042039871216,1.4189077615737915,1.4033522605895996,1.4165581464767456,0
2026-02-10 17:00:00+00:00,1.4166080951690674,1.4265632629394531,1.4151240587234497,1.4222099781036377,0
2026-02-10 18:00:00+00:00,1.422447919845581,1.4237804412841797,1.3971856832504272,1.402256965637207,0
2026-02-10 19:00:00+00:00,1.4022223949432373,1.4068310260772705,1.3997149467468262,1.4010632038116455,0
2026-02-10 20:00:00+00:00,1.4011949300765991,1.4011949300765991,1.395145058631897,1.3988934755325317,0
2026-02-10 21:00:00+00:00,1.398085117340088,1.400755524635315,1.3933590650558472,1.3954366445541382,0
2026-02-10 22:00:00+00:00,1.3953096866607666,1.4023373126983643,1.3943246603012085,1.4000462293624878,0
2026-02-10 23:00:00+00:00,1.3999029397964478,1.4002344608306885,1.3959839344024658,1.3994907140731812,0
2026-02-11 00:00:00+00:00,1.3993921279907227,1.4107394218444824,1.3993438482284546,1.4107394218444824,52904960
2026-02-11 01:00:00+00:00,1.4094339609146118,1.4124244451522827,1.4069900512695312,1.4112775325775146,0
2026-02-11 02:00:00+00:00,1.4108598232269287,1.4188319444656372,1.4099396467208862,1.4100273847579956,23552512
2026-02-11 03:00:00+00:00,1.4099453687667847,1.4099453687667847,1.3979551792144775,1.4050899744033813,0
2026-02-11 04:00:00+00:00,1.4050250053405762,1.4072904586791992,1.3825958967208862,1.3837295770645142,59624192
2026-02-11 05:00:00+00:00,1.3834749460220337,1.389826774597168,1.3760147094726562,1.3760147094726562,38752256
2026-02-11 06:00:00+00:00,1.3757113218307495,1.3759796619415283,1.3599066734313965,1.3601081371307373,76855040
2026-02-11 07:00:00+00:00,1.3601796627044678,1.370802879333496,1.3584166765213013,1.3685781955718994,33746944
2026-02-11 08:00:00+00:00,1.3674439191818237,1.3698017597198486,1.3639518022537231,1.3668627738952637,11978496
2026-02-11 09:00:00+00:00,1.3670042753219604,1.3673083782196045,1.358000636100769,1.3595938682556152,0
2026-02-11 10:00:00+00:00,1.359671711921692,1.3625459671020508,1.3577818870544434,1.3585702180862427,36530688
2026-02-11 11:00:00+00:00,1.3585820198059082,1.3776299953460693,1.3585820198059082,1.3776299953460693,28650240
2026-02-11 12:00:00+00:00,1.3776650428771973,1.3778724670410156,1.371531367301941,1.3723325729370117,17374720
2026-02-11 13:00:00+00:00,1.3722740411758423,1.3760550022125244,1.3637709617614746,1.3724702596664429,108933632
2026-02-11 14:00:00+00:00,1.372440218925476,1.401612401008606,1.3641407489776611,1.3641407489776611,185934336
2026-02-11 15:00:00+00:00,1.3609020709991455,1.3651227951049805,1.349302887916565,1.3555662631988525,176823296
2026-02-11 16:00:00+00:00,1.3551667928695679,1.3664904832839966,1.3464387655258179,1.3464387655258179,70304512
2026-02-11 17:00:00+00:00,1.3462542295455933,1.376736044883728,1.3451216220855713,1.3711999654769897,104411392
2026-02-11 18:00:00+00:00,1.3711206912994385,1.3804080486297607,1.3637505769729614,1.3776142597198486,7045632
2026-02-11 19:00:00+00:00,1.3777492046356201,1.3823655843734741,1.3741601705551147,1.3786265850067139,22080000
2026-02-11 20:00:00+00:00,1.37848699092865,1.3828895092010498,1.3751485347747803,1.3816975355148315,12441344
2026-02-11 21:00:00+00:00,1.3813518285751343,1.3938997983932495,1.3802666664123535,1.3843625783920288,65633024
2026-02-11 22:00:00+00:00,1.3841584920883179,1.3841584920883179,1.3710439205169678,1.3712329864501953,27173376
2026-02-11 23:00:00+00:00,1.371217131614685,1.371217131614685,1.3605642318725586,1.368018627166748,49952512
2026-02-12 00:00:00+00:00,1.3681743144989014,1.381064772605896,1.3681743144989014,1.3778432607650757,27797760
2026-02-12 01:00:00+00:00,1.3776941299438477,1.3838086128234863,1.3774651288986206,1.3810138702392578,8560640
2026-02-12 02:00:00+00:00,1.3810389041900635,1.3826110363006592,1.3750475645065308,1.3768812417984009,0
2026-02-12 03:00:00+00:00,1.3767811059951782,1.3778785467147827,1.37252938747406,1.3755724430084229,0
2026-02-12 04:00:00+00:00,1.3755801916122437,1.3788434267044067,1.3725632429122925,1.3765170574188232,0
2026-02-12 05:00:00+00:00,1.3762189149856567,1.3792743682861328,1.3736212253570557,1.3792006969451904,0
2026-02-12 06:00:00+00:00,1.3791587352752686,1.3853060007095337,1.37822687625885,1.3814271688461304,0
2026-02-12 07:00:00+00:00,1.3814060688018799,1.3830738067626953,1.3780802488327026,1.3804881572723389,0
2026-02-12 08:00:00+00:00,1.3805819749832153,1.382814884185791,1.3778209686279297,1.3811036348342896,0
2026-02-12 09:00:00+00:00,1.3811064958572388,1.3939040899276733,1.3801116943359375,1.3939040899276733,9202432
2026-02-12 10:00:00+00:00,1.393977403640747,1.3997704982757568,1.3898555040359497,1.3997470140457153,4569856
2026-02-12 11:00:00+00:00,1.4002902507781982,1.4037067890167236,1.3957326412200928,1.4014724493026733,5585920
2026-02-12 12:00:00+00:00,1.401617407798767,1.401617407798767,1.3903294801712036,1.3908960819244385,0
2026-02-12 13:00:00+00:00,1.3909647464752197,1.3988289833068848,1.3871350288391113,1.3988289833068848,0
2026-02-12 14:00:00+00:00,1.398766040802002,1.4000746011734009,1.3878138065338135,1.390393853187561,0
2026-02-12 15:00:00+00:00,1.3899165391921997,1.3943266868591309,1.3774068355560303,1.3775073289871216,0
2026-02-12 16:00:00+00:00,1.3764538764953613,1.3764538764953613,1.3510551452636719,1.3521759510040283,107430144
2026-02-12 17:00:00+00:00,1.3521538972854614,1.3742806911468506,1.3490123748779297,1.3640358448028564,0
2026-02-12 18:00:00+00:00,1.3637895584106445,1.364542841911316,1.354567527770996,1.3640995025634766,0
2026-02-12 19:00:00+00:00,1.3632827997207642,1.3719584941864014,1.3573743104934692,1.3653182983398438,0
2026-02-12 20:00:00+00:00,1.364863395690918,1.364863395690918,1.3520379066467285,1.3521084785461426,0
2026-02-12 21:00:00+00:00,1.3517149686813354,1.3559900522232056,1.3493845462799072,1.3515307903289795,0
2026-02-12 22:00:00+00:00,1.3515645265579224,1.3632943630218506,1.350992202758789,1.3614734411239624,0
2026-02-12 23:00:00+00:00,1.3618587255477905,1.3664482831954956,1.3614896535873413,1.3620609045028687,0
2026-02-13 00:00:00+00:00,1.3619717359542847,1.3643070459365845,1.349819540977478,1.3528279066085815,0
2026-02-13 01:00:00+00:00,1.3529692888259888,1.3602917194366455,1.350351095199585,1.3570083379745483,13634304
2026-02-13 02:00:00+00:00,1.3570306301116943,1.366710901260376,1.3570306301116943,1.366710901260376,5225984
2026-02-13 03:00:00+00:00,1.3665735721588135,1.3688663244247437,1.3624885082244873,1.3624885082244873,7342336
2026-02-13 04:00:00+00:00,1.3625234365463257,1.365634799003601,1.3584012985229492,1.3591147661209106,0
2026-02-13 05:00:00+00:00,1.3587144613265991,1.3593729734420776,1.3556089401245117,1.3560655117034912,0
2026-02-13 06:00:00+00:00,1.3556578159332275,1.3556578159332275,1.3489727973937988,1.355616807937622,1378048
2026-02-13 07:00:00+00:00,1.355608582496643,1.3605537414550781,1.3504297733306885,1.3522394895553589,44917504
2026-02-13 08:00:00+00:00,1.3524173498153687,1.3670110702514648,1.3524173498153687,1.3664617538452148,34624256
2026-02-13 09:00:00+00:00,1.3663607835769653,1.3690184354782104,1.3648666143417358,1.3678635358810425,0
2026-02-13 10:00:00+00:00,1.3677293062210083,1.369297742843628,1.3652223348617554,1.367919921875,0
2026-02-13 11:00:00+00:00,1.3679132461547852,1.3679132461547852,1.3616820573806763,1.3672358989715576,0
2026-02-13 12:00:00+00:00,1.3667702674865723,1.3667702674865723,1.3599594831466675,1.3640140295028687,0
2026-02-13 13:00:00+00:00,1.3638300895690918,1.3785455226898193,1.3635164499282837,1.377407193183899,54691840
2026-02-13 14:00:00+00:00,1.377254605293274,1.390404462814331,1.3689186573028564,1.3840975761413574,103179008
2026-02-13 15:00:00+00:00,1.3840913772583008,1.4160302877426147,1.3831673860549927,1.4034538269042969,198064128
2026-02-13 16:00:00+00:00,1.4032098054885864,1.4239752292633057,1.4021241664886475,1.4200446605682373,0
2026-02-13 17:00:00+00:00,1.4172130823135376,1.4189376831054688,1.408352017402649,1.414617657661438,0
2026-02-13 18:00:00+00:00,1.414498209953308,1.4176418781280518,1.4091335535049438,1.4157142639160156,0
2026-02-13 19:00:00+00:00,1.4154998064041138,1.4171228408813477,1.4092663526535034,1.4125717878341675,0
2026-02-13 20:00:00+00:00,1.4114826917648315,1.4116865396499634,1.4065040349960327,1.4108095169067383,0
2026-02-13 21:00:00+00:00,1.4111531972885132,1.4146218299865723,1.407469630241394,1.408030390739441,0
2026-02-13 22:00:00+00:00,1.408704400062561,1.408704400062561,1.399069905281067,1.400904893875122,0
2026-02-13 23:00:00+00:00,1.4012945890426636,1.4075822830200195,1.4012945890426636,1.4074562788009644,162048
2026-02-14 00:00:00+00:00,1.406640648841858,1.4145050048828125,1.4059921503067017,1.4143866300582886,0
2026-02-14 01:00:00+00:00,1.4135817289352417,1.416202425956726,1.4111993312835693,1.4126486778259277,0
2026-02-14 02:00:00+00:00,1.4126002788543701,1.4135301113128662,1.4107757806777954,1.4112310409545898,0
2026-02-14 03:00:00+00:00,1.4110983610153198,1.415810227394104,1.410719871520996,1.415810227394104,0
2026-02-14 04:00:00+00:00,1.4156789779663086,1.4177442789077759,1.4138811826705933,1.4139080047607422,0
2026-02-14 05:00:00+00:00,1.4138373136520386,1.4145807027816772,1.4088563919067383,1.4088563919067383,0
2026-02-14 06:00:00+00:00,1.4090046882629395,1.413798451423645,1.4086964130401611,1.4137449264526367,0
2026-02-14 07:00:00+00:00,1.4137670993804932,1.4218109846115112,1.4127390384674072,1.4217402935028076,0
2026-02-14 08:00:00+00:00,1.4217239618301392,1.4458374977111816,1.4217239618301392,1.4458374977111816,105259776
2026-02-14 09:00:00+00:00,1.4459751844406128,1.4581912755966187,1.4459751844406128,1.4528133869171143,112372736
2026-02-14 10:00:00+00:00,1.4526629447937012,1.4526629447937012,1.4437499046325684,1.4450591802597046,7128064
2026-02-14 11:00:00+00:00,1.4459197521209717,1.4692167043685913,1.4459197521209717,1.4692167043685913,132371456
2026-02-14 12:00:00+00:00,1.4702121019363403,1.4749072790145874,1.4631423950195312,1.4645392894744873,126055168
2026-02-14 13:00:00+00:00,1.4641283750534058,1.468008279800415,1.4544059038162231,1.4559102058410645,0
2026-02-14 14:00:00+00:00,1.456060528755188,1.472365140914917,1.456060528755188,1.4718598127365112,0
2026-02-14 15:00:00+00:00,1.470694899559021,1.471313714981079,1.4664626121520996,1.4683823585510254,0
2026-02-14 16:00:00+00:00,1.468367576599121,1.473175048828125,1.4596551656723022,1.473175048828125,0
2026-02-14 17:00:00+00:00,1.4731545448303223,1.4782205820083618,1.4701114892959595,1.4721628427505493,0
2026-02-14 18:00:00+00:00,1.472148060798645,1.4898066520690918,1.4715498685836792,1.4887444972991943,29039616
2026-02-14 19:00:00+00:00,1.4881391525268555,1.4985504150390625,1.487447738647461,1.4968265295028687,53278464
2026-02-14 20:00:00+00:00,1.4968674182891846,1.5055820941925049,1.48985755443573,1.494249701499939,54129664
2026-02-14 21:00:00+00:00,1.494350790977478,1.5024957656860352,1.492976427078247,1.4972820281982422,62321664
2026-02-14 22:00:00+00:00,1.4969396591186523,1.5026648044586182,1.4956070184707642,1.5011053085327148,13639936
2026-02-14 23:00:00+00:00,1.5010156631469727,1.510892391204834,1.5008652210235596,1.5100336074829102,88074752
2026-02-15 00:00:00+00:00,1.509116768836975,1.5291471481323242,1.5079691410064697,1.5243628025054932,157943808
2026-02-15 01:00:00+00:00,1.5220040082931519,1.5413280725479126,1.5200917720794678,1.526700496673584,179340032
2026-02-15 02:00:00+00:00,1.5278618335723877,1.5325064659118652,1.5214645862579346,1.5302287340164185,95571712
2026-02-15 03:00:00+00:00,1.5284624099731445,1.5315057039260864,1.5102970600128174,1.5278575420379639,136081152
2026-02-15 04:00:00+00:00,1.5273619890213013,1.5557384490966797,1.5271025896072388,1.543276309967041,209915648
2026-02-15 05:00:00+00:00,1.5431668758392334,1.584706425666809,1.5431668758392334,1.5843061208724976,253190144
2026-02-15 06:00:00+00:00,1.583132266998291,1.584883213043213,1.5757896900177002,1.5790935754776,148003328
2026-02-15 07:00:00+00:00,1.5791447162628174,1.639484167098999,1.5785188674926758,1.639484167098999,331905792
2026-02-15 08:00:00+00:00,1.6464694738388062,1.660913348197937,1.6173713207244873,1.6173713207244873,565536768
2026-02-15 09:00:00+00:00,1.6170302629470825,1.618774652481079,1.5937204360961914,1.5937204360961914,96026112
2026-02-15 10:00:00+00:00,1.593404769897461,1.593404769897461,1.5785460472106934,1.5866541862487793,233958912
2026-02-15 11:00:00+00:00,1.586219310760498,1.5924628973007202,1.5604981184005737,1.5607738494873047,10180096
2026-02-15 12:00:00+00:00,1.5610259771347046,1.5621564388275146,1.5269739627838135,1.5269739627838135,163439104
2026-02-15 13:00:00+00:00,1.5269012451171875,1.5364961624145508,1.5153127908706665,1.5196659564971924,233582592
2026-02-15 14:00:00+00:00,1.5196599960327148,1.5349045991897583,1.5188653469085693,1.532578468322754,141578752
2026-02-15 15:00:00+00:00,1.5326058864593506,1.5415841341018677,1.5233694314956665,1.5239880084991455,55128576
2026-02-15 16:00:00+00:00,1.5225918292999268,1.5225918292999268,1.510629415512085,1.5209548473358154,34214912
2026-02-15 17:00:00+00:00,1.5214433670043945,1.5226681232452393,1.487440586090088,1.4923055171966553,106444288
2026-02-15 18:00:00+00:00,1.4923908710479736,1.4923908710479736,1.467599630355835,1.4676690101623535,89380352
2026-02-15 19:00:00+00:00,1.4678945541381836,1.4680778980255127,1.45088529586792,1.4539059400558472,93253632
2026-02-15 20:00:00+00:00,1.4537931680679321,1.4637815952301025,1.4479278326034546,1.461362361907959,29800960
2026-02-15 21:00:00+00:00,1.4613033533096313,1.4723007678985596,1.4613033533096313,1.4719321727752686,25068032
2026-02-15 22:00:00+00:00,1.4717845916748047,1.4878474473953247,1.4694982767105103,1.4863512516021729,101270528
2026-02-15 23:00:00+00:00,1.48603093624115,1.48603093624115,1.4608834981918335,1.4748482704162598,5696512
2026-02-16 00:00:00+00:00,1.4742604494094849,1.483896255493164,1.4742604494094849,1.4783942699432373,0
2026-02-16 01:00:00+00:00,1.478262186050415,1.480298399925232,1.46908438205719,1.472621202468872,0
2026-02-16 02:00:00+00:00,1.4726351499557495,1.477774977684021,1.456076979637146,1.4562623500823975,0
2026-02-16 03:00:00+00:00,1.4569286108016968,1.4610146284103394,1.4553889036178589,1.4610146284103394,0
2026-02-16 04:00:00+00:00,1.4610252380371094,1.4738597869873047,1.4606075286865234,1.4736524820327759,0
2026-02-16 05:00:00+00:00,1.4736402034759521,1.473911166191101,1.4505630731582642,1.4564801454544067,0
2026-02-16 06:00:00+00:00,1.4555693864822388,1.466200351715088,1.4555693864822388,1.464982271194458,0
2026-02-16 07:00:00+00:00,1.4649263620376587,1.4680758714675903,1.4592678546905518,1.46049964427948,0
2026-02-16 08:00:00+00:00,1.46052086353302,1.468705177307129,1.46052086353302,1.4680631160736084,0
2026-02-16 09:00:00+00:00,1.4683464765548706,1.5084962844848633,1.4683464765548706,1.5034198760986328,0
2026-02-16 10:00:00+00:00,1.502055287361145,1.502055287361145,1.4851875305175781,1.4891835451126099,0
2026-02-16 11:00:00+00:00,1.4889293909072876,1.490881323814392,1.47245454788208,1.4851125478744507,0
2026-02-16 12:00:00+00:00,1.485062599182129,1.5044420957565308,1.4817979335784912,1.5044420957565308,0
2026-02-16 13:00:00+00:00,1.5044066905975342,1.5107674598693848,1.4848785400390625,1.4869849681854248,0
2026-02-16 14:00:00+00:00,1.4871000051498413,1.502379059791565,1.4870283603668213,1.4939836263656616,0
2026-02-16 15:00:00+00:00,1.4938230514526367,1.499462366104126,1.4656941890716553,1.474326491355896,48027648
2026-02-16 16:00:00+00:00,1.4744101762771606,1.4905436038970947,1.4735530614852905,1.4859144687652588,23346944
2026-02-16 17:00:00+00:00,1.4860076904296875,1.4903801679611206,1.4826462268829346,1.484138011932373,0
2026-02-16 18:00:00+00:00,1.4841490983963013,1.4851245880126953,1.4733418226242065,1.4733418226242065,0
2026-02-16 19:00:00+00:00,1.4733046293258667,1.4798834323883057,1.4728776216506958,1.4768685102462769,0
2026-02-16 20:00:00+00:00,1.476643681526184,1.4859923124313354,1.4703515768051147,1.484507441520691,0
2026-02-16 21:00:00+00:00,1.4847131967544556,1.4873167276382446,1.4819506406784058,1.4873167276382446,0
2026-02-16 22:00:00+00:00,1.4872369766235352,1.4911150932312012,1.484246850013733,1.484496831893921,0
2026-02-16 23:00:00+00:00,1.4843891859054565,1.4880214929580688,1.4833147525787354,1.4867472648620605,0
2026-02-17 00:00:00+00:00,1.4867929220199585,1.488702416419983,1.4840130805969238,1.4847241640090942,0
2026-02-17 01:00:00+00:00,1.4846819639205933,1.488226294517517,1.4807229042053223,1.480777621269226,0
2026-02-17 02:00:00+00:00,1.4802138805389404,1.490170955657959,1.47640061378479,1.489642858505249,0
2026-02-17 03:00:00+00:00,1.4876843690872192,1.4876843690872192,1.4828017950057983,1.4840140342712402,0
2026-02-17 04:00:00+00:00,1.4839552640914917,1.486847162246704,1.4769014120101929,1.4851572513580322,0
2026-02-17 05:00:00+00:00,1.4852887392044067,1.4862353801727295,1.472872257232666,1.4755421876907349,0
2026-02-17 06:00:00+00:00,1.475477695465088,1.4791780710220337,1.4749667644500732,1.4788888692855835,0
2026-02-17 07:00:00+00:00,1.4788784980773926,1.4788784980773926,1.4702426195144653,1.473953127861023,0
2026-02-17 08:00:00+00:00,1.4729485511779785,1.4750205278396606,1.4658364057540894,1.4666048288345337,0
2026-02-17 09:00:00+00:00,1.4664702415466309,1.4664702415466309,1.455748200416565,1.4597878456115723,0
2026-02-17 10:00:00+00:00,1.459884524345398,1.4603831768035889,1.4526818990707397,1.4538891315460205,0
2026-02-17 11:00:00+00:00,1.453941822052002,1.4574129581451416,1.45107901096344,1.4512779712677002,0
2026-02-17 12:00:00+00:00,1.4513683319091797,1.4599248170852661,1.4513683319091797,1.4572155475616455,0
2026-02-17 13:00:00+00:00,1.457002878189087,1.4601386785507202,1.4531092643737793,1.4591169357299805,0
2026-02-17 14:00:00+00:00,1.4586213827133179,1.4596238136291504,1.430755376815796,1.4356611967086792,28519936
2026-02-17 15:00:00+00:00,1.4350937604904175,1.4549916982650757,1.4350937604904175,1.4549731016159058,0
2026-02-17 16:00:00+00:00,1.4553422927856445,1.4910227060317993,1.4553422927856445,1.4821547269821167,131316480
2026-02-17 17:00:00+00:00,1.4819761514663696,1.4819761514663696,1.4592725038528442,1.4630351066589355,28308992
2026-02-17 18:00:00+00:00,1.4631668329238892,1.4864894151687622,1.4631668329238892,1.4864894151687622,45171200
2026-02-17 19:00:00+00:00,1.48587167263031,1.486709475517273,1.4777778387069702,1.4846292734146118,26396928
2026-02-17 20:00:00+00:00,1.4846831560134888,1.4851233959197998,1.478218674659729,1.4822646379470825,0
2026-02-17 21:00:00+00:00,1.4832948446273804,1.4899510145187378,1.4804558753967285,1.4832558631896973,13310208
2026-02-17 22:00:00+00:00,1.483246922492981,1.483246922492981,1.473433256149292,1.473433256149292,0
2026-02-17 23:00:00+00:00,1.473564863204956,1.4750621318817139,1.4719152450561523,1.4744268655776978,0
2026-02-18 00:00:00+00:00,1.4742094278335571,1.4771798849105835,1.4697260856628418,1.4697260856628418,1474304
2026-02-18 01:00:00+00:00,1.4697946310043335,1.4697946310043335,1.4654669761657715,1.4655343294143677,17448448
2026-02-18 02:00:00+00:00,1.4656156301498413,1.474200963973999,1.4656156301498413,1.474200963973999,0
2026-02-18 03:00:00+00:00,1.4741984605789185,1.4813523292541504,1.4741984605789185,1.4805057048797607,1351168
2026-02-18 04:00:00+00:00,1.4802601337432861,1.4819819927215576,1.4771031141281128,1.4795371294021606,0
2026-02-18 05:00:00+00:00,1.4796055555343628,1.4844717979431152,1.4763097763061523,1.4763097763061523,0
2026-02-18 06:00:00+00:00,1.4759265184402466,1.4817712306976318,1.4758708477020264,1.4802656173706055,0
2026-02-18 07:00:00+00:00,1.4798080921173096,1.4860777854919434,1.477331280708313,1.486024260520935,0
2026-02-18 08:00:00+00:00,1.4857507944107056,1.4903185367584229,1.4857507944107056,1.4900126457214355,25034496
2026-02-18 09:00:00+00:00,1.4898580312728882,1.490188717842102,1.485969066619873,1.4871762990951538,0
2026-02-18 10:00:00+00:00,1.487196922302246,1.4880415201187134,1.4765712022781372,1.4766205549240112,0
2026-02-18 11:00:00+00:00,1.4772124290466309,1.4772942066192627,1.4677473306655884,1.4696353673934937,10477056
2026-02-18 12:00:00+00:00,1.4678306579589844,1.4688007831573486,1.462099313735962,1.4657423496246338,7556352
2026-02-18 13:00:00+00:00,1.465772032737732,1.46970796585083,1.4634772539138794,1.4682472944259644,0
2026-02-18 14:00:00+00:00,1.4686808586120605,1.4687556028366089,1.4563344717025757,1.4645646810531616,0
2026-02-18 15:00:00+00:00,1.4647544622421265,1.4866669178009033,1.4644125699996948,1.4778093099594116,0
2026-02-18 16:00:00+00:00,1.4769234657287598,1.4769399166107178,1.4583908319473267,1.4591068029403687,0
2026-02-18 17:00:00+00:00,1.4592241048812866,1.4678809642791748,1.4553061723709106,1.4553061723709106,0
2026-02-18 18:00:00+00:00,1.4553922414779663,1.4570815563201904,1.4436347484588623,1.4436347484588623,0
2026-02-18 19:00:00+00:00,1.4411072731018066,1.4426647424697876,1.4222359657287598,1.4223309755325317,109390848
2026-02-18 20:00:00+00:00,1.4226528406143188,1.4293333292007446,1.4226528406143188,1.423795223236084,51851264
2026-02-18 21:00:00+00:00,1.4233742952346802,1.426186203956604,1.4188750982284546,1.420019507408142,8077056
2026-02-18 22:00:00+00:00,1.4196945428848267,1.4232285022735596,1.418091893196106,1.4213637113571167,41121664
2026-02-18 23:00:00+00:00,1.421172022819519,1.4216320514678955,1.412213921546936,1.4216320514678955,36589568
2026-02-19 00:00:00+00:00,1.4216235876083374,1.4216398000717163,1.415799856185913,1.4159597158432007,0
2026-02-19 01:00:00+00:00,1.416045069694519,1.42506742477417,1.416045069694519,1.42506742477417,0
2026-02-19 02:00:00+00:00,1.4251981973648071,1.4286417961120605,1.4206562042236328,1.4239569902420044,8561152
2026-02-19 03:00:00+00:00,1.424046516418457,1.4286659955978394,1.424046516418457,1.4286659955978394,0
2026-02-19 04:00:00+00:00,1.4286972284317017,1.4288995265960693,1.4179227352142334,1.41805100440979,0
2026-02-19 05:00:00+00:00,1.4179134368896484,1.4193763732910156,1.4075040817260742,1.4117987155914307,98455168
2026-02-19 06:00:00+00:00,1.411712646484375,1.4263601303100586,1.411712646484375,1.4263601303100586,45458176
2026-02-19 07:00:00+00:00,1.4263739585876465,1.4342141151428223,1.4232608079910278,1.431168794631958,57154048
2026-02-19 08:00:00+00:00,1.4312635660171509,1.4312760829925537,1.4163938760757446,1.4164484739303589,3731200
2026-02-19 09:00:00+00:00,1.4162331819534302,1.4247779846191406,1.415501356124878,1.415501356124878,36964352
2026-02-19 10:00:00+00:00,1.4154794216156006,1.4154794216156006,1.409002661705017,1.4093587398529053,191744
2026-02-19 11:00:00+00:00,1.4093021154403687,1.4153095483779907,1.4077725410461426,1.4087706804275513,0
2026-02-19 12:00:00+00:00,1.4088715314865112,1.4119261503219604,1.4066880941390991,1.4073524475097656,0
2026-02-19 13:00:00+00:00,1.4071850776672363,1.4072544574737549,1.390455722808838,1.392304539680481,95189504
2026-02-19 14:00:00+00:00,1.3923646211624146,1.4031137228012085,1.3923646211624146,1.4022701978683472,75427840
2026-02-19 15:00:00+00:00,1.4021601676940918,1.4060347080230713,1.388615369796753,1.3953485488891602,28958208
2026-02-19 16:00:00+00:00,1.3957552909851074,1.3959406614303589,1.3855774402618408,1.3926842212677002,46419712
2026-02-19 17:00:00+00:00,1.3925764560699463,1.4106804132461548,1.392189621925354,1.3941760063171387,54231808
2026-02-19 18:00:00+00:00,1.3942500352859497,1.4115678071975708,1.3942500352859497,1.4112802743911743,0
2026-02-19 19:00:00+00:00,1.4115146398544312,1.415830373764038,1.4052159786224365,1.4111063480377197,0
2026-02-19 20:00:00+00:00,1.4112284183502197,1.4119478464126587,1.4060689210891724,1.4113199710845947,0
2026-02-19 21:00:00+00:00,1.4111318588256836,1.4117231369018555,1.4089009761810303,1.4089009761810303,0
2026-02-19 22:00:00+00:00,1.4087690114974976,1.4087690114974976,1.39652419090271,1.4008448123931885,0
2026-02-19 23:00:00+00:00,1.4008351564407349,1.4072734117507935,1.4006026983261108,1.4063804149627686,45312
2026-02-20 00:00:00+00:00,1.4063302278518677,1.419758915901184,1.4059360027313232,1.4164323806762695,9660672
2026-02-20 01:00:00+00:00,1.4164776802062988,1.4226335287094116,1.41598379611969,1.4215373992919922,0
2026-02-20 02:00:00+00:00,1.4229754209518433,1.426194190979004,1.4191830158233643,1.4191830158233643,12152576
2026-02-20 03:00:00+00:00,1.419109582901001,1.419109582901001,1.4117681980133057,1.4117999076843262,10537728
2026-02-20 04:00:00+00:00,1.4118164777755737,1.4121607542037964,1.403211236000061,1.4093868732452393,7399936
2026-02-20 05:00:00+00:00,1.4099479913711548,1.4217256307601929,1.4056754112243652,1.4186750650405884,0
2026-02-20 06:00:00+00:00,1.4188299179077148,1.4201008081436157,1.4148883819580078,1.4196186065673828,0
2026-02-20 07:00:00+00:00,1.4196300506591797,1.4218579530715942,1.4180797338485718,1.4181983470916748,0
2026-02-20 08:00:00+00:00,1.4188827276229858,1.4209940433502197,1.415561318397522,1.4173941612243652,0
2026-02-20 09:00:00+00:00,1.4178792238235474,1.4264706373214722,1.4178270101547241,1.422357439994812,12832256
2026-02-20 10:00:00+00:00,1.4223920106887817,1.4262233972549438,1.42129647731781,1.42129647731781,0
2026-02-20 11:00:00+00:00,1.4211643934249878,1.4211643934249878,1.4059498310089111,1.4070625305175781,17462784
2026-02-20 12:00:00+00:00,1.4056949615478516,1.4078201055526733,1.4041661024093628,1.404211163520813,12115968
2026-02-20 13:00:00+00:00,1.4042627811431885,1.4044383764266968,1.3807631731033325,1.3856655359268188,26663680
2026-02-20 14:00:00+00:00,1.3856784105300903,1.4047187566757202,1.3847360610961914,1.4004420042037964,0
2026-02-20 15:00:00+00:00,1.4005810022354126,1.426861047744751,1.4005810022354126,1.426861047744751,152589824
2026-02-20 16:00:00+00:00,1.4282399415969849,1.4345979690551758,1.4249616861343384,1.432757019996643,72942592
2026-02-20 17:00:00+00:00,1.4330309629440308,1.4330309629440308,1.4100555181503296,1.4279662370681763,61518848
2026-02-20 18:00:00+00:00,1.4281641244888306,1.4335553646087646,1.4274119138717651,1.4320387840270996,76367360
2026-02-20 19:00:00+00:00,1.4327744245529175,1.4328110218048096,1.422953486442566,1.4235862493515015,18342656
2026-02-20 20:00:00+00:00,1.4232250452041626,1.4274370670318604,1.4169632196426392,1.418786644935608,13826560
2026-02-20 21:00:00+00:00,1.418867588043213,1.4240926504135132,1.4184547662734985,1.4214109182357788,16905728
2026-02-20 22:00:00+00:00,1.4213799238204956,1.4284459352493286,1.4195003509521484,1.4284459352493286,1589504
2026-02-20 23:00:00+00:00,1.4293333292007446,1.429572582244873,1.4259355068206787,1.4294109344482422,199680
2026-02-21 00:00:00+00:00,1.4293200969696045,1.4293200969696045,1.420483112335205,1.4217426776885986,0
2026-02-21 01:00:00+00:00,1.4217495918273926,1.4310414791107178,1.4217495918273926,1.4305050373077393,0
2026-02-21 02:00:00+00:00,1.4306297302246094,1.432719349861145,1.4298075437545776,1.430668592453003,0
2026-02-21 03:00:00+00:00,1.4306237697601318,1.4306237697601318,1.4241501092910767,1.4245721101760864,0
2026-02-21 04:00:00+00:00,1.4246376752853394,1.4280738830566406,1.4246376752853394,1.4277898073196411,0
2026-02-21 05:00:00+00:00,1.4277578592300415,1.4300217628479004,1.4275538921356201,1.4275966882705688,0
2026-02-21 06:00:00+00:00,1.4276251792907715,1.4340877532958984,1.4276251792907715,1.4286061525344849,0
2026-02-21 07:00:00+00:00,1.428909420967102,1.4317255020141602,1.4285272359848022,1.4311496019363403,0
2026-02-21 08:00:00+00:00,1.430837869644165,1.4332722425460815,1.4280091524124146,1.4332722425460815,0
2026-02-21 09:00:00+00:00,1.433069109916687,1.444023609161377,1.433069109916687,1.4395180940628052,0
2026-02-21 10:00:00+00:00,1.4395064115524292,1.4414291381835938,1.4379554986953735,1.43953537940979,0
2026-02-21 11:00:00+00:00,1.4395638704299927,1.4438799619674683,1.4393962621688843,1.4432392120361328,0
2026-02-21 12:00:00+00:00,1.4433027505874634,1.443969964981079,1.4364937543869019,1.4401624202728271,0
2026-02-21 13:00:00+00:00,1.4401798248291016,1.442564845085144,1.4384311437606812,1.442564845085144,0
2026-02-21 14:00:00+00:00,1.4459333419799805,1.460539698600769,1.445862889289856,1.4568936824798584,0
2026-02-21 15:00:00+00:00,1.4567956924438477,1.4567956924438477,1.4494680166244507,1.4513574838638306,0
2026-02-21 16:00:00+00:00,1.451014518737793,1.451014518737793,1.4410037994384766,1.4420968294143677,0
2026-02-21 17:00:00+00:00,1.4420477151870728,1.4421229362487793,1.4374579191207886,1.441719651222229,0
2026-02-21 18:00:00+00:00,1.4425462484359741,1.4488608837127686,1.4425462484359741,1.4484879970550537,0
2026-02-21 19:00:00+00:00,1.4477986097335815,1.4477986097335815,1.4433752298355103,1.443414330482483,0
2026-02-21 20:00:00+00:00,1.4432899951934814,1.4432899951934814,1.437069058418274,1.438768744468689,0
2026-02-21 21:00:00+00:00,1.4384161233901978,1.4408082962036133,1.4369393587112427,1.4405951499938965,0
2026-02-21 22:00:00+00:00,1.4406119585037231,1.4417047500610352,1.4333363771438599,1.435185432434082,0
2026-02-21 23:00:00+00:00,1.4350504875183105,1.4350504875183105,1.4311347007751465,1.4316507577896118,0
2026-02-22 00:00:00+00:00,1.4310189485549927,1.4327107667922974,1.4259088039398193,1.428283452987671,9407232
2026-02-22 01:00:00+00:00,1.4278080463409424,1.4319748878479004,1.4278080463409424,1.4316718578338623,0
2026-02-22 02:00:00+00:00,1.4318711757659912,1.4318711757659912,1.4242898225784302,1.4242898225784302,1146368
2026-02-22 03:00:00+00:00,1.4243392944335938,1.4262645244598389,1.420441746711731,1.4226933717727661,3161728
2026-02-22 04:00:00+00:00,1.4227635860443115,1.4247846603393555,1.422178030014038,1.4221795797348022,0
2026-02-22 05:00:00+00:00,1.4221798181533813,1.4221925735473633,1.4189612865447998,1.4191770553588867,2094848
2026-02-22 06:00:00+00:00,1.419399619102478,1.4231277704238892,1.4189109802246094,1.4231277704238892,0
2026-02-22 07:00:00+00:00,1.4231030941009521,1.4231030941009521,1.4199683666229248,1.4210072755813599,6197760
2026-02-22 08:00:00+00:00,1.4210530519485474,1.4220285415649414,1.4181835651397705,1.4183127880096436,0
2026-02-22 09:00:00+00:00,1.4180244207382202,1.4213991165161133,1.4180244207382202,1.4210277795791626,0
2026-02-22 10:00:00+00:00,1.420949101448059,1.424324870109558,1.4203393459320068,1.4215679168701172,0
2026-02-22 11:00:00+00:00,1.421247124671936,1.4233545064926147,1.4212011098861694,1.423230528831482,0
2026-02-22 12:00:00+00:00,1.4232441186904907,1.4232441186904907,1.4088599681854248,1.4088599681854248,38946304
2026-02-22 13:00:00+00:00,1.4089945554733276,1.4095896482467651,1.3988803625106812,1.3991036415100098,46598656
2026-02-22 14:00:00+00:00,1.3998174667358398,1.4003170728683472,1.3961827754974365,1.3965035676956177,0
2026-02-22 15:00:00+00:00,1.3963969945907593,1.3967137336730957,1.3887373208999634,1.3940820693969727,35489152
2026-02-22 16:00:00+00:00,1.3940569162368774,1.3940569162368774,1.3884533643722534,1.3927435874938965,0
2026-02-22 17:00:00+00:00,1.3926562070846558,1.3926562070846558,1.3850129842758179,1.3877607583999634,22165504
2026-02-22 18:00:00+00:00,1.3877145051956177,1.3907361030578613,1.387589454650879,1.3904151916503906,0
2026-02-22 19:00:00+00:00,1.3904147148132324,1.390450119972229,1.386465311050415,1.3865883350372314,437632
2026-02-22 20:00:00+00:00,1.386522889137268,1.386522889137268,1.3815007209777832,1.3830788135528564,9278336
2026-02-22 21:00:00+00:00,1.3835338354110718,1.3910936117172241,1.3835338354110718,1.3910936117172241,16473984
2026-02-22 22:00:00+00:00,1.3909292221069336,1.4000732898712158,1.3901222944259644,1.3991552591323853,38778112
2026-02-22 23:00:00+00:00,1.3993679285049438,1.3993679285049438,1.3899219036102295,1.393072247505188,12222592
2026-02-23 00:00:00+00:00,1.392877221107483,1.3929052352905273,1.370526671409607,1.370526671409607,57904256
2026-02-23 01:00:00+00:00,1.3640104532241821,1.3640104532241821,1.3345296382904053,1.3375684022903442,438106368
2026-02-23 02:00:00+00:00,1.336594820022583,1.3429292440414429,1.334991216659546,1.3405802249908447,104831488
2026-02-23 03:00:00+00:00,1.3418340682983398,1.3499189615249634,1.3402870893478394,1.3422514200210571,66255744
2026-02-23 04:00:00+00:00,1.3421376943588257,1.3421376943588257,1.3369799852371216,1.3380920886993408,72696320
2026-02-23 05:00:00+00:00,1.3381167650222778,1.347030758857727,1.3381167650222778,1.3424826860427856,68993536
2026-02-23 06:00:00+00:00,1.3426148891448975,1.3678867816925049,1.342593789100647,1.3677645921707153,102400512
2026-02-23 07:00:00+00:00,1.3678648471832275,1.3763697147369385,1.3678648471832275,1.3724212646484375,75309824
2026-02-23 08:00:00+00:00,1.3723713159561157,1.3723713159561157,1.362862467765808,1.3642404079437256,65816064
2026-02-23 09:00:00+00:00,1.3642253875732422,1.392702341079712,1.3642253875732422,1.3919148445129395,143867904
2026-02-23 10:00:00+00:00,1.3912010192871094,1.3954389095306396,1.388790488243103,1.3939487934112549,127326208
2026-02-23 11:00:00+00:00,1.393231749534607,1.4039759635925293,1.3926268815994263,1.3961273431777954,100772864
2026-02-23 12:00:00+00:00,1.3964884281158447,1.4194960594177246,1.3960663080215454,1.4145545959472656,106351104
2026-02-23 13:00:00+00:00,1.4144405126571655,1.4144405126571655,1.3998384475708008,1.3998384475708008,48881152
2026-02-23 14:00:00+00:00,1.3992992639541626,1.3992992639541626,1.3755125999450684,1.3836643695831299,154903808
2026-02-23 15:00:00+00:00,1.3838553428649902,1.3871071338653564,1.3713836669921875,1.3716875314712524,62588160
2026-02-23 16:00:00+00:00,1.3705337047576904,1.3771090507507324,1.36515474319458,1.366851568222046,76084224
2026-02-23 17:00:00+00:00,1.366775393486023,1.3680205345153809,1.3549703359603882,1.3581438064575195,73636608
2026-02-23 18:00:00+00:00,1.3609287738800049,1.3707753419876099,1.3609287738800049,1.3659703731536865,93366784
2026-02-23 19:00:00+00:00,1.3660814762115479,1.3664042949676514,1.358378291130066,1.3588203191757202,38814208
2026-02-23 20:00:00+00:00,1.3575892448425293,1.3575892448425293,1.3528149127960205,1.3561511039733887,24146432
2026-02-23 21:00:00+00:00,1.3560069799423218,1.361777901649475,1.3531360626220703,1.3617324829101562,35393024
2026-02-23 22:00:00+00:00,1.361463189125061,1.3656638860702515,1.3573708534240723,1.3574780225753784,0
2026-02-23 23:00:00+00:00,1.3573673963546753,1.358202576637268,1.3516417741775513,1.3516417741775513,1921280
2026-02-24 00:00:00+00:00,1.351775050163269,1.3571293354034424,1.351775050163269,1.3561702966690063,0
2026-02-24 01:00:00+00:00,1.356143593788147,1.358441948890686,1.3340439796447754,1.3512152433395386,0
2026-02-24 02:00:00+00:00,1.3508507013320923,1.3553959131240845,1.3461036682128906,1.3475425243377686,0
2026-02-24 03:00:00+00:00,1.3466713428497314,1.3466713428497314,1.3302961587905884,1.33203125,21920512
2026-02-24 04:00:00+00:00,1.3320403099060059,1.3330496549606323,1.3234518766403198,1.3297046422958374,39640320
2026-02-24 05:00:00+00:00,1.3299120664596558,1.3402800559997559,1.326601266860962,1.3304078578948975,27558144
2026-02-24 06:00:00+00:00,1.3306657075881958,1.3343366384506226,1.3280898332595825,1.3293464183807373,0
2026-02-24 07:00:00+00:00,1.3292368650436401,1.3298962116241455,1.3238834142684937,1.3250486850738525,0
2026-02-24 08:00:00+00:00,1.3251616954803467,1.3334969282150269,1.3240419626235962,1.3334969282150269,0
2026-02-24 09:00:00+00:00,1.3331694602966309,1.3331694602966309,1.3234766721725464,1.331149935722351,0
2026-02-24 10:00:00+00:00,1.3312517404556274,1.3346728086471558,1.3281993865966797,1.331118106842041,0
2026-02-24 11:00:00+00:00,1.331028938293457,1.3332570791244507,1.3295323848724365,1.3330591917037964,0
2026-02-24 12:00:00+00:00,1.3333603143692017,1.3372206687927246,1.3305937051773071,1.3328076601028442,0
2026-02-24 13:00:00+00:00,1.332664132118225,1.3347127437591553,1.328089714050293,1.331895351409912,0
2026-02-24 14:00:00+00:00,1.3317666053771973,1.3393665552139282,1.3181513547897339,1.33808171749115,0
2026-02-24 15:00:00+00:00,1.3380831480026245,1.351409673690796,1.3353849649429321,1.349292516708374,13230848
2026-02-24 16:00:00+00:00,1.3495912551879883,1.3610141277313232,1.347955584526062,1.352347493171692,27862272
2026-02-24 17:00:00+00:00,1.353016972541809,1.360790729522705,1.353016972541809,1.359254002571106,0
2026-02-24 18:00:00+00:00,1.3597577810287476,1.3643162250518799,1.3557155132293701,1.360848307609558,0
2026-02-24 19:00:00+00:00,1.361025333404541,1.3614534139633179,1.3517506122589111,1.3560097217559814,0
2026-02-24 20:00:00+00:00,1.35595703125,1.3618494272232056,1.35595703125,1.3584349155426025,0
2026-02-24 21:00:00+00:00,1.3579168319702148,1.3579168319702148,1.3518636226654053,1.3535730838775635,0
2026-02-24 22:00:00+00:00,1.3534356355667114,1.3566913604736328,1.3520848751068115,1.3533999919891357,704768
2026-02-24 23:00:00+00:00,1.35316801071167,1.35316801071167,1.3440523147583008,1.3488953113555908,4895232
2026-02-25 00:00:00+00:00,1.3487329483032227,1.3502990007400513,1.343224048614502,1.3497000932693481,799744
2026-02-25 01:00:00+00:00,1.349450707435608,1.3899716138839722,1.348602294921875,1.3854146003723145,198438144
2026-02-25 02:00:00+00:00,1.3874529600143433,1.3908976316452026,1.3818752765655518,1.3818752765655518,66240000
2026-02-25 03:00:00+00:00,1.3815735578536987,1.3815735578536987,1.3688992261886597,1.3698521852493286,0
2026-02-25 04:00:00+00:00,1.369638204574585,1.3737049102783203,1.3637157678604126,1.3685722351074219,0
2026-02-25 05:00:00+00:00,1.3690146207809448,1.3690708875656128,1.3555268049240112,1.3578041791915894,0
2026-02-25 06:00:00+00:00,1.3578555583953857,1.3657879829406738,1.3578555583953857,1.3584791421890259,0
2026-02-25 07:00:00+00:00,1.360283374786377,1.366650104522705,1.3593800067901611,1.3654922246932983,0
2026-02-25 08:00:00+00:00,1.365456461906433,1.37103271484375,1.3644026517868042,1.37103271484375,0
2026-02-25 09:00:00+00:00,1.3711488246917725,1.379983901977539,1.3711488246917725,1.379983901977539,28387840
2026-02-25 10:00:00+00:00,1.3802576065063477,1.3809418678283691,1.375016212463379,1.375016212463379,0
2026-02-25 11:00:00+00:00,1.3754441738128662,1.3829058408737183,1.3740503787994385,1.3827677965164185,18675456
2026-02-25 12:00:00+00:00,1.3833582401275635,1.4007822275161743,1.3823654651641846,1.3997960090637207,56456704
2026-02-25 13:00:00+00:00,1.4005275964736938,1.4207743406295776,1.4005275964736938,1.4134507179260254,115830016
2026-02-25 14:00:00+00:00,1.4138978719711304,1.4323091506958008,1.4138978719711304,1.4323091506958008,21692416
2026-02-25 15:00:00+00:00,1.4330805540084839,1.4424668550491333,1.4279292821884155,1.4396158456802368,115237376
2026-02-25 16:00:00+00:00,1.4415130615234375,1.447928547859192,1.4396573305130005,1.447519302368164,47514368
2026-02-25 17:00:00+00:00,1.4476691484451294,1.471542239189148,1.4476691484451294,1.4656893014907837,199563776
2026-02-25 18:00:00+00:00,1.4661043882369995,1.4746174812316895,1.4579408168792725,1.472686529159546,109193216
2026-02-25 19:00:00+00:00,1.4726907014846802,1.4726907014846802,1.4573626518249512,1.4641261100769043,112563200
2026-02-25 20:00:00+00:00,1.4644217491149902,1.4690335988998413,1.459603190422058,1.467312216758728,105041152
2026-02-25 21:00:00+00:00,1.4668920040130615,1.4816038608551025,1.465081810951233,1.4755786657333374,238571776
2026-02-25 22:00:00+00:00,1.476161241531372,1.485640525817871,1.4489413499832153,1.451777458190918,172572672
2026-02-25 23:00:00+00:00,1.4526716470718384,1.4560061693191528,1.4230479001998901,1.4336693286895752,160655360
2026-02-26 00:00:00+00:00,1.4338188171386719,1.444758653640747,1.4293267726898193,1.4393073320388794,90134016
2026-02-26 01:00:00+00:00,1.4394127130508423,1.439976453781128,1.425498366355896,1.4257034063339233,0
2026-02-26 02:00:00+00:00,1.4246973991394043,1.437191128730774,1.4218543767929077,1.437079906463623,0
2026-02-26 03:00:00+00:00,1.4376565217971802,1.4436365365982056,1.4362983703613281,1.4433377981185913,0
2026-02-26 04:00:00+00:00,1.4431366920471191,1.4650427103042603,1.4419738054275513,1.4591286182403564,68338944
2026-02-26 05:00:00+00:00,1.4592127799987793,1.4592127799987793,1.4438048601150513,1.4478929042816162,5354752
2026-02-26 06:00:00+00:00,1.4480617046356201,1.4535706043243408,1.4463229179382324,1.4465150833129883,172141056
2026-02-26 07:00:00+00:00,1.446111798286438,1.446111798286438,1.4327465295791626,1.4342806339263916,18163200
2026-02-26 08:00:00+00:00,1.4342443943023682,1.4426013231277466,1.4342443943023682,1.4403935670852661,11127808
2026-02-26 09:00:00+00:00,1.438110113143921,1.4522095918655396,1.4366523027420044,1.4522095918655396,10475520
2026-02-26 10:00:00+00:00,1.4521809816360474,1.4548543691635132,1.4432262182235718,1.4432262182235718,33837056
2026-02-26 11:00:00+00:00,1.4429737329483032,1.4438257217407227,1.4360618591308594,1.4361085891723633,17496576
2026-02-26 12:00:00+00:00,1.4362322092056274,1.442387342453003,1.4362322092056274,1.4420169591903687,0
2026-02-26 13:00:00+00:00,1.4419455528259277,1.4441618919372559,1.4379981756210327,1.4410403966903687,0
2026-02-26 14:00:00+00:00,1.441016674041748,1.4410995244979858,1.424217700958252,1.435058832168579,0
2026-02-26 15:00:00+00:00,1.4348373413085938,1.4348373413085938,1.4139612913131714,1.4202053546905518,0
2026-02-26 16:00:00+00:00,1.4202015399932861,1.4211013317108154,1.3890844583511353,1.3890844583511353,27145472
2026-02-26 17:00:00+00:00,1.3891723155975342,1.396515130996704,1.3872661590576172,1.3872661590576172,0
2026-02-26 18:00:00+00:00,1.3877865076065063,1.394893765449524,1.385305643081665,1.3936381340026855,0
2026-02-26 19:00:00+00:00,1.3935900926589966,1.4079616069793701,1.3935900926589966,1.4075366258621216,0
2026-02-26 20:00:00+00:00,1.4071160554885864,1.411091923713684,1.3964699506759644,1.3976696729660034,0
2026-02-26 21:00:00+00:00,1.3957643508911133,1.3962266445159912,1.390604019165039,1.3957504034042358,0
2026-02-26 22:00:00+00:00,1.3956583738327026,1.403401255607605,1.3950469493865967,1.4023704528808594,0
2026-02-26 23:00:00+00:00,1.4025073051452637,1.4025073051452637,1.3985016345977783,1.4019964933395386,0
2026-02-27 00:00:00+00:00,1.402087688446045,1.4030325412750244,1.396593689918518,1.4011937379837036,0
2026-02-27 01:00:00+00:00,1.4012612104415894,1.404928207397461,1.3990206718444824,1.4045323133468628,0
2026-02-27 02:00:00+00:00,1.4052079916000366,1.411812663078308,1.4052079916000366,1.4091228246688843,0
2026-02-27 03:00:00+00:00,1.4088451862335205,1.4088451862335205,1.401274561882019,1.40775465965271,0
2026-02-27 04:00:00+00:00,1.4077423810958862,1.4181030988693237,1.4077423810958862,1.4096273183822632,19080704
2026-02-27 05:00:00+00:00,1.4091382026672363,1.4129321575164795,1.4084737300872803,1.4104838371276855,0
2026-02-27 06:00:00+00:00,1.4105348587036133,1.4133609533309937,1.4055126905441284,1.4129914045333862,0
2026-02-27 07:00:00+00:00,1.4129544496536255,1.4157088994979858,1.4081858396530151,1.4156880378723145,0
2026-02-27 08:00:00+00:00,1.415820598602295,1.4224179983139038,1.415820598602295,1.4224179983139038,9072640
2026-02-27 09:00:00+00:00,1.422204613685608,1.424272060394287,1.4077600240707397,1.408151626586914,0
2026-02-27 10:00:00+00:00,1.4081028699874878,1.4081028699874878,1.389064073562622,1.3894566297531128,44501504
2026-02-27 11:00:00+00:00,1.3891253471374512,1.3957055807113647,1.3820849657058716,1.3825749158859253,64379904
2026-02-27 12:00:00+00:00,1.382598638534546,1.384121298789978,1.3758244514465332,1.3761285543441772,55124736
2026-02-27 13:00:00+00:00,1.3764163255691528,1.3798408508300781,1.3675307035446167,1.3708676099777222,129631488
2026-02-27 14:00:00+00:00,1.3709510564804077,1.3726317882537842,1.360343337059021,1.360343337059021,0
2026-02-27 15:00:00+00:00,1.360192894935608,1.3645178079605103,1.3557039499282837,1.356374740600586,122839296
2026-02-27 16:00:00+00:00,1.3571414947509766,1.3576459884643555,1.3506709337234497,1.3522664308547974,0
2026-02-27 17:00:00+00:00,1.3522107601165771,1.3567633628845215,1.3409700393676758,1.3567633628845215,15396608
2026-02-27 18:00:00+00:00,1.357606053352356,1.3628522157669067,1.3549578189849854,1.3579145669937134,0
2026-02-27 19:00:00+00:00,1.3573815822601318,1.3573815822601318,1.348609447479248,1.3510464429855347,0
2026-02-27 20:00:00+00:00,1.3509788513183594,1.354765772819519,1.3509788513183594,1.354272484779358,0
2026-02-27 21:00:00+00:00,1.3540852069854736,1.3550148010253906,1.3507108688354492,1.35086190700531,3936768
2026-02-27 22:00:00+00:00,1.3515095710754395,1.354895830154419,1.345264196395874,1.354013442993164,41702400
2026-02-27 23:00:00+00:00,1.3540652990341187,1.3560311794281006,1.3532670736312866,1.3559107780456543,20336640
2026-02-28 00:00:00+00:00,1.3559045791625977,1.362649917602539,1.3559045791625977,1.3624897003173828,0
2026-02-28 01:00:00+00:00,1.3624247312545776,1.3638314008712769,1.3584009408950806,1.3598777055740356,0
2026-02-28 02:00:00+00:00,1.3598166704177856,1.362783670425415,1.3583658933639526,1.3622773885726929,0
2026-02-28 03:00:00+00:00,1.362240195274353,1.362240195274353,1.3547072410583496,1.3547072410583496,0
2026-02-28 04:00:00+00:00,1.3548963069915771,1.3563976287841797,1.3535373210906982,1.354909062385559,0
2026-02-28 05:00:00+00:00,1.3549073934555054,1.355367660522461,1.3481491804122925,1.348258137702942,0
2026-02-28 06:00:00+00:00,1.3485039472579956,1.3505686521530151,1.2989721298217773,1.2989721298217773,327533312
2026-02-28 07:00:00+00:00,1.2998102903366089,1.3183908462524414,1.2978041172027588,1.3052829504013062,319238656
2026-02-28 08:00:00+00:00,1.3053524494171143,1.3053524494171143,1.2867944240570068,1.2867944240570068,136015360
2026-02-28 09:00:00+00:00,1.2873177528381348,1.2874959707260132,1.2754007577896118,1.2791253328323364,151345408
2026-02-28 10:00:00+00:00,1.2780871391296387,1.2924878597259521,1.273024559020996,1.2895491123199463,53546496
2026-02-28 11:00:00+00:00,1.2895622253417969,1.305254340171814,1.2895622253417969,1.2946703433990479,47660032
2026-02-28 12:00:00+00:00,1.294710636138916,1.298120379447937,1.2942320108413696,1.296441674232483,0
2026-02-28 13:00:00+00:00,1.2961591482162476,1.3356928825378418,1.2961052656173706,1.3307713270187378,81527040
2026-02-28 14:00:00+00:00,1.3321455717086792,1.3401471376419067,1.3180327415466309,1.3188096284866333,113868800
2026-02-28 15:00:00+00:00,1.3189233541488647,1.3293191194534302,1.3153659105300903,1.3247379064559937,0
2026-02-28 16:00:00+00:00,1.3247562646865845,1.3277240991592407,1.3202555179595947,1.3276407718658447,0
2026-02-28 17:00:00+00:00,1.3268603086471558,1.3269131183624268,1.318285346031189,1.3257567882537842,0
2026-02-28 18:00:00+00:00,1.3275741338729858,1.3454891443252563,1.3244632482528687,1.3445230722427368,27094016
2026-02-28 19:00:00+00:00,1.343916654586792,1.356419563293457,1.3383623361587524,1.3540629148483276,74657024
2026-02-28 20:00:00+00:00,1.3543580770492554,1.382288932800293,1.3532894849777222,1.3809800148010254,159400192
2026-02-28 21:00:00+00:00,1.3820024728775024,1.3820024728775024,1.3692494630813599,1.3777670860290527,69999616
2026-02-28 22:00:00+00:00,1.377489447593689,1.3892567157745361,1.3767964839935303,1.3831837177276611,40739584
2026-02-28 23:00:00+00:00,1.383044958114624,1.3839777708053589,1.3762218952178955,1.3772294521331787,8395520
2026-03-01 00:00:00+00:00,1.3780606985092163,1.3795726299285889,1.3741251230239868,1.379562497138977,12896256
2026-03-01 01:00:00+00:00,1.3784528970718384,1.4062072038650513,1.3683409690856934,1.402026653289795,210079488
2026-03-01 02:00:00+00:00,1.4018895626068115,1.4289029836654663,1.4018895626068115,1.4263042211532593,345878016
2026-03-01 03:00:00+00:00,1.4261579513549805,1.4320183992385864,1.4172755479812622,1.4172755479812622,129397760
2026-03-01 04:00:00+00:00,1.4179872274398804,1.419984221458435,1.4077767133712769,1.4123092889785767,103520256
2026-03-01 05:00:00+00:00,1.4125697612762451,1.4163568019866943,1.4109337329864502,1.4109337329864502,29449216
2026-03-01 06:00:00+00:00,1.4108220338821411,1.4108220338821411,1.391574501991272,1.396010398864746,0
2026-03-01 07:00:00+00:00,1.3959842920303345,1.400187611579895,1.3945026397705078,1.3985962867736816,0
2026-03-01 08:00:00+00:00,1.3984886407852173,1.3987979888916016,1.3788689374923706,1.3804042339324951,0
2026-03-01 09:00:00+00:00,1.3809596300125122,1.385122537612915,1.3719210624694824,1.3723124265670776,0
2026-03-01 10:00:00+00:00,1.372527003288269,1.3788471221923828,1.3713306188583374,1.376455545425415,0
2026-03-01 11:00:00+00:00,1.376755714416504,1.3811510801315308,1.3764164447784424,1.3769091367721558,0
2026-03-01 12:00:00+00:00,1.3769278526306152,1.377360224723816,1.3685752153396606,1.3685752153396606,0
2026-03-01 13:00:00+00:00,1.3685972690582275,1.392271876335144,1.3643873929977417,1.3922226428985596,0
2026-03-01 14:00:00+00:00,1.3917193412780762,1.3971959352493286,1.3785786628723145,1.3796550035476685,0
2026-03-01 15:00:00+00:00,1.3799124956130981,1.388927698135376,1.3799124956130981,1.3823453187942505,0
2026-03-01 16:00:00+00:00,1.3820104598999023,1.3848779201507568,1.3644781112670898,1.3707672357559204,24305920
2026-03-01 17:00:00+00:00,1.370271921157837,1.3704915046691895,1.3609789609909058,1.3693931102752686,6210048
2026-03-01 18:00:00+00:00,1.3693287372589111,1.3760550022125244,1.3670682907104492,1.3692816495895386,0
2026-03-01 19:00:00+00:00,1.3687717914581299,1.3687717914581299,1.356799840927124,1.3573887348175049,0
2026-03-01 20:00:00+00:00,1.3574485778808594,1.3574485778808594,1.3391995429992676,1.3422367572784424,0
2026-03-01 21:00:00+00:00,1.3423198461532593,1.3560067415237427,1.3419678211212158,1.355810523033142,0
2026-03-01 22:00:00+00:00,1.355628252029419,1.3622150421142578,1.3431801795959473,1.3431801795959473,3027968
2026-03-01 23:00:00+00:00,1.3426523208618164,1.3543550968170166,1.3426523208618164,1.3517242670059204,18543872
2026-03-02 00:00:00+00:00,1.3517593145370483,1.3678990602493286,1.3517593145370483,1.3664500713348389,18725632
2026-03-02 01:00:00+00:00,1.3657500743865967,1.3766998052597046,1.3657500743865967,1.3684124946594238,0
2026-03-02 02:00:00+00:00,1.3683842420578003,1.3701272010803223,1.3564916849136353,1.3651803731918335,0
2026-03-02 03:00:00+00:00,1.3645488023757935,1.3760344982147217,1.3633689880371094,1.3744089603424072,0
2026-03-02 04:00:00+00:00,1.3744027614593506,1.3744027614593506,1.3664628267288208,1.3664628267288208,0
2026-03-02 05:00:00+00:00,1.3664603233337402,1.3682589530944824,1.3607501983642578,1.3654214143753052,0
2026-03-02 06:00:00+00:00,1.365021824836731,1.365021824836731,1.3509306907653809,1.3510138988494873,0
2026-03-02 07:00:00+00:00,1.3502659797668457,1.3502659797668457,1.3394641876220703,1.3474280834197998,21543424
2026-03-02 08:00:00+00:00,1.3473355770111084,1.3533340692520142,1.340893030166626,1.3533340692520142,14942976
2026-03-02 09:00:00+00:00,1.3535853624343872,1.3590408563613892,1.3535853624343872,1.3547093868255615,0
2026-03-02 10:00:00+00:00,1.3536585569381714,1.3544117212295532,1.3507864475250244,1.3519083261489868,0
2026-03-02 11:00:00+00:00,1.3520241975784302,1.3547767400741577,1.3476593494415283,1.351741075515747,0
2026-03-02 12:00:00+00:00,1.3517370223999023,1.3532257080078125,1.3477622270584106,1.348189115524292,0
2026-03-02 13:00:00+00:00,1.3480604887008667,1.3480604887008667,1.3387117385864258,1.3390876054763794,0
2026-03-02 14:00:00+00:00,1.3392910957336426,1.3751530647277832,1.3373202085494995,1.3695123195648193,109682432
2026-03-02 15:00:00+00:00,1.3699102401733398,1.411817193031311,1.3699102401733398,1.3986111879348755,418090240
2026-03-02 16:00:00+00:00,1.399174690246582,1.4164551496505737,1.399174690246582,1.4096709489822388,207827200
2026-03-02 17:00:00+00:00,1.4095350503921509,1.4095350503921509,1.3855080604553223,1.3943912982940674,69846016
2026-03-02 18:00:00+00:00,1.3945006132125854,1.4039767980575562,1.3895214796066284,1.401344656944275,28097792
2026-03-02 19:00:00+00:00,1.4011642932891846,1.4021618366241455,1.3930779695510864,1.4008533954620361,55099392
2026-03-02 20:00:00+00:00,1.4009507894515991,1.4029122591018677,1.3911638259887695,1.3981575965881348,0
2026-03-02 21:00:00+00:00,1.398227334022522,1.398227334022522,1.389617681503296,1.3971989154815674,0
2026-03-02 22:00:00+00:00,1.397249698638916,1.4049783945083618,1.397249698638916,1.3992712497711182,0
2026-03-02 23:00:00+00:00,1.3992202281951904,1.3997306823730469,1.389822006225586,1.391001582145691,146944
2026-03-03 00:00:00+00:00,1.3909422159194946,1.3937054872512817,1.3846659660339355,1.3897521495819092,0
2026-03-03 01:00:00+00:00,1.3902024030685425,1.3927947282791138,1.3850724697113037,1.3858046531677246,0
2026-03-03 02:00:00+00:00,1.3856695890426636,1.3856695890426636,1.3782926797866821,1.3783916234970093,23967232
2026-03-03 03:00:00+00:00,1.3783828020095825,1.3783828020095825,1.3685455322265625,1.3735332489013672,4612352
2026-03-03 04:00:00+00:00,1.3735697269439697,1.3738205432891846,1.3660168647766113,1.3662490844726562,0
2026-03-03 05:00:00+00:00,1.3662135601043701,1.3751009702682495,1.3626651763916016,1.3627994060516357,21778688
2026-03-03 06:00:00+00:00,1.3633153438568115,1.365409016609192,1.3607237339019775,1.3620553016662598,0
2026-03-03 07:00:00+00:00,1.361994981765747,1.3652762174606323,1.3590484857559204,1.3626314401626587,0
2026-03-03 08:00:00+00:00,1.3627349138259888,1.3663796186447144,1.3485358953475952,1.3491131067276,0
2026-03-03 09:00:00+00:00,1.3488019704818726,1.355190634727478,1.345298409461975,1.3472932577133179,32905984
2026-03-03 10:00:00+00:00,1.3473702669143677,1.3502099514007568,1.3436596393585205,1.3495482206344604,28894720
2026-03-03 11:00:00+00:00,1.3496792316436768,1.3528082370758057,1.3479865789413452,1.3528082370758057,42220032
2026-03-03 12:00:00+00:00,1.3528398275375366,1.3641290664672852,1.352738618850708,1.3581191301345825,70598656
2026-03-03 13:00:00+00:00,1.3582159280776978,1.3582159280776978,1.3459442853927612,1.346787452697754,0
2026-03-03 14:00:00+00:00,1.348097801208496,1.355581521987915,1.342735767364502,1.3495275974273682,0
2026-03-03 15:00:00+00:00,1.348350167274475,1.3623237609863281,1.3425288200378418,1.3611656427383423,0
2026-03-03 16:00:00+00:00,1.3619812726974487,1.382216453552246,1.3590561151504517,1.372420310974121,0
2026-03-03 17:00:00+00:00,1.3699768781661987,1.3699768781661987,1.3568034172058105,1.3690075874328613,0
2026-03-03 18:00:00+00:00,1.3689383268356323,1.3733234405517578,1.364427924156189,1.368016242980957,0
2026-03-03 19:00:00+00:00,1.3677982091903687,1.3677982091903687,1.3594573736190796,1.3622405529022217,0
2026-03-03 20:00:00+00:00,1.3622541427612305,1.3622541427612305,1.355679988861084,1.355779767036438,0
2026-03-03 21:00:00+00:00,1.3551254272460938,1.35606849193573,1.3507064580917358,1.3560665845870972,0
2026-03-03 22:00:00+00:00,1.3562091588974,1.3638207912445068,1.3562091588974,1.3628640174865723,0
2026-03-03 23:00:00+00:00,1.3628325462341309,1.3661470413208008,1.3605633974075317,1.3605633974075317,0
2026-03-04 00:00:00+00:00,1.3605040311813354,1.3622149229049683,1.3547977209091187,1.3610457181930542,0
2026-03-04 01:00:00+00:00,1.3609166145324707,1.367371678352356,1.3581598997116089,1.3646321296691895,36300288
2026-03-04 02:00:00+00:00,1.3642131090164185,1.3642131090164185,1.3559794425964355,1.3612322807312012,0
2026-03-04 03:00:00+00:00,1.3609325885772705,1.3609325885772705,1.3472803831100464,1.349150538444519,6628864
2026-03-04 04:00:00+00:00,1.3518402576446533,1.3540865182876587,1.347078800201416,1.3521134853363037,10299648
2026-03-04 05:00:00+00:00,1.351665735244751,1.3598278760910034,1.3508890867233276,1.3582491874694824,0
2026-03-04 06:00:00+00:00,1.3572280406951904,1.360289216041565,1.3514361381530762,1.3592511415481567,4364032
2026-03-04 07:00:00+00:00,1.3595237731933594,1.373091697692871,1.3590447902679443,1.373091697692871,24946688
2026-03-04 08:00:00+00:00,1.3734586238861084,1.3985916376113892,1.3703618049621582,1.3985916376113892,127827200
2026-03-04 09:00:00+00:00,1.3989858627319336,1.4211207628250122,1.3989858627319336,1.4130549430847168,311273728
2026-03-04 10:00:00+00:00,1.4155339002609253,1.4194788932800293,1.4035040140151978,1.4035040140151978,117410816
2026-03-04 11:00:00+00:00,1.403471827507019,1.4115374088287354,1.3961352109909058,1.3992818593978882,43049216
2026-03-04 12:00:00+00:00,1.3993215560913086,1.399444341659546,1.3857179880142212,1.3930743932724,14707456
2026-03-04 13:00:00+00:00,1.3931936025619507,1.4040864706039429,1.3931936025619507,1.4040864706039429,32048896
2026-03-04 14:00:00+00:00,1.4039981365203857,1.4226901531219482,1.4039981365203857,1.4148534536361694,64526336
2026-03-04 15:00:00+00:00,1.4141206741333008,1.4580605030059814,1.4141206741333008,1.4580605030059814,297051136
2026-03-04 16:00:00+00:00,1.4593507051467896,1.4660251140594482,1.444684624671936,1.450986385345459,94837504
2026-03-04 17:00:00+00:00,1.450784683227539,1.4532240629196167,1.4382736682891846,1.4441564083099365,93890560
2026-03-04 18:00:00+00:00,1.4441142082214355,1.454005479812622,1.4404908418655396,1.454005479812622,19746816
2026-03-04 19:00:00+00:00,1.453690767288208,1.4689202308654785,1.453690767288208,1.4606196880340576,134292736
2026-03-04 20:00:00+00:00,1.4603064060211182,1.4641779661178589,1.4519973993301392,1.4571927785873413,72135680
2026-03-04 21:00:00+00:00,1.4588541984558105,1.4599640369415283,1.4468448162078857,1.4478946924209595,79888384
2026-03-04 22:00:00+00:00,1.448012113571167,1.4517534971237183,1.4293001890182495,1.430108666419983,49615872
2026-03-04 23:00:00+00:00,1.430037260055542,1.4321117401123047,1.4205491542816162,1.430206537246704,79448064
2026-03-05 00:00:00+00:00,1.4312679767608643,1.4324743747711182,1.425614356994629,1.4286408424377441,20032000
2026-03-05 01:00:00+00:00,1.4276936054229736,1.4317742586135864,1.4183498620986938,1.4183498620986938,0
2026-03-05 02:00:00+00:00,1.4182580709457397,1.4274998903274536,1.4181843996047974,1.4190483093261719,0
2026-03-05 03:00:00+00:00,1.4193230867385864,1.4222955703735352,1.41755211353302,1.420163631439209,0
2026-03-05 04:00:00+00:00,1.4200758934020996,1.4292627573013306,1.4197707176208496,1.429020643234253,20966400
2026-03-05 05:00:00+00:00,1.4287424087524414,1.4292879104614258,1.4153361320495605,1.4153361320495605,0
2026-03-05 06:00:00+00:00,1.4154255390167236,1.4243717193603516,1.4099806547164917,1.4243717193603516,25205760
2026-03-05 07:00:00+00:00,1.4244188070297241,1.429278016090393,1.4116835594177246,1.4116835594177246,0
2026-03-05 08:00:00+00:00,1.4120501279830933,1.4182331562042236,1.4110374450683594,1.4182331562042236,0
2026-03-05 09:00:00+00:00,1.4182642698287964,1.428748607635498,1.4181902408599854,1.428748607635498,0
2026-03-05 10:00:00+00:00,1.4287666082382202,1.450740933418274,1.4269840717315674,1.4504531621932983,0
2026-03-05 11:00:00+00:00,1.4501917362213135,1.4501917362213135,1.4366371631622314,1.437001347541809,0
2026-03-05 12:00:00+00:00,1.4369902610778809,1.4411405324935913,1.4354043006896973,1.4411405324935913,0
2026-03-05 13:00:00+00:00,1.4412835836410522,1.4412835836410522,1.4235585927963257,1.4291057586669922,529152
2026-03-05 14:00:00+00:00,1.4289302825927734,1.4328703880310059,1.4223068952560425,1.4328703880310059,0
2026-03-05 15:00:00+00:00,1.4329947233200073,1.4358160495758057,1.4127784967422485,1.41378653049469,0
2026-03-05 16:00:00+00:00,1.4145411252975464,1.4149810075759888,1.3991196155548096,1.4118717908859253,0
2026-03-05 17:00:00+00:00,1.411950707435608,1.4145965576171875,1.4013510942459106,1.4015121459960938,0
2026-03-05 18:00:00+00:00,1.40119206905365,1.4093538522720337,1.400055170059204,1.409256100654602,0
2026-03-05 19:00:00+00:00,1.4092819690704346,1.420234203338623,1.4092819690704346,1.412149429321289,0
2026-03-05 20:00:00+00:00,1.4119607210159302,1.418046474456787,1.4118355512619019,1.4166109561920166,0
2026-03-05 21:00:00+00:00,1.416225790977478,1.4182512760162354,1.405316710472107,1.40604567527771,0
2026-03-05 22:00:00+00:00,1.406128168106079,1.4081735610961914,1.4041457176208496,1.4077523946762085,0
2026-03-05 23:00:00+00:00,1.4075632095336914,1.4075632095336914,1.4029196500778198,1.4030816555023193,0
2026-03-06 00:00:00+00:00,1.4032323360443115,1.4075429439544678,1.4032323360443115,1.404597282409668,0
2026-03-06 01:00:00+00:00,1.4046305418014526,1.4128519296646118,1.400917410850525,1.412006139755249,0
2026-03-06 02:00:00+00:00,1.4120521545410156,1.4125313758850098,1.4094644784927368,1.4094864130020142,0
2026-03-06 03:00:00+00:00,1.4096192121505737,1.4105162620544434,1.4046623706817627,1.4046623706817627,0
2026-03-06 04:00:00+00:00,1.4049139022827148,1.4055376052856445,1.3949347734451294,1.3978105783462524,0
2026-03-06 05:00:00+00:00,1.398215651512146,1.4016166925430298,1.393773078918457,1.3986340761184692,0
2026-03-06 06:00:00+00:00,1.3987468481063843,1.4020251035690308,1.397682785987854,1.4013988971710205,0
2026-03-06 07:00:00+00:00,1.4013115167617798,1.4075250625610352,1.3989280462265015,1.4075204133987427,0
2026-03-06 08:00:00+00:00,1.4074406623840332,1.4074548482894897,1.4021923542022705,1.4038503170013428,10246144
2026-03-06 09:00:00+00:00,1.4038945436477661,1.4052718877792358,1.3934310674667358,1.3970062732696533,0
2026-03-06 10:00:00+00:00,1.3971154689788818,1.4063462018966675,1.3971154689788818,1.4034236669540405,0
2026-03-06 11:00:00+00:00,1.40342378616333,1.40342378616333,1.394552230834961,1.3945989608764648,0
2026-03-06 12:00:00+00:00,1.3947471380233765,1.3950111865997314,1.3866114616394043,1.39018714427948,9245184
2026-03-06 13:00:00+00:00,1.3901790380477905,1.3933656215667725,1.3749502897262573,1.3749502897262573,61368576
2026-03-06 14:00:00+00:00,1.3745777606964111,1.3745777606964111,1.3546833992004395,1.3552188873291016,104029184
2026-03-06 15:00:00+00:00,1.3554409742355347,1.3647656440734863,1.355251431465149,1.3570724725723267,2324224
2026-03-06 16:00:00+00:00,1.3569507598876953,1.3615857362747192,1.3560250997543335,1.3577102422714233,0
2026-03-06 17:00:00+00:00,1.357740879058838,1.3577991724014282,1.347127914428711,1.3496037721633911,28370432
2026-03-06 18:00:00+00:00,1.3506081104278564,1.361628770828247,1.3501999378204346,1.3591614961624146,21895680
2026-03-06 19:00:00+00:00,1.358994960784912,1.3646128177642822,1.358994960784912,1.3633465766906738,0
2026-03-06 20:00:00+00:00,1.3634663820266724,1.3635756969451904,1.3559857606887817,1.3586331605911255,0
2026-03-06 21:00:00+00:00,1.3578695058822632,1.3635004758834839,1.3572566509246826,1.363071322441101,0
2026-03-06 22:00:00+00:00,1.3635070323944092,1.3706200122833252,1.3630772829055786,1.3706200122833252,8697088
2026-03-06 23:00:00+00:00,1.3704800605773926,1.3704800605773926,1.3635547161102295,1.3635761737823486,0
2026-03-07 00:00:00+00:00,1.3635541200637817,1.3691880702972412,1.3633111715316772,1.3686110973358154,0
2026-03-07 01:00:00+00:00,1.368560552597046,1.3690154552459717,1.3661882877349854,1.3681411743164062,0
2026-03-07 02:00:00+00:00,1.3680927753448486,1.3680927753448486,1.3635622262954712,1.3671339750289917,0
2026-03-07 03:00:00+00:00,1.3672646284103394,1.3727993965148926,1.3668031692504883,1.3668688535690308,0
2026-03-07 04:00:00+00:00,1.3668817281723022,1.3668817281723022,1.362869143486023,1.3640031814575195,0
2026-03-07 05:00:00+00:00,1.3637495040893555,1.367251992225647,1.3631274700164795,1.3669685125350952,0
2026-03-07 06:00:00+00:00,1.367002248764038,1.3677332401275635,1.364011526107788,1.364166498184204,0
2026-03-07 07:00:00+00:00,1.3640986680984497,1.3669005632400513,1.363040566444397,1.3669005632400513,0
2026-03-07 08:00:00+00:00,1.3670313358306885,1.3684751987457275,1.3660262823104858,1.3660674095153809,0
2026-03-07 09:00:00+00:00,1.366111397743225,1.3673278093338013,1.3642783164978027,1.3667370080947876,0
2026-03-07 10:00:00+00:00,1.3660898208618164,1.3678483963012695,1.3660318851470947,1.3668209314346313,0
2026-03-07 11:00:00+00:00,1.3667395114898682,1.3722872734069824,1.366127610206604,1.3707653284072876,0
2026-03-07 12:00:00+00:00,1.3702950477600098,1.3702950477600098,1.3641984462738037,1.3642219305038452,0
2026-03-07 13:00:00+00:00,1.3642596006393433,1.3665471076965332,1.3634978532791138,1.3634978532791138,0
2026-03-07 14:00:00+00:00,1.3635081052780151,1.3655292987823486,1.357767105102539,1.3645527362823486,0
2026-03-07 15:00:00+00:00,1.364509105682373,1.364509105682373,1.3561738729476929,1.357210397720337,0
2026-03-07 16:00:00+00:00,1.357205867767334,1.3601856231689453,1.3565119504928589,1.3601856231689453,0
2026-03-07 17:00:00+00:00,1.3602699041366577,1.3640687465667725,1.3602699041366577,1.3630082607269287,0
2026-03-07 18:00:00+00:00,1.3628560304641724,1.3628560304641724,1.3546241521835327,1.3570795059204102,0
2026-03-07 19:00:00+00:00,1.3570610284805298,1.3570610284805298,1.3501957654953003,1.3501957654953003,38699520
2026-03-07 20:00:00+00:00,1.350256323814392,1.3558988571166992,1.350256323814392,1.3556146621704102,0
2026-03-07 21:00:00+00:00,1.3556327819824219,1.3581947088241577,1.3551511764526367,1.3564002513885498,0
2026-03-07 22:00:00+00:00,1.3563345670700073,1.3565819263458252,1.3522251844406128,1.3538544178009033,0
2026-03-07 23:00:00+00:00,1.3539011478424072,1.356462001800537,1.3537588119506836,1.3564250469207764,0
2026-03-08 00:00:00+00:00,1.3564221858978271,1.3595409393310547,1.3548811674118042,1.3551208972930908,0
2026-03-08 01:00:00+00:00,1.3550784587860107,1.3572206497192383,1.3524367809295654,1.357027292251587,2626560
2026-03-08 02:00:00+00:00,1.3571819067001343,1.3571819067001343,1.3481063842773438,1.3481063842773438,19986048
2026-03-08 03:00:00+00:00,1.3480494022369385,1.35112726688385,1.3464057445526123,1.349755048751831,10478336
2026-03-08 04:00:00+00:00,1.3497523069381714,1.3497523069381714,1.3437368869781494,1.3437821865081787,17401088
2026-03-08 05:00:00+00:00,1.343870759010315,1.3550832271575928,1.343870759010315,1.354247808456421,21247104
2026-03-08 06:00:00+00:00,1.3542135953903198,1.3544203042984009,1.350798487663269,1.3530128002166748,1644672
2026-03-08 07:00:00+00:00,1.3529095649719238,1.361298680305481,1.3524131774902344,1.3601112365722656,15208832
2026-03-08 08:00:00+00:00,1.3601754903793335,1.3610858917236328,1.3562899827957153,1.3602467775344849,14071424
2026-03-08 09:00:00+00:00,1.3602149486541748,1.3644049167633057,1.3581433296203613,1.3621963262557983,23097344
2026-03-08 10:00:00+00:00,1.3620970249176025,1.3705718517303467,1.3619052171707153,1.3682321310043335,49675136
2026-03-08 11:00:00+00:00,1.3683618307113647,1.3683618307113647,1.357761263847351,1.35842764377594,22063744
2026-03-08 12:00:00+00:00,1.3583189249038696,1.3583632707595825,1.3492027521133423,1.352091670036316,31290368
2026-03-08 13:00:00+00:00,1.3520933389663696,1.3524134159088135,1.345641851425171,1.3502721786499023,48100864
2026-03-08 14:00:00+00:00,1.3500269651412964,1.3514403104782104,1.346967339515686,1.3495409488677979,0
2026-03-08 15:00:00+00:00,1.3493711948394775,1.3493711948394775,1.3441052436828613,1.3458943367004395,10613888
2026-03-08 16:00:00+00:00,1.3458244800567627,1.3458244800567627,1.3400298357009888,1.3400298357009888,47865856
2026-03-08 17:00:00+00:00,1.339990258216858,1.3452341556549072,1.3397425413131714,1.343024730682373,13761792
2026-03-08 18:00:00+00:00,1.343126654624939,1.3463671207427979,1.3424170017242432,1.3449403047561646,0
2026-03-08 19:00:00+00:00,1.3448940515518188,1.358809232711792,1.3440483808517456,1.3549799919128418,0
2026-03-08 20:00:00+00:00,1.3550655841827393,1.3595489263534546,1.3529585599899292,1.354304313659668,376704
2026-03-08 21:00:00+00:00,1.3542331457138062,1.3542331457138062,1.3466525077819824,1.348024606704712,1870336
2026-03-08 22:00:00+00:00,1.3478704690933228,1.3478704690933228,1.329154372215271,1.3453501462936401,183911808
2026-03-08 23:00:00+00:00,1.3453923463821411,1.348870873451233,1.3416247367858887,1.3416247367858887,33393408
2026-03-09 00:00:00+00:00,1.3413695096969604,1.3554019927978516,1.3413695096969604,1.350205421447754,89721856
2026-03-09 01:00:00+00:00,1.3501642942428589,1.3514165878295898,1.3440874814987183,1.3450067043304443,44409856
2026-03-09 02:00:00+00:00,1.34495210647583,1.3490921258926392,1.339672327041626,1.3484196662902832,18582400
2026-03-09 03:00:00+00:00,1.3483166694641113,1.3619624376296997,1.3471044301986694,1.3502448797225952,83909504
2026-03-09 04:00:00+00:00,1.3504204750061035,1.354681372642517,1.3470731973648071,1.3470731973648071,0
2026-03-09 05:00:00+00:00,1.3468217849731445,1.3559476137161255,1.3432139158248901,1.3543623685836792,72831232
2026-03-09 06:00:00+00:00,1.354392647743225,1.3565822839736938,1.345657467842102,1.345657467842102,36871424
2026-03-09 07:00:00+00:00,1.3455212116241455,1.3455212116241455,1.336930751800537,1.340349555015564,102401280
2026-03-09 08:00:00+00:00,1.3406063318252563,1.3471271991729736,1.3405946493148804,1.345834493637085,37576064
2026-03-09 09:00:00+00:00,1.3458266258239746,1.3613557815551758,1.3435221910476685,1.356126070022583,75145088
2026-03-09 10:00:00+00:00,1.3560476303100586,1.3560476303100586,1.3467005491256714,1.3467398881912231,0
2026-03-09 11:00:00+00:00,1.346792459487915,1.3509505987167358,1.3426082134246826,1.350929617881775,0
2026-03-09 12:00:00+00:00,1.3506667613983154,1.356930136680603,1.3503661155700684,1.3539299964904785,0
2026-03-09 13:00:00+00:00,1.3541386127471924,1.3714511394500732,1.3541386127471924,1.3680946826934814,77547264
2026-03-09 14:00:00+00:00,1.368237018585205,1.3697645664215088,1.3601806163787842,1.3657348155975342,118253824
2026-03-09 15:00:00+00:00,1.3655948638916016,1.3663686513900757,1.3597075939178467,1.361975908279419,39404544
2026-03-09 16:00:00+00:00,1.360548734664917,1.3660359382629395,1.3603405952453613,1.365162968635559,0
2026-03-09 17:00:00+00:00,1.365088701248169,1.3690062761306763,1.3616745471954346,1.362919807434082,34120960
2026-03-09 18:00:00+00:00,1.3622815608978271,1.3663551807403564,1.3577332496643066,1.361037254333496,19895296
2026-03-09 19:00:00+00:00,1.3615639209747314,1.3814165592193604,1.3579667806625366,1.371565818786621,138594816
2026-03-09 20:00:00+00:00,1.3718750476837158,1.3760311603546143,1.3684433698654175,1.3723169565200806,48483328
2026-03-09 21:00:00+00:00,1.3721773624420166,1.3763959407806396,1.3721773624420166,1.3747104406356812,9231360
2026-03-09 22:00:00+00:00,1.3749229907989502,1.3749229907989502,1.3642408847808838,1.3645645380020142,0
2026-03-09 23:00:00+00:00,1.3645892143249512,1.3668465614318848,1.3615427017211914,1.3618422746658325,289536
2026-03-10 00:00:00+00:00,1.3621118068695068,1.3728084564208984,1.3620145320892334,1.3703007698059082,0
2026-03-10 01:00:00+00:00,1.3702962398529053,1.3734229803085327,1.3672975301742554,1.3734229803085327,0
2026-03-10 02:00:00+00:00,1.3732895851135254,1.3902349472045898,1.3711483478546143,1.3874741792678833,51910656
2026-03-10 03:00:00+00:00,1.3881137371063232,1.3891421556472778,1.3763138055801392,1.3763138055801392,0
2026-03-10 04:00:00+00:00,1.3755912780761719,1.3819999694824219,1.3751908540725708,1.3819999694824219,23542528
2026-03-10 05:00:00+00:00,1.3819177150726318,1.3884202241897583,1.3817105293273926,1.3846336603164673,0
2026-03-10 06:00:00+00:00,1.3845434188842773,1.3845434188842773,1.3790757656097412,1.3806310892105103,10968320
2026-03-10 07:00:00+00:00,1.3807095289230347,1.3875895738601685,1.3783587217330933,1.3860191106796265,0
2026-03-10 08:00:00+00:00,1.3863593339920044,1.4079378843307495,1.3863593339920044,1.4015789031982422,99994880
2026-03-10 09:00:00+00:00,1.4016021490097046,1.4181183576583862,1.4016021490097046,1.4174357652664185,23421184
2026-03-10 10:00:00+00:00,1.4174723625183105,1.4174723625183105,1.4054399728775024,1.4063254594802856,86367488
2026-03-10 11:00:00+00:00,1.4058572053909302,1.4058572053909302,1.3906172513961792,1.3916553258895874,83042048
2026-03-10 12:00:00+00:00,1.391666054725647,1.391666054725647,1.384659767150879,1.3894845247268677,40567040
2026-03-10 13:00:00+00:00,1.3890026807785034,1.4003757238388062,1.3856987953186035,1.3940056562423706,3777280
2026-03-10 14:00:00+00:00,1.3938720226287842,1.4331107139587402,1.3852709531784058,1.4331107139587402,181389056
2026-03-10 15:00:00+00:00,1.4358092546463013,1.4376626014709473,1.4239327907562256,1.4274895191192627,242506240
2026-03-10 16:00:00+00:00,1.4305572509765625,1.4344559907913208,1.425579309463501,1.4269492626190186,107323136
2026-03-10 17:00:00+00:00,1.4268261194229126,1.4287787675857544,1.4111132621765137,1.4132442474365234,63383296
2026-03-10 18:00:00+00:00,1.4126911163330078,1.4128456115722656,1.3932303190231323,1.3933831453323364,136074496
2026-03-10 19:00:00+00:00,1.3935598134994507,1.3937783241271973,1.3818410634994507,1.3822673559188843,0
2026-03-10 20:00:00+00:00,1.382962942123413,1.394145131111145,1.382962942123413,1.390845775604248,0
2026-03-10 21:00:00+00:00,1.3904240131378174,1.393048882484436,1.3815542459487915,1.3832250833511353,26738176
2026-03-10 22:00:00+00:00,1.3843523263931274,1.386767864227295,1.3810195922851562,1.3844691514968872,0
2026-03-10 23:00:00+00:00,1.3844823837280273,1.3873032331466675,1.3844823837280273,1.386428952217102,7307520
2026-03-11 00:00:00+00:00,1.3864266872406006,1.3902158737182617,1.3832852840423584,1.3902158737182617,7013888
2026-03-11 01:00:00+00:00,1.3899747133255005,1.3899747133255005,1.3855394124984741,1.3895578384399414,0
2026-03-11 02:00:00+00:00,1.3896609544754028,1.3901331424713135,1.3800581693649292,1.3815817832946777,0
2026-03-11 03:00:00+00:00,1.3817561864852905,1.3829809427261353,1.3793386220932007,1.3795832395553589,5862656
2026-03-11 04:00:00+00:00,1.3789957761764526,1.3880126476287842,1.3782143592834473,1.3880126476287842,0
2026-03-11 05:00:00+00:00,1.3881014585494995,1.3895267248153687,1.377030849456787,1.3771522045135498,2500096
2026-03-11 06:00:00+00:00,1.3770241737365723,1.3830950260162354,1.3768349885940552,1.3830950260162354,0
2026-03-11 07:00:00+00:00,1.3830057382583618,1.3830057382583618,1.3756693601608276,1.379138708114624,0
2026-03-11 08:00:00+00:00,1.3790608644485474,1.3790608644485474,1.3745242357254028,1.3752483129501343,0
2026-03-11 09:00:00+00:00,1.3752050399780273,1.378919243812561,1.3748841285705566,1.3754345178604126,0
2026-03-11 10:00:00+00:00,1.3753637075424194,1.3799453973770142,1.3744256496429443,1.3787747621536255,0
2026-03-11 11:00:00+00:00,1.3787709474563599,1.3799771070480347,1.373790979385376,1.373790979385376,0
2026-03-11 12:00:00+00:00,1.3738529682159424,1.383531093597412,1.3718860149383545,1.383531093597412,24765440
2026-03-11 13:00:00+00:00,1.3837412595748901,1.406960368156433,1.3837412595748901,1.3898718357086182,58236928
2026-03-11 14:00:00+00:00,1.3904882669448853,1.3998397588729858,1.3904882669448853,1.396346092224121,0
2026-03-11 15:00:00+00:00,1.3958656787872314,1.3958656787872314,1.3785028457641602,1.3834033012390137,0
2026-03-11 16:00:00+00:00,1.383264183998108,1.3892502784729004,1.3826240301132202,1.3871500492095947,0
2026-03-11 17:00:00+00:00,1.3872359991073608,1.4006727933883667,1.3872359991073608,1.3973069190979004,35838720
2026-03-11 18:00:00+00:00,1.39798104763031,1.4042772054672241,1.39798104763031,1.4042772054672241,0
2026-03-11 19:00:00+00:00,1.4043935537338257,1.4046275615692139,1.389664888381958,1.389923095703125,0
2026-03-11 20:00:00+00:00,1.3899507522583008,1.3920645713806152,1.389001488685608,1.3909459114074707,0
2026-03-11 21:00:00+00:00,1.391011118888855,1.3925570249557495,1.3903087377548218,1.392531394958496,0
2026-03-11 22:00:00+00:00,1.39251708984375,1.3937915563583374,1.3883758783340454,1.3898415565490723,0
2026-03-11 23:00:00+00:00,1.3898388147354126,1.3912550210952759,1.3846797943115234,1.3848804235458374,1735168
2026-03-12 00:00:00+00:00,1.3849364519119263,1.3850375413894653,1.3829700946807861,1.3841606378555298,0
2026-03-12 01:00:00+00:00,1.3841646909713745,1.3841949701309204,1.3781652450561523,1.3781652450561523,18325760
2026-03-12 02:00:00+00:00,1.3782519102096558,1.379927396774292,1.372200608253479,1.3727856874465942,14399488
2026-03-12 03:00:00+00:00,1.372788667678833,1.3753422498703003,1.3724664449691772,1.374000906944275,1477632
2026-03-12 04:00:00+00:00,1.3740341663360596,1.3775657415390015,1.3703501224517822,1.3706601858139038,0
2026-03-12 05:00:00+00:00,1.370578408241272,1.3712024688720703,1.3679251670837402,1.3698176145553589,10526976
2026-03-12 06:00:00+00:00,1.369882583618164,1.3725197315216064,1.369030237197876,1.3725029230117798,0
2026-03-12 07:00:00+00:00,1.3724935054779053,1.3769032955169678,1.37126624584198,1.3764564990997314,6057216
2026-03-12 08:00:00+00:00,1.3764580488204956,1.3805131912231445,1.3753166198730469,1.3794927597045898,250880
2026-03-12 09:00:00+00:00,1.3795841932296753,1.3847696781158447,1.3766626119613647,1.3819025754928589,19418624
2026-03-12 10:00:00+00:00,1.3819575309753418,1.3906935453414917,1.380138635635376,1.3906283378601074,19077120
2026-03-12 11:00:00+00:00,1.3899205923080444,1.3922311067581177,1.3881460428237915,1.3882551193237305,0
2026-03-12 12:00:00+00:00,1.3884620666503906,1.3919841051101685,1.386853814125061,1.388515830039978,0
2026-03-12 13:00:00+00:00,1.3885670900344849,1.3892242908477783,1.3801305294036865,1.3801840543746948,0
2026-03-12 14:00:00+00:00,1.3805420398712158,1.3889517784118652,1.3690032958984375,1.3691688776016235,0
2026-03-12 15:00:00+00:00,1.3692750930786133,1.3815370798110962,1.3692750930786133,1.3799846172332764,0
2026-03-12 16:00:00+00:00,1.380109429359436,1.3842231035232544,1.372525691986084,1.3832014799118042,4594432
2026-03-12 17:00:00+00:00,1.3831264972686768,1.3833087682724,1.3803077936172485,1.3803110122680664,0
2026-03-12 18:00:00+00:00,1.3802555799484253,1.3804525136947632,1.372701644897461,1.372701644897461,0
2026-03-12 19:00:00+00:00,1.3727096319198608,1.3810511827468872,1.371182918548584,1.3799817562103271,0
2026-03-12 20:00:00+00:00,1.3797638416290283,1.3797638416290283,1.3725740909576416,1.3726049661636353,0
2026-03-12 21:00:00+00:00,1.3725547790527344,1.3749651908874512,1.3725547790527344,1.3749651908874512,3891328
2026-03-12 22:00:00+00:00,1.3748784065246582,1.3754161596298218,1.3734345436096191,1.3748410940170288,0
2026-03-12 23:00:00+00:00,1.3756093978881836,1.3881757259368896,1.3756093978881836,1.3846381902694702,63303424
2026-03-13 00:00:00+00:00,1.3846837282180786,1.419630765914917,1.3846428394317627,1.4043861627578735,303251712
2026-03-13 01:00:00+00:00,1.404845952987671,1.414722204208374,1.404845952987671,1.4131801128387451,120060928
2026-03-13 02:00:00+00:00,1.4132074117660522,1.4132074117660522,1.400926113128662,1.4013861417770386,30133248
2026-03-13 03:00:00+00:00,1.4013882875442505,1.4120326042175293,1.4013882875442505,1.4120070934295654,27672320
2026-03-13 04:00:00+00:00,1.412007451057434,1.41239595413208,1.4083342552185059,1.4101264476776123,24856320
2026-03-13 05:00:00+00:00,1.41029691696167,1.4231449365615845,1.4085578918457031,1.422924280166626,70830080
2026-03-13 06:00:00+00:00,1.4227159023284912,1.424283504486084,1.4138315916061401,1.414045810699463,74221056
2026-03-13 07:00:00+00:00,1.4139957427978516,1.4186421632766724,1.4131882190704346,1.4144728183746338,47642624
2026-03-13 08:00:00+00:00,1.4144285917282104,1.430384874343872,1.4144285917282104,1.4275957345962524,133275648
2026-03-13 09:00:00+00:00,1.4275052547454834,1.4343260526657104,1.4275052547454834,1.4300867319107056,56865536
2026-03-13 10:00:00+00:00,1.4300329685211182,1.4372193813323975,1.4294401407241821,1.434051513671875,56700672
2026-03-13 11:00:00+00:00,1.4340119361877441,1.4341442584991455,1.4209755659103394,1.4209755659103394,57092096
2026-03-13 12:00:00+00:00,1.4209799766540527,1.437781572341919,1.4209799766540527,1.435522198677063,83209984
2026-03-13 13:00:00+00:00,1.4349915981292725,1.4471975564956665,1.4337852001190186,1.4441001415252686,183329024
2026-03-13 14:00:00+00:00,1.4439384937286377,1.4495635032653809,1.4231911897659302,1.4231911897659302,141527552
2026-03-13 15:00:00+00:00,1.423442006111145,1.4273914098739624,1.4091441631317139,1.4091441631317139,104500736
2026-03-13 16:00:00+00:00,1.4093351364135742,1.4137637615203857,1.403355360031128,1.411828637123108,61091584
2026-03-13 17:00:00+00:00,1.4114222526550293,1.4114222526550293,1.3939863443374634,1.3941013813018799,72166656
2026-03-13 18:00:00+00:00,1.3941718339920044,1.4000539779663086,1.392324447631836,1.3978166580200195,37274624
2026-03-13 19:00:00+00:00,1.397728443145752,1.4019477367401123,1.3968032598495483,1.4015480279922485,0
2026-03-13 20:00:00+00:00,1.4014735221862793,1.4040765762329102,1.3997957706451416,1.4029793739318848,32355072
2026-03-13 21:00:00+00:00,1.402998447418213,1.405193567276001,1.3992481231689453,1.4011425971984863,22736384
2026-03-13 22:00:00+00:00,1.4010635614395142,1.4011849164962769,1.391457438468933,1.3942569494247437,49359872
2026-03-13 23:00:00+00:00,1.3942954540252686,1.3993734121322632,1.3939276933670044,1.3989084959030151,0
2026-03-14 00:00:00+00:00,1.3989574909210205,1.3990000486373901,1.3938300609588623,1.3946067094802856,0
2026-03-14 01:00:00+00:00,1.3946261405944824,1.4002715349197388,1.394284725189209,1.4002715349197388,0
2026-03-14 02:00:00+00:00,1.400253176689148,1.4018608331680298,1.3985249996185303,1.3990490436553955,0
2026-03-14 03:00:00+00:00,1.3990675210952759,1.4025369882583618,1.3983423709869385,1.4008588790893555,0
2026-03-14 04:00:00+00:00,1.4008651971817017,1.4032089710235596,1.398935079574585,1.3989872932434082,0
2026-03-14 05:00:00+00:00,1.3990418910980225,1.3990418910980225,1.3958008289337158,1.396064281463623,0
2026-03-14 06:00:00+00:00,1.3960367441177368,1.3960367441177368,1.3878846168518066,1.3926090002059937,0
2026-03-14 07:00:00+00:00,1.392653465270996,1.3972041606903076,1.392653465270996,1.3945873975753784,0
2026-03-14 08:00:00+00:00,1.3945097923278809,1.3962430953979492,1.3933377265930176,1.393555760383606,0
2026-03-14 09:00:00+00:00,1.3935290575027466,1.3967880010604858,1.3914337158203125,1.391479253768921,0
2026-03-14 10:00:00+00:00,1.391357421875,1.391357421875,1.3890587091445923,1.3896726369857788,0
2026-03-14 11:00:00+00:00,1.3896989822387695,1.3927115201950073,1.3896989822387695,1.392372488975525,0
2026-03-14 12:00:00+00:00,1.392409324645996,1.3936269283294678,1.3894124031066895,1.3898173570632935,0
2026-03-14 13:00:00+00:00,1.3898663520812988,1.394405722618103,1.3893852233886719,1.3922441005706787,0
2026-03-14 14:00:00+00:00,1.3922642469406128,1.3928414583206177,1.389860987663269,1.389937162399292,0
2026-03-14 15:00:00+00:00,1.3898664712905884,1.3915547132492065,1.3894139528274536,1.3906642198562622,0
2026-03-14 16:00:00+00:00,1.3906443119049072,1.3925437927246094,1.388782262802124,1.3925437927246094,0
2026-03-14 17:00:00+00:00,1.3925963640213013,1.3935381174087524,1.3898019790649414,1.3899250030517578,0
2026-03-14 18:00:00+00:00,1.389912486076355,1.3915520906448364,1.3893624544143677,1.3915520906448364,0
2026-03-14 19:00:00+00:00,1.3915024995803833,1.3915024995803833,1.39047372341156,1.3906519412994385,0
2026-03-14 20:00:00+00:00,1.3906195163726807,1.3934478759765625,1.3897192478179932,1.3932268619537354,0
2026-03-14 21:00:00+00:00,1.3932453393936157,1.3960193395614624,1.3921787738800049,1.3960193395614624,0
2026-03-14 22:00:00+00:00,1.3959500789642334,1.3976428508758545,1.3953191041946411,1.3970792293548584,0
2026-03-14 23:00:00+00:00,1.3970810174942017,1.4074339866638184,1.3970810174942017,1.4072681665420532,26445312
2026-03-15 00:00:00+00:00,1.4070392847061157,1.4080911874771118,1.4035874605178833,1.4045277833938599,8210432
2026-03-15 01:00:00+00:00,1.4046193361282349,1.4062490463256836,1.4035066366195679,1.4049254655838013,0
2026-03-15 02:00:00+00:00,1.405342698097229,1.4181809425354004,1.405342698097229,1.4157885313034058,50671872
2026-03-15 03:00:00+00:00,1.416121482849121,1.4190714359283447,1.4132611751556396,1.4132611751556396,0
2026-03-15 04:00:00+00:00,1.41329824924469,1.417641282081604,1.41314697265625,1.4160161018371582,5086464
2026-03-15 05:00:00+00:00,1.416693091392517,1.4191027879714966,1.4153556823730469,1.4155635833740234,9356544
2026-03-15 06:00:00+00:00,1.4155348539352417,1.4156442880630493,1.4081770181655884,1.4098916053771973,0
2026-03-15 07:00:00+00:00,1.4098881483078003,1.4108041524887085,1.4072998762130737,1.4076213836669922,0
2026-03-15 08:00:00+00:00,1.4076718091964722,1.4123234748840332,1.4076718091964722,1.4122562408447266,0
2026-03-15 09:00:00+00:00,1.412485957145691,1.4172370433807373,1.412485957145691,1.4153311252593994,19827840
2026-03-15 10:00:00+00:00,1.4152793884277344,1.4171242713928223,1.4151161909103394,1.4162133932113647,0
2026-03-15 11:00:00+00:00,1.416215419769287,1.4196490049362183,1.41472327709198,1.4195560216903687,12444160
2026-03-15 12:00:00+00:00,1.4195393323898315,1.4243000745773315,1.4161819219589233,1.4241633415222168,20542848
2026-03-15 13:00:00+00:00,1.4241538047790527,1.428244948387146,1.418756127357483,1.4222209453582764,136991104
2026-03-15 14:00:00+00:00,1.4223805665969849,1.4241596460342407,1.4148448705673218,1.4172265529632568,30452096
2026-03-15 15:00:00+00:00,1.4171974658966064,1.4210877418518066,1.4166865348815918,1.416906714439392,9092352
2026-03-15 16:00:00+00:00,1.4169429540634155,1.4175994396209717,1.4122663736343384,1.4134989976882935,27316224
2026-03-15 17:00:00+00:00,1.4134941101074219,1.420946717262268,1.4132767915725708,1.42056143283844,28174592
2026-03-15 18:00:00+00:00,1.4204521179199219,1.4205195903778076,1.411089539527893,1.4111051559448242,23184640
2026-03-15 19:00:00+00:00,1.4111860990524292,1.414638638496399,1.4111543893814087,1.4129483699798584,19694208
2026-03-15 20:00:00+00:00,1.4128847122192383,1.4210560321807861,1.411500096321106,1.4187754392623901,22904064
2026-03-15 21:00:00+00:00,1.4186644554138184,1.427945613861084,1.4164612293243408,1.426883339881897,30376704
2026-03-15 22:00:00+00:00,1.4269604682922363,1.4589976072311401,1.4248532056808472,1.4574968814849854,275020672
2026-03-15 23:00:00+00:00,1.456993579864502,1.456993579864502,1.4418903589248657,1.447568416595459,123822848
2026-03-16 00:00:00+00:00,1.44777512550354,1.455796241760254,1.4456912279129028,1.446920394897461,58418560
2026-03-16 01:00:00+00:00,1.4468897581100464,1.4490692615509033,1.4411762952804565,1.4480310678482056,60509824
2026-03-16 02:00:00+00:00,1.4477503299713135,1.448355793952942,1.4370747804641724,1.444021224975586,0
2026-03-16 03:00:00+00:00,1.443843126296997,1.4746640920639038,1.441878080368042,1.4679521322250366,256102656
2026-03-16 04:00:00+00:00,1.467861294746399,1.4795312881469727,1.467861294746399,1.4786711931228638,179544320
2026-03-16 05:00:00+00:00,1.4786181449890137,1.4827183485031128,1.477207899093628,1.4813215732574463,117315328
2026-03-16 06:00:00+00:00,1.4808686971664429,1.4808686971664429,1.4750398397445679,1.4785155057907104,54093824
2026-03-16 07:00:00+00:00,1.4784775972366333,1.4858179092407227,1.4775656461715698,1.4844497442245483,115849984
2026-03-16 08:00:00+00:00,1.4841045141220093,1.4878398180007935,1.4671574831008911,1.4686636924743652,126557184
2026-03-16 09:00:00+00:00,1.4686671495437622,1.4747471809387207,1.467898964881897,1.4747012853622437,65349632
2026-03-16 10:00:00+00:00,1.4746110439300537,1.4747493267059326,1.4679607152938843,1.473589301109314,46338560
2026-03-16 11:00:00+00:00,1.473620057106018,1.4750348329544067,1.4677611589431763,1.4704899787902832,35296768
2026-03-16 12:00:00+00:00,1.470406174659729,1.479759693145752,1.4702463150024414,1.4761345386505127,60147456
2026-03-16 13:00:00+00:00,1.4761595726013184,1.4888793230056763,1.4757977724075317,1.479928970336914,10912000
2026-03-16 14:00:00+00:00,1.4799216985702515,1.4905421733856201,1.4745630025863647,1.4905421733856201,161339136
2026-03-16 15:00:00+00:00,1.4919625520706177,1.5118954181671143,1.4919625520706177,1.4947237968444824,323187200
2026-03-16 16:00:00+00:00,1.4947504997253418,1.5097920894622803,1.4936693906784058,1.5097920894622803,90146304
2026-03-16 17:00:00+00:00,1.5095618963241577,1.5169013738632202,1.5085504055023193,1.5168339014053345,89554688
2026-03-16 18:00:00+00:00,1.5169492959976196,1.5413215160369873,1.5169492959976196,1.535922646522522,280460544
2026-03-16 19:00:00+00:00,1.5354671478271484,1.538873553276062,1.5227043628692627,1.5228872299194336,132280064
2026-03-16 20:00:00+00:00,1.5256726741790771,1.529500961303711,1.5250368118286133,1.5282589197158813,81947392
2026-03-16 21:00:00+00:00,1.528181552886963,1.5345088243484497,1.5278915166854858,1.5309416055679321,72065536
2026-03-16 22:00:00+00:00,1.5307321548461914,1.5498713254928589,1.5296571254730225,1.5496597290039062,0
2026-03-16 23:00:00+00:00,1.549863338470459,1.5501272678375244,1.539708137512207,1.5435667037963867,69632
2026-03-17 00:00:00+00:00,1.5435404777526855,1.5516566038131714,1.5373046398162842,1.541074275970459,93507584
2026-03-17 01:00:00+00:00,1.541530728340149,1.5742954015731812,1.541530728340149,1.569299340248108,308422144
2026-03-17 02:00:00+00:00,1.5700860023498535,1.6006819009780884,1.5652217864990234,1.5957709550857544,320497152
2026-03-17 03:00:00+00:00,1.5954370498657227,1.5954370498657227,1.5384536981582642,1.541309118270874,61791744
2026-03-17 04:00:00+00:00,1.543579339981079,1.5498771667480469,1.528428316116333,1.5313571691513062,182628352
2026-03-17 05:00:00+00:00,1.5303661823272705,1.5303661823272705,1.5127054452896118,1.514480710029602,0
2026-03-17 06:00:00+00:00,1.5145905017852783,1.5211317539215088,1.5085633993148804,1.515915870666504,41053184
2026-03-17 07:00:00+00:00,1.5162088871002197,1.537918210029602,1.5162088871002197,1.5311883687973022,23014400
2026-03-17 08:00:00+00:00,1.5311245918273926,1.5320863723754883,1.5237441062927246,1.5237441062927246,0
2026-03-17 09:00:00+00:00,1.5236836671829224,1.5236836671829224,1.511863112449646,1.512153148651123,33993728
2026-03-17 10:00:00+00:00,1.5120621919631958,1.5122125148773193,1.5051593780517578,1.510046362876892,23408640
2026-03-17 11:00:00+00:00,1.5100470781326294,1.51681649684906,1.5089292526245117,1.5106748342514038,29087232
2026-03-17 12:00:00+00:00,1.5106521844863892,1.5123262405395508,1.5041061639785767,1.504318356513977,7522304
2026-03-17 13:00:00+00:00,1.5047813653945923,1.512403130531311,1.4994055032730103,1.503435730934143,82627584
2026-03-17 14:00:00+00:00,1.5042988061904907,1.5119152069091797,1.498788833618164,1.5119152069091797,0
2026-03-17 15:00:00+00:00,1.512144684791565,1.5182071924209595,1.5072628259658813,1.5132406949996948,0
2026-03-17 16:00:00+00:00,1.5135385990142822,1.526723861694336,1.5135385990142822,1.5182247161865234,219000320
2026-03-17 17:00:00+00:00,1.5184543132781982,1.5309573411941528,1.5184543132781982,1.5306051969528198,0
2026-03-17 18:00:00+00:00,1.5305988788604736,1.537683129310608,1.5279622077941895,1.5352702140808105,0
2026-03-17 19:00:00+00:00,1.5352816581726074,1.5385569334030151,1.5321271419525146,1.5321271419525146,0
2026-03-17 20:00:00+00:00,1.5329105854034424,1.5347141027450562,1.5301238298416138,1.5336655378341675,0
2026-03-17 21:00:00+00:00,1.5335432291030884,1.5345412492752075,1.5287809371948242,1.5315645933151245,0
2026-03-17 22:00:00+00:00,1.53135347366333,1.5343190431594849,1.5228900909423828,1.5273215770721436,0
2026-03-17 23:00:00+00:00,1.5273433923721313,1.5293011665344238,1.5185133218765259,1.5186004638671875,3072
2026-03-18 00:00:00+00:00,1.5185298919677734,1.5202454328536987,1.510838270187378,1.5163469314575195,0
2026-03-18 01:00:00+00:00,1.5163853168487549,1.5213137865066528,1.5162793397903442,1.5165588855743408,0
2026-03-18 02:00:00+00:00,1.516517996788025,1.5295097827911377,1.5160410404205322,1.5282617807388306,0
2026-03-18 03:00:00+00:00,1.528204083442688,1.537840723991394,1.5276111364364624,1.5368962287902832,0
2026-03-18 04:00:00+00:00,1.5371841192245483,1.5391789674758911,1.5256686210632324,1.5259041786193848,0
2026-03-18 05:00:00+00:00,1.5260013341903687,1.535226821899414,1.523858666419983,1.5240299701690674,0
2026-03-18 06:00:00+00:00,1.5240873098373413,1.5300732851028442,1.5240873098373413,1.5258699655532837,0
2026-03-18 07:00:00+00:00,1.5258440971374512,1.5258440971374512,1.5165019035339355,1.5194952487945557,0
2026-03-18 08:00:00+00:00,1.5194867849349976,1.5245459079742432,1.5194867849349976,1.5223338603973389,0
2026-03-18 09:00:00+00:00,1.5223426818847656,1.5262447595596313,1.5219823122024536,1.5234532356262207,0
2026-03-18 10:00:00+00:00,1.5235666036605835,1.5240459442138672,1.5113108158111572,1.511745572090149,0
2026-03-18 11:00:00+00:00,1.5117466449737549,1.5117747783660889,1.486992359161377,1.4893206357955933,131923968
2026-03-18 12:00:00+00:00,1.4895988702774048,1.4895988702774048,1.4641027450561523,1.4660180807113647,139808512
2026-03-18 13:00:00+00:00,1.4658784866333008,1.470920205116272,1.4624412059783936,1.46605384349823,0
2026-03-18 14:00:00+00:00,1.4663399457931519,1.4668323993682861,1.4477704763412476,1.4478596448898315,0
2026-03-18 15:00:00+00:00,1.4462987184524536,1.4510506391525269,1.4426907300949097,1.4433014392852783,28185600
2026-03-18 16:00:00+00:00,1.4429831504821777,1.4461278915405273,1.4392313957214355,1.444027304649353,0
2026-03-18 17:00:00+00:00,1.443949818611145,1.457702398300171,1.4414948225021362,1.4575999975204468,43584000
2026-03-18 18:00:00+00:00,1.4578688144683838,1.465471625328064,1.450539469718933,1.450539469718933,85951488
2026-03-18 19:00:00+00:00,1.4514169692993164,1.4583159685134888,1.4514169692993164,1.4538896083831787,1445888
2026-03-18 20:00:00+00:00,1.4527651071548462,1.4598054885864258,1.4450405836105347,1.4598054885864258,27726336
2026-03-18 21:00:00+00:00,1.4596871137619019,1.470086932182312,1.4593666791915894,1.4674853086471558,40276480
2026-03-18 22:00:00+00:00,1.4675929546356201,1.4675929546356201,1.4608635902404785,1.4612246751785278,0
2026-03-18 23:00:00+00:00,1.4614951610565186,1.4648919105529785,1.4591505527496338,1.4638537168502808,70912
2026-03-19 00:00:00+00:00,1.4639368057250977,1.464049220085144,1.4600802659988403,1.4607486724853516,0
2026-03-19 01:00:00+00:00,1.4608129262924194,1.4660626649856567,1.4581804275512695,1.463197946548462,0
2026-03-19 02:00:00+00:00,1.4630677700042725,1.4632585048675537,1.4574317932128906,1.4574317932128906,0
2026-03-19 03:00:00+00:00,1.4574644565582275,1.4750205278396606,1.4574644565582275,1.4740679264068604,31927552
2026-03-19 04:00:00+00:00,1.4740822315216064,1.4740822315216064,1.465514898300171,1.467612385749817,0
2026-03-19 05:00:00+00:00,1.4669396877288818,1.4670311212539673,1.4607279300689697,1.4650694131851196,0
2026-03-19 06:00:00+00:00,1.465188980102539,1.474106788635254,1.4651800394058228,1.4681403636932373,80178944
2026-03-19 07:00:00+00:00,1.4681652784347534,1.4691920280456543,1.4531551599502563,1.4620635509490967,86465280
2026-03-19 08:00:00+00:00,1.4619873762130737,1.4621965885162354,1.4537614583969116,1.456032395362854,46571776
2026-03-19 09:00:00+00:00,1.4560439586639404,1.4696019887924194,1.4560439586639404,1.4694850444793701,52508928
2026-03-19 10:00:00+00:00,1.4694874286651611,1.4694874286651611,1.4634240865707397,1.4635111093521118,0
2026-03-19 11:00:00+00:00,1.4635189771652222,1.4643549919128418,1.4580246210098267,1.458245873451233,0
2026-03-19 12:00:00+00:00,1.458241581916809,1.458241581916809,1.4381015300750732,1.4383207559585571,0
2026-03-19 13:00:00+00:00,1.4372650384902954,1.4512131214141846,1.4346097707748413,1.4510632753372192,45177344
2026-03-19 14:00:00+00:00,1.4513040781021118,1.451621413230896,1.4405431747436523,1.4447053670883179,0
2026-03-19 15:00:00+00:00,1.4447664022445679,1.4475897550582886,1.4280014038085938,1.4337292909622192,0
2026-03-19 16:00:00+00:00,1.4334650039672852,1.434844732284546,1.42606782913208,1.4275286197662354,0
2026-03-19 17:00:00+00:00,1.4276973009109497,1.4386247396469116,1.4235100746154785,1.4386247396469116,0
2026-03-19 18:00:00+00:00,1.438637375831604,1.4386488199234009,1.4318751096725464,1.4352062940597534,0
2026-03-19 19:00:00+00:00,1.4354795217514038,1.4518604278564453,1.4354795217514038,1.4454809427261353,36025856
2026-03-19 20:00:00+00:00,1.4454323053359985,1.4520447254180908,1.4444488286972046,1.4500082731246948,0
2026-03-19 21:00:00+00:00,1.450039267539978,1.4547972679138184,1.449914574623108,1.454464077949524,0
2026-03-19 22:00:00+00:00,1.4544050693511963,1.4548081159591675,1.4466471672058105,1.4484179019927979,0
2026-03-19 23:00:00+00:00,1.4486265182495117,1.4525505304336548,1.4446114301681519,1.4473192691802979,0
2026-03-20 00:00:00+00:00,1.447351336479187,1.452602505683899,1.4464467763900757,1.4492133855819702,0
2026-03-20 01:00:00+00:00,1.4493564367294312,1.4598228931427002,1.4493564367294312,1.458482027053833,8164608
2026-03-20 02:00:00+00:00,1.4584271907806396,1.4584271907806396,1.4481569528579712,1.4527294635772705,15371008
2026-03-20 03:00:00+00:00,1.4526232481002808,1.4558502435684204,1.450912594795227,1.4538114070892334,0
2026-03-20 04:00:00+00:00,1.4537297487258911,1.4562827348709106,1.4482195377349854,1.45319402217865,0
2026-03-20 05:00:00+00:00,1.453224778175354,1.4567550420761108,1.4510695934295654,1.4551591873168945,832512
2026-03-20 06:00:00+00:00,1.4551644325256348,1.4589394330978394,1.451460361480713,1.4514784812927246,0
2026-03-20 07:00:00+00:00,1.4514575004577637,1.4554723501205444,1.446736454963684,1.454848051071167,0
2026-03-20 08:00:00+00:00,1.4547829627990723,1.4629367589950562,1.4545830488204956,1.4604179859161377,0
2026-03-20 09:00:00+00:00,1.4604272842407227,1.4604272842407227,1.4474912881851196,1.4479235410690308,177664
2026-03-20 10:00:00+00:00,1.4479256868362427,1.4518557786941528,1.445345401763916,1.4512712955474854,21926912
2026-03-20 11:00:00+00:00,1.4512557983398438,1.4540228843688965,1.4442750215530396,1.446015477180481,0
2026-03-20 12:00:00+00:00,1.4463599920272827,1.4519762992858887,1.4432522058486938,1.4432941675186157,0
2026-03-20 13:00:00+00:00,1.443031668663025,1.4457182884216309,1.4388833045959473,1.4388833045959473,0
2026-03-20 14:00:00+00:00,1.4389139413833618,1.4436626434326172,1.4369808435440063,1.4373254776000977,17346304
2026-03-20 15:00:00+00:00,1.43717360496521,1.43952476978302,1.4302308559417725,1.4374855756759644,0
2026-03-20 16:00:00+00:00,1.4375499486923218,1.441206455230713,1.4349215030670166,1.4381678104400635,0
2026-03-20 17:00:00+00:00,1.4380232095718384,1.4380232095718384,1.431596279144287,1.4371356964111328,0
2026-03-20 18:00:00+00:00,1.4368401765823364,1.438260793685913,1.4306564331054688,1.4314595460891724,0
2026-03-20 19:00:00+00:00,1.4312299489974976,1.4361639022827148,1.4272466897964478,1.4360830783843994,0
2026-03-20 20:00:00+00:00,1.4359506368637085,1.4359506368637085,1.4298169612884521,1.435433268547058,4984832
2026-03-20 21:00:00+00:00,1.4354491233825684,1.4463179111480713,1.4346888065338135,1.442878007888794,10636800
2026-03-20 22:00:00+00:00,1.4429279565811157,1.450146198272705,1.4429279565811157,1.4484586715698242,0
2026-03-20 23:00:00+00:00,1.4484152793884277,1.4484152793884277,1.4416855573654175,1.4454470872879028,0
2026-03-21 00:00:00+00:00,1.4453779458999634,1.447413444519043,1.4433139562606812,1.446223258972168,0
2026-03-21 01:00:00+00:00,1.4465415477752686,1.4480923414230347,1.44321608543396,1.4435265064239502,0
2026-03-21 02:00:00+00:00,1.4434925317764282,1.4477219581604004,1.4429649114608765,1.4470725059509277,0
2026-03-21 03:00:00+00:00,1.4470523595809937,1.4470523595809937,1.4456270933151245,1.4463393688201904,0
2026-03-21 04:00:00+00:00,1.4463348388671875,1.447386622428894,1.4447544813156128,1.4447544813156128,0
2026-03-21 05:00:00+00:00,1.4447202682495117,1.4502266645431519,1.4447115659713745,1.4501514434814453,0
2026-03-21 06:00:00+00:00,1.4502111673355103,1.4502652883529663,1.448818325996399,1.448818325996399,0
2026-03-21 07:00:00+00:00,1.4488275051116943,1.4490742683410645,1.4446216821670532,1.4446216821670532,0
2026-03-21 08:00:00+00:00,1.4445157051086426,1.4451313018798828,1.4411871433258057,1.4413783550262451,0
2026-03-21 09:00:00+00:00,1.4413777589797974,1.4424234628677368,1.4382163286209106,1.4398281574249268,0
2026-03-21 10:00:00+00:00,1.4398279190063477,1.440147876739502,1.438380479812622,1.4397729635238647,0
2026-03-21 11:00:00+00:00,1.439784049987793,1.4424364566802979,1.4396677017211914,1.4424197673797607,0
2026-03-21 12:00:00+00:00,1.4423879384994507,1.445223331451416,1.4412665367126465,1.444667935371399,0
2026-03-21 13:00:00+00:00,1.4446876049041748,1.4447404146194458,1.4365289211273193,1.4389784336090088,0
2026-03-21 14:00:00+00:00,1.4390044212341309,1.4436405897140503,1.4360969066619873,1.4361369609832764,0
2026-03-21 15:00:00+00:00,1.4362847805023193,1.4388786554336548,1.4358742237091064,1.437904715538025,0
2026-03-21 16:00:00+00:00,1.4379216432571411,1.4379287958145142,1.435302495956421,1.4362775087356567,0
2026-03-21 17:00:00+00:00,1.436294436454773,1.4409750699996948,1.4349911212921143,1.440058946609497,0
2026-03-21 18:00:00+00:00,1.4400402307510376,1.4412157535552979,1.437977910041809,1.437977910041809,0
2026-03-21 19:00:00+00:00,1.438023567199707,1.438023567199707,1.4363245964050293,1.4376609325408936,0
2026-03-21 20:00:00+00:00,1.4376287460327148,1.4421972036361694,1.4372601509094238,1.441491961479187,0
2026-03-21 21:00:00+00:00,1.4414982795715332,1.4416859149932861,1.4394938945770264,1.4396498203277588,0
2026-03-21 22:00:00+00:00,1.4396357536315918,1.4408133029937744,1.4384444952011108,1.4394656419754028,0
2026-03-21 23:00:00+00:00,1.439456582069397,1.439456582069397,1.4060121774673462,1.4066853523254395,123885824
2026-03-22 00:00:00+00:00,1.4080945253372192,1.4157196283340454,1.4024814367294312,1.4111696481704712,204919680
2026-03-22 01:00:00+00:00,1.4111473560333252,1.4144339561462402,1.4077870845794678,1.409576177597046,40358528
2026-03-22 02:00:00+00:00,1.409562110900879,1.4178283214569092,1.409562110900879,1.416698932647705,28968960
2026-03-22 03:00:00+00:00,1.4169429540634155,1.4241390228271484,1.4148123264312744,1.4185296297073364,29268352
2026-03-22 04:00:00+00:00,1.4184324741363525,1.4193260669708252,1.4126569032669067,1.4167940616607666,25032064
2026-03-22 05:00:00+00:00,1.4168232679367065,1.4169769287109375,1.4122806787490845,1.412282943725586,0
2026-03-22 06:00:00+00:00,1.4122369289398193,1.4122369289398193,1.4107064008712769,1.411009430885315,0
2026-03-22 07:00:00+00:00,1.4110770225524902,1.4124122858047485,1.406091332435608,1.406091332435608,18697088
2026-03-22 08:00:00+00:00,1.4060183763504028,1.4060183763504028,1.3958218097686768,1.3988374471664429,67428992
2026-03-22 09:00:00+00:00,1.3987889289855957,1.4021638631820679,1.3966119289398193,1.3966518640518188,1304960
2026-03-22 10:00:00+00:00,1.3965526819229126,1.3966031074523926,1.3882949352264404,1.3890483379364014,51778304
2026-03-22 11:00:00+00:00,1.3889398574829102,1.3928682804107666,1.3875048160552979,1.391641616821289,48959872
2026-03-22 12:00:00+00:00,1.3913708925247192,1.400448203086853,1.3913708925247192,1.3997358083724976,28587904
2026-03-22 13:00:00+00:00,1.3996925354003906,1.4050706624984741,1.397770643234253,1.3982783555984497,0
2026-03-22 14:00:00+00:00,1.3982672691345215,1.4017409086227417,1.397197961807251,1.3978403806686401,0
2026-03-22 15:00:00+00:00,1.3978497982025146,1.4002066850662231,1.3929862976074219,1.3931314945220947,6733312
2026-03-22 16:00:00+00:00,1.3931819200515747,1.3950042724609375,1.3919472694396973,1.3950042724609375,17131008
2026-03-22 17:00:00+00:00,1.395033597946167,1.3955321311950684,1.392735242843628,1.3938586711883545,0
2026-03-22 18:00:00+00:00,1.3935519456863403,1.3935519456863403,1.3857921361923218,1.3877267837524414,21745664
2026-03-22 19:00:00+00:00,1.3877376317977905,1.3877376317977905,1.382074236869812,1.3846611976623535,36365952
2026-03-22 20:00:00+00:00,1.384700059890747,1.3886443376541138,1.384700059890747,1.3872432708740234,9903104
2026-03-22 21:00:00+00:00,1.3870713710784912,1.387245774269104,1.3737082481384277,1.3795193433761597,91342080
2026-03-22 22:00:00+00:00,1.379676342010498,1.3909857273101807,1.3767931461334229,1.3906832933425903,73452928
2026-03-22 23:00:00+00:00,1.3906888961791992,1.392016887664795,1.3842436075210571,1.3848844766616821,0
2026-03-23 00:00:00+00:00,1.3848693370819092,1.38837468624115,1.3777397871017456,1.3789299726486206,5809920
2026-03-23 01:00:00+00:00,1.3787784576416016,1.3884538412094116,1.3774601221084595,1.3834507465362549,0
2026-03-23 02:00:00+00:00,1.3832577466964722,1.390151858329773,1.3823591470718384,1.3843276500701904,21240704
2026-03-23 03:00:00+00:00,1.3859243392944336,1.388740062713623,1.3797383308410645,1.381017804145813,10135552
2026-03-23 04:00:00+00:00,1.3810184001922607,1.388729214668274,1.3800129890441895,1.3886574506759644,2998912
2026-03-23 05:00:00+00:00,1.3889374732971191,1.393082857131958,1.3889374732971191,1.391926646232605,71518976
2026-03-23 06:00:00+00:00,1.3917882442474365,1.3917882442474365,1.3705471754074097,1.3707866668701172,74815104
2026-03-23 07:00:00+00:00,1.3709224462509155,1.3746663331985474,1.3643559217453003,1.3733959197998047,65660288
2026-03-23 08:00:00+00:00,1.3733309507369995,1.3780016899108887,1.368876338005066,1.3690088987350464,0
2026-03-23 09:00:00+00:00,1.368766188621521,1.3694437742233276,1.3635469675064087,1.3683056831359863,22578176
2026-03-23 10:00:00+00:00,1.3682770729064941,1.3786476850509644,1.3682770729064941,1.3724838495254517,0
2026-03-23 11:00:00+00:00,1.3724380731582642,1.432565689086914,1.3724380731582642,1.411977767944336,699688960
2026-03-23 12:00:00+00:00,1.4118815660476685,1.4254251718521118,1.407175898551941,1.423216700553894,181125120
2026-03-23 13:00:00+00:00,1.423618197441101,1.4398624897003174,1.423618197441101,1.4391391277313232,163916288
2026-03-23 14:00:00+00:00,1.4392549991607666,1.4521657228469849,1.4392549991607666,1.4521657228469849,184375040
2026-03-23 15:00:00+00:00,1.4522982835769653,1.4630796909332275,1.4342974424362183,1.4342974424362183,219760384
2026-03-23 16:00:00+00:00,1.4340202808380127,1.4399107694625854,1.4289112091064453,1.4340336322784424,130073344
2026-03-23 17:00:00+00:00,1.43409264087677,1.4445146322250366,1.4292206764221191,1.4440466165542603,97409792
2026-03-23 18:00:00+00:00,1.4440162181854248,1.4447532892227173,1.4379301071166992,1.4400883913040161,13223680
2026-03-23 19:00:00+00:00,1.4403107166290283,1.4426114559173584,1.4346870183944702,1.4346870183944702,0
2026-03-23 20:00:00+00:00,1.434569001197815,1.4388542175292969,1.432727336883545,1.4383779764175415,27872256
2026-03-23 21:00:00+00:00,1.438256859779358,1.438873052597046,1.4357389211654663,1.4373925924301147,0
2026-03-23 22:00:00+00:00,1.4371669292449951,1.4371669292449951,1.4271796941757202,1.4283537864685059,0
2026-03-23 23:00:00+00:00,1.428380012512207,1.4318950176239014,1.4251339435577393,1.4318950176239014,840960
2026-03-24 00:00:00+00:00,1.4318455457687378,1.4325809478759766,1.4193711280822754,1.4214342832565308,0
2026-03-24 01:00:00+00:00,1.4212607145309448,1.4212607145309448,1.4111896753311157,1.4131208658218384,4865280
2026-03-24 02:00:00+00:00,1.4131723642349243,1.4154294729232788,1.4108721017837524,1.4108721017837524,0
2026-03-24 03:00:00+00:00,1.4105545282363892,1.4144408702850342,1.4093520641326904,1.4143178462982178,0
2026-03-24 04:00:00+00:00,1.4143446683883667,1.4145371913909912,1.4073762893676758,1.4082574844360352,2084352
2026-03-24 05:00:00+00:00,1.4082093238830566,1.4141463041305542,1.4060091972351074,1.413682460784912,0
2026-03-24 06:00:00+00:00,1.4136929512023926,1.4150687456130981,1.4108270406723022,1.4150536060333252,0
2026-03-24 07:00:00+00:00,1.415063738822937,1.4276238679885864,1.414968729019165,1.4276238679885864,0
2026-03-24 08:00:00+00:00,1.427688479423523,1.4296317100524902,1.4167932271957397,1.4169738292694092,38607360
2026-03-24 09:00:00+00:00,1.4170527458190918,1.4229670763015747,1.4146310091018677,1.4229670763015747,8381696
2026-03-24 10:00:00+00:00,1.4229686260223389,1.4229686260223389,1.4180642366409302,1.4197973012924194,0
2026-03-24 11:00:00+00:00,1.419899821281433,1.423780083656311,1.4168444871902466,1.4215737581253052,0
2026-03-24 12:00:00+00:00,1.4217655658721924,1.4223346710205078,1.4166654348373413,1.4168899059295654,0
2026-03-24 13:00:00+00:00,1.4167934656143188,1.4171733856201172,1.4031291007995605,1.4031291007995605,0
2026-03-24 14:00:00+00:00,1.4033844470977783,1.4053553342819214,1.3975214958190918,1.4034452438354492,0
2026-03-24 15:00:00+00:00,1.4021908044815063,1.4063427448272705,1.4016996622085571,1.4021801948547363,0
2026-03-24 16:00:00+00:00,1.4021140336990356,1.4026463031768799,1.3911482095718384,1.391401767730713,0
2026-03-24 17:00:00+00:00,1.3913277387619019,1.3916922807693481,1.3853763341903687,1.3879648447036743,0
2026-03-24 18:00:00+00:00,1.3878839015960693,1.3927545547485352,1.3877755403518677,1.3885892629623413,11259008
2026-03-24 19:00:00+00:00,1.388606309890747,1.392674446105957,1.3885234594345093,1.3885236978530884,0
2026-03-24 20:00:00+00:00,1.3884000778198242,1.409946084022522,1.3865630626678467,1.40940523147583,119809024
2026-03-24 21:00:00+00:00,1.409329891204834,1.4122424125671387,1.4061087369918823,1.4114078283309937,18930944
2026-03-24 22:00:00+00:00,1.4115235805511475,1.4129489660263062,1.4092683792114258,1.4109480381011963,0
2026-03-24 23:00:00+00:00,1.4109299182891846,1.4165308475494385,1.409861445426941,1.4154236316680908,18989824
2026-03-25 00:00:00+00:00,1.415421485900879,1.422945499420166,1.415321946144104,1.4207054376602173,0
2026-03-25 01:00:00+00:00,1.4206374883651733,1.4206374883651733,1.4168037176132202,1.4183526039123535,0
2026-03-25 02:00:00+00:00,1.418262004852295,1.418262004852295,1.4111829996109009,1.4111829996109009,0
2026-03-25 03:00:00+00:00,1.4111154079437256,1.4136874675750732,1.4075473546981812,1.4136619567871094,0
2026-03-25 04:00:00+00:00,1.4134544134140015,1.415164589881897,1.4114205837249756,1.4143344163894653,0
2026-03-25 05:00:00+00:00,1.4142836332321167,1.4220900535583496,1.4142836332321167,1.417772889137268,8756352
2026-03-25 06:00:00+00:00,1.4178084135055542,1.4217641353607178,1.416440486907959,1.4199129343032837,2503936
2026-03-25 07:00:00+00:00,1.4197574853897095,1.4250802993774414,1.4184634685516357,1.4199873208999634,0
2026-03-25 08:00:00+00:00,1.4199188947677612,1.4226092100143433,1.418778657913208,1.4195878505706787,0
2026-03-25 09:00:00+00:00,1.4196138381958008,1.4202678203582764,1.4143381118774414,1.4164514541625977,0
2026-03-25 10:00:00+00:00,1.4164334535598755,1.4227486848831177,1.4164334535598755,1.4226815700531006,11525376
2026-03-25 11:00:00+00:00,1.422651767730713,1.4348753690719604,1.422651767730713,1.4277398586273193,90157696
2026-03-25 12:00:00+00:00,1.4278870820999146,1.4303816556930542,1.4172312021255493,1.4223183393478394,87837696
2026-03-25 13:00:00+00:00,1.4223227500915527,1.4267562627792358,1.4204427003860474,1.421116590499878,0
2026-03-25 14:00:00+00:00,1.4200975894927979,1.420619010925293,1.4168729782104492,1.4168729782104492,0
2026-03-25 15:00:00+00:00,1.4166513681411743,1.4166513681411743,1.4033551216125488,1.4063541889190674,20974848
2026-03-25 16:00:00+00:00,1.4063795804977417,1.4185575246810913,1.4063795804977417,1.4167709350585938,15633408
2026-03-25 17:00:00+00:00,1.416628360748291,1.416628360748291,1.4107095003128052,1.4109433889389038,0
2026-03-25 18:00:00+00:00,1.410821557044983,1.4173307418823242,1.410821557044983,1.4120265245437622,0
2026-03-25 19:00:00+00:00,1.412046194076538,1.414402723312378,1.4095860719680786,1.4095860719680786,0
2026-03-25 20:00:00+00:00,1.4099879264831543,1.4144182205200195,1.4099879264831543,1.4141985177993774,0
2026-03-25 21:00:00+00:00,1.414229393005371,1.415225863456726,1.4125068187713623,1.4133697748184204,0
2026-03-25 22:00:00+00:00,1.4133893251419067,1.4196175336837769,1.412868857383728,1.4176467657089233,0
2026-03-25 23:00:00+00:00,1.4177055358886719,1.418092966079712,1.4130522012710571,1.4142379760742188,0
2026-03-26 00:00:00+00:00,1.4142545461654663,1.4149397611618042,1.4120757579803467,1.4120757579803467,0
2026-03-26 01:00:00+00:00,1.4122117757797241,1.413814902305603,1.4106146097183228,1.4113494157791138,0
2026-03-26 02:00:00+00:00,1.4112595319747925,1.4112595319747925,1.4010374546051025,1.4023517370224,0
2026-03-26 03:00:00+00:00,1.4024592638015747,1.4024592638015747,1.3971648216247559,1.4008575677871704,13865984
2026-03-26 04:00:00+00:00,1.4008643627166748,1.4039067029953003,1.3978086709976196,1.4023786783218384,443520
2026-03-26 05:00:00+00:00,1.402292013168335,1.4023700952529907,1.3885455131530762,1.3885674476623535,10709376
2026-03-26 06:00:00+00:00,1.388556718826294,1.3916889429092407,1.386190414428711,1.3862742185592651,17411328
2026-03-26 07:00:00+00:00,1.386175513267517,1.386175513267517,1.3820240497589111,1.3854560852050781,15125248
2026-03-26 08:00:00+00:00,1.385428547859192,1.385428547859192,1.3807458877563477,1.3818691968917847,0
2026-03-26 09:00:00+00:00,1.3818833827972412,1.382580280303955,1.3700186014175415,1.3723211288452148,68982656
2026-03-26 10:00:00+00:00,1.3722951412200928,1.3759323358535767,1.3702025413513184,1.3731355667114258,13439104
2026-03-26 11:00:00+00:00,1.3731807470321655,1.3748672008514404,1.3699852228164673,1.3720118999481201,0
2026-03-26 12:00:00+00:00,1.3719881772994995,1.3744033575057983,1.3708511590957642,1.3739113807678223,0
2026-03-26 13:00:00+00:00,1.3739372491836548,1.3810774087905884,1.3721007108688354,1.3781181573867798,26843136
2026-03-26 14:00:00+00:00,1.3781559467315674,1.3791701793670654,1.3677384853363037,1.3687711954116821,21368704
2026-03-26 15:00:00+00:00,1.3685030937194824,1.3685030937194824,1.3571058511734009,1.3597913980484009,65135872
2026-03-26 16:00:00+00:00,1.3599021434783936,1.364708423614502,1.3599021434783936,1.360730767250061,0
2026-03-26 17:00:00+00:00,1.3606815338134766,1.3632118701934814,1.3542695045471191,1.3542695045471191,9143552
2026-03-26 18:00:00+00:00,1.3542073965072632,1.3543827533721924,1.338477611541748,1.346007227897644,186837632
2026-03-26 19:00:00+00:00,1.346097707748413,1.3498657941818237,1.3445485830307007,1.3491753339767456,40696320
2026-03-26 20:00:00+00:00,1.348440408706665,1.3620620965957642,1.3448264598846436,1.3591289520263672,111913728
2026-03-26 21:00:00+00:00,1.3590728044509888,1.3683409690856934,1.3586350679397583,1.3667974472045898,69349120
2026-03-26 22:00:00+00:00,1.3665292263031006,1.3672983646392822,1.3604780435562134,1.3615386486053467,73384704
2026-03-26 23:00:00+00:00,1.3617082834243774,1.3633027076721191,1.3587864637374878,1.3600934743881226,13683712
2026-03-27 00:00:00+00:00,1.360153317451477,1.3625962734222412,1.3585121631622314,1.3616366386413574,8611072
2026-03-27 01:00:00+00:00,1.3615918159484863,1.367207407951355,1.3607107400894165,1.3671084642410278,46409984
2026-03-27 02:00:00+00:00,1.3673043251037598,1.3706310987472534,1.3667044639587402,1.370523452758789,13616640
2026-03-27 03:00:00+00:00,1.370217204093933,1.370217204093933,1.3638532161712646,1.3638532161712646,0
2026-03-27 04:00:00+00:00,1.3638498783111572,1.3638498783111572,1.357107400894165,1.3620738983154297,12993792
2026-03-27 05:00:00+00:00,1.3621138334274292,1.3665679693222046,1.3607980012893677,1.3622363805770874,0
2026-03-27 06:00:00+00:00,1.3621602058410645,1.3626558780670166,1.359541654586792,1.359541654586792,0
2026-03-27 07:00:00+00:00,1.3595584630966187,1.3630404472351074,1.3576761484146118,1.357690453529358,0
2026-03-27 08:00:00+00:00,1.357717752456665,1.3583474159240723,1.3456645011901855,1.3498624563217163,51431424
2026-03-27 09:00:00+00:00,1.3498510122299194,1.349860429763794,1.3422293663024902,1.3456673622131348,0
2026-03-27 10:00:00+00:00,1.345678448677063,1.3462234735488892,1.3335871696472168,1.3335871696472168,76232192
2026-03-27 11:00:00+00:00,1.3335647583007812,1.3369925022125244,1.3332504034042358,1.3348591327667236,43352320
2026-03-27 12:00:00+00:00,1.334831953048706,1.334831953048706,1.3273255825042725,1.3293946981430054,107795456
2026-03-27 13:00:00+00:00,1.3299225568771362,1.3399156332015991,1.3299225568771362,1.334255337715149,35023360
2026-03-27 14:00:00+00:00,1.3362736701965332,1.3407562971115112,1.3294005393981934,1.3314540386199951,32836352
2026-03-27 15:00:00+00:00,1.3314154148101807,1.3429136276245117,1.3314154148101807,1.3338927030563354,94008576
2026-03-27 16:00:00+00:00,1.3340262174606323,1.3356672525405884,1.330154538154602,1.331852912902832,19177984
2026-03-27 17:00:00+00:00,1.331194281578064,1.3347057104110718,1.324284553527832,1.3243277072906494,7900672
2026-03-27 18:00:00+00:00,1.3241872787475586,1.3242583274841309,1.3193426132202148,1.3224718570709229,0
2026-03-27 19:00:00+00:00,1.3224390745162964,1.3276818990707397,1.3202753067016602,1.3250007629394531,0
2026-03-27 20:00:00+00:00,1.324928641319275,1.326228380203247,1.3222719430923462,1.3257359266281128,0
2026-03-27 21:00:00+00:00,1.3257592916488647,1.331174373626709,1.3255435228347778,1.3289768695831299,0
2026-03-27 22:00:00+00:00,1.3288387060165405,1.3288387060165405,1.3228152990341187,1.3245347738265991,0
2026-03-27 23:00:00+00:00,1.3245091438293457,1.325029730796814,1.3206565380096436,1.3250154256820679,3988480
2026-03-28 00:00:00+00:00,1.3250367641448975,1.3276896476745605,1.3247809410095215,1.3259363174438477,0
2026-03-28 01:00:00+00:00,1.3258881568908691,1.3264557123184204,1.3210265636444092,1.3229756355285645,0
2026-03-28 02:00:00+00:00,1.3230712413787842,1.3262195587158203,1.3225758075714111,1.3236374855041504,0
2026-03-28 03:00:00+00:00,1.3234769105911255,1.3272603750228882,1.3234769105911255,1.3263919353485107,0
2026-03-28 04:00:00+00:00,1.3264408111572266,1.3292452096939087,1.3258373737335205,1.3287874460220337,0
2026-03-28 05:00:00+00:00,1.3287882804870605,1.3393832445144653,1.328244924545288,1.3359962701797485,22204416
2026-03-28 06:00:00+00:00,1.3359605073928833,1.336900234222412,1.3351534605026245,1.3354744911193848,0
2026-03-28 07:00:00+00:00,1.3354449272155762,1.3395578861236572,1.3349826335906982,1.3395578861236572,0
2026-03-28 08:00:00+00:00,1.3396037817001343,1.341099500656128,1.337783694267273,1.337783694267273,0
2026-03-28 09:00:00+00:00,1.3377785682678223,1.3377785682678223,1.3361878395080566,1.3366503715515137,0
2026-03-28 10:00:00+00:00,1.3366329669952393,1.341970443725586,1.3357970714569092,1.3367500305175781,0
2026-03-28 11:00:00+00:00,1.3367054462432861,1.340502381324768,1.3367054462432861,1.3398576974868774,0
2026-03-28 12:00:00+00:00,1.3398200273513794,1.340100646018982,1.3370627164840698,1.338268756866455,0
2026-03-28 13:00:00+00:00,1.3382136821746826,1.35137140750885,1.3381237983703613,1.349339246749878,0
2026-03-28 14:00:00+00:00,1.3493983745574951,1.350663185119629,1.3470455408096313,1.348091721534729,0
2026-03-28 15:00:00+00:00,1.3480767011642456,1.3543866872787476,1.3474242687225342,1.3518848419189453,0
2026-03-28 16:00:00+00:00,1.3524298667907715,1.3532406091690063,1.3496795892715454,1.3497008085250854,0
2026-03-28 17:00:00+00:00,1.3496756553649902,1.3508594036102295,1.3450955152511597,1.3455878496170044,0
2026-03-28 18:00:00+00:00,1.3455644845962524,1.3464723825454712,1.344738245010376,1.3458677530288696,0
2026-03-28 19:00:00+00:00,1.3458267450332642,1.3458267450332642,1.3431211709976196,1.3436359167099,0
2026-03-28 20:00:00+00:00,1.3436444997787476,1.346731424331665,1.3436444997787476,1.3460031747817993,0
2026-03-28 21:00:00+00:00,1.3459700345993042,1.3459700345993042,1.341882586479187,1.341890811920166,0
2026-03-28 22:00:00+00:00,1.3419599533081055,1.3427304029464722,1.3397843837738037,1.3403350114822388,0
2026-03-28 23:00:00+00:00,1.3403432369232178,1.340397834777832,1.331945776939392,1.3327994346618652,0
2026-03-29 00:00:00+00:00,1.3327820301055908,1.3339581489562988,1.330474615097046,1.3305062055587769,3027712
2026-03-29 01:00:00+00:00,1.330796718597412,1.3356056213378906,1.330796718597412,1.335109829902649,0
2026-03-29 02:00:00+00:00,1.335062026977539,1.3371105194091797,1.3343842029571533,1.3360726833343506,0
2026-03-29 03:00:00+00:00,1.3360518217086792,1.339359164237976,1.3354449272155762,1.3379650115966797,0
2026-03-29 04:00:00+00:00,1.3380080461502075,1.3380080461502075,1.3350979089736938,1.3360815048217773,0
2026-03-29 05:00:00+00:00,1.336112380027771,1.336112380027771,1.3302651643753052,1.332100510597229,0
2026-03-29 06:00:00+00:00,1.3321011066436768,1.3386359214782715,1.3321011066436768,1.3359439373016357,7642880
2026-03-29 07:00:00+00:00,1.3359158039093018,1.3359158039093018,1.3323582410812378,1.3336201906204224,4231488
2026-03-29 08:00:00+00:00,1.3336162567138672,1.3373008966445923,1.332733154296875,1.337019681930542,0
2026-03-29 09:00:00+00:00,1.3370286226272583,1.3370286226272583,1.3345502614974976,1.334660291671753,0
2026-03-29 10:00:00+00:00,1.3346792459487915,1.3346792459487915,1.3314971923828125,1.3330042362213135,0
2026-03-29 11:00:00+00:00,1.3329887390136719,1.338201880455017,1.332870602607727,1.3377799987792969,423872
2026-03-29 12:00:00+00:00,1.337740182876587,1.337740182876587,1.3335636854171753,1.3344792127609253,0
2026-03-29 13:00:00+00:00,1.3343863487243652,1.3343863487243652,1.3260326385498047,1.3260326385498047,0
2026-03-29 14:00:00+00:00,1.3260225057601929,1.3285664319992065,1.3249977827072144,1.3252593278884888,0
2026-03-29 15:00:00+00:00,1.3253446817398071,1.3262183666229248,1.3222496509552002,1.324945330619812,0
2026-03-29 16:00:00+00:00,1.3248825073242188,1.3274955749511719,1.3240447044372559,1.3247061967849731,0
2026-03-29 17:00:00+00:00,1.3246955871582031,1.325855016708374,1.319696068763733,1.3225115537643433,0
2026-03-29 18:00:00+00:00,1.3224941492080688,1.3241631984710693,1.3216848373413086,1.3231756687164307,4738112
2026-03-29 19:00:00+00:00,1.3231465816497803,1.3231465816497803,1.3164514303207397,1.316658616065979,24724032
2026-03-29 20:00:00+00:00,1.3166807889938354,1.3248093128204346,1.3166807889938354,1.322461724281311,6446208
2026-03-29 21:00:00+00:00,1.322676420211792,1.3269795179367065,1.322676420211792,1.3269293308258057,3096512
2026-03-29 22:00:00+00:00,1.3269262313842773,1.3269262313842773,1.302761197090149,1.318091869354248,177356608
2026-03-29 23:00:00+00:00,1.3180012702941895,1.3282153606414795,1.3180012702941895,1.327289342880249,81226240
2026-03-30 00:00:00+00:00,1.327332615852356,1.342507243156433,1.3255665302276611,1.3310143947601318,84279296
2026-03-30 01:00:00+00:00,1.3307580947875977,1.3401564359664917,1.3307580947875977,1.339788794517517,31198720
2026-03-30 02:00:00+00:00,1.3397575616836548,1.3509589433670044,1.3394601345062256,1.347231388092041,60553472
2026-03-30 03:00:00+00:00,1.347231388092041,1.3526089191436768,1.3453336954116821,1.3513401746749878,24626432
2026-03-30 04:00:00+00:00,1.3512485027313232,1.3567923307418823,1.3504939079284668,1.3504939079284668,52614400
2026-03-30 05:00:00+00:00,1.3504732847213745,1.3550132513046265,1.3485658168792725,1.3525582551956177,72889344
2026-03-30 06:00:00+00:00,1.3525068759918213,1.3545799255371094,1.3503797054290771,1.3503797054290771,3030144
2026-03-30 07:00:00+00:00,1.3502589464187622,1.3558423519134521,1.3502589464187622,1.3558357954025269,23950720
2026-03-30 08:00:00+00:00,1.3557807207107544,1.3635793924331665,1.3557807207107544,1.3609546422958374,50376192
2026-03-30 09:00:00+00:00,1.3609572649002075,1.3609572649002075,1.3501451015472412,1.3501536846160889,38143872
2026-03-30 10:00:00+00:00,1.3499950170516968,1.3499950170516968,1.3450634479522705,1.3468973636627197,45248256
2026-03-30 11:00:00+00:00,1.3468769788742065,1.3523268699645996,1.3468372821807861,1.3492923974990845,81858048
2026-03-30 12:00:00+00:00,1.349313497543335,1.3533028364181519,1.349313497543335,1.3526071310043335,45663360
2026-03-30 13:00:00+00:00,1.3524359464645386,1.3537397384643555,1.3462038040161133,1.3462038040161133,31481216
2026-03-30 14:00:00+00:00,1.3460859060287476,1.3468440771102905,1.3353608846664429,1.3423681259155273,73313152
2026-03-30 15:00:00+00:00,1.3425204753875732,1.3482521772384644,1.3400722742080688,1.345562219619751,32318336
2026-03-30 16:00:00+00:00,1.3454697132110596,1.3454697132110596,1.3386791944503784,1.3389986753463745,18430848
2026-03-30 17:00:00+00:00,1.339199423789978,1.3426026105880737,1.333215355873108,1.333215355873108,24221312
2026-03-30 18:00:00+00:00,1.3333767652511597,1.3342785835266113,1.3246657848358154,1.3246657848358154,38925056
2026-03-30 19:00:00+00:00,1.3244740962982178,1.3245787620544434,1.3173032999038696,1.321580410003662,35082240
2026-03-30 20:00:00+00:00,1.3217644691467285,1.325842022895813,1.321094036102295,1.3257700204849243,11190272
2026-03-30 21:00:00+00:00,1.32615065574646,1.3318735361099243,1.3244415521621704,1.3309571743011475,33758208
2026-03-30 22:00:00+00:00,1.3309154510498047,1.3309154510498047,1.3276921510696411,1.327921748161316,0
2026-03-30 23:00:00+00:00,1.3278820514678955,1.3278820514678955,1.3203099966049194,1.3225847482681274,0
2026-03-31 00:00:00+00:00,1.3226933479309082,1.3269389867782593,1.3195616006851196,1.3242374658584595,0
2026-03-31 01:00:00+00:00,1.3242982625961304,1.342097282409668,1.3238677978515625,1.33840811252594,37348224
2026-03-31 02:00:00+00:00,1.3383674621582031,1.3386149406433105,1.335671067237854,1.336220383644104,0
2026-03-31 03:00:00+00:00,1.3362209796905518,1.3362209796905518,1.3255460262298584,1.3257068395614624,0
2026-03-31 04:00:00+00:00,1.3256289958953857,1.3256289958953857,1.320852279663086,1.3241374492645264,0
2026-03-31 05:00:00+00:00,1.3241254091262817,1.3258477449417114,1.3207266330718994,1.322622537612915,0
2026-03-31 06:00:00+00:00,1.32254159450531,1.3247164487838745,1.3173754215240479,1.3235914707183838,52985344
2026-03-31 07:00:00+00:00,1.3236689567565918,1.3238998651504517,1.3157739639282227,1.3183906078338623,32603392
2026-03-31 08:00:00+00:00,1.3184782266616821,1.3211658000946045,1.3122272491455078,1.3134760856628418,0
2026-03-31 09:00:00+00:00,1.3134520053863525,1.314832329750061,1.3058888912200928,1.306121826171875,48823552
2026-03-31 10:00:00+00:00,1.3062001466751099,1.3120037317276,1.3062001466751099,1.310720682144165,6876160
2026-03-31 11:00:00+00:00,1.3107020854949951,1.315909504890442,1.3076008558273315,1.3132990598678589,0
2026-03-31 12:00:00+00:00,1.3134558200836182,1.318939447402954,1.3134558200836182,1.315071702003479,2297472
2026-03-31 13:00:00+00:00,1.3149983882904053,1.325063943862915,1.3146756887435913,1.3245426416397095,0
2026-03-31 14:00:00+00:00,1.324026346206665,1.334526538848877,1.31263267993927,1.3129364252090454,16495232
2026-03-31 15:00:00+00:00,1.3129862546920776,1.32573664188385,1.3129862546920776,1.3171528577804565,15954304
2026-03-31 16:00:00+00:00,1.316923975944519,1.3334295749664307,1.3154277801513672,1.3280537128448486,73310208
2026-03-31 17:00:00+00:00,1.3282824754714966,1.340808629989624,1.3279019594192505,1.3281149864196777,74264320
2026-03-31 18:00:00+00:00,1.3284227848052979,1.3402881622314453,1.3284227848052979,1.3376296758651733,0
2026-03-31 19:00:00+00:00,1.338025689125061,1.344294786453247,1.338025689125061,1.3408706188201904,0
2026-03-31 20:00:00+00:00,1.3413419723510742,1.34852135181427,1.3413419723510742,1.3432546854019165,23522432
2026-03-31 21:00:00+00:00,1.3432722091674805,1.3432722091674805,1.337839961051941,1.340431571006775,0
2026-03-31 22:00:00+00:00,1.340248465538025,1.340267300605774,1.3334755897521973,1.3348228931427002,16945536
2026-03-31 23:00:00+00:00,1.3348861932754517,1.3402701616287231,1.3341851234436035,1.3402701616287231,4352
2026-04-01 00:00:00+00:00,1.3402217626571655,1.3430618047714233,1.3387693166732788,1.3430618047714233,0
2026-04-01 01:00:00+00:00,1.3431288003921509,1.3436564207077026,1.3348008394241333,1.3348008394241333,0
2026-04-01 02:00:00+00:00,1.3348246812820435,1.3361130952835083,1.3319754600524902,1.3333624601364136,12283520
2026-04-01 03:00:00+00:00,1.3333979845046997,1.3471728563308716,1.3333979845046997,1.3460127115249634,28322048
2026-04-01 04:00:00+00:00,1.3461271524429321,1.3471388816833496,1.3391093015670776,1.3391656875610352,0
2026-04-01 05:00:00+00:00,1.3390464782714844,1.3465168476104736,1.3383769989013672,1.3464478254318237,38166656
2026-04-01 06:00:00+00:00,1.3464666604995728,1.3609760999679565,1.3461167812347412,1.3604179620742798,12294784
2026-04-01 07:00:00+00:00,1.3605515956878662,1.3647409677505493,1.35702645778656,1.35702645778656,0
2026-04-01 08:00:00+00:00,1.3567452430725098,1.3572193384170532,1.3530243635177612,1.3542405366897583,0
2026-04-01 09:00:00+00:00,1.3540657758712769,1.3540657758712769,1.349403977394104,1.3510931730270386,0
2026-04-01 10:00:00+00:00,1.35103178024292,1.353096842765808,1.349295735359192,1.351016879081726,0
2026-04-01 11:00:00+00:00,1.3512241840362549,1.3540537357330322,1.3511803150177002,1.3538947105407715,0
2026-04-01 12:00:00+00:00,1.3538999557495117,1.3558787107467651,1.3506022691726685,1.3544292449951172,38397824
2026-04-01 13:00:00+00:00,1.3543448448181152,1.356027603149414,1.3466659784317017,1.347865104675293,16529536
2026-04-01 14:00:00+00:00,1.3477437496185303,1.3565388917922974,1.3472177982330322,1.3556514978408813,0
2026-04-01 15:00:00+00:00,1.3557415008544922,1.3566431999206543,1.351406216621399,1.3566431999206543,0
2026-04-01 16:00:00+00:00,1.356637716293335,1.3603310585021973,1.3526064157485962,1.3586710691452026,0
2026-04-01 17:00:00+00:00,1.3586195707321167,1.365980863571167,1.351467251777649,1.3514909744262695,0
2026-04-01 18:00:00+00:00,1.351444959640503,1.3517863750457764,1.346936821937561,1.3469834327697754,7084672
2026-04-01 19:00:00+00:00,1.3471131324768066,1.3519407510757446,1.3471131324768066,1.3496854305267334,0
2026-04-01 20:00:00+00:00,1.3497952222824097,1.350706696510315,1.3442314863204956,1.3483637571334839,0
2026-04-01 21:00:00+00:00,1.3482552766799927,1.3541349172592163,1.3482552766799927,1.3537706136703491,11683456
2026-04-01 22:00:00+00:00,1.3537955284118652,1.3539775609970093,1.3479458093643188,1.3481327295303345,0
2026-04-01 23:00:00+00:00,1.348202109336853,1.3504655361175537,1.3477647304534912,1.3477647304534912,0
2026-04-02 00:00:00+00:00,1.3478065729141235,1.3553781509399414,1.3476651906967163,1.3553781509399414,0
2026-04-02 01:00:00+00:00,1.3555477857589722,1.3555477857589722,1.3239879608154297,1.326912522315979,144371968
2026-04-02 02:00:00+00:00,1.3270081281661987,1.3270537853240967,1.318297266960144,1.3186322450637817,64408576
2026-04-02 03:00:00+00:00,1.3185480833053589,1.3185480833053589,1.3087999820709229,1.311760425567627,68652928
2026-04-02 04:00:00+00:00,1.3118796348571777,1.316186547279358,1.307280421257019,1.307455062866211,60483712
2026-04-02 05:00:00+00:00,1.3074049949645996,1.3148912191390991,1.3074049949645996,1.3148479461669922,0
2026-04-02 06:00:00+00:00,1.314854383468628,1.3170961141586304,1.3128530979156494,1.3156336545944214,0
2026-04-02 07:00:00+00:00,1.315510869026184,1.3172404766082764,1.3140612840652466,1.316908359527588,0
2026-04-02 08:00:00+00:00,1.3168976306915283,1.3168976306915283,1.3121355772018433,1.3125320672988892,0
2026-04-02 09:00:00+00:00,1.3119632005691528,1.3119632005691528,1.3087066411972046,1.311827301979065,7663360
2026-04-02 10:00:00+00:00,1.3117845058441162,1.3117845058441162,1.3084383010864258,1.3084765672683716,7776768
2026-04-02 11:00:00+00:00,1.3084040880203247,1.3085083961486816,1.299476981163025,1.2995744943618774,54329984
2026-04-02 12:00:00+00:00,1.299683690071106,1.299683690071106,1.291310429573059,1.291310429573059,9640832
2026-04-02 13:00:00+00:00,1.2912932634353638,1.291676640510559,1.2818024158477783,1.2881770133972168,75532928
2026-04-02 14:00:00+00:00,1.2883210182189941,1.301720142364502,1.2853316068649292,1.299889087677002,151008000
2026-04-02 15:00:00+00:00,1.2998743057250977,1.3007981777191162,1.2925711870193481,1.298884630203247,44939776
2026-04-02 16:00:00+00:00,1.2991350889205933,1.3066898584365845,1.2959527969360352,1.3053001165390015,46688768
2026-04-02 17:00:00+00:00,1.3052037954330444,1.3094990253448486,1.2996551990509033,1.2996551990509033,4303360
2026-04-02 18:00:00+00:00,1.2996940612792969,1.3075846433639526,1.2986396551132202,1.3073453903198242,0
2026-04-02 19:00:00+00:00,1.3073241710662842,1.3079452514648438,1.3032342195510864,1.3079452514648438,1912320
2026-04-02 20:00:00+00:00,1.3075237274169922,1.320174217224121,1.3056174516677856,1.3182047605514526,31942144
2026-04-02 21:00:00+00:00,1.3181675672531128,1.3183183670043945,1.314491629600525,1.3151344060897827,0
2026-04-02 22:00:00+00:00,1.315197229385376,1.3179210424423218,1.3148314952850342,1.3179210424423218,817408
2026-04-02 23:00:00+00:00,1.3180363178253174,1.3195123672485352,1.3163968324661255,1.3186914920806885,12673792
2026-04-03 00:00:00+00:00,1.318755865097046,1.3212472200393677,1.3154971599578857,1.315553069114685,3493120
2026-04-03 01:00:00+00:00,1.3155778646469116,1.319875955581665,1.3135448694229126,1.3135654926300049,0
2026-04-03 02:00:00+00:00,1.3135302066802979,1.3154014348983765,1.304077386856079,1.307071566581726,0
2026-04-03 03:00:00+00:00,1.3072739839553833,1.320269227027893,1.3072739839553833,1.3200784921646118,0
2026-04-03 04:00:00+00:00,1.320369839668274,1.3211710453033447,1.315368413925171,1.3198106288909912,0
2026-04-03 05:00:00+00:00,1.3199557065963745,1.3242522478103638,1.3175363540649414,1.3194268941879272,0
2026-04-03 06:00:00+00:00,1.3194113969802856,1.320055365562439,1.3164465427398682,1.3193025588989258,0
2026-04-03 07:00:00+00:00,1.3193132877349854,1.320447325706482,1.3173248767852783,1.318899393081665,0
2026-04-03 08:00:00+00:00,1.3189107179641724,1.3202157020568848,1.3175227642059326,1.3176337480545044,0
2026-04-03 09:00:00+00:00,1.317520022392273,1.317520022392273,1.3112298250198364,1.3112971782684326,0
2026-04-03 10:00:00+00:00,1.3112972974777222,1.3161288499832153,1.3112722635269165,1.3149654865264893,0
2026-04-03 11:00:00+00:00,1.3151445388793945,1.3222674131393433,1.3151445388793945,1.3219610452651978,0
2026-04-03 12:00:00+00:00,1.3219397068023682,1.3288352489471436,1.3197463750839233,1.3209706544876099,5552384
2026-04-03 13:00:00+00:00,1.320846438407898,1.320846438407898,1.3156638145446777,1.3174599409103394,0
2026-04-03 14:00:00+00:00,1.3174387216567993,1.3196656703948975,1.3161945343017578,1.3195521831512451,0
2026-04-03 15:00:00+00:00,1.319529414176941,1.322467565536499,1.3188495635986328,1.3189697265625,0
2026-04-03 16:00:00+00:00,1.3189400434494019,1.3243519067764282,1.318678855895996,1.3243519067764282,0
2026-04-03 17:00:00+00:00,1.3243640661239624,1.3246357440948486,1.319833517074585,1.3209148645401,0
2026-04-03 18:00:00+00:00,1.321000576019287,1.3216781616210938,1.3184752464294434,1.3184752464294434,0
2026-04-03 19:00:00+00:00,1.3184112310409546,1.3184112310409546,1.3143746852874756,1.3178386688232422,0
2026-04-03 20:00:00+00:00,1.3178455829620361,1.318679690361023,1.3170297145843506,1.3170297145843506,0
2026-04-03 21:00:00+00:00,1.3169405460357666,1.3179237842559814,1.3150110244750977,1.3178387880325317,0
2026-04-03 22:00:00+00:00,1.3179194927215576,1.3210465908050537,1.316428542137146,1.3177566528320312,0
2026-04-03 23:00:00+00:00,1.3177080154418945,1.317999005317688,1.313942313194275,1.3179106712341309,0
2026-04-04 00:00:00+00:00,1.317934513092041,1.3185484409332275,1.3166395425796509,1.3166395425796509,0
2026-04-04 01:00:00+00:00,1.316625952720642,1.3168189525604248,1.3148785829544067,1.3148958683013916,0
2026-04-04 02:00:00+00:00,1.3149014711380005,1.3149014711380005,1.313850998878479,1.3139011859893799,0
2026-04-04 03:00:00+00:00,1.3140199184417725,1.3164077997207642,1.3140199184417725,1.3159310817718506,0
2026-04-04 04:00:00+00:00,1.3159301280975342,1.3178051710128784,1.3156342506408691,1.316670536994934,0
2026-04-04 05:00:00+00:00,1.3166786432266235,1.3176950216293335,1.315843105316162,1.3172695636749268,0
2026-04-04 06:00:00+00:00,1.3172541856765747,1.3198119401931763,1.3166996240615845,1.3198119401931763,0
2026-04-04 07:00:00+00:00,1.319692611694336,1.319692611694336,1.3158907890319824,1.3159369230270386,0
2026-04-04 08:00:00+00:00,1.3159375190734863,1.316038727760315,1.3140480518341064,1.3140480518341064,0
2026-04-04 09:00:00+00:00,1.3141052722930908,1.3141052722930908,1.3127551078796387,1.3127638101577759,0
2026-04-04 10:00:00+00:00,1.3127340078353882,1.3131247758865356,1.3083709478378296,1.3131247758865356,0
2026-04-04 11:00:00+00:00,1.3139704465866089,1.3158109188079834,1.3113783597946167,1.3113783597946167,2206016
2026-04-04 12:00:00+00:00,1.3114584684371948,1.3116061687469482,1.309650182723999,1.3105049133300781,0
2026-04-04 13:00:00+00:00,1.310484528541565,1.3109349012374878,1.308861494064331,1.3098163604736328,0
2026-04-04 14:00:00+00:00,1.3096977472305298,1.3112573623657227,1.308543086051941,1.3112573623657227,0
2026-04-04 15:00:00+00:00,1.3113393783569336,1.315101981163025,1.3113393783569336,1.312593698501587,13469696
2026-04-04 16:00:00+00:00,1.3126319646835327,1.3150664567947388,1.3113282918930054,1.313899278640747,0
2026-04-04 17:00:00+00:00,1.3136311769485474,1.3155981302261353,1.3127038478851318,1.3146257400512695,6841280
2026-04-04 18:00:00+00:00,1.3146216869354248,1.315376877784729,1.3140552043914795,1.314119815826416,0
2026-04-04 19:00:00+00:00,1.314030408859253,1.3200937509536743,1.313799500465393,1.31815505027771,35267520
2026-04-04 20:00:00+00:00,1.3178960084915161,1.3179982900619507,1.3166571855545044,1.3168836832046509,0
2026-04-04 21:00:00+00:00,1.316878318786621,1.3180772066116333,1.3158514499664307,1.317644476890564,0
2026-04-04 22:00:00+00:00,1.3176252841949463,1.3178377151489258,1.3168374300003052,1.3170877695083618,0
2026-04-04 23:00:00+00:00,1.3170945644378662,1.3170945644378662,1.3140978813171387,1.3155704736709595,0
2026-04-05 00:00:00+00:00,1.315353274345398,1.315353274345398,1.3124957084655762,1.3124957084655762,0
2026-04-05 01:00:00+00:00,1.31253182888031,1.3133634328842163,1.312146544456482,1.3129111528396606,0
2026-04-05 02:00:00+00:00,1.3129181861877441,1.3170567750930786,1.3120688199996948,1.3166298866271973,20709248
2026-04-05 03:00:00+00:00,1.316640019416809,1.3168362379074097,1.3141521215438843,1.314190149307251,0
2026-04-05 04:00:00+00:00,1.3141083717346191,1.3147200345993042,1.3111908435821533,1.3116310834884644,26270848
2026-04-05 05:00:00+00:00,1.3115614652633667,1.3120018243789673,1.3009165525436401,1.3009748458862305,58850176
2026-04-05 06:00:00+00:00,1.3009867668151855,1.3020758628845215,1.2972986698150635,1.3020758628845215,61506688
2026-04-05 07:00:00+00:00,1.3020564317703247,1.3020564317703247,1.297311544418335,1.2977503538131714,53532928
2026-04-05 08:00:00+00:00,1.2977169752120972,1.2985631227493286,1.297331690788269,1.2985631227493286,10137280
2026-04-05 09:00:00+00:00,1.2986284494400024,1.3012378215789795,1.2986284494400024,1.3008147478103638,9883904
2026-04-05 10:00:00+00:00,1.3008240461349487,1.3022525310516357,1.2995069026947021,1.299577236175537,0
2026-04-05 11:00:00+00:00,1.2995226383209229,1.2999054193496704,1.2983516454696655,1.2991153001785278,0
2026-04-05 12:00:00+00:00,1.2990710735321045,1.2990710735321045,1.2811146974563599,1.2820762395858765,103880256
2026-04-05 13:00:00+00:00,1.2820892333984375,1.290008783340454,1.2820892333984375,1.2885470390319824,42748544
2026-04-05 14:00:00+00:00,1.2884869575500488,1.2897722721099854,1.2866169214248657,1.2866963148117065,10233344
2026-04-05 15:00:00+00:00,1.286669135093689,1.2993851900100708,1.2851639986038208,1.297990322113037,47566336
2026-04-05 16:00:00+00:00,1.2980165481567383,1.3006731271743774,1.2973350286483765,1.2978277206420898,3954432
2026-04-05 17:00:00+00:00,1.297837734222412,1.302188754081726,1.2975636720657349,1.302188754081726,5085824
2026-04-05 18:00:00+00:00,1.3021677732467651,1.302986979484558,1.2992578744888306,1.3027677536010742,12098176
2026-04-05 19:00:00+00:00,1.3027958869934082,1.3054436445236206,1.2997645139694214,1.2998006343841553,0
2026-04-05 20:00:00+00:00,1.2998292446136475,1.3039883375167847,1.2998292446136475,1.3038562536239624,20489856
2026-04-05 21:00:00+00:00,1.3038572072982788,1.3038572072982788,1.2995401620864868,1.302007794380188,11023104
2026-04-05 22:00:00+00:00,1.3017511367797852,1.309546947479248,1.2979272603988647,1.309546947479248,51254016
2026-04-05 23:00:00+00:00,1.3096307516098022,1.3290088176727295,1.3096307516098022,1.3254958391189575,140341760
2026-04-06 00:00:00+00:00,1.3254109621047974,1.3373277187347412,1.3254109621047974,1.3317925930023193,128036736
2026-04-06 01:00:00+00:00,1.3317170143127441,1.331944465637207,1.3271452188491821,1.3300122022628784,79459840
2026-04-06 02:00:00+00:00,1.3298550844192505,1.3449596166610718,1.3295984268188477,1.340383529663086,100832128
2026-04-06 03:00:00+00:00,1.3403488397598267,1.3406517505645752,1.3372663259506226,1.3373923301696777,67199232
2026-04-06 04:00:00+00:00,1.3374934196472168,1.340680718421936,1.3365099430084229,1.339751958847046,23792384
2026-04-06 05:00:00+00:00,1.3397806882858276,1.3397806882858276,1.337050199508667,1.3389685153961182,0
2026-04-06 06:00:00+00:00,1.339081048965454,1.3441709280014038,1.339081048965454,1.3413736820220947,12459392
2026-04-06 07:00:00+00:00,1.341336965560913,1.3444336652755737,1.3378369808197021,1.3443219661712646,32738816
2026-04-06 08:00:00+00:00,1.3442596197128296,1.3452666997909546,1.3394917249679565,1.3394917249679565,33648512
2026-04-06 09:00:00+00:00,1.3394618034362793,1.354225993156433,1.3389228582382202,1.3523679971694946,97428352
2026-04-06 10:00:00+00:00,1.3524208068847656,1.3558588027954102,1.3524208068847656,1.3530904054641724,37805824
2026-04-06 11:00:00+00:00,1.3531800508499146,1.3531800508499146,1.3493077754974365,1.3496791124343872,47303040
2026-04-06 12:00:00+00:00,1.3496674299240112,1.3500438928604126,1.3428339958190918,1.3428339958190918,0
2026-04-06 13:00:00+00:00,1.342804193496704,1.3462554216384888,1.342804193496704,1.3461487293243408,0
2026-04-06 14:00:00+00:00,1.3465089797973633,1.35112726688385,1.3427929878234863,1.3462433815002441,56407168
2026-04-06 15:00:00+00:00,1.3463979959487915,1.350294589996338,1.3452750444412231,1.3500463962554932,0
2026-04-06 16:00:00+00:00,1.350210189819336,1.351894497871399,1.3437243700027466,1.3437243700027466,14829312
2026-04-06 17:00:00+00:00,1.3438045978546143,1.3438045978546143,1.3362504243850708,1.339143991470337,46067200
2026-04-06 18:00:00+00:00,1.3391376733779907,1.3419232368469238,1.3374817371368408,1.3416614532470703,20671104
2026-04-06 19:00:00+00:00,1.3416132926940918,1.3416132926940918,1.3380993604660034,1.3391140699386597,2630656
2026-04-06 20:00:00+00:00,1.3407856225967407,1.342986822128296,1.3406598567962646,1.3416839838027954,0
2026-04-06 21:00:00+00:00,1.341192603111267,1.3411983251571655,1.3359606266021729,1.3359938859939575,0
2026-04-06 22:00:00+00:00,1.3347384929656982,1.334751844406128,1.3225425481796265,1.3225425481796265,0
2026-04-06 23:00:00+00:00,1.321533203125,1.3215970993041992,1.3154537677764893,1.321211338043213,0
2026-04-07 00:00:00+00:00,1.321121335029602,1.3244469165802002,1.3203675746917725,1.322534203529358,0
2026-04-07 01:00:00+00:00,1.3224676847457886,1.3228689432144165,1.31488835811615,1.314969778060913,0
2026-04-07 02:00:00+00:00,1.3150116205215454,1.3183869123458862,1.314234733581543,1.3159126043319702,0
2026-04-07 03:00:00+00:00,1.3159912824630737,1.317009687423706,1.3154072761535645,1.3166728019714355,0
2026-04-07 04:00:00+00:00,1.316657543182373,1.3189886808395386,1.3143494129180908,1.3188035488128662,0
2026-04-07 05:00:00+00:00,1.3187179565429688,1.3187179565429688,1.3102234601974487,1.3102521896362305,14804608
2026-04-07 06:00:00+00:00,1.3103466033935547,1.3112800121307373,1.3076039552688599,1.3107343912124634,0
2026-04-07 07:00:00+00:00,1.3107812404632568,1.3149782419204712,1.3107812404632568,1.3128780126571655,0
2026-04-07 08:00:00+00:00,1.3127827644348145,1.3204282522201538,1.3119527101516724,1.3199577331542969,10163328
2026-04-07 09:00:00+00:00,1.3199466466903687,1.3226779699325562,1.3189812898635864,1.32039475440979,0
2026-04-07 10:00:00+00:00,1.3204182386398315,1.3207085132598877,1.3077174425125122,1.3077174425125122,10688768
2026-04-07 11:00:00+00:00,1.3076813220977783,1.308212399482727,1.3045061826705933,1.3061400651931763,0
2026-04-07 12:00:00+00:00,1.3061392307281494,1.3078490495681763,1.3023730516433716,1.3078490495681763,26919296
2026-04-07 13:00:00+00:00,1.3077534437179565,1.312195062637329,1.3057364225387573,1.3057420253753662,15227392
2026-04-07 14:00:00+00:00,1.305637240409851,1.305637240409851,1.2986021041870117,1.2988227605819702,7500032
2026-04-07 15:00:00+00:00,1.2984932661056519,1.3008748292922974,1.2961755990982056,1.2975624799728394,25078144
2026-04-07 16:00:00+00:00,1.2976033687591553,1.3024253845214844,1.296355962753296,1.3008217811584473,27394560
2026-04-07 17:00:00+00:00,1.3007876873016357,1.3094617128372192,1.2998402118682861,1.3088921308517456,0
2026-04-07 18:00:00+00:00,1.308863878250122,1.3089581727981567,1.3009424209594727,1.3010978698730469,0
2026-04-07 19:00:00+00:00,1.3012433052062988,1.3142116069793701,1.3012433052062988,1.3140902519226074,66548224
2026-04-07 20:00:00+00:00,1.314071536064148,1.320321798324585,1.314071536064148,1.3170890808105469,69738624
2026-04-07 21:00:00+00:00,1.3172329664230347,1.3387316465377808,1.3172329664230347,1.3372387886047363,132909824
2026-04-07 22:00:00+00:00,1.3396445512771606,1.3675730228424072,1.3378965854644775,1.3675730228424072,262827136
2026-04-07 23:00:00+00:00,1.3682266473770142,1.3923466205596924,1.3682266473770142,1.3814895153045654,308780544
2026-04-08 00:00:00+00:00,1.3813468217849731,1.3815683126449585,1.3622816801071167,1.3649579286575317,162701824
2026-04-08 01:00:00+00:00,1.3650908470153809,1.3708949089050293,1.3650562763214111,1.370181918144226,54345728
2026-04-08 02:00:00+00:00,1.3702088594436646,1.3745496273040771,1.3702088594436646,1.3724944591522217,29150720
2026-04-08 03:00:00+00:00,1.3725733757019043,1.3754626512527466,1.369585394859314,1.3702011108398438,59653376
2026-04-08 04:00:00+00:00,1.3702071905136108,1.3770232200622559,1.3702071905136108,1.3769454956054688,72877568
2026-04-08 05:00:00+00:00,1.3769176006317139,1.3854389190673828,1.3765193223953247,1.3850308656692505,37003008
2026-04-08 06:00:00+00:00,1.3850538730621338,1.385296106338501,1.3799484968185425,1.3799484968185425,12232192
2026-04-08 07:00:00+00:00,1.3799469470977783,1.3831634521484375,1.3782310485839844,1.3786118030548096,13860352
2026-04-08 08:00:00+00:00,1.3793809413909912,1.3819286823272705,1.3793809413909912,1.3808616399765015,0
2026-04-08 09:00:00+00:00,1.3809382915496826,1.383927345275879,1.378147840499878,1.3808281421661377,0
2026-04-08 10:00:00+00:00,1.3808742761611938,1.3840805292129517,1.3803187608718872,1.3840805292129517,0
2026-04-08 11:00:00+00:00,1.384009599685669,1.384009599685669,1.3733803033828735,1.377519965171814,32215040
2026-04-08 12:00:00+00:00,1.3775849342346191,1.3830996751785278,1.3763952255249023,1.3826853036880493,773888
2026-04-08 13:00:00+00:00,1.3825020790100098,1.3866209983825684,1.375670313835144,1.375670313835144,67064832
2026-04-08 14:00:00+00:00,1.3757219314575195,1.3757219314575195,1.3474808931350708,1.3479130268096924,171763200
2026-04-08 15:00:00+00:00,1.3481884002685547,1.3556227684020996,1.3481884002685547,1.3548603057861328,56889344
2026-04-08 16:00:00+00:00,1.3548595905303955,1.3584067821502686,1.354314923286438,1.3583732843399048,9822720
2026-04-08 17:00:00+00:00,1.3581619262695312,1.3614041805267334,1.3566094636917114,1.3611518144607544,16999168
2026-04-08 18:00:00+00:00,1.3612005710601807,1.3613446950912476,1.3489017486572266,1.3489017486572266,30441472
2026-04-08 19:00:00+00:00,1.3482227325439453,1.3497639894485474,1.3459291458129883,1.348436951637268,0
2026-04-08 20:00:00+00:00,1.3490684032440186,1.3526380062103271,1.3473689556121826,1.3478795289993286,0
2026-04-08 21:00:00+00:00,1.347946286201477,1.3561460971832275,1.347946286201477,1.3532710075378418,0
2026-04-08 22:00:00+00:00,1.3532969951629639,1.3532969951629639,1.3468400239944458,1.346846342086792,0
2026-04-08 23:00:00+00:00,1.3467562198638916,1.3467562198638916,1.3401820659637451,1.3423771858215332,0
2026-04-09 00:00:00+00:00,1.342392086982727,1.342392086982727,1.335529088973999,1.3396052122116089,0
2026-04-09 01:00:00+00:00,1.3398938179016113,1.3398938179016113,1.3288356065750122,1.333988904953003,67827712
2026-04-09 02:00:00+00:00,1.3339967727661133,1.33565354347229,1.3332829475402832,1.3345028162002563,0
2026-04-09 03:00:00+00:00,1.334423303604126,1.3350969552993774,1.3309880495071411,1.3320096731185913,13762560
2026-04-09 04:00:00+00:00,1.3319412469863892,1.3319412469863892,1.3295074701309204,1.3313289880752563,0
2026-04-09 05:00:00+00:00,1.3313618898391724,1.335064172744751,1.3313618898391724,1.3321946859359741,9169152
2026-04-09 06:00:00+00:00,1.3322601318359375,1.3344234228134155,1.32831609249115,1.3323566913604736,1586688
2026-04-09 07:00:00+00:00,1.3324395418167114,1.3332161903381348,1.3314653635025024,1.332197666168213,0
2026-04-09 08:00:00+00:00,1.3321967124938965,1.3350592851638794,1.3314836025238037,1.3350520133972168,7769856
2026-04-09 09:00:00+00:00,1.3347699642181396,1.337689757347107,1.3340984582901,1.337619423866272,0
2026-04-09 10:00:00+00:00,1.337678074836731,1.3376907110214233,1.3342341184616089,1.3342341184616089,0
2026-04-09 11:00:00+00:00,1.334228277206421,1.3343108892440796,1.3282439708709717,1.3289943933486938,37967360
2026-04-09 12:00:00+00:00,1.3289443254470825,1.3308115005493164,1.3276196718215942,1.3308115005493164,0
2026-04-09 13:00:00+00:00,1.330764889717102,1.3315309286117554,1.328316569328308,1.3287782669067383,0
2026-04-09 14:00:00+00:00,1.32878577709198,1.3327276706695557,1.3236569166183472,1.332658290863037,0
2026-04-09 15:00:00+00:00,1.3326820135116577,1.3537590503692627,1.3312100172042847,1.353201150894165,56368640
2026-04-09 16:00:00+00:00,1.353148341178894,1.357462763786316,1.3480981588363647,1.3500443696975708,66639616
2026-04-09 17:00:00+00:00,1.3514069318771362,1.3593672513961792,1.3514069318771362,1.3583322763442993,42316544
2026-04-09 18:00:00+00:00,1.358313798904419,1.3586665391921997,1.3523123264312744,1.3558526039123535,8201216
2026-04-09 19:00:00+00:00,1.355788230895996,1.3596612215042114,1.3532109260559082,1.3563908338546753,9901824
2026-04-09 20:00:00+00:00,1.356458306312561,1.3587803840637207,1.3551020622253418,1.3572490215301514,8600576
2026-04-09 21:00:00+00:00,1.3572169542312622,1.358508825302124,1.3521406650543213,1.353695273399353,13613568
2026-04-09 22:00:00+00:00,1.3535850048065186,1.3650933504104614,1.3535850048065186,1.3536361455917358,70517504
2026-04-09 23:00:00+00:00,1.3535265922546387,1.3535265922546387,1.3435347080230713,1.3441168069839478,663808
2026-04-10 00:00:00+00:00,1.3441402912139893,1.346195101737976,1.3421944379806519,1.344759464263916,0
2026-04-10 01:00:00+00:00,1.344599962234497,1.3493926525115967,1.3436766862869263,1.3444981575012207,0
2026-04-10 02:00:00+00:00,1.3444437980651855,1.3460795879364014,1.3426952362060547,1.342733383178711,0
2026-04-10 03:00:00+00:00,1.3428314924240112,1.3450829982757568,1.3417863845825195,1.342330813407898,0
2026-04-10 04:00:00+00:00,1.3420299291610718,1.3465367555618286,1.3420299291610718,1.3461753129959106,0
2026-04-10 05:00:00+00:00,1.3463455438613892,1.3479490280151367,1.343676209449768,1.343676209449768,0
2026-04-10 06:00:00+00:00,1.343758463859558,1.3459935188293457,1.3409416675567627,1.3411107063293457,0
2026-04-10 07:00:00+00:00,1.3412542343139648,1.3418629169464111,1.3370217084884644,1.3370217084884644,6499584
2026-04-10 08:00:00+00:00,1.3370341062545776,1.3446450233459473,1.3360451459884644,1.3392884731292725,32809728
2026-04-10 09:00:00+00:00,1.3391926288604736,1.3409316539764404,1.338192105293274,1.339570164680481,39031296
2026-04-10 10:00:00+00:00,1.339573621749878,1.3396128416061401,1.3374576568603516,1.337564468383789,19101952
2026-04-10 11:00:00+00:00,1.3375515937805176,1.342848777770996,1.3375515937805176,1.3414595127105713,0
2026-04-10 12:00:00+00:00,1.3416000604629517,1.3457309007644653,1.3408466577529907,1.3442009687423706,29786624
2026-04-10 13:00:00+00:00,1.3440866470336914,1.3446439504623413,1.3399323225021362,1.3443361520767212,0
2026-04-10 14:00:00+00:00,1.344358205795288,1.3560512065887451,1.3443074226379395,1.3555197715759277,34094848
2026-04-10 15:00:00+00:00,1.3558679819107056,1.3594332933425903,1.349267601966858,1.349267601966858,0
2026-04-10 16:00:00+00:00,1.3483943939208984,1.3521692752838135,1.3483943939208984,1.3516615629196167,0
2026-04-10 17:00:00+00:00,1.351733922958374,1.3554530143737793,1.3508111238479614,1.3554364442825317,0
2026-04-10 18:00:00+00:00,1.3556537628173828,1.359534740447998,1.3541457653045654,1.359534740447998,0
2026-04-10 19:00:00+00:00,1.3596984148025513,1.3622138500213623,1.3596984148025513,1.3614469766616821,2402816
2026-04-10 20:00:00+00:00,1.3617072105407715,1.3649929761886597,1.3608570098876953,1.3642396926879883,30867968
2026-04-10 21:00:00+00:00,1.3642723560333252,1.3645656108856201,1.3590704202651978,1.3603363037109375,0
2026-04-10 22:00:00+00:00,1.3603320121765137,1.3608685731887817,1.356713056564331,1.3568636178970337,0
2026-04-10 23:00:00+00:00,1.356817603111267,1.356817603111267,1.3554816246032715,1.3566040992736816,0
2026-04-11 00:00:00+00:00,1.3565945625305176,1.3565945625305176,1.3544158935546875,1.354844093322754,0
2026-04-11 01:00:00+00:00,1.3546499013900757,1.3546499013900757,1.3509756326675415,1.353576898574829,0
2026-04-11 02:00:00+00:00,1.3534417152404785,1.356513500213623,1.3534084558486938,1.3548346757888794,0
2026-04-11 03:00:00+00:00,1.354853868484497,1.357339859008789,1.3524128198623657,1.3524128198623657,0
2026-04-11 04:00:00+00:00,1.3524317741394043,1.3524317741394043,1.3495817184448242,1.3511888980865479,3886720
2026-04-11 05:00:00+00:00,1.3512163162231445,1.3513730764389038,1.3482781648635864,1.3487471342086792,0
2026-04-11 06:00:00+00:00,1.348342776298523,1.348342776298523,1.3455709218978882,1.3468714952468872,0
2026-04-11 07:00:00+00:00,1.3469082117080688,1.3479572534561157,1.3466521501541138,1.3470731973648071,0
2026-04-11 08:00:00+00:00,1.347084641456604,1.3485817909240723,1.346397876739502,1.346397876739502,0
2026-04-11 09:00:00+00:00,1.346413254737854,1.3488339185714722,1.3450924158096313,1.3478293418884277,0
2026-04-11 10:00:00+00:00,1.3478569984436035,1.3482977151870728,1.347019076347351,1.3478366136550903,0
2026-04-11 11:00:00+00:00,1.3478461503982544,1.3486278057098389,1.345657229423523,1.3464516401290894,0
2026-04-11 12:00:00+00:00,1.346431851387024,1.34651780128479,1.344099760055542,1.345187783241272,0
2026-04-11 13:00:00+00:00,1.3448683023452759,1.3450409173965454,1.3421661853790283,1.3450208902359009,0
2026-04-11 14:00:00+00:00,1.345017910003662,1.3474920988082886,1.3430451154708862,1.3433761596679688,0
2026-04-11 15:00:00+00:00,1.3433997631072998,1.3464891910552979,1.3424209356307983,1.3464891910552979,0
2026-04-11 16:00:00+00:00,1.3465123176574707,1.3565475940704346,1.3464441299438477,1.3552395105361938,0
2026-04-11 17:00:00+00:00,1.355272650718689,1.355272650718689,1.352426528930664,1.3539310693740845,10896000
2026-04-11 18:00:00+00:00,1.3538877964019775,1.365543246269226,1.3530292510986328,1.3642196655273438,52587776
2026-04-11 19:00:00+00:00,1.3642666339874268,1.3739017248153687,1.364148736000061,1.3703689575195312,38169856
2026-04-11 20:00:00+00:00,1.3706482648849487,1.371721625328064,1.3605413436889648,1.3625870943069458,7834496
2026-04-11 21:00:00+00:00,1.362567663192749,1.3650915622711182,1.361636757850647,1.3642109632492065,0
2026-04-11 22:00:00+00:00,1.3640751838684082,1.3679810762405396,1.3617148399353027,1.3621565103530884,19816704
2026-04-11 23:00:00+00:00,1.3621865510940552,1.3621865510940552,1.3535913228988647,1.3554513454437256,28544512
2026-04-12 00:00:00+00:00,1.355446696281433,1.355446696281433,1.3526524305343628,1.3537565469741821,1846272
2026-04-12 01:00:00+00:00,1.353788137435913,1.3556805849075317,1.3296955823898315,1.329917550086975,180629888
2026-04-12 02:00:00+00:00,1.3298704624176025,1.3370273113250732,1.3293840885162354,1.3351285457611084,88861568
2026-04-12 03:00:00+00:00,1.335083246231079,1.3358067274093628,1.3317813873291016,1.3319456577301025,48074240
2026-04-12 04:00:00+00:00,1.3317886590957642,1.3317886590957642,1.3285374641418457,1.3291056156158447,25640192
2026-04-12 05:00:00+00:00,1.328816533088684,1.3314151763916016,1.3283861875534058,1.3311818838119507,23650688
2026-04-12 06:00:00+00:00,1.3311325311660767,1.3318201303482056,1.3297457695007324,1.3297457695007324,5391360
2026-04-12 07:00:00+00:00,1.3297964334487915,1.3312164545059204,1.3287309408187866,1.3311609029769897,13901184
2026-04-12 08:00:00+00:00,1.3310437202453613,1.3317992687225342,1.3296494483947754,1.329667091369629,0
2026-04-12 09:00:00+00:00,1.32964026927948,1.3315972089767456,1.328309416770935,1.3307040929794312,0
2026-04-12 10:00:00+00:00,1.3308534622192383,1.3328806161880493,1.3308534622192383,1.3311856985092163,11406464
2026-04-12 11:00:00+00:00,1.3314216136932373,1.333603858947754,1.3312020301818848,1.3335970640182495,278016
2026-04-12 12:00:00+00:00,1.3336008787155151,1.3345125913619995,1.3300623893737793,1.3325891494750977,12281472
2026-04-12 13:00:00+00:00,1.3317595720291138,1.3320690393447876,1.3255503177642822,1.3255503177642822,62711168
2026-04-12 14:00:00+00:00,1.3255261182785034,1.3267474174499512,1.324181318283081,1.3245218992233276,67633792
2026-04-12 15:00:00+00:00,1.3244006633758545,1.3251183032989502,1.3225897550582886,1.324781060218811,0
2026-04-12 16:00:00+00:00,1.324777364730835,1.3279684782028198,1.3245166540145874,1.3277397155761719,0
2026-04-12 17:00:00+00:00,1.3278292417526245,1.333670973777771,1.3278292417526245,1.3335672616958618,0
2026-04-12 18:00:00+00:00,1.3335031270980835,1.3338664770126343,1.331503987312317,1.3315362930297852,0
2026-04-12 19:00:00+00:00,1.3315439224243164,1.3318411111831665,1.330865502357483,1.3314340114593506,0
2026-04-12 20:00:00+00:00,1.3314483165740967,1.3370620012283325,1.3301562070846558,1.3364671468734741,0
2026-04-12 21:00:00+00:00,1.3365134000778198,1.3378276824951172,1.3354498147964478,1.3361724615097046,0
2026-04-12 22:00:00+00:00,1.3362383842468262,1.3362383842468262,1.3253896236419678,1.3276824951171875,108620416
2026-04-12 23:00:00+00:00,1.327834129333496,1.327834129333496,1.323675513267517,1.324998378753662,426496
2026-04-13 00:00:00+00:00,1.3250377178192139,1.3319562673568726,1.324629306793213,1.3316293954849243,19377280
2026-04-13 01:00:00+00:00,1.3316673040390015,1.3321034908294678,1.3284904956817627,1.3321034908294678,0
2026-04-13 02:00:00+00:00,1.3320746421813965,1.3326163291931152,1.3256053924560547,1.3256053924560547,0
2026-04-13 03:00:00+00:00,1.3255914449691772,1.327785611152649,1.3253560066223145,1.3260809183120728,0
2026-04-13 04:00:00+00:00,1.3259148597717285,1.3268321752548218,1.3228682279586792,1.3239035606384277,0
2026-04-13 05:00:00+00:00,1.3232965469360352,1.331024408340454,1.3226957321166992,1.331024408340454,6521600
2026-04-13 06:00:00+00:00,1.331290364265442,1.3359415531158447,1.331290364265442,1.3347779512405396,71927296
2026-04-13 07:00:00+00:00,1.3347429037094116,1.3351397514343262,1.3268300294876099,1.3268300294876099,18699776
2026-04-13 08:00:00+00:00,1.3267537355422974,1.327470064163208,1.323858618736267,1.324928879737854,47065344
2026-04-13 09:00:00+00:00,1.324928879737854,1.330080509185791,1.324928879737854,1.3270870447158813,65788672
2026-04-13 10:00:00+00:00,1.326753854751587,1.326753854751587,1.3246263265609741,1.3251198530197144,4928768
2026-04-13 11:00:00+00:00,1.3250612020492554,1.3271410465240479,1.3250612020492554,1.3265492916107178,0
2026-04-13 12:00:00+00:00,1.3258166313171387,1.3323854207992554,1.324394941329956,1.3318856954574585,7554944
2026-04-13 13:00:00+00:00,1.3324613571166992,1.338701605796814,1.3295905590057373,1.338701605796814,28441344
2026-04-13 14:00:00+00:00,1.3386592864990234,1.3428294658660889,1.335140347480774,1.3428294658660889,10113152
2026-04-13 15:00:00+00:00,1.3432992696762085,1.3448423147201538,1.3328344821929932,1.3342101573944092,67224832
2026-04-13 16:00:00+00:00,1.3347474336624146,1.3415132761001587,1.3321187496185303,1.3393186330795288,94561920
2026-04-13 17:00:00+00:00,1.3396960496902466,1.3436553478240967,1.338375449180603,1.339032769203186,41562752
2026-04-13 18:00:00+00:00,1.3389817476272583,1.340419888496399,1.336068868637085,1.340419888496399,31960320
2026-04-13 19:00:00+00:00,1.340403437614441,1.3550812005996704,1.3399823904037476,1.3550812005996704,107889536
2026-04-13 20:00:00+00:00,1.3548170328140259,1.3548170328140259,1.3479894399642944,1.3479894399642944,51940096
2026-04-13 21:00:00+00:00,1.3479057550430298,1.3527499437332153,1.3461601734161377,1.35178804397583,26463744
2026-04-13 22:00:00+00:00,1.3516976833343506,1.3750351667404175,1.3514055013656616,1.374718189239502,234323456
2026-04-13 23:00:00+00:00,1.3746845722198486,1.381057620048523,1.3730294704437256,1.3766673803329468,191086336
2026-04-14 00:00:00+00:00,1.376632809638977,1.376632809638977,1.3622251749038696,1.3622251749038696,92819712
2026-04-14 01:00:00+00:00,1.3622182607650757,1.367738962173462,1.3615301847457886,1.3672094345092773,41918720
2026-04-14 02:00:00+00:00,1.3671953678131104,1.3703709840774536,1.366841435432434,1.3685539960861206,23390208
2026-04-14 03:00:00+00:00,1.3685587644577026,1.3685587644577026,1.3663502931594849,1.3668631315231323,318976
2026-04-14 04:00:00+00:00,1.3671910762786865,1.3680492639541626,1.3626041412353516,1.3643462657928467,7327488
2026-04-14 05:00:00+00:00,1.3641008138656616,1.3653416633605957,1.3625271320343018,1.3625271320343018,0
2026-04-14 06:00:00+00:00,1.3633027076721191,1.3715605735778809,1.3633027076721191,1.3715605735778809,0
2026-04-14 07:00:00+00:00,1.371568202972412,1.3753985166549683,1.369391679763794,1.369391679763794,58988544
2026-04-14 08:00:00+00:00,1.3691729307174683,1.3745579719543457,1.3681777715682983,1.3736052513122559,8798208
2026-04-14 09:00:00+00:00,1.3736129999160767,1.3760980367660522,1.3723875284194946,1.3733917474746704,0
2026-04-14 10:00:00+00:00,1.3734992742538452,1.3734992742538452,1.3698421716690063,1.3710309267044067,15987456
2026-04-14 11:00:00+00:00,1.3706432580947876,1.3728954792022705,1.3690344095230103,1.370286464691162,15313152
2026-04-14 12:00:00+00:00,1.370160460472107,1.3712095022201538,1.365923523902893,1.3667136430740356,25558272
2026-04-14 13:00:00+00:00,1.3668286800384521,1.3922264575958252,1.3668286800384521,1.3922264575958252,108631040
2026-04-14 14:00:00+00:00,1.3922183513641357,1.3928327560424805,1.3747625350952148,1.3747625350952148,140886784
2026-04-14 15:00:00+00:00,1.3744018077850342,1.3782377243041992,1.3709136247634888,1.3760261535644531,43961600
2026-04-14 16:00:00+00:00,1.375876784324646,1.3800705671310425,1.3686832189559937,1.3686832189559937,0
2026-04-14 17:00:00+00:00,1.3682760000228882,1.3734320402145386,1.368154525756836,1.3694813251495361,2071040
2026-04-14 18:00:00+00:00,1.3694982528686523,1.3699467182159424,1.355133295059204,1.355133295059204,37497856
2026-04-14 19:00:00+00:00,1.3550686836242676,1.3602694272994995,1.3550686836242676,1.3602694272994995,0
2026-04-14 20:00:00+00:00,1.3605427742004395,1.3610048294067383,1.3569563627243042,1.3569563627243042,0
2026-04-14 21:00:00+00:00,1.356961965560913,1.3625999689102173,1.356961965560913,1.360700011253357,0
2026-04-14 22:00:00+00:00,1.3601000308990479,1.3660000562667847,1.3559999465942383,1.3590999841690063,0
2026-04-14 23:00:00+00:00,1.3588000535964966,1.3665000200271606,1.3579000234603882,1.3624999523162842,0
2026-04-15 00:00:00+00:00,1.3623000383377075,1.367400050163269,1.358299970626831,1.3626999855041504,0
2026-04-15 01:00:00+00:00,1.3625999689102173,1.3657000064849854,1.3596999645233154,1.3630000352859497,5651968
2026-04-15 02:00:00+00:00,1.3631000518798828,1.364799976348877,1.3558000326156616,1.357699990272522,0
2026-04-15 03:00:00+00:00,1.3579000234603882,1.3588999509811401,1.3564000129699707,1.3581000566482544,0
2026-04-15 04:00:00+00:00,1.358299970626831,1.3604999780654907,1.3579000234603882,1.3594000339508057,0
2026-04-15 05:00:00+00:00,1.3595000505447388,1.3621000051498413,1.3561999797821045,1.3594000339508057,0
2026-04-15 06:00:00+00:00,1.3593000173568726,1.3595000505447388,1.3551000356674194,1.3562999963760376,0
2026-04-15 07:00:00+00:00,1.3564000129699707,1.3569999933242798,1.3515000343322754,1.3524999618530273,0
2026-04-15 08:00:00+00:00,1.3519999980926514,1.357699990272522,1.3514000177383423,1.3561999797821045,0
2026-04-15 09:00:00+00:00,1.3564000129699707,1.3567999601364136,1.3514000177383423,1.3529000282287598,0
2026-04-15 10:00:00+00:00,1.3528000116348267,1.3597999811172485,1.3523999452590942,1.3566999435424805,782592
2026-04-15 11:00:00+00:00,1.3567999601364136,1.3645000457763672,1.3567999601364136,1.3640999794006348,27112704
2026-04-15 12:00:00+00:00,1.3641999959945679,1.3695000410079956,1.3617000579833984,1.3658000230789185,4566016
2026-04-15 13:00:00+00:00,1.3657000064849854,1.368499994277954,1.3623000383377075,1.367400050163269,0
2026-04-15 14:00:00+00:00,1.3675999641418457,1.3796000480651855,1.3645000457763672,1.3766000270843506,0
2026-04-15 15:00:00+00:00,1.3768999576568604,1.3839000463485718,1.372499942779541,1.3737000226974487,46042880
2026-04-15 16:00:00+00:00,1.3733999729156494,1.3823000192642212,1.3720999956130981,1.3789000511169434,46976512
2026-04-15 17:00:00+00:00,1.37909996509552,1.3839999437332153,1.3759000301361084,1.3803000450134277,31479552
2026-04-15 18:00:00+00:00,1.3803000450134277,1.3876999616622925,1.3791999816894531,1.3874000310897827,0
2026-04-15 19:00:00+00:00,1.3870999813079834,1.408400058746338,1.3847999572753906,1.4002000093460083,202659584
2026-04-15 20:00:00+00:00,1.4004000425338745,1.4011000394821167,1.3860000371932983,1.388700008392334,76545792
2026-04-15 21:00:00+00:00,1.388700008392334,1.3895000219345093,1.3812999725341797,1.38919997215271,45765632
2026-04-15 22:00:00+00:00,1.389299988746643,1.4031000137329102,1.389299988746643,1.394700050354004,34951424
2026-04-15 23:00:00+00:00,1.3942999839782715,1.3944000005722046,1.386199951171875,1.392699956893921,0
2026-04-16 00:00:00+00:00,1.3930000066757202,1.3985999822616577,1.3869999647140503,1.3974000215530396,0
2026-04-16 01:00:00+00:00,1.3976000547409058,1.402500033378601,1.3909000158309937,1.4005000591278076,23911680
2026-04-16 02:00:00+00:00,1.4005000591278076,1.4105000495910645,1.3964999914169312,1.4071999788284302,97342208
2026-04-16 03:00:00+00:00,1.4067000150680542,1.416100025177002,1.4057999849319458,1.4067000150680542,110282496
2026-04-16 04:00:00+00:00,1.406599998474121,1.4115999937057495,1.4026999473571777,1.4043999910354614,70965248
2026-04-16 05:00:00+00:00,1.4038000106811523,1.4076999425888062,1.4014999866485596,1.406000018119812,25058304
2026-04-16 06:00:00+00:00,1.4068000316619873,1.409999966621399,1.4049999713897705,1.4097000360488892,23428352
2026-04-16 07:00:00+00:00,1.4098999500274658,1.413100004196167,1.4048999547958374,1.4062999486923218,0
2026-04-16 08:00:00+00:00,1.4061000347137451,1.409600019454956,1.4027999639511108,1.4055999517440796,11740672
2026-04-16 09:00:00+00:00,1.405500054359436,1.4228999614715576,1.4042999744415283,1.4177000522613525,163480576
2026-04-16 10:00:00+00:00,1.4177000522613525,1.4179999828338623,1.4082000255584717,1.4086999893188477,69376000
2026-04-16 11:00:00+00:00,1.4091999530792236,1.410099983215332,1.4019999504089355,1.409999966621399,29410304
2026-04-16 12:00:00+00:00,1.410099983215332,1.4234999418258667,1.410099983215332,1.414199948310852,45574912
2026-04-16 13:00:00+00:00,1.4142999649047852,1.4349000453948975,1.3997000455856323,1.4074000120162964,170905344
2026-04-16 14:00:00+00:00,1.4062000513076782,1.4133000373840332,1.3934999704360962,1.4107999801635742,126658304
2026-04-16 15:00:00+00:00,1.410099983215332,1.4322999715805054,1.4081000089645386,1.4292999505996704,107652352
2026-04-16 16:00:00+00:00,1.429800033569336,1.4420000314712524,1.4163999557495117,1.419800043106079,104428032
2026-04-16 17:00:00+00:00,1.4199999570846558,1.4301999807357788,1.4155000448226929,1.4276000261306763,41824768
2026-04-16 18:00:00+00:00,1.4277000427246094,1.448699951171875,1.4249000549316406,1.4471999406814575,79816448
2026-04-16 19:00:00+00:00,1.4483000040054321,1.4664000272750854,1.4417999982833862,1.4652999639511108,23584000
2026-04-16 20:00:00+00:00,1.4651999473571777,1.4664000272750854,1.4443000555038452,1.4529999494552612,46039296
2026-04-16 21:00:00+00:00,1.4530999660491943,1.4592000246047974,1.4463000297546387,1.4467999935150146,4229120
2026-04-16 22:00:00+00:00,1.4479999542236328,1.4538999795913696,1.4473999738693237,1.4515999555587769,0
2026-04-16 23:00:00+00:00,1.4508999586105347,1.458400011062622,1.4485000371932983,1.4535000324249268,11408896
2026-04-17 00:00:00+00:00,1.4535000324249268,1.4559999704360962,1.4407000541687012,1.4407000541687012,15066880
2026-04-17 01:00:00+00:00,1.4408999681472778,1.4427000284194946,1.4277000427246094,1.430799961090088,27651328
2026-04-17 02:00:00+00:00,1.430400013923645,1.4316999912261963,1.422700047492981,1.4301999807357788,0
2026-04-17 03:00:00+00:00,1.4301999807357788,1.4393999576568604,1.4276000261306763,1.430999994277954,0
2026-04-17 04:00:00+00:00,1.4318000078201294,1.4345999956130981,1.4270000457763672,1.4326000213623047,0
2026-04-17 05:00:00+00:00,1.4323999881744385,1.437000036239624,1.4255000352859497,1.4256999492645264,41137152
2026-04-17 06:00:00+00:00,1.4255000352859497,1.4342000484466553,1.4249000549316406,1.4328999519348145,0
2026-04-17 07:00:00+00:00,1.4330999851226807,1.4401999711990356,1.432800054550171,1.4377000331878662,20014848
2026-04-17 08:00:00+00:00,1.4377000331878662,1.4479999542236328,1.4357999563217163,1.4469000101089478,50165760
2026-04-17 09:00:00+00:00,1.4470000267028809,1.4594999551773071,1.4430999755859375,1.452299952507019,0
2026-04-17 10:00:00+00:00,1.45169997215271,1.4538999795913696,1.4328999519348145,1.437399983406067,7632640
2026-04-17 11:00:00+00:00,1.4371000528335571,1.4488999843597412,1.4371000528335571,1.4479999542236328,0
2026-04-17 12:00:00+00:00,1.4479999542236328,1.461300015449524,1.444599986076355,1.4598000049591064,372992
2026-04-17 13:00:00+00:00,1.4586999416351318,1.4912999868392944,1.4559999704360962,1.4874000549316406,296918784
2026-04-17 14:00:00+00:00,1.4882999658584595,1.510599970817566,1.4840999841690063,1.499400019645691,128019456
2026-04-17 15:00:00+00:00,1.4988000392913818,1.5017000436782837,1.4771000146865845,1.4869999885559082,37958144
2026-04-17 16:00:00+00:00,1.486799955368042,1.501099944114685,1.4867000579833984,1.4982999563217163,0
2026-04-17 17:00:00+00:00,1.4981000423431396,1.4982000589370728,1.4779000282287598,1.4845999479293823,42832384
2026-04-17 18:00:00+00:00,1.4851000308990479,1.4851000308990479,1.4738999605178833,1.4781999588012695,0
2026-04-17 19:00:00+00:00,1.4782999753952026,1.4931999444961548,1.4772000312805176,1.4881999492645264,0
2026-04-17 20:00:00+00:00,1.4882999658584595,1.4902000427246094,1.4759999513626099,1.4819999933242798,0
2026-04-17 21:00:00+00:00,1.482300043106079,1.4869999885559082,1.4781999588012695,1.4799000024795532,0
2026-04-17 22:00:00+00:00,1.479599952697754,1.488700032234192,1.4780999422073364,1.4851000308990479,33446144
2026-04-17 23:00:00+00:00,1.4848999977111816,1.4848999977111816,1.473099946975708,1.476199984550476,2657280
2026-04-18 00:00:00+00:00,1.4757000207901,1.4808000326156616,1.4729000329971313,1.4763000011444092,0
2026-04-18 01:00:00+00:00,1.4767999649047852,1.482699990272522,1.4737999439239502,1.478700041770935,0
2026-04-18 02:00:00+00:00,1.4785000085830688,1.4785000085830688,1.4706000089645386,1.4764000177383423,0
2026-04-18 03:00:00+00:00,1.4757000207901,1.4757000207901,1.4677000045776367,1.469099998474121,0
2026-04-18 04:00:00+00:00,1.468400001525879,1.4703999757766724,1.4644999504089355,1.4692000150680542,0
2026-04-18 05:00:00+00:00,1.468999981880188,1.4778000116348267,1.4687000513076782,1.4696999788284302,0
2026-04-18 06:00:00+00:00,1.469499945640564,1.4738999605178833,1.4648000001907349,1.4711999893188477,14657024
2026-04-18 07:00:00+00:00,1.4709999561309814,1.4759000539779663,1.4693000316619873,1.4746999740600586,0
2026-04-18 08:00:00+00:00,1.4747999906539917,1.4759999513626099,1.4459999799728394,1.4537999629974365,122016768
2026-04-18 09:00:00+00:00,1.4529000520706177,1.454800009727478,1.4466999769210815,1.4507999420166016,0
2026-04-18 10:00:00+00:00,1.4510999917984009,1.4510999917984009,1.4357999563217163,1.440000057220459,28219904
2026-04-18 11:00:00+00:00,1.4397000074386597,1.4397000074386597,1.4255000352859497,1.4320000410079956,84964864
2026-04-18 12:00:00+00:00,1.4320000410079956,1.4383000135421753,1.431399941444397,1.4366999864578247,0
2026-04-18 13:00:00+00:00,1.4363000392913818,1.4391000270843506,1.430299997329712,1.437600016593933,0
2026-04-18 14:00:00+00:00,1.4377000331878662,1.4390000104904175,1.4330999851226807,1.4351999759674072,0
2026-04-18 15:00:00+00:00,1.4355000257492065,1.4402999877929688,1.4315999746322632,1.4364999532699585,0
2026-04-18 16:00:00+00:00,1.4362000226974487,1.4394999742507935,1.4320000410079956,1.4341000318527222,0
2026-04-18 17:00:00+00:00,1.4342999458312988,1.4342999458312988,1.4283000230789185,1.4321999549865723,0
2026-04-18 18:00:00+00:00,1.4321999549865723,1.4348000288009644,1.4241000413894653,1.426200032234192,0
2026-04-18 19:00:00+00:00,1.4261000156402588,1.4313000440597534,1.4254000186920166,1.4276000261306763,0
2026-04-18 20:00:00+00:00,1.4276000261306763,1.430799961090088,1.424399971961975,1.4287999868392944,0
2026-04-18 21:00:00+00:00,1.4285999536514282,1.4378999471664429,1.4285999536514282,1.436900019645691,0
2026-04-18 22:00:00+00:00,1.4364999532699585,1.4368000030517578,1.430799961090088,1.434999942779541,0
2026-04-18 23:00:00+00:00,1.434999942779541,1.4390000104904175,1.4325000047683716,1.432800054550171,0
2026-04-19 00:00:00+00:00,1.432800054550171,1.4366999864578247,1.430400013923645,1.4335999488830566,0
2026-04-19 01:00:00+00:00,1.4335999488830566,1.4392999410629272,1.4301999807357788,1.4321999549865723,0
2026-04-19 02:00:00+00:00,1.4318000078201294,1.4354000091552734,1.4246000051498413,1.430999994277954,0
2026-04-19 03:00:00+00:00,1.430799961090088,1.4345999956130981,1.4276000261306763,1.4300999641418457,0
2026-04-19 04:00:00+00:00,1.4301999807357788,1.4342000484466553,1.4248000383377075,1.4311000108718872,0
2026-04-19 05:00:00+00:00,1.4313000440597534,1.4438999891281128,1.4299999475479126,1.4305000305175781,23931392
2026-04-19 06:00:00+00:00,1.430400013923645,1.43149995803833,1.4189000129699707,1.4292000532150269,64688896
2026-04-19 07:00:00+00:00,1.4292000532150269,1.4301999807357788,1.4156999588012695,1.420799970626831,85119744
2026-04-19 08:00:00+00:00,1.4204000234603882,1.4294999837875366,1.416100025177002,1.4255000352859497,0
2026-04-19 09:00:00+00:00,1.4255000352859497,1.4266999959945679,1.413699984550476,1.4220000505447388,0
2026-04-19 10:00:00+00:00,1.4215999841690063,1.4280999898910522,1.4163000583648682,1.4235999584197998,0
2026-04-19 11:00:00+00:00,1.423699975013733,1.43149995803833,1.4227999448776245,1.4300999641418457,0
2026-04-19 12:00:00+00:00,1.430299997329712,1.4337999820709229,1.426800012588501,1.4322999715805054,0
2026-04-19 13:00:00+00:00,1.4319000244140625,1.44760000705719,1.4318000078201294,1.4393999576568604,81308672
2026-04-19 14:00:00+00:00,1.4394999742507935,1.4428999423980713,1.433500051498413,1.4386999607086182,46111232
2026-04-19 15:00:00+00:00,1.4384000301361084,1.4395999908447266,1.423799991607666,1.4320000410079956,60356608
2026-04-19 16:00:00+00:00,1.4322999715805054,1.4328999519348145,1.4210000038146973,1.422700047492981,7846912
2026-04-19 17:00:00+00:00,1.4220999479293823,1.4246000051498413,1.4128999710083008,1.4133000373840332,70500096
2026-04-19 18:00:00+00:00,1.4134000539779663,1.4186999797821045,1.4121999740600586,1.416100025177002,27755264
2026-04-19 19:00:00+00:00,1.4169000387191772,1.4220000505447388,1.416599988937378,1.4177000522613525,269312
2026-04-19 20:00:00+00:00,1.417799949645996,1.417799949645996,1.4107999801635742,1.4108999967575073,57111296
2026-04-19 21:00:00+00:00,1.4107999801635742,1.4176000356674194,1.4097000360488892,1.4104000329971313,28124672
2026-04-19 22:00:00+00:00,1.409000039100647,1.409500002861023,1.392899990081787,1.4002000093460083,194526720
2026-04-19 23:00:00+00:00,1.3997999429702759,1.3997999429702759,1.3933000564575195,1.3946000337600708,50359808
2026-04-20 00:00:00+00:00,1.3949999809265137,1.4085999727249146,1.3939000368118286,1.4062000513076782,72891904
2026-04-20 01:00:00+00:00,1.4067000150680542,1.4121999740600586,1.4052000045776367,1.4088000059127808,31604992
2026-04-20 02:00:00+00:00,1.409000039100647,1.40910005569458,1.4046000242233276,1.4086999893188477,3332864
2026-04-20 03:00:00+00:00,1.4088000059127808,1.4138000011444092,1.4081000089645386,1.4115999937057495,57055744
2026-04-20 04:00:00+00:00,1.4115999937057495,1.4115999937057495,1.406000018119812,1.4097000360488892,4230656
2026-04-20 05:00:00+00:00,1.4097000360488892,1.4098000526428223,1.3955999612808228,1.3997000455856323,0
2026-04-20 06:00:00+00:00,1.3995000123977661,1.4151999950408936,1.3995000123977661,1.4146000146865845,0
2026-04-20 07:00:00+00:00,1.4158999919891357,1.432800054550171,1.4119000434875488,1.4158999919891357,82516992
2026-04-20 08:00:00+00:00,1.4160000085830688,1.4182000160217285,1.4083000421524048,1.4105000495910645,4000000
2026-04-20 09:00:00+00:00,1.4093999862670898,1.4213999509811401,1.4088000059127808,1.4185999631881714,3656704
2026-04-20 10:00:00+00:00,1.419100046157837,1.4280999898910522,1.414199948310852,1.4148999452590942,0
2026-04-20 11:00:00+00:00,1.4148000478744507,1.4185999631881714,1.412600040435791,1.4158999919891357,28284416
2026-04-20 12:00:00+00:00,1.4155999422073364,1.424399971961975,1.413599967956543,1.4228999614715576,251648
2026-04-20 13:00:00+00:00,1.423200011253357,1.4284000396728516,1.419100046157837,1.4254000186920166,0
2026-04-20 14:00:00+00:00,1.4250999689102173,1.4323999881744385,1.4153000116348267,1.4174000024795532,81605632
2026-04-20 15:00:00+00:00,1.4184999465942383,1.4342000484466553,1.4097000360488892,1.433500051498413,131946496
2026-04-20 16:00:00+00:00,1.4336999654769897,1.4341000318527222,1.4230999946594238,1.4241000413894653,0
2026-04-20 17:00:00+00:00,1.4241000413894653,1.433500051498413,1.4234000444412231,1.427899956703186,0
2026-04-20 18:00:00+00:00,1.4285000562667847,1.437600016593933,1.427899956703186,1.4329999685287476,5738752
2026-04-20 19:00:00+00:00,1.4335999488830566,1.434000015258789,1.4282000064849854,1.430799961090088,11376896
2026-04-20 20:00:00+00:00,1.430400013923645,1.4341000318527222,1.4254000186920166,1.4323999881744385,0
2026-04-20 21:00:00+00:00,1.4321999549865723,1.4332000017166138,1.4254000186920166,1.430799961090088,0
2026-04-20 22:00:00+00:00,1.4312000274658203,1.4327000379562378,1.4255000352859497,1.426300048828125,0
2026-04-20 23:00:00+00:00,1.4256000518798828,1.4256000518798828,1.4220000505447388,1.4249999523162842,0
2026-04-21 00:00:00+00:00,1.4251999855041504,1.4297000169754028,1.4248000383377075,1.4280999898910522,0
2026-04-21 01:00:00+00:00,1.427899956703186,1.4323999881744385,1.4257999658584595,1.426300048828125,0
2026-04-21 02:00:00+00:00,1.4263999462127686,1.427299976348877,1.4226000308990479,1.4226000308990479,0
2026-04-21 03:00:00+00:00,1.4226000308990479,1.4263999462127686,1.420300006866455,1.4246000051498413,0
2026-04-21 04:00:00+00:00,1.4246000051498413,1.4292999505996704,1.424399971961975,1.4287999868392944,0
2026-04-21 05:00:00+00:00,1.4287999868392944,1.4337999820709229,1.4285999536514282,1.4321999549865723,0
2026-04-21 06:00:00+00:00,1.432800054550171,1.4414000511169434,1.4286999702453613,1.4377000331878662,38693376
2026-04-21 07:00:00+00:00,1.4377000331878662,1.4427000284194946,1.4327000379562378,1.4397000074386597,0
2026-04-21 08:00:00+00:00,1.4399000406265259,1.4495999813079834,1.437999963760376,1.4433000087738037,2732544
2026-04-21 09:00:00+00:00,1.4431999921798706,1.4452999830245972,1.438099980354309,1.4408999681472778,0
2026-04-21 10:00:00+00:00,1.442199945449829,1.447700023651123,1.4387999773025513,1.445099949836731,0
2026-04-21 11:00:00+00:00,1.4452999830245972,1.4453999996185303,1.4383000135421753,1.4401999711990356,0
2026-04-21 12:00:00+00:00,1.4401999711990356,1.4412000179290771,1.426900029182434,1.4328999519348145,38934784
2026-04-21 13:00:00+00:00,1.4333000183105469,1.4363000392913818,1.4299999475479126,1.434000015258789,0
2026-04-21 14:00:00+00:00,1.4342000484466553,1.4452999830245972,1.430799961090088,1.4321999549865723,0
2026-04-21 15:00:00+00:00,1.4322999715805054,1.4342000484466553,1.426200032234192,1.4329999685287476,0
2026-04-21 16:00:00+00:00,1.43340003490448,1.4361000061035156,1.4278000593185425,1.4289000034332275,0
2026-04-21 17:00:00+00:00,1.4285999536514282,1.4301999807357788,1.4147000312805176,1.4244999885559082,57230080
2026-04-21 18:00:00+00:00,1.424299955368042,1.427299976348877,1.419800043106079,1.4271999597549438,0
2026-04-21 19:00:00+00:00,1.4270999431610107,1.4318000078201294,1.4119000434875488,1.413599967956543,67636736
2026-04-21 20:00:00+00:00,1.413599967956543,1.4292999505996704,1.412500023841858,1.4246000051498413,41274368
2026-04-21 21:00:00+00:00,1.423799991607666,1.4254000186920166,1.4206000566482544,1.4228999614715576,0
2026-04-21 22:00:00+00:00,1.4228999614715576,1.4241000413894653,1.4169000387191772,1.4225000143051147,0
2026-04-21 23:00:00+00:00,1.4226000308990479,1.4345999956130981,1.4225000143051147,1.434000015258789,3786240
2026-04-22 00:00:00+00:00,1.4345999956130981,1.4350999593734741,1.4305000305175781,1.4327000379562378,7743744
2026-04-22 01:00:00+00:00,1.4322999715805054,1.432800054550171,1.4271999597549438,1.4294999837875366,0
2026-04-22 02:00:00+00:00,1.4299999475479126,1.4494999647140503,1.4270000457763672,1.4490000009536743,104191488
2026-04-22 03:00:00+00:00,1.4492000341415405,1.450600028038025,1.440999984741211,1.4431999921798706,21891328
2026-04-22 04:00:00+00:00,1.444200038909912,1.4473999738693237,1.4417999982833862,1.4444999694824219,12756992
2026-04-22 05:00:00+00:00,1.445199966430664,1.4608999490737915,1.4431999921798706,1.4545999765396118,135420672
2026-04-22 06:00:00+00:00,1.454200029373169,1.4569000005722046,1.452299952507019,1.4566999673843384,0
2026-04-22 07:00:00+00:00,1.4571000337600708,1.458400011062622,1.4519000053405762,1.4544999599456787,0
2026-04-22 08:00:00+00:00,1.4551000595092773,1.4558000564575195,1.4500999450683594,1.4527000188827515,0
2026-04-22 09:00:00+00:00,1.4523999691009521,1.454800009727478,1.450700044631958,1.4520000219345093,0
2026-04-22 10:00:00+00:00,1.4515999555587769,1.4529999494552612,1.4488999843597412,1.4507999420166016,0
2026-04-22 11:00:00+00:00,1.4510999917984009,1.455399990081787,1.4494999647140503,1.454800009727478,0
2026-04-22 12:00:00+00:00,1.4550000429153442,1.4557000398635864,1.44760000705719,1.4509999752044678,0
2026-04-22 13:00:00+00:00,1.4508999586105347,1.4615999460220337,1.4485000371932983,1.4596999883651733,51023104
2026-04-22 14:00:00+00:00,1.4599000215530396,1.4629000425338745,1.4526000022888184,1.4580999612808228,54481408
2026-04-22 15:00:00+00:00,1.4586999416351318,1.4609999656677246,1.4529000520706177,1.4570000171661377,5216512
2026-04-22 16:00:00+00:00,1.4573999643325806,1.4594999551773071,1.4459999799728394,1.4471999406814575,42213632
2026-04-22 17:00:00+00:00,1.4472999572753906,1.4523999691009521,1.4460999965667725,1.4496999979019165,0
2026-04-22 18:00:00+00:00,1.4505000114440918,1.4532999992370605,1.448099970817566,1.448199987411499,0
2026-04-22 19:00:00+00:00,1.44760000705719,1.4479000568389893,1.437600016593933,1.441499948501587,0
2026-04-22 20:00:00+00:00,1.44159996509552,1.4433000087738037,1.4347000122070312,1.437600016593933,0
2026-04-22 21:00:00+00:00,1.437399983406067,1.4422999620437622,1.4372999668121338,1.4422999620437622,693760
2026-04-22 22:00:00+00:00,1.441499948501587,1.4423999786376953,1.4358999729156494,1.438599944114685,1140480
2026-04-22 23:00:00+00:00,1.438599944114685,1.438599944114685,1.4292999505996704,1.4297000169754028,35025152
2026-04-23 00:00:00+00:00,1.4300999641418457,1.43149995803833,1.417799949645996,1.4294999837875366,91928832
2026-04-23 01:00:00+00:00,1.4294999837875366,1.4299999475479126,1.4212000370025635,1.4265999794006348,28157696
2026-04-23 02:00:00+00:00,1.426200032234192,1.4265999794006348,1.4160000085830688,1.4191999435424805,0
2026-04-23 03:00:00+00:00,1.4191999435424805,1.4220000505447388,1.4120999574661255,1.4168000221252441,0
2026-04-23 04:00:00+00:00,1.4163999557495117,1.4194999933242798,1.4157999753952026,1.4184000492095947,14965504
2026-04-23 05:00:00+00:00,1.4183000326156616,1.4213000535964966,1.4153000116348267,1.419800043106079,0
2026-04-23 06:00:00+00:00,1.420300006866455,1.4256999492645264,1.420300006866455,1.4241000413894653,702208
2026-04-23 07:00:00+00:00,1.4246000051498413,1.4246000051498413,1.4204000234603882,1.4213000535964966,0
2026-04-23 08:00:00+00:00,1.4215999841690063,1.4217000007629395,1.4154000282287598,1.4186999797821045,0
2026-04-23 09:00:00+00:00,1.4185999631881714,1.4192999601364136,1.412500023841858,1.4154000282287598,15276800
2026-04-23 10:00:00+00:00,1.4151999950408936,1.4164999723434448,1.409500002861023,1.4111000299453735,38916352
2026-04-23 11:00:00+00:00,1.4113999605178833,1.4179999828338623,1.4113999605178833,1.4169000387191772,0
2026-04-23 12:00:00+00:00,1.416700005531311,1.4213000535964966,1.4156999588012695,1.419100046157837,0
2026-04-23 13:00:00+00:00,1.419100046157837,1.4205000400543213,1.4146000146865845,1.416700005531311,0
2026-04-23 14:00:00+00:00,1.4155999422073364,1.430799961090088,1.4142999649047852,1.4306999444961548,0
2026-04-23 15:00:00+00:00,1.4306999444961548,1.4375,1.426200032234192,1.4321999549865723,4343040
2026-04-23 16:00:00+00:00,1.4323999881744385,1.4336999654769897,1.4285000562667847,1.430400013923645,282368
2026-04-23 17:00:00+00:00,1.430799961090088,1.4371999502182007,1.4217000007629395,1.4356000423431396,248365312
2026-04-23 18:00:00+00:00,1.4357999563217163,1.44159996509552,1.4323999881744385,1.4325000047683716,95619840
2026-04-23 19:00:00+00:00,1.4318000078201294,1.434399962425232,1.4278000593185425,1.429900050163269,0
2026-04-23 20:00:00+00:00,1.4299999475479126,1.437600016593933,1.4279999732971191,1.4330999851226807,0
2026-04-23 21:00:00+00:00,1.4336999654769897,1.4386999607086182,1.4311000108718872,1.434000015258789,15991296
2026-04-23 22:00:00+00:00,1.4341000318527222,1.4398000240325928,1.4335999488830566,1.437000036239624,18219520
2026-04-23 23:00:00+00:00,1.4361000061035156,1.4407999515533447,1.432800054550171,1.4392999410629272,0
2026-04-24 00:00:00+00:00,1.4394999742507935,1.441100001335144,1.437999963760376,1.440600037574768,0
2026-04-24 01:00:00+00:00,1.440600037574768,1.4450000524520874,1.4323999881744385,1.444599986076355,1717248
2026-04-24 02:00:00+00:00,1.4444999694824219,1.4455000162124634,1.4375,1.4383000135421753,0
2026-04-24 03:00:00+00:00,1.438099980354309,1.4392000436782837,1.4290000200271606,1.4311000108718872,0
2026-04-24 04:00:00+00:00,1.430899977684021,1.431399941444397,1.4270000457763672,1.4296000003814697,0
2026-04-24 05:00:00+00:00,1.4292000532150269,1.4341000318527222,1.4263999462127686,1.4333000183105469,0
2026-04-24 06:00:00+00:00,1.4336999654769897,1.4336999654769897,1.4305000305175781,1.4305000305175781,0
2026-04-24 07:00:00+00:00,1.4305000305175781,1.43340003490448,1.4289000034332275,1.4330999851226807,0
2026-04-24 08:00:00+00:00,1.4330999851226807,1.4368000030517578,1.430299997329712,1.4320000410079956,2969856
2026-04-24 09:00:00+00:00,1.4320000410079956,1.4321999549865723,1.4254000186920166,1.426200032234192,0
2026-04-24 10:00:00+00:00,1.4257999658584595,1.4329999685287476,1.424399971961975,1.4321000576019287,0
2026-04-24 11:00:00+00:00,1.4322999715805054,1.440500020980835,1.4321999549865723,1.4390000104904175,57460224
2026-04-24 12:00:00+00:00,1.4387999773025513,1.4414000511169434,1.43340003490448,1.4351999759674072,4518144
2026-04-24 13:00:00+00:00,1.4352999925613403,1.4443999528884888,1.4341000318527222,1.4362000226974487,41999104
2026-04-24 14:00:00+00:00,1.4351999759674072,1.4407000541687012,1.4294999837875366,1.4352999925613403,178341632
2026-04-24 15:00:00+00:00,1.4351999759674072,1.448799967765808,1.4299999475479126,1.4486000537872314,41545728
2026-04-24 16:00:00+00:00,1.448799967765808,1.4507999420166016,1.4384000301361084,1.4407999515533447,13022464
2026-04-24 17:00:00+00:00,1.4404000043869019,1.4429999589920044,1.4363000392913818,1.4413000345230103,0
2026-04-24 18:00:00+00:00,1.4414000511169434,1.442199945449829,1.434000015258789,1.4388999938964844,0
2026-04-24 19:00:00+00:00,1.4391000270843506,1.4423999786376953,1.437000036239624,1.4391000270843506,0
2026-04-24 20:00:00+00:00,1.4394999742507935,1.442199945449829,1.4350999593734741,1.4412000179290771,0
2026-04-24 21:00:00+00:00,1.440500020980835,1.4434000253677368,1.436900019645691,1.4377000331878662,0
2026-04-24 22:00:00+00:00,1.437999963760376,1.438599944114685,1.430799961090088,1.4321999549865723,0
2026-04-24 23:00:00+00:00,1.4322999715805054,1.434399962425232,1.4320000410079956,1.4337999820709229,0
2026-04-25 00:00:00+00:00,1.433500051498413,1.434999942779541,1.4320000410079956,1.4335999488830566,0
2026-04-25 01:00:00+00:00,1.4335999488830566,1.4375,1.4335999488830566,1.436400055885315,0
2026-04-25 02:00:00+00:00,1.4365999698638916,1.4381999969482422,1.4336999654769897,1.433899998664856,0
2026-04-25 03:00:00+00:00,1.4337999820709229,1.4375,1.4330999851226807,1.4371000528335571,0
2026-04-25 04:00:00+00:00,1.4371999502182007,1.4375,1.434000015258789,1.4347000122070312,0
2026-04-25 05:00:00+00:00,1.4342999458312988,1.4342999458312988,1.4316999912261963,1.432800054550171,0
2026-04-25 06:00:00+00:00,1.4329999685287476,1.4354000091552734,1.43149995803833,1.4326000213623047,0
2026-04-25 07:00:00+00:00,1.4329999685287476,1.434999942779541,1.4315999746322632,1.4337999820709229,0
2026-04-25 08:00:00+00:00,1.43340003490448,1.4354000091552734,1.4327000379562378,1.4350999593734741,0
2026-04-25 09:00:00+00:00,1.4351999759674072,1.437000036239624,1.4332000017166138,1.4355000257492065,0
2026-04-25 10:00:00+00:00,1.4357999563217163,1.436900019645691,1.4349000453948975,1.4357000589370728,0
2026-04-25 11:00:00+00:00,1.4358999729156494,1.4358999729156494,1.4299999475479126,1.4312000274658203,0
2026-04-25 12:00:00+00:00,1.4311000108718872,1.4320000410079956,1.4285999536514282,1.4297000169754028,0
2026-04-25 13:00:00+00:00,1.4297000169754028,1.4323999881744385,1.4291000366210938,1.431399941444397,0
2026-04-25 14:00:00+00:00,1.4315999746322632,1.4318000078201294,1.4292000532150269,1.4294999837875366,0
2026-04-25 15:00:00+00:00,1.4291000366210938,1.43149995803833,1.4253000020980835,1.4258999824523926,0
2026-04-25 16:00:00+00:00,1.4257999658584595,1.4283000230789185,1.4210000038146973,1.4246000051498413,0
2026-04-25 17:00:00+00:00,1.4247000217437744,1.4251999855041504,1.419600009918213,1.4204000234603882,0
2026-04-25 18:00:00+00:00,1.4198999404907227,1.4229999780654907,1.4198999404907227,1.4214999675750732,0
2026-04-25 19:00:00+00:00,1.4214999675750732,1.4219000339508057,1.4193999767303467,1.420699954032898,0
2026-04-25 20:00:00+00:00,1.4208999872207642,1.4225000143051147,1.419100046157837,1.4223999977111816,0
2026-04-25 21:00:00+00:00,1.4225000143051147,1.4235999584197998,1.4220999479293823,1.42330002784729,0
2026-04-25 22:00:00+00:00,1.4229999780654907,1.4258999824523926,1.4225000143051147,1.423799991607666,0
2026-04-25 23:00:00+00:00,1.4240000247955322,1.4249999523162842,1.422700047492981,1.424399971961975,57408
2026-04-26 00:00:00+00:00,1.4241000413894653,1.4241000413894653,1.420300006866455,1.4212000370025635,54784
2026-04-26 01:00:00+00:00,1.4213000535964966,1.4221999645233154,1.419100046157837,1.4193999767303467,3593280
2026-04-26 02:00:00+00:00,1.4193999767303467,1.4229999780654907,1.4193999767303467,1.4220999479293823,0
2026-04-26 03:00:00+00:00,1.4220999479293823,1.4242000579833984,1.4183000326156616,1.4187999963760376,8504192
2026-04-26 04:00:00+00:00,1.4184999465942383,1.4235999584197998,1.4184999465942383,1.4222999811172485,12911104
2026-04-26 05:00:00+00:00,1.4222999811172485,1.4297000169754028,1.4217000007629395,1.4258999824523926,34543104
2026-04-26 06:00:00+00:00,1.4258999824523926,1.4290000200271606,1.4258999824523926,1.4278000593185425,11499520
2026-04-26 07:00:00+00:00,1.427899956703186,1.4297000169754028,1.4265999794006348,1.4294999837875366,9024256
2026-04-26 08:00:00+00:00,1.4294999837875366,1.4299999475479126,1.4265999794006348,1.426900029182434,9810944
2026-04-26 09:00:00+00:00,1.4266999959945679,1.4287999868392944,1.4259999990463257,1.4285999536514282,2440320
2026-04-26 10:00:00+00:00,1.4285000562667847,1.4291000366210938,1.426900029182434,1.4277000427246094,0
2026-04-26 11:00:00+00:00,1.427899956703186,1.4319000244140625,1.427899956703186,1.4306999444961548,0
2026-04-26 12:00:00+00:00,1.430799961090088,1.4320000410079956,1.4242000579833984,1.4250999689102173,2876672
2026-04-26 13:00:00+00:00,1.4253000020980835,1.4261000156402588,1.4235999584197998,1.4246000051498413,15870976
2026-04-26 14:00:00+00:00,1.4246000051498413,1.4300999641418457,1.423699975013733,1.4275000095367432,17005696
2026-04-26 15:00:00+00:00,1.42739999294281,1.4294999837875366,1.4264999628067017,1.4292999505996704,0
2026-04-26 16:00:00+00:00,1.4294999837875366,1.429800033569336,1.4253000020980835,1.4255000352859497,0
2026-04-26 17:00:00+00:00,1.4249000549316406,1.4266999959945679,1.4229999780654907,1.4249999523162842,0
2026-04-26 18:00:00+00:00,1.4251999855041504,1.430299997329712,1.4234999418258667,1.4293999671936035,1750784
2026-04-26 19:00:00+00:00,1.4294999837875366,1.4362000226974487,1.4280999898910522,1.4306000471115112,27499968
2026-04-26 20:00:00+00:00,1.430799961090088,1.4332000017166138,1.4279999732971191,1.4279999732971191,6204928
2026-04-26 21:00:00+00:00,1.4279999732971191,1.4306000471115112,1.4210000038146973,1.4289000034332275,47067520
2026-04-26 22:00:00+00:00,1.4282000064849854,1.4359999895095825,1.423699975013733,1.42739999294281,90518656
2026-04-26 23:00:00+00:00,1.426800012588501,1.434999942779541,1.4254000186920166,1.430999994277954,31604480
2026-04-27 00:00:00+00:00,1.4311000108718872,1.440500020980835,1.4256000518798828,1.4391000270843506,34255488
2026-04-27 01:00:00+00:00,1.4400999546051025,1.4463000297546387,1.434999942779541,1.444700002670288,98175104
2026-04-27 02:00:00+00:00,1.4455000162124634,1.4462000131607056,1.4402999877929688,1.444000005722046,45540480
2026-04-27 03:00:00+00:00,1.4430999755859375,1.4470000267028809,1.4420000314712524,1.4426000118255615,28268928
2026-04-27 04:00:00+00:00,1.4423999786376953,1.4427000284194946,1.4386999607086182,1.4402999877929688,15614080
2026-04-27 05:00:00+00:00,1.440500020980835,1.440500020980835,1.4176000356674194,1.4200999736785889,153248512
2026-04-27 06:00:00+00:00,1.419700026512146,1.4208999872207642,1.413100004196167,1.4184000492095947,68470272
2026-04-27 07:00:00+00:00,1.4180999994277954,1.4190000295639038,1.4138000011444092,1.4149999618530273,26688128
2026-04-27 08:00:00+00:00,1.4146000146865845,1.4182000160217285,1.4134999513626099,1.4179999828338623,22184704
2026-04-27 09:00:00+00:00,1.4183000326156616,1.4192999601364136,1.4154000282287598,1.4169000387191772,20231424
2026-04-27 10:00:00+00:00,1.4168000221252441,1.4170000553131104,1.4146000146865845,1.4150999784469604,21442688
2026-04-27 11:00:00+00:00,1.4149999618530273,1.4155999422073364,1.4127000570297241,1.413699984550476,12940672
2026-04-27 12:00:00+00:00,1.413699984550476,1.4150999784469604,1.4101999998092651,1.4107999801635742,22194176
2026-04-27 13:00:00+00:00,1.4108999967575073,1.412500023841858,1.3985999822616577,1.4018000364303589,108451456
2026-04-27 14:00:00+00:00,1.4014999866485596,1.4106999635696411,1.3984999656677246,1.4038000106811523,130604928
2026-04-27 15:00:00+00:00,1.404099941253662,1.404099941253662,1.3839999437332153,1.388100028038025,192753920
2026-04-27 16:00:00+00:00,1.3873000144958496,1.3911999464035034,1.385699987411499,1.388700008392334,65503488
2026-04-27 17:00:00+00:00,1.38919997215271,1.3952000141143799,1.38919997215271,1.3931000232696533,48694016
2026-04-27 18:00:00+00:00,1.392799973487854,1.3969000577926636,1.392300009727478,1.3952000141143799,11313920
2026-04-27 19:00:00+00:00,1.3947999477386475,1.3961000442504883,1.3873000144958496,1.392699956893921,0
2026-04-27 20:00:00+00:00,1.392699956893921,1.3947999477386475,1.3904000520706177,1.392300009727478,11394816
2026-04-27 21:00:00+00:00,1.3920999765396118,1.3933000564575195,1.389299988746643,1.3895000219345093,0
2026-04-27 22:00:00+00:00,1.3899999856948853,1.3970999717712402,1.38919997215271,1.3966000080108643,0
2026-04-27 23:00:00+00:00,1.3964999914169312,1.401900053024292,1.396299958229065,1.4005999565124512,33024
2026-04-28 00:00:00+00:00,1.4007999897003174,1.4007999897003174,1.3949999809265137,1.3980000019073486,0
2026-04-28 01:00:00+00:00,1.3978999853134155,1.3991999626159668,1.3960000276565552,1.3971999883651733,0
2026-04-28 02:00:00+00:00,1.3974000215530396,1.3990000486373901,1.3911999464035034,1.3933000564575195,0
2026-04-28 03:00:00+00:00,1.3931000232696533,1.3937000036239624,1.3884999752044678,1.392799973487854,0
2026-04-28 04:00:00+00:00,1.3930000066757202,1.3942999839782715,1.3903000354766846,1.392699956893921,5931776
2026-04-28 05:00:00+00:00,1.3935999870300293,1.3971999883651733,1.3920999765396118,1.3934999704360962,0
2026-04-28 06:00:00+00:00,1.3937000036239624,1.3969000577926636,1.3863999843597412,1.3889000415802002,0
2026-04-28 07:00:00+00:00,1.3889000415802002,1.3932000398635864,1.3848999738693237,1.3930000066757202,269952
2026-04-28 08:00:00+00:00,1.3930000066757202,1.3956999778747559,1.3907999992370605,1.3924000263214111,0
2026-04-28 09:00:00+00:00,1.3924000263214111,1.3926000595092773,1.386299967765808,1.3874000310897827,0
2026-04-28 10:00:00+00:00,1.3871999979019165,1.3895000219345093,1.3865000009536743,1.3880000114440918,23533056
2026-04-28 11:00:00+00:00,1.3884999752044678,1.3885999917984009,1.3791999816894531,1.3811999559402466,45015552
2026-04-28 12:00:00+00:00,1.381700038909912,1.3844000101089478,1.3787000179290771,1.3827999830245972,32256512
2026-04-28 13:00:00+00:00,1.3827999830245972,1.3840999603271484,1.3747999668121338,1.3782000541687012,0
2026-04-28 14:00:00+00:00,1.3779000043869019,1.3779000043869019,1.3681000471115112,1.3696999549865723,0
2026-04-28 15:00:00+00:00,1.3697999715805054,1.3758000135421753,1.3688000440597534,1.375100016593933,0
2026-04-28 16:00:00+00:00,1.375100016593933,1.3768999576568604,1.3700000047683716,1.3766000270843506,0
2026-04-28 17:00:00+00:00,1.3762999773025513,1.3808000087738037,1.3739999532699585,1.3783999681472778,0
2026-04-28 18:00:00+00:00,1.378499984741211,1.3824000358581543,1.378499984741211,1.382200002670288,6162304
2026-04-28 19:00:00+00:00,1.3819999694824219,1.3863999843597412,1.378100037574768,1.3824000358581543,11923712
2026-04-28 20:00:00+00:00,1.3824000358581543,1.3846999406814575,1.3812999725341797,1.382699966430664,7638528
2026-04-28 21:00:00+00:00,1.382599949836731,1.3839999437332153,1.3782999515533447,1.3803000450134277,0
2026-04-28 22:00:00+00:00,1.3803999423980713,1.3839999437332153,1.378499984741211,1.379699945449829,6530048
2026-04-28 23:00:00+00:00,1.3794000148773193,1.381700038909912,1.3782999515533447,1.3803000450134277,172416
2026-04-29 00:00:00+00:00,1.3803000450134277,1.3845000267028809,1.3782999515533447,1.3831000328063965,0
2026-04-29 01:00:00+00:00,1.3830000162124634,1.3838000297546387,1.3767000436782837,1.3818000555038452,21102464
2026-04-29 02:00:00+00:00,1.3819999694824219,1.3832999467849731,1.3787000179290771,1.3796000480651855,0
2026-04-29 03:00:00+00:00,1.379699945449829,1.389799952507019,1.3791999816894531,1.3890999555587769,0
2026-04-29 04:00:00+00:00,1.38919997215271,1.3973000049591064,1.3876999616622925,1.3947999477386475,64812416
2026-04-29 05:00:00+00:00,1.3952000141143799,1.3969000577926636,1.3937000036239624,1.395799994468689,0
2026-04-29 06:00:00+00:00,1.395799994468689,1.3967000246047974,1.3903000354766846,1.3920999765396118,0
2026-04-29 07:00:00+00:00,1.392199993133545,1.3952000141143799,1.3905999660491943,1.3918999433517456,0
2026-04-29 08:00:00+00:00,1.392300009727478,1.392799973487854,1.3889000415802002,1.3911999464035034,12416
2026-04-29 09:00:00+00:00,1.3910000324249268,1.4062999486923218,1.3903000354766846,1.4038000106811523,58242688
2026-04-29 10:00:00+00:00,1.4045000076293945,1.4063999652862549,1.3974000215530396,1.3977999687194824,38121856
2026-04-29 11:00:00+00:00,1.3976999521255493,1.3977999687194824,1.3925000429153442,1.3945000171661377,0
2026-04-29 12:00:00+00:00,1.3945000171661377,1.3946000337600708,1.3792999982833862,1.3827999830245972,27427968
2026-04-29 13:00:00+00:00,1.3828999996185303,1.3838000297546387,1.3700000047683716,1.375499963760376,4702464
2026-04-29 14:00:00+00:00,1.3752000331878662,1.3779000043869019,1.3700000047683716,1.3722000122070312,0
2026-04-29 15:00:00+00:00,1.3722000122070312,1.3729000091552734,1.3588000535964966,1.3614000082015991,63729536
2026-04-29 16:00:00+00:00,1.361199975013733,1.3667999505996704,1.3596999645233154,1.3632999658584595,82206208
2026-04-29 17:00:00+00:00,1.3633999824523926,1.367400050163269,1.3624000549316406,1.3666000366210938,22139392
2026-04-29 18:00:00+00:00,1.3688000440597534,1.3688000440597534,1.3460999727249146,1.357200026512146,196894592
2026-04-29 19:00:00+00:00,1.357100009918213,1.3583999872207642,1.3514000177383423,1.3526999950408936,14795008
2026-04-29 20:00:00+00:00,1.3528000116348267,1.3645999431610107,1.3528000116348267,1.3623000383377075,57966336
2026-04-29 21:00:00+00:00,1.3619999885559082,1.3716000318527222,1.3614000082015991,1.3686000108718872,33150720
2026-04-29 22:00:00+00:00,1.3686000108718872,1.3704999685287476,1.3667999505996704,1.3693000078201294,0
2026-04-29 23:00:00+00:00,1.3693000078201294,1.3707000017166138,1.3640999794006348,1.3688000440597534,15545088
2026-04-30 00:00:00+00:00,1.36899995803833,1.3842999935150146,1.36899995803833,1.382699966430664,36376576
2026-04-30 01:00:00+00:00,1.3824000358581543,1.3841999769210815,1.3769999742507935,1.37909996509552,11220736
2026-04-30 02:00:00+00:00,1.3792999982833862,1.3811999559402466,1.3672000169754028,1.3725999593734741,39378944
2026-04-30 03:00:00+00:00,1.3724000453948975,1.375,1.3703999519348145,1.3729000091552734,0
2026-04-30 04:00:00+00:00,1.3729000091552734,1.3730000257492065,1.3602999448776245,1.3623000383377075,0
2026-04-30 05:00:00+00:00,1.3624999523162842,1.3668999671936035,1.3585000038146973,1.3640999794006348,15601152
2026-04-30 06:00:00+00:00,1.3639999628067017,1.3708000183105469,1.3603999614715576,1.368499994277954,29728000
2026-04-30 07:00:00+00:00,1.368499994277954,1.374500036239624,1.3668999671936035,1.3743000030517578,5156864
2026-04-30 08:00:00+00:00,1.3746000528335571,1.376099944114685,1.371999979019165,1.3723000288009644,11290624
2026-04-30 09:00:00+00:00,1.3722000122070312,1.3795000314712524,1.371399998664856,1.3729000091552734,0
2026-04-30 10:00:00+00:00,1.3730000257492065,1.3743000030517578,1.36899995803833,1.3698999881744385,0
2026-04-30 11:00:00+00:00,1.3700000047683716,1.375499963760376,1.3660000562667847,1.3690999746322632,0
2026-04-30 12:00:00+00:00,1.3690999746322632,1.375599980354309,1.368499994277954,1.3693000078201294,0
2026-04-30 13:00:00+00:00,1.3696000576019287,1.373900055885315,1.3646999597549438,1.3694000244140625,0
2026-04-30 14:00:00+00:00,1.3693000078201294,1.3717000484466553,1.3624000549316406,1.3675999641418457,0
2026-04-30 15:00:00+00:00,1.3680000305175781,1.3747999668121338,1.364400029182434,1.3688000440597534,0
2026-04-30 16:00:00+00:00,1.3688000440597534,1.36899995803833,1.3645000457763672,1.3653000593185425,0
2026-04-30 17:00:00+00:00,1.3653000593185425,1.368899941444397,1.3621000051498413,1.3675999641418457,0
2026-04-30 18:00:00+00:00,1.3674999475479126,1.3710999488830566,1.3662999868392944,1.3695000410079956,0
2026-04-30 19:00:00+00:00,1.3694000244140625,1.3739999532699585,1.3686000108718872,1.3703999519348145,0
2026-04-30 20:00:00+00:00,1.3701000213623047,1.3710999488830566,1.3676999807357788,1.3693000078201294,0
2026-04-30 21:00:00+00:00,1.3695000410079956,1.3717999458312988,1.365399956703186,1.365399956703186,0
2026-04-30 22:00:00+00:00,1.3659000396728516,1.3676999807357788,1.363700032234192,1.364400029182434,0
2026-04-30 23:00:00+00:00,1.3646999597549438,1.367900013923645,1.3639999628067017,1.367400050163269,0
2026-05-01 00:00:00+00:00,1.367300033569336,1.372499942779541,1.364400029182434,1.3681999444961548,0
2026-05-01 01:00:00+00:00,1.368499994277954,1.3733999729156494,1.3652000427246094,1.3707000017166138,75201280
2026-05-01 02:00:00+00:00,1.3708000183105469,1.371399998664856,1.3676999807357788,1.3695000410079956,0
2026-05-01 03:00:00+00:00,1.3693000078201294,1.379699945449829,1.3681999444961548,1.3758000135421753,44606464
2026-05-01 04:00:00+00:00,1.3763999938964844,1.3783999681472778,1.373900055885315,1.375499963760376,0
2026-05-01 05:00:00+00:00,1.3753000497817993,1.3779000043869019,1.374400019645691,1.3763999938964844,0
2026-05-01 06:00:00+00:00,1.3763999938964844,1.378499984741211,1.3717999458312988,1.3731000423431396,0
2026-05-01 07:00:00+00:00,1.3732000589370728,1.3753999471664429,1.3716000318527222,1.3747999668121338,0
2026-05-01 08:00:00+00:00,1.3747999668121338,1.3804999589920044,1.3738000392913818,1.3782999515533447,444928
2026-05-01 09:00:00+00:00,1.3782999515533447,1.378600001335144,1.3739999532699585,1.3753000497817993,0
2026-05-01 10:00:00+00:00,1.3753000497817993,1.3765000104904175,1.3717000484466553,1.376099944114685,0
2026-05-01 11:00:00+00:00,1.3762999773025513,1.3796000480651855,1.3753999471664429,1.378000020980835,0
2026-05-01 12:00:00+00:00,1.3782000541687012,1.3870999813079834,1.3774000406265259,1.3832000494003296,34968704
2026-05-01 13:00:00+00:00,1.3835999965667725,1.3991999626159668,1.3835999965667725,1.398300051689148,49393920
2026-05-01 14:00:00+00:00,1.3983999490737915,1.3997000455856323,1.3897000551223755,1.3947999477386475,34077696
2026-05-01 15:00:00+00:00,1.3944000005722046,1.3997000455856323,1.3911000490188599,1.3960000276565552,24045696
2026-05-01 16:00:00+00:00,1.396399974822998,1.3984999656677246,1.3914999961853027,1.3916000127792358,16293248
2026-05-01 17:00:00+00:00,1.3911000490188599,1.3952000141143799,1.388700008392334,1.3947999477386475,13843968
2026-05-01 18:00:00+00:00,1.3949999809265137,1.3954999446868896,1.392699956893921,1.3935999870300293,0
2026-05-01 19:00:00+00:00,1.3938000202178955,1.395799994468689,1.392199993133545,1.3937000036239624,0
2026-05-01 20:00:00+00:00,1.3940000534057617,1.3949999809265137,1.3825000524520874,1.3842999935150146,19268352
2026-05-01 21:00:00+00:00,1.3841999769210815,1.3890999555587769,1.3840999603271484,1.3885999917984009,6392704
2026-05-01 22:00:00+00:00,1.388800024986267,1.3901000022888184,1.3834999799728394,1.3835999965667725,0
2026-05-01 23:00:00+00:00,1.3832999467849731,1.385699987411499,1.3813999891281128,1.385699987411499,27483264
2026-05-02 00:00:00+00:00,1.3860000371932983,1.3903000354766846,1.3845000267028809,1.386299967765808,0
2026-05-02 01:00:00+00:00,1.3859000205993652,1.388800024986267,1.3841999769210815,1.3848999738693237,0
2026-05-02 02:00:00+00:00,1.3847999572753906,1.388100028038025,1.3812999725341797,1.385699987411499,12361344
2026-05-02 03:00:00+00:00,1.3858000040054321,1.3883999586105347,1.3840999603271484,1.3859000205993652,0
2026-05-02 04:00:00+00:00,1.385699987411499,1.3858000040054321,1.382699966430664,1.3846999406814575,0
2026-05-02 05:00:00+00:00,1.384600043296814,1.3849999904632568,1.382699966430664,1.3835999965667725,0
2026-05-02 06:00:00+00:00,1.3838000297546387,1.3876999616622925,1.3838000297546387,1.3871999979019165,0
2026-05-02 07:00:00+00:00,1.3874000310897827,1.388200044631958,1.38510000705719,1.3854999542236328,0
2026-05-02 08:00:00+00:00,1.38510000705719,1.385599970817566,1.3839999437332153,1.3845000267028809,0
2026-05-02 09:00:00+00:00,1.3844000101089478,1.3875000476837158,1.3838000297546387,1.3865000009536743,6997248
2026-05-02 10:00:00+00:00,1.3865000009536743,1.3876999616622925,1.385699987411499,1.3875999450683594,0
2026-05-02 11:00:00+00:00,1.3869999647140503,1.3907999992370605,1.3849999904632568,1.385599970817566,14672512
2026-05-02 12:00:00+00:00,1.385599970817566,1.3878999948501587,1.384600043296814,1.3868000507354736,0
2026-05-02 13:00:00+00:00,1.3869999647140503,1.3925000429153442,1.3867000341415405,1.3920999765396118,0
2026-05-02 14:00:00+00:00,1.3914999961853027,1.3932000398635864,1.3896000385284424,1.3919999599456787,0
2026-05-02 15:00:00+00:00,1.3919999599456787,1.3941999673843384,1.3910000324249268,1.3933000564575195,0
2026-05-02 16:00:00+00:00,1.3934999704360962,1.3947999477386475,1.3906999826431274,1.392899990081787,0
2026-05-02 17:00:00+00:00,1.392899990081787,1.3942999839782715,1.3912999629974365,1.3914999961853027,0
2026-05-02 18:00:00+00:00,1.3912999629974365,1.3935999870300293,1.3895000219345093,1.392899990081787,0
2026-05-02 19:00:00+00:00,1.392799973487854,1.3949999809265137,1.392799973487854,1.3944000005722046,0
2026-05-02 20:00:00+00:00,1.394700050354004,1.394700050354004,1.3930000066757202,1.3931000232696533,0
2026-05-02 21:00:00+00:00,1.3933000564575195,1.3997999429702759,1.3899999856948853,1.393399953842163,60944320
2026-05-02 22:00:00+00:00,1.393399953842163,1.4000999927520752,1.3918999433517456,1.3964999914169312,22938752
2026-05-02 23:00:00+00:00,1.3961000442504883,1.3968000411987305,1.3910000324249268,1.3937000036239624,50979584
2026-05-03 00:00:00+00:00,1.3940000534057617,1.3945000171661377,1.388100028038025,1.38919997215271,4857472
2026-05-03 01:00:00+00:00,1.38919997215271,1.38919997215271,1.3832999467849731,1.3839000463485718,15645696
2026-05-03 02:00:00+00:00,1.3834999799728394,1.3846999406814575,1.381600022315979,1.3833999633789062,0
2026-05-03 03:00:00+00:00,1.3830000162124634,1.3842999935150146,1.381700038909912,1.3838000297546387,1433856
2026-05-03 04:00:00+00:00,1.3834999799728394,1.3853000402450562,1.382099986076355,1.3837000131607056,2201088
2026-05-03 05:00:00+00:00,1.3835999965667725,1.3858000040054321,1.3832999467849731,1.3846999406814575,0
2026-05-03 06:00:00+00:00,1.3845000267028809,1.3854999542236328,1.382099986076355,1.384600043296814,8912640
2026-05-03 07:00:00+00:00,1.385200023651123,1.3885999917984009,1.3848999738693237,1.3860000371932983,7070208
2026-05-03 08:00:00+00:00,1.3860000371932983,1.3882999420166016,1.385599970817566,1.3878999948501587,3749888
2026-05-03 09:00:00+00:00,1.3877999782562256,1.3906999826431274,1.3870999813079834,1.38919997215271,0
2026-05-03 10:00:00+00:00,1.38919997215271,1.3898999691009521,1.3877999782562256,1.3880000114440918,0
2026-05-03 11:00:00+00:00,1.3877999782562256,1.398300051689148,1.3870999813079834,1.3948999643325806,5903104
2026-05-03 12:00:00+00:00,1.395300030708313,1.3982000350952148,1.3952000141143799,1.3961000442504883,12837376
2026-05-03 13:00:00+00:00,1.396299958229065,1.3986999988555908,1.392899990081787,1.3948999643325806,0
2026-05-03 14:00:00+00:00,1.395300030708313,1.3975000381469727,1.392799973487854,1.3968000411987305,0
2026-05-03 15:00:00+00:00,1.3968000411987305,1.3985999822616577,1.3940000534057617,1.3955999612808228,6051072
2026-05-03 16:00:00+00:00,1.3956999778747559,1.3980000019073486,1.3939000368118286,1.3941999673843384,0
2026-05-03 17:00:00+00:00,1.3941999673843384,1.3961999416351318,1.392300009727478,1.394700050354004,0
2026-05-03 18:00:00+00:00,1.3948999643325806,1.395400047302246,1.3931000232696533,1.3941999673843384,0
2026-05-03 19:00:00+00:00,1.3940999507904053,1.3974000215530396,1.393399953842163,1.3949999809265137,4359424
2026-05-03 20:00:00+00:00,1.3947999477386475,1.3992999792099,1.3920999765396118,1.3931000232696533,22821376
2026-05-03 21:00:00+00:00,1.3934999704360962,1.3960000276565552,1.3890999555587769,1.391700029373169,0
2026-05-03 22:00:00+00:00,1.3925000429153442,1.4039000272750854,1.3920999765396118,1.3976999521255493,30336256
2026-05-03 23:00:00+00:00,1.3977999687194824,1.4010000228881836,1.3867000341415405,1.3877999782562256,159104
2026-05-04 00:00:00+00:00,1.3877999782562256,1.3889000415802002,1.3830000162124634,1.3882999420166016,15489792
2026-05-04 01:00:00+00:00,1.3883999586105347,1.406000018119812,1.3837000131607056,1.4048000574111938,59160448
2026-05-04 02:00:00+00:00,1.4055999517440796,1.4148000478744507,1.4009000062942505,1.4103000164031982,201389824
2026-05-04 03:00:00+00:00,1.4103000164031982,1.4141000509262085,1.4076000452041626,1.4127000570297241,107107456
2026-05-04 04:00:00+00:00,1.4132000207901,1.4205000400543213,1.4127999544143677,1.4163000583648682,79389568
2026-05-04 05:00:00+00:00,1.4163999557495117,1.4174000024795532,1.4107999801635742,1.4113999605178833,54044544
2026-05-04 06:00:00+00:00,1.4113999605178833,1.4122999906539917,1.4018000364303589,1.4086999893188477,87278976
2026-05-04 07:00:00+00:00,1.4086999893188477,1.4140000343322754,1.4076000452041626,1.4104000329971313,31682816
2026-05-04 08:00:00+00:00,1.4101999998092651,1.4127000570297241,1.406999945640564,1.4112000465393066,23086976
2026-05-04 09:00:00+00:00,1.4110000133514404,1.4192999601364136,1.4104000329971313,1.417099952697754,44971392
2026-05-04 10:00:00+00:00,1.4174000024795532,1.4177000522613525,1.3854999542236328,1.3950999975204468,257503616
2026-05-04 11:00:00+00:00,1.3947999477386475,1.3976999521255493,1.3924000263214111,1.3939000368118286,30928512
2026-05-04 12:00:00+00:00,1.3934999704360962,1.3966000080108643,1.3924000263214111,1.3935999870300293,1933056
2026-05-04 13:00:00+00:00,1.3919999599456787,1.3990999460220337,1.388800024986267,1.3933000564575195,52717824
2026-05-04 14:00:00+00:00,1.3933000564575195,1.4134999513626099,1.388800024986267,1.408400058746338,122102528
2026-05-04 15:00:00+00:00,1.408400058746338,1.409000039100647,1.3930000066757202,1.3990999460220337,153261056
2026-05-04 16:00:00+00:00,1.3992999792099,1.4048000574111938,1.3939000368118286,1.4005999565124512,98685184
2026-05-04 17:00:00+00:00,1.4010000228881836,1.4115999937057495,1.4003000259399414,1.4084999561309814,62275072
2026-05-04 18:00:00+00:00,1.4084999561309814,1.4098999500274658,1.4019999504089355,1.4040000438690186,45223424
2026-05-04 19:00:00+00:00,1.4041999578475952,1.4041999578475952,1.3976000547409058,1.3976999521255493,27311872
2026-05-04 20:00:00+00:00,1.3971999883651733,1.3971999883651733,1.3920999765396118,1.392899990081787,5835008
2026-05-04 21:00:00+00:00,1.392899990081787,1.398800015449524,1.392899990081787,1.3971999883651733,3300096
2026-05-04 22:00:00+00:00,1.3978999853134155,1.4012000560760498,1.3942999839782715,1.3947999477386475,0
2026-05-04 23:00:00+00:00,1.3947999477386475,1.3949999809265137,1.3901000022888184,1.3914999961853027,0
2026-05-05 00:00:00+00:00,1.3914999961853027,1.395799994468689,1.3902000188827515,1.3956999778747559,0
2026-05-05 01:00:00+00:00,1.3954999446868896,1.398300051689148,1.3937000036239624,1.3969999551773071,0
2026-05-05 02:00:00+00:00,1.3969999551773071,1.4047000408172607,1.396399974822998,1.4005999565124512,0
2026-05-05 03:00:00+00:00,1.4011000394821167,1.409500002861023,1.3990000486373901,1.405500054359436,0
2026-05-05 04:00:00+00:00,1.4057999849319458,1.4067000150680542,1.4005999565124512,1.4016000032424927,0
2026-05-05 05:00:00+00:00,1.4012999534606934,1.406499981880188,1.3997999429702759,1.4017000198364258,11807744
2026-05-05 06:00:00+00:00,1.401900053024292,1.407099962234497,1.4007999897003174,1.406999945640564,0
2026-05-05 07:00:00+00:00,1.406999945640564,1.4098000526428223,1.4020999670028687,1.4069000482559204,21534720
2026-05-05 08:00:00+00:00,1.406599998474121,1.40910005569458,1.406000018119812,1.4069000482559204,11385600
2026-05-05 09:00:00+00:00,1.407099962234497,1.4072999954223633,1.401900053024292,1.40339994430542,0
2026-05-05 10:00:00+00:00,1.4033000469207764,1.4076999425888062,1.402400016784668,1.406599998474121,0
2026-05-05 11:00:00+00:00,1.4063999652862549,1.4089000225067139,1.4018000364303589,1.4079999923706055,0
2026-05-05 12:00:00+00:00,1.4077999591827393,1.4142999649047852,1.406599998474121,1.4129999876022339,28927872
2026-05-05 13:00:00+00:00,1.4127999544143677,1.4206000566482544,1.4108999967575073,1.4134000539779663,94660480
2026-05-05 14:00:00+00:00,1.413100004196167,1.413699984550476,1.4046000242233276,1.4108999967575073,0
2026-05-05 15:00:00+00:00,1.4106999635696411,1.416100025177002,1.4101999998092651,1.4119000434875488,0
2026-05-05 16:00:00+00:00,1.412500023841858,1.4151999950408936,1.4047000408172607,1.4079999923706055,0
2026-05-05 17:00:00+00:00,1.4079999923706055,1.409500002861023,1.4049999713897705,1.4082000255584717,0
2026-05-05 18:00:00+00:00,1.4082000255584717,1.4127999544143677,1.4079999923706055,1.409999966621399,0
2026-05-05 19:00:00+00:00,1.410099983215332,1.4134000539779663,1.4085999727249146,1.413100004196167,0
2026-05-05 20:00:00+00:00,1.4134999513626099,1.4179999828338623,1.4124000072479248,1.416700005531311,33362816
2026-05-05 21:00:00+00:00,1.4168000221252441,1.4217000007629395,1.4127999544143677,1.4158999919891357,59982336
2026-05-05 22:00:00+00:00,1.4164999723434448,1.4214999675750732,1.4103000164031982,1.4155000448226929,70067584
2026-05-05 23:00:00+00:00,1.4151999950408936,1.4178999662399292,1.4093999862670898,1.4127999544143677,19081472
2026-05-06 00:00:00+00:00,1.412600040435791,1.4150999784469604,1.4076000452041626,1.4107999801635742,34679552
2026-05-06 01:00:00+00:00,1.4107999801635742,1.4193999767303467,1.4098999500274658,1.4179999828338623,21301120
2026-05-06 02:00:00+00:00,1.4180999994277954,1.4180999994277954,1.4103000164031982,1.4163999557495117,0
2026-05-06 03:00:00+00:00,1.416200041770935,1.4240000247955322,1.416200041770935,1.4220000505447388,21610624
2026-05-06 04:00:00+00:00,1.4221999645233154,1.4248000383377075,1.4175000190734863,1.419600009918213,34335104
2026-05-06 05:00:00+00:00,1.4198999404907227,1.422700047492981,1.414199948310852,1.4221999645233154,29707776
2026-05-06 06:00:00+00:00,1.4222999811172485,1.4270999431610107,1.4208999872207642,1.4257999658584595,40677888
2026-05-06 07:00:00+00:00,1.4259999990463257,1.4354000091552734,1.4244999885559082,1.4313000440597534,70851072
2026-05-06 08:00:00+00:00,1.430899977684021,1.4429999589920044,1.4299999475479126,1.4429999589920044,75233024
2026-05-06 09:00:00+00:00,1.4431999921798706,1.4503999948501587,1.4385000467300415,1.4488999843597412,109945856
2026-05-06 10:00:00+00:00,1.4493000507354736,1.4538999795913696,1.4466999769210815,1.4510999917984009,118005760
2026-05-06 11:00:00+00:00,1.450600028038025,1.4571000337600708,1.4495999813079834,1.4509999752044678,113773568
2026-05-06 12:00:00+00:00,1.4508999586105347,1.4519000053405762,1.4448000192642212,1.4450000524520874,47986176
2026-05-06 13:00:00+00:00,1.4444999694824219,1.4444999694824219,1.4190000295639038,1.422700047492981,144312320
2026-05-06 14:00:00+00:00,1.4225000143051147,1.4297000169754028,1.4134000539779663,1.4234999418258667,77325568
2026-05-06 15:00:00+00:00,1.423699975013733,1.4319000244140625,1.4218000173568726,1.430299997329712,34765312
2026-05-06 16:00:00+00:00,1.4301999807357788,1.4342000484466553,1.4239000082015991,1.4291000366210938,20927232
2026-05-06 17:00:00+00:00,1.4293999671936035,1.430899977684021,1.424399971961975,1.4259999990463257,7646720
2026-05-06 18:00:00+00:00,1.4261000156402588,1.427299976348877,1.4214999675750732,1.4227999448776245,0
2026-05-06 19:00:00+00:00,1.4226000308990479,1.4290000200271606,1.4226000308990479,1.4283000230789185,22282496
2026-05-06 20:00:00+00:00,1.4283000230789185,1.4292000532150269,1.4213999509811401,1.4246000051498413,0
2026-05-06 21:00:00+00:00,1.4247000217437744,1.4285999536514282,1.4220000505447388,1.4266999959945679,0
2026-05-06 22:00:00+00:00,1.4270000457763672,1.4270000457763672,1.4220000505447388,1.4220999479293823,0
2026-05-06 23:00:00+00:00,1.4220000505447388,1.4253000020980835,1.4168000221252441,1.4249000549316406,2437632
2026-05-07 00:00:00+00:00,1.4248000383377075,1.4257999658584595,1.417199969291687,1.4182000160217285,0
2026-05-07 01:00:00+00:00,1.4179999828338623,1.4190000295639038,1.4129999876022339,1.4154000282287598,37921792
2026-05-07 02:00:00+00:00,1.4155000448226929,1.4158999919891357,1.410099983215332,1.4120999574661255,20157184
2026-05-07 03:00:00+00:00,1.4114999771118164,1.4119999408721924,1.4040000438690186,1.4052000045776367,16813056
2026-05-07 04:00:00+00:00,1.4052000045776367,1.409999966621399,1.4042999744415283,1.4076999425888062,0
2026-05-07 05:00:00+00:00,1.4076999425888062,1.4141000509262085,1.4071999788284302,1.4110000133514404,0
2026-05-07 06:00:00+00:00,1.4106999635696411,1.4163999557495117,1.4049999713897705,1.4158999919891357,0
2026-05-07 07:00:00+00:00,1.4158999919891357,1.4214999675750732,1.4148000478744507,1.4198999404907227,0
2026-05-07 08:00:00+00:00,1.4198999404907227,1.4211000204086304,1.4156999588012695,1.4158999919891357,0
2026-05-07 09:00:00+00:00,1.416200041770935,1.4163000583648682,1.4105000495910645,1.4115999937057495,0
2026-05-07 10:00:00+00:00,1.4112999439239502,1.413599967956543,1.4069000482559204,1.410099983215332,0
2026-05-07 11:00:00+00:00,1.4106999635696411,1.4134000539779663,1.4085999727249146,1.4098000526428223,0
2026-05-07 12:00:00+00:00,1.4093999862670898,1.4150999784469604,1.4092999696731567,1.4147000312805176,0
2026-05-07 13:00:00+00:00,1.4143999814987183,1.4143999814987183,1.3971999883651733,1.4016000032424927,0
2026-05-07 14:00:00+00:00,1.4018000364303589,1.4039000272750854,1.3914999961853027,1.3933000564575195,0
2026-05-07 15:00:00+00:00,1.3932000398635864,1.3947999477386475,1.3847999572753906,1.3904999494552612,36899968
2026-05-07 16:00:00+00:00,1.3903000354766846,1.3926000595092773,1.3868000507354736,1.388800024986267,0
2026-05-07 17:00:00+00:00,1.3890999555587769,1.3926000595092773,1.3847999572753906,1.391700029373169,15107200
2026-05-07 18:00:00+00:00,1.3914999961853027,1.3964999914169312,1.3890000581741333,1.3924000263214111,12421888
2026-05-07 19:00:00+00:00,1.392300009727478,1.3924000263214111,1.3854999542236328,1.3858000040054321,0
2026-05-07 20:00:00+00:00,1.3860000371932983,1.392899990081787,1.381100058555603,1.3819999694824219,5345280
2026-05-07 21:00:00+00:00,1.382599949836731,1.3868000507354736,1.3801000118255615,1.3837000131607056,27369344
2026-05-07 22:00:00+00:00,1.3835999965667725,1.3866000175476074,1.3802000284194946,1.3846999406814575,0
2026-05-07 23:00:00+00:00,1.384600043296814,1.3875999450683594,1.3839999437332153,1.3868999481201172,0
2026-05-08 00:00:00+00:00,1.3871999979019165,1.3894000053405762,1.3839999437332153,1.3854999542236328,0
2026-05-08 01:00:00+00:00,1.386199951171875,1.3868000507354736,1.382699966430664,1.382699966430664,0
2026-05-08 03:00:00+00:00,1.3815306425094604,1.386269211769104,1.3811041116714478,1.3854035139083862,195682048
2026-05-08 04:00:00+00:00,1.385424017906189,1.3864073753356934,1.3841851949691772,1.3855819702148438,0
2026-05-08 05:00:00+00:00,1.3855395317077637,1.3867863416671753,1.3847135305404663,1.3847919702529907,0
2026-05-08 06:00:00+00:00,1.3845924139022827,1.3845924139022827,1.3783600330352783,1.3807201385498047,44871936
2026-05-08 07:00:00+00:00,1.3807768821716309,1.3837323188781738,1.379573941230774,1.3836015462875366,0
2026-05-08 08:00:00+00:00,1.3836498260498047,1.3892898559570312,1.382851243019104,1.3891441822052002,7783040
2026-05-08 09:00:00+00:00,1.3890094757080078,1.3906872272491455,1.386202335357666,1.386202335357666,0
2026-05-08 10:00:00+00:00,1.3862859010696411,1.3905776739120483,1.3853964805603027,1.3905776739120483,0
2026-05-08 11:00:00+00:00,1.3903069496154785,1.3916258811950684,1.3895107507705688,1.3910949230194092,1538688
2026-05-08 12:00:00+00:00,1.391323208808899,1.3940000534057617,1.3863999843597412,1.3875000476837158,0
2026-05-08 13:00:00+00:00,1.3875000476837158,1.3883999586105347,1.3837000131607056,1.3866000175476074,0
2026-05-08 14:00:00+00:00,1.3871999979019165,1.396299958229065,1.3871999979019165,1.392899990081787,0
2026-05-08 15:00:00+00:00,1.392799973487854,1.3981000185012817,1.3854000568389893,1.3970999717712402,0
2026-05-08 16:00:00+00:00,1.3973000049591064,1.3973000049591064,1.3924000263214111,1.3941999673843384,0
2026-05-08 17:00:00+00:00,1.3941999673843384,1.410599946975708,1.3940999507904053,1.4085999727249146,15758208
2026-05-08 18:00:00+00:00,1.4110000133514404,1.4246000051498413,1.4101999998092651,1.4194999933242798,53449600
2026-05-08 19:00:00+00:00,1.419100046157837,1.4271999597549438,1.4179999828338623,1.4204000234603882,25874816
2026-05-08 20:00:00+00:00,1.4182000160217285,1.4182000160217285,1.4110000133514404,1.4119999408721924,14874880
2026-05-08 21:00:00+00:00,1.4124000072479248,1.4217000007629395,1.4119000434875488,1.4217000007629395,0
2026-05-08 22:00:00+00:00,1.4215999841690063,1.4235999584197998,1.417799949645996,1.4185999631881714,397824
2026-05-08 23:00:00+00:00,1.4184999465942383,1.419100046157837,1.4155000448226929,1.4180999994277954,0
2026-05-09 00:00:00+00:00,1.4180999994277954,1.4251999855041504,1.4178999662399292,1.4248000383377075,162944
2026-05-09 01:00:00+00:00,1.4247000217437744,1.434999942779541,1.4247000217437744,1.4326000213623047,69299968
2026-05-09 02:00:00+00:00,1.4326000213623047,1.434399962425232,1.427899956703186,1.430999994277954,15384960
2026-05-09 03:00:00+00:00,1.430799961090088,1.4326000213623047,1.426900029182434,1.4290000200271606,12522880
2026-05-09 04:00:00+00:00,1.4290000200271606,1.434499979019165,1.4270999431610107,1.4282000064849854,20183424
2026-05-09 05:00:00+00:00,1.4282000064849854,1.4313000440597534,1.4253000020980835,1.4266999959945679,30599040
2026-05-09 06:00:00+00:00,1.4266999959945679,1.4275000095367432,1.4229999780654907,1.4257999658584595,0
2026-05-09 07:00:00+00:00,1.4258999824523926,1.4277000427246094,1.4225000143051147,1.423699975013733,37932672
2026-05-09 08:00:00+00:00,1.4234000444412231,1.4256000518798828,1.4234000444412231,1.4244999885559082,0
2026-05-09 09:00:00+00:00,1.424399971961975,1.4255000352859497,1.4186999797821045,1.4194999933242798,0
2026-05-09 10:00:00+00:00,1.4193999767303467,1.4227999448776245,1.4172999858856201,1.4212000370025635,0
2026-05-09 11:00:00+00:00,1.4208999872207642,1.4228999614715576,1.4204000234603882,1.4220999479293823,0
2026-05-09 12:00:00+00:00,1.4220999479293823,1.422700047492981,1.4192999601364136,1.4206000566482544,0
2026-05-09 13:00:00+00:00,1.4206000566482544,1.420699954032898,1.4169000387191772,1.4199999570846558,0
2026-05-09 14:00:00+00:00,1.4199999570846558,1.4210000038146973,1.4149999618530273,1.4155000448226929,0
2026-05-09 15:00:00+00:00,1.4153000116348267,1.416200041770935,1.4119000434875488,1.414199948310852,0
2026-05-09 16:00:00+00:00,1.4144999980926514,1.419800043106079,1.4112000465393066,1.417199969291687,1970048
2026-05-09 17:00:00+00:00,1.4175000190734863,1.4234999418258667,1.417199969291687,1.4211000204086304,0
2026-05-09 18:00:00+00:00,1.4213999509811401,1.4248000383377075,1.4210000038146973,1.4221999645233154,0
2026-05-09 19:00:00+00:00,1.4225000143051147,1.4240000247955322,1.4212000370025635,1.4239000082015991,0
2026-05-09 20:00:00+00:00,1.4239000082015991,1.4241000413894653,1.4204000234603882,1.4213999509811401,0
2026-05-09 21:00:00+00:00,1.4212000370025635,1.4234000444412231,1.4208999872207642,1.4222999811172485,0
2026-05-09 22:00:00+00:00,1.4222999811172485,1.4249000549316406,1.4210000038146973,1.4230999946594238,0
2026-05-09 23:00:00+00:00,1.423200011253357,1.4249999523162842,1.419100046157837,1.4204000234603882,0
2026-05-10 00:00:00+00:00,1.4199999570846558,1.4225000143051147,1.4157999753952026,1.416700005531311,0
2026-05-10 01:00:00+00:00,1.416599988937378,1.416599988937378,1.4115999937057495,1.4147000312805176,0
2026-05-10 02:00:00+00:00,1.4146000146865845,1.4218000173568726,1.4133000373840332,1.4169000387191772,0
2026-05-10 03:00:00+00:00,1.4170000553131104,1.4193999767303467,1.4143999814987183,1.416700005531311,3985408
2026-05-10 04:00:00+00:00,1.4169000387191772,1.4190000295639038,1.4153000116348267,1.4178999662399292,0
2026-05-10 05:00:00+00:00,1.4177000522613525,1.419700026512146,1.416200041770935,1.4178999662399292,0
2026-05-10 06:00:00+00:00,1.4179999828338623,1.4184999465942383,1.4155999422073364,1.4184999465942383,0
2026-05-10 07:00:00+00:00,1.4186999797821045,1.4213999509811401,1.4172999858856201,1.4198999404907227,0
2026-05-10 08:00:00+00:00,1.419800043106079,1.426800012588501,1.419100046157837,1.426800012588501,3286016
2026-05-10 09:00:00+00:00,1.426900029182434,1.4285000562667847,1.42330002784729,1.4280999898910522,11159040
2026-05-10 10:00:00+00:00,1.4282000064849854,1.430400013923645,1.4242000579833984,1.427299976348877,33615104
2026-05-10 11:00:00+00:00,1.427299976348877,1.427299976348877,1.4183000326156616,1.4229999780654907,41701888
2026-05-10 12:00:00+00:00,1.4229999780654907,1.4240000247955322,1.4211000204086304,1.4240000247955322,0
2026-05-10 13:00:00+00:00,1.4239000082015991,1.4337999820709229,1.4228999614715576,1.4321000576019287,16454016
2026-05-10 14:00:00+00:00,1.4321000576019287,1.437000036239624,1.4291000366210938,1.4348000288009644,35403776
2026-05-10 15:00:00+00:00,1.4349000453948975,1.4449000358581543,1.43340003490448,1.4443000555038452,58064256
2026-05-10 16:00:00+00:00,1.4443999528884888,1.4781999588012695,1.4427000284194946,1.4718999862670898,291001984
2026-05-10 17:00:00+00:00,1.4717999696731567,1.5068000555038452,1.4717999696731567,1.5042999982833862,322137728
2026-05-10 18:00:00+00:00,1.5039000511169434,1.5056999921798706,1.4847999811172485,1.4859000444412231,249265536
2026-05-10 19:00:00+00:00,1.485200047492981,1.4905999898910522,1.4752999544143677,1.4866000413894653,156213760
2026-05-10 20:00:00+00:00,1.4867000579833984,1.4895000457763672,1.4390000104904175,1.4496999979019165,251286528
2026-05-10 21:00:00+00:00,1.4498000144958496,1.4641000032424927,1.4443000555038452,1.4541000127792358,171439104
2026-05-10 22:00:00+00:00,1.4530999660491943,1.4747999906539917,1.4530999660491943,1.4739999771118164,185030656
2026-05-10 23:00:00+00:00,1.4742000102996826,1.4771000146865845,1.4700000286102295,1.4733999967575073,116684032
2026-05-11 00:00:00+00:00,1.4736000299453735,1.4780000448226929,1.4524999856948853,1.458400011062622,122477568
2026-05-11 01:00:00+00:00,1.4579999446868896,1.4687999486923218,1.4529000520706177,1.4605000019073486,103991808
2026-05-11 02:00:00+00:00,1.460800051689148,1.462499976158142,1.4496999979019165,1.4539999961853027,43999232
2026-05-11 03:00:00+00:00,1.4539999961853027,1.4539999961853027,1.4399000406265259,1.448699951171875,86906880
2026-05-11 04:00:00+00:00,1.448099970817566,1.4563000202178955,1.4450000524520874,1.448099970817566,79896832
2026-05-11 05:00:00+00:00,1.4479999542236328,1.4560999870300293,1.447700023651123,1.4550000429153442,57162752
2026-05-11 06:00:00+00:00,1.4550000429153442,1.458799958229065,1.450600028038025,1.4531999826431274,34177536
2026-05-11 07:00:00+00:00,1.4531999826431274,1.4531999826431274,1.4423999786376953,1.448799967765808,83905536
2026-05-11 08:00:00+00:00,1.4493000507354736,1.4507999420166016,1.4419000148773193,1.4458999633789062,45027328
2026-05-11 09:00:00+00:00,1.4457999467849731,1.4539999961853027,1.4456000328063965,1.4514000415802002,0
2026-05-11 10:00:00+00:00,1.450700044631958,1.454200029373169,1.4493000507354736,1.4508999586105347,0
2026-05-11 11:00:00+00:00,1.4509999752044678,1.457900047302246,1.448099970817566,1.457800030708313,0
2026-05-11 12:00:00+00:00,1.4579999446868896,1.4637000560760498,1.4543999433517456,1.4579999446868896,66473472
2026-05-11 13:00:00+00:00,1.458299994468689,1.464900016784668,1.4527000188827515,1.4595999717712402,37801216
2026-05-11 14:00:00+00:00,1.4598000049591064,1.4722000360488892,1.4567999839782715,1.4709999561309814,84838400
2026-05-11 15:00:00+00:00,1.4709999561309814,1.4881000518798828,1.4666999578475952,1.4845999479293823,139181312
2026-05-11 16:00:00+00:00,1.4845000505447388,1.4866000413894653,1.4714000225067139,1.4738999605178833,0
2026-05-11 17:00:00+00:00,1.4746999740600586,1.4807000160217285,1.4664000272750854,1.4799000024795532,0
2026-05-11 18:00:00+00:00,1.479599952697754,1.4809999465942383,1.4701000452041626,1.4701999425888062,0
2026-05-11 19:00:00+00:00,1.4702999591827393,1.4807000160217285,1.4670000076293945,1.4788999557495117,0
2026-05-11 20:00:00+00:00,1.479099988937378,1.482699990272522,1.4723999500274658,1.4732999801635742,0
2026-05-11 21:00:00+00:00,1.4732999801635742,1.4747999906539917,1.4692000150680542,1.4699000120162964,0
2026-05-11 22:00:00+00:00,1.4700000286102295,1.4769999980926514,1.468400001525879,1.475100040435791,0
2026-05-11 23:00:00+00:00,1.4747999906539917,1.4800000190734863,1.4709999561309814,1.4775999784469604,0
2026-05-12 00:00:00+00:00,1.4767999649047852,1.4845999479293823,1.4758000373840332,1.479699969291687,0
2026-05-12 01:00:00+00:00,1.479599952697754,1.4819999933242798,1.4565000534057617,1.4671000242233276,0
2026-05-12 02:00:00+00:00,1.4668999910354614,1.4707000255584717,1.4602999687194824,1.464400053024292,0
2026-05-12 03:00:00+00:00,1.4638999700546265,1.4652999639511108,1.458299994468689,1.4596999883651733,0
2026-05-12 04:00:00+00:00,1.4593000411987305,1.4661999940872192,1.4574999809265137,1.462499976158142,0
2026-05-12 05:00:00+00:00,1.4622999429702759,1.4687000513076782,1.4600000381469727,1.4616999626159668,0
2026-05-12 06:00:00+00:00,1.4610999822616577,1.466599941253662,1.455199956893921,1.4581999778747559,9602304
2026-05-12 07:00:00+00:00,1.458299994468689,1.464900016784668,1.454300045967102,1.462499976158142,0
2026-05-12 08:00:00+00:00,1.462499976158142,1.4707000255584717,1.4595999717712402,1.465000033378601,13947136
2026-05-12 09:00:00+00:00,1.4646999835968018,1.4648000001907349,1.4544999599456787,1.455399990081787,31688192
2026-05-12 10:00:00+00:00,1.455299973487854,1.457800030708313,1.4470000267028809,1.4492000341415405,29057280
2026-05-12 11:00:00+00:00,1.4494999647140503,1.4503999948501587,1.4438999891281128,1.448699951171875,33122304
2026-05-12 12:00:00+00:00,1.4486000537872314,1.455399990081787,1.4464000463485718,1.4502999782562256,7037952
2026-05-12 13:00:00+00:00,1.4502999782562256,1.4521000385284424,1.432800054550171,1.434000015258789,0
2026-05-12 14:00:00+00:00,1.434000015258789,1.4402999877929688,1.4244999885559082,1.4279999732971191,48347136
2026-05-12 15:00:00+00:00,1.4270999431610107,1.430899977684021,1.4183000326156616,1.423799991607666,0
2026-05-12 16:00:00+00:00,1.4240000247955322,1.4287999868392944,1.4198999404907227,1.4221999645233154,0
2026-05-12 17:00:00+00:00,1.4228999614715576,1.4348000288009644,1.4220999479293823,1.4336999654769897,0
2026-05-12 18:00:00+00:00,1.4342000484466553,1.4378000497817993,1.43149995803833,1.4361000061035156,0
2026-05-12 19:00:00+00:00,1.4363000392913818,1.4427000284194946,1.4362000226974487,1.4408999681472778,0
2026-05-12 20:00:00+00:00,1.440999984741211,1.4428000450134277,1.438599944114685,1.4407000541687012,0
2026-05-12 21:00:00+00:00,1.4407999515533447,1.441100001335144,1.4378000497817993,1.4407000541687012,0
2026-05-12 22:00:00+00:00,1.441100001335144,1.444000005722046,1.4394999742507935,1.4395999908447266,0
2026-05-12 23:00:00+00:00,1.4394999742507935,1.4407000541687012,1.4345999956130981,1.436900019645691,0
2026-05-13 00:00:00+00:00,1.4365999698638916,1.440000057220459,1.4347000122070312,1.4392999410629272,0
2026-05-13 01:00:00+00:00,1.4392999410629272,1.451300024986267,1.4388999938964844,1.4485000371932983,0
2026-05-13 02:00:00+00:00,1.4486000537872314,1.4529000520706177,1.4467999935150146,1.448199987411499,0
2026-05-13 03:00:00+00:00,1.4479999542236328,1.4528000354766846,1.4469000101089478,1.4520000219345093,0
2026-05-13 04:00:00+00:00,1.4520000219345093,1.4632999897003174,1.4495999813079834,1.4622000455856323,31240704
2026-05-13 05:00:00+00:00,1.4622000455856323,1.4646999835968018,1.4539999961853027,1.454200029373169,9186048
2026-05-13 06:00:00+00:00,1.454200029373169,1.4607000350952148,1.4524999856948853,1.454300045967102,14667776
2026-05-13 07:00:00+00:00,1.454300045967102,1.4639999866485596,1.454300045967102,1.4621000289916992,3562240
2026-05-13 08:00:00+00:00,1.4622999429702759,1.4652999639511108,1.458400011062622,1.462499976158142,0
2026-05-13 09:00:00+00:00,1.462499976158142,1.468999981880188,1.4621000289916992,1.4681999683380127,0
2026-05-13 10:00:00+00:00,1.4680999517440796,1.469099998474121,1.4560999870300293,1.4575999975204468,0
2026-05-13 11:00:00+00:00,1.4577000141143799,1.4594000577926636,1.4471999406814575,1.448199987411499,8924672
2026-05-13 12:00:00+00:00,1.4479999542236328,1.4493000507354736,1.4257999658584595,1.4332000017166138,61647616
2026-05-13 13:00:00+00:00,1.4333000183105469,1.4387999773025513,1.4228999614715576,1.4266999959945679,44141312
2026-05-13 14:00:00+00:00,1.4253000020980835,1.4306000471115112,1.4214999675750732,1.4284000396728516,0
2026-05-13 15:00:00+00:00,1.4282000064849854,1.4318000078201294,1.4113999605178833,1.412600040435791,0
2026-05-13 16:00:00+00:00,1.4127000570297241,1.4240000247955322,1.4119999408721924,1.4227999448776245,65040128
2026-05-13 17:00:00+00:00,1.423699975013733,1.430299997329712,1.423699975013733,1.4290000200271606,1889024
2026-05-13 18:00:00+00:00,1.4291000366210938,1.433500051498413,1.4259999990463257,1.4259999990463257,21358336
2026-05-13 19:00:00+00:00,1.4259999990463257,1.4264999628067017,1.4168000221252441,1.4184000492095947,0
2026-05-13 20:00:00+00:00,1.4187999963760376,1.4255000352859497,1.4184999465942383,1.4249000549316406,0
2026-05-13 21:00:00+00:00,1.4255000352859497,1.4255000352859497,1.4164999723434448,1.4180999994277954,10275840
2026-05-13 22:00:00+00:00,1.4183000326156616,1.423699975013733,1.4150999784469604,1.4225000143051147,36936960
2026-05-13 23:00:00+00:00,1.4230999946594238,1.427299976348877,1.4206000566482544,1.426800012588501,19737600
2026-05-14 00:00:00+00:00,1.4265999794006348,1.4330999851226807,1.4265999794006348,1.4313000440597534,46579968
2026-05-14 01:00:00+00:00,1.430999994277954,1.434399962425232,1.4258999824523926,1.4320000410079956,5726976
2026-05-14 02:00:00+00:00,1.4319000244140625,1.4335999488830566,1.4228999614715576,1.4254000186920166,0
2026-05-14 03:00:00+00:00,1.4255000352859497,1.429800033569336,1.4204000234603882,1.4220000505447388,26117120
2026-05-14 04:00:00+00:00,1.4220999479293823,1.431399941444397,1.4206000566482544,1.4300999641418457,0
2026-05-14 05:00:00+00:00,1.429900050163269,1.4390000104904175,1.4289000034332275,1.4354000091552734,0
2026-05-14 06:00:00+00:00,1.4352999925613403,1.4358999729156494,1.4270000457763672,1.4337999820709229,0
2026-05-14 07:00:00+00:00,1.4336999654769897,1.4359999895095825,1.429800033569336,1.4318000078201294,9908224
2026-05-14 08:00:00+00:00,1.4319000244140625,1.436400055885315,1.4290000200271606,1.4342999458312988,0
2026-05-14 09:00:00+00:00,1.434399962425232,1.4355000257492065,1.426800012588501,1.4289000034332275,0
2026-05-14 10:00:00+00:00,1.4285999536514282,1.436900019645691,1.4277000427246094,1.4363000392913818,0
2026-05-14 11:00:00+00:00,1.4361000061035156,1.4386999607086182,1.4313000440597534,1.4320000410079956,0
2026-05-14 12:00:00+00:00,1.4319000244140625,1.451300024986267,1.431399941444397,1.447700023651123,0
2026-05-14 13:00:00+00:00,1.4493000507354736,1.4591000080108643,1.441499948501587,1.4417999982833862,14385408
2026-05-14 14:00:00+00:00,1.441100001335144,1.4738999605178833,1.4384000301361084,1.470900058746338,102767872
2026-05-14 15:00:00+00:00,1.4707000255584717,1.4738999605178833,1.4620000123977661,1.472599983215332,86495232
2026-05-14 16:00:00+00:00,1.4730000495910645,1.4807000160217285,1.4644999504089355,1.4807000160217285,20845568
2026-05-14 17:00:00+00:00,1.4801000356674194,1.4996000528335571,1.472100019454956,1.4914000034332275,282209280
2026-05-14 18:00:00+00:00,1.4917999505996704,1.5444999933242798,1.4867000579833984,1.5361000299453735,492096768
2026-05-14 19:00:00+00:00,1.5362000465393066,1.5499999523162842,1.5109000205993652,1.5161999464035034,410102272
2026-05-14 20:00:00+00:00,1.516800045967102,1.516800045967102,1.496899962425232,1.5080000162124634,254213120
2026-05-14 21:00:00+00:00,1.5103000402450562,1.5109000205993652,1.4937000274658203,1.4975999593734741,83323648
2026-05-14 22:00:00+00:00,1.4972000122070312,1.5053999423980713,1.4938000440597534,1.500599980354309,27085568
2026-05-14 23:00:00+00:00,1.4993000030517578,1.499899983406067,1.482800006866455,1.4852999448776245,10976000
2026-05-15 00:00:00+00:00,1.4851000308990479,1.499899983406067,1.4846999645233154,1.4952000379562378,4781056
2026-05-15 01:00:00+00:00,1.4954999685287476,1.499400019645691,1.4838999509811401,1.4843000173568726,13245184
2026-05-15 02:00:00+00:00,1.4844000339508057,1.4915000200271606,1.4759000539779663,1.4904999732971191,71504384
2026-05-15 03:00:00+00:00,1.48989999294281,1.4922000169754028,1.483299970626831,1.4889999628067017,4528128
2026-05-15 04:00:00+00:00,1.4889999628067017,1.4900000095367432,1.4726999998092651,1.473099946975708,17256960
2026-05-15 05:00:00+00:00,1.4731999635696411,1.4746999740600586,1.4531999826431274,1.4602999687194824,150855936
2026-05-15 06:00:00+00:00,1.4605000019073486,1.472100019454956,1.4586000442504883,1.468400001525879,51801856
2026-05-15 07:00:00+00:00,1.468500018119812,1.472599983215332,1.465499997138977,1.4694000482559204,19113472
2026-05-15 08:00:00+00:00,1.4693000316619873,1.4718999862670898,1.461300015449524,1.4707000255584717,57253376
2026-05-15 09:00:00+00:00,1.470900058746338,1.472599983215332,1.461400032043457,1.4645999670028687,39626752
2026-05-15 10:00:00+00:00,1.4643000364303589,1.4768999814987183,1.4632999897003174,1.4747999906539917,32676352
2026-05-15 11:00:00+00:00,1.4746999740600586,1.4754999876022339,1.466599941253662,1.468000054359436,0
2026-05-15 12:00:00+00:00,1.468000054359436,1.469099998474121,1.4585000276565552,1.4595999717712402,0
2026-05-15 13:00:00+00:00,1.458899974822998,1.458899974822998,1.429800033569336,1.431399941444397,96230400
2026-05-15 14:00:00+00:00,1.4315999746322632,1.440600037574768,1.4270000457763672,1.4390000104904175,604672
2026-05-15 15:00:00+00:00,1.4398000240325928,1.4401999711990356,1.4296000003814697,1.4348000288009644,0
2026-05-15 16:00:00+00:00,1.4349000453948975,1.4469000101089478,1.4335999488830566,1.4462000131607056,0
2026-05-15 17:00:00+00:00,1.4458999633789062,1.4500999450683594,1.4453999996185303,1.4463000297546387,0
2026-05-15 18:00:00+00:00,1.4462000131607056,1.448799967765808,1.4390000104904175,1.4400999546051025,0
2026-05-15 19:00:00+00:00,1.4400999546051025,1.4400999546051025,1.4315999746322632,1.433899998664856,0
2026-05-15 20:00:00+00:00,1.434499979019165,1.436400055885315,1.43149995803833,1.434499979019165,0
2026-05-15 21:00:00+00:00,1.434499979019165,1.4364999532699585,1.4292999505996704,1.4294999837875366,0
2026-05-15 22:00:00+00:00,1.4293999671936035,1.434000015258789,1.4292999505996704,1.4329999685287476,0
2026-05-15 23:00:00+00:00,1.4328999519348145,1.4350999593734741,1.4316999912261963,1.433500051498413,0
2026-05-16 00:00:00+00:00,1.4333000183105469,1.4372999668121338,1.4318000078201294,1.4333000183105469,0
2026-05-16 01:00:00+00:00,1.43340003490448,1.4378999471664429,1.4312000274658203,1.4364999532699585,0
2026-05-16 02:00:00+00:00,1.436900019645691,1.438599944114685,1.4342000484466553,1.4357999563217163,0
2026-05-16 03:00:00+00:00,1.4359999895095825,1.4378999471664429,1.4327000379562378,1.4349000453948975,0
2026-05-16 04:00:00+00:00,1.4345999956130981,1.4357999563217163,1.4178999662399292,1.4250999689102173,41945856
2026-05-16 05:00:00+00:00,1.4249000549316406,1.4285000562667847,1.4206000566482544,1.424399971961975,0
2026-05-16 06:00:00+00:00,1.424399971961975,1.4256999492645264,1.413100004196167,1.419100046157837,0
2026-05-16 07:00:00+00:00,1.4190000295639038,1.4191999435424805,1.4042999744415283,1.4163000583648682,31144704
2026-05-16 08:00:00+00:00,1.4157999753952026,1.4176000356674194,1.4140000343322754,1.4144999980926514,0
2026-05-16 09:00:00+00:00,1.4144999980926514,1.4151999950408936,1.4010000228881836,1.4016000032424927,2691584
2026-05-16 10:00:00+00:00,1.4013999700546265,1.4082000255584717,1.395799994468689,1.406499981880188,74584064
2026-05-16 11:00:00+00:00,1.407099962234497,1.4128999710083008,1.4062000513076782,1.4104000329971313,13703680
2026-05-16 12:00:00+00:00,1.4103000164031982,1.4127000570297241,1.4076999425888062,1.409999966621399,0
2026-05-16 13:00:00+00:00,1.4098000526428223,1.4148000478744507,1.4072999954223633,1.4111000299453735,0
2026-05-16 14:00:00+00:00,1.4115999937057495,1.4124000072479248,1.4056999683380127,1.40910005569458,0
2026-05-16 15:00:00+00:00,1.4091999530792236,1.4143999814987183,1.4091999530792236,1.414199948310852,0
2026-05-16 16:00:00+00:00,1.4139000177383423,1.4191999435424805,1.413100004196167,1.4163000583648682,0
2026-05-16 17:00:00+00:00,1.4163000583648682,1.4186999797821045,1.4148000478744507,1.416599988937378,0
2026-05-16 18:00:00+00:00,1.4163999557495117,1.4174000024795532,1.4133000373840332,1.4153000116348267,0
2026-05-16 19:00:00+00:00,1.4154000282287598,1.4172999858856201,1.4143999814987183,1.4158999919891357,0
2026-05-16 20:00:00+00:00,1.4163000583648682,1.4185999631881714,1.4147000312805176,1.4154000282287598,0
2026-05-16 21:00:00+00:00,1.4155000448226929,1.416100025177002,1.4134000539779663,1.4147000312805176,0
2026-05-16 22:00:00+00:00,1.4141000509262085,1.4150999784469604,1.4117000102996826,1.4133000373840332,0
2026-05-16 23:00:00+00:00,1.4133000373840332,1.4155000448226929,1.4127999544143677,1.4132000207901,0
2026-05-17 00:00:00+00:00,1.4133000373840332,1.417099952697754,1.4089000225067139,1.4110000133514404,0
2026-05-17 01:00:00+00:00,1.4112000465393066,1.413699984550476,1.40339994430542,1.40339994430542,26748672
2026-05-17 02:00:00+00:00,1.4033000469207764,1.4101999998092651,1.4020999670028687,1.406499981880188,39031808
2026-05-17 03:00:00+00:00,1.4063999652862549,1.413599967956543,1.4062999486923218,1.4117000102996826,4815872
2026-05-17 04:00:00+00:00,1.4115999937057495,1.416700005531311,1.4113999605178833,1.4150999784469604,0
2026-05-17 05:00:00+00:00,1.4149999618530273,1.4210000038146973,1.4149999618530273,1.4158999919891357,0
2026-05-17 06:00:00+00:00,1.4158999919891357,1.4184999465942383,1.4153000116348267,1.4170000553131104,0
2026-05-17 07:00:00+00:00,1.4170000553131104,1.4204000234603882,1.4163000583648682,1.417799949645996,0
2026-05-17 08:00:00+00:00,1.4183000326156616,1.419700026512146,1.4138000011444092,1.4141000509262085,0
2026-05-17 09:00:00+00:00,1.4141000509262085,1.420799970626831,1.413100004196167,1.420300006866455,0
2026-05-17 10:00:00+00:00,1.4205000400543213,1.4283000230789185,1.4205000400543213,1.4240000247955322,0
2026-05-17 11:00:00+00:00,1.4234999418258667,1.424299955368042,1.420300006866455,1.4222999811172485,0
2026-05-17 12:00:00+00:00,1.4222999811172485,1.426300048828125,1.4218000173568726,1.4229999780654907,0
2026-05-17 13:00:00+00:00,1.4229999780654907,1.423200011253357,1.4164999723434448,1.4183000326156616,0
2026-05-17 14:00:00+00:00,1.4183000326156616,1.4183000326156616,1.4104000329971313,1.4127999544143677,0
2026-05-17 15:00:00+00:00,1.412500023841858,1.4144999980926514,1.4097000360488892,1.412500023841858,0
2026-05-17 16:00:00+00:00,1.412500023841858,1.4155999422073364,1.4103000164031982,1.4112000465393066,0
2026-05-17 17:00:00+00:00,1.4115999937057495,1.4124000072479248,1.4079999923706055,1.4106999635696411,3708032
2026-05-17 18:00:00+00:00,1.4105000495910645,1.413699984550476,1.4062000513076782,1.413599967956543,15450880
2026-05-17 19:00:00+00:00,1.413599967956543,1.4225000143051147,1.4134000539779663,1.4218000173568726,24058240
2026-05-17 20:00:00+00:00,1.4218000173568726,1.4227999448776245,1.417099952697754,1.4187999963760376,8219776
2026-05-17 21:00:00+00:00,1.4183000326156616,1.4256999492645264,1.417199969291687,1.4223999977111816,11124864
2026-05-17 22:00:00+00:00,1.4219000339508057,1.4221999645233154,1.4092999696731567,1.4115999937057495,42279808
2026-05-17 23:00:00+00:00,1.4108999967575073,1.4127999544143677,1.3732000589370728,1.4007999897003174,242691200
2026-05-18 00:00:00+00:00,1.4005000591278076,1.4009000062942505,1.388200044631958,1.3956999778747559,162742400
2026-05-18 01:00:00+00:00,1.395900011062622,1.3966000080108643,1.3841999769210815,1.3934999704360962,40404992
2026-05-18 02:00:00+00:00,1.3931000232696533,1.4018000364303589,1.3895000219345093,1.391700029373169,14175232
2026-05-18 03:00:00+00:00,1.391700029373169,1.3986999988555908,1.38919997215271,1.3924000263214111,34862848
2026-05-18 04:00:00+00:00,1.3925000429153442,1.3990000486373901,1.3870999813079834,1.3942999839782715,31465728
2026-05-18 05:00:00+00:00,1.3945000171661377,1.3955999612808228,1.3873000144958496,1.388700008392334,34770560
2026-05-18 06:00:00+00:00,1.388800024986267,1.3916000127792358,1.3787000179290771,1.3869999647140503,95174272
2026-05-18 07:00:00+00:00,1.388700008392334,1.3905999660491943,1.379699945449829,1.3860000371932983,42415104
2026-05-18 08:00:00+00:00,1.386199951171875,1.3889000415802002,1.3812999725341797,1.3870999813079834,11276032
2026-05-18 09:00:00+00:00,1.3873000144958496,1.3874000310897827,1.3818999528884888,1.382099986076355,1473536
2026-05-18 10:00:00+00:00,1.382599949836731,1.382599949836731,1.3767999410629272,1.3773000240325928,3483648
2026-05-18 11:00:00+00:00,1.378000020980835,1.395799994468689,1.3753000497817993,1.389799952507019,50009856
2026-05-18 12:00:00+00:00,1.389799952507019,1.4013999700546265,1.3897000551223755,1.3982000350952148,64720896
2026-05-18 13:00:00+00:00,1.3983999490737915,1.3985999822616577,1.3767000436782837,1.3854999542236328,108730496
2026-05-18 14:00:00+00:00,1.3847999572753906,1.3849999904632568,1.3720999956130981,1.3766000270843506,103093632
2026-05-18 15:00:00+00:00,1.3762999773025513,1.3783999681472778,1.368499994277954,1.3756999969482422,91013376
2026-05-18 16:00:00+00:00,1.3756999969482422,1.3801000118255615,1.3696000576019287,1.3779000043869019,55099392
2026-05-18 17:00:00+00:00,1.3776999711990356,1.3830000162124634,1.3760000467300415,1.3799999952316284,15161344
2026-05-18 18:00:00+00:00,1.3798999786376953,1.3802000284194946,1.3634999990463257,1.3667999505996704,48519936
2026-05-18 19:00:00+00:00,1.3662999868392944,1.3898999691009521,1.3662999868392944,1.3866000175476074,75506432
2026-05-18 20:00:00+00:00,1.3871999979019165,1.3911000490188599,1.382599949836731,1.3835999965667725,24973568
2026-05-18 21:00:00+00:00,1.3835999965667725,1.3944000005722046,1.381100058555603,1.3910000324249268,21965824
2026-05-18 22:00:00+00:00,1.392799973487854,1.3950999975204468,1.3875000476837158,1.3914999961853027,0
2026-05-18 23:00:00+00:00,1.3911999464035034,1.3934999704360962,1.3880000114440918,1.38919997215271,0
2026-05-19 00:00:00+00:00,1.3896000385284424,1.3967000246047974,1.3882999420166016,1.3919999599456787,0
2026-05-19 01:00:00+00:00,1.3919999599456787,1.3919999599456787,1.3834999799728394,1.3834999799728394,0
2026-05-19 02:00:00+00:00,1.3831000328063965,1.3873000144958496,1.3770999908447266,1.3783999681472778,0
2026-05-19 03:00:00+00:00,1.378000020980835,1.3839000463485718,1.3769999742507935,1.3825000524520874,0
2026-05-19 04:00:00+00:00,1.3825000524520874,1.3865000009536743,1.378100037574768,1.3861000537872314,0
2026-05-19 05:00:00+00:00,1.3861000537872314,1.3873000144958496,1.377500057220459,1.3819999694824219,0
2026-05-19 06:00:00+00:00,1.381700038909912,1.3869999647140503,1.3809000253677368,1.3840999603271484,0
2026-05-19 07:00:00+00:00,1.3834999799728394,1.3885999917984009,1.382099986076355,1.3876999616622925,0
2026-05-19 08:00:00+00:00,1.3877999782562256,1.3878999948501587,1.37909996509552,1.3818999528884888,6952576
2026-05-19 09:00:00+00:00,1.3811999559402466,1.3830000162124634,1.3702000379562378,1.373900055885315,35971456
2026-05-19 10:00:00+00:00,1.3737000226974487,1.3756999969482422,1.367300033569336,1.3733999729156494,0
2026-05-19 11:00:00+00:00,1.3734999895095825,1.375599980354309,1.3688000440597534,1.3710999488830566,0
2026-05-19 12:00:00+00:00,1.371000051498413,1.3768999576568604,1.3696000576019287,1.3765000104904175,0
2026-05-19 13:00:00+00:00,1.3767999410629272,1.3804999589920044,1.3697999715805054,1.3756999969482422,0
2026-05-19 14:00:00+00:00,1.3756999969482422,1.3782999515533447,1.360200047492981,1.3655999898910522,0
2026-05-19 15:00:00+00:00,1.3651000261306763,1.3716000318527222,1.3641999959945679,1.3660999536514282,0
2026-05-19 16:00:00+00:00,1.3664000034332275,1.3725999593734741,1.3624999523162842,1.3712999820709229,17569920
2026-05-19 17:00:00+00:00,1.3717000484466553,1.3729000091552734,1.3610999584197998,1.3628000020980835,35220992
2026-05-19 18:00:00+00:00,1.3628000020980835,1.3667999505996704,1.3604999780654907,1.3614000082015991,0
2026-05-19 19:00:00+00:00,1.3615000247955322,1.3651000261306763,1.3551000356674194,1.3559999465942383,6204800
2026-05-19 20:00:00+00:00,1.3561999797821045,1.3589999675750732,1.354599952697754,1.357300043106079,27783424
2026-05-19 21:00:00+00:00,1.357200026512146,1.3621000051498413,1.3561999797821045,1.3588000535964966,29682944
2026-05-19 22:00:00+00:00,1.3586000204086304,1.3586000204086304,1.3519999980926514,1.3569999933242798,4802432
2026-05-19 23:00:00+00:00,1.3565000295639038,1.364400029182434,1.3559000492095947,1.3603999614715576,4862336
2026-05-20 00:00:00+00:00,1.3604999780654907,1.3626999855041504,1.3508000373840332,1.354699969291687,19564160
2026-05-20 01:00:00+00:00,1.3545000553131104,1.3569999933242798,1.3466999530792236,1.3538999557495117,46993920
2026-05-20 02:00:00+00:00,1.3539999723434448,1.3551000356674194,1.3494000434875488,1.3507000207901,0
2026-05-20 03:00:00+00:00,1.3507000207901,1.3569999933242798,1.3483999967575073,1.3547999858856201,2088704
2026-05-20 04:00:00+00:00,1.3547999858856201,1.3585000038146973,1.3519999980926514,1.3585000038146973,0
2026-05-20 05:00:00+00:00,1.3590999841690063,1.3687000274658203,1.3590999841690063,1.3668999671936035,12258304
2026-05-20 06:00:00+00:00,1.3672000169754028,1.3697999715805054,1.3654999732971191,1.3694000244140625,0
2026-05-20 07:00:00+00:00,1.3696000576019287,1.3725999593734741,1.3661999702453613,1.3668999671936035,0
2026-05-20 08:00:00+00:00,1.3672000169754028,1.3712999820709229,1.3645000457763672,1.36899995803833,0
2026-05-20 09:00:00+00:00,1.368899941444397,1.3716000318527222,1.3672000169754028,1.3686000108718872,0
2026-05-20 10:00:00+00:00,1.368499994277954,1.3743000030517578,1.3681999444961548,1.3690999746322632,0
2026-05-20 11:00:00+00:00,1.3691999912261963,1.370300054550171,1.3631000518798828,1.364300012588501,0
2026-05-20 12:00:00+00:00,1.3639999628067017,1.374500036239624,1.3626999855041504,1.3723000288009644,0
2026-05-20 13:00:00+00:00,1.3724000453948975,1.3730000257492065,1.358199954032898,1.3630000352859497,0
2026-05-20 14:00:00+00:00,1.3633999824523926,1.375,1.357699990272522,1.3724000453948975,0
2026-05-20 15:00:00+00:00,1.3724000453948975,1.3789000511169434,1.3672000169754028,1.3734999895095825,42955008
2026-05-20 16:00:00+00:00,1.3736000061035156,1.3765000104904175,1.3650000095367432,1.3738000392913818,0
2026-05-20 17:00:00+00:00,1.373900055885315,1.3789000511169434,1.3698999881744385,1.374400019645691,0
2026-05-20 18:00:00+00:00,1.3738000392913818,1.3746999502182007,1.363800048828125,1.3660999536514282,0
2026-05-20 19:00:00+00:00,1.3657000064849854,1.371500015258789,1.3639999628067017,1.371500015258789,0
2026-05-20 20:00:00+00:00,1.371000051498413,1.371500015258789,1.3629000186920166,1.368499994277954,0
2026-05-20 21:00:00+00:00,1.368299961090088,1.370300054550171,1.3652000427246094,1.3652000427246094,0
2026-05-20 22:00:00+00:00,1.3659000396728516,1.3666000366210938,1.3590999841690063,1.3646999597549438,0
2026-05-20 23:00:00+00:00,1.363700032234192,1.3660000562667847,1.3616000413894653,1.3657000064849854,0
2026-05-21 00:00:00+00:00,1.3652000427246094,1.3766000270843506,1.3650000095367432,1.3747999668121338,0
2026-05-21 01:00:00+00:00,1.375,1.3801000118255615,1.374500036239624,1.3773000240325928,0
2026-05-21 02:00:00+00:00,1.3770999908447266,1.3841999769210815,1.3765000104904175,1.3803000450134277,1464576
2026-05-21 03:00:00+00:00,1.3801000118255615,1.3835999965667725,1.3788000345230103,1.3828999996185303,1132544
2026-05-21 04:00:00+00:00,1.3832999467849731,1.3842999935150146,1.3799999952316284,1.3805999755859375,19483392
2026-05-21 05:00:00+00:00,1.3805999755859375,1.382200002670288,1.371000051498413,1.3732999563217163,0
2026-05-21 06:00:00+00:00,1.3734999895095825,1.375100016593933,1.3681999444961548,1.3696999549865723,0
2026-05-21 07:00:00+00:00,1.3690999746322632,1.376099944114685,1.368399977684021,1.375100016593933,0
2026-05-21 08:00:00+00:00,1.375,1.384600043296814,1.374899983406067,1.3789000511169434,35781504
2026-05-21 09:00:00+00:00,1.378600001335144,1.3806999921798706,1.3727999925613403,1.3730000257492065,1377920
2026-05-21 10:00:00+00:00,1.3727999925613403,1.3736000061035156,1.3626999855041504,1.3650000095367432,55857024
2026-05-21 11:00:00+00:00,1.3651000261306763,1.3681000471115112,1.3623000383377075,1.3624999523162842,16978304
2026-05-21 12:00:00+00:00,1.3624999523162842,1.365399956703186,1.3603999614715576,1.3639999628067017,22513024
2026-05-21 13:00:00+00:00,1.3636000156402588,1.367300033569336,1.353700041770935,1.3603999614715576,16537344
2026-05-21 14:00:00+00:00,1.3604999780654907,1.3623000383377075,1.350000023841858,1.3555999994277954,546560
2026-05-21 15:00:00+00:00,1.3559999465942383,1.3645999431610107,1.3545000553131104,1.3601000308990479,0
2026-05-21 16:00:00+00:00,1.3602999448776245,1.363700032234192,1.3557000160217285,1.3600000143051147,0
2026-05-21 17:00:00+00:00,1.360700011253357,1.3848999738693237,1.3604999780654907,1.3797999620437622,74747776
2026-05-21 18:00:00+00:00,1.3802000284194946,1.3812999725341797,1.3659000396728516,1.3702000379562378,12669824
2026-05-21 19:00:00+00:00,1.3700000047683716,1.3798999786376953,1.3696999549865723,1.3782000541687012,7363584
2026-05-21 20:00:00+00:00,1.3782000541687012,1.379699945449829,1.3747999668121338,1.3760000467300415,0
2026-05-21 21:00:00+00:00,1.3761999607086182,1.377500057220459,1.3740999698638916,1.374500036239624,0
2026-05-21 22:00:00+00:00,1.375100016593933,1.375100016593933,1.3695000410079956,1.371399998664856,0
2026-05-21 23:00:00+00:00,1.3708000183105469,1.3737000226974487,1.3681000471115112,1.3726999759674072,3452032
2026-05-22 00:00:00+00:00,1.3730000257492065,1.3732999563217163,1.3660999536514282,1.3667999505996704,0
2026-05-22 01:00:00+00:00,1.3661999702453613,1.3707000017166138,1.363700032234192,1.3697999715805054,0
2026-05-22 02:00:00+00:00,1.3698999881744385,1.3732000589370728,1.3686000108718872,1.3717000484466553,0
2026-05-22 03:00:00+00:00,1.371899962425232,1.3733999729156494,1.3696999549865723,1.37090003490448,2092800
2026-05-22 04:00:00+00:00,1.371000051498413,1.3746999502182007,1.3669999837875366,1.3690999746322632,0
2026-05-22 05:00:00+00:00,1.36899995803833,1.3716000318527222,1.3660999536514282,1.3668999671936035,0
2026-05-22 06:00:00+00:00,1.3668999671936035,1.368399977684021,1.3588999509811401,1.3593000173568726,18839424
2026-05-22 07:00:00+00:00,1.3593000173568726,1.3667999505996704,1.3555999994277954,1.363800048828125,47170176
2026-05-22 08:00:00+00:00,1.3632999658584595,1.3671000003814697,1.3597999811172485,1.361299991607666,0
2026-05-22 09:00:00+00:00,1.3609000444412231,1.3638999462127686,1.3575999736785889,1.3586000204086304,0
2026-05-22 10:00:00+00:00,1.3586000204086304,1.3605999946594238,1.3559999465942383,1.3585000038146973,0
2026-05-22 11:00:00+00:00,1.3594000339508057,1.3604999780654907,1.3538000583648682,1.3603999614715576,7478272
2026-05-22 12:00:00+00:00,1.3604999780654907,1.3646999597549438,1.3590999841690063,1.3646999597549438,12574720
2026-05-22 13:00:00+00:00,1.364799976348877,1.36899995803833,1.356600046157837,1.361199975013733,0
2026-05-22 14:00:00+00:00,1.3594000339508057,1.3600000143051147,1.3485000133514404,1.3504999876022339,21798272
2026-05-22 15:00:00+00:00,1.3499000072479248,1.3565000295639038,1.3459999561309814,1.3518999814987183,17194112
2026-05-22 16:00:00+00:00,1.3523999452590942,1.3544000387191772,1.3494000434875488,1.3531999588012695,5124480
2026-05-22 17:00:00+00:00,1.3532999753952026,1.3580000400543213,1.3494999408721924,1.3517999649047852,0
2026-05-22 18:00:00+00:00,1.351699948310852,1.3543000221252441,1.3350000381469727,1.3487999439239502,54396928
2026-05-22 19:00:00+00:00,1.3487000465393066,1.3509000539779663,1.3336000442504883,1.336899995803833,79522816
2026-05-22 20:00:00+00:00,1.3372000455856323,1.3414000272750854,1.333899974822998,1.3401999473571777,55653376
2026-05-22 21:00:00+00:00,1.3401000499725342,1.3423999547958374,1.3388999700546265,1.34089994430542,20208000
2026-05-22 22:00:00+00:00,1.340999960899353,1.3420000076293945,1.3366999626159668,1.3388999700546265,3608704
2026-05-22 23:00:00+00:00,1.3395999670028687,1.3417999744415283,1.3286000490188599,1.3323999643325806,19615488
2026-05-23 00:00:00+00:00,1.3330999612808228,1.3342000246047974,1.325600028038025,1.333400011062622,88788992
2026-05-23 01:00:00+00:00,1.3331999778747559,1.337399959564209,1.3320000171661377,1.3358999490737915,0
2026-05-23 02:00:00+00:00,1.3359999656677246,1.3391000032424927,1.3350000381469727,1.3385000228881836,0
2026-05-23 03:00:00+00:00,1.3381999731063843,1.3407000303268433,1.3381999731063843,1.3394999504089355,0
2026-05-23 04:00:00+00:00,1.3395999670028687,1.3396999835968018,1.3336000442504883,1.3346999883651733,14602752
2026-05-23 05:00:00+00:00,1.3348000049591064,1.3350000381469727,1.3279000520706177,1.329699993133545,0
2026-05-23 06:00:00+00:00,1.329800009727478,1.3341000080108643,1.3271000385284424,1.3315000534057617,0
2026-05-23 07:00:00+00:00,1.3315999507904053,1.332200050354004,1.3013999462127686,1.3107999563217163,111428736
2026-05-23 08:00:00+00:00,1.3104000091552734,1.3167999982833862,1.305400013923645,1.3092000484466553,131780096
2026-05-23 09:00:00+00:00,1.3091000318527222,1.3166999816894531,1.3085999488830566,1.315500020980835,55060480
2026-05-23 10:00:00+00:00,1.315600037574768,1.32260000705719,1.315600037574768,1.3210999965667725,0
2026-05-23 11:00:00+00:00,1.3208999633789062,1.3248000144958496,1.319700002670288,1.3233000040054321,0
2026-05-23 12:00:00+00:00,1.323099970817566,1.3259999752044678,1.3228000402450562,1.3251999616622925,0
2026-05-23 13:00:00+00:00,1.3250999450683594,1.3356000185012817,1.3250999450683594,1.3317999839782715,0
2026-05-23 14:00:00+00:00,1.3321000337600708,1.339400053024292,1.3301000595092773,1.3382999897003174,0
2026-05-23 15:00:00+00:00,1.3386000394821167,1.340499997138977,1.3336999416351318,1.3344000577926636,22605056
2026-05-23 16:00:00+00:00,1.3346999883651733,1.3372999429702759,1.3325999975204468,1.336300015449524,4462592
2026-05-23 17:00:00+00:00,1.336300015449524,1.3380000591278076,1.3341000080108643,1.336899995803833,0
2026-05-23 18:00:00+00:00,1.3370000123977661,1.3487000465393066,1.336899995803833,1.343999981880188,0
2026-05-23 19:00:00+00:00,1.344099998474121,1.345900058746338,1.3411999940872192,1.3451999425888062,0
2026-05-23 20:00:00+00:00,1.3456000089645386,1.3702000379562378,1.3438999652862549,1.3702000379562378,27785216
2026-05-23 21:00:00+00:00,1.3711999654769897,1.3741999864578247,1.3525999784469604,1.3580000400543213,76835712
2026-05-23 22:00:00+00:00,1.358299970626831,1.361899971961975,1.3515000343322754,1.3569999933242798,30843264
2026-05-23 23:00:00+00:00,1.3560999631881714,1.3597999811172485,1.3554999828338623,1.3565000295639038,0
2026-05-24 00:00:00+00:00,1.3567999601364136,1.3621000051498413,1.3553999662399292,1.360200047492981,0
2026-05-24 01:00:00+00:00,1.3603999614715576,1.3617000579833984,1.3579000234603882,1.3588000535964966,0
2026-05-24 02:00:00+00:00,1.3589999675750732,1.3609999418258667,1.3568999767303467,1.3595999479293823,0
2026-05-24 03:00:00+00:00,1.3594000339508057,1.3616000413894653,1.3581000566482544,1.3590999841690063,454400
2026-05-24 04:00:00+00:00,1.3596999645233154,1.360200047492981,1.357699990272522,1.3595000505447388,0
2026-05-24 05:00:00+00:00,1.3594000339508057,1.3596999645233154,1.3533999919891357,1.357800006866455,0
2026-05-24 06:00:00+00:00,1.357699990272522,1.3615000247955322,1.3557000160217285,1.361299991607666,0
2026-05-24 07:00:00+00:00,1.3617000579833984,1.3626999855041504,1.357300043106079,1.3579000234603882,0
2026-05-24 08:00:00+00:00,1.3581000566482544,1.3596999645233154,1.3559999465942383,1.3593000173568726,0
2026-05-24 09:00:00+00:00,1.3594000339508057,1.364799976348877,1.3588999509811401,1.3630000352859497,0
2026-05-24 10:00:00+00:00,1.3631999492645264,1.368899941444397,1.3609999418258667,1.361899971961975,10190976
2026-05-24 11:00:00+00:00,1.361799955368042,1.368299961090088,1.3609000444412231,1.3634999990463257,28920448
2026-05-24 12:00:00+00:00,1.363800048828125,1.3641999959945679,1.3593000173568726,1.361199975013733,19088384
2026-05-24 13:00:00+00:00,1.361299991607666,1.3622000217437744,1.3551000356674194,1.357200026512146,0
2026-05-24 14:00:00+00:00,1.3574999570846558,1.3581000566482544,1.3382999897003174,1.3482999801635742,29796096
2026-05-24 15:00:00+00:00,1.3481999635696411,1.3496999740600586,1.34660005569458,1.3466999530792236,0
2026-05-24 16:00:00+00:00,1.3468999862670898,1.3509000539779663,1.3454999923706055,1.3492000102996826,0
2026-05-24 17:00:00+00:00,1.3494000434875488,1.3526999950408936,1.3489999771118164,1.351699948310852,0
2026-05-24 18:00:00+00:00,1.351699948310852,1.351699948310852,1.345900058746338,1.3468999862670898,0
2026-05-24 19:00:00+00:00,1.3468999862670898,1.3488999605178833,1.344499945640564,1.3476999998092651,0
2026-05-24 20:00:00+00:00,1.3478000164031982,1.3478000164031982,1.3414000272750854,1.3431999683380127,0
2026-05-24 21:00:00+00:00,1.3430999517440796,1.3454999923706055,1.330899953842163,1.333899974822998,0
2026-05-24 22:00:00+00:00,1.3360999822616577,1.3495999574661255,1.3350000381469727,1.3460999727249146,11406080
2026-05-24 23:00:00+00:00,1.3463000059127808,1.3522000312805176,1.3463000059127808,1.3492000102996826,0
2026-05-25 00:00:00+00:00,1.3494000434875488,1.354099988937378,1.3494000434875488,1.3503999710083008,1973504
2026-05-25 01:00:00+00:00,1.351199984550476,1.353700041770935,1.3452999591827393,1.3457000255584717,2737280
2026-05-25 02:00:00+00:00,1.3461999893188477,1.3550000190734863,1.3452999591827393,1.3456000089645386,20982400
2026-05-25 03:00:00+00:00,1.3457000255584717,1.347100019454956,1.3417999744415283,1.3452999591827393,20056192
2026-05-25 04:00:00+00:00,1.3454999923706055,1.3549000024795532,1.3437999486923218,1.3538000583648682,22361344
2026-05-25 05:00:00+00:00,1.353600025177002,1.3593000173568726,1.3523999452590942,1.3567999601364136,35744000
2026-05-25 06:00:00+00:00,1.3567999601364136,1.3589999675750732,1.3528000116348267,1.3566999435424805,20337024
2026-05-25 07:00:00+00:00,1.3568999767303467,1.3594000339508057,1.351099967956543,1.3569999933242798,31171840
2026-05-25 08:00:00+00:00,1.357200026512146,1.3633999824523926,1.3561999797821045,1.357699990272522,80501760
2026-05-25 09:00:00+00:00,1.357699990272522,1.3615000247955322,1.355299949645996,1.3595999479293823,11855872
2026-05-25 10:00:00+00:00,1.3596999645233154,1.3602999448776245,1.3579000234603882,1.3593000173568726,29528704
2026-05-25 11:00:00+00:00,1.3589999675750732,1.3603999614715576,1.3560999631881714,1.356600046157837,0
2026-05-25 12:00:00+00:00,1.3566999435424805,1.358199954032898,1.3551000356674194,1.3560999631881714,0
2026-05-25 13:00:00+00:00,1.3560999631881714,1.3575999736785889,1.354200005531311,1.357100009918213,0
2026-05-25 14:00:00+00:00,1.357200026512146,1.3615000247955322,1.3565000295639038,1.3602999448776245,0
2026-05-25 15:00:00+00:00,1.3602999448776245,1.363700032234192,1.3564000129699707,1.3579000234603882,26652032
2026-05-25 16:00:00+00:00,1.3579000234603882,1.3625999689102173,1.3562999963760376,1.3616000413894653,0
2026-05-25 17:00:00+00:00,1.3624000549316406,1.3630000352859497,1.3592000007629395,1.360200047492981,6540160
2026-05-25 18:00:00+00:00,1.3600000143051147,1.3621000051498413,1.3573999404907227,1.357699990272522,0
2026-05-25 19:00:00+00:00,1.3575999736785889,1.3575999736785889,1.3532999753952026,1.3561999797821045,5552640
2026-05-25 20:00:00+00:00,1.3558000326156616,1.358199954032898,1.351099967956543,1.3533999919891357,0
2026-05-25 21:00:00+00:00,1.3535000085830688,1.3555999994277954,1.3530000448226929,1.3535000085830688,0
2026-05-25 22:00:00+00:00,1.3538000583648682,1.354599952697754,1.3458000421524048,1.347599983215332,0
2026-05-25 23:00:00+00:00,1.3472000360488892,1.3504999876022339,1.345900058746338,1.3490999937057495,60800
2026-05-26 00:00:00+00:00,1.3492000102996826,1.3499000072479248,1.3343000411987305,1.34089994430542,13496832
2026-05-26 01:00:00+00:00,1.3401000499725342,1.3436000347137451,1.3361999988555908,1.3385000228881836,37360768
2026-05-26 02:00:00+00:00,1.3388999700546265,1.3388999700546265,1.3346999883651733,1.3359999656677246,19518336
2026-05-26 03:00:00+00:00,1.3358999490737915,1.3398000001907349,1.3330999612808228,1.3388999700546265,0
2026-05-26 04:00:00+00:00,1.3391000032424927,1.3451999425888062,1.3385000228881836,1.3442000150680542,12064640
2026-05-26 05:00:00+00:00,1.343999981880188,1.3494999408721924,1.3432999849319458,1.3466999530792236,0
2026-05-26 06:00:00+00:00,1.3464000225067139,1.3482999801635742,1.3442000150680542,1.347000002861023,0
2026-05-26 07:00:00+00:00,1.3472000360488892,1.347599983215332,1.3379000425338745,1.3391000032424927,0
2026-05-26 08:00:00+00:00,1.3389999866485596,1.3421000242233276,1.3382999897003174,1.3393000364303589,0
2026-05-26 09:00:00+00:00,1.339400053024292,1.3417999744415283,1.3380999565124512,1.340499997138977,0
2026-05-26 10:00:00+00:00,1.3401000499725342,1.3579000234603882,1.3387000560760498,1.3552000522613525,46280704
2026-05-26 11:00:00+00:00,1.3551000356674194,1.3559999465942383,1.350000023841858,1.350600004196167,24325248
2026-05-26 12:00:00+00:00,1.350600004196167,1.3543000221252441,1.3464000225067139,1.3538000583648682,10831872
2026-05-26 13:00:00+00:00,1.3538000583648682,1.3587000370025635,1.3468999862670898,1.353700041770935,25377920
2026-05-26 14:00:00+00:00,1.3549000024795532,1.363800048828125,1.3467999696731567,1.3509999513626099,71851008
2026-05-26 15:00:00+00:00,1.3513000011444092,1.3522000312805176,1.3382999897003174,1.3436000347137451,47222400
2026-05-26 16:00:00+00:00,1.3436000347137451,1.344099998474121,1.3370000123977661,1.3393000364303589,59952256
2026-05-26 17:00:00+00:00,1.3393000364303589,1.3420000076293945,1.3257999420166016,1.3314000368118286,87344000
2026-05-26 18:00:00+00:00,1.3312000036239624,1.3367999792099,1.3269000053405762,1.3279000520706177,47425152
2026-05-26 19:00:00+00:00,1.3284000158309937,1.3324999809265137,1.3250000476837158,1.329699993133545,36454528
2026-05-26 20:00:00+00:00,1.330199956893921,1.3320000171661377,1.3287999629974365,1.3313000202178955,10766080
2026-05-26 21:00:00+00:00,1.3314000368118286,1.332800030708313,1.3265000581741333,1.329800009727478,11391488
2026-05-26 22:00:00+00:00,1.3295999765396118,1.3315999507904053,1.3265999555587769,1.3278000354766846,0
2026-05-26 23:00:00+00:00,1.3282999992370605,1.329800009727478,1.326799988746643,1.3271000385284424,0
2026-05-27 00:00:00+00:00,1.3273999691009521,1.3309999704360962,1.3269000053405762,1.3306000232696533,0
2026-05-27 01:00:00+00:00,1.3306000232696533,1.3310999870300293,1.3274999856948853,1.3287999629974365,0
2026-05-27 02:00:00+00:00,1.3288999795913696,1.329300045967102,1.3246999979019165,1.3285000324249268,0
2026-05-27 03:00:00+00:00,1.3289999961853027,1.3313000202178955,1.3244999647140503,1.325700044631958,0
2026-05-27 04:00:00+00:00,1.3253999948501587,1.3294999599456787,1.319700002670288,1.3289999961853027,30760704
2026-05-27 05:00:00+00:00,1.3289999961853027,1.330899953842163,1.3281999826431274,1.329200029373169,4998144
2026-05-27 06:00:00+00:00,1.329800009727478,1.3350000381469727,1.3285000324249268,1.3339999914169312,1035904
2026-05-27 07:00:00+00:00,1.333799958229065,1.3350000381469727,1.3282999992370605,1.3300000429153442,0
2026-05-27 08:00:00+00:00,1.3295999765396118,1.335800051689148,1.3279999494552612,1.333400011062622,26056448
2026-05-27 09:00:00+00:00,1.3335000276565552,1.3351999521255493,1.3265000581741333,1.3273999691009521,47442432
2026-05-27 10:00:00+00:00,1.327299952507019,1.332800030708313,1.327299952507019,1.3289999961853027,0
2026-05-27 11:00:00+00:00,1.3286000490188599,1.3321000337600708,1.3272000551223755,1.3279000520706177,0
2026-05-27 12:00:00+00:00,1.3279000520706177,1.3382999897003174,1.323099970817566,1.3300000429153442,22999296
2026-05-27 13:00:00+00:00,1.330399990081787,1.3310999870300293,1.316499948501587,1.3214999437332153,43506432
2026-05-27 14:00:00+00:00,1.3219000101089478,1.3286999464035034,1.3167999982833862,1.3279000520706177,0
2026-05-27 15:00:00+00:00,1.3279999494552612,1.3402999639511108,1.3277000188827515,1.333799958229065,4493056
2026-05-27 16:00:00+00:00,1.333899974822998,1.336300015449524,1.3257999420166016,1.3299000263214111,0
2026-05-27 17:00:00+00:00,1.330199956893921,1.330199956893921,1.3157000541687012,1.3179999589920044,0
2026-05-27 18:00:00+00:00,1.3179999589920044,1.3249000310897827,1.3150999546051025,1.3243000507354736,0
2026-05-27 19:00:00+00:00,1.3246999979019165,1.3313000202178955,1.3244999647140503,1.3279999494552612,0
2026-05-27 20:00:00+00:00,1.3279999494552612,1.332200050354004,1.3250999450683594,1.3284000158309937,12189952
2026-05-27 21:00:00+00:00,1.3282999992370605,1.330399990081787,1.309999942779541,1.3141000270843506,42246400
2026-05-27 22:00:00+00:00,1.3142000436782837,1.318600058555603,1.3087999820709229,1.308899998664856,41008000
2026-05-27 23:00:00+00:00,1.3079999685287476,1.3101999759674072,1.3014999628067017,1.3056000471115112,70228992
2026-05-28 00:00:00+00:00,1.3055000305175781,1.3092000484466553,1.3041000366210938,1.307800054550171,11175552
2026-05-28 01:00:00+00:00,1.3079999685287476,1.3079999685287476,1.2965999841690063,1.3009999990463257,61756672
2026-05-28 02:00:00+00:00,1.3015999794006348,1.3036999702453613,1.2990000247955322,1.299299955368042,22809600
2026-05-28 03:00:00+00:00,1.299299955368042,1.3013999462127686,1.2733999490737915,1.2771999835968018,165995008
2026-05-28 04:00:00+00:00,1.2769999504089355,1.2824000120162964,1.2656999826431274,1.2824000120162964,180445312
2026-05-28 05:00:00+00:00,1.2824000120162964,1.2836999893188477,1.2760000228881836,1.2817000150680542,64644096
2026-05-28 06:00:00+00:00,1.2812999486923218,1.287500023841858,1.2788000106811523,1.2854000329971313,52178688
2026-05-28 07:00:00+00:00,1.2858999967575073,1.2914999723434448,1.2851999998092651,1.291200041770935,35901440
2026-05-28 08:00:00+00:00,1.2913999557495117,1.2913999557495117,1.2848000526428223,1.2865999937057495,0
2026-05-28 09:00:00+00:00,1.2865999937057495,1.291599988937378,1.2853000164031982,1.2905999422073364,0
2026-05-28 10:00:00+00:00,1.2910000085830688,1.294100046157837,1.2863999605178833,1.2863999605178833,0
2026-05-28 11:00:00+00:00,1.2868000268936157,1.2884999513626099,1.2841999530792236,1.285599946975708,15605504
2026-05-28 12:00:00+00:00,1.2855000495910645,1.2928999662399292,1.2817000150680542,1.2926000356674194,3606528
2026-05-28 13:00:00+00:00,1.2926000356674194,1.2972999811172485,1.287500023841858,1.2942999601364136,28643584
2026-05-28 14:00:00+00:00,1.2935999631881714,1.30840003490448,1.2841999530792236,1.2996000051498413,108707584
2026-05-28 15:00:00+00:00,1.2994999885559082,1.3125,1.292799949645996,1.3100999593734741,21179392
2026-05-28 16:00:00+00:00,1.309999942779541,1.326799988746643,1.3050999641418457,1.3214000463485718,75753728
2026-05-28 17:00:00+00:00,1.3217999935150146,1.3281999826431274,1.3166999816894531,1.3241000175476074,30115584
2026-05-28 18:00:00+00:00,1.323799967765808,1.3365000486373901,1.323699951171875,1.3321000337600708,49815296
2026-05-28 19:00:00+00:00,1.3320000171661377,1.3321000337600708,1.3136999607086182,1.3140000104904175,0
2026-05-28 20:00:00+00:00,1.3138999938964844,1.323199987411499,1.3087999820709229,1.318600058555603,17148160
2026-05-28 21:00:00+00:00,1.3188999891281128,1.3214999437332153,1.315000057220459,1.3181999921798706,0
2026-05-28 22:00:00+00:00,1.3178000450134277,1.3199000358581543,1.3106000423431396,1.3125,0
2026-05-28 23:00:00+00:00,1.3131999969482422,1.31659996509552,1.311900019645691,1.3136999607086182,25088
2026-05-29 00:00:00+00:00,1.3136999607086182,1.318600058555603,1.312600016593933,1.3133000135421753,0
2026-05-29 01:00:00+00:00,1.3136999607086182,1.3157000541687012,1.3065999746322632,1.308500051498413,0
2026-05-29 02:00:00+00:00,1.3086999654769897,1.3098000288009644,1.301800012588501,1.30239999294281,0
2026-05-29 03:00:00+00:00,1.3028000593185425,1.313099980354309,1.3028000593185425,1.3104000091552734,0
2026-05-29 04:00:00+00:00,1.3106000423431396,1.3111000061035156,1.3020999431610107,1.309000015258789,0
2026-05-29 05:00:00+00:00,1.3092000484466553,1.3136999607086182,1.3070000410079956,1.3133000135421753,0
2026-05-29 06:00:00+00:00,1.3131999969482422,1.319200038909912,1.312399983406067,1.3143999576568604,0
2026-05-29 07:00:00+00:00,1.3142000436782837,1.3174999952316284,1.308500051498413,1.3148000240325928,0
2026-05-29 08:00:00+00:00,1.3143999576568604,1.3214999437332153,1.3143999576568604,1.3194999694824219,33716096
2026-05-29 09:00:00+00:00,1.3200000524520874,1.325700044631958,1.3183000087738037,1.3220000267028809,29760128
2026-05-29 10:00:00+00:00,1.3220000267028809,1.322100043296814,1.3158999681472778,1.3170000314712524,0
2026-05-29 11:00:00+00:00,1.3170000314712524,1.317199945449829,1.3056000471115112,1.3097000122070312,22772608
2026-05-29 12:00:00+00:00,1.3097000122070312,1.309999942779541,1.301300048828125,1.302899956703186,10642048
2026-05-29 13:00:00+00:00,1.3028000593185425,1.3037999868392944,1.2962000370025635,1.3009999990463257,0
2026-05-29 14:00:00+00:00,1.3013999462127686,1.3066999912261963,1.2929999828338623,1.3062000274658203,0
2026-05-29 15:00:00+00:00,1.3065999746322632,1.3316999673843384,1.3033000230789185,1.3207999467849731,110444416
2026-05-29 16:00:00+00:00,1.3209999799728394,1.3288999795913696,1.3144999742507935,1.325600028038025,0
2026-05-29 17:00:00+00:00,1.3253999948501587,1.3308000564575195,1.3217999935150146,1.3228000402450562,3298560
2026-05-29 18:00:00+00:00,1.3229000568389893,1.3284000158309937,1.3149000406265259,1.3167999982833862,0
2026-05-29 19:00:00+00:00,1.317199945449829,1.3214999437332153,1.308899998664856,1.3188999891281128,18212096
2026-05-29 20:00:00+00:00,1.319200038909912,1.3234000205993652,1.3184000253677368,1.3207000494003296,0
2026-05-29 21:00:00+00:00,1.3208999633789062,1.3250000476837158,1.3142000436782837,1.3144999742507935,2905856
2026-05-29 22:00:00+00:00,1.3147000074386597,1.3193999528884888,1.3127000331878662,1.319000005722046,0
2026-05-29 23:00:00+00:00,1.3193000555038452,1.3289999961853027,1.3181999921798706,1.3279999494552612,28166400
2026-05-30 00:00:00+00:00,1.3281999826431274,1.347599983215332,1.326300024986267,1.3468999862670898,64881664
2026-05-30 01:00:00+00:00,1.347000002861023,1.364300012588501,1.3424999713897705,1.3544000387191772,170036224
2026-05-30 02:00:00+00:00,1.3549000024795532,1.361899971961975,1.3530999422073364,1.3585000038146973,65758976
2026-05-30 03:00:00+00:00,1.3579000234603882,1.3605999946594238,1.3481999635696411,1.3486000299453735,28509696
2026-05-30 04:00:00+00:00,1.3488999605178833,1.3509000539779663,1.3356000185012817,1.3421000242233276,81948160
2026-05-30 05:00:00+00:00,1.3418999910354614,1.3487999439239502,1.340499997138977,1.347000002861023,34564352
2026-05-30 06:00:00+00:00,1.3473000526428223,1.3479000329971313,1.3427000045776367,1.343999981880188,0
2026-05-30 07:00:00+00:00,1.344099998474121,1.3443000316619873,1.3387000560760498,1.3410999774932861,0
2026-05-30 08:00:00+00:00,1.3411999940872192,1.3411999940872192,1.3382999897003174,1.3391000032424927,0
2026-05-30 09:00:00+00:00,1.3391000032424927,1.343999981880188,1.3382999897003174,1.3428000211715698,0
2026-05-30 10:00:00+00:00,1.3428000211715698,1.342900037765503,1.3392000198364258,1.3407000303268433,0
2026-05-30 11:00:00+00:00,1.3407000303268433,1.3423000574111938,1.3357000350952148,1.3387999534606934,0
2026-05-30 12:00:00+00:00,1.3387999534606934,1.3408000469207764,1.3366999626159668,1.3380000591278076,0
2026-05-30 13:00:00+00:00,1.3380999565124512,1.340000033378601,1.335800051689148,1.3393000364303589,0
2026-05-30 14:00:00+00:00,1.3398000001907349,1.3451000452041626,1.3377000093460083,1.3410999774932861,0
2026-05-30 15:00:00+00:00,1.3414000272750854,1.3437000513076782,1.3386000394821167,1.3407000303268433,0
2026-05-30 16:00:00+00:00,1.3408000469207764,1.34660005569458,1.3394999504089355,1.3461999893188477,0
2026-05-30 17:00:00+00:00,1.3464000225067139,1.351199984550476,1.342900037765503,1.3507000207901,0
2026-05-30 18:00:00+00:00,1.3508000373840332,1.3521000146865845,1.347100019454956,1.350000023841858,0
2026-05-30 19:00:00+00:00,1.350000023841858,1.3502000570297241,1.344099998474121,1.3458000421524048,0
2026-05-30 20:00:00+00:00,1.345900058746338,1.348099946975708,1.3446999788284302,1.3461999893188477,0
2026-05-30 21:00:00+00:00,1.3463000059127808,1.3499000072479248,1.3451000452041626,1.3482999801635742,0
2026-05-30 22:00:00+00:00,1.3481999635696411,1.3481999635696411,1.336300015449524,1.3407000303268433,11927040
2026-05-30 23:00:00+00:00,1.3406000137329102,1.3421000242233276,1.336400032043457,1.3387999534606934,0
2026-05-31 00:00:00+00:00,1.3393000364303589,1.340000033378601,1.335800051689148,1.3385000228881836,0
2026-05-31 01:00:00+00:00,1.3384000062942505,1.3422000408172607,1.3382999897003174,1.3398000001907349,0
2026-05-31 02:00:00+00:00,1.3396999835968018,1.343999981880188,1.3346999883651733,1.340399980545044,0
2026-05-31 03:00:00+00:00,1.340399980545044,1.343500018119812,1.3395999670028687,1.3428000211715698,0
2026-05-31 04:00:00+00:00,1.3428000211715698,1.3447999954223633,1.340999960899353,1.3442000150680542,0
2026-05-31 05:00:00+00:00,1.3442000150680542,1.3443000316619873,1.3406000137329102,1.3413000106811523,0
2026-05-31 06:00:00+00:00,1.3413000106811523,1.3413000106811523,1.3381999731063843,1.3382999897003174,0
2026-05-31 07:00:00+00:00,1.3379000425338745,1.3379000425338745,1.3315000534057617,1.3335000276565552,7197184
2026-05-31 08:00:00+00:00,1.3336999416351318,1.3379000425338745,1.3335000276565552,1.3367999792099,8053632
2026-05-31 09:00:00+00:00,1.336400032043457,1.34089994430542,1.3349000215530396,1.3372000455856323,0
2026-05-31 10:00:00+00:00,1.3370000123977661,1.337499976158142,1.3323999643325806,1.3351000547409058,0
2026-05-31 11:00:00+00:00,1.3352999687194824,1.3411999940872192,1.3352999687194824,1.339900016784668,0
2026-05-31 12:00:00+00:00,1.3401000499725342,1.3417999744415283,1.3367999792099,1.340399980545044,0
2026-05-31 13:00:00+00:00,1.340399980545044,1.3461999893188477,1.3395999670028687,1.3407000303268433,0
2026-05-31 14:00:00+00:00,1.3407000303268433,1.3421000242233276,1.3260999917984009,1.3286000490188599,43693056
2026-05-31 15:00:00+00:00,1.3281999826431274,1.3330999612808228,1.3274999856948853,1.3286000490188599,0
2026-05-31 16:00:00+00:00,1.3286000490188599,1.3308000564575195,1.3216999769210815,1.3259999752044678,44605056
2026-05-31 17:00:00+00:00,1.3258999586105347,1.3305000066757202,1.3258999586105347,1.3291000127792358,0
2026-05-31 18:00:00+00:00,1.3293999433517456,1.3293999433517456,1.3243000507354736,1.3257999420166016,0
2026-05-31 19:00:00+00:00,1.3258999586105347,1.326300024986267,1.319200038909912,1.3244999647140503,0
2026-05-31 20:00:00+00:00,1.3248000144958496,1.3293999433517456,1.3248000144958496,1.3287999629974365,7319296
2026-05-31 21:00:00+00:00,1.3291000127792358,1.3330999612808228,1.3273999691009521,1.3325999975204468,0
2026-05-31 22:00:00+00:00,1.3324999809265137,1.3380999565124512,1.329800009727478,1.3355000019073486,0
2026-05-31 23:00:00+00:00,1.3358999490737915,1.3406000137329102,1.3259999752044678,1.3312000036239624,29748352
2026-06-01 00:00:00+00:00,1.3312000036239624,1.3387999534606934,1.3288999795913696,1.335800051689148,46173312
2026-06-01 01:00:00+00:00,1.3365000486373901,1.3365000486373901,1.319700002670288,1.319700002670288,38747520
2026-06-01 02:00:00+00:00,1.319200038909912,1.3322999477386475,1.3172999620437622,1.329200029373169,39755008
2026-06-01 03:00:00+00:00,1.329200029373169,1.333400011062622,1.3278000354766846,1.3289999961853027,32883584
2026-06-01 04:00:00+00:00,1.3289999961853027,1.3312000036239624,1.3157999515533447,1.3205000162124634,42679936
2026-06-01 05:00:00+00:00,1.3203999996185303,1.3212000131607056,1.3142000436782837,1.3148000240325928,37601152
2026-06-01 06:00:00+00:00,1.315000057220459,1.3154000043869019,1.3080999851226807,1.3121999502182007,70592384
2026-06-01 07:00:00+00:00,1.311900019645691,1.3127000331878662,1.3014999628067017,1.3016999959945679,34092800
2026-06-01 08:00:00+00:00,1.3020000457763672,1.305899977684021,1.2970999479293823,1.301300048828125,61073792
2026-06-01 09:00:00+00:00,1.3013999462127686,1.3080999851226807,1.3013999462127686,1.3028000593185425,33475840
2026-06-01 10:00:00+00:00,1.3032000064849854,1.305799961090088,1.2999999523162842,1.3041000366210938,22103168
2026-06-01 11:00:00+00:00,1.3047000169754028,1.3061000108718872,1.3003000020980835,1.3020999431610107,17108352
2026-06-01 12:00:00+00:00,1.3035999536514282,1.3049999475479126,1.2950999736785889,1.3011000156402588,57432960
2026-06-01 13:00:00+00:00,1.3009999990463257,1.3009999990463257,1.285599946975708,1.2884000539779663,100665984
2026-06-01 14:00:00+00:00,1.2889000177383423,1.2906999588012695,1.2796000242233276,1.2834999561309814,89569920
2026-06-01 15:00:00+00:00,1.284000039100647,1.2883000373840332,1.277899980545044,1.2800999879837036,110686592
2026-06-01 16:00:00+00:00,1.2803000211715698,1.292099952697754,1.2776000499725342,1.292099952697754,13143168
2026-06-01 17:00:00+00:00,1.292099952697754,1.3026000261306763,1.291700005531311,1.2989000082015991,76532864
2026-06-01 18:00:00+00:00,1.2984999418258667,1.301200032234192,1.2934000492095947,1.294700026512146,26089216
2026-06-01 19:00:00+00:00,1.2948999404907227,1.2997000217437744,1.2926000356674194,1.2980999946594238,15779072
2026-06-01 20:00:00+00:00,1.2984999418258667,1.299399971961975,1.2941999435424805,1.2972999811172485,14874880
2026-06-01 21:00:00+00:00,1.2971999645233154,1.2972999811172485,1.2894999980926514,1.2901999950408936,21140992
2026-06-01 22:00:00+00:00,1.2894999980926514,1.2994999885559082,1.2851999998092651,1.298699975013733,23084544
2026-06-01 23:00:00+00:00,1.299399971961975,1.299399971961975,1.291200041770935,1.2955000400543213,97536
2026-06-02 00:00:00+00:00,1.2950999736785889,1.2950999736785889,1.2864999771118164,1.2871999740600586,0
2026-06-02 01:00:00+00:00,1.287500023841858,1.2890000343322754,1.2777999639511108,1.2777999639511108,18107136
2026-06-02 02:00:00+00:00,1.2785999774932861,1.2833000421524048,1.267799973487854,1.2828999757766724,50766336
2026-06-02 03:00:00+00:00,1.2826999425888062,1.2870999574661255,1.2803000211715698,1.2862999439239502,18948608
2026-06-02 04:00:00+00:00,1.2867000102996826,1.2878999710083008,1.2782000303268433,1.27839994430542,0
2026-06-02 05:00:00+00:00,1.2782000303268433,1.2791999578475952,1.2655999660491943,1.2656999826431274,23330816
2026-06-02 06:00:00+00:00,1.2656999826431274,1.270300030708313,1.2615000009536743,1.263800024986267,5413376
2026-06-02 07:00:00+00:00,1.2646000385284424,1.2700999975204468,1.257699966430664,1.2662999629974365,35745536
2026-06-02 08:00:00+00:00,1.2666000127792358,1.2675000429153442,1.2604999542236328,1.2626999616622925,0
2026-06-02 09:00:00+00:00,1.263200044631958,1.2633999586105347,1.2554999589920044,1.2577999830245972,25950208
2026-06-02 10:00:00+00:00,1.2580000162124634,1.2661000490188599,1.2558000087738037,1.2654999494552612,5423360
2026-06-02 11:00:00+00:00,1.2651000022888184,1.2652000188827515,1.257699966430664,1.2594000101089478,7041792
2026-06-02 12:00:00+00:00,1.2594000101089478,1.26419997215271,1.2574000358581543,1.2621999979019165,0
2026-06-02 13:00:00+00:00,1.2620999813079834,1.266800045967102,1.2577999830245972,1.2594000101089478,0
2026-06-02 14:00:00+00:00,1.2582999467849731,1.2590999603271484,1.226099967956543,1.2329000234603882,151883648
2026-06-02 15:00:00+00:00,1.2336000204086304,1.2346999645233154,1.215000033378601,1.2201999425888062,174668288
2026-06-02 16:00:00+00:00,1.219599962234497,1.2409000396728516,1.2178000211715698,1.2304999828338623,88919040
2026-06-02 17:00:00+00:00,1.2304999828338623,1.2417999505996704,1.2297999858856201,1.2343000173568726,0
2026-06-02 18:00:00+00:00,1.2345000505447388,1.2381000518798828,1.2167999744415283,1.222000002861023,53344512
2026-06-02 19:00:00+00:00,1.2222000360488892,1.228700041770935,1.205399990081787,1.2194000482559204,140821504
2026-06-02 20:00:00+00:00,1.219599962234497,1.2259000539779663,1.211400032043457,1.221500039100647,73308416
2026-06-02 21:00:00+00:00,1.221500039100647,1.2307000160217285,1.218400001525879,1.2249000072479248,34903296
2026-06-02 22:00:00+00:00,1.2244000434875488,1.2244000434875488,1.1948000192642212,1.1993000507354736,103187712
2026-06-02 23:00:00+00:00,1.2000999450683594,1.2109999656677246,1.1962000131607056,1.2101000547409058,184370176
2026-06-03 00:00:00+00:00,1.2106000185012817,1.2239999771118164,1.2102999687194824,1.2230000495910645,70658816
2026-06-03 01:00:00+00:00,1.2232999801635742,1.2303999662399292,1.2168999910354614,1.2218999862670898,0
2026-06-03 02:00:00+00:00,1.2217999696731567,1.222499966621399,1.21589994430542,1.2188999652862549,0
2026-06-03 03:00:00+00:00,1.2188999652862549,1.2213000059127808,1.1885000467300415,1.1964999437332153,92837888
2026-06-03 04:00:00+00:00,1.1969000101089478,1.2173000574111938,1.1969000101089478,1.2166999578475952,77681920
2026-06-03 05:00:00+00:00,1.2174999713897705,1.233299970626831,1.2171000242233276,1.2308000326156616,67349248
2026-06-03 06:00:00+00:00,1.2309000492095947,1.2447999715805054,1.2301000356674194,1.2369999885559082,32292864
2026-06-03 07:00:00+00:00,1.2376999855041504,1.2474000453948975,1.2360999584197998,1.2417000532150269,0
2026-06-03 08:00:00+00:00,1.2412999868392944,1.243499994277954,1.2372000217437744,1.2410999536514282,0
2026-06-03 09:00:00+00:00,1.2414000034332275,1.2430000305175781,1.233299970626831,1.2365000247955322,0
2026-06-03 10:00:00+00:00,1.2365000247955322,1.2426999807357788,1.2359000444412231,1.2401000261306763,11088128
2026-06-03 11:00:00+00:00,1.2400000095367432,1.243299961090088,1.2323999404907227,1.2353999614715576,0
2026-06-03 12:00:00+00:00,1.2354999780654907,1.2359999418258667,1.2294000387191772,1.2338000535964966,13876224
2026-06-03 13:00:00+00:00,1.2339999675750732,1.2359000444412231,1.2243000268936157,1.229200005531311,0
2026-06-03 14:00:00+00:00,1.229099988937378,1.2318999767303467,1.2207000255584717,1.229200005531311,0
2026-06-03 15:00:00+00:00,1.2288000583648682,1.2299000024795532,1.2194000482559204,1.2232999801635742,0
2026-06-03 16:00:00+00:00,1.2240999937057495,1.2265000343322754,1.2071000337600708,1.2209999561309814,0
2026-06-03 17:00:00+00:00,1.2216999530792236,1.2271000146865845,1.2115000486373901,1.219599962234497,0
2026-06-03 18:00:00+00:00,1.2196999788284302,1.2230000495910645,1.2115000486373901,1.2167999744415283,0
2026-06-03 19:00:00+00:00,1.2164000272750854,1.217900037765503,1.200600028038025,1.2024999856948853,0
2026-06-03 20:00:00+00:00,1.2021000385284424,1.2059999704360962,1.1861000061035156,1.1923999786376953,14178560
2026-06-03 21:00:00+00:00,1.192199945449829,1.218400001525879,1.1900999546051025,1.216599941253662,69465600
2026-06-03 22:00:00+00:00,1.216599941253662,1.2181999683380127,1.2024999856948853,1.204699993133545,0
2026-06-03 23:00:00+00:00,1.204800009727478,1.2055000066757202,1.1964999437332153,1.1994999647140503,0
2026-06-04 00:00:00+00:00,1.1994999647140503,1.2062000036239624,1.1861000061035156,1.1917999982833862,73058816
2026-06-04 01:00:00+00:00,1.1920000314712524,1.195099949836731,1.1548999547958374,1.159500002861023,193565440
2026-06-04 02:00:00+00:00,1.1607999801635742,1.1857000589370728,1.1416000127792358,1.1801999807357788,348715264
2026-06-04 03:00:00+00:00,1.180999994277954,1.2096999883651733,1.1805000305175781,1.207900047302246,4163072
2026-06-04 04:00:00+00:00,1.2077000141143799,1.2103999853134155,1.1992000341415405,1.2003999948501587,0
2026-06-04 05:00:00+00:00,1.2000000476837158,1.2001999616622925,1.1829999685287476,1.1866999864578247,0
2026-06-04 06:00:00+00:00,1.186400055885315,1.1984000205993652,1.1855000257492065,1.188099980354309,0
2026-06-04 07:00:00+00:00,1.1887999773025513,1.1890000104904175,1.166200041770935,1.1663999557495117,0
2026-06-04 08:00:00+00:00,1.167099952697754,1.1708999872207642,1.159999966621399,1.1663999557495117,69422080
2026-06-04 09:00:00+00:00,1.166200041770935,1.166200041770935,1.1437000036239624,1.1604000329971313,74428672
2026-06-04 10:00:00+00:00,1.1598000526428223,1.1610000133514404,1.1432000398635864,1.1473000049591064,5078272
2026-06-04 11:00:00+00:00,1.1474000215530396,1.156999945640564,1.1404999494552612,1.1547000408172607,184156160
2026-06-04 12:00:00+00:00,1.1552000045776367,1.1805000305175781,1.1492999792099,1.1789000034332275,128257536
2026-06-04 13:00:00+00:00,1.1785000562667847,1.1813000440597534,1.1620999574661255,1.1777000427246094,71290624
2026-06-04 14:00:00+00:00,1.1790000200271606,1.1811000108718872,1.1670000553131104,1.1719000339508057,24980480
2026-06-04 15:00:00+00:00,1.1713000535964966,1.181399941444397,1.1648999452590942,1.1678999662399292,1473024
2026-06-04 16:00:00+00:00,1.1676000356674194,1.1720000505447388,1.159600019454956,1.1687999963760376,0
2026-06-04 17:00:00+00:00,1.1686999797821045,1.1740000247955322,1.1584999561309814,1.1682000160217285,10480384
2026-06-04 18:00:00+00:00,1.169100046157837,1.1815999746322632,1.1621999740600586,1.1780999898910522,25864960
2026-06-04 19:00:00+00:00,1.1777000427246094,1.1822999715805054,1.1713000535964966,1.1735999584197998,0
2026-06-04 20:00:00+00:00,1.1740000247955322,1.1765999794006348,1.1651999950408936,1.1746000051498413,0
2026-06-04 21:00:00+00:00,1.174399971961975,1.17739999294281,1.1557999849319458,1.1577999591827393,0
2026-06-04 22:00:00+00:00,1.156599998474121,1.169100046157837,1.1539000272750854,1.1683000326156616,2504448
2026-06-04 23:00:00+00:00,1.1677000522613525,1.1708999872207642,1.1577999591827393,1.1676000356674194,0
2026-06-05 00:00:00+00:00,1.166599988937378,1.17330002784729,1.159500002861023,1.1601999998092651,0
2026-06-05 01:00:00+00:00,1.1597000360488892,1.1603000164031982,1.1502000093460083,1.156000018119812,0
2026-06-05 02:00:00+00:00,1.1555999517440796,1.156499981880188,1.1337000131607056,1.1344000101089478,0
2026-06-05 03:00:00+00:00,1.1341999769210815,1.1460000276565552,1.1318000555038452,1.1333999633789062,0
2026-06-05 04:00:00+00:00,1.1339999437332153,1.1475000381469727,1.1306999921798706,1.1461999416351318,21696256
2026-06-05 05:00:00+00:00,1.1468000411987305,1.1476999521255493,1.1196000576019287,1.1198999881744385,23032832
2026-06-05 06:00:00+00:00,1.1195000410079956,1.125,1.0920000076293945,1.1175999641418457,321981952
2026-06-05 07:00:00+00:00,1.1175999641418457,1.1371999979019165,1.1043000221252441,1.135599970817566,113598464
2026-06-05 08:00:00+00:00,1.135200023651123,1.135200023651123,1.1159000396728516,1.1176999807357788,0
2026-06-05 09:00:00+00:00,1.1186000108718872,1.1390000581741333,1.1181000471115112,1.1390000581741333,0
2026-06-05 10:00:00+00:00,1.1394000053405762,1.144700050354004,1.1301000118255615,1.135699987411499,0
2026-06-05 11:00:00+00:00,1.1348999738693237,1.1349999904632568,1.1174999475479126,1.1180000305175781,0
2026-06-05 12:00:00+00:00,1.1181999444961548,1.125100016593933,1.1089999675750732,1.11899995803833,0
2026-06-05 13:00:00+00:00,1.11899995803833,1.1365000009536743,1.1008000373840332,1.1016000509262085,57301760
2026-06-05 14:00:00+00:00,1.101699948310852,1.1168999671936035,1.0978000164031982,1.1062999963760376,136135680
2026-06-05 15:00:00+00:00,1.105299949645996,1.1089999675750732,1.091599941253662,1.0994000434875488,167695872
2026-06-05 16:00:00+00:00,1.0992000102996826,1.1217000484466553,1.0843000411987305,1.1195000410079956,231099648
2026-06-05 17:00:00+00:00,1.1196000576019287,1.121399998664856,1.0997999906539917,1.1085000038146973,35386112
2026-06-05 18:00:00+00:00,1.1083999872207642,1.1124999523162842,1.079699993133545,1.082800030708313,99404288
2026-06-05 19:00:00+00:00,1.0824999809265137,1.1030999422073364,1.0688999891281128,1.0980000495910645,205335296
2026-06-05 20:00:00+00:00,1.0981999635696411,1.117799997329712,1.0850000381469727,1.1152000427246094,146779136
2026-06-05 21:00:00+00:00,1.1150000095367432,1.1193000078201294,1.1105999946594238,1.1115000247955322,50052096
2026-06-05 22:00:00+00:00,1.1109999418258667,1.1110999584197998,1.0987000465393066,1.1058000326156616,13535232
2026-06-05 23:00:00+00:00,1.1059999465942383,1.1153000593185425,1.086899995803833,1.0973999500274658,40260096
2026-06-06 00:00:00+00:00,1.0976999998092651,1.1124000549316406,1.0976999998092651,1.1105999946594238,31343616
2026-06-06 01:00:00+00:00,1.1110999584197998,1.1138999462127686,1.100000023841858,1.1008000373840332,0
2026-06-06 02:00:00+00:00,1.1003999710083008,1.1030000448226929,1.0918999910354614,1.0953999757766724,0
2026-06-06 03:00:00+00:00,1.0951000452041626,1.0954999923706055,1.083400011062622,1.0853999853134155,0
2026-06-06 04:00:00+00:00,1.0852999687194824,1.090000033378601,1.0520999431610107,1.0578999519348145,77098240
2026-06-06 05:00:00+00:00,1.0579999685287476,1.090399980545044,1.0503000020980835,1.0889999866485596,73595904
2026-06-06 06:00:00+00:00,1.0894999504089355,1.1002999544143677,1.080399990081787,1.0821000337600708,0
2026-06-06 07:00:00+00:00,1.0821000337600708,1.0976999998092651,1.0809999704360962,1.0916999578475952,0
2026-06-06 08:00:00+00:00,1.0918999910354614,1.1032999753952026,1.089400053024292,1.0982999801635742,0
2026-06-06 09:00:00+00:00,1.0976999998092651,1.1024999618530273,1.0884000062942505,1.090999960899353,0
2026-06-06 10:00:00+00:00,1.0911999940872192,1.0911999940872192,1.0722999572753906,1.080199956893921,3812352
2026-06-06 11:00:00+00:00,1.079300045967102,1.0888999700546265,1.0789999961853027,1.0872000455856323,0
2026-06-06 12:00:00+00:00,1.0870000123977661,1.0978000164031982,1.080299973487854,1.0954999923706055,0
2026-06-06 13:00:00+00:00,1.0951000452041626,1.1017999649047852,1.0915000438690186,1.0976999998092651,0
2026-06-06 14:00:00+00:00,1.0973000526428223,1.1092000007629395,1.097000002861023,1.1024999618530273,0
2026-06-06 15:00:00+00:00,1.1030999422073364,1.103600025177002,1.0859999656677246,1.0954999923706055,0
2026-06-06 16:00:00+00:00,1.0951000452041626,1.101099967956543,1.0880000591278076,1.0950000286102295,0
2026-06-06 17:00:00+00:00,1.0947999954223633,1.0973999500274658,1.0806000232696533,1.082200050354004,0
2026-06-06 18:00:00+00:00,1.0821000337600708,1.0855000019073486,1.0791000127792358,1.0841000080108643,0
2026-06-06 19:00:00+00:00,1.0839999914169312,1.089400053024292,1.0801000595092773,1.080399990081787,0
2026-06-06 20:00:00+00:00,1.080299973487854,1.0851999521255493,1.0772000551223755,1.0844999551773071,0
2026-06-06 21:00:00+00:00,1.0844999551773071,1.0932999849319458,1.0842000246047974,1.0872999429702759,0
2026-06-06 22:00:00+00:00,1.0872999429702759,1.0893000364303589,1.0809999704360962,1.086300015449524,0
2026-06-06 23:00:00+00:00,1.0861999988555908,1.0944000482559204,1.0856000185012817,1.093000054359436,0
2026-06-07 00:00:00+00:00,1.093000054359436,1.0968999862670898,1.0887999534606934,1.0887999534606934,0
2026-06-07 01:00:00+00:00,1.0886000394821167,1.1196999549865723,1.0879000425338745,1.1160000562667847,71750656
2026-06-07 02:00:00+00:00,1.1157000064849854,1.1225999593734741,1.1067999601364136,1.1188000440597534,10996736
2026-06-07 03:00:00+00:00,1.1188000440597534,1.1239999532699585,1.114799976348877,1.1181000471115112,0
2026-06-07 04:00:00+00:00,1.1180000305175781,1.1217999458312988,1.1096999645233154,1.1207000017166138,0
2026-06-07 05:00:00+00:00,1.12090003490448,1.1260000467300415,1.118499994277954,1.1195000410079956,0
2026-06-07 06:00:00+00:00,1.1193000078201294,1.1288000345230103,1.1152000427246094,1.1253000497817993,0
2026-06-07 07:00:00+00:00,1.1246999502182007,1.1368999481201172,1.1227999925613403,1.1367000341415405,7783936
2026-06-07 08:00:00+00:00,1.1367000341415405,1.1550999879837036,1.1301000118255615,1.1550999879837036,32422656
2026-06-07 09:00:00+00:00,1.1549999713897705,1.1692999601364136,1.145400047302246,1.1454999446868896,129354496
2026-06-07 10:00:00+00:00,1.1455999612808228,1.1466000080108643,1.1325000524520874,1.1348999738693237,0
2026-06-07 11:00:00+00:00,1.1349999904632568,1.1406999826431274,1.132599949836731,1.1396000385284424,6019968
2026-06-07 12:00:00+00:00,1.1398999691009521,1.1402000188827515,1.118399977684021,1.1232999563217163,16182528
2026-06-07 13:00:00+00:00,1.1230000257492065,1.1246000528335571,1.1203999519348145,1.1217999458312988,0
2026-06-07 14:00:00+00:00,1.1217999458312988,1.1368000507354736,1.1217000484466553,1.1330000162124634,0
2026-06-07 15:00:00+00:00,1.132599949836731,1.1363999843597412,1.1282000541687012,1.1332999467849731,0
2026-06-07 16:00:00+00:00,1.1337000131607056,1.1390999555587769,1.1303000450134277,1.1375000476837158,0
2026-06-07 17:00:00+00:00,1.1366000175476074,1.1456999778747559,1.136199951171875,1.1441999673843384,0
2026-06-07 18:00:00+00:00,1.1442999839782715,1.1509000062942505,1.1405999660491943,1.1407999992370605,0
2026-06-07 19:00:00+00:00,1.1410000324249268,1.1410000324249268,1.1207000017166138,1.1243000030517578,73540992
2026-06-07 20:00:00+00:00,1.1227999925613403,1.135699987411499,1.1212999820709229,1.1318999528884888,7423232
2026-06-07 21:00:00+00:00,1.1319999694824219,1.1332000494003296,1.1253000497817993,1.1297999620437622,0
2026-06-07 22:00:00+00:00,1.1303999423980713,1.1700999736785889,1.1276999711990356,1.152899980545044,166605568
2026-06-07 23:00:00+00:00,1.1521999835968018,1.159600019454956,1.1500999927520752,1.1549999713897705,53766272
2026-06-08 00:00:00+00:00,1.1548999547958374,1.1669000387191772,1.148300051689148,1.1628999710083008,74515712
2026-06-08 01:00:00+00:00,1.1629999876022339,1.1643999814987183,1.1419999599456787,1.156599998474121,0
2026-06-08 02:00:00+00:00,1.1567000150680542,1.1612999439239502,1.151900053024292,1.156000018119812,4141824
2026-06-08 03:00:00+00:00,1.1562000513076782,1.1606999635696411,1.1483999490737915,1.1510000228881836,0
2026-06-08 04:00:00+00:00,1.1514999866485596,1.1519999504089355,1.138700008392334,1.1396000385284424,19618816
2026-06-08 05:00:00+00:00,1.1399999856948853,1.142699956893921,1.1313999891281128,1.1358000040054321,8833280
2026-06-08 06:00:00+00:00,1.1358000040054321,1.1426000595092773,1.1354999542236328,1.1404000520706177,0
2026-06-08 07:00:00+00:00,1.1405999660491943,1.1497999429702759,1.1371999979019165,1.1469999551773071,3656192
2026-06-08 08:00:00+00:00,1.1467000246047974,1.1469000577926636,1.1353000402450562,1.138800024986267,0
2026-06-08 09:00:00+00:00,1.1390000581741333,1.1491999626159668,1.1390000581741333,1.1490999460220337,0
2026-06-08 10:00:00+00:00,1.1491999626159668,1.1514999866485596,1.1424000263214111,1.1440000534057617,0
2026-06-08 11:00:00+00:00,1.1440000534057617,1.164199948310852,1.142300009727478,1.157099962234497,46556416
2026-06-08 12:00:00+00:00,1.157099962234497,1.169600009918213,1.1455999612808228,1.1684000492095947,6560256
2026-06-08 13:00:00+00:00,1.1692999601364136,1.169700026512146,1.1548000574111938,1.1617000102996826,80741760
2026-06-08 14:00:00+00:00,1.1619999408721924,1.174399971961975,1.1569000482559204,1.1721999645233154,35532416
2026-06-08 15:00:00+00:00,1.1730999946594238,1.1849000453948975,1.1684000492095947,1.170300006866455,88360448
2026-06-08 16:00:00+00:00,1.1705000400543213,1.176800012588501,1.163599967956543,1.164199948310852,36752896
2026-06-08 17:00:00+00:00,1.1644999980926514,1.1723999977111816,1.1576000452041626,1.1723999977111816,23521792
2026-06-08 18:00:00+00:00,1.172700047492981,1.1792999505996704,1.170799970626831,1.1739000082015991,27945728
2026-06-08 19:00:00+00:00,1.1741000413894653,1.1859999895095825,1.173200011253357,1.1786999702453613,0
2026-06-08 20:00:00+00:00,1.1797000169754028,1.1812000274658203,1.1685999631881714,1.1764999628067017,21368320
2026-06-08 21:00:00+00:00,1.177299976348877,1.1854000091552734,1.1771999597549438,1.1806000471115112,27975936
2026-06-08 22:00:00+00:00,1.1792000532150269,1.179800033569336,1.1715999841690063,1.17739999294281,0
2026-06-08 23:00:00+00:00,1.1771999597549438,1.18149995803833,1.1660000085830688,1.1678999662399292,0
2026-06-09 00:00:00+00:00,1.1675000190734863,1.170799970626831,1.1518000364303589,1.152500033378601,0
2026-06-09 01:00:00+00:00,1.1526000499725342,1.156999945640564,1.1492999792099,1.1507999897003174,0
2026-06-09 02:00:00+00:00,1.1505999565124512,1.1543999910354614,1.1433000564575195,1.1519999504089355,0
2026-06-09 03:00:00+00:00,1.1526999473571777,1.156000018119812,1.1500999927520752,1.1543999910354614,0
2026-06-09 04:00:00+00:00,1.1541999578475952,1.1714999675750732,1.1505000591278076,1.1660000085830688,28479360
2026-06-09 05:00:00+00:00,1.1658999919891357,1.1755000352859497,1.1618000268936157,1.1723999977111816,0
2026-06-09 06:00:00+00:00,1.1728999614715576,1.1761000156402588,1.1705000400543213,1.1717000007629395,3817344
2026-06-09 07:00:00+00:00,1.1720999479293823,1.1756999492645264,1.1658999919891357,1.1706000566482544,5215360
2026-06-09 08:00:00+00:00,1.1708999872207642,1.1718000173568726,1.1641000509262085,1.167199969291687,2852608
2026-06-09 09:00:00+00:00,1.166700005531311,1.169600009918213,1.1582000255584717,1.15910005569458,285184
2026-06-09 10:00:00+00:00,1.159600019454956,1.1605000495910645,1.1543999910354614,1.1586999893188477,0
2026-06-09 11:00:00+00:00,1.1586999893188477,1.1586999893188477,1.1521999835968018,1.1549999713897705,0
2026-06-09 12:00:00+00:00,1.1542999744415283,1.1632000207901,1.1542999744415283,1.1621999740600586,0
2026-06-09 13:00:00+00:00,1.1634000539779663,1.166100025177002,1.1539000272750854,1.1574000120162964,0
2026-06-09 14:00:00+00:00,1.1569000482559204,1.159000039100647,1.1305999755859375,1.136199951171875,37166592
2026-06-09 15:00:00+00:00,1.136199951171875,1.1410000324249268,1.126099944114685,1.1267000436782837,0
2026-06-09 16:00:00+00:00,1.127500057220459,1.1305999755859375,1.117900013923645,1.1272000074386597,36084224
2026-06-09 17:00:00+00:00,1.1276999711990356,1.146399974822998,1.1272000074386597,1.1374000310897827,35284992
2026-06-09 18:00:00+00:00,1.1377999782562256,1.1448999643325806,1.1348999738693237,1.138100028038025,0
2026-06-09 19:00:00+00:00,1.138100028038025,1.1440999507904053,1.1349999904632568,1.1390999555587769,0
2026-06-09 20:00:00+00:00,1.1396000385284424,1.144700050354004,1.1382999420166016,1.1430000066757202,0
2026-06-09 21:00:00+00:00,1.1431000232696533,1.1435999870300293,1.1339999437332153,1.1361000537872314,0
2026-06-09 22:00:00+00:00,1.1361000537872314,1.1406999826431274,1.1332000494003296,1.1348999738693237,0
2026-06-09 23:00:00+00:00,1.1348999738693237,1.1389000415802002,1.1333999633789062,1.1368999481201172,0
2026-06-10 00:00:00+00:00,1.1376999616622925,1.1405999660491943,1.1266000270843506,1.1363999843597412,0
2026-06-10 01:00:00+00:00,1.1367000341415405,1.1368000507354736,1.1266000270843506,1.128499984741211,0
2026-06-10 02:00:00+00:00,1.1283999681472778,1.1303999423980713,1.1150000095367432,1.1164000034332275,0
2026-06-10 03:00:00+00:00,1.1166000366210938,1.1231000423431396,1.1160000562667847,1.1186000108718872,7359360
2026-06-10 04:00:00+00:00,1.1186000108718872,1.1217999458312988,1.1130000352859497,1.1152000427246094,0
2026-06-10 05:00:00+00:00,1.115399956703186,1.1167999505996704,1.1089999675750732,1.111199975013733,0
2026-06-10 06:00:00+00:00,1.1114000082015991,1.1134999990463257,1.1061999797821045,1.1110999584197998,2788736
2026-06-10 07:00:00+00:00,1.1116000413894653,1.118899941444397,1.1109999418258667,1.1162999868392944,0
2026-06-10 08:00:00+00:00,1.1160999536514282,1.1161999702453613,1.1049000024795532,1.1067999601364136,5377152
2026-06-10 09:00:00+00:00,1.1067999601364136,1.1096999645233154,1.100600004196167,1.1092000007629395,5834624
2026-06-10 10:00:00+00:00,1.1085000038146973,1.11080002784729,1.104699969291687,1.1102999448776245,0
2026-06-10 11:00:00+00:00,1.110200047492981,1.1105999946594238,1.101099967956543,1.103600025177002,32032768
2026-06-10 12:00:00+00:00,1.103600025177002,1.1229000091552734,1.1018999814987183,1.1169999837875366,57056000
2026-06-10 13:00:00+00:00,1.1172000169754028,1.1366000175476074,1.1152000427246094,1.1291999816894531,61717632
2026-06-10 14:00:00+00:00,1.1289000511169434,1.129699945449829,1.117400050163269,1.123900055885315,0
2026-06-10 15:00:00+00:00,1.1241999864578247,1.1318999528884888,1.117400050163269,1.1275999546051025,0
2026-06-10 16:00:00+00:00,1.1276999711990356,1.128499984741211,1.1079000234603882,1.1131000518798828,0
2026-06-10 17:00:00+00:00,1.1133999824523926,1.1174999475479126,1.1025999784469604,1.1090999841690063,0
2026-06-10 18:00:00+00:00,1.1095000505447388,1.1098999977111816,1.0985000133514404,1.1060999631881714,28711936
2026-06-10 19:00:00+00:00,1.1060999631881714,1.1061999797821045,1.0963000059127808,1.097000002861023,16715520
2026-06-10 20:00:00+00:00,1.097100019454956,1.1023000478744507,1.0936000347137451,1.0981999635696411,13146240
2026-06-10 21:00:00+00:00,1.0979000329971313,1.0981999635696411,1.0887999534606934,1.091599941253662,26912768
2026-06-10 22:00:00+00:00,1.0916999578475952,1.0987000465393066,1.0891000032424927,1.093999981880188,33746560
2026-06-10 23:00:00+00:00,1.092900037765503,1.0982999801635742,1.0887999534606934,1.0959999561309814,30731648
2026-06-11 00:00:00+00:00,1.0961999893188477,1.1032999753952026,1.0956000089645386,1.1013000011444092,0
2026-06-11 01:00:00+00:00,1.1013000011444092,1.1188000440597534,1.101199984550476,1.11489999294281,31631488
2026-06-11 02:00:00+00:00,1.1155999898910522,1.1167000532150269,1.1038999557495117,1.108199954032898,0
2026-06-11 03:00:00+00:00,1.108299970626831,1.1210999488830566,1.104699969291687,1.118399977684021,21144576
2026-06-11 04:00:00+00:00,1.1180000305175781,1.120300054550171,1.1134999990463257,1.118399977684021,21883008
2026-06-11 05:00:00+00:00,1.118399977684021,1.118399977684021,1.1131999492645264,1.1134999990463257,0
2026-06-11 06:00:00+00:00,1.1134999990463257,1.1196000576019287,1.1109999418258667,1.1133999824523926,0
2026-06-11 07:00:00+00:00,1.1132999658584595,1.1160000562667847,1.1105999946594238,1.1138999462127686,0
2026-06-11 08:00:00+00:00,1.1141999959945679,1.1224000453948975,1.1141999959945679,1.1197999715805054,0
2026-06-11 09:00:00+00:00,1.1200000047683716,1.1203999519348145,1.1153000593185425,1.1160000562667847,0
2026-06-11 10:00:00+00:00,1.1160999536514282,1.1238000392913818,1.1131999492645264,1.1205999851226807,22634368
2026-06-11 11:00:00+00:00,1.1202000379562378,1.1246000528335571,1.1180000305175781,1.1212999820709229,0
2026-06-11 12:00:00+00:00,1.1212999820709229,1.121399998664856,1.107800006866455,1.1129000186920166,0
2026-06-11 13:00:00+00:00,1.1124000549316406,1.1190999746322632,1.1068999767303467,1.1154999732971191,0
2026-06-11 14:00:00+00:00,1.115399956703186,1.1175999641418457,1.1097999811172485,1.111899971961975,0
2026-06-11 15:00:00+00:00,1.1117000579833984,1.1167000532150269,1.1061999797821045,1.1117000579833984,0
2026-06-11 16:00:00+00:00,1.1119999885559082,1.1138999462127686,1.105299949645996,1.1068999767303467,0
2026-06-11 17:00:00+00:00,1.1066999435424805,1.1413999795913696,1.1032999753952026,1.138100028038025,89208192
2026-06-11 18:00:00+00:00,1.139799952507019,1.1447999477386475,1.1330000162124634,1.1368000507354736,16718848
2026-06-11 19:00:00+00:00,1.1363999843597412,1.1484999656677246,1.1332000494003296,1.142199993133545,9550976
2026-06-11 20:00:00+00:00,1.1425000429153442,1.1425000429153442,1.13100004196167,1.1347999572753906,6857856
2026-06-11 21:00:00+00:00,1.1344000101089478,1.1418999433517456,1.1344000101089478,1.1402000188827515,0
2026-06-11 22:00:00+00:00,1.139799952507019,1.1449999809265137,1.1394000053405762,1.1420999765396118,0
2026-06-11 23:00:00+00:00,1.141800045967102,1.1431000232696533,1.1376999616622925,1.1411999464035034,0
2026-06-12 00:00:00+00:00,1.1412999629974365,1.1439000368118286,1.1377999782562256,1.1411000490188599,0
2026-06-12 01:00:00+00:00,1.1409000158309937,1.1411000490188599,1.1349999904632568,1.1384999752044678,0
2026-06-12 02:00:00+00:00,1.1384999752044678,1.148300051689148,1.1384999752044678,1.1447999477386475,0
2026-06-12 03:00:00+00:00,1.1447999477386475,1.1454999446868896,1.1390999555587769,1.1426000595092773,0
2026-06-12 04:00:00+00:00,1.1430000066757202,1.1490999460220337,1.1407999992370605,1.1449999809265137,0
2026-06-12 05:00:00+00:00,1.145400047302246,1.145400047302246,1.1375999450683594,1.1384999752044678,2794752
2026-06-12 06:00:00+00:00,1.1378999948501587,1.1398999691009521,1.1262999773025513,1.1283999681472778,0
2026-06-12 07:00:00+00:00,1.12909996509552,1.1344000101089478,1.12909996509552,1.1324000358581543,7167104
2026-06-12 08:00:00+00:00,1.132599949836731,1.143399953842163,1.132599949836731,1.1411000490188599,8022784
2026-06-12 09:00:00+00:00,1.1412999629974365,1.1505000591278076,1.1378999948501587,1.1454999446868896,35043584
2026-06-12 10:00:00+00:00,1.1455999612808228,1.1476999521255493,1.13919997215271,1.1419999599456787,0
2026-06-12 11:00:00+00:00,1.142199993133545,1.1440000534057617,1.1397000551223755,1.1403000354766846,0
2026-06-12 12:00:00+00:00,1.1397000551223755,1.1411999464035034,1.1333999633789062,1.134600043296814,0
2026-06-12 13:00:00+00:00,1.134600043296814,1.1359000205993652,1.125,1.128999948501587,10050560
2026-06-12 14:00:00+00:00,1.128499984741211,1.1490999460220337,1.128499984741211,1.1476999521255493,46089088
2026-06-12 15:00:00+00:00,1.1481000185012817,1.156499981880188,1.1266000270843506,1.1279000043869019,67258112
2026-06-12 16:00:00+00:00,1.1279000043869019,1.1358000040054321,1.125599980354309,1.13510000705719,44068992
2026-06-12 17:00:00+00:00,1.135200023651123,1.1376999616622925,1.129699945449829,1.1312999725341797,0
2026-06-12 18:00:00+00:00,1.131600022315979,1.1339000463485718,1.1274000406265259,1.1296000480651855,0
2026-06-12 19:00:00+00:00,1.1296000480651855,1.135599970817566,1.1294000148773193,1.131100058555603,0
2026-06-12 20:00:00+00:00,1.131100058555603,1.1344000101089478,1.1292999982833862,1.1324000358581543,0
2026-06-12 21:00:00+00:00,1.1325000524520874,1.134600043296814,1.12909996509552,1.1294000148773193,0
2026-06-12 22:00:00+00:00,1.1291999816894531,1.1318000555038452,1.1276999711990356,1.1303000450134277,0
2026-06-12 23:00:00+00:00,1.1303000450134277,1.132699966430664,1.128000020980835,1.1318000555038452,0
2026-06-13 00:00:00+00:00,1.1318000555038452,1.1349999904632568,1.1308000087738037,1.1340999603271484,0
2026-06-13 01:00:00+00:00,1.1341999769210815,1.1404000520706177,1.1341999769210815,1.139299988746643,0
2026-06-13 02:00:00+00:00,1.1394000053405762,1.1394000053405762,1.1324000358581543,1.1339000463485718,0
2026-06-13 03:00:00+00:00,1.1339000463485718,1.1363999843597412,1.1305999755859375,1.1331000328063965,0
2026-06-13 04:00:00+00:00,1.1331000328063965,1.1363999843597412,1.1324000358581543,1.1327999830245972,0
2026-06-13 05:00:00+00:00,1.1328999996185303,1.1333999633789062,1.1291999816894531,1.132099986076355,0
2026-06-13 06:00:00+00:00,1.132099986076355,1.1377999782562256,1.1304999589920044,1.1367000341415405,0
2026-06-13 07:00:00+00:00,1.1368000507354736,1.1440000534057617,1.1342999935150146,1.1410000324249268,22171776
2026-06-13 08:00:00+00:00,1.1409000158309937,1.145900011062622,1.139799952507019,1.1426000595092773,0
2026-06-13 09:00:00+00:00,1.142699956893921,1.144700050354004,1.1413999795913696,1.1425000429153442,0
2026-06-13 10:00:00+00:00,1.1426000595092773,1.145400047302246,1.141800045967102,1.1439000368118286,0
2026-06-13 11:00:00+00:00,1.1434999704360962,1.148900032043457,1.1434999704360962,1.1478999853134155,0
2026-06-13 12:00:00+00:00,1.1478999853134155,1.1549999713897705,1.1464999914169312,1.15339994430542,0
2026-06-13 13:00:00+00:00,1.1532000303268433,1.1540000438690186,1.1495000123977661,1.1505999565124512,0
2026-06-13 14:00:00+00:00,1.1505000591278076,1.1569000482559204,1.1505000591278076,1.1543999910354614,0
2026-06-13 15:00:00+00:00,1.1545000076293945,1.1603000164031982,1.1517000198364258,1.155900001525879,0
2026-06-13 16:00:00+00:00,1.1561000347137451,1.1562000513076782,1.1435999870300293,1.1464999914169312,0
2026-06-13 17:00:00+00:00,1.1461999416351318,1.1485999822616577,1.142300009727478,1.1435999870300293,0
2026-06-13 18:00:00+00:00,1.1434999704360962,1.1476000547409058,1.1432000398635864,1.1455999612808228,0
2026-06-13 19:00:00+00:00,1.1455999612808228,1.1483999490737915,1.1439000368118286,1.1469999551773071,0
2026-06-13 20:00:00+00:00,1.1469999551773071,1.1469999551773071,1.144700050354004,1.1461999416351318,0
2026-06-13 21:00:00+00:00,1.146399974822998,1.1550999879837036,1.1446000337600708,1.1523000001907349,4793408
2026-06-13 22:00:00+00:00,1.1523000001907349,1.152400016784668,1.148900032043457,1.1497000455856323,0
2026-06-13 23:00:00+00:00,1.1497000455856323,1.152500033378601,1.1485999822616577,1.1497999429702759,0
2026-06-14 00:00:00+00:00,1.1503000259399414,1.1506999731063843,1.1477999687194824,1.1490000486373901,0
2026-06-14 01:00:00+00:00,1.1490999460220337,1.1562000513076782,1.1482000350952148,1.1521999835968018,0
2026-06-14 02:00:00+00:00,1.1516000032424927,1.1553000211715698,1.1507999897003174,1.1512999534606934,0
2026-06-14 03:00:00+00:00,1.1512999534606934,1.154099941253662,1.1505000591278076,1.1532000303268433,0
2026-06-14 04:00:00+00:00,1.1533000469207764,1.1538000106811523,1.146299958229065,1.1478999853134155,8197696
2026-06-14 05:00:00+00:00,1.1480000019073486,1.1491999626159668,1.1440000534057617,1.1476000547409058,2462784
2026-06-14 06:00:00+00:00,1.1477999687194824,1.152899980545044,1.1452000141143799,1.1461000442504883,12977664
2026-06-14 07:00:00+00:00,1.146299958229065,1.146299958229065,1.1424000263214111,1.145799994468689,0
2026-06-14 08:00:00+00:00,1.145900011062622,1.1476000547409058,1.1439000368118286,1.1447999477386475,0
2026-06-14 09:00:00+00:00,1.1447999477386475,1.1483999490737915,1.1404999494552612,1.1480000019073486,9852288
2026-06-14 10:00:00+00:00,1.1480000019073486,1.1483999490737915,1.142199993133545,1.142199993133545,0
2026-06-14 11:00:00+00:00,1.1424000263214111,1.1450999975204468,1.1411999464035034,1.1433000564575195,0
2026-06-14 12:00:00+00:00,1.1434999704360962,1.1438000202178955,1.1368999481201172,1.1370999813079834,0
2026-06-14 13:00:00+00:00,1.1374000310897827,1.13919997215271,1.1328999996185303,1.1345000267028809,0
2026-06-14 14:00:00+00:00,1.1344000101089478,1.136299967765808,1.1263999938964844,1.1312999725341797,12820736
2026-06-14 15:00:00+00:00,1.1311999559402466,1.1354000568389893,1.1311999559402466,1.1344000101089478,0
2026-06-14 16:00:00+00:00,1.1342999935150146,1.1385999917984009,1.1338000297546387,1.136299967765808,0
2026-06-14 17:00:00+00:00,1.136199951171875,1.1383999586105347,1.1318999528884888,1.1323000192642212,0
2026-06-14 18:00:00+00:00,1.132599949836731,1.1347999572753906,1.1302000284194946,1.1318999528884888,0
2026-06-14 19:00:00+00:00,1.1318999528884888,1.1348999738693237,1.1299999952316284,1.1325000524520874,0
2026-06-14 20:00:00+00:00,1.1328999996185303,1.1396000385284424,1.131100058555603,1.1375000476837158,4860416
2026-06-14 21:00:00+00:00,1.1377999782562256,1.1751999855041504,1.1374000310897827,1.1680999994277954,127379264
2026-06-14 22:00:00+00:00,1.169700026512146,1.1761000156402588,1.1621999740600586,1.17330002784729,114753024
2026-06-14 23:00:00+00:00,1.17330002784729,1.1871999502182007,1.1680999994277954,1.1854000091552734,95625088
2026-06-15 00:00:00+00:00,1.1856000423431396,1.1875,1.1806000471115112,1.1842999458312988,78054144
2026-06-15 01:00:00+00:00,1.1845999956130981,1.190999984741211,1.1771999597549438,1.1821000576019287,51948416
2026-06-15 02:00:00+00:00,1.1821000576019287,1.1929999589920044,1.1799999475479126,1.1821999549865723,42953984
2026-06-15 03:00:00+00:00,1.1819000244140625,1.1904000043869019,1.180899977684021,1.1865999698638916,38435584
2026-06-15 04:00:00+00:00,1.1864999532699585,1.187999963760376,1.1818000078201294,1.1833000183105469,12866944
2026-06-15 05:00:00+00:00,1.1830999851226807,1.1875,1.1811000108718872,1.1835999488830566,23700224
2026-06-15 06:00:00+00:00,1.183899998664856,1.186400055885315,1.180999994277954,1.1822999715805054,16244608
2026-06-15 07:00:00+00:00,1.1825000047683716,1.1858999729156494,1.1797000169754028,1.1805000305175781,20376576
2026-06-15 08:00:00+00:00,1.1805000305175781,1.182800054550171,1.1783000230789185,1.180299997329712,15449344
2026-06-15 09:00:00+00:00,1.180400013923645,1.1865999698638916,1.1785000562667847,1.184499979019165,21845248
2026-06-15 10:00:00+00:00,1.1847000122070312,1.198799967765808,1.1832000017166138,1.198799967765808,50537728
2026-06-15 11:00:00+00:00,1.1988999843597412,1.2324999570846558,1.195099949836731,1.231600046157837,274881792
2026-06-15 12:00:00+00:00,1.2316999435424805,1.2477999925613403,1.2259999513626099,1.2380000352859497,176316288
2026-06-15 13:00:00+00:00,1.238700032234192,1.2486000061035156,1.2336000204086304,1.2388999462127686,185133696
2026-06-15 14:00:00+00:00,1.2391999959945679,1.2466000318527222,1.2337000370025635,1.2436000108718872,61390336
2026-06-15 15:00:00+00:00,1.2437000274658203,1.269700050354004,1.2437000274658203,1.2680000066757202,201410304
2026-06-15 16:00:00+00:00,1.2675000429153442,1.2924000024795532,1.257699966430664,1.280500054359436,272646400
2026-06-15 17:00:00+00:00,1.2795000076293945,1.2862000465393066,1.2687000036239624,1.2812000513076782,164255232
2026-06-15 18:00:00+00:00,1.2812000513076782,1.2877999544143677,1.273900032043457,1.281000018119812,99490560
2026-06-15 19:00:00+00:00,1.280400037765503,1.2910000085830688,1.2666000127792358,1.2735999822616577,133853952
2026-06-15 20:00:00+00:00,1.274999976158142,1.2773000001907349,1.2621999979019165,1.2633999586105347,91957248
2026-06-15 21:00:00+00:00,1.2633999586105347,1.2640999555587769,1.2479000091552734,1.2493000030517578,0
2026-06-15 22:00:00+00:00,1.2493000030517578,1.2548999786376953,1.2374000549316406,1.2395000457763672,0
2026-06-15 23:00:00+00:00,1.2395999431610107,1.2416000366210938,1.233299970626831,1.2374000549316406,0
2026-06-16 00:00:00+00:00,1.2373000383377075,1.242400050163269,1.232200026512146,1.2339999675750732,0
2026-06-16 01:00:00+00:00,1.2340999841690063,1.2376999855041504,1.2273999452590942,1.2278000116348267,0
2026-06-16 02:00:00+00:00,1.2280999422073364,1.2282999753952026,1.2130999565124512,1.2166999578475952,14540800
2026-06-16 03:00:00+00:00,1.2173999547958374,1.2271000146865845,1.2156000137329102,1.226699948310852,11788800
2026-06-16 04:00:00+00:00,1.2271000146865845,1.229099988937378,1.2202999591827393,1.2217999696731567,10895104
2026-06-16 05:00:00+00:00,1.222000002861023,1.2269999980926514,1.222000002861023,1.225000023841858,0
2026-06-16 06:00:00+00:00,1.225000023841858,1.2360999584197998,1.225000023841858,1.2350000143051147,27402240
2026-06-16 07:00:00+00:00,1.2351000308990479,1.2380000352859497,1.229599952697754,1.2348999977111816,5140736
2026-06-16 08:00:00+00:00,1.2340999841690063,1.251099944114685,1.232699990272522,1.2470999956130981,59362048
2026-06-16 09:00:00+00:00,1.246999979019165,1.2470999956130981,1.2360999584197998,1.2381000518798828,11334912
2026-06-16 10:00:00+00:00,1.2381999492645264,1.2425999641418457,1.2359999418258667,1.2388999462127686,0
2026-06-16 11:00:00+00:00,1.2388999462127686,1.2416000366210938,1.2337000370025635,1.2369999885559082,0
2026-06-16 12:00:00+00:00,1.2372000217437744,1.2549999952316284,1.2360999584197998,1.243399977684021,0
2026-06-16 13:00:00+00:00,1.2438000440597534,1.2450000047683716,1.2236000299453735,1.2245999574661255,0
2026-06-16 14:00:00+00:00,1.2244999408721924,1.229200005531311,1.204200029373169,1.2085000276565552,19363584
2026-06-16 15:00:00+00:00,1.2085000276565552,1.2163000106811523,1.2062000036239624,1.2086999416351318,0
2026-06-16 16:00:00+00:00,1.2091000080108643,1.2134000062942505,1.2075999975204468,1.2117999792099,0
2026-06-16 17:00:00+00:00,1.2121000289916992,1.2209999561309814,1.2106000185012817,1.2199000120162964,0
2026-06-16 18:00:00+00:00,1.2204999923706055,1.2299000024795532,1.2196999788284302,1.2252999544143677,0
2026-06-16 19:00:00+00:00,1.2253999710083008,1.2253999710083008,1.21589994430542,1.2193000316619873,0
2026-06-16 20:00:00+00:00,1.218999981880188,1.2230000495910645,1.2151999473571777,1.2217999696731567,0
2026-06-16 21:00:00+00:00,1.2218999862670898,1.2244000434875488,1.214900016784668,1.2186000347137451,0
2026-06-16 22:00:00+00:00,1.2186000347137451,1.220900058746338,1.2158000469207764,1.2207000255584717,0
2026-06-16 23:00:00+00:00,1.2209999561309814,1.2230000495910645,1.215000033378601,1.2160999774932861,0
2026-06-17 00:00:00+00:00,1.2161999940872192,1.218999981880188,1.212399959564209,1.2139999866485596,0
2026-06-17 01:00:00+00:00,1.2142000198364258,1.221500039100647,1.207200050354004,1.2204999923706055,6884736
2026-06-17 02:00:00+00:00,1.2207000255584717,1.2268999814987183,1.2148000001907349,1.2180999517440796,0
2026-06-17 03:00:00+00:00,1.2180999517440796,1.2181999683380127,1.2117999792099,1.2151000499725342,0
2026-06-17 04:00:00+00:00,1.215499997138977,1.2199000120162964,1.2132999897003174,1.215999960899353,0
2026-06-17 05:00:00+00:00,1.2160999774932861,1.2213000059127808,1.2132999897003174,1.2168999910354614,0
2026-06-17 06:00:00+00:00,1.2172000408172607,1.2194000482559204,1.2089999914169312,1.2106000185012817,0
2026-06-17 07:00:00+00:00,1.210800051689148,1.2148000001907349,1.2045999765396118,1.208400011062622,14966528
2026-06-17 08:00:00+00:00,1.208400011062622,1.2094999551773071,1.1943000555038452,1.1950000524520874,0
2026-06-17 09:00:00+00:00,1.1950000524520874,1.198099970817566,1.193600058555603,1.1967999935150146,0
2026-06-17 10:00:00+00:00,1.1970000267028809,1.1979000568389893,1.193600058555603,1.1952999830245972,0
2026-06-17 11:00:00+00:00,1.1955000162124634,1.1964999437332153,1.1878000497817993,1.1919000148773193,19290624
2026-06-17 12:00:00+00:00,1.1926000118255615,1.1971999406814575,1.1884000301361084,1.1967999935150146,0
2026-06-17 13:00:00+00:00,1.1964999437332153,1.2059999704360962,1.1956000328063965,1.2002999782562256,0
2026-06-17 14:00:00+00:00,1.1996999979019165,1.2030999660491943,1.188099980354309,1.1943000555038452,15056512
2026-06-17 15:00:00+00:00,1.1943999528884888,1.2128000259399414,1.1924999952316284,1.2127000093460083,13186432
2026-06-17 16:00:00+00:00,1.2130999565124512,1.2239999771118164,1.2108999490737915,1.2117999792099,30354304
2026-06-17 17:00:00+00:00,1.2122999429702759,1.2180999517440796,1.2080999612808228,1.2167999744415283,11713024
2026-06-17 18:00:00+00:00,1.2130000591278076,1.2178000211715698,1.1928000450134277,1.2080999612808228,108356608
2026-06-17 19:00:00+00:00,1.2086999416351318,1.2086999416351318,1.2086999416351318,1.2086999416351318,0
